steamid,tag__Atmospheric,tag__Open World,tag__Story Rich,tag__First-Person,tag__2D,tag__Great Soundtrack,tag__Funny,tag__Sandbox,tag__Shooter,tag__Exploration,tag__Third Person,tag__3D,tag__Fantasy,tag__FPS,tag__Horror,tag__Survival,tag__Sci-fi,tag__Puzzle,tag__Difficult,tag__Cute,tag__Realistic,tag__Gore,tag__Character Customization,tag__Anime,tag__Building,tag__Pixel Graphics,tag__Family Friendly,tag__Colorful,tag__Management,tag__Comedy
76561197960612825,0.0693983168346565,0.077771257192255,0.0491440328534674,0.0495832602236408,0.0,0.0493104615726655,0.0326561349272795,0.0491888509999803,0.0214527379134627,0.0864249366829314,0.0497136664501734,0.030359511631324,0.0393653296684806,0.0429685596070833,0.0417755647481705,0.0538271766052279,0.0520233167787363,0.0133485149478121,0.0184848179010372,0.013027455846476,0.0126196440399065,0.0154511796722874,0.0481777140667547,0.0,0.0388340871027809,0.0,0.0211161485699373,0.0050751893037961,0.0117258965768951,0.0071762372827805
76561197961222873,0.0759828818464603,0.0691670989363215,0.0315662404965406,0.099535270915695,0.014726612999793,0.0248541084929695,0.0,0.0489264505281677,0.065210124511315,0.0624493136508671,0.0416838757145937,0.0277713212994246,0.0111929772780615,0.0619700268771446,0.0443883560815835,0.0651861667366891,0.0440933618554515,0.0126180219179398,0.0342845075664995,0.0126180219179398,0.0370768782457714,0.0300258719271892,0.0052845101332649,0.0206494688109876,0.0373023634863923,0.0088181458549965,0.0059084671447965,0.0067095547731432,0.0,0.0
76561197961774441,0.0579839894176357,0.0871835042817438,0.0625437371572462,0.052423216982987,0.009905960660166,0.0289832886996174,0.0104785924407852,0.0395451732833725,0.0439560894473979,0.0392291546770968,0.058199677392258,0.0186388204250773,0.094078237004064,0.0240686132244172,0.0285952109991365,0.0294083928986931,0.0290949630332169,0.0,0.0555072793618624,0.0,0.0548280288522754,0.0408673222367316,0.1050405076176808,0.0,0.0095695197102266,0.0,0.0093188740411076,0.0,0.0105518461552028,0.0
76561197964052205,0.0674884164207722,0.0984178360333325,0.0218445354660351,0.1206955338256115,0.0,0.0171710882629389,0.013735860820438,0.0450401101646793,0.0884342519955626,0.0495540655874359,0.0289474651390041,0.0214915301849235,0.0056845875007921,0.0817590059578578,0.0257575314105973,0.0576284976515866,0.0211686720258001,0.0,0.0152789545293069,0.0,0.0646069592352513,0.0352660761689686,0.0424503505428307,0.0,0.0325117290939787,0.0,0.0190523116982961,0.0,0.0057755700211302,0.0202390602628689
76561197964909627,0.0304516994508039,0.0550520694470802,0.0338000925156378,0.024833984590332,0.0872987111526322,0.0421304149657761,0.014857745919425,0.0569355694288363,0.0303847989784911,0.0426773001781008,0.031593750651411,0.0325450046127708,0.0640091979718134,0.0186070675891548,0.0,0.0644852321347281,0.0373683055052878,0.0460572601233825,0.0307646251900805,0.0073689810397661,0.0,0.0132089632320579,0.0448781085724286,0.0138488315222602,0.0536644455117237,0.0277265372809601,0.042716566063155,0.0278588201437299,0.0187740364973371,0.0061018797308355
76561197970412468,0.0733562455782564,0.0888488787174505,0.0389798954304447,0.0953444437537531,0.0,0.0273440322174522,0.01186217859465,0.0495309409966471,0.0950600008935339,0.0494855212415636,0.0230800032465406,0.0122564639988387,0.0169550362462258,0.0950600008935339,0.0414450265172852,0.0590227480487198,0.0238304369595015,0.0049468373118841,0.0460858026265508,0.0,0.046508158234478,0.0217280974355832,0.0453557134301373,0.0,0.0154531379437975,0.004175411103483,0.0,0.0,0.0,0.014284988579688
76561197970935355,0.0790583134227351,0.0947034655232515,0.0381771750947259,0.0454553875032377,0.0225817089733677,0.0412689668268362,0.0207800058643003,0.0535883173833722,0.0398088541914551,0.0698686185318853,0.0579070857747764,0.0164221130532353,0.0164954585945872,0.0296422165860393,0.0226760706568695,0.0756813028940838,0.0626794305244115,0.0067385062019144,0.0485512655465258,0.0071084419474784,0.0170417119065649,0.0,0.0497102809738213,0.0,0.0380393105294298,0.0,0.0164954585945872,0.0,0.0223329544127136,0.0071875784877935
76561197975515451,0.0894940533959021,0.1036375343227925,0.0372948388014393,0.0422092072348923,0.0332835229518201,0.0375413740451587,0.0,0.0633649113580087,0.0304449201351853,0.0722821280978738,0.0485753535214129,0.0072955487148204,0.0258334294430056,0.0366131650133573,0.0124863386645556,0.0882161766390377,0.0592280793741097,0.0055457625507615,0.0315008911054212,0.0063356411725219,0.0120136834917417,0.0,0.0390236567334889,0.0125498958868545,0.0514702621200176,0.0144952409489768,0.0128413112655819,0.0055269377969936,0.020896135214267,0.0
76561197976062269,0.0924246962952697,0.0175375868343275,0.0661308682456871,0.0274193727274769,0.0664018984422851,0.0763053637437052,0.0179312749103242,0.0092904294266528,0.0372776770728602,0.0211807705302578,0.0376921037599877,0.0272589805643792,0.1485822909502899,0.0181289433008241,0.0274090711703746,0.0105078882883646,0.0187213560471497,0.0,0.0933035661955201,0.0086408454836714,0.0,0.0296137978117687,0.049253914033843,0.0095890991168777,0.0209091370192218,0.0367760588397965,0.0089542708710739,0.0116031717801443,0.0111555665378651,0.0
76561197979876290,0.096817264595453,0.0734552549378486,0.0848220937427197,0.0,0.0,0.0840381602629891,0.0299459248082814,0.0637503814127799,0.0082278955092727,0.0502775120273004,0.0348232952556344,0.0347501522777296,0.0508918583698187,0.0,0.0,0.0290284162488788,0.0149245549747668,0.016134337336369,0.0067066859848927,0.0093871064538303,0.0393330312621118,0.0082354056869693,0.0508918583698187,0.0,0.0704570673976727,0.0,0.0472394730892081,0.0185406075900026,0.0773216624056507,0.0
76561197984511411,0.0786297762657582,0.0612823272359414,0.0373926433960789,0.0935685844578006,0.0212134538232703,0.0252637855161155,0.0350969054771958,0.0466377616078745,0.0859712864188132,0.0401625362187973,0.0131957112880767,0.0071244855600834,0.0139965623218822,0.0935685844578006,0.0178658682508252,0.0537741547695584,0.0721076898393058,0.0130192646525535,0.0334617121033224,0.0,0.0266195620653337,0.0058605253092742,0.0340826002302024,0.0,0.0342125944002113,0.0212134538232703,0.0,0.0,0.0075502071653316,0.0271279633453214
76561197986853412,0.0899408945896614,0.0966587639999503,0.0758323264403705,0.0494633772234259,0.006110597565438,0.0637678172555252,0.0,0.0557738672675732,0.0362465156912958,0.0527431668029194,0.0652676889190414,0.0141607667902772,0.0476746475550812,0.0348693922369211,0.0249086447672393,0.0588537643683575,0.048330799415513,0.0,0.0139675732609264,0.0,0.0440697772171713,0.024340547023438,0.0452157694086331,0.0125189639033373,0.0252029420424098,0.0061261767345129,0.00795521952098,0.0,0.0,0.0
76561197989427343,0.0640987125138215,0.0413745255971453,0.0189365661208632,0.130160545215684,0.0,0.0347972401353869,0.0701831427477864,0.0782231482960821,0.0947325069057381,0.030860834064206,0.034886174099346,0.0104572248849674,0.0185922844323986,0.092940336150161,0.0230171853264386,0.0429367657291452,0.0162390475854757,0.0052940871029032,0.0352947029905208,0.0158590627947155,0.031240862886953,0.0052007078615177,0.0185922844323986,0.0088661841776207,0.0286912108271245,0.0,0.0,0.0114268581558929,0.0055202267355512,0.0315775722301546
76561197990751243,0.0750070182485402,0.0638571520653941,0.0833497043794545,0.0562277075941737,0.0303908477426324,0.0768345500128936,0.0343041202456459,0.0510837083400635,0.0568998147089949,0.021215583896405,0.027901113246113,0.0307978878529642,0.0874326845784044,0.0425367930407585,0.013425817555747,0.0065759643630736,0.050754526201678,0.0077173883942001,0.016401909808864,0.0071580623096072,0.0084963589227615,0.0134274572611033,0.0564537601230398,0.0158752482984157,0.0194493525238798,0.0065574889987492,0.0071580623096072,0.0,0.0117319641296797,0.0209779528471544
76561197991266305,0.0501672673325871,0.0733391642322415,0.0200364374534216,0.0693593182903802,0.0137963074727824,0.0401137574109573,0.0439040544612501,0.0327258382538586,0.0560920382463756,0.025339544619002,0.0613683001940929,0.0319725575018532,0.0406063958343173,0.0515568701206976,0.0084981121896394,0.028581936195444,0.0194986026736773,0.0,0.0432372791213438,0.0150840118392479,0.0436731871009983,0.0399133766695714,0.080658311261934,0.0569715381328648,0.0072016961837834,0.0111126699986914,0.0080249377952274,0.0,0.0165287510468886,0.01063773836687
76561197992664926,0.0570263135233298,0.0639784554571584,0.0335386361735839,0.1150191473482123,0.0119367694488247,0.0591181502822782,0.0357931349153489,0.0457684414080514,0.1316450130508253,0.0212982615706276,0.048747552371184,0.0127696938283265,0.0,0.1041957222502689,0.0,0.0234591027629607,0.0231328684087535,0.0,0.0240641230665343,0.0,0.0723678543290276,0.0482771287796432,0.01171602356946,0.0,0.0114168448392934,0.0,0.0,0.0,0.0114168448392934,0.0333139177770129
76561197994874800,0.0602885832861017,0.0552114939261058,0.0077461432346084,0.0852283518643821,0.023951495037772,0.0635926184543035,0.0517181263939449,0.0412942270829692,0.0762102743903432,0.0234711288174675,0.0421868049848486,0.0166447921467664,0.0329002732338719,0.0674524171455068,0.0328029680313152,0.0504400664608206,0.0215545169468691,0.0,0.0814438902733083,0.0084253634336806,0.0197533644125914,0.0243776045976346,0.0269281483385805,0.0165918012295955,0.0217513611756823,0.0158561095110619,0.0,0.0,0.0084122373642461,0.0237658382256207
76561197995444569,0.0622098477839546,0.0405380998754159,0.0648729506195419,0.0308427267973591,0.0532337786050193,0.1119410214578635,0.0093497727590707,0.1059115029198978,0.0084591447922735,0.0,0.0324026000826909,0.0184781628698788,0.0824469343825618,0.0084591447922735,0.0181268208201779,0.0177024549670739,0.048162721608278,0.0,0.0645874450380586,0.0093497727590707,0.0124644308527518,0.0084216810560326,0.0734545423600785,0.0,0.008135499792725,0.0174045028177674,0.0100190180776053,0.0099100898045568,0.0731153323080209,0.0
76561197995730646,0.105055889438355,0.0507931826397103,0.0896984849485714,0.0621722005735404,0.0295178696047126,0.0654709266411905,0.0123832839559652,0.0,0.0865587719194556,0.022010439980449,0.0264368623108661,0.0184298656319198,0.0063725639572203,0.0567142550406995,0.0674997015744647,0.0691616479771798,0.051965835590104,0.01443919043044,0.0502552031604801,0.0,0.0162807280289161,0.06102995373973,0.0,0.0,0.00937938644656,0.0103154983673461,0.0,0.0180582580421225,0.0,0.0
76561197996331680,0.092707103985192,0.1050490379863527,0.0577573595269959,0.0385294672626577,0.01940795383974,0.06587898570879,0.0156095842801414,0.0320065888361895,0.0506449448055968,0.0532587141031372,0.0723760110689371,0.0170436221782207,0.0516931692947188,0.0385294672626577,0.0,0.0386317405426592,0.0384533348559112,0.0,0.0685207146499381,0.0058974915601951,0.0151358443229225,0.0060661236726437,0.0659128418609141,0.0,0.0135104622795449,0.0135104622795449,0.0080017155887963,0.0,0.0064348068636931,0.009432451383908
76561198000672368,0.0676083927056198,0.1046628401697746,0.1210695041727207,0.0393584592160953,0.0,0.0596848600755968,0.0227083928593142,0.0306154601790108,0.038966027872406,0.0610196533480344,0.0758163372546441,0.0142807205631131,0.0678477880426184,0.0310078915227,0.0,0.0371903856704538,0.0452464186834731,0.008411797224742,0.0,0.0070729403330397,0.0152813019295338,0.023992474840736,0.0910437209017699,0.0217766893049877,0.0,0.0,0.008411797224742,0.0,0.0,0.0069261459048727
76561198001075422,0.0856849104515276,0.0780132907983151,0.0482373055587491,0.0692041936244456,0.0,0.0470668440653274,0.0058162354361564,0.0234437795029248,0.098464291715007,0.0439119200081832,0.0437461282767646,0.0162479313092405,0.0057053138056668,0.0692041936244456,0.0321285999602458,0.0548898477369929,0.0539354337146282,0.0052309570619397,0.0236389520368195,0.0150107619708625,0.0338762858610195,0.0292616694338379,0.0182774244246557,0.0,0.0201973975214765,0.0052621176891773,0.0171869122422964,0.0264356619214844,0.0171869122422964,0.0127347280055122
76561198001198569,0.0556309420089422,0.0813619367042294,0.0050905920046403,0.0663221457494155,0.0259091711348606,0.0066673388247674,0.0066673388247674,0.0845608173225907,0.0790912447978603,0.0289334595925459,0.0451495697614978,0.0111110954919584,0.0108222567392586,0.0634102246000927,0.0478111826615457,0.1187046152379603,0.0075905580986342,0.0,0.0447810221247061,0.0066673388247674,0.0611283315733871,0.0328149830382656,0.0344378688385096,0.0065616874291308,0.0469914513810414,0.0057143797151371,0.0116246908522955,0.0,0.0044437566671909,0.0
76561198003022602,0.0829073839781187,0.0927621226757359,0.0486861328639138,0.0382843386084841,0.0304116189051838,0.0752654321077199,0.0143038908516918,0.111252226617307,0.013785538940217,0.0536654347361594,0.0353329620903152,0.0073521036320393,0.0363551474308946,0.0155864209287201,0.0392977250351753,0.0586344199139707,0.023661355339507,0.0066327074981922,0.0340917076550193,0.0,0.0145357925751031,0.0,0.0542479332495085,0.0,0.045438014781131,0.0066243846861867,0.0,0.0,0.0465813140480127,0.0143038908516918
76561198006572540,0.0474896463617845,0.1198479031610833,0.0337150426789477,0.0506211274438847,0.0,0.0358619953537196,0.0126579580371228,0.0906500449428501,0.0165021571612033,0.0827455098500949,0.0443982501042539,0.0220773154873499,0.0471277456497092,0.0332696115084264,0.0191187584674949,0.0896373567623703,0.0389940643721191,0.0,0.0122408628823968,0.0,0.0267270248228789,0.0190530008566513,0.0318656402585063,0.0243672644254065,0.070795188862577,0.0,0.0,0.0113691851287012,0.0124648187741415,0.0064025266463246
76561198006847070,0.074587995362038,0.0819404269834234,0.0151318044960512,0.1129173399424364,0.0047080460495154,0.0198398505455666,0.0524674723767586,0.0673171893658677,0.0595121563393011,0.045749994956182,0.0548572789000128,0.0255309608726273,0.0224089252113969,0.0534448807884434,0.0049287146458128,0.0176713651701877,0.0130169720424499,0.0067106596509037,0.0302654968681225,0.0030138791219964,0.070799811971211,0.0184016797252205,0.0680430180874191,0.0,0.0144895732966369,0.0,0.0242159557119466,0.013993468704268,0.0034011859607759,0.0206338968534269
76561198007100949,0.0953957009720777,0.1312718933010508,0.0692087095997428,0.0310689103492786,0.0071401973343867,0.0495974868827383,0.0,0.0593063162945507,0.0072162488645256,0.0765016865797799,0.0852393757394006,0.0250402265080154,0.0747891680422987,0.0072162488645256,0.0,0.035492749569372,0.0140586849531989,0.0,0.0402805356308475,0.0069982823324828,0.0079365476294144,0.006746801470093,0.1094850458839551,0.0144195484667953,0.0282765007048463,0.0071401973343867,0.010172936692235,0.0,0.0,0.0
76561198008475336,0.0319115490503669,0.0457943266131215,0.0852559511343323,0.0187676389937908,0.0774657305558178,0.0258260837089447,0.0072890888028525,0.0171136378063754,0.0082776463029737,0.0322637445351813,0.0458702565649313,0.0871103847256348,0.1289159998597858,0.0082776463029737,0.0,0.0088359915034017,0.0326514077243505,0.0,0.018124885100049,0.013829282389879,0.0278504226782242,0.019977676078471,0.0473498918897246,0.0503065663094081,0.0088359915034017,0.0882120750728834,0.0112537369489835,0.0374705524415338,0.0151618354026058,0.0
76561198008608067,0.0896448767926176,0.0858177231527673,0.0323524194107882,0.0676342565726178,0.0,0.0530932669594969,0.0126189152139486,0.0740860256258206,0.0210623164683958,0.0236249983130079,0.0708693187162547,0.0337845118419503,0.0267985986385878,0.0160623331240161,0.0054919378250574,0.0403514287672431,0.0396856606657649,0.0119908449218004,0.0,0.0065493469581357,0.055313134023372,0.0105085123518157,0.0393968442517222,0.0049999833443797,0.0557672518365948,0.0,0.0449120549300609,0.011710707120469,0.0598725994230583,0.0060001327502553
76561198008886047,0.0553842494380843,0.0700487647477887,0.0168073998819567,0.0832076499027634,0.005855197976672,0.0310909015631548,0.0224172459046209,0.0813813327109551,0.0669195426959555,0.0266689974287245,0.0300589190642755,0.0061159599686046,0.026888098240472,0.0561411869268877,0.0185366889361787,0.0646783643593687,0.0370878512290965,0.0042739080186086,0.0365400312203393,0.0116850557575869,0.0617278666800261,0.0168756796516601,0.045841824165633,0.0,0.0485347118674584,0.005855197976672,0.0163012859360162,0.0150209246374492,0.0242143864962972,0.0138407766166917
76561198009000791,0.0878869581359995,0.0852172934642897,0.0105100598585855,0.0688819970777225,0.0,0.076608996345904,0.0133486608096364,0.1170331668541338,0.0295696219121016,0.0,0.0356407225132911,0.0347333975199221,0.0083978718566473,0.0234606783219347,0.0,0.020259074942627,0.0,0.0,0.0129506184633492,0.0,0.1013062549127748,0.0105100598585855,0.0257136773948114,0.0,0.0750783551524783,0.0,0.0423397972969861,0.0,0.1205527373082185,0.0
76561198010613920,0.0768016180875942,0.0368834212060497,0.0554828562149795,0.061147956121882,0.0298759695587038,0.1008107769929812,0.0124646300248285,0.0255572403409335,0.0821731693364072,0.0236224752564836,0.046177662621761,0.0230171390750269,0.0145120739944664,0.07570032833839,0.0421414118070853,0.0318284431135675,0.0679631816945708,0.0067876962486115,0.0404011847919626,0.0051327759368998,0.0,0.0281865376567196,0.044656764117529,0.0,0.0184930412990436,0.0179307319212719,0.0155598897140728,0.0,0.0115582485912769,0.0051327759368998
76561198011617878,0.0995217315645233,0.0591808249525352,0.0369398071067139,0.060040719992796,0.013985956194728,0.0439942135560237,0.036191154879822,0.0434982972953126,0.0439023009057034,0.0429270037804208,0.0440760562151758,0.0360017986060904,0.0633136889866175,0.0434726608527647,0.0380336936538733,0.0501770701418781,0.0365420679058408,0.0,0.0331826863471301,0.013985956194728,0.015812167446364,0.0221327451733977,0.0681526080675117,0.0072366726365577,0.0134784846626286,0.0,0.0071926271101509,0.0067933290845771,0.0071759781398068,0.0130576985463263
76561198014439859,0.0331556944954348,0.0234235873734673,0.0147176431441368,0.1081764653646866,0.0655013844677512,0.067722230033398,0.0238731999205374,0.0085784546324866,0.0904066624672583,0.0239547886928671,0.0077175510855463,0.0080854093520946,0.0629379538603094,0.098492071819353,0.0418600938923404,0.0148721574199451,0.0561530777665494,0.0234717392201533,0.0448911145249413,0.0,0.0080854093520946,0.0562535050009661,0.0199452820356479,0.0,0.0,0.081425157633141,0.0,0.0,0.0,0.0162993664448924
76561198014489715,0.0722891144555128,0.0761678966083199,0.0464992480906933,0.0237937246332607,0.0545731227542736,0.1218944165752753,0.0408711957516883,0.0487028683460859,0.0237937246332607,0.0351859093483311,0.022799845512194,0.014095032050453,0.0107419741468804,0.0237937246332607,0.0,0.0120578713653135,0.0120578713653135,0.0107419741468804,0.0503955503575193,0.0258344743228783,0.0120033242636913,0.0115262633850717,0.022799845512194,0.0155302525095562,0.0392382768515607,0.0280920268676835,0.0383247580545143,0.0,0.0950516583623792,0.0111440550959534
76561198014916777,0.1031487621258055,0.0446582543659655,0.1047287536312692,0.0296757597594461,0.0586100945520285,0.1000425610573969,0.02932176852285,0.0301023939638272,0.0150516104978352,0.0224373839206635,0.0151851471920099,0.0,0.0574349172903801,0.0150516104978352,0.0350573481914382,0.0455330795998107,0.0,0.0275429630090259,0.0525131079111129,0.0284107204229146,0.0236406433286051,0.0354323480991993,0.0142966768826002,0.0158445265049154,0.0149172467718172,0.022440949620664,0.0135418661522985,0.0080100584480151,0.0159944505106463,0.0213749971696226
76561198015886343,0.0785732947911907,0.0701086930935391,0.0293514856585471,0.1239151851117114,0.0165131089549556,0.0439546469795552,0.0571758595469413,0.0451912656266731,0.1136163709201647,0.0171545881339059,0.0172212655012205,0.0092402393919457,0.0225767395161251,0.0852328029314705,0.0173550546544414,0.0313602997963285,0.0386557005843667,0.0,0.0372820799840121,0.0,0.0253149763874538,0.0186880247002722,0.030642671316041,0.0117173699742458,0.0093329045246594,0.0093329045246594,0.0,0.0071802044302961,0.0,0.0333122629652767
76561198016615227,0.070876638774566,0.1153173367041912,0.0476314579668503,0.0394935537799243,0.0157561884367513,0.0403058758555482,0.0158097262199249,0.0701561627936105,0.0393676544503592,0.0471487921176652,0.0535457717097865,0.0079671333174881,0.0542583387963952,0.0482811618612208,0.031359510783691,0.0616161628334285,0.0310220697505605,0.0,0.0237867648942212,0.0,0.0077656153884077,0.0376682869020025,0.0696502152316768,0.0,0.0394974513038781,0.00776619461558,0.0157333279330681,0.0,0.0,0.0082186075792022
76561198017488621,0.0608559226521141,0.0450680876045614,0.0373726715608037,0.0522614593995295,0.0607527177617195,0.0560264830252846,0.0439614997296147,0.0382951915124969,0.0651671469394464,0.0504097709941516,0.0526311178126579,0.0057564885500546,0.0351506036681059,0.0580179479495842,0.0,0.0371485247499757,0.0556371603274256,0.0058083758443191,0.0269593091968614,0.0135562778668247,0.0272089079547056,0.0176991515008751,0.0356811192645446,0.006331284059936,0.0382951915124969,0.0363173728922306,0.0,0.010178979656101,0.0,0.0274512360135776
76561198021181507,0.068621618727625,0.0642862856733499,0.0195069732618263,0.0853345700686181,0.0128693096602255,0.0582137944635052,0.037358913300028,0.0960132432340219,0.0859843796145541,0.0388606844970433,0.0393748137529123,0.0,0.0063841956369037,0.0725928605919386,0.0134157932168059,0.0331620764948974,0.0500215096337608,0.0,0.0065239965480536,0.0,0.0574052628307812,0.0062011333819731,0.0466765342118432,0.0063575138397757,0.0358121044194353,0.0,0.0142892503826526,0.0,0.0216500715957559,0.0230831109617123
76561198021642939,0.0316661932542103,0.0803044029756415,0.0249119904059924,0.0745724288392736,0.0323024287647072,0.0086672317194323,0.0263078606023996,0.082536878454947,0.0245859781180427,0.0571364292177337,0.0170460309873051,0.056803246133468,0.0597933498919487,0.0402071782760695,0.0241591500106111,0.0894255167340833,0.04834391592842,0.0,0.0370831993923105,0.0,0.0231983393499181,0.0340643476387895,0.0445668016250624,0.0,0.0570858179369512,0.0084305838718673,0.0,0.0,0.0168006998708138,0.0
76561198022647651,0.0612922230454859,0.0479004895866133,0.0264928226499022,0.0613582534447831,0.059155730518345,0.0426683912658122,0.0414939251272957,0.067497491949209,0.0403608860799566,0.0129279089619908,0.0153721055989948,0.0183990233925082,0.0058955293333084,0.0292354836095964,0.0372342921879776,0.0585365187982388,0.0070990696511423,0.0430224151084896,0.0434060953202077,0.01917826354593,0.0785330977420176,0.0589550382704597,0.0,0.0062902605376161,0.0381190916510212,0.0123929214697802,0.0248921478408104,0.0058955293333084,0.0122686230493518,0.0241263709298454
76561198023629256,0.0503269187861351,0.0597326277121045,0.0235019983476489,0.0881701369152152,0.0211434964070737,0.0235382176373304,0.0742258876855229,0.0710564837379237,0.05079262728801,0.0261490766097902,0.0278043620272651,0.0132228304015585,0.0382284885287167,0.0423610454892519,0.0323759970348614,0.016823731381914,0.0331349884657447,0.0038814949190567,0.0112818931861313,0.0416450717857697,0.0440014353116204,0.0298991380661595,0.0329935447928452,0.0137797050170847,0.0185201562364577,0.0138152981840558,0.0295322507649505,0.0248397256044018,0.0,0.0432213716753983
76561198024043746,0.0732758747691267,0.0581188479005849,0.039626076268823,0.0685829694885465,0.0054512447902132,0.0492826533382807,0.041373159207334,0.0743451086139317,0.0696681490914842,0.0323453641201544,0.0610136657521601,0.0051111939306087,0.0,0.0653160850916591,0.0340523132744803,0.0468263368046344,0.0297207770644771,0.0,0.0083509751652066,0.0,0.0374703776849674,0.0348549528855527,0.024373257553536,0.0092807927190045,0.0408998139418752,0.0,0.0263893450736481,0.0098554715318435,0.0216059583374859,0.0328092356003799
76561198025419566,0.0639801061610293,0.0435810946246494,0.0446958241777547,0.0122882996354505,0.0924030835274421,0.038112707501767,0.0766679391258571,0.0444389542725455,0.0060199303898293,0.0395749302460947,0.0155319044157468,0.0077163791004917,0.0136238461868392,0.0031905966052612,0.0295069458100819,0.05704264444214,0.0176600001661657,0.0312008516569606,0.0359427984008691,0.0430205753545059,0.0,0.0176535659769434,0.0186754190643608,0.0072560124421754,0.0396092418346074,0.0690625643107609,0.0387439530116073,0.0449364162534896,0.0131126858427251,0.0347507294618471
76561198025420677,0.0653346624442839,0.087551106421585,0.0321758107882924,0.0937528094923302,0.0133199933994513,0.0191007171639923,0.0072907828871754,0.0598501693046397,0.0723679524147335,0.0618671735370499,0.0630171902830809,0.0628832061475094,0.0190492176503455,0.0673466389072298,0.0379640627938048,0.0267080900564606,0.0740204677039117,0.0,0.0288279072249655,0.010906011412345,0.0162763696746502,0.0036481286454705,0.0190492176503455,0.0314085332990936,0.0096516301652178,0.0069805203668165,0.0,0.0,0.0096516301652178,0.0
76561198025710872,0.0836143573939066,0.0980661501891165,0.0726233563097364,0.0448687490633503,0.0449697952836515,0.0310906967430609,0.0262539322539526,0.0696482944754138,0.0194925937472743,0.0679005990897316,0.0133509546774835,0.019415460464909,0.0320394932873214,0.0312516172511159,0.0059833953134501,0.0650251825690124,0.0509984069983147,0.0,0.019170791114219,0.005902951230874,0.0264708525910781,0.0061416390697908,0.0648955206514588,0.005902951230874,0.0443286762845364,0.0313337250512335,0.0,0.0,0.0192598576651327,0.0
76561198026512221,0.0354175754363973,0.1466620878848205,0.0109001758985684,0.0693443536103776,0.0,0.0226854433541922,0.0107456135516086,0.1107627381239958,0.035913419319236,0.0664104250456085,0.0583760816259692,0.0117646392668724,0.0498369335934239,0.0537734679064011,0.0176742856112224,0.0858280422215247,0.0334206059811412,0.0053898365637559,0.0183054180159775,0.0053239652090102,0.019069584477434,0.0070430212248416,0.048817385173435,0.0108065092356233,0.048562732247842,0.0,0.0117646392668724,0.0,0.005401020153847,0.0
76561198027570687,0.07067237209443,0.1179352033697323,0.0249546448028928,0.0651135614300831,0.0181767193907407,0.0454841435989502,0.0061511958481444,0.0800740986352388,0.0235145428293589,0.0608882427554257,0.0478471114885464,0.0177427850123342,0.0652259056216628,0.0220255896185572,0.0065019670518685,0.0508606736864781,0.0285600612852486,0.0055109035989311,0.0419290409302971,0.0107929176106416,0.0362494590407775,0.0,0.058306555684627,0.0051385629224058,0.0470181875603716,0.0181767193907407,0.0127644292395075,0.0,0.0123844055020061,0.0
76561198028531972,0.11934960138561,0.0734848903914614,0.0552145289015323,0.0474309853004519,0.0,0.1000029546907558,0.0168668483395252,0.1034340767236761,0.0136748883683013,0.0483567890818628,0.0472218768467733,0.006555866791964,0.081560287102965,0.0136748883683013,0.0069631482399172,0.0200684308354693,0.0310574466228919,0.0,0.0281369160259118,0.0,0.0252708454345063,0.0,0.0500326846389389,0.0,0.0305151215634214,0.0,0.0154272631407538,0.0079247125892775,0.0577749486157303,0.0
76561198028843852,0.088479158069266,0.1244703812878158,0.0648355573405793,0.0729006726832709,0.0,0.0654551166835573,0.0103061321619596,0.058728940648852,0.0347220655682713,0.0773470339947082,0.0614616530912538,0.0097430946791843,0.0568517323918354,0.0178833397141604,0.0063862356665401,0.0255282875199444,0.0283358299017312,0.0084502567827952,0.0097430946791843,0.0,0.0429052837651424,0.018545349379345,0.0674571353033281,0.0,0.0188282664459172,0.0,0.0181933514619796,0.0,0.0124420307793771,0.0
76561198030076768,0.0578410222324197,0.0720817539433073,0.0508474355205229,0.042183331241996,0.0535742498866855,0.0737207113967219,0.0133758087641555,0.0520832505776052,0.0493049068227316,0.0138067040756971,0.0356004996040488,0.034399405869997,0.0247899793697966,0.0353269346540928,0.0077709842219338,0.0348290967141808,0.0141521744972528,0.0,0.0703119678072285,0.0361960119818719,0.0220512811342475,0.0155369806869164,0.0371067704130109,0.0360812910535698,0.0280241515169583,0.0471046646051634,0.0,0.0220677656343738,0.0129744691856101,0.0068563965879031
76561198030700598,0.0684027630768953,0.1114421228996133,0.0181517354767603,0.0880153262615735,0.0061744199169405,0.0319822289779347,0.0291985481028256,0.0851516806834131,0.0719532805814464,0.0538875545796955,0.0389407141032101,0.0,0.0362176499535224,0.0708033956972454,0.0,0.046692385600432,0.0509088987167384,0.0,0.0233436695747148,0.0,0.0438006974678664,0.0057591698537343,0.0447523792281951,0.0,0.0355419626194367,0.0056161426650879,0.0,0.0,0.0182056878978958,0.0150575860648214
76561198033159937,0.0295992136069368,0.0785814351759374,0.0217606065734126,0.0439063740122746,0.0369014131721506,0.0179923007526774,0.0369393520310106,0.0472577722338257,0.0488307445914072,0.0400318223485209,0.0432216496575619,0.0116719475096947,0.0472198210660566,0.0349670052919388,0.0110187112874376,0.0855790857682172,0.009140850165957,0.0179154988085339,0.0437919806903006,0.0179154988085339,0.0692906574855736,0.0,0.0428342443591727,0.0347232320570589,0.0383184035134899,0.0144405032052064,0.0290348284704092,0.009140850165957,0.0200586983822111,0.0179154988085339
76561198033904301,0.0833758288231797,0.0951538702919568,0.0479797085311628,0.0588703828046343,0.0310877044620626,0.0426756973796094,0.010718262642975,0.0682569176044714,0.0186915076941433,0.0749163160806692,0.0589145343429049,0.0057447968185609,0.0505126339564723,0.0298701918383748,0.0268658158631822,0.0706952761669002,0.0359990554062763,0.0050809809539949,0.0277572098031982,0.0052847880602069,0.0050044765484918,0.0322262205310377,0.0382142311029788,0.0057062262102477,0.0400193410062536,0.0142674592432899,0.0108257777725558,0.0052847880602069,0.0,0.0
76561198035576206,0.0781137882529125,0.0788302868600871,0.0730818552155275,0.0283770935671367,0.0227234915457853,0.0502112134950919,0.019739250957385,0.0845343716958793,0.0136612374552173,0.0468731301057378,0.0223003450422067,0.005836910045603,0.0985529078194412,0.0197379859801473,0.0,0.0640471229430928,0.0500210411862243,0.0,0.0,0.0,0.0194858338019616,0.0060767485249299,0.0582979579787386,0.0062536840200913,0.0681359080747094,0.0062085066452173,0.0059331436751276,0.0076874783162625,0.0590364391216884,0.0062422676737966
76561198035678145,0.0821883849505292,0.0431825062070523,0.0791412841892956,0.1105906458871212,0.008399961046366,0.0507016891413635,0.0501089673654763,0.0324736563659228,0.0600423905539658,0.0370477375396189,0.0110375856151681,0.0052954543903479,0.0110375856151681,0.0707112806525771,0.0426090452672052,0.0230858979639988,0.0872329224220913,0.0359404106552889,0.0127891632536839,0.0047464932622064,0.008205957920243,0.0234735115262642,0.0110375856151681,0.0,0.0221845634209322,0.0047464932622064,0.0158711093879728,0.0129543220399075,0.0036709438138236,0.0394924506690336
76561198037116274,0.050612770053325,0.1201109397501842,0.030011785419858,0.083257246553275,0.0152716925790802,0.0282599620134204,0.014894057368897,0.10566434320396,0.077250787003567,0.0353156080557206,0.0352310063623577,0.0070249916173668,0.0190411454116901,0.0653810278189374,0.0067772507795283,0.0585504185498286,0.0076033014149612,0.0,0.0092217309996744,0.0,0.0922183354039654,0.0140603494182731,0.0225154522309067,0.0,0.0658875407546698,0.0,0.0069600830129108,0.0,0.0215410520187998,0.0073371222048412
76561198038492608,0.1043321057385109,0.094998952718115,0.1031183559225176,0.0188598503588717,0.0135133317461476,0.0984355691287127,0.019322330964045,0.0757372637578666,0.0094021841550449,0.024002499299342,0.069688845144773,0.0179657468303291,0.0446864812970649,0.004709766033302,0.0097935668962464,0.0258029982439252,0.0576227276717489,0.0198579590220657,0.0176955684305705,0.0,0.0119549296667382,0.0051060001099591,0.0381993712400595,0.0078708193358044,0.0348079804839688,0.0135133317461476,0.0145620844449693,0.0,0.0397951296120425,0.0046442500011101
76561198038973945,0.033568277576734,0.0844947749900077,0.0164587364711542,0.1003211604504253,0.0188882688321894,0.0027870580096319,0.0513575150257773,0.0851744327654259,0.0202547689647305,0.0264403011787086,0.0154928015890591,0.0310221122078119,0.0053525089501981,0.0472862089046246,0.0444001548411125,0.0968114841538193,0.0395468284912501,0.0148736943495134,0.0284942361014862,0.018375525085172,0.0373669998272867,0.019791588524067,0.0233499685678879,0.0,0.0562251578952012,0.0,0.0233944887047174,0.020842204326123,0.0168632590911772,0.0207654841247063
76561198040275236,0.0757449004737182,0.103586617382263,0.0861613574754523,0.0617021335348185,0.0380055367640683,0.0438331822915867,0.0209300189351016,0.0586137003699275,0.0292394439173663,0.0369238310805309,0.0382852520675595,0.0208922683006775,0.0511795257707262,0.0305027132272756,0.0075793606250949,0.0575248254225426,0.028571127834652,0.0067913266950281,0.0290372842987758,0.0139763683017951,0.0151555354581644,0.0143291509308812,0.0508428354529422,0.0,0.0293219029323448,0.0308129891583014,0.0137070209926182,0.0,0.0067497903057863,0.0
76561198042424940,0.0643946128024776,0.111845557111016,0.0503511908707933,0.0567821881484289,0.0057567466406768,0.0525710174617327,0.0300515286398318,0.0601594074328295,0.0398224081154533,0.0562306534819504,0.0606298697320403,0.0122856487817405,0.0326099898679794,0.0326875094759267,0.0068566364501742,0.0500048624803205,0.0540340764037749,0.0,0.0121048109292515,0.0057567466406768,0.0463536600320471,0.0087754637149681,0.0598242654551907,0.0069451838079825,0.0403148586406637,0.0,0.0188450036753669,0.0,0.0118998198673843,0.0121062833393202
76561198042752440,0.0571106626164972,0.0473841944610697,0.0427194294089452,0.0782241850444835,0.0388450033630019,0.0547640286862036,0.0794889906305873,0.0516658625399465,0.0747607608243896,0.0228105470360509,0.0350737864198558,0.0180826623588014,0.0,0.0635885840509817,0.0443260669107245,0.0247812310926817,0.0444356077191903,0.0059035358178175,0.0283144863483089,0.0123819758477921,0.0223289536435368,0.0276536020626958,0.0119166241931287,0.0225289466947917,0.0223289536435368,0.0,0.0217871299830134,0.0184135027594907,0.0,0.0283806858424755
76561198043309202,0.0539851514465971,0.091782345057373,0.0589147981833881,0.0302302030239984,0.0162284550656129,0.026643304803545,0.0274191678154894,0.0473806536243006,0.0045854275953991,0.0886219521664491,0.077101227620961,0.0553326424635081,0.1217920232821536,0.0144580892226067,0.0045854275953991,0.0121730428685168,0.0091086844857494,0.0162885103120535,0.0240169572335934,0.0056642026176892,0.0077386631066185,0.0047295205938097,0.0923918179199906,0.0231832449134275,0.0199117059751354,0.0061918365855048,0.0166954688035403,0.0192254807082066,0.0077386631066185,0.0158813318027633
76561198044169133,0.0563451019982433,0.07679089969622,0.0217382436561694,0.118946389447746,0.0,0.0539755764832233,0.0321135672041511,0.0702858225643794,0.0913170730915363,0.0132307248710285,0.0503128588521777,0.0,0.0,0.1047427629081815,0.0289607527983601,0.0283193918876723,0.0081382228500301,0.0,0.0200211183471508,0.0,0.1042869143518391,0.0508394712251278,0.0073864478591242,0.0,0.0125909589487108,0.0,0.0144465746960573,0.0,0.0211144233299925,0.0140967029328772
76561198044695535,0.0326535255937954,0.123043534260875,0.0218392170183773,0.0421666839472752,0.0,0.0169218449701721,0.0,0.090380224503334,0.0288497232500733,0.0677351361510159,0.0792338180009482,0.007444847406201,0.0534277206595209,0.0372043007933091,0.0067154866112452,0.0975409874363749,0.0558625313776728,0.0,0.0471592674695231,0.0,0.0150916759082242,0.0328355904022989,0.060146297375624,0.0097415039724717,0.0740060828916669,0.0,0.0,0.0,0.0,0.0
76561198046112241,0.0481029146008642,0.0841334233153986,0.0273861693837885,0.0272479070091532,0.0337553163022662,0.0278545917572715,0.0071380806069356,0.1036700909328116,0.0272302440792858,0.0634593099040101,0.0285565837610312,0.0221073401290579,0.0638344631033916,0.0272479070091532,0.0201840294953019,0.0701343695756426,0.0340642187168601,0.0,0.042912318936512,0.0,0.0157841332488346,0.0208047680297314,0.0497659310813529,0.0,0.0591157057211935,0.0214714411038826,0.0,0.0065037360653304,0.0603969255240023,0.0071380806069356
76561198046544865,0.0970398612432093,0.0807121200963048,0.0686684049961154,0.07756624049556,0.0,0.0322819164020967,0.0186752276645752,0.0236517980296947,0.0673706986082124,0.0478907385421805,0.0674392701698086,0.0365140991438081,0.0070324197162326,0.0421397977642955,0.0395420520845198,0.0354869235452339,0.0796864368108332,0.0119722407168971,0.0066882665352865,0.0055758452950985,0.053478542878074,0.0301004983690907,0.0375142103761475,0.0090130241867654,0.0,0.006405063134112,0.0,0.0117910947476034,0.0,0.0057632084482429
76561198047089807,0.0633262204754638,0.0728847285912324,0.0435568383420312,0.0800358094663138,0.0230355304093505,0.0661261391430271,0.0283278064292929,0.0177341560860733,0.0521965494536921,0.0365567426945767,0.0347893851074559,0.0335438404735693,0.0494217574645716,0.0609111901503929,0.0180464957709914,0.0180464957709914,0.0178294257983125,0.0,0.04315942963363,0.0,0.0446424073300321,0.0176522736793803,0.0350768453262202,0.0238953792201561,0.0191239562743964,0.0133403433696294,0.020109987881145,0.0,0.0666302656580703,0.0
76561198047882234,0.0745429797153557,0.0966129618372936,0.030302929345809,0.0993039664068138,0.0078723196464185,0.043977259698037,0.0093925513557502,0.0981169994083959,0.0606401411115112,0.0466580911966158,0.0465514384341506,0.0143915312343089,0.0439850314076297,0.0753408704808387,0.0,0.0297204012655365,0.043887764766226,0.0,0.0241763430011619,0.0,0.0759714130303144,0.0073308243699706,0.0228384758730715,0.0,0.0238560571932073,0.0078723196464185,0.0,0.0,0.0072647782194132,0.0093925513557502
76561198048967211,0.0600257731904584,0.0853255342117067,0.042049451955716,0.0917497847651961,0.0,0.0556184735260594,0.0,0.1096906018589228,0.0924234058807892,0.0361370553573756,0.0580994036781728,0.008136619257243,0.0156918563627066,0.0844011113414085,0.0,0.0340265367152242,0.0523483061141861,0.0,0.01775971371465,0.0,0.0498930078934033,0.0321717757297621,0.0351488891418181,0.0,0.0084880238687612,0.0,0.0,0.0,0.0308146754364392,0.0
76561198049192663,0.0161437914469533,0.0351993764427522,0.0072258012018821,0.0355457527448459,0.06621605899555,0.0407036491603024,0.0474808817951434,0.0431690296889325,0.04808007792039,0.0212477419661645,0.0344056811211538,0.0223036720901785,0.0950062141542909,0.0417876784717269,0.0201909806089859,0.0568574334079673,0.0,0.0,0.0532351219474731,0.0134860731779822,0.0092615949848767,0.0077385343248457,0.0355917244819064,0.0285468271900569,0.0634227970673169,0.0672337271037699,0.0362029999163904,0.0283448705687033,0.0062105205572592,0.0191613874621983
76561198050935092,0.0730881216813712,0.0562774962390957,0.0309607628519451,0.0711292200919351,0.0327689277080332,0.049353047513265,0.0192825481596231,0.069925186684871,0.0581885917969988,0.0538891957375514,0.0354249151563662,0.0180388112669352,0.01147234372664,0.0639983226572997,0.0226529271528928,0.0789551013416407,0.0787378138760589,0.0,0.0239808946332497,0.0,0.0,0.012121775969028,0.0236671559201574,0.0060037872233307,0.0488002430675115,0.0187234708397267,0.0,0.0,0.037206427744489,0.0053529109599828
76561198051250642,0.0506124379142401,0.0066394244562022,0.0338463322783358,0.1250505738984855,0.0173648636337126,0.0414502790564111,0.0699919941351779,0.0224214746929357,0.1239054648300056,0.0100657518045593,0.00549103589046,0.0,0.0199831580085998,0.1250505738984855,0.0273657638631558,0.044263631886877,0.0453414977887482,0.0115950925032082,0.0562154765856413,0.0107985310130011,0.0327033714785697,0.0177565841338747,0.0330918729146066,0.0,0.0167051762607615,0.0102664426668094,0.0,0.0,0.0,0.0420231944071343
76561198051389016,0.0508358422341639,0.0774472846057501,0.0481358447630249,0.0097819743128057,0.071171774533714,0.0721547598996674,0.0469252169796069,0.0346035248096059,0.0125573805893076,0.0222746327415304,0.0027754062765019,0.0800055981367904,0.029635533755409,0.0097819743128057,0.0043141021405152,0.0515812876234788,0.0308546732358339,0.0,0.0281810321845526,0.0,0.0437324090002913,0.0124284859677469,0.0140846961953269,0.0037578103306003,0.0696715177807497,0.0,0.0188833344380602,0.0242840722109463,0.1263820206106131,0.0037578103306003
76561198052549305,0.0844363061787207,0.0763335439640316,0.0265785106471841,0.0085393381758053,0.007999610165309,0.075514421664042,0.0188321062551897,0.1474504882435721,0.0,0.0587685669533917,0.0177966922549189,0.0346115893966584,0.0094024949843936,0.0,0.0,0.0385956822006817,0.0841911393908543,0.0,0.0189708542609797,0.0,0.0085393381758053,0.0083823664582582,0.0193495265157184,0.0,0.0820854501263685,0.0111412258477858,0.0,0.0,0.1519559111671947,0.0105248369731354
76561198055682730,0.1048130275620135,0.0776099849181703,0.0379741324906576,0.0557540886795743,0.0,0.057223171648742,0.0200124544479987,0.0609916413113371,0.0557356947965429,0.03761233231439,0.0371928421919342,0.0190974057959336,0.0845390357176384,0.0466971735400583,0.0097479092332792,0.0195551999926105,0.0357690629367515,0.0,0.0197156184708173,0.0,0.0642081474895072,0.0282019661058242,0.0868149489891659,0.0,0.0097365036146747,0.0,0.0102126789761947,0.0,0.0207849787761829,0.0
76561198055895597,0.0348459181292916,0.0168138199262038,0.0061946184743509,0.0521414289271427,0.0576110487481423,0.0169393221602027,0.0486388553984778,0.1198526490817216,0.0,0.0224177336597202,0.0,0.0306628825769132,0.0,0.0,0.0160916218387467,0.0105213203765589,0.0114928652274451,0.0264373895874853,0.0164600253337788,0.0458354530828423,0.0596594476540286,0.0,0.0055296554730737,0.0250663979748041,0.116745469097944,0.0416497966540297,0.0702917805385799,0.0267110386801718,0.0979934151232361,0.0233960462751069
76561198056078990,0.0748039787609689,0.0785970913911509,0.0247784819768704,0.0801196169123538,0.0,0.0696069020472669,0.0139036842413134,0.0947885985760609,0.0679101963413108,0.0229566810823064,0.039775280746306,0.0145985153568125,0.0062236443256856,0.0838459415531248,0.0125528300649543,0.0362211006798204,0.0098390999338117,0.0,0.0215870759153409,0.0,0.0764319188462948,0.0395773131464616,0.0354435689578446,0.0137013779466258,0.0277585135748499,0.0,0.0,0.0,0.0487463849770991,0.0062322026453644
76561198058903842,0.0637723632698167,0.0854147264582323,0.0533825373085747,0.063219030198819,0.0179729261851856,0.0351345477753084,0.0220672761734833,0.074496024738182,0.0443838016109253,0.0128359248462294,0.0595695489379846,0.0272036347874271,0.032159891278556,0.0436367331598806,0.0280087389637629,0.0465187975413307,0.032682002965665,0.0136062120521401,0.0313035570331344,0.0111335336447883,0.0353823419117246,0.0219508733447313,0.0470529900167467,0.0239694584910178,0.0253795812556182,0.003247566094829,0.0069074938595259,0.003247566094829,0.0254632832575737,0.0088970367439762
76561198059495299,0.0932392990923678,0.0614745780310959,0.1245461189728977,0.0262903745673304,0.0231517941875727,0.0502377345525497,0.0304263483230194,0.0168614086641243,0.0092936386026815,0.0331086630822353,0.0678900006946835,0.0436817720154211,0.0789166614331061,0.0092936386026815,0.0223327533626462,0.0147649833012033,0.0163919786998695,0.0,0.043759897161664,0.0159167783967665,0.0264107654710418,0.0461350849099678,0.05230680538216,0.033370473277894,0.0092620262747236,0.016776815738075,0.0100239682053332,0.0165406769417275,0.0,0.0075949620551594
76561198060883629,0.0670031664620544,0.0569088472197992,0.0098036965648562,0.019722266269036,0.0431973055876329,0.0581687803293077,0.0129070776810067,0.1032236380699438,0.0101369087270832,0.0228576787295156,0.0130539821646594,0.0348430985582437,0.0678389686647554,0.019722266269036,0.0,0.0713541182160717,0.0107597265722025,0.0,0.0508466551671387,0.0,0.033135911118195,0.0095853575419528,0.0236668042532092,0.0,0.1067884196687769,0.0,0.0129070776810067,0.0,0.1286611708035089,0.0129070776810067
76561198061178161,0.0597950608018176,0.0367639512667805,0.0537741794210503,0.0404806998057403,0.0482135829352955,0.0788017643678138,0.0857092965345696,0.0223512032061267,0.0484346932665729,0.0389427354051744,0.0380062349542085,0.0070167000023622,0.0402211318435662,0.0334639998033781,0.0071846683438741,0.0071846683438741,0.0221553618070689,0.021985992254336,0.0443071514265103,0.0393393741358572,0.0111489952285935,0.0071846683438741,0.0323505645252319,0.014838167070332,0.0146875388189384,0.0093067302669234,0.0301160251841373,0.0392058797773678,0.0146875388189384,0.0523414420396848
76561198062256620,0.0651967595032376,0.0755007269601786,0.0533717795341792,0.0558537987503824,0.019010791889217,0.0507054124855529,0.0333161764035162,0.0212822829394942,0.0457587899075973,0.0324032910100901,0.071412871958715,0.0529941025046411,0.0883433504112822,0.0353552978913763,0.0195565725116261,0.0098872223994432,0.0144913470176846,0.0,0.0956703742813389,0.0195306765613493,0.0208639508736916,0.0102843878888805,0.0888748373801179,0.0,0.0,0.0091131155007737,0.0112220834356331,0.0,0.0,0.0
76561198063490669,0.0733502064006775,0.123512607470317,0.0423614957846206,0.048378838778037,0.0,0.0485727736113159,0.0,0.1052482617818765,0.0354612511436364,0.0422619557664254,0.0432865826789858,0.0221233604790858,0.0238314860183372,0.012868936327117,0.0058552944564961,0.0711606757873574,0.0522271219756146,0.0,0.0,0.0,0.0401427128847338,0.0112579043969993,0.0369844817331685,0.0,0.0804508741928061,0.0,0.0176282819578341,0.0,0.0630348963745568,0.0
76561198064339088,0.0843170360876888,0.0718734277543308,0.0207456281527111,0.0543163434869949,0.0104628224946907,0.0497258530684954,0.0500384310377755,0.0746006887749787,0.0419596865343137,0.055583443660582,0.0335654757649669,0.0273174309207949,0.0060051254357128,0.0240009946925345,0.0231164064454951,0.0138380341277211,0.0713517465221589,0.0061224380500788,0.0116734085681866,0.0380406679240386,0.0376255185968264,0.0238664618734695,0.0174574031613111,0.0,0.0155390497137182,0.0,0.0625661882138855,0.030096307347332,0.0132106424529406,0.0309833391362658
76561198065931138,0.0715789249088374,0.0926461871444104,0.0149328436037846,0.1052372853656908,0.0058238724466641,0.0293460048309242,0.0247247716108691,0.0689735094361023,0.0177058561282368,0.0630674415871113,0.0572980713937376,0.0620878014425889,0.0090808756309296,0.0226028601601024,0.0163521732635293,0.030743881107923,0.0058519679728549,0.0196473937823925,0.0,0.0188225397233061,0.0940404224854577,0.0,0.0441170943840831,0.0074787780651228,0.0227382057541616,0.0,0.048771577463949,0.0058912795469727,0.0404383807602568,0.0
76561198066122279,0.0411447295226271,0.1102820779711947,0.0275849749847718,0.0824448148516517,0.0068988390659092,0.021716987606085,0.024719822839898,0.0923843900532396,0.0679606148682932,0.0430289277007944,0.0617480693685474,0.0297016262837409,0.0270957999489278,0.066610583469556,0.0165954356187861,0.0296338232956198,0.01403007250918,0.0,0.0312264636291135,0.0162142854492529,0.0812762965424244,0.0,0.0485700416555072,0.0093154463833436,0.0218569778348402,0.0068988390659092,0.0068988390659092,0.0,0.0141612204148759,0.0
76561198067067279,0.0588994702440722,0.1187578882510341,0.03680152993404,0.0359186969501984,0.0,0.0416565212743098,0.0136215994424764,0.1321398983385711,0.0226378772898579,0.052490023118174,0.0283750494207342,0.0083794947952301,0.0499566208417572,0.0168022783837961,0.008500572691171,0.0752647145289403,0.0206724678958209,0.0,0.0302982119669315,0.0,0.0303154256259035,0.0,0.0617402995364312,0.0,0.0829977214568135,0.0,0.0,0.0,0.0666654270458497,0.0071082109678859
76561198067362761,0.0796587539528931,0.1178477088975577,0.0560732649907052,0.0688495936464468,0.0049480122593261,0.0447878090663956,0.0,0.0666395494369587,0.0129149654976544,0.0698061892725381,0.0466640445806886,0.0262325201923814,0.0455546680871997,0.0207155960858962,0.0322422392110542,0.0469672573306128,0.040076329948038,0.0060900464776955,0.0439679237313101,0.0,0.0380677086733857,0.0344284758277961,0.0378439818696187,0.0,0.0290507197777154,0.0,0.0134333698768586,0.0133084980118414,0.0038307732974308,0.0
76561198069077998,0.0865196576491771,0.0941830532672425,0.0623525426991801,0.0841592925646662,0.0050096867395487,0.0357056331306418,0.0188829887998846,0.0470616346528374,0.0407557539010884,0.0472100586023412,0.061291488590776,0.0197758867370358,0.0178408575302444,0.0251690676804952,0.0605788211714651,0.0587787624285543,0.0114012310142876,0.0077608216657531,0.016498888130885,0.0188829887998846,0.0405854369213948,0.0555368563479926,0.0235144829336415,0.0114178043823559,0.0167819892145837,0.0,0.0172892595668316,0.0,0.0150550548772096,0.0
76561198070374664,0.0589857469666494,0.0566399160015993,0.0073397965297957,0.0959815902357683,0.0071250254081895,0.0417849131948173,0.0335474295189239,0.0384504123856563,0.0708267209392593,0.0077432268670638,0.0577997937807265,0.0398992858541087,0.0320024327576612,0.0604325783589764,0.0158381837257243,0.0386733866647555,0.0102447459118167,0.0,0.0518354968975659,0.0,0.0926786569457715,0.0430573503620615,0.0425978255141929,0.0,0.0077432268670638,0.0074897561947026,0.0275689090411714,0.0078561139613641,0.0187853304906985,0.0270721486239141
76561198070384606,0.0447778412091317,0.0279789777574319,0.0319802669307151,0.0484297369995671,0.0850110552455061,0.0603711684102564,0.0719126606229655,0.0524200552076501,0.0219028882052317,0.0262617694718987,0.0123436384797006,0.0478376573191547,0.0178739002491825,0.0153582518967157,0.0268292596574946,0.0467885422310608,0.0173770805402152,0.0115658775926613,0.0525075802739898,0.043369311823496,0.0224685508733758,0.012954576754535,0.0186468832258727,0.0079554923703387,0.0322290234370019,0.0322836338620232,0.0411459945472532,0.0340139307313048,0.0105252200389415,0.0248791740353264
76561198070394564,0.0714783702768493,0.1050173178650929,0.082410508754508,0.033938769522519,0.0185136097787524,0.0704102207520763,0.0054589608538721,0.1166270669925841,0.0127155247034744,0.032473943514599,0.0481193402260786,0.0270580503879937,0.0419009079778849,0.0127155247034744,0.0,0.0353268092996558,0.020659035636287,0.0,0.0250859033424937,0.0,0.0276580893206511,0.0052692505676165,0.0854262951965652,0.0,0.0422310181536928,0.0054589608538721,0.0078965541481756,0.0,0.0606910063173579,0.0054589608538721
76561198070426327,0.0327572314813331,0.0644704565793509,0.0134482433951991,0.1142627005998754,0.0054265766231409,0.0215916557175991,0.0645164663600545,0.0532665930994673,0.1142809724338088,0.0200507174373981,0.0305380432648691,0.0290141403388496,0.0179625947876514,0.1018718637717219,0.0131132727744735,0.0562004326985019,0.0461105006528391,0.0061937538494545,0.0210723999195787,0.0054265766231409,0.0345158953070696,0.0052573362950257,0.0318701865551957,0.0,0.0472594114637298,0.0,0.0067886417519463,0.0049271618669539,0.0051060585937723,0.0327001157579973
76561198070463763,0.0516971486021174,0.082465232795835,0.0311830352004921,0.0532159858844713,0.0131525732564883,0.0500461289506656,0.0378976874696894,0.0459522006908257,0.0621704318524283,0.0001368253200946,0.0634716038590731,0.0,0.0699954428921389,0.0532159858844713,0.0090600636232269,0.0243884512034961,0.0148183728848951,0.0,0.0736541893559579,0.0090600636232269,0.0407401286981205,0.0219868354177345,0.0834920762825418,0.0196425077786671,0.0410728285936215,0.0,0.0189159893038103,0.0,0.0252004465419784,0.0033677640339308
76561198071154203,0.0447778620880028,0.0413552720090063,0.0320063179994607,0.0373110928228827,0.0784201357180777,0.0317895963250862,0.0427281537845414,0.0477081096164447,0.0122903384215903,0.0283558354343495,0.0229153883990216,0.0504151891500442,0.0490357138708664,0.005732110002696,0.0162896202524273,0.0374900759227741,0.0267178752779354,0.0155498583761631,0.023900249964181,0.0364607589455596,0.0288174380363511,0.0056085495342732,0.0347038656664111,0.0265208631193815,0.0614779495466687,0.0515729716088144,0.0130184002594992,0.0468408165816253,0.039508520547709,0.010681070718154
76561198071193898,0.0854976054669877,0.0931667226518036,0.0363313598662459,0.0163359176311116,0.0398036030205606,0.0429284336113683,0.0291238453921104,0.0584154424466568,0.0,0.074566201234319,0.031632461625648,0.0124173917581597,0.0971246023275034,0.0062499634429845,0.0120727563849537,0.0517452467908705,0.0108617034909129,0.0,0.057504278350635,0.020167040676039,0.0271467072405851,0.014320731668243,0.0706068575989084,0.0076335273748301,0.0338386707789434,0.0174155078164328,0.010380379706788,0.0138127206982876,0.018666841556562,0.0102334793915475
76561198072888615,0.0437360738265349,0.0588207689174722,0.0223807954867266,0.0214356409678509,0.1151988067881927,0.0263279541025012,0.030033840998691,0.0540343401224978,0.0152484063957004,0.042977213666147,0.0124565963785283,0.015588607072181,0.0768757807979113,0.0152484063957004,0.0136352103613841,0.0295885096167535,0.0,0.0232506602262296,0.0549800992894943,0.0730597236710883,0.0163046261452349,0.0,0.0505816886823743,0.0081239668383586,0.0448555860807114,0.0633212401489949,0.0136319268323006,0.0405761492417677,0.0177273809486708,0.0
76561198073067799,0.0456930844449515,0.0723627053284756,0.0425872970580846,0.068159170516089,0.0066245951732073,0.0318437268017663,0.0176371182349868,0.0265094473567037,0.0444132756930781,0.0348723734461849,0.0574270296263596,0.0604840133773615,0.0563985743477159,0.0512404604029919,0.0,0.0606813711769021,0.0178397077716933,0.0,0.0552091532468421,0.0,0.067464217233168,0.0158951852374611,0.0757048896662786,0.0103562076983722,0.0135236133553571,0.0165115582442073,0.0372585199681847,0.0,0.0066781094203685,0.0066245951732073
76561198073458595,0.0489803733998314,0.0863139593307491,0.0319494777505719,0.0448499515784522,0.0457924229794851,0.0482942623890951,0.0556698654185685,0.0891758129306985,0.0409483523959432,0.0396711420425889,0.0443912182457983,0.0047913828107575,0.0105481584976243,0.0345580872374052,0.0112895465481482,0.0481403356497736,0.027452794589636,0.0098436380729797,0.0112895465481482,0.0185092246444507,0.0134063367204143,0.0053626323284293,0.0542222226387235,0.0,0.0503305902797328,0.0185092246444507,0.0141516319293987,0.0143075719701213,0.0384518774099207,0.0387983590181017
76561198074367777,0.0894124418414085,0.0694253883785522,0.0298128203267524,0.1049117192633786,0.0061538134439041,0.057252943213601,0.0331274583367657,0.0451783264847487,0.0818310281963048,0.0155099099894139,0.0324860155687572,0.0189434528345422,0.0487699853924882,0.082878917902996,0.0186690009598332,0.0199270231961158,0.0,0.0,0.0537935203407822,0.0,0.055077745374549,0.0355049949021174,0.0407095694834552,0.0,0.0201119622572977,0.0,0.0061056788803027,0.0,0.0061056788803027,0.0283006045516292
76561198075247829,0.0724432534322102,0.0892068869679558,0.0160195824403373,0.0697316346435353,0.0167972432121208,0.041869692318529,0.0,0.0351306687468146,0.0513245808911956,0.0501845700709052,0.0362445625857955,0.0324991405809893,0.0544828503862691,0.0516466145915846,0.0066211844997624,0.057843810701428,0.0552605234159845,0.0,0.0806067917631548,0.0279631457002713,0.0293690283627746,0.0,0.0439846959503274,0.0197498806951405,0.0347516024074755,0.0,0.0096014732799129,0.0,0.0166665823555247,0.0
76561198075601306,0.0505870840629072,0.074150863821346,0.0442447931843436,0.0519585575968825,0.0334381642299355,0.0354103437742525,0.0269592117324047,0.0575809591468085,0.0464762671402834,0.044053224823783,0.0554510254261087,0.0088996728025953,0.0706212449399332,0.0605226413988122,0.0141998996809397,0.0499378136877234,0.0191160075538421,0.0068421786632354,0.0711579027874538,0.0126370823152887,0.0129952910106847,0.0120832312456466,0.0514603987972034,0.0,0.0504784244864791,0.0183545410516702,0.0,0.0,0.0,0.020383174639435
76561198076111958,0.0933932582961717,0.0951889377977096,0.0336572154600202,0.0816256253042878,0.0,0.0496582659384106,0.0138093449563774,0.0156667808639553,0.0465885000652206,0.0581032842171216,0.0714528555273396,0.0269653561623393,0.0637562200787673,0.0617807671767908,0.0064187113117474,0.0240439244988026,0.0383012021363691,0.0,0.0810360186469629,0.0,0.0235440522508176,0.0128289039544717,0.0799784209950486,0.0067334173602568,0.0,0.0,0.0090502256892628,0.0,0.0,0.0064187113117474
76561198076319546,0.0627765843823681,0.0662162994466103,0.0061012811342114,0.1024629812210346,0.0127612349010526,0.0210067920417879,0.0309976225093746,0.0700263539235696,0.0981008467719972,0.0282440083306634,0.0374912423923758,0.0117178960331258,0.0057719509977711,0.0918508073359012,0.041313745698904,0.0611553955638611,0.012203174742414,0.0,0.0138985107699919,0.0062846602239639,0.0509826861467138,0.0472936863790333,0.0435932250167677,0.0073715447896206,0.0328711000612479,0.0072425043507919,0.0,0.0062846602239639,0.0,0.0239792046108813
76561198078014024,0.0390754656225848,0.0087601002866993,0.0345476100229819,0.0471758269500732,0.0628807593484045,0.0406832760328312,0.0348203517999179,0.0259382967189138,0.0557448052346331,0.0262116852962761,0.0,0.0281520166618718,0.0829739750801297,0.0471758269500732,0.0,0.0425404315378373,0.069197056686257,0.0,0.0927614248377405,0.0164583650581868,0.0560609940426313,0.0121280509345917,0.0461398097168912,0.0083538973531285,0.0304697837003776,0.0082461285660271,0.0227255962038881,0.0227255962038881,0.0301634823795366,0.0078893867736268
76561198078169237,0.0533873871660601,0.0378208694425837,0.0314501325624342,0.094861588786324,0.0525742376625577,0.0810451552522641,0.0505475472516316,0.0112079366055533,0.0886327303179659,0.0440604367531654,0.0086155076739104,0.0,0.0,0.0876698106557931,0.044434208757632,0.0494395885260914,0.009831776149978,0.0,0.080828865289078,0.0158289458671031,0.023254330675513,0.0566818162575779,0.0,0.0,0.0112079366055533,0.028334328522743,0.0,0.0,0.0,0.0382848632184858
76561198078272251,0.1043278823356748,0.0789573770591502,0.091921064957876,0.0362199459447661,0.0130000003278104,0.0584025343383382,0.0135969336638711,0.0288368675876661,0.0220072856447186,0.0420319814276433,0.0363177196414342,0.0215724064895173,0.1163827256321447,0.0220072856447186,0.013864010989996,0.0351880959342421,0.0286934805852692,0.0,0.0352618190172355,0.0,0.0344562903544652,0.0138303257492586,0.0897025293589632,0.0,0.0220657888496185,0.0,0.0077563351416326,0.01153352447437,0.0220657888496185,0.0
76561198078817922,0.032698148641481,0.1033966589585411,0.0087601549150971,0.0825156473214237,0.0087601549150971,0.0179745649724452,0.0243069679837846,0.0589809979062549,0.0430805032086657,0.0268957333647857,0.0441810084975842,0.0395741118346152,0.0311126520509948,0.042411938464933,0.01320863253246,0.0845126513164907,0.011252109789492,0.0,0.0495338991527055,0.0,0.0510490788201519,0.0355321670008114,0.0407685404776223,0.0071938611141399,0.0598670381187757,0.0061263173951193,0.0423867905394985,0.0055435027361478,0.0101926564669604,0.0181835115039198
76561198078883021,0.0759771939393223,0.1024547140790434,0.0326548198613567,0.0329740821967137,0.0193552950309582,0.0447028886091411,0.0134176945473981,0.0820872449946357,0.0137646348480353,0.0759303208259093,0.0406002623979963,0.0414424630659677,0.0402846673555929,0.0072803338799892,0.0329740821967137,0.0631188230460264,0.0522846814697944,0.0,0.0267468400336003,0.0191465562539233,0.0123685844720506,0.0058842835040044,0.0334168438481651,0.0247847964217359,0.0489322076416258,0.0314264011215309,0.0069067151130983,0.0130076535339093,0.0060749157117603,0.0
76561198078942414,0.0510709443449231,0.0179973322413006,0.0481500477886993,0.0575206993364003,0.0623725964439658,0.0322493103763325,0.0652433427307732,0.0364886123798319,0.0311165759157783,0.0333303427611473,0.0070270167907775,0.0071487716233595,0.0155033905482606,0.0311165759157783,0.0676151149268628,0.0561000555610972,0.0126413158223872,0.013049669126157,0.0339463624503713,0.0179482147474185,0.0346491005885414,0.0417312599908119,0.0144942197376787,0.0505020196325308,0.0200098281684342,0.0366624477370021,0.0128686513642933,0.0303394787833221,0.0057136054438632,0.0553930967218988
76561198079488752,0.0492943195140362,0.0627708091201611,0.0399893343078837,0.0935582875925314,0.0,0.0323699979681139,0.029201327671399,0.0408037459793353,0.0604957504804354,0.0474151126827617,0.0519313873110066,0.0220008013311063,0.0472496354115404,0.0859190313018263,0.0371579604315894,0.0317206678984402,0.0178247130238533,0.0,0.0476491396461992,0.0073110374012881,0.0523440811426249,0.0389683825551164,0.0603744579989927,0.0073110374012881,0.0150340157719693,0.0,0.006838785177455,0.0,0.0,0.0144661808790447
76561198079917174,0.0413593535981942,0.0531471119833502,0.050276370351763,0.0496092694043582,0.0463776251236245,0.0386958549170732,0.0440881081651242,0.0308960145339599,0.0451228934530886,0.0275992739384399,0.0526524983842742,0.0398662467995318,0.0668277484372982,0.031519452879777,0.0145421241594049,0.012938152866093,0.0209100153020615,0.0263796482412701,0.0728374430089935,0.038793040383142,0.0364346073500637,0.0131812644055431,0.0227587632926644,0.0412322972777636,0.0221403911861664,0.0299202966053378,0.0074485366473567,0.0074485366473567,0.0149970606569238,0.0
76561198080978566,0.082670346673451,0.0633286589412499,0.0480678777497153,0.0469855789275275,0.0515830112489768,0.0810984088146254,0.0348161275602096,0.0580931751423438,0.0392347098385381,0.0538218940034969,0.0287557395002582,0.0077508690889893,0.0516924280494921,0.0392347098385381,0.0122321045573381,0.0371831508658358,0.0321720488463093,0.030748171761108,0.0291245618864965,0.0059156093766408,0.0403015145157427,0.0092810102647187,0.0113690982552186,0.0,0.0158062396383466,0.0262460328092279,0.0174451357604291,0.0178191868736002,0.0205385347997894,0.0066840644117847
76561198082199261,0.0881878262117772,0.0677317694483478,0.0526751919543452,0.0729163486625991,0.0201163660143586,0.0510430475757283,0.0131043211643837,0.07170562262991,0.0376146953925766,0.0428534258585765,0.0549478702302702,0.0044912357912975,0.0226964912901998,0.0332661461017565,0.0431913274376128,0.06171893773446,0.0275939135362007,0.0040951392495476,0.0502599023129724,0.0,0.0342979203428801,0.0294494848903497,0.0589363367096766,0.0,0.0265568490519961,0.0,0.0,0.0,0.0179647050512887,0.0125851253568869
76561198083275991,0.0578724043324277,0.0355533232617573,0.0330037845538124,0.0662607872407379,0.0359615328710779,0.0499156367579842,0.0695464526870222,0.0357901730009103,0.0379021369766735,0.0412426866704585,0.0411467542181692,0.034834548609257,0.0219040955710977,0.0396354128406123,0.0474970240264474,0.0356272008755466,0.0394005988116042,0.0052552954266454,0.0301586550642698,0.0398986646179577,0.0053503610523401,0.0263467048587507,0.03847241304547,0.0218102543552255,0.0197208806804185,0.0083838453952739,0.0197073531536394,0.0312619558052422,0.0056855596478975,0.0248535035912715
76561198086810047,0.0671608353940304,0.1022667473733847,0.0285691506392588,0.047980787759791,0.0490233743114269,0.0168066726546977,0.0177952115797942,0.0695071685847553,0.0174162285014304,0.0392538088085505,0.0355640475785869,0.0251133660453473,0.0192198709468883,0.0132019658714273,0.0264976125337363,0.0466013739541213,0.0062603516028441,0.0,0.0137925257096752,0.0312926475329406,0.0508147888937466,0.0117502773641327,0.0305523871589586,0.0143838696998848,0.0515450104462539,0.0415356458707166,0.0332997125391224,0.0277118083272619,0.0544237544660138,0.0106589978512201
76561198087883574,0.0543382005971339,0.0958822975447622,0.008515383037878,0.0207570631563966,0.0393244256020748,0.0599184611264441,0.0379141424298385,0.1203596330013351,0.0158848060498657,0.039155268998733,0.0216308215447267,0.0136815810673405,0.0,0.0146449094768881,0.0046709357197139,0.0380847394537894,0.0216482151265088,0.0105900749878014,0.0316828614309581,0.0,0.0651377924046775,0.0,0.0131573639312492,0.0,0.1014795582306793,0.0053747930861415,0.0314433706611299,0.0073323793940532,0.1157456353968876,0.0116452865429918
76561198087896550,0.0648009802994717,0.047966234750781,0.0370098227394942,0.0727361242389299,0.0575785647148416,0.0729078615742553,0.0441507686907983,0.0455519053303237,0.0477138313876888,0.0455666338284099,0.0254187097979578,0.0,0.0120467655240106,0.0541613715868002,0.0490805700805652,0.0434309921101392,0.0177355959482851,0.0,0.0471620746897403,0.0116848710058445,0.0329056154454545,0.0341965169012644,0.0154846329475924,0.0055490905442454,0.0320154867698538,0.0353451244974681,0.0089869579678272,0.0145360485120727,0.0,0.0242768481158825
76561198088724831,0.1009813545325784,0.0888834308342888,0.0591356392249113,0.0306815886954424,0.062131684429554,0.0677809343386971,0.0214802836558016,0.0355931835696688,0.005762649142564,0.0463001047338103,0.0180844009152133,0.0630267112310728,0.0340232298728415,0.0,0.0327850760011896,0.0254136422368719,0.0211767668579473,0.0267695945847648,0.0301339036625794,0.0105674785661339,0.0258767592718726,0.0199143417546964,0.0330571178168285,0.0415263097226092,0.0148664321680645,0.0,0.0255392015532704,0.0244808694332863,0.024780988076472,0.0092463231169675
76561198089859684,0.0504287311895659,0.0577563545713228,0.0514773065486713,0.0651787087243406,0.0,0.0520064982102231,0.0312401543860421,0.0920939665723312,0.0277486201347622,0.0521048954857909,0.04067409995309,0.0409653540982237,0.0404164147686435,0.0277486201347622,0.0051800440571273,0.0177365681851459,0.0167274710947919,0.0111004412067959,0.0,0.0159672714330114,0.0502758356236591,0.0049612690176433,0.0774673890380399,0.006385217401473,0.0468948976920964,0.0,0.0576729786237763,0.0273742776066192,0.0161872244726785,0.0162293897693714
76561198091122227,0.0794015647888475,0.0878067251718909,0.0580049144434151,0.0337958024372785,0.0415463749640498,0.074494857739265,0.0287763797879832,0.0403984068255052,0.0297837227494239,0.0432209917435135,0.0595737853509393,0.012130195090011,0.0475825724850817,0.0230564377751404,0.0237505077454017,0.0183828061419289,0.01574047512269,0.0308525981100967,0.048009144042381,0.0378302624730391,0.0191618029353684,0.0254713264846022,0.033430234760046,0.0060750573237852,0.0137650195053714,0.0212507986785706,0.0323872667547601,0.0045558666818922,0.0045558666818922,0.0052082352058274
76561198091140590,0.0663862654413586,0.0662639368656562,0.0768465467386212,0.0252011984831825,0.0761379461226479,0.0633724035870554,0.0584701307370833,0.0474894641456228,0.0046520368135498,0.0487378365937848,0.0224181740573287,0.0076013946311325,0.0459454909243154,0.0,0.0112713664621426,0.0234141843293049,0.0444886430308887,0.0057256937668868,0.0428408854776465,0.0448363343851001,0.0133650063977026,0.0097591815837535,0.0521812228290027,0.0060198899057878,0.0439486759105109,0.0379368155300318,0.0057636117665701,0.007907253474883,0.0355903736469653,0.0054280363614823
76561198091232355,0.0523847565182103,0.0781074954330086,0.038630203491753,0.0108750650335127,0.0326604918612261,0.0683074426951922,0.0165063159283805,0.043474163169596,0.0066306169344354,0.0419240108603299,0.0513478702671913,0.0506680694718774,0.0887128413031929,0.0,0.0,0.0417271759478033,0.0452803496303081,0.0137695543498367,0.065454773943968,0.0245534109317374,0.0135088490872957,0.0,0.061775346660314,0.0327291335904877,0.042507145050524,0.0252997497995911,0.0217624400365714,0.0096280837755202,0.021774644228135,0.0
76561198092225547,0.1119049256836145,0.0513566091091971,0.0715293068846432,0.0305123268083053,0.0322097277144482,0.0562563988392103,0.0204360097660622,0.0326088701888222,0.0336763394935502,0.0717493643147708,0.0349274260107237,0.0453699574971288,0.0375934938843835,0.0239723987104803,0.0298667970229287,0.0190874357733831,0.0375589298134517,0.0074886418964785,0.05407017354963,0.0316156597598572,0.0303277556343483,0.0136229281420339,0.0406318641043829,0.0138151275315137,0.0157194715225508,0.0068403029363413,0.0225507795675932,0.0,0.0157194715225508,0.0069815063176141
76561198092251510,0.0758611518094377,0.0990858360379961,0.0132684619421856,0.0338904283463771,0.0260773295117401,0.0266289359049121,0.029673791358633,0.0639729350810089,0.0533078602968792,0.0525549432819707,0.0589712429953068,0.0,0.0428619523258621,0.0418533466512356,0.0146714154344974,0.0576052747629811,0.0180646651764335,0.0,0.0474365351117391,0.0272451949583002,0.0297946710946731,0.0148163867819654,0.0567428333530433,0.014738056890956,0.0358923424597227,0.0195956542870344,0.0061126433454234,0.0,0.0061126433454234,0.0331634674542604
76561198092612698,0.0535756128583061,0.0730508817246685,0.0567052776536229,0.0306450372340527,0.0578532478773298,0.0582269357372237,0.0094522724404232,0.0469907707827329,0.0233992204029654,0.0256955980876075,0.0347052513830279,0.0314431648806663,0.1255681449020756,0.0233992204029654,0.0,0.0367635096417361,0.0486005515792594,0.0,0.0326440017343084,0.0,0.0144225534928088,0.0157646956181187,0.0498730491035499,0.0235176872498408,0.0308102494236055,0.0183725295078331,0.0094522724404232,0.0182162302762963,0.0508520335645506,0.0
76561198092647624,0.0480920514597623,0.0574135562396992,0.0234816101804599,0.0604269949280519,0.0387895088392852,0.0554326038172837,0.0642447510144615,0.0833438161799779,0.0322047501982888,0.026590470994785,0.0408243727952325,0.0265280010613508,0.0195002330920515,0.0272394841291707,0.0145389606312577,0.0220978992898884,0.0117002254751769,0.0104114828092605,0.0148844024492405,0.0507891417450502,0.0290956452878696,0.013548873199794,0.0309789766695359,0.0257984933030722,0.0425989846603771,0.0332448815734846,0.0341628694993891,0.0068202527993927,0.0263598048219479,0.0288569008554002
76561198093260511,0.0552973263919074,0.109590364433396,0.0411947223159622,0.0302303984928155,0.0442012032286845,0.0189521227431698,0.011140219607939,0.1045185832222564,0.0095694239546194,0.0811374850653776,0.0146910041532249,0.0053799635269483,0.0244682965170114,0.0146884928162164,0.0045742880406254,0.0838116462642881,0.0729606802359617,0.0044018782214983,0.0265009499425029,0.0096174614222735,0.0095401853650946,0.0,0.0290876717830592,0.0,0.0994315931294213,0.0360555191460126,0.0,0.0136989305709353,0.0385490979902387,0.0067104914185583
76561198093336856,0.0566983278344482,0.0641827390369071,0.0257712685198834,0.0893578706012742,0.0193421776243556,0.0259276484127899,0.0382154358718036,0.0355929932889107,0.0913973920587293,0.0177796132162783,0.0434144486848174,0.0069104800270221,0.0449884748537238,0.0738386850611848,0.0280587780216395,0.0509860578089146,0.025706938158289,0.0,0.0390828074191531,0.0211248480640411,0.0432873192200962,0.0249656547385159,0.0424332542479612,0.0147995616942257,0.019285338465378,0.0135028604589914,0.0127571214039277,0.0076620002336101,0.0,0.0229299049731266
76561198095755900,0.0760608184065675,0.0781852768443348,0.0482806583290536,0.0446155286819893,0.048936544975029,0.0626363993004382,0.0193590919667662,0.0584060669231604,0.0369037807259046,0.041904605480818,0.038373244756065,0.0123780825660919,0.0504273403842097,0.0311058630715928,0.0364165682798338,0.0589362068763593,0.0118938894974852,0.0051979184310252,0.0674931194040681,0.0242614683027216,0.0250558575716435,0.0161297466616355,0.0278135506954731,0.0122880559032191,0.0274539793952408,0.0129948271740104,0.0068111132884198,0.0128692828184228,0.0068111132884198,0.0
76561198099004296,0.0288831536970764,0.0597811092542644,0.0240956516134392,0.0891130033943076,0.0053700964159946,0.057611166630498,0.0613327386962573,0.0761059291924612,0.0607205983858841,0.0361199104657529,0.0559322077907691,0.0261402632577447,0.0259688984952023,0.0557371173459097,0.0,0.0228311996532622,0.0118085798357574,0.0,0.0222289126750909,0.0049311223918625,0.0621002987536883,0.0,0.0581319125347344,0.0084099338049664,0.0428519628544341,0.0,0.026107116969859,0.015284831563314,0.0322899685509323,0.0301123157765357
76561198099250072,0.0615622879790197,0.1238293065390488,0.013410069192186,0.1396838726304486,0.0,0.0269053143582797,0.0219441835807081,0.0816428785763147,0.0445919171968489,0.0437847483385012,0.0506497012755858,0.0220126958158891,0.0062415400647498,0.0521333210188744,0.0108614167208482,0.0370841405716031,0.0,0.0,0.0368478548575187,0.0,0.1193587149749568,0.0270666956621305,0.0137829438867753,0.0,0.0362115550936334,0.0,0.0064445056681838,0.0,0.0158325210176061,0.0081178149802886
76561198099562777,0.0680149076569536,0.0893884242047701,0.0635088589686134,0.064416596949641,0.0514720199250058,0.031530381166547,0.0069133180241282,0.0772166143064373,0.0583182223763434,0.0497099550624088,0.0086838483362445,0.0072182179299914,0.0511929156413481,0.0581957596734825,0.0200917661244329,0.042734866455242,0.0162489861977769,0.0,0.0332558930146559,0.0,0.0475296468084208,0.0324692072596976,0.0465699085496775,0.0066060959973512,0.0241847122954259,0.0,0.0,0.012887264964617,0.0316416121107863,0.0
76561198099985988,0.0536842165386129,0.1096693040602254,0.0051658397259231,0.0773502220423689,0.0133717180687825,0.0102918090497978,0.0214289073988201,0.1157930569785865,0.0562950427208611,0.0330510514815453,0.0378959547877321,0.0118769073360528,0.0,0.05762446080731,0.0,0.0428921411736194,0.0233821114965291,0.0,0.0349227035231362,0.0,0.1132627989132102,0.0098028458929148,0.0204361115544758,0.0,0.0558174996661697,0.0,0.0276551997448235,0.0201010674268195,0.0433561680723108,0.0048728615393714
76561198100098775,0.0718697388344837,0.0670316371639694,0.1066107940377294,0.0150421515868436,0.0155922429338829,0.0726626231986331,0.0074691726273147,0.0348295726325527,0.0150421515868436,0.0370976870088192,0.067858595107989,0.0367556009128908,0.1223199782843739,0.0150421515868436,0.0,0.0091273518525029,0.0,0.0,0.0592491185798133,0.0225316561559474,0.0150421515868436,0.0230907740084037,0.0679433980284412,0.0547030781449122,0.0091273518525029,0.0,0.0117591395295246,0.0333943710347036,0.0088075117232338,0.0
76561198103186740,0.060712954812749,0.1175314646132944,0.049866659204466,0.0415315690585692,0.0054966139253946,0.0332167192982714,0.0114907104780311,0.1227430111099861,0.0171390973205493,0.0779230482855447,0.0493269965982952,0.0050383522305353,0.0501468408658286,0.0245945025965521,0.0065172816903973,0.0848431435462367,0.0306272948919742,0.0,0.0158092969368134,0.0062980051289487,0.0162740809989884,0.011814348377809,0.0567933059316283,0.0,0.0621040316602388,0.0054966139253946,0.0113363573594841,0.0049415047007219,0.0151934891042141,0.0051927053490824
76561198103234257,0.0811448080196625,0.0426005003745781,0.0389129050093227,0.052046364721932,0.0663711396299913,0.0513637736091749,0.0298776869462739,0.0246820162887503,0.0353379579792849,0.0201242136696432,0.0099200583013283,0.0212935260849225,0.0139059373247031,0.0311610205973162,0.0280544784178523,0.0843960207143129,0.048513082900405,0.0147102240793838,0.0653521944572299,0.0059121036652721,0.0440638957953953,0.0066309190685585,0.0214762359347726,0.0,0.0398328625813631,0.0462638577053581,0.0120871177412983,0.0061750140760261,0.0342556084051792,0.0235344759007076
76561198103942045,0.0982011363348246,0.0804693800897558,0.0321904328118395,0.0617791091949272,0.0167582346180151,0.0361462487937388,0.0391286874022415,0.0750330299033573,0.042705898902883,0.0371720891184494,0.055286029570288,0.0324451224859632,0.0167510842192211,0.0306258967005499,0.0190926930052889,0.020731709173248,0.0296349055086514,0.016333484344569,0.0382013926795411,0.0051700501942426,0.0886725183016274,0.0058700982911941,0.0051700501942426,0.0,0.0373602065615714,0.0,0.0321795478028496,0.0125411434221214,0.0215423794057687,0.0128074409690279
76561198104612711,0.0605021581750283,0.094390804943839,0.0210938282982072,0.0776808313861463,0.0106304357075048,0.0351905774358718,0.0053208649737285,0.0776208433883627,0.0686430850105302,0.0495902295667038,0.0338738468655554,0.0105370894394068,0.0123408103941058,0.0728092036722424,0.04298641093579,0.0687874058457531,0.0673596674129776,0.0,0.0252097190542273,0.0056274623378289,0.0405695972016794,0.021084424453018,0.0392275090727813,0.0,0.0362917571212435,0.0106304357075048,0.0,0.0,0.0068481181075246,0.0051528834924373
76561198105432969,0.0810464086332225,0.0747312493077209,0.0298712065396268,0.0986185737135628,0.0236464020631263,0.0396999056291031,0.0411906654435744,0.0418042220264198,0.0472732264791053,0.0220048282063631,0.0311979488840562,0.0101160158174879,0.0404889413824581,0.0472732264791053,0.0385077015083733,0.0604938092496247,0.0251323906528549,0.0,0.0584700423216787,0.0044896802194296,0.0315088276152801,0.0249867565709047,0.045474088778065,0.0,0.0243124023071757,0.0,0.0251800401099566,0.0100233896503762,0.008061116332285,0.0143969340790616
76561198107189063,0.0546776421506037,0.0726104858353026,0.0541097813283541,0.0450589321229234,0.0116135672571051,0.0589966489349083,0.005657476535921,0.0345567605316029,0.0386914529098346,0.0365507620693425,0.0933581035781536,0.0385915884999634,0.0641654097148239,0.0331063504574027,0.0068803530302833,0.0433128238534577,0.034960368621066,0.0053309638418613,0.0565572297478273,0.005804874871422,0.0272153219050691,0.0068803530302833,0.0876597427428494,0.0285422499148333,0.0233913167391239,0.005804874871422,0.0080308491571024,0.0053458861809516,0.0,0.0125378295662043
76561198107786111,0.0679703104554705,0.0716715416636131,0.0510156161366115,0.0706290261818449,0.0319908441315315,0.0441624600396431,0.0340567991403743,0.0782452569246211,0.0542093607184166,0.0477831413005853,0.0545637236061187,0.0188192419412392,0.0262706486841872,0.0467908832230754,0.0187869414291386,0.0538153039117251,0.022677016835836,0.0035437162002626,0.0275947743184755,0.0074828517157699,0.0254416544364779,0.0188673007715032,0.0466936538872164,0.0040806095303691,0.0217523843319337,0.0109943547740125,0.0074828517157699,0.0038747612950785,0.0044965399960216,0.0242364307030753
76561198112849349,0.0616252036589967,0.0641361749212978,0.0505715544844946,0.0247897202598925,0.0503885801495602,0.0452840354055511,0.0541810846235354,0.0775277144513277,0.0129639222361705,0.0235608530242248,0.0313843749255795,0.0061897279007928,0.0300589719148133,0.0129639222361705,0.0226081803511703,0.037124343409875,0.0065893580162311,0.0,0.0300190482861347,0.0258066648120925,0.060845089100749,0.0242369700366472,0.0495561856999972,0.0200894849738014,0.0635861377622669,0.0249446050800604,0.0275106892529358,0.0057297935250276,0.0438783456946153,0.0118492638059866
76561198114540370,0.1258540304598795,0.0774047442148666,0.082215349284541,0.0528254604980502,0.0076290009615845,0.0681185520267933,0.0101376687827524,0.0247130191926707,0.0365339149607256,0.0185717588923388,0.0614284727779343,0.0366387426697552,0.140258555330158,0.0280528119206541,0.0181580655829541,0.0093672679518656,0.0269363703910965,0.0,0.0259025699483775,0.0,0.0280528119206541,0.0186855439687885,0.0737710538752919,0.0,0.0,0.0,0.016641913769146,0.0121023206191207,0.0,0.0
76561198115422851,0.0632225273124265,0.0402655624879504,0.021233898740392,0.0708114562708247,0.0583846513577623,0.0170069153721067,0.0449007946330292,0.018597323731272,0.0383501654691907,0.0228344022278901,0.0278722011692983,0.0192692578674662,0.0738583789928416,0.0520470800981036,0.0465031259197118,0.0413772307432917,0.0080375459610224,0.0,0.05949623407233,0.0180395947916966,0.0273542633904617,0.0442823953761745,0.0429353931841298,0.0099460885009183,0.0198375221831816,0.0427408635546801,0.0065166288460481,0.026719585523958,0.0203127395562134,0.0172461726656264
76561198117435171,0.0701391935269393,0.0781667007457915,0.030033817832842,0.0723770493656712,0.0144130979531446,0.053256710407611,0.0147572793278993,0.0510177576313843,0.0660606446724697,0.023963050548554,0.0631584402933561,0.0247969310022402,0.0229745673114507,0.057459025595831,0.0087138162875223,0.0620889694061295,0.0148058265589566,0.0,0.0751013445333124,0.0070704860899488,0.035049451619664,0.0228424071101342,0.0406141524981606,0.0142700553387775,0.0304786586633748,0.0147416309588441,0.0229351184324668,0.0,0.0,0.0087138162875223
76561198117724596,0.07602893768544,0.0739413961282725,0.0574010056963926,0.025011567539901,0.0448013271467083,0.0833551558873457,0.0507354784638075,0.0487577090940608,0.0297888910558615,0.0474203544578505,0.0571216426228571,0.0283285858559883,0.025599821562254,0.0250880342925208,0.0221298153169834,0.0331512506456749,0.0257410397867455,0.0052941015545365,0.0550963089840058,0.0212674413074481,0.0048476805221552,0.0115354720163471,0.0514950344740659,0.0105311996442241,0.0109606970897309,0.0229618249910516,0.0165085200889267,0.0093743451500322,0.0065958940414385,0.0191294668973715
76561198117983678,0.0794889216849565,0.0891096513327683,0.0434674495826266,0.0459764150650223,0.0423172668782044,0.0477258994544583,0.0244026604789425,0.057743387184453,0.0207633388293853,0.0719039381889355,0.0195367495499043,0.0,0.0388966329451203,0.0275259133066192,0.0441126804377527,0.0652831962359973,0.0104531989686398,0.0091754942925984,0.0811895376411284,0.0337482554671025,0.0219588982441571,0.0275976013018302,0.0306914003184159,0.0050851265336965,0.03913451388598,0.0045230126509188,0.0040235728575252,0.0054272020858548,0.0087380845970049,0.0
76561198119156573,0.0620057170128368,0.0528870368185164,0.0108093384332399,0.1078459999515509,0.0180001256347395,0.0168353706180101,0.0457956190378741,0.0429692442529665,0.0916507474902289,0.0271014438131875,0.0491424860801949,0.011558224335039,0.0053100414776926,0.0906744788870579,0.0305388458099958,0.0685405380489248,0.0362043390552513,0.0052415679468143,0.044100845058412,0.0066891159839164,0.0443285204924275,0.0194434477569996,0.0242898743272814,0.0050214216388921,0.0255148159756396,0.0130273113966751,0.0,0.0055677704864255,0.0048649646791878,0.0340407475000204
76561198121971834,0.0861119250964955,0.0919293985310976,0.0600349145988957,0.0992519962858304,0.0,0.0427870801027222,0.0195121145276006,0.048285506288757,0.0800230267240829,0.0587573815245658,0.0411249794713911,0.0049130714707796,0.0135871852067246,0.0729009992225671,0.023702827670779,0.0428001903637324,0.043968493639719,0.0,0.0058107669677056,0.0,0.0427341093928775,0.038138377840318,0.030208383853145,0.004688115764762,0.0150341851263198,0.0,0.0,0.0,0.0049663166042131,0.0287286537249175
76561198122264375,0.0614904450253395,0.0579125736650856,0.0771385555816906,0.0614252030952893,0.0312070238625329,0.0404774180155173,0.0255251771385767,0.0073883941600909,0.0540990803082441,0.0374863431753359,0.0242485798881747,0.0354375405134565,0.0705125801079461,0.0612822420779355,0.0222975147074165,0.0225302342980617,0.0323930190234337,0.0,0.0420770860617513,0.0071556745694457,0.0551049910545413,0.0241965000416133,0.0837914072702871,0.0,0.0161625480261132,0.0240513492930872,0.0084459710129188,0.0,0.0161625480261132,0.0
76561198122741582,0.0501074860118624,0.0297546113672646,0.0239639315021992,0.1104866937233481,0.0359346713374374,0.0514319875392884,0.0503519402829519,0.0281532750918064,0.1088452495219188,0.0097731364017053,0.0123990380354413,0.0367556777242903,0.0179497214207733,0.1037320363952209,0.0200928664202969,0.0606960002145099,0.0079416771310106,0.0116346892938051,0.0582572764986087,0.0182964357187554,0.0513940767377571,0.0045175790811919,0.0114145806031346,0.0318797909710811,0.0044635239955191,0.0,0.0082582647187661,0.0044154857327972,0.0,0.037098296527257
76561198122844648,0.0721742980701211,0.0946737912357892,0.0435817051316564,0.0670601147579385,0.0132938080435076,0.036084575089878,0.021339410102357,0.0706088435041658,0.0379318638660669,0.0662525996884983,0.048514882854999,0.0218516144559527,0.0644182943166514,0.0445180333153844,0.0208117221236035,0.0478570552760391,0.0371424582412206,0.0,0.043922703085648,0.0,0.0364173889021416,0.0334883212417021,0.038431705216628,0.0,0.0267114410769043,0.0,0.0,0.0,0.0129133704031454,0.0
76561198123084475,0.0584065850773013,0.0965329955011771,0.036767179454229,0.0422876182228455,0.0354886261919168,0.062968706773552,0.007545573494571,0.0389390826468716,0.0437571040879854,0.0389884726517743,0.050403205286984,0.0201699197579323,0.0642611676596918,0.0622938878498471,0.0270226539301839,0.0499906029384406,0.0077778164348515,0.0077778164348515,0.0601428089832173,0.0,0.0253691474757678,0.0089998911025608,0.0473905449211261,0.0,0.0502064255926875,0.0,0.0271503319703872,0.0096767448347372,0.0196850907245084,0.0
76561198123843456,0.0716742072395719,0.0514233412838969,0.0287556975907819,0.0499631846764707,0.0473561663260963,0.0291974734914151,0.0374538183474483,0.0666564825681391,0.0425830343495616,0.035315086717083,0.0088083395542182,0.0356317520608589,0.0593676612397757,0.0499631846764707,0.0258954493472408,0.0699915099815603,0.0294532660644335,0.0,0.0457199144851709,0.0114803010023078,0.0249818537217855,0.0161473988221147,0.0588948241674857,0.0,0.0382179734105884,0.0,0.0,0.0237331153509662,0.0413349635245566,0.0
76561198123908949,0.086605730505072,0.0746362931860392,0.0673390745613482,0.0745884585067724,0.0063099450084581,0.0435270818788184,0.0632947480321808,0.0263794219237176,0.0299055494611432,0.0417262563419697,0.0523872983911989,0.01956354275113,0.0134307524599354,0.0238874561067613,0.0563482566579182,0.0327576127532121,0.0414687684506663,0.0291618204856473,0.0116675403427001,0.0287143967609043,0.012342603535631,0.0500834216214202,0.0290322214275164,0.027603558629106,0.0119584012280825,0.0,0.0149464614898885,0.0117410072094299,0.0,0.0185923202933306
76561198124421887,0.0690833017884352,0.0657974674747179,0.0618491748112582,0.0719870432902344,0.0204303548336703,0.0504697628495266,0.0216729386432762,0.0590421990173182,0.0546880231726423,0.0368916712871825,0.0521007119331628,0.0130370203304413,0.056206065411889,0.0481935636434365,0.0139186504658085,0.0284087555267419,0.0222220613420198,0.0,0.0343771006116723,0.0064944595292057,0.0297269667645577,0.0062061809578085,0.0817107587760489,0.0137671581927777,0.022393119318161,0.0204303548336703,0.0,0.007712469508,0.0234701961783351,0.007712469508
76561198126548553,0.0700881085116763,0.0940529272868231,0.0319440544104884,0.0415775781640787,0.0431849170090299,0.0427824369565368,0.0247997458833415,0.059811664307045,0.0319292406230607,0.0490445866098997,0.0365917876244027,0.0129285129823542,0.0470054481135678,0.0449148844315604,0.0175511127022268,0.0611254947589201,0.021429431070089,0.0,0.0510312383302207,0.0052840102795562,0.0337117753693018,0.0231538632984105,0.0673894870729729,0.0067073813235909,0.0408667184767771,0.0177968988010303,0.0062211316587633,0.0052840102795562,0.0062718114137689,0.0055197422509486
76561198127431044,0.0929291491811884,0.0777159502665473,0.07731780907056,0.0975267203156426,0.0,0.0886136910472584,0.0245864892507949,0.0290930949744709,0.0645546162506361,0.0453020528993966,0.0625565064855632,0.0,0.0241957815663766,0.0497554470845736,0.0157664913153771,0.0227317499650846,0.0157664913153771,0.0079297083433414,0.0396842682144432,0.0,0.0560434396700994,0.0530106728613904,0.0317425194531724,0.01534343995235,0.0,0.0,0.0078339105163549,0.0,0.0,0.0
76561198128667294,0.0538057951336045,0.0535943550465071,0.0304166783070708,0.0721662683317525,0.0595332498396645,0.0375049939987808,0.0456361793299829,0.0440532948280396,0.0502577374473408,0.0256101471114013,0.0115426415986861,0.0169269683275313,0.025535498801224,0.0556153689393956,0.0426891555132202,0.071531667516189,0.0168637745223711,0.0135205662661242,0.0627112591595199,0.0247713056730674,0.0242468226657978,0.0298308638040284,0.0245633522994778,0.0215564493109365,0.0094829903699202,0.0248379347627234,0.0137103625732219,0.010116373092056,0.0,0.0273679454303634
76561198129247774,0.072038180643673,0.0885646246895453,0.0483872470759013,0.0368992973628024,0.0,0.0593284563975725,0.0340961380075512,0.0230083501994008,0.0610190162024289,0.0592168290032939,0.088716234156808,0.0074060383401945,0.0641051346558439,0.0368992973628024,0.0328877542068416,0.0505789043752465,0.0185648988592745,0.0156338758056215,0.0345886822146751,0.0,0.0181246250888088,0.0489836582738576,0.0613956051476682,0.0074060383401945,0.0180746464820109,0.0,0.0,0.0,0.0,0.0140764671079818
76561198130015375,0.0518334443968279,0.0694891785391962,0.0324504066354187,0.1020760450363329,0.0132770002002782,0.050255454331804,0.0383597804407889,0.0628023301322054,0.0797562067407307,0.0190147169101141,0.0453156140245457,0.0256333416218349,0.0341864849893921,0.071460456203771,0.0,0.0389649128095642,0.0198595548346057,0.0,0.0339713029002173,0.0,0.0702429421237544,0.0176583031426132,0.0397220219278382,0.0,0.0251944166854095,0.0132770002002782,0.0127439506547425,0.0079325619072182,0.0,0.0245225726105163
76561198134388656,0.0786612541583084,0.0917984950105085,0.0318031811547731,0.0331084137858542,0.034858450207745,0.0620482390383024,0.0442665430916522,0.0794616790436014,0.0,0.0607870905980018,0.0,0.0,0.0581364265790916,0.0344426415237906,0.0185040829064037,0.0583287192290166,0.0259503956836469,0.0,0.0075144561336227,0.0075144561336227,0.0076881079101945,0.0224325310881548,0.0611650179100015,0.0097612754095674,0.0627196721765554,0.0271703422975504,0.0096785990577632,0.0075144561336227,0.0549241983290799,0.0097612754095674
76561198134731689,0.0559070025262185,0.0906170173060573,0.0118062341115998,0.0584811021371161,0.0255824391959405,0.0393223618171156,0.0264277774233368,0.065050805288666,0.050488901234109,0.0302023854433895,0.034416329801912,0.0,0.06776413295802,0.0655864904822427,0.0235931732021894,0.0792220909251939,0.0145671693148504,0.0042425544404861,0.0427464750937755,0.0,0.0319519223116471,0.0199451325313394,0.0673346180843435,0.0,0.065050805288666,0.0,0.0,0.0050958734897321,0.0201192613063917,0.0044779442856596
76561198135384760,0.0747198601429299,0.0957884828506286,0.0686236404955658,0.0482127266162158,0.0058401715766922,0.0608358223683473,0.0261802824200011,0.0471250099433456,0.0296879854402642,0.0617095454195372,0.0564374740556236,0.0146525945586452,0.0619604030792674,0.0434333546223253,0.015218272508709,0.040031899190571,0.0354609921512053,0.0057730067109411,0.0260715732535855,0.0188208763318862,0.006457792064352,0.0,0.0781131229570348,0.020687757932186,0.0264472469735659,0.0058401715766922,0.0136528974384734,0.006444030610466,0.0,0.0057730067109411
76561198135685349,0.0259186675946766,0.0422169999863214,0.0,0.1205289039363956,0.0213934019070627,0.0118137046520941,0.050161007794183,0.0679973527647902,0.0672102568754493,0.01319802422673,0.0317113782190038,0.0421250947179104,0.0148436365974078,0.0664634183210044,0.0343829898784065,0.0667037790117949,0.0261094855753578,0.0,0.0392471601925736,0.0056612014543664,0.0496012223066,0.0450536860657979,0.0409023723900759,0.0056612014543664,0.035671331782496,0.0054087126084351,0.0301641887891526,0.0111659451663496,0.0071083540333223,0.0215765216978741
76561198136484955,0.0625300816928557,0.0551143134133815,0.0285272251655089,0.0615589507585321,0.0364125358565395,0.0603657890615512,0.0492256824310452,0.0630377953250361,0.0571915063643705,0.0471346992908906,0.0305089224939322,0.0146876573588119,0.0235124200519271,0.048840590844996,0.0242412263607131,0.037619771107326,0.0245280581091366,0.0106322658050206,0.0402293839612397,0.0179537612741296,0.0137514656605403,0.0244905396731228,0.0333948326036346,0.0081415605026169,0.0238048094677331,0.0227114855149331,0.0090500281016835,0.0136033695810641,0.0076274683125632,0.0495718038551627
76561198136577408,0.0552707567355535,0.070805055690255,0.0221756388058139,0.0148315650674278,0.0382219123435128,0.041327499270492,0.0389657923168597,0.0343829023418793,0.0082217746704148,0.0569803256021714,0.0677243519049126,0.0379472017959924,0.0821254334185877,0.0041035672884042,0.0107279977790236,0.0321692523432828,0.0044268605698356,0.0,0.0310331910258874,0.0585123110872436,0.0041035672884042,0.0081910544989956,0.0697123284090152,0.0689304539765155,0.0393642070320353,0.0275624988986034,0.0283696645935156,0.0274994787953113,0.0,0.0163133564500526
76561198136985842,0.0831385989743433,0.0967587371684977,0.0921984701624018,0.0686727563280329,0.0051795217029437,0.0491643509803417,0.0280911670040053,0.06572406277717,0.0218584346678168,0.059856580318374,0.0561676464387723,0.0054860719048371,0.0726793746565459,0.0287437946812736,0.0103317877735645,0.0243648214687495,0.0486135984055904,0.0056396402551467,0.0226739379722988,0.0106655936077808,0.0289080393358504,0.0154199397418939,0.044243450105465,0.0051795217029437,0.0140342660583312,0.0,0.0111994259390223,0.0054860719048371,0.0057133540341852,0.0138069839289831
76561198137208244,0.0324954672893841,0.0360641140458831,0.0247703543432387,0.0626254662100856,0.0822338419176747,0.0411879772378315,0.0599679750448618,0.0434802635392761,0.0794703796352848,0.0278098627319147,0.0225627447072507,0.0208932094037811,0.0353848768344625,0.0626254662100856,0.011381140693361,0.0443885456013633,0.0214573377583044,0.0,0.0596440825720276,0.0217970709304139,0.0331627576996873,0.0051896781116853,0.0217173863490678,0.0134933250814833,0.0328578481914077,0.038066662801223,0.0105078408073226,0.0250327709926791,0.0,0.0297315532589576
76561198137264082,0.0930879637452084,0.0995340661949426,0.0813940036527837,0.0239467851694247,0.0,0.0923068697604019,0.0204937853689985,0.0382767265679298,0.03146424107916,0.0326651056794272,0.0867466169630569,0.0296064102969234,0.0570821360189761,0.0165943373841381,0.0,0.0,0.0138588026918868,0.0123994931737941,0.0301876252680513,0.0149982346071074,0.0326154984791753,0.0102068601118,0.0515733371474969,0.0360355664215538,0.0140906998615703,0.0,0.0302373986109834,0.0287448573615437,0.0145001305983782,0.0073524477852866
76561198138316742,0.0655037566508056,0.0821109313945663,0.0233095790027581,0.1057044573584922,0.0049313095318566,0.0103736487808694,0.0096762371807174,0.069164433365917,0.0846872086704652,0.0384909241845715,0.0374058418784848,0.0172949648485591,0.0188336839073829,0.0832070091088458,0.0047565699544577,0.0631934685937234,0.0130383549762461,0.0,0.0341373543225026,0.0,0.072638010106612,0.0208167305582821,0.0348495468402177,0.0,0.0372545207266971,0.0,0.0250013988930449,0.0055986105219954,0.0380214486419277,0.0
76561198139411198,0.0602460115599701,0.0827575883209966,0.0501078813287933,0.0232794891296503,0.0373795028588582,0.0540417910962805,0.0165034281531481,0.0652074182267722,0.0294775248794316,0.058141165594381,0.0457765152752847,0.0269318853447786,0.0511343068269754,0.0363426313700028,0.0075253869012826,0.0437545056400295,0.0541729372223386,0.0,0.0351917329009509,0.0214071644584622,0.0,0.0,0.0725341524217363,0.0398938378735555,0.0347827213813196,0.0,0.006854251476751,0.0089029118860369,0.0376532578722119,0.0
76561198139915980,0.0720781179984638,0.0913917672465117,0.0713247771586963,0.040566543579141,0.0421414432392507,0.0913272616199437,0.0196690003026041,0.0907076368510933,0.0264401831267578,0.0074092176036786,0.0598947669788916,0.0131896948792471,0.065586199943629,0.0152819145194642,0.0196863172276559,0.030733475033309,0.0288114237229069,0.0114915033806724,0.0266432867063548,0.0,0.0323650152380308,0.0151992502530278,0.0418919281029196,0.0131896948792471,0.0293838707005924,0.0,0.0,0.0,0.0435957097079091,0.0
76561198142432184,0.0416775408826135,0.0641065853287317,0.0154110326555983,0.0775978597506687,0.0119362788536117,0.0332912508161624,0.0464157167505676,0.0842080140340444,0.0885076306453356,0.0222416102856675,0.0292462310047396,0.0179896741905039,0.0115913601521326,0.0759216885568913,0.0278662795803062,0.072330139817681,0.0224568564541091,0.0056213953720885,0.0330493073214196,0.0085918128652865,0.0452587912092514,0.0450147531111674,0.0169221894884057,0.0085918128652865,0.0545257697689309,0.0,0.01180609672661,0.0057515774990902,0.0083244044130041,0.0137463396000927
76561198142871256,0.0525225948004158,0.0717385408609899,0.0396904842373141,0.0523280556652641,0.0142786627509498,0.0639745490932239,0.0754834613594984,0.0893056299018236,0.0090839077318284,0.0500781872352518,0.0355781349734609,0.0291470663132787,0.0304380741804001,0.0171699815187447,0.0035895257963385,0.0,0.0253371661018703,0.020947760391738,0.0065093100599364,0.0151916027030422,0.0420852514553496,0.0,0.0410506133522993,0.0,0.0368149848225372,0.0040013504479966,0.071015766098574,0.0385734373314466,0.0315187601877817,0.0325471406286441
76561198142992067,0.0278562913773066,0.0349735237668165,0.0069206569487908,0.0804969787406191,0.0559621105937448,0.0506378386591523,0.0931026760921741,0.0433089289972458,0.0761807063627708,0.0198093831220852,0.0240104474235207,0.0245816396734304,0.0126264134511587,0.0658014432697495,0.0203222485812667,0.0539772901462357,0.0137716487046882,0.0049972380798399,0.049653841069254,0.0175312110589464,0.0285736541901203,0.0080469082552214,0.031762262269793,0.0060776505895364,0.0320540419993556,0.021808505109917,0.0229440922410698,0.0226789702218962,0.0120914456035849,0.0374399534007076
76561198143412503,0.0563731779124997,0.0819294719791905,0.0047729472389502,0.0895734279041494,0.0316915550760826,0.0046519100216521,0.0440252078024993,0.0708435105143364,0.076108130827769,0.0411081860293517,0.024020123401952,0.0249090434508355,0.0050042767785223,0.0772440817249347,0.0199187388181823,0.065982936736687,0.053226397569552,0.0,0.0171751314987655,0.0084850157732935,0.0476919017594012,0.0105006252219488,0.0231105824622332,0.0,0.0557766733201535,0.0118807423883753,0.0037333094623496,0.011293543488773,0.0093334769229358,0.0296358739146222
76561198144180358,0.0646354503202393,0.0761104602732046,0.0438632147565331,0.0574499813236026,0.0235297150794222,0.035599207424301,0.0449514100969466,0.0625833247119207,0.0631929122644482,0.0283714574166152,0.0488933390072115,0.005734903870011,0.0107678025987838,0.0496271361679599,0.0155519590972783,0.0428642098353563,0.0269725338578233,0.0,0.0242384989756416,0.0049689606455412,0.0632440648992746,0.0173018873484758,0.0217491682107644,0.0163076489051991,0.0515415542401114,0.0116065286609751,0.0286223016764181,0.0,0.045514418214276,0.0142059501216641
76561198144852786,0.059995869620346,0.1146898663949519,0.0319695008865049,0.0122758334205863,0.0325932563208127,0.0445637221289476,0.0174513617178145,0.0541856491281204,0.019741163071478,0.0683137859543239,0.0734965712855721,0.0210934624271826,0.0666146279780269,0.0185875789741154,0.0169626863545171,0.037905957773135,0.0117962229361926,0.0065294940527419,0.0400093581197188,0.0275296561689342,0.0130526703000011,0.0250126526669229,0.0648392676925894,0.0206393615802167,0.0438510583225226,0.0162796913549853,0.0276319118028022,0.0123877615659359,0.0,0.0
76561198145824277,0.0390828202098159,0.1094486884454114,0.0119808820211319,0.0509340026174701,0.0426270741862113,0.0459003316554482,0.0129689717227116,0.0836650137310518,0.0434549629935005,0.0375014283025397,0.0326116719375,0.0203609270195531,0.0453238935600207,0.0530936786102995,0.0240439807286804,0.0691379411330512,0.0207681469004421,0.0,0.0191956739957368,0.0135789709037754,0.0289315484371336,0.0151589140351921,0.049280048087868,0.0280056842501631,0.0623479307597991,0.0144870167106592,0.0066943800645241,0.0069786579630096,0.0,0.0124367590172982
76561198146396342,0.0718679390983132,0.0903917006474598,0.064866845980969,0.0600816102227059,0.0096369098863718,0.0706843856114828,0.0254247796764264,0.0629528564152358,0.0392951442900954,0.0409957788013025,0.0619385372851092,0.0329594389527922,0.0341273727173151,0.0246827223762765,0.0180970774875191,0.032919936541351,0.0158589887209877,0.0067115533991489,0.0163807065734415,0.0103788314272483,0.0245265234676638,0.0,0.0490769652050737,0.0441446773909857,0.0339713864277648,0.0096369098863718,0.0252776129510879,0.0,0.0148807673909343,0.0082320411685642
76561198148262444,0.0924468629039659,0.0799398388031076,0.0530239091186217,0.0365834991536216,0.0462166035903205,0.0877405689852749,0.0051188530654918,0.0208507346411016,0.0441636418482299,0.0328358154320414,0.0693157165072754,0.0194613140794152,0.0313605755212527,0.03107652415197,0.0134996434435992,0.0330107858516399,0.0129655240843872,0.0,0.0877357118442656,0.0197466738176739,0.02299609291868,0.0362862035661719,0.0464707968306907,0.0106685426513494,0.0140980179459285,0.0336539581010927,0.0131120803787018,0.0056215107641278,0.0,0.0
76561198148591865,0.0492903042441448,0.08689692130511,0.0253087717722313,0.0615014097376194,0.0201131023282733,0.0324077586639159,0.0387850311060432,0.136421603509094,0.0407652239162674,0.0459630867757578,0.0247255991778906,0.0142105111448975,0.033704122711111,0.0407652239162674,0.0192520507967131,0.0432039697426257,0.0308684774810699,0.0,0.0162918398251193,0.0089069675905689,0.0390808538866953,0.006017958025681,0.0379621030296717,0.0061725640830571,0.0448615238384275,0.006618776578693,0.0151344945868837,0.0089069675905689,0.0476039281667844,0.0182588544688157
76561198149149071,0.0602594327153236,0.0488975347627311,0.0185825374895455,0.0762635649968829,0.0439511101970522,0.01710488521881,0.0489452546696975,0.0654467897718971,0.0496036368596653,0.0412250324909858,0.0185986639594089,0.0207624589221721,0.0126419961150424,0.0508395750108341,0.0400511465388695,0.066723647422751,0.0314901018168552,0.0,0.0476931059222308,0.0164435920774807,0.043203200072523,0.0323099068191847,0.0240275312298381,0.0057467647501319,0.0382865496666263,0.0193052972961386,0.006063275411368,0.0084959760592131,0.0197321513221902,0.027305280414549
76561198149717332,0.0554012573232502,0.025226737647347,0.046235271488257,0.0754328872057229,0.0159269955431708,0.0815349239267327,0.0397544349994461,0.0537500187986526,0.0637511245593716,0.0258077280510571,0.0349814571136297,0.0454755437217357,0.0393669770275862,0.0563000954293866,0.0167964509284103,0.0332075657331615,0.0454731410281681,0.0082617580464686,0.032659222730424,0.008210566598588,0.0263430488002762,0.0436096291353274,0.0361954242870313,0.0179843604623154,0.0168389662917124,0.0077164289445828,0.008210566598588,0.0199001741254834,0.0082617580464686,0.0113854854076464
76561198151733556,0.0798499173390063,0.0588325756017242,0.0339829518682022,0.0882169366341601,0.0236588656238663,0.0454731755671401,0.0245054418538137,0.0372017854837092,0.0828492132947018,0.0372680417514926,0.0399346846426281,0.0175010038887753,0.0440481009867178,0.0828492132947018,0.026998264918975,0.034268092903028,0.0111616609762891,0.0,0.0656647327152655,0.0,0.0458416106526532,0.0332142710608979,0.0278965396797805,0.0,0.0150227119836574,0.0236588656238663,0.0059517327744258,0.0,0.0,0.0141496088805206
76561198154693814,0.064146056768108,0.0726364047995686,0.0658998572227052,0.04645681627974,0.0259322672740252,0.0641974015261643,0.0224966237993411,0.0219069026425093,0.0410173334019058,0.0356138285293934,0.0591452612457464,0.038490716984243,0.0434989388631092,0.0401192648830939,0.0116279775771318,0.0227037577146154,0.0217905665727808,0.0048281195464114,0.0733613071334485,0.0205684992678173,0.0236955740150438,0.0213422469730888,0.0282944933647382,0.0406882680150865,0.0171355741697395,0.0112685777563877,0.0228228558529313,0.0160016425934667,0.0,0.0223128652276573
76561198155700223,0.0682810907537683,0.0833008217851764,0.0432261625661687,0.0607913916767076,0.0412536505679849,0.0605079964830365,0.0341788197476411,0.0393454109571586,0.0560085502575462,0.0426791887624688,0.0445404092146896,0.0201717658420404,0.0416768060599691,0.0492044641470523,0.0115948128563006,0.0255990372350132,0.0255176912929826,0.0,0.0343693149137502,0.0330571296490406,0.0284394959120455,0.0193361748679567,0.0420397433118783,0.0114431438090859,0.0274946286917657,0.0283593764927146,0.0069639949172058,0.0087844580987592,0.0050303830195973,0.0068040861104938
76561198160310073,0.0636297589449667,0.1222449788517277,0.0322274012887943,0.0648016323194123,0.0055737684638998,0.0314532046172349,0.0280011186800608,0.0488558313873579,0.0464221081418503,0.0407017877083675,0.0790688217139595,0.0064762844239016,0.0197826246606735,0.025296079815296,0.0377198169572714,0.0788041831946076,0.0352020828444043,0.0185041965818571,0.01398009559618,0.0103348242148054,0.0284378465385302,0.0407369557573231,0.0263082619803646,0.0,0.0488558313873579,0.0085224432878579,0.0197826246606735,0.010771624808985,0.0,0.0075038111722784
76561198161403415,0.0516271843431919,0.0505168751387112,0.0266365711304969,0.0983809524552067,0.0383054173665946,0.035155237679069,0.051393317130351,0.0437796136492144,0.0643586845578041,0.0378786389880982,0.0204212687209923,0.0337355793066663,0.0146661786867623,0.0653043283310485,0.0298918218577686,0.055067162829773,0.0289910153298749,0.0,0.0328125820047563,0.0143251002797426,0.0521451503567393,0.0225347869261598,0.0316135422795615,0.0,0.0351307544181219,0.0078075334111848,0.0349785425205218,0.0058742417662899,0.0107404817715541,0.0059274367637431
76561198162182031,0.0425634169050963,0.0933747478455588,0.0116411048000802,0.1370883501267456,0.0060673360146443,0.0040479801266108,0.0273876970533509,0.0436747639697042,0.0987919613014228,0.0512766772985431,0.0209392432536065,0.016119509113466,0.0127909526739418,0.0960581490892495,0.0431835469855941,0.0916808747046124,0.0061830332524194,0.003604776813028,0.0080541338740191,0.0,0.0456910733026764,0.0300999900130477,0.0260154141337668,0.0116516654548645,0.035620630095685,0.0060673360146443,0.0060673360146443,0.0127909526739418,0.0055105957696458,0.0059567513253884
76561198165565385,0.0990189925346072,0.0475623895891261,0.0154940137990067,0.0980232138751046,0.0294212428046991,0.0057367801249626,0.0489826689840703,0.037932807617095,0.0407566462737089,0.0609140108197691,0.0032028335490657,0.0396544744262526,0.0545992972459185,0.0452101911736673,0.0506977484211754,0.062554178564431,0.026040832153242,0.0,0.0124479527704652,0.0032028335490657,0.035219801365626,0.0420107780082079,0.0297444200259413,0.0,0.0436695877420577,0.0141716896405464,0.009629581972031,0.0307435669631594,0.0057367801249626,0.0076206858820334
76561198166039566,0.0802063677891479,0.069995692657191,0.0328423447160637,0.0958027397307629,0.0057758578567886,0.0609079327513448,0.0362410048428313,0.0121965728870453,0.0901754176411984,0.0202426357622542,0.0396839280841572,0.0415831111454713,0.0365695424374627,0.0833550411862982,0.0180867626080178,0.0386021869466856,0.0790321761008416,0.0,0.0371675959245777,0.0,0.0238622226453859,0.0122616759116875,0.0468506525621672,0.0063923455631275,0.0,0.0,0.0078643156669754,0.0057758578567886,0.0065244842635071,0.0120015344622192
76561198166226287,0.0526491768264597,0.0510965305773057,0.0212088233538847,0.0576146279549496,0.0283392071690532,0.0548018326872357,0.0631844748252906,0.0597840506925451,0.0456966255282444,0.0226224939647596,0.0366657664301944,0.0625907134741797,0.0361409071751669,0.0457483367257587,0.0107247942822329,0.0222040530263069,0.0150854504516122,0.0271310675258878,0.051300294119332,0.0157889563147571,0.0440692947720422,0.0,0.0256377081803471,0.0055837105000084,0.0358574900842595,0.0045825955475711,0.0313096161470735,0.0376314928766945,0.0189350240620922,0.0160148847247531
76561198167407399,0.0769629294892319,0.113066769459565,0.0936440099393946,0.0163809957067379,0.0500292954007502,0.054137755239563,0.0045750861065846,0.0558321279316359,0.0,0.033475618494168,0.0157951201732907,0.0141537581348266,0.0684690782013066,0.0059302358810769,0.0462494085764882,0.0642015628130394,0.0408911368568643,0.0009762768514307,0.0286300997180235,0.0001214989648849,0.0,0.0186466497385258,0.0515802751277048,0.0,0.0631858692433208,0.0183065861977192,0.0001214989648849,0.0008688298657057,0.0636460279583901,0.0001214989648849
76561198168362702,0.0840555676486205,0.0836866192136843,0.0453327004125836,0.0680485411529277,0.019352470742217,0.0516830178943252,0.0256729082215719,0.0452120510351611,0.0551502410792707,0.0452175778124125,0.044976993165711,0.0129005577968583,0.0128947462734576,0.0422447698454189,0.0257171713726543,0.0319778299068382,0.0193495798064374,0.025636707070022,0.0160750091656201,0.0192140734313437,0.0357650099955352,0.0423035507477866,0.0255373886584314,0.0255287328551329,0.0321115477653026,0.019352470742217,0.025654150863882,0.0,0.0064489670261697,0.0128990482984054
76561198169509065,0.0906140917467413,0.0610899011905402,0.0709425541456595,0.0272587969581937,0.0473986849220056,0.0784805979183982,0.0400776969606365,0.0626357920733563,0.0101268200558239,0.0437702750543408,0.0429920544377916,0.0161820891176401,0.0612317817661104,0.0101268200558239,0.0163462747524603,0.0275896285856164,0.017493099299004,0.0,0.0222147161867389,0.0175945328182829,0.0108456031066667,0.0103488613602409,0.0455012592924464,0.0229615764084177,0.0227090801043875,0.0307164035418848,0.0228582333985598,0.0196534721202719,0.0144973808584642,0.0357419217634944
76561198172594941,0.0623028241099752,0.0712423261337528,0.0172097513404375,0.0863288145427701,0.0324646455177103,0.0244920495324721,0.0551260701134013,0.0678771831496214,0.0304689542804806,0.0359894272540203,0.0338531892155694,0.0311752090081835,0.0055483191604724,0.0371279634155937,0.0422664441180134,0.0626960646284984,0.0183147325236721,0.0,0.034081356700224,0.0281631689093693,0.0511827273329173,0.0353933612294721,0.0136216446532357,0.0117136582436212,0.026770611094615,0.0114402477727001,0.0254299024659268,0.018994958996935,0.0062681561765303,0.0224562383798074
76561198175781507,0.0648625264486734,0.0902382943383102,0.016382167747811,0.0553397885646161,0.0229866690208999,0.0306529059005722,0.0565199492374444,0.094532082992443,0.063665976680561,0.0525088931751974,0.0345400484828944,0.0217496226088087,0.0134587158209621,0.0449601520712658,0.0,0.0474126062575632,0.0308803594533609,0.0122072895372382,0.0064946424898152,0.0134587158209621,0.0265536789182455,0.0078895468669452,0.0128361123936486,0.0,0.0623769136205062,0.0227294449355535,0.0134587158209621,0.0151338809728166,0.0320447572663921,0.0341255425555299
76561198176903937,0.0815702849996154,0.0703042758216062,0.0158039544681196,0.0684038236807039,0.0470306471733664,0.0305662689732221,0.0510544582945391,0.080116708908412,0.0392507242248408,0.0349672900441501,0.0097610152946065,0.0102986271046697,0.0214388772444244,0.0462339600386439,0.0366125471132823,0.059779594075533,0.0156271593341423,0.016575871385568,0.0255786392646152,0.0167197917365629,0.0212404089276133,0.0255756157462086,0.0051364120916957,0.020024252018457,0.0436191947081886,0.0309316077645844,0.0,0.0201516577881618,0.0213006513914457,0.0343256803830196
76561198181134839,0.0704795802064349,0.0854226837147046,0.0723113306856056,0.033983201656511,0.1014504704404158,0.0653196542688441,0.034564784482477,0.0314180824604424,0.0359372262133214,0.0425680188149924,0.0041842988510715,0.0,0.0439681724476488,0.023970422495364,0.0041451015797703,0.0258222177161663,0.0306059207307712,0.0137493861409712,0.0466361195867698,0.0446362534936285,0.0,0.019281752091213,0.0206884673988167,0.0059625522081885,0.0314180824604424,0.0367663214124153,0.0203028601294933,0.0260250880152343,0.0,0.0283819502982842
76561198182434729,0.0577574641249632,0.0515494658371084,0.0316989952104845,0.0600903102002425,0.0450480180679273,0.0363969154464512,0.035687865218083,0.0730204731717685,0.0402305425561962,0.0366217258132686,0.0373202914807185,0.0125069518591629,0.0216937489061121,0.0417951131915436,0.0353642677469588,0.063799004627066,0.0399373222068659,0.0046166659466729,0.0355258674473142,0.0094362331405774,0.0225940131670528,0.0273049716493691,0.0321898701790516,0.0147001607098138,0.0434726626801387,0.029307684174567,0.004436507027559,0.0,0.0224337381688606,0.0334631500441
76561198186851741,0.0600901782636265,0.0410331386193349,0.0330808042162151,0.0792272880409018,0.0237846170614209,0.0389628398385338,0.0469351833928536,0.0259019220130837,0.0605782482953535,0.0212986239728114,0.0200028491205029,0.0078321318901031,0.0354349975596111,0.0672188059856324,0.0533323141412356,0.0392591708894766,0.0277608269607618,0.0060001511823515,0.0286141464275891,0.0247150539257903,0.0212954023600034,0.0461500805371978,0.0402245647878737,0.0391859154358344,0.0284374643734432,0.0162204917885702,0.0150745840834401,0.0083752864379185,0.0083752864379185,0.0355976319606093
76561198188197794,0.0387318452958654,0.0617756629106117,0.0175969727470317,0.0657192347502019,0.0341660719217334,0.0631278455144957,0.0493024117217281,0.092411777003529,0.0420705183163888,0.0248824120165356,0.0201793289343684,0.0194369916924137,0.0372908953363603,0.0420705183163888,0.0191666241696717,0.0188809493650648,0.011390063277544,0.0057236094990121,0.017511157751587,0.0080245127755715,0.0723777171978303,0.0065426650312209,0.0315292083407098,0.0067464070649792,0.0633967543870717,0.0217109232447401,0.0222077048184303,0.0130056718106542,0.0660835413840693,0.0069400034041894
76561198192535273,0.0694560280808282,0.0748076506833939,0.0304330501023741,0.0997828559551037,0.0136278111263784,0.032112731265823,0.0410858523442523,0.0608659262103111,0.0728236001532459,0.0442141197118015,0.0315034530985946,0.0254778255491663,0.0184200591784901,0.0638224498103296,0.0117531680305017,0.0448620154810504,0.0244429805242928,0.0,0.0267977144477918,0.0056286821834481,0.0516974853532086,0.0070174237457559,0.0494565157957157,0.0109931261162115,0.0260072882989195,0.0136278111263784,0.0183939716912763,0.0057813141692065,0.006365400683634,0.0187416890825148
76561198193985237,0.0775344722429164,0.0896393009678888,0.0178921626254032,0.0797879533368152,0.0301617313160021,0.0323164317318722,0.0437167764695418,0.0821681220073455,0.0320238451107509,0.0478989299739242,0.0248469531627386,0.034850444091303,0.0220952724647635,0.0201057744950956,0.016534397502726,0.0184866829866748,0.0435694178574784,0.0065613031417194,0.0058070322735435,0.0,0.0769478803743261,0.0188267395278655,0.0057487402019429,0.0147137485515004,0.0404142756187869,0.0195016584304735,0.0183033811737286,0.0162985768335745,0.0410089973012545,0.0222389982280427
76561198195856567,0.0545432023305304,0.0582755278409285,0.0213335584750734,0.1212508408189547,0.0,0.0243239866357148,0.0245840260196482,0.0449938544669971,0.1081404866937524,0.0366578621831411,0.0533471368949368,0.030488188283573,0.0350780031527383,0.1177959331438623,0.0,0.0551134113957408,0.0246527149519704,0.0,0.0359778662914916,0.0,0.0722668966367184,0.008159689900259,0.0461734788333634,0.0,0.0133823864108124,0.0,0.0059615255513844,0.0074994230884076,0.0,0.0
76561198201869792,0.044482042752526,0.0643960365008108,0.0254353169828552,0.0678644136999649,0.053824047134344,0.0287448523647512,0.0739074363080614,0.0792024223579134,0.0290103238823365,0.0515590912292383,0.0164068359670782,0.0244458411669924,0.0081618033466634,0.0375373949693327,0.0353236286231684,0.0508764869766483,0.0296245501020928,0.0085976194636203,0.0382954560257105,0.0179516637614542,0.009288453853327,0.0104990438508818,0.0065600272109417,0.0055943917359236,0.0465317008232214,0.043189172870754,0.0151246797266173,0.0192541140284051,0.0077077569368994,0.0506033953474644
76561198202541610,0.0836627469283454,0.0506377608753359,0.023414063018427,0.043103326037018,0.0580766497908804,0.0591738096859229,0.0439427460903733,0.0377981779440053,0.0280968803097781,0.0489680518095062,0.0330389606022799,0.0198557933172591,0.0434492254554864,0.0271952271025166,0.027147375783163,0.0578130329650091,0.0111272265057325,0.0054797658039387,0.0739915977366198,0.041959538314979,0.0210276408790561,0.0088689589293307,0.0424349403225463,0.0061360214662449,0.0342217616192878,0.0120007796090015,0.0124378512288376,0.0179405246910515,0.0109782291828167,0.0160213359952491
76561198203294379,0.0850700712692113,0.0848046547938366,0.0767172538727088,0.0666675902296688,0.013622192507077,0.0693222477146557,0.006168324589511,0.0425101116573035,0.0614776829054435,0.0633414939558912,0.0698248643930645,0.0129090124933674,0.0264245153719354,0.0566442048714459,0.0144335425130825,0.0428852818260844,0.0377780834406695,0.0048334780339975,0.02895783160404,0.006168324589511,0.0204504909211463,0.0141371997443762,0.052211350321075,0.006168324589511,0.0151999360981301,0.0,0.0114081780295681,0.0042851075753341,0.0055786500883524,0.0
76561198206869732,0.0538893726884077,0.1011143527426961,0.0330742874712442,0.0717960802020614,0.0327435329696107,0.0361437437990271,0.0229776445854556,0.0752791522440923,0.049224801930199,0.0346335007573569,0.0343841698972342,0.0164970070010741,0.0409885457083283,0.0531417499959605,0.0025801058081012,0.0503273806897439,0.0162417297758228,0.0,0.0457563312214591,0.0095512431318729,0.0473688453977934,0.0088575710102398,0.0335353323444042,0.0,0.0598827035128419,0.0133315495467152,0.0095512431318729,0.0,0.0433927409907037,0.00373528144568
76561198210123867,0.0681888044144437,0.0364565717132354,0.026946680390406,0.0491527146581098,0.0457505090635167,0.1067888055866138,0.0167124231751905,0.0389483988336651,0.0530394861198525,0.0304385469923913,0.0444101404379499,0.0314116964408273,0.0400495685660688,0.0441487826292886,0.0203974931784382,0.0409310468394831,0.0251844913464162,0.0073816021760004,0.0616334592328829,0.0179072729472809,0.0300894096809719,0.0143488779575214,0.0331871919495468,0.0,0.0401296313765684,0.0143588750117469,0.0149971294940498,0.0120094116781677,0.0292611631981757,0.005739814911189
76561198212109881,0.0719026143253161,0.0986189901134676,0.028161692548562,0.0966122851971538,0.0,0.018206521359125,0.0098777520697213,0.0352703923809211,0.0849909487967214,0.0471304141468154,0.0296467152296199,0.0147476719477628,0.0638464408429348,0.0952377328034319,0.0403333560995758,0.0490412998614643,0.0147494721545653,0.0,0.051558810220446,0.0,0.0336197599942973,0.0108552272219404,0.056914100292351,0.0069323405505838,0.0249353692229168,0.0069323405505838,0.0,0.0098777520697213,0.0,0.0
76561198212143500,0.0459168939676893,0.0567243145258671,0.0203998562924263,0.0352555902293992,0.1098453832565478,0.0512650037041938,0.0393425265495532,0.0439441315618876,0.0113388375866291,0.060753811067264,0.0197430281824378,0.0234259544897884,0.0407932160856958,0.0113388375866291,0.0185344689614377,0.0718188787398451,0.0586559217464397,0.0,0.0330047338252541,0.011207439916782,0.0,0.0071041781554063,0.0315081710991587,0.0191690168002462,0.0477064006714281,0.0483843883411496,0.0111294062601912,0.0183953884609823,0.0353240264802809,0.0179701954553881
76561198212519471,0.0660085884853221,0.0684704437169342,0.0104764633806614,0.0880512295048684,0.032727004366914,0.0175025687215554,0.0186207294907445,0.0605431845143862,0.0738839902619355,0.0433496800897314,0.0365555415558912,0.0146399282531648,0.021372985869938,0.0604975248074534,0.0271528150392961,0.0820695076692806,0.0452310065711337,0.0,0.0403050898441383,0.0049769748627678,0.0480298224191181,0.0154112586330212,0.0322283320590708,0.0049769748627678,0.0499328055603639,0.0196791677971822,0.0,0.0117319111157129,0.0,0.0055744705466449
76561198213107237,0.0368532548619821,0.0641065707676917,0.012033449731679,0.131135783653695,0.0,0.0,0.0281534380613324,0.048087003675215,0.0915671532743894,0.0130317008086939,0.0386136293227765,0.0368402350700812,0.023678275883172,0.0931694726990018,0.0263283781981773,0.0696743187202382,0.0254289971208062,0.0049667346840394,0.0402359142392422,0.0,0.0602240996050784,0.0428584014440146,0.0375167857051436,0.0179732117040294,0.0195595060662896,0.0,0.0,0.0149222169177469,0.0,0.0230414677854829
76561198214234216,0.0548871095046545,0.0814906285926047,0.0167368211952055,0.1261708441620993,0.0116555550232721,0.0167263418349969,0.0349431116914306,0.084118353698516,0.1038249448928141,0.0273709192234428,0.0188714347238539,0.0114522279320026,0.015857799195541,0.0971006054655343,0.0178833296645978,0.0560702228718873,0.0202222462361831,0.0,0.0319367762501632,0.011027137644965,0.0499296283160625,0.0104352250836786,0.015857799195541,0.005213865763034,0.0382370177784415,0.0116555550232721,0.0,0.0,0.0,0.0303244990362043
76561198214300979,0.0928388405270174,0.0715052918037233,0.0382615290825593,0.0810686802453401,0.0,0.0249877764603772,0.0117925649181439,0.0387374563592207,0.0447926130562587,0.0706836025922067,0.0744030948809587,0.0315435533617339,0.01954750368596,0.032225550136543,0.0654618052831335,0.0690415523518996,0.0244900864071311,0.0141795471107721,0.0226987412338349,0.009576761193512,0.0358010764902358,0.0335608672441132,0.0392395411814969,0.0096641612006415,0.0112108069494155,0.0061632039166513,0.0108188677189806,0.0,0.0,0.0157049246081383
76561198214648473,0.0560534617116273,0.0504143288115195,0.0098185273807132,0.0578187697572893,0.0560252256375384,0.0349841351400682,0.0490559986526323,0.0674910475143938,0.0446232446071537,0.0489109645239085,0.0234494646550582,0.0161395389115307,0.0098458064010528,0.0331633919311351,0.0336539501198289,0.0805642103998347,0.0548116784489503,0.0,0.0358115351749226,0.0114431893430717,0.0290990351009562,0.0055242708595701,0.0334845010821083,0.004967578321401,0.0671603742085993,0.0260182524827486,0.0051989173584248,0.0065464412055639,0.0209378322969484,0.0269843279614489
76561198219075073,0.0712605658837649,0.0856507021972163,0.0276879824556548,0.0407712240345997,0.0049552304771442,0.0759035960582191,0.0409181364819029,0.096682870415657,0.0264636793749798,0.0533009600051271,0.0468028368298179,0.0333696205222684,0.0,0.0049552304771442,0.006705380331388,0.0093883669625195,0.0312433562111549,0.0051542158439266,0.004514125640168,0.0116606108085322,0.0787399669227956,0.0068975590924887,0.0046399749642098,0.0116606108085322,0.0690167083794831,0.009489735664497,0.0326954155019956,0.0,0.0894928820022394,0.0199784556525717
76561198220559105,0.0491670607547406,0.0617168959677077,0.0326846720081906,0.0693642259227614,0.0321334880378721,0.0264458335997423,0.0734698071219593,0.0724905205272046,0.0362127883013131,0.0450112790910771,0.0249065892145811,0.0192378175359419,0.0150582533002164,0.0423054374499284,0.0261382888780234,0.0219808432298691,0.0159617272906968,0.0090822176064696,0.0239898269474045,0.034736893757983,0.0272301236377793,0.0095602292436794,0.0208366966766481,0.0132616753803276,0.0417397609041983,0.0332436773650037,0.0161045246237578,0.0275432841554679,0.0335432178473096,0.044842343622144
76561198231347376,0.0368124805353416,0.07523123880052,0.0060368869164591,0.0923021323769996,0.0407511223883259,0.0206310008607943,0.0236897586540527,0.0692104279072537,0.0793913226143182,0.0447680139038149,0.0137024178769096,0.0045992184190423,0.0028916236809275,0.0698375695603784,0.0720238404250867,0.0799167316688821,0.0115091357801624,0.0041486648229698,0.1231430541156869,0.0074908420999698,0.0518682364847932,0.0162353331928485,0.0,0.0103915753407391,0.015688549888328,0.0,0.0045992184190423,0.0,0.018482922969411,0.0046466802969412
76561198238420992,0.0837919676545317,0.0679084783091345,0.0666131090745563,0.0644859262934782,0.0,0.0582745329457898,0.0102783233111178,0.0282512443037749,0.0588701280251932,0.0238656042223629,0.0804494748481415,0.0372382689266113,0.0288752092131163,0.0582260214874872,0.0,0.0359831488567232,0.0459886979838588,0.0,0.0474747574305131,0.0,0.0380134773114625,0.016496688505159,0.0766267594712649,0.0266205213816941,0.0077178864505077,0.0,0.0107596940029383,0.0075945688492997,0.0195955111412819,0.0
76561198238846116,0.0373957796441595,0.0684528934895933,0.0183783905094202,0.0715611377490432,0.0348148315086474,0.0415542026563353,0.0742617344921581,0.0811833438877313,0.0790867717175453,0.0367606763079684,0.0318238759251195,0.0212552070660067,0.0117709393638009,0.0712813434687991,0.0076149621264031,0.058193174700277,0.0299419889776263,0.0,0.0369552907722244,0.0076149621264031,0.0279744685250282,0.0072824257180298,0.0282872625892344,0.0076149621264031,0.0382447407628294,0.0267877090984124,0.0133311692741073,0.0,0.0,0.0305757554166915
76561198246412594,0.0736959931778965,0.1045627951015422,0.0475199285494075,0.0477595535897319,0.0055941665711765,0.0570238247447571,0.0577445612348625,0.0830507813874481,0.0515500852974794,0.0432227681387757,0.0655260242109835,0.0,0.0393354810219625,0.0415295086261677,0.0052655351358461,0.0306315290457162,0.0178558434023362,0.0111210032469607,0.0,0.0076631661733802,0.0286251338514404,0.031175188039541,0.0307360683261526,0.0244860928391453,0.0263731912761128,0.0133338932581408,0.0248249848799825,0.0063410156806194,0.0060408154596415,0.017411067732792
76561198248263124,0.0739198162116666,0.0879495187112375,0.026531149046821,0.0603001484442159,0.0071745450975313,0.0458171997205366,0.0160388804074074,0.0566639627103658,0.030876845575914,0.03320485587334,0.0646583398103455,0.0347923859862435,0.0298315575036655,0.0384061520452796,0.023994067947622,0.0618101888767076,0.0117069646196581,0.0,0.0674510556690668,0.0065746376436472,0.0319363725366632,0.0397300792000408,0.042856205202446,0.0053816845084106,0.044516606905378,0.0,0.0147920592824094,0.0103876535052816,0.0113964121187432,0.0213006548393541
76561198249893146,0.0451754594490417,0.096587027231655,0.047281432084397,0.0790101295367201,0.0390881077463082,0.0545062016707224,0.0546265183040941,0.0504401391673229,0.0119763143018804,0.0504828773774333,0.0459943759913145,0.0134074993658663,0.0277536979795061,0.0329365534265972,0.0259476180678265,0.0440867295064735,0.0379677952029926,0.0131130624076035,0.0057196786984116,0.0141159400685644,0.0062793493434889,0.0122406899577003,0.0405737015307119,0.0237956400205211,0.0451964016602183,0.0203212030483353,0.007763408821874,0.0195501484620876,0.0131952953732629,0.0208670041970668
76561198251071604,0.0753572765944527,0.0821343344509014,0.045837058826677,0.0936283361498726,0.005149261287005,0.0345615221083228,0.0168138880194041,0.0600360135552961,0.0894699358113677,0.0450179181118602,0.0366606793706172,0.0111841303017757,0.0182459152309043,0.0814096586689851,0.0343982582061704,0.0610455859828438,0.0332126600169657,0.005169719266763,0.014241941071292,0.0051420931216802,0.0356887144449325,0.0135579151858353,0.0280491716327601,0.0,0.0361923076391552,0.0121695844941551,0.0070203232071501,0.0,0.0069340023451294,0.0116717948977239
76561198252530300,0.0889117063903933,0.1008653826171523,0.0303828475895933,0.0639739402763842,0.015682720099021,0.025978701407206,0.0167372440625862,0.0445110193984701,0.0381541810259836,0.0577064507160914,0.0504147957883152,0.0278027992015387,0.0424400844839101,0.0289256432479169,0.0265677780163521,0.0526733477331395,0.0497164783303763,0.0049878634234194,0.0307855361774544,0.0049878634234194,0.0425560175080771,0.0173724267479646,0.0482984662848022,0.0099315386236078,0.0385372418617369,0.0207066906292929,0.0047836792934234,0.0098954315167553,0.0057121241256153,0.0
76561198256116084,0.0819865096788588,0.0439888003697211,0.0660422671643423,0.0818528115317701,0.0177289440629253,0.0468143746874161,0.0392393181648061,0.0456281222061699,0.0621662321137992,0.0144914843751791,0.0365277300209729,0.0152314500951546,0.0119790720587744,0.0580533586837126,0.0381919670831686,0.0293495657558454,0.0440245121663584,0.0450225139736576,0.0368222787376784,0.0149288655944604,0.0431011341687425,0.0335001346377415,0.0068354064099055,0.0067442617181641,0.0137575516355783,0.0029497935356859,0.0153302884026969,0.0157403427253457,0.0029104650738512,0.0290604431675157
76561198262787729,0.0710906369099269,0.1068024174242913,0.0417608393064365,0.0508639397918704,0.0280602380585502,0.0439300022638382,0.0135259457355122,0.075230953621012,0.0273249862207051,0.0332084361126014,0.0560053237952565,0.0319995965562113,0.0659823615723287,0.0138860699095487,0.0,0.0433086438175395,0.0196601816883886,0.0,0.0361491443903618,0.0085680292398257,0.0198909556126848,0.025221739181353,0.0727093004411141,0.0214067759849865,0.0546483783344196,0.0167205035416702,0.0,0.008518654754053,0.0,0.0135259457355122
76561198263694383,0.0576333962302102,0.0436984043717519,0.027742356868229,0.0645919884314777,0.0597777980531627,0.0420083085360721,0.0606207502891262,0.0457250817226574,0.0361358628713053,0.0577560161514019,0.0322055573221647,0.0229941196818983,0.0186862164528608,0.0263659031114799,0.0611217281737477,0.0521755122237853,0.0138021946324628,0.0041881720193672,0.0441622190731002,0.0373395446979226,0.0164977405815351,0.0170400859603197,0.0339874269712427,0.0238686001734314,0.0315593316305466,0.0370604823769928,0.0,0.0084727382415998,0.0,0.0227824631501466
76561198265883417,0.0623346553740588,0.0958425276159631,0.0057928909189596,0.1127235303753132,0.0055285201942961,0.0057928909189596,0.0366675920207194,0.0586105691311795,0.0655389913332043,0.0403335003871313,0.0457533337668596,0.0171853120587245,0.0,0.0608503965830527,0.0310014786954933,0.0466771023105539,0.0306454104490724,0.0,0.0165926058215079,0.0,0.0963101415806438,0.0353189506466358,0.0134619264405004,0.0061700168781189,0.0270461063705814,0.0,0.0351315550662819,0.0125452141680756,0.018468054768509,0.017676726125603
76561198268230924,0.0567802907160083,0.0451288800373617,0.0450422861315359,0.0720203569986745,0.0474383724583604,0.0609284377182024,0.0712223375897195,0.0446060040230835,0.0350267659477891,0.035597812571774,0.0094160883918217,0.0,0.0042408076757361,0.0621538561426124,0.031022411290175,0.0523306811865681,0.0299714398534757,0.0187381124967095,0.0354049821480663,0.0304394159755611,0.0164406514383051,0.030465351081049,0.0060257348318877,0.0104678005099741,0.0388910561007884,0.0310925747621819,0.0146094764780337,0.0150881150661866,0.0,0.0494099003783572
76561198268729880,0.0555435754549824,0.0443866193656262,0.0348730765335573,0.0174379401567691,0.1132371652868842,0.0629500786388489,0.0337931333455569,0.0433387604432623,0.0174379401567691,0.0184024845947643,0.017565941060023,0.0273345002489742,0.0437636827876803,0.0174379401567691,0.0272331959852745,0.0268206783056031,0.0087540133338543,0.0,0.0713808252404868,0.0161444600819643,0.0251956431179271,0.0280294365662264,0.0264321450369075,0.0254120476492703,0.0517154195936295,0.0535486504963475,0.0179494632678148,0.0238486173196877,0.0338918378203655,0.0161407279541721
76561198268967656,0.0687929491301208,0.0748448575041053,0.015261137896643,0.0519113078479377,0.0490564882297403,0.0271053353910228,0.0424027457390441,0.0654625533210584,0.0306103196843109,0.0374056558091567,0.039252444157901,0.0099911751500142,0.0299855121030327,0.0300774917193304,0.0312282867779514,0.0659598598651711,0.0330332419405449,0.0043006170839663,0.0357804600832215,0.0196391512625867,0.0185751913776127,0.0258776318241341,0.0553848906561687,0.013861807633318,0.0575062875266591,0.02486370597478,0.0043006170839663,0.0090486916910159,0.0178630916079925,0.0106164939274911
76561198269218599,0.0586916134101562,0.0581926431503047,0.0211102462850774,0.0854000391792414,0.0056273665019736,0.0290007593672515,0.042504747239913,0.0302221097065151,0.0806512611646817,0.0181732193732838,0.0684260955921411,0.0064923281866753,0.0431570368863935,0.0727607480825076,0.0580393237636757,0.0404753881676504,0.0208284058841626,0.0067741685875901,0.0292914203591321,0.0131956924188478,0.0438904484857577,0.0434498082169202,0.0431570368863935,0.0175748604679617,0.0326682265130826,0.0,0.0122372925087225,0.018007713613986,0.0,0.0
76561198271409027,0.0662791705022878,0.093963694378909,0.0582473160888389,0.0384076904234915,0.0258756139039157,0.047360457620025,0.0487139420351839,0.020500587230038,0.0235723647114731,0.0466428353558785,0.0828522779037691,0.0374200276355111,0.0486265191983613,0.0170554028030511,0.0150289572886216,0.0294581294355884,0.0296461621209071,0.0054317348876569,0.0292721156207441,0.0144422420167505,0.006516961908422,0.0207238609204914,0.0641773541916023,0.0507803673587843,0.0125875632901884,0.0137315511735,0.0191774101350616,0.0071071384298198,0.0066244127436801,0.0197761386874461
76561198271535585,0.0927819788120122,0.1142679029441372,0.0551954240866357,0.0141187177907309,0.036766476705675,0.0800700580016273,0.0069641566422491,0.073193744064209,0.0132615412730815,0.0566480809846879,0.069021936826517,0.0363269951936933,0.0217657490912351,0.0070136135106653,0.0,0.0490429868544806,0.0663751540738994,0.0065955087966495,0.0219508052359744,0.0079497415186564,0.0,0.0072901604248048,0.030270139555804,0.0,0.0504995004118861,0.0150528956866427,0.0076396037418438,0.0068872141283828,0.0530499136438177,0.0
76561198272701149,0.0303144745306792,0.0660963227006686,0.0277020111187104,0.0197834657152427,0.0596001694359613,0.0688046571296694,0.0442951057925674,0.1007165044294925,0.0157975780578348,0.0107997813404691,0.0056869109182106,0.0275109815023001,0.0388492340820108,0.0159190817128211,0.0060102249960109,0.0539947983008333,0.0022390382354656,0.0,0.0262261611041971,0.0284341685792992,0.0497041780649564,0.0104462758137914,0.0480025107767882,0.0158849900020134,0.0800994683633231,0.0344710600257208,0.0255635995342944,0.0162806543452188,0.045781317479012,0.024985275912436
76561198272738490,0.074937222876493,0.0511609777890021,0.0964998184337641,0.0253976843595541,0.0665508346668675,0.0639938724052568,0.0698845055657911,0.0275441270790216,0.0051039251734429,0.0423526319119351,0.0179351650177789,0.0293221223135636,0.0461861145537489,0.0,0.0213027805762189,0.0134231086613814,0.0185270338348243,0.0472595666543692,0.0184400310672724,0.0387546601546756,0.0131305865976216,0.0081745499301449,0.0329638410389732,0.0299593907243245,0.0203166524372843,0.0449443183925307,0.0128312398443359,0.0358915279877804,0.0073383967161143,0.0198733132359273
76561198273177152,0.0551804037304759,0.0833394683275468,0.0097440369589743,0.1011322385148228,0.0063382175667654,0.0429864792724222,0.0409882492720367,0.0520953781641379,0.0562870479502607,0.0245486478250767,0.0380528866641875,0.0317563751253646,0.0091200419527338,0.0432364125756396,0.0337028164100425,0.0352869722783967,0.0307249672596637,0.0137466256003885,0.033191269693349,0.0,0.0655232488882618,0.0358417529441868,0.0258455139132448,0.0,0.0318247092146361,0.0063382175667654,0.0401510331626362,0.0095364061080442,0.0171700039650907,0.0263105790948473
76561198273477765,0.0548418225019394,0.0570013618367981,0.0137476858702902,0.1146437648377677,0.0085314646904353,0.0191575810715294,0.0461136300437695,0.0621593382394951,0.1205773305362789,0.0313966433802954,0.017397587555603,0.0178000791750303,0.0,0.0953324019521218,0.0416870775838018,0.0514794598198349,0.0585752795994512,0.0052028441788723,0.0138135677902453,0.0115904028169126,0.0290915717643205,0.0152670207930459,0.0172193630754622,0.0067734661313784,0.0420468866009705,0.0085314646904353,0.0048169366855342,0.0048169366855342,0.005520817412268,0.0248662126805776
76561198273602004,0.0742973810227699,0.080058311976765,0.0441253649996375,0.0545356976457996,0.0407174296511034,0.0486689528145239,0.023697158553565,0.0357306676413664,0.0367609854154111,0.0411994171165394,0.0488990491729291,0.0218748408609527,0.043935714211733,0.0367609854154111,0.0195374530824362,0.0379721685154102,0.0359715762983359,0.0,0.0539272292475677,0.0338936094049693,0.0334734406849745,0.031949842628611,0.0388329202987072,0.0256159446749634,0.0129211523349913,0.016701906656929,0.0096477962408993,0.0120216040083108,0.0062713994243854,0.0
76561198274446234,0.0771683185723748,0.0898938609072542,0.028595715518229,0.0500782006943533,0.0204245210814409,0.0543245002492197,0.0140811855922583,0.0570936582761896,0.059518687234166,0.0357240094749776,0.0829202360894325,0.0208499876172052,0.0389425236806845,0.0431064106980566,0.0266602264958295,0.0481785917324598,0.029265978899154,0.0,0.0253709061477678,0.0221688527219581,0.0412530307253383,0.0310359475248454,0.0455075974131906,0.0266656393055465,0.0249554614270055,0.006215951921061,0.0,0.0,0.0,0.0
76561198274842511,0.0610056710689882,0.0959777077219115,0.0345085361846493,0.057415542909488,0.033175132957751,0.027085581792022,0.0183824971660286,0.0844807062002809,0.0489376381655613,0.0640138148690358,0.020284642513347,0.0068290110443835,0.0114869714467069,0.0621019024101945,0.0183369359389199,0.0788315111838493,0.0435397951657602,0.0,0.0331538260917112,0.0,0.0382744228502339,0.0173884671721896,0.0171201873820789,0.0,0.0691111206548881,0.0071851820322209,0.0,0.0060687763342269,0.0453044187435715,0.0
76561198275767100,0.1108210123622514,0.0859402363152389,0.0636218718673303,0.0439849935818561,0.0363798985709404,0.0906074794237937,0.0252409741332716,0.0450820278487601,0.0475365723624443,0.0148624255827712,0.0351766175226729,0.0318732966824,0.0445474839520182,0.0244405088838307,0.0244901615340756,0.0589405855552048,0.0082587565365231,0.0156405147128755,0.0326217486831631,0.0,0.0458029392114422,0.0238644458725048,0.0174254352754441,0.0,0.0245556114273202,0.0,0.0,0.0,0.0405695869021628,0.0077148151997028
76561198276820389,0.0440736810514547,0.0796625676142867,0.0333750246924051,0.0685474679765484,0.0257183165073048,0.0464056908585158,0.0260845213071536,0.0519603780120035,0.0531181022434529,0.045598867520063,0.0629548631506754,0.0337190728652754,0.0541966355601215,0.0591471078249077,0.0082689180405239,0.0623125688899402,0.0177377280833167,0.0,0.0215311637936071,0.0254163159758986,0.0167116182374388,0.008323610422581,0.0363222296303151,0.0287809384478425,0.0355888865628319,0.0257183165073048,0.009689847056726,0.009689847056726,0.0093457141107773,0.0
76561198277899306,0.088349478850042,0.1115815246042596,0.0409529333152785,0.0784608364639118,0.0038357761738983,0.0354202802389225,0.0142529937986892,0.0972346133022938,0.0220573098278022,0.0668126283037005,0.0629151789522456,0.0145539299293055,0.0219106426279566,0.0220573098278022,0.0173814198487017,0.0647995024625245,0.0267829575926846,0.0047663824937076,0.0124318468669963,0.0041640264929373,0.0452261308329376,0.0234980379308703,0.0085717299176671,0.0,0.0669757606025957,0.0,0.0109043774948664,0.0046997526495359,0.0294026385978655,0.0
76561198282596613,0.0466025686709258,0.0855664311149295,0.0067471640173462,0.084361621926797,0.0241097780243338,0.0286795203067364,0.0232731725741552,0.0649446417626204,0.0454493574794825,0.0509590652670977,0.033243024680264,0.0226556836564791,0.0126903853098802,0.0474232221289026,0.0101422979144545,0.0591738084244477,0.0126575636201244,0.0055899775018305,0.0253048735279217,0.0122874682313417,0.091198468942338,0.0224431127937205,0.0555303924587622,0.0119479143114494,0.0581962916588874,0.0122428288926741,0.0285193853017248,0.0062769716298292,0.0061930303687115,0.0055899775018305
76561198283021088,0.0688328911232294,0.0555329442818575,0.0392078285935859,0.0221730581000901,0.0863034735630912,0.0867567706543862,0.0152329599531209,0.0406774622058367,0.0223920160274283,0.0492884415008887,0.0407749817741387,0.0117213402688459,0.0471402891255995,0.0078040418282138,0.0211009881929669,0.0563657673812733,0.0138819648546297,0.0,0.0862591755049946,0.0199182686164437,0.0078040418282138,0.0211219223509027,0.0133673642615362,0.0162371326946673,0.0342588027827359,0.0565006052089542,0.0126921687206975,0.0055610615573968,0.0341865262039261,0.0069057108403473
76561198283383463,0.0554904993089449,0.0535037646157706,0.0430139975116495,0.0853399343809756,0.0163614496711657,0.041671829000725,0.0643351603124337,0.0685670908695642,0.0612490251723142,0.0346599388709014,0.0226501906837457,0.0173134847977178,0.0079628240834132,0.0648269618211167,0.0405568833467659,0.0291783746312971,0.0279839519706404,0.0112618289315098,0.0168035743512241,0.0116326281166785,0.0401835714796327,0.0483453949541563,0.0121364549198659,0.0,0.0309944330189612,0.0117119540456242,0.018648697930831,0.0205190070748433,0.0043651559938471,0.0387319381336825
76561198283397484,0.0737011376293254,0.1065768028663847,0.0495655881314075,0.0696393651590702,0.0,0.0569131930379967,0.0229934575999846,0.0496225289838292,0.0455440510331555,0.0734580220882757,0.0574700039740499,0.0160396134689119,0.0269363899499401,0.0382494211634803,0.0,0.0336380829520577,0.0233971564225765,0.0,0.0640308382420177,0.0,0.0525302708078476,0.0383645691520782,0.0509306358147863,0.0,0.0266290713838445,0.0,0.0089540453808993,0.0,0.0,0.0148157547580792
76561198286376504,0.0329282607225222,0.0536013241227726,0.0446848390834858,0.0107469754859662,0.0921762896351356,0.070863392812822,0.0317567378403205,0.1012711267873459,0.0059182003529946,0.0114807000973271,0.0072483603453902,0.0182403091533057,0.0487035427704483,0.0,0.0174770528538051,0.0348499456585518,0.0242922014400969,0.0164650766470042,0.0578033465968493,0.0198603724882389,0.0155153338127756,0.0,0.0408517524436595,0.0078832388401173,0.0815966660450944,0.0303726144476332,0.0142895379647677,0.0131463453576286,0.0959764561939396,0.0
76561198286525675,0.0593709145161942,0.0475951429388394,0.0194514654455031,0.0944671626641112,0.0182559583252761,0.0390266389801997,0.04325784188583,0.0365694873531842,0.0843556563833674,0.0065715763153098,0.0391597370655353,0.038242855495347,0.019517112770083,0.0843556563833674,0.0265105602686118,0.0422800491339945,0.0150023111097621,0.0,0.0380461064233586,0.0235556880536846,0.0482691635374536,0.0326878593644761,0.0386179528837915,0.0427201528925051,0.0118167465437786,0.0056581922790729,0.0116138267000309,0.011479690155459,0.0,0.0215444941318714
76561198286544260,0.0437367706494858,0.0907565214184776,0.0423711580387488,0.1017522931554471,0.0114073279644145,0.0121984142787589,0.0,0.0172734066333923,0.0750911917044493,0.0260512385102499,0.0691913056796731,0.0494632266690047,0.0464995526202133,0.0842445979696564,0.0296372111633616,0.0569580774732038,0.0091534062652071,0.0091534062652071,0.0450013368573763,0.0,0.0406596145342756,0.0562029070907951,0.0327092040051508,0.0268820888102762,0.0,0.0114073279644145,0.0,0.0,0.0,0.0121984142787589
76561198291180742,0.0547897555469167,0.0607790024783728,0.015178794990105,0.0648260268325009,0.0398588442078265,0.0507136716239398,0.0337147338981399,0.0522235857796027,0.0781918290024164,0.0245450529004155,0.0507428215412821,0.0231261914986964,0.0282882220643746,0.0654984586142165,0.0174353168135319,0.0567307719443874,0.0165142359383751,0.0,0.0458684559705346,0.0236068138372378,0.0315007562827583,0.0104765351611037,0.0386296775906437,0.0103219863644789,0.0415222835406013,0.0332376153193669,0.0116741560587495,0.0052514452567872,0.0,0.0147529589426367
76561198293954147,0.071995700142878,0.1088393545748565,0.0408470935632216,0.0559018448749248,0.0117006966092769,0.0579687750778546,0.020255051811682,0.0833538210437078,0.0417557678528407,0.0448117974211217,0.0488004099742145,0.0181506267992637,0.0212645737059253,0.0409155982632842,0.0,0.0490794022635899,0.0262553898559787,0.0105230230382831,0.0342786342821341,0.0,0.0471068273212407,0.0252191236538759,0.0274919437955604,0.0,0.0305527837966464,0.0,0.041467745178063,0.0,0.0360680607439654,0.0053959543556087
76561198295206449,0.0709109632571302,0.0768341764737567,0.0357142705641119,0.0504722557298912,0.0226299111038148,0.0485347280052931,0.0129560045069112,0.076199943443632,0.0362633102190029,0.0473340261306881,0.0558799189556113,0.0217402818110312,0.0628894893651756,0.0362633102190029,0.0074293416271447,0.042862790907351,0.0070566078373348,0.0,0.0566845908832758,0.0129341238006701,0.0292067023816681,0.014174099356218,0.062174505840683,0.0,0.0423017876462041,0.016362440148815,0.0136599290984413,0.0069491202634247,0.0194634952446592,0.0141178751790561
76561198302298927,0.0525874344205642,0.0546923477942939,0.0617529570465304,0.0871095098889843,0.0334458378191816,0.0461324665566705,0.039713327438076,0.0584699537568492,0.0643960749804592,0.0309470931431561,0.0322957379335482,0.0111857565819314,0.0241802113636265,0.0691794196006736,0.0204348766085683,0.0290898293531273,0.022103245367066,0.0,0.036069611114645,0.0,0.0384596873938105,0.0338330971560435,0.0186063592817003,0.0313598686447828,0.0266527435417679,0.0334458378191816,0.0086098890821401,0.0041660122122044,0.0044438768699357,0.0266369372304803
76561198302636427,0.0579795785948358,0.0734373416006982,0.023901065941399,0.0377237093674337,0.0538270943895639,0.0590958303672069,0.0276404009919338,0.0727079179830991,0.048463311383238,0.0374123824940893,0.0212699096128067,0.0305149388006654,0.0435667583268661,0.0310204178409981,0.0,0.0645529926463931,0.0406113452216513,0.0,0.0474474091092794,0.0147256314335459,0.0067032915264355,0.0,0.0322165718505821,0.0,0.0653344258386085,0.0401814884353941,0.0229203828432114,0.0209680747984284,0.0257777286016349,0.0
76561198307891464,0.0700883349252089,0.0977979459471442,0.0357105582976952,0.0747817171194611,0.0,0.0207721800553411,0.0464329713688596,0.0510891143566863,0.0585287793507854,0.0389202843107254,0.0829881564837704,0.0174434495178096,0.009311916599121,0.048414952438707,0.0222594320851724,0.042278967788946,0.0178787532134254,0.0255673152234941,0.0280837051871977,0.004814423090693,0.0464155394990363,0.0246687287191699,0.0240954656071776,0.0,0.0136050157245561,0.0,0.0439114370813171,0.0,0.0184180313792239,0.0357228246292742
76561198307911644,0.1313128037418727,0.0772532408623642,0.0790839835355854,0.0276285826875724,0.0,0.1181058745304111,0.0106038371225621,0.0775119005789167,0.0280021870301502,0.0309201794698109,0.0556993303750122,0.0080441485319733,0.08209792175441,0.0086630273144567,0.0083877419178218,0.0194371551478318,0.0532692150008668,0.0083877419178218,0.0172655344198936,0.0,0.0578641392910271,0.0162414048311764,0.0626520930857902,0.0,0.0,0.0,0.0,0.0,0.0215679568526714,0.0
76561198311777128,0.0762033483260945,0.0771805133785724,0.0502342550669542,0.0750176831527511,0.0281730781717613,0.0639434780778282,0.0229573610368707,0.0573148399974477,0.0687465783860966,0.0368989100857236,0.0434349023928446,0.0164940269302429,0.0142291132190404,0.0546368507091944,0.0198609422353902,0.0266107059907483,0.0204393311591232,0.0,0.0546743262152027,0.0069631050328578,0.0423747576085661,0.0271978145828907,0.0356881294230159,0.0140194813930442,0.0230800079187623,0.0138602598149927,0.0071581017391927,0.0,0.0,0.0226080979547895
76561198313453043,0.0648622411894574,0.0695680883294257,0.0603128300144607,0.0852535847559048,0.0072187810463965,0.0620334686952916,0.0131388632753906,0.0577992261275549,0.0453438702428857,0.0224419135986759,0.0534346817625457,0.0370472792140855,0.037005027759674,0.0396557138051185,0.0240037624374297,0.0182121065998804,0.0314271427949132,0.0,0.0120098450108993,0.0130278791537141,0.0541269852961868,0.0122601434447583,0.0830694391594476,0.0194095477656005,0.0207073992723981,0.0072187810463965,0.0065905268131285,0.0074038897804122,0.0300539693189682,0.0053630122889978
76561198314815990,0.0717792774922589,0.052998119962386,0.0363244783864196,0.0499337465986147,0.0812714500906794,0.0462261493043935,0.0138654184262362,0.0215700614136136,0.0504424497210786,0.0332480443574332,0.0065735083970241,0.0064207449805424,0.0703539358855336,0.0504424497210786,0.0073621121865603,0.0215700614136136,0.0155540599001339,0.0132999898088635,0.102194801718912,0.007927540803933,0.0317630214429569,0.0202218929178218,0.0345147543622623,0.0123586226028457,0.0230021446007407,0.0280178606274755,0.0145010492009571,0.029418615905848,0.0231646245821062,0.023679013187676
76561198314983684,0.0267603059610773,0.0284338811379304,0.0729414925089511,0.0384354403716993,0.0410977287706039,0.0806244503417069,0.0271020574686733,0.0,0.045283988123149,0.0099687829570926,0.034465954032666,0.0533111070291539,0.0752222632647495,0.045283988123149,0.0,0.0191566251528459,0.0340712844859452,0.0,0.0798435123832595,0.0311061048669989,0.0344523095425912,0.0,0.0763028584460102,0.0636405759756526,0.0,0.0160532898090832,0.0070888404840651,0.0522643182788799,0.0,0.0070888404840651
76561198315234904,0.0553633202495738,0.0837976985379868,0.051244655701931,0.0571355809901127,0.0222876566389254,0.0345842607153838,0.0164411281193607,0.0574893613822907,0.04333716341568,0.056278302268234,0.0367807040080556,0.0321334773201304,0.0390358020237847,0.0311632494432519,0.0177510747880695,0.0627633091572721,0.0288256610076899,0.015426142944102,0.0419647992744705,0.0048620348906234,0.0267730077697008,0.0083760550515061,0.0342012458092339,0.0072240414993616,0.0634518091717274,0.0169046451684065,0.0236672530652406,0.0048620348906234,0.0143659555764305,0.0115085691208392
76561198317130606,0.0711961422599146,0.0757233893824432,0.0500126190336785,0.0457534748503601,0.0205953343732691,0.0589224337484892,0.0239442026927639,0.0384978282746688,0.0376048094309126,0.047018346598672,0.0698945326242632,0.0300372970824355,0.0728570784661113,0.024115146420527,0.0154130854755857,0.053471601861716,0.0110331106682289,0.0,0.041482861150962,0.0,0.0270229411943322,0.040523457305607,0.0520386715067337,0.0179604034818149,0.029348302127608,0.0035111475228331,0.0134835484146439,0.0109510768320397,0.0045940313586605,0.0129931258607241
76561198321474420,0.1236946852532084,0.0728105945087194,0.0750178505322848,0.0400200562938614,0.0,0.0367675959467788,0.005386331555488,0.029155528261963,0.0722625723207001,0.0439863935675286,0.0967109365129404,0.0112702509358807,0.0639633598680863,0.0528218570908142,0.0231426177201748,0.0237067390803438,0.0657338730235781,0.0,0.0186640672514629,0.0,0.0512418878518517,0.0325488674273555,0.0397771186198442,0.0,0.0093997880690627,0.0,0.0,0.0119170283080713,0.0,0.0
76561198325641981,0.0856798785771494,0.0684526525127475,0.0798319379820989,0.0594921624522442,0.0377828227892929,0.0467137146566758,0.0448756047012185,0.0427454251904925,0.0225095593190879,0.0332746140005021,0.0514645516340992,0.0115452538206444,0.0308663193770508,0.0275756570246818,0.0248859182384777,0.0163644944978803,0.0483143227915715,0.026657089301581,0.0301698737962188,0.0384158332656499,0.0130166812141131,0.0133005285019313,0.0342223901285277,0.0143215641007556,0.0167696755002985,0.0263998960363338,0.01842805349721,0.018438546294594,0.0046493947315443,0.0128355840653254
76561198326689259,0.045550119720539,0.0344752417235116,0.0224730816702997,0.0911890587318241,0.0190766326842397,0.0670103399565843,0.0766938050267155,0.0052436265564497,0.0834842063134044,0.017732076781326,0.0174307732334874,0.0280668532065016,0.0306054927955625,0.0785621201140385,0.0100851884263777,0.0091787789922498,0.0296319304964376,0.0330806381472923,0.0372793572033696,0.0,0.0730393076546061,0.0265473728602902,0.0484075519139509,0.0,0.0167862707091742,0.0149847716509008,0.0288344604566323,0.0272958215629361,0.0220298972656239,0.005225224145673
76561198328407838,0.0512218225662933,0.0554556585733783,0.0190768273734843,0.1155794770915334,0.0183194086040483,0.0219883822378846,0.0285085675589468,0.0646872577376842,0.0848842736856928,0.0512718980989569,0.0153819106228829,0.0239029234985489,0.0,0.0959430143344379,0.0423776740867231,0.0694453217830858,0.0202715473894715,0.004055633929917,0.0341873282372325,0.0052781307657546,0.0450893563461176,0.0434043900163873,0.0,0.0052781307657546,0.0454662834912105,0.0183194086040483,0.0,0.0044748165022001,0.0,0.0161305560983232
76561198329030307,0.0804292286520556,0.0414753397874441,0.0453852547937171,0.0263446479812393,0.0924653101159673,0.0781269905667717,0.0634075432406675,0.0270129936637818,0.0486223646722742,0.037401855686762,0.0144176605998847,0.0,0.0146509729909924,0.0202522540040856,0.0486940651641334,0.0258302725092461,0.0240555879458805,0.0186965583827547,0.0825104444351627,0.0327492440894084,0.0041238434785777,0.0267492415850887,0.011356109979571,0.0050194886339785,0.0179312131447359,0.056896612203464,0.005593425491569,0.0171531019020821,0.0,0.0326483742987029
76561198330374062,0.0806291910542189,0.0966485396243154,0.0882935802842472,0.0837603194832025,0.0184852474540446,0.0431408269265722,0.0249710107865762,0.0382295043394515,0.0493900930002796,0.0584011769812713,0.029619660689531,0.0068643965182913,0.0232152229274456,0.0634844989681693,0.0347094949821895,0.0539651945756592,0.0098593786129141,0.0151407536146338,0.012664951731454,0.015766491986258,0.0116430131174306,0.016754535379038,0.0484823078555502,0.0148776527485745,0.0253339880058614,0.0,0.0051537677742818,0.0158482512264643,0.0,0.0146669493520728
76561198332366336,0.072218931115718,0.0574350166972869,0.0246291424256272,0.0863382637217835,0.0204169094824115,0.0284237575481624,0.0356628472015027,0.0601081912610091,0.0881711276630304,0.0170343480774972,0.0334528163874158,0.0273804089942467,0.0,0.0678403347409803,0.0221865959287485,0.0203633491995673,0.029310367756796,0.0,0.0523020913369498,0.0327147753035089,0.0948986658754771,0.0356069893606102,0.0158930304485936,0.0327147753035089,0.0224486320847835,0.0,0.0,0.0,0.0143773027523548,0.0080713293324286
76561198335877752,0.0585824635732168,0.0860744677227007,0.0125952486624099,0.1058688439987205,0.0130292017217496,0.0125837810742423,0.024497154370318,0.06470070053685,0.0673511025209476,0.0510562375528947,0.0163147365044193,0.0212178799169763,0.0051324287322103,0.0836815564880774,0.0482893145719325,0.0839294667846276,0.0277563102383594,0.0101627892339959,0.0341795689876874,0.0084028683653884,0.0310435577101246,0.0254715206412484,0.0202069339202553,0.0158993537926106,0.0516721620622844,0.0061611927453669,0.0,0.0141391575703841,0.0,0.0
76561198338123050,0.0321537637456372,0.0470366561412219,0.0754359907660024,0.0105189257222321,0.0808597763987887,0.052800431100505,0.0448004065270155,0.0511888021226118,0.0051428038469431,0.0157464210892365,0.0043001972624354,0.0271477673154522,0.0605468415606376,0.0051428038469431,0.0119858764882501,0.0201127350985699,0.0234148343697429,0.0112023718079572,0.0105959711038375,0.0649178594276628,0.0163543532556402,0.0,0.0222743880208115,0.0778673729350867,0.0455710937955144,0.0506629369538217,0.0187676040441187,0.049769534402461,0.0456714701115236,0.0180100107393381
76561198338661363,0.072406939528943,0.0816902668835129,0.0495760488300168,0.072846980624195,0.0214192606865435,0.057062159504206,0.0072793937600527,0.0411832653987824,0.05197947272802,0.0382001616261811,0.0569856715806425,0.0540018682904631,0.0433387579832091,0.05197947272802,0.0144377122256273,0.023599964285719,0.0071583184655746,0.0,0.059731899172959,0.0072793937600527,0.0452357805548349,0.0238640364322437,0.0481832479552164,0.0126591014637552,0.0164416458201444,0.0,0.0092006918856025,0.0,0.0322584878254812,0.0
76561198339879556,0.052614855609135,0.0641803008545633,0.0285989103130583,0.0800052065989437,0.0371926817515846,0.0442604594976307,0.0460192809048246,0.0409028753217753,0.0428323458013214,0.0342711274481532,0.035234202497456,0.0247795886771573,0.0223781220691898,0.0377541394847655,0.0445108617326059,0.0341804231302415,0.0132364069893114,0.0183168049122634,0.0432286143935229,0.035620107789622,0.0493767590872678,0.0383592658607796,0.0210612941901263,0.0202646811490559,0.0221920205530298,0.0135965452929415,0.0077558716646024,0.0060936135775608,0.0077558716646024,0.0334267611829062
76561198340169992,0.0665696653796031,0.0658804219278728,0.0,0.0824689454571511,0.0278897951339884,0.0239138720923365,0.0390143905272593,0.0733472963268772,0.07679171515893,0.0344025781510593,0.0302667160733203,0.0268478997639286,0.0,0.0630255216416859,0.0455305690411966,0.0557039456242285,0.0172356555643993,0.0,0.0503354263810641,0.0116686356562918,0.066752138320863,0.024038259583207,0.0101954949638048,0.0068686582009888,0.0307836426639594,0.0229484946296361,0.0,0.0049413005043522,0.0131303467851745,0.0294486144468204
76561198341278283,0.0515018167774605,0.0830287244465322,0.0388196546191415,0.0132780845928415,0.0201541256532735,0.0695845818945144,0.0184701623277552,0.1101721134576997,0.024721537004491,0.0524786430909182,0.0485907002745163,0.0246827716228001,0.0523397716421945,0.0132780845928415,0.0052762267803791,0.0379978290315187,0.023243267727164,0.0,0.0356326619819774,0.0074163929360513,0.0463082506047698,0.0076826825526855,0.0475649893499997,0.0192994540935787,0.046136874795552,0.0,0.0211788888440729,0.0109097042844281,0.0702520050208411,0.0
76561198343083907,0.0925293322387186,0.0965858837549356,0.0691868163204844,0.0256106274714865,0.0453459293740078,0.0502973625637934,0.0238500331736866,0.0483539451020179,0.0214373158005054,0.064176258135112,0.064517707268396,0.0186383157639316,0.0240108050785466,0.0078576555389662,0.0366569971896931,0.0489971516515951,0.030606065290267,0.0048864893029849,0.0445099235822866,0.0211692813525055,0.0,0.0164078220074973,0.0327137781669274,0.0076502167118187,0.0229672587517292,0.0201752044375616,0.0086778755986155,0.019686944019984,0.0054031282585303,0.0270938760934135
76561198344803968,0.049757399482417,0.0491907113429803,0.0190404737863334,0.1016458567773096,0.0192870981356042,0.041553043504634,0.0597104965211191,0.0502225676798556,0.0580130622393198,0.0490710271127922,0.0178241292550669,0.0295849247715264,0.0043653775478958,0.044782283144385,0.0571679192027507,0.0363958359457401,0.0303158013958881,0.0158073362695476,0.0310595031472485,0.0042500452632819,0.0577323026684147,0.0276714403921056,0.0212444756826552,0.0,0.0343818788152085,0.0046597335662655,0.0185195388427452,0.0146273645693387,0.0150686192708181,0.0370497536667506
76561198345413393,0.0757789100971714,0.0703963107722326,0.0239394214432378,0.0773922504722643,0.016777546666152,0.0335843339257111,0.0412093905507831,0.0401938258890186,0.0061188365411547,0.0557542836908943,0.0516179930020117,0.023298208908086,0.0116420684723936,0.0121277526725139,0.0510550387820199,0.059925913157757,0.0136684259995454,0.0169449022997052,0.0294793589815289,0.0193807187576659,0.0557026268163963,0.0397582211242286,0.0229121427428358,0.0060975466045544,0.0336546071943628,0.0167455502184702,0.0361304624709198,0.0133780190360401,0.0116692448504119,0.0336660878599315
76561198345645365,0.0644285135693601,0.0792580398487896,0.0308272641317949,0.0913436124439589,0.02606977961721,0.045618701148882,0.0587320290318148,0.0507834840209379,0.0615492896158444,0.0323246713774537,0.0271063537546295,0.0227176433369416,0.0041827711993094,0.0710524046079795,0.0168455828025202,0.0732032496445034,0.0275738610464622,0.0116126358930345,0.029661538565653,0.007752874508609,0.0476985172697839,0.010193358486829,0.0164900724910787,0.0,0.0373704506785465,0.0082155074772668,0.0106087627917348,0.0123986109946716,0.0139945107555176,0.0103859088888813
76561198346465577,0.0833472905501024,0.0614391916881215,0.0275800212820207,0.0789214063110554,0.0326965978482925,0.0415889013554105,0.0452998867168816,0.0508796706842968,0.0418193309332662,0.0408511725537534,0.0264916940213218,0.0202473393831505,0.0274051255496003,0.055580413970681,0.0192794275458793,0.0244889704274199,0.0355965891392928,0.0,0.0342862649128899,0.0328193446559572,0.0202137515824766,0.0126236538377629,0.0497683330080367,0.0428529710703857,0.0214350940506402,0.0127316551945271,0.0071577659879608,0.0131042094544741,0.0228087076520828,0.016685218632258
76561198347406063,0.0670880798966738,0.0712624859544859,0.043512284033144,0.0585320716605475,0.0409930635477536,0.0449457544849241,0.0290074399152536,0.06067226104761,0.0425000121877957,0.046632856514572,0.0451700219194628,0.0274971950281173,0.0192539898271612,0.042790814490185,0.05259796734534,0.0575869146898784,0.01734718668829,0.0106024781319498,0.0403578606805593,0.0055282525047636,0.0257095137725394,0.031935503094785,0.0125568560505485,0.0117271686214126,0.0369917376467364,0.0171307022541116,0.0055282525047636,0.0118973586118962,0.0,0.0226439168947376
76561198347513175,0.0706567519110537,0.1005053545775168,0.022338093145662,0.0859997783730608,0.0142852930419188,0.0196904738772258,0.0103717040440233,0.0531402590188642,0.0728597404337564,0.038857440339497,0.0400075488197616,0.0198542822623724,0.010519465156282,0.0599780289773692,0.0428264434515503,0.0950915712988973,0.0102805651907007,0.0,0.0366699565126919,0.0124155799293249,0.0512430916555331,0.0405102000301371,0.016060734768526,0.0053932178628715,0.041393023748944,0.009258534103539,0.0050634506137482,0.0,0.0,0.0147294168551707
76561198349527228,0.0468253285761509,0.0689761808429949,0.0,0.1146694357825353,0.0213510370710224,0.0200517195023859,0.0496043346043782,0.0635514643778321,0.1059015227151785,0.0313878376182455,0.0193363026788183,0.0128241984935541,0.0042885719076066,0.0914951617783915,0.0172779378952304,0.0672832948629049,0.0113269850408697,0.0,0.0410102565140529,0.0,0.063452893672318,0.0336432372940742,0.0231280598834163,0.0,0.0507591855648667,0.0074451551108665,0.0062345139038245,0.0062345139038245,0.0,0.0219408704046561
76561198350976816,0.0813229415224377,0.0562510603954549,0.0292532880756653,0.1110944471882253,0.0,0.0284182161968217,0.0293206620078424,0.0229908677890495,0.0602168658033112,0.0594724998361489,0.0340448391383757,0.0176441980276819,0.0186158926420852,0.0714285261344948,0.0650567928803566,0.0599620500685047,0.0348541084960853,0.0053040089016007,0.0356298916100989,0.0058428060883894,0.0498668752312649,0.0532766079411511,0.0249612519817414,0.0,0.0175502546042887,0.0,0.011018630447295,0.0058428060883894,0.0051758243589055,0.0055837865443329
76561198351821528,0.0484698412035338,0.0567282904959073,0.042808517497592,0.0701871390220058,0.0266207535893926,0.043186566744006,0.0428248365081525,0.0543850366227586,0.0646781703074473,0.0184721987572293,0.0334041719733384,0.0125586716346654,0.007443630160778,0.0407669802056521,0.0323705820870502,0.0155326804152015,0.0125790363361283,0.0053500922046557,0.0442848637052495,0.0238041324348799,0.0747635451659827,0.0505131388206473,0.0175377507411507,0.0175307948523868,0.0178642251449649,0.0266207535893926,0.0417823433698235,0.0049915301998861,0.0299488164986894,0.0219909097114503
76561198353246717,0.1056693374009262,0.082755897849712,0.0405846783028825,0.062641709591824,0.0067754847138742,0.0670177009157299,0.0344249415444882,0.0216732231176947,0.055252545313983,0.0421909950064341,0.0774950245734311,0.0378318476350569,0.0603283757337646,0.0422605250647026,0.0128836923212731,0.0072034966311253,0.0188209066095747,0.0,0.0559526916032939,0.0128864312476488,0.0311210212721767,0.0395403367503754,0.0495524206111197,0.013906739554885,0.0,0.0067754847138742,0.0079404811866358,0.0,0.0,0.006514010733512
76561198354464634,0.0798778481462764,0.0726891024606926,0.0395193276133759,0.0590444056586782,0.0474806329896299,0.0603767314166709,0.0289665315827148,0.045974749421126,0.0655212931674554,0.0266899715865739,0.0526604244150061,0.0,0.0338014080497667,0.0452147130696355,0.0142385511189655,0.0483896275616402,0.0276941319515681,0.0062536558730286,0.0290232257340867,0.008105306077537,0.0365829071060882,0.0448666846336845,0.0422353943821768,0.0,0.0260007346959356,0.0197891935529667,0.0062536558730286,0.0143589619505656,0.006015682156435,0.0123751477546891
76561198355407343,0.055642436064948,0.0698712021480718,0.0389610196410102,0.0644629973281751,0.0309598622801169,0.0518091156430034,0.0516397785761655,0.0740138304120853,0.032109371761338,0.0275063723983653,0.0449127124421705,0.0540250223992852,0.0107373027532187,0.0315881150188175,0.006790432348093,0.0307097525101793,0.0239479395695397,0.0066596311772149,0.0243563053560778,0.0172842487725393,0.0480116536344479,0.0278289318057157,0.0256642143126483,0.0,0.0277716011063004,0.028081333590579,0.0297928232592862,0.0078271281469924,0.0426304896377839,0.0144043759058292
76561198355821938,0.0506361884394438,0.0561628648345173,0.0328278854000336,0.0513521276446389,0.0455986073376014,0.0470172829090159,0.0174376643021624,0.0980527995897767,0.0299737659716528,0.0,0.0230215497769321,0.0461563501667734,0.0301079062803971,0.0299737659716528,0.0,0.0225722156856515,0.0076751393090571,0.0,0.0303766297688991,0.0073993813992637,0.1153366891815701,0.0090331947937557,0.0553650883116203,0.0,0.0278451690801615,0.0,0.0390087010541164,0.0230980736819632,0.1039709591093418,0.0
76561198358134442,0.0534919231026455,0.0741691300786697,0.024896786577153,0.0160183693895996,0.0320655683901171,0.0518097467150305,0.0170818667175387,0.1778919041704617,0.0,0.0309131896898566,0.0,0.0256289247226671,0.0148850742231237,0.0,0.0,0.0621395403120224,0.0078949978375514,0.0,0.011069689517252,0.0150208563266484,0.0470830560080478,0.0173382269006247,0.014413245919722,0.0,0.1135509952641236,0.0154782401773551,0.0088794525652893,0.0088794525652893,0.142317896111671,0.0170818667175387
76561198358601039,0.041798117409844,0.0845199296911239,0.036702331872205,0.0858368054623797,0.0185196027608244,0.0468430748691841,0.0300271493910372,0.0587064415543416,0.0447712620998019,0.0371300948265235,0.0356640828078651,0.0046656921560768,0.0159935743731481,0.0548583174934463,0.0451954521610001,0.0825812297025931,0.0279215776063438,0.0,0.028007887571637,0.0163109021477379,0.0252994337359942,0.0395667174801884,0.0416111788038787,0.0264596853331288,0.0306276436712046,0.0119490231154946,0.0,0.0150758513033674,0.0,0.0133569405996284
76561198359999689,0.0547757263904803,0.0699934288404945,0.014831890148755,0.0712800940429327,0.0147881292586742,0.0347247179477594,0.0366354772822413,0.0734747428787082,0.014831890148755,0.004252973571128,0.0426131960732646,0.073190044207726,0.0088832866270136,0.014831890148755,0.0051674315978705,0.0186469881836196,0.0096320204023679,0.0,0.0172363305945074,0.0149627829450064,0.132190991530777,0.0044645888044973,0.0563672670811787,0.0080966269675601,0.0474231026096376,0.0060794963179928,0.0482530679710931,0.0300180578346955,0.0723537595925071,0.0
76561198360775008,0.0519734066115887,0.0191269456482713,0.0431768868829433,0.0790182328690532,0.0303229583980915,0.0536354193037134,0.0875335701528084,0.0272577146608196,0.0482934882946531,0.0137495429813368,0.0222143105883906,0.0154271509766882,0.0040231181250036,0.0408473962865101,0.0611093410761536,0.0519414995788655,0.0329710617988297,0.013720022444097,0.0615491226096727,0.0290881033460204,0.0240328042951139,0.0235256475151244,0.0281452488976634,0.0,0.014896662251452,0.0094558882351109,0.0348293577597403,0.032066885366963,0.0097673097830828,0.0363009032622371
76561198365702929,0.0626781479899626,0.0544340932281713,0.0429712188935967,0.0647808698828571,0.0226289588181103,0.0308402996631957,0.0633899930064648,0.0442636322921535,0.0469160595380344,0.0278755849584213,0.0574021713294864,0.0209563172801269,0.0127748579845827,0.0443991496324523,0.0342461114203423,0.0357189769727372,0.0054814107224121,0.0053011056762375,0.0529850750704386,0.0186951577667793,0.0266033551127386,0.0614672460682556,0.0220273969232949,0.0186314936533694,0.0274342977945422,0.0171475480956982,0.0128385220979926,0.0183199328204047,0.0,0.0467910153071396
76561198366069046,0.0986247364937259,0.0616636572541749,0.054318692901979,0.0462932258744917,0.0071504947048271,0.0784963620315882,0.0071504947048271,0.0297924083999269,0.0538508569956969,0.0310785898747735,0.070419441154095,0.021163190415448,0.0328167573791622,0.0462932258744917,0.0295973639606223,0.0215052619906779,0.0225205716656188,0.0,0.0772801933840132,0.0,0.0575164470880642,0.0550286364500535,0.041084521665332,0.0309397761238102,0.0,0.0,0.0091987608444398,0.0079248062975669,0.0082915264705918,0.0
76561198369639036,0.0746631941564345,0.0866969671602154,0.1229531753765221,0.024005330059968,0.0353552761698787,0.0605054717149493,0.0269594274456748,0.0153767504689553,0.0075023999644377,0.0524290614851805,0.0497147375623997,0.0260260680977046,0.0942350312161538,0.0153709475587834,0.0,0.0306522370415666,0.0251467250636054,0.0077730866081735,0.0690558455703675,0.0089756825923309,0.0086343825011845,0.0083013544295743,0.0931089692633861,0.0077617410331711,0.0157022259314303,0.0,0.009629944563349,0.0077617410331711,0.0157022259314303,0.0
76561198372595912,0.0787873940004169,0.0742875139575063,0.0529151101215587,0.0772557177660178,0.0,0.0662250012713534,0.0,0.0127500019727968,0.0844868575631037,0.0239897689970936,0.067744811371579,0.0348601165093963,0.0421403760220557,0.0777147841220702,0.012653758445625,0.0359213512727346,0.0411280783000516,0.0,0.0639403972384267,0.0069163261070771,0.0291558342246565,0.0249368950684098,0.057308722983098,0.0,0.0127500019727968,0.0,0.0158536381021128,0.0062775426100619,0.0,0.0
76561198375365129,0.0632424632949347,0.0901790690417825,0.0362910718721095,0.083644190200832,0.0256286979659759,0.046628007168285,0.0132020271888892,0.0605191912303916,0.0436904156253779,0.0355888484358011,0.0310883781005292,0.0073649859064915,0.0264742771820137,0.0380728736512365,0.0409260823166904,0.0796978158811961,0.0316497376730966,0.0,0.050538204786238,0.0140118323541804,0.0137689587652423,0.0295120706873373,0.0132185891800178,0.0147859002691776,0.0580386911236954,0.0277923767196827,0.0146697667016972,0.0,0.0097754766770968,0.0
76561198376124646,0.0551954467864912,0.0506057401541089,0.0470218545635902,0.0639660918587405,0.0236182879894285,0.0352882014931897,0.0553044974599241,0.0400709157651623,0.0305598442592486,0.0299401207461793,0.0483865915475608,0.0452700555235773,0.0725196987070589,0.0257343217184577,0.0298938922710345,0.0298716113422813,0.0189974935171613,0.0060066605875202,0.0166295323469882,0.0300795440228092,0.0215434351641122,0.010764264106115,0.0635750049282902,0.0078065083031572,0.0243929110952982,0.0154348495102184,0.0449747206193604,0.0213959358727136,0.0069958294204768,0.0281561383197437
76561198377061737,0.0800501127730639,0.0875908214193854,0.0791020933047197,0.0,0.0,0.0948931490422695,0.0213954692536355,0.0912279402344407,0.0,0.0491043762388275,0.0668590065567978,0.0418601673787418,0.0316024264039708,0.0,0.0292171835342935,0.0185891948628624,0.0231481321488178,0.0240391396821954,0.0373357146536237,0.0,0.0,0.0161025608168336,0.0670490921530409,0.0218110418492857,0.0,0.0,0.0216992396691222,0.0,0.0759276687704359,0.0213954692536355
76561198377168031,0.059866134094233,0.0650483471146861,0.0393502581946984,0.0485617256392718,0.0254843199642596,0.0380734328578376,0.0193938140313781,0.0362649051554191,0.0455780009147937,0.0539895686076158,0.0462204154636888,0.0315327291287179,0.0125012872626656,0.0484342996035007,0.0640546643418918,0.0662378045829206,0.0388528495931013,0.0,0.0164770684982342,0.022057506606784,0.012445455369154,0.0474378930606699,0.0300142242342098,0.0448086077965175,0.0362649051554191,0.0251026006814852,0.0054246623697437,0.0147608108019406,0.0,0.0057617088751605
76561198380711412,0.0594060525938961,0.1051658533772875,0.0414980445543372,0.0548971690061557,0.0277051947098005,0.0418475247915889,0.0248672573666807,0.0468973870523998,0.0425115245112536,0.0663866874405289,0.0431597808793577,0.0363214211893705,0.0355931273568858,0.051753601339081,0.0333953250692201,0.0699022176090106,0.0278378814348963,0.0059506909961647,0.0288103407336291,0.0212545083940061,0.0070748066097582,0.0161912131527604,0.0401857078937886,0.0134661164547019,0.031178720943773,0.0064184483369108,0.0080182515653763,0.0064034148270593,0.0,0.0059017298103193
76561198388039360,0.0386119911285831,0.0431233366323339,0.0565418908501685,0.0251863529982212,0.0569132673308874,0.0682226988105333,0.0324214319214107,0.0140686482083826,0.0250166320865561,0.018361332042585,0.0379327388376385,0.0513045584380175,0.0992552250732689,0.0250936355500313,0.0231352312006098,0.0334722847469022,0.0178726719049576,0.0076135180963064,0.0338389630702651,0.0407011978799461,0.0,0.0059774990502785,0.0471671447514842,0.069427999497633,0.0255557498386591,0.0212857862964297,0.0065478475602662,0.0418707073662717,0.0180349491905426,0.0154447096408282
76561198390714886,0.0797591736801895,0.0686665143374056,0.0539960920218157,0.0498642436012587,0.0279377808182917,0.0569607224089112,0.0234493108847594,0.0391683594230908,0.0657741602825746,0.0494099896751107,0.0658945594498815,0.01955018577753,0.0295203345326403,0.0518571350108678,0.0159507567387004,0.0597254649551535,0.046560852761515,0.0,0.0541752862943333,0.0221436505077361,0.0111949246419289,0.0056525160187231,0.0456130038694298,0.0,0.0219220586720652,0.0173783292004202,0.006700756574461,0.0,0.0,0.0111738378612046
76561198391845269,0.0668844002492992,0.0679118078948007,0.0348144900752189,0.0669738025678071,0.027684141618225,0.0355306016976844,0.0316912140875874,0.0638018793831838,0.0600591053997967,0.0572188870654074,0.03502418548303,0.0,0.0215229317613165,0.0590748398734703,0.048386368765117,0.067178395090022,0.0298950514384527,0.0,0.0437126595114759,0.0119127825595305,0.0243873696764812,0.017795192711915,0.0304110403117556,0.0109529960022436,0.0463680244620192,0.017884486748199,0.0,0.0053847698695178,0.0095424409841724,0.0079961347122698
76561198392370761,0.0671585146654887,0.0677759413679257,0.0279714662643492,0.0845262074222624,0.0048840608254302,0.0584882765146944,0.0320229524571786,0.0128036332079298,0.0671985922806044,0.0291621224216665,0.0480910514297837,0.0458675158411159,0.0271192031356301,0.0600909779045957,0.0149324101741951,0.0248893846953558,0.0271735815419017,0.0,0.0685371740107194,0.01768769403336,0.0612437649807603,0.0203697327600286,0.0623835061517487,0.027413462712943,0.008937428218654,0.0,0.0159004683198606,0.0,0.0137412897489182,0.0036295869128979
76561198395338546,0.037787000870021,0.0674551781369677,0.0,0.0587426104612627,0.0599879772253974,0.0299871440613387,0.0693390205660589,0.0754276228791796,0.042311337584892,0.0359220121661173,0.0271431036312156,0.0134067684441476,0.0151012922704945,0.0386395975810419,0.0199532098091765,0.0443792749479851,0.0061774676138179,0.0136981788803273,0.0430352871354703,0.0219615025974865,0.0500295010176605,0.0184213330075769,0.0145670312389701,0.0099014649053081,0.0399977886752429,0.031394387355805,0.0351942462188524,0.0109179016736491,0.0183573479214959,0.0507634111230392
76561198400702869,0.0970322416884009,0.0784557656339193,0.0348533042366147,0.0927468407194972,0.0479530729379011,0.0627949921382963,0.0335610258822234,0.0474544592206579,0.0511200189126947,0.060243325531659,0.0417683917695816,0.0194727106018317,0.005678162559876,0.0407400197433871,0.0282733251241672,0.0372828437138418,0.0103343676110291,0.0087540977681355,0.0371762370013121,0.0189459628185195,0.0484565873438669,0.0184833214970771,0.005678162559876,0.0,0.019814646547095,0.0192714500480537,0.009649775291839,0.0054464899417583,0.0143038856115952,0.0042545155452916
76561198402329390,0.0935611115930118,0.0724230902564398,0.0684118203939509,0.0097385686244871,0.0302434498040355,0.1136075056063383,0.0119161096592238,0.0097385686244871,0.0440816195183711,0.0305710714711414,0.079603648551263,0.0396891777456682,0.0522025217203455,0.0235145467557466,0.0229929819059604,0.0,0.027817338377942,0.0054528105592251,0.0873943011023733,0.0091862543367418,0.0097385686244871,0.0324663387027101,0.0581074045208279,0.0184275390209405,0.0,0.0238342544030896,0.0117732690043664,0.0135061291168245,0.0,0.0
76561198403785238,0.0447721650936207,0.0752995405168171,0.04205241599251,0.0202390993183662,0.0860105456855808,0.0555100396741897,0.0418358965438666,0.0765216978194072,0.0185829507190466,0.0349104709634034,0.0074399965556001,0.0064694578953687,0.0626210991552905,0.0127991027627661,0.0072708660504095,0.0645567094101744,0.0186144401376518,0.0,0.0532811814549845,0.0220983103727943,0.0209317777972834,0.0055744864003218,0.030022986803691,0.0131660452418819,0.0673843721993549,0.057855703856508,0.0061839858064669,0.0310724300608077,0.0057619559046824,0.0111602698071525
76561198407819907,0.0431216900539377,0.1001249173751351,0.0057818463228221,0.0610131043464296,0.0167704116911422,0.0119225422580064,0.0219766260545858,0.0875148450753494,0.0524014255457304,0.0672823356718778,0.0514164914736044,0.0118907778590748,0.0344588298998674,0.0417498692904933,0.0511231066471932,0.0739267540112617,0.037153494379628,0.0,0.006048482348384,0.0053735264191815,0.014206246199444,0.015367233922724,0.0395880238084288,0.0077020306041195,0.0828093026881812,0.0167704116911422,0.0,0.0161362881851362,0.0163153023805386,0.0100540837965793
76561198408126263,0.0391836487276915,0.0551608381675541,0.0378655986388968,0.0592438135703254,0.0578594298659698,0.0456261552800377,0.0635654026720089,0.0453422597048767,0.0254089935899992,0.0467736882208362,0.0217441731673933,0.022663330649742,0.0198427301678292,0.0211205152780174,0.0454873537528563,0.0549781194095992,0.0304685675504845,0.0157932027424839,0.03936618327335,0.0106807555927467,0.0071076574325826,0.0205834529841944,0.0096326120565359,0.0067835621549465,0.056073897950851,0.0273265970756078,0.0272635549611251,0.033207304624448,0.0092509969116649,0.0445956038253435
76561198408226782,0.0483787654124555,0.0355342999024575,0.0546519054372401,0.0373471655466114,0.0572795717365474,0.0322120530195065,0.0567668365863715,0.0138120925586057,0.0240245959299724,0.025432960031224,0.0165230113044856,0.0249544356258216,0.0539496597423818,0.0240245959299724,0.0226825961156708,0.0063450761262587,0.0402624912851986,0.0128903615424652,0.0675956457954612,0.041779645069806,0.0207453873722121,0.0,0.0627626217488684,0.0141857900328661,0.0225921878953618,0.0263600322897309,0.0456073277478254,0.058520387485692,0.0233774223833838,0.0294010783455441
76561198411775487,0.0791764906955885,0.1132636786021671,0.0663103645606604,0.0812604081790221,0.01081032960714,0.0605703139736086,0.0081173977620058,0.0499041052818541,0.0329317224759242,0.0261627758482718,0.0623182257779145,0.0060575825200632,0.0136491282326749,0.0382270307601088,0.0187023110403054,0.043164075303018,0.0228524556242165,0.0161657952243708,0.0451557412863022,0.0056007307703098,0.0589723804017382,0.04880568296479,0.007546365095288,0.0182468707701581,0.0325791620247184,0.0,0.0240403832752484,0.0,0.0094084919425309,0.0
76561198413767937,0.0736966667260315,0.105188577415671,0.0502266987634446,0.0513924817214224,0.0387580218474385,0.042812304238346,0.0172823838782587,0.0585229171935857,0.0358004163394635,0.0404381132952101,0.0521163323554919,0.0309908760622119,0.0460463955939945,0.0223301643227019,0.0238446746386385,0.0376298578847495,0.0,0.004810634915307,0.0540557173962539,0.0338212831320464,0.0233619441566009,0.030950613761828,0.026658794978325,0.0162147580578776,0.0336850373030812,0.0294644997587561,0.0060289453999177,0.0,0.0080115907775006,0.0058592980858444
76561198414097340,0.0463673593771006,0.0766227130416733,0.0272826190111492,0.1075585044225509,0.0,0.0229515337454329,0.0304548269387247,0.0527594823452156,0.073042476034258,0.0350834829918927,0.0396354099972857,0.0330452650749597,0.0186426964642131,0.0693159673317916,0.0360626937935972,0.0439814609702453,0.0264535080180936,0.0,0.027475287084641,0.0187740277606359,0.0723438055207089,0.0274041988784193,0.0524114832361165,0.0184506155219137,0.0184544881216358,0.0,0.0049335042023043,0.0046020425033853,0.0,0.0158905476120541
76561198417579142,0.057879386268722,0.0683847732042051,0.0106500212354012,0.0637422495308109,0.0454565197120266,0.0412401790979524,0.035640644237834,0.0858699225873294,0.035726411862078,0.0630491288847737,0.0108757231693865,0.023000761420371,0.0165365928496921,0.0470023295955564,0.0458509379346445,0.0804403724679414,0.0285199396689005,0.0109300584640534,0.021880210203478,0.0059747324626448,0.017020858063168,0.0170330599762221,0.0177703611704179,0.00603775030601,0.0692995142425582,0.0344003838067642,0.005838598153976,0.0,0.0284111281435667,0.005537451279514
76561198418235102,0.0617810085916542,0.1009036140244154,0.0192914510410114,0.1065329675907826,0.0047377872914893,0.0193896829420142,0.025078329929849,0.0528466504674653,0.0539624802923415,0.0561059599977787,0.0435216592678865,0.023933145358021,0.0140903637629344,0.057491552305779,0.0401167723669122,0.0520662407634123,0.0265284145607983,0.0051574487862576,0.0274624034576744,0.0054261395303537,0.072156049637396,0.0256145878094708,0.0050824272959173,0.0081482452427221,0.0268772708932867,0.0,0.0336444055786801,0.0115948768769872,0.0150319248063536,0.0054261395303537
76561198423335954,0.0852778172255529,0.0569810271908154,0.0695277350351988,0.0707180341943428,0.0262438094368557,0.0592234731648669,0.0161672345319943,0.0266660512815839,0.070475748485267,0.0096336714289566,0.0575263742795136,0.0187246592399159,0.0402202447679586,0.0544019708753529,0.032010258779529,0.0165075268578233,0.0720284265870202,0.0,0.0310523770665586,0.0080576812701938,0.0,0.061935166068455,0.0353617693984453,0.0082282088091714,0.0181861281666619,0.0081095532618005,0.0074748561117027,0.0161672345319943,0.0081095532618005,0.0149834086906671
76561198423405088,0.0753864422305598,0.0820492666838632,0.031059855313399,0.0679297772096202,0.026642718150295,0.0517916619813721,0.0231991388962382,0.0524962227719347,0.0322749235260907,0.0429524150801149,0.0370134661209696,0.0107930448187879,0.0196391730849492,0.0432405797163566,0.0385625130420022,0.074276803835949,0.0320246894864755,0.0044141357544149,0.0476284137647966,0.0163610504669841,0.0189566004796232,0.03806438950926,0.0456812827221519,0.0190790825879865,0.0293040330507731,0.0170333159398491,0.006378909064373,0.0,0.0089104701205617,0.0068556245902466
76561198424437575,0.0584650431505512,0.0784622461096429,0.0351619962158601,0.0502274256697406,0.0414658285299404,0.052387103807093,0.065734784959666,0.0537617000172726,0.0339255089994245,0.0184314312730573,0.0307589135996922,0.0406018482532174,0.0269468494029706,0.0305520101069742,0.0331701539630058,0.0560103444610522,0.0174023210442947,0.0122729898308296,0.0529222334693264,0.0220080547842346,0.0267054485985643,0.0183103055099873,0.0337131242836845,0.0337962438693159,0.0168227881525208,0.0223681603079096,0.0077031031794227,0.0214451872455862,0.0,0.008466851205161
76561198425842216,0.0592446553176751,0.0267397450199207,0.0685876845003576,0.040333246497818,0.0757374289973472,0.0654908942831277,0.0892769162673027,0.0180150443291498,0.0083321849504612,0.0475495509363109,0.010242152434834,0.021900811406798,0.0323690477703766,0.021989203628122,0.0537454378272425,0.0161953533027552,0.0215334772936361,0.0239481769612486,0.0364835954401201,0.0321709716341381,0.0027972952495824,0.0176660925893351,0.0,0.009526154522185,0.0127075827441031,0.0532349992746034,0.0127694054517242,0.0354436624019273,0.0263567699488984,0.059612459018898
76561198427245183,0.0562408689300027,0.0637069768053116,0.0690376334965548,0.0521405216937892,0.0421395587850753,0.060221732624058,0.0253161760989538,0.0342716344297548,0.0637258414272902,0.0238190466356327,0.0374533517756068,0.0248824336882422,0.0538820507731606,0.0521405216937892,0.0117526855203833,0.0469097615492703,0.0248714177340708,0.0112337376425323,0.012608747985141,0.0194227644473735,0.0194827894832596,0.0313647737139356,0.0261960547188391,0.0,0.0259963641427297,0.0411566959618275,0.005683192318452,0.0196611651205767,0.0312056900731301,0.0134758107312553
76561198427383896,0.0501882901950804,0.0403030293234949,0.0104108864375753,0.0943903845194588,0.0512473881135762,0.0278484089469749,0.058826340351275,0.046764250339214,0.0874825914594238,0.0246226182229584,0.0228859426330998,0.0239863154365255,0.0055125552973729,0.0791278169144884,0.0272474830426704,0.0644391251719213,0.0218696783734484,0.0,0.0387473318192106,0.0051521464624845,0.0350947102691347,0.0315676003662237,0.0234318323479451,0.0106647017598575,0.0313890889229482,0.023972906599636,0.0053277190464223,0.0111062603332346,0.0049951380898265,0.0413974592045163
76561198427779859,0.0628251435497421,0.0969708644892387,0.019802137314888,0.1098184379468956,0.027721466255113,0.0326700388232786,0.0296927991379235,0.0793766910393637,0.0622411631788204,0.0520258847624915,0.0180330260483916,0.0102796659720938,0.0049034518400282,0.0614003875762412,0.0388969705601954,0.0934498538620639,0.0366895178001328,0.0045465406925152,0.0313952015209749,0.0045465406925152,0.0378208899565575,0.017419307835945,0.0118644514996265,0.0,0.0305800457350195,0.0055164943424419,0.0045465406925152,0.0049034518400282,0.0055164943424419,0.0045465406925152
76561198428123404,0.0581428006285888,0.0463427530816931,0.0183897842737283,0.0639386520957507,0.0590984912093991,0.0199630846807916,0.0457282400999314,0.0488881438555941,0.0589803226215158,0.0282724697686556,0.026332716512507,0.0295589623663615,0.0327912548311444,0.0514557902231667,0.0332616819105809,0.0506784628894442,0.0390310972860791,0.0053824178277306,0.0348505825327134,0.0308878548204304,0.0361028414813902,0.021619979588985,0.0319016913830268,0.0079278086016316,0.0471225850880226,0.0380620560425872,0.0165653223574165,0.0055361117793256,0.0061622498340601,0.0070237903277462
76561198429193409,0.0790813079100421,0.087917585823708,0.0159852722782885,0.0726826580633732,0.0268758599200889,0.0377952047874671,0.0256954033370038,0.072078480295745,0.0735117479031684,0.0550109590645615,0.0319728299832704,0.0,0.0116575270714659,0.0619651672228396,0.0075819217965934,0.0623615698518843,0.0445431177284701,0.0063393666505615,0.0123845908037904,0.0138424632338923,0.0416327594729653,0.0065630603523984,0.0302760805089107,0.0,0.057922101122671,0.0205364932695273,0.0075030965833307,0.0063393666505615,0.0185738676180444,0.0113701406953748
76561198429606249,0.0761093155127571,0.0802459136908029,0.0350195124670993,0.0706400758415169,0.0588991236862551,0.0526242320267534,0.0335038558634001,0.0608459973315242,0.0588445209046081,0.0480300638743194,0.0146799193183928,0.0045875546216761,0.0075861408409296,0.0529569438324109,0.0166878415198111,0.0697251467887583,0.0184985894612097,0.00751739774658,0.0429215294136951,0.0406732030552534,0.0092626100603273,0.0214875538322556,0.0146146842297997,0.0110769318133877,0.0387808389627966,0.0288859159865675,0.0089976391660875,0.0060718669542016,0.0102250811968216,0.0
76561198432274758,0.0572553672703035,0.0521867038972548,0.0346932316958935,0.0935706113556864,0.026562883097163,0.0338816297494577,0.0478558749758662,0.053257686808582,0.0602396660568862,0.0365976175680773,0.0152512964991242,0.0322108638043298,0.0122447765825536,0.0508118046795953,0.0521473499542465,0.0379700762792658,0.0586090102436201,0.0109346660003576,0.0577265319214058,0.0180988915536805,0.0271683704174714,0.0052349882330123,0.0283843912398504,0.0210509429884035,0.0194154480745807,0.0211012803837322,0.0055758117640491,0.0,0.0104159826136498,0.0195462442918991
76561198432337304,0.0561664332207555,0.0870983253771394,0.0454967551371443,0.0754738305026493,0.0069782447379263,0.039243164077692,0.0248067866014577,0.0679505095603129,0.047579126759108,0.052364735736152,0.0614291700370242,0.0074849863889815,0.0,0.040697235381308,0.0467659712880801,0.0935632358871774,0.0342099715119962,0.006209262774398,0.01986284449076,0.0222798102561053,0.0202046587424747,0.033080655391334,0.0357353769013324,0.0309258676532912,0.0383615100542628,0.0,0.0,0.0,0.0060315315311356,0.0
76561198433458297,0.0643496943130036,0.0549479366531678,0.0346802578888744,0.0983512181491847,0.0081929206565996,0.0741846466165508,0.0421249572279516,0.0478844339073778,0.076478121998569,0.0230953886775826,0.0403656133640323,0.0087075948566331,0.0157081841964952,0.0759943041844929,0.0151784873029571,0.0290279005905959,0.0130734344156013,0.0,0.0554138142310441,0.0067976902285673,0.0650677313303429,0.056284098012113,0.0377440903754189,0.0149397591029681,0.0089086750269229,0.0,0.0,0.0081420688744007,0.0171785511568164,0.0071784266617346
76561198436639398,0.0662747279556457,0.107377344621739,0.0099660941939583,0.0798710179230356,0.0183704353536508,0.0298860880904249,0.051204613329207,0.0911698093185218,0.0110248919667184,0.0328624944772994,0.0486191165381962,0.0195954978430745,0.0,0.0055448751810784,0.0,0.0319532478324112,0.0125551913059771,0.0,0.0197347227591336,0.0092627038062279,0.0991576816758635,0.0,0.0101588706249249,0.0,0.0668750275863975,0.0038740725811212,0.0628681390871213,0.0194915851135695,0.0816027413214732,0.0106990095132278
76561198437664846,0.0871504013877673,0.0819474274112864,0.0604433284772017,0.0988727757871706,0.0,0.0727255775552333,0.0,0.0444882265416819,0.1126203630175852,0.0221202848411938,0.0675988345397681,0.0066880905128554,0.0214869531240035,0.0825618119368407,0.028445753608618,0.0134907611292511,0.0421698664162987,0.0066236951121358,0.0168446714831269,0.0,0.0828513148153194,0.0336108148787761,0.0,0.0,0.0,0.0,0.0086295237119426,0.0,0.0086295237119426,0.0
76561198438587738,0.0517967357924065,0.0816041481091981,0.0111394372472773,0.1244795766766548,0.0140500511254247,0.0,0.024810145385947,0.062695097930978,0.1231075229718049,0.0067130906241893,0.0356541770295661,0.0244224245383823,0.0065326959037721,0.0850822425095714,0.034306909796617,0.0560178036283695,0.0259291551931652,0.0,0.0203510355465157,0.0057828164091501,0.104418743390626,0.0280431922810789,0.0109069674468868,0.0057828164091501,0.0236094005523448,0.0,0.0,0.0069798793051591,0.0,0.0257839341957632
76561198439100835,0.0571447662893483,0.1097884491111776,0.0450098657674058,0.1001469849867284,0.0055172467265226,0.0294517909389659,0.0367861191715495,0.0704039465594205,0.0359512458549924,0.0675049900526783,0.0174815798889081,0.0257942387798566,0.020379477088752,0.0330965788611996,0.0246970559103085,0.0526836044767541,0.0129561533833097,0.0110194912494816,0.0074782859549797,0.0158320746665249,0.0464707877188903,0.0170656976891655,0.0352888904127617,0.0048473473339422,0.0586293929213682,0.0055172467265226,0.0218158497372918,0.0111779933870885,0.0154534028131191,0.0046094455409841
76561198439220419,0.0846983524643911,0.0390228217073431,0.0330637378052508,0.0791474425282165,0.0323886629135921,0.0531989234188349,0.0042335650566807,0.0403442392476577,0.0652037232192065,0.0463559580523685,0.0141024576173945,0.0123746923723628,0.0499481337643317,0.0749138774715357,0.0412625226096857,0.0575531150148642,0.0665203880104595,0.0,0.0324627782693762,0.0,0.0253838775782429,0.0422240496291707,0.0398855457416669,0.0114522715984162,0.0222953710961925,0.0141883691014044,0.0135415586546721,0.0,0.0,0.0042335650566807
76561198439304389,0.0715625781686837,0.0647186703819042,0.0096891371921343,0.1321217846722476,0.0055816256816475,0.0290651427783805,0.005029175517798,0.0448360926528876,0.1244198757197642,0.009259090161867,0.0408503695834106,0.0238856252039588,0.0173574926211275,0.1184508726827229,0.0135144611948512,0.0188957170355367,0.0050192747291872,0.0,0.0333470165460559,0.0,0.1386761785482114,0.0561988045545817,0.008644228890942,0.0,0.0142324688136562,0.0,0.0,0.0,0.0086508431320086,0.0059934735364337
76561198442308189,0.0525339339643921,0.0804049485831485,0.0128842462878557,0.105195312258965,0.0239627772914822,0.0274999103647112,0.0496488515340274,0.0858787751342481,0.0765256575364986,0.0295245125579757,0.0195150768812654,0.0164138893747738,0.0051001859956242,0.0761780501486809,0.0260262994212099,0.0436117272595822,0.0,0.0,0.0263162020099508,0.0052902743347984,0.0698045166380144,0.0295353441896467,0.0096595458788479,0.0140890369373166,0.0517844704281238,0.0173420926593921,0.0091238685337606,0.0043699045767615,0.0045593598832237,0.0272212293357212
76561198447217647,0.0973472476061346,0.1000192909752793,0.0954881615094844,0.0695300333943062,0.0049838749135908,0.0594722745950868,0.0,0.0456944562067928,0.0495051817239174,0.0575109641698204,0.0662311053752255,0.0073288101939862,0.0327503681375626,0.0499269047910949,0.0360915342448531,0.050851884434292,0.043024005362503,0.0,0.0287658502852442,0.0,0.0,0.0355912418294854,0.0452456814057567,0.0059876220837583,0.0059876220837583,0.0,0.0126658846780659,0.0,0.0,0.0
76561198448175035,0.073613839832108,0.0844008911144412,0.0408266864312718,0.1401214341838859,0.0,0.035748177485909,0.0080013154961554,0.0252519715049557,0.0902811040532059,0.0312988666297534,0.0204088667198747,0.0093908282680473,0.01974012455617,0.101568382845984,0.0142329847357358,0.0367731828554444,0.0146248341195068,0.0043102172371786,0.0313530743384351,0.0,0.0775780971233086,0.0564289263602061,0.0291309528242174,0.011287278792778,0.004843104785081,0.0,0.0193924288531724,0.0,0.0193924288531724,0.0
76561198448417314,0.0484028252442496,0.062098354893079,0.0279019887439379,0.0343495023783981,0.0662993341301651,0.0343808567373369,0.0892015376461715,0.0897671168470352,0.0265154954652972,0.0269868887846156,0.0166110204220429,0.0162182293726987,0.0438168956690298,0.0170843626940581,0.0,0.0235294058034461,0.0245411625403154,0.0189722483112162,0.0112053468527696,0.0400512460090575,0.023744261066835,0.0095518646384653,0.0217334597135136,0.0073973092697216,0.0526875660132066,0.0320117094007885,0.044499585753578,0.025953914466333,0.0092056023200246,0.0552809088126122
76561198452163269,0.081742212348472,0.0591982642183192,0.044197679069823,0.0979334152232051,0.0,0.0153446889071502,0.0266037521441415,0.0235019611907653,0.0785151451268556,0.0292265096650713,0.0471756687853401,0.035308073473178,0.0145011319307846,0.0820100168986225,0.0419759312280081,0.0627696054138809,0.0351982617870987,0.0167800811212693,0.037752242197471,0.0083294521742765,0.0404207670028112,0.0301893899047843,0.0365125903249861,0.007621733289976,0.0104526312680348,0.0,0.0036798800734037,0.0091845687008414,0.0,0.0238743465314281
76561198706984079,0.0495686388576735,0.0625537591401306,0.035140672082316,0.1089224308742726,0.0008700534493242,0.0212838505069343,0.0042439153048077,0.0537411220984268,0.026651774055171,0.0613503095121424,0.0430842782966375,0.1085696453488066,0.0293726159726423,0.026651774055171,0.1028460276263818,0.0947669856528379,0.0008700534493242,0.0,0.0132403461437221,0.0033738618554834,0.0161098509431054,0.0129171278885321,0.0181511105257813,0.0465730608418446,0.0431991989863611,0.0,0.0,0.0008700534493242,0.0,0.0150774830828441
76561198742491552,0.0883938881677279,0.0369309027089852,0.0880659781695653,0.0899552248584887,0.0220134203838789,0.0771674114038711,0.0531458577590493,0.0094506053515375,0.0560974563732018,0.0492162538230613,0.0165899126220623,0.0227475941189574,0.0032906003863664,0.0680202922077765,0.0443612059259914,0.0069212791786693,0.0598836633024598,0.0388761336871571,0.0311425873473224,0.0215076401103772,0.0130994736052838,0.0212386321029656,0.0,0.0072584892213113,0.005993251811056,0.0112121080206162,0.0065646036390696,0.0114384297777566,0.0,0.0394171039354327
76561198757776931,0.0700262871694775,0.0902508957648622,0.0338259938607202,0.10002051906303,0.008917746350836,0.0171267832994636,0.0310904905436536,0.04629020839722,0.0551904453906037,0.0559113373264017,0.0255585487069705,0.021092640542879,0.0042294375407569,0.0485534395694118,0.0611757524548621,0.0724228790148523,0.0231498467100374,0.0071496099815488,0.0336616441183039,0.0132802683438007,0.064089289558148,0.027543114758763,0.0027180126629656,0.010562255680835,0.0263443117137218,0.000973093817069,0.0132416329511082,0.0059743563866535,0.0147020782741149,0.0149270800469274
76561198763852134,0.0525617561236771,0.0330812792658759,0.0,0.1053668010754226,0.0269017376836616,0.018055318072845,0.0534516390241575,0.0452028215791499,0.0779893431157792,0.0339088358850232,0.0330812792658759,0.0035609866899767,0.0,0.0779893431157792,0.0301108880304727,0.0302327699202998,0.0088464196108165,0.0,0.0933112311177949,0.0265499013404959,0.0896842720721718,0.0027334300708293,0.0188828746919923,0.0265499013404959,0.0,0.0,0.0511365973387209,0.0269017376836616,0.0330812792658759,0.0008275566191473
76561198772090380,0.0499998715582703,0.0659739730724931,0.0602789060768065,0.0235559112287817,0.055531003521029,0.0506086685935476,0.041056884548937,0.0604435711556278,0.0247625400845919,0.0514312716674391,0.0332841524112614,0.023423323973075,0.0538477129485484,0.0103709800843853,0.0183533231266256,0.0460595927134004,0.034190974753928,0.0201051648984343,0.0375046480525448,0.0579877689498663,0.0104134423946119,0.0015006039815574,0.0036131586392095,0.0525058299166087,0.0394504553232611,0.0268090763734762,0.0015576796408822,0.018965038319807,0.0108024723789012,0.0156119996120899
76561198778416827,0.0916070093202613,0.0735327669488896,0.0632464973566879,0.0445696846680244,0.0295182197861559,0.0407470407379641,0.0307475017675693,0.0478954056152419,0.0223074126988811,0.056965378152786,0.0313601033252836,0.0151618683955926,0.023613975701383,0.0122877825004539,0.0679426546835809,0.0616314768018012,0.0116197906684753,0.0444674712633518,0.0297792772375626,0.0274730149134516,0.0199469342214648,0.0497470138290312,0.0060579899863657,0.0,0.0313793216233621,0.0130073475305342,0.0198508436297671,0.0157965832603523,0.00575669810704,0.011982935268683
76561198792381604,0.0764121272670847,0.0060406949138781,0.0743653620349966,0.0463345187596401,0.0681773084319824,0.0224110813363588,0.0603876492212694,0.0590599549422019,0.0,0.0240199263113753,0.0,0.0280495401980595,0.0088275988733387,0.0027854019678346,0.0416315276616588,0.00648104270251,0.0237814405049392,0.050904193055946,0.0035582175174714,0.0697943199034614,0.0241573935363762,0.0110019662389545,0.0135437590413509,0.0359814543560693,0.0233726136715225,0.0304331924462228,0.0758829078406349,0.0646024040924372,0.0300409214298959,0.017961481742528
76561198796975770,0.0411695900973864,0.1183780855617587,0.0065033649426183,0.130714063288022,0.0,0.0119882891562817,0.027419794196231,0.0778603634383985,0.0751589098679677,0.0358479361751981,0.0492394093288731,0.0100069049187277,0.0180938951378816,0.0873007054635154,0.017224304727623,0.0684445162888676,0.0160163801855294,0.0,0.0101653737662879,0.0,0.0833030203921756,0.030842878365251,0.0284126963224316,0.0,0.0292636688856842,0.0,0.0121505547414877,0.0,0.0065501036073301,0.0079451911444704
76561198797617660,0.0471561503153059,0.0815288699059686,0.0168749142656933,0.0933836841464464,0.0060979349674833,0.0212462847697923,0.0552337994964388,0.0447387082588411,0.0745696925644205,0.0199724199893409,0.0428602179867292,0.0467798635344492,0.0183446766040557,0.0594736604416657,0.0248033066408524,0.0500644444489143,0.0235425910278237,0.0,0.0059745956789831,0.0048990059861566,0.0521639349526151,0.032422541346817,0.077597314104782,0.0,0.0126449577152451,0.0,0.0252595742550256,0.0060979349674833,0.0411728895059148,0.0150960321227547
76561198798566786,0.0711843074903966,0.0701242134481161,0.0217452427554971,0.0761862910602851,0.0222440683024025,0.0173917045681527,0.0384516236115132,0.0967101118984762,0.050665402663298,0.047936969728736,0.0348292638455918,0.0118906640923451,0.0337909550371575,0.0565714872616894,0.0179050220546894,0.0619090553659973,0.0383630564572974,0.0,0.0135880590905493,0.0114541499160725,0.0328604131433587,0.0292878323296085,0.0182733516292017,0.0068046566466771,0.0538775542582737,0.0121325418173339,0.0094220748477907,0.0143429095280576,0.0108813574847729,0.0191756596666609
76561198802237869,0.0515242141912268,0.0676610731391355,0.0125496050261244,0.1015212070374665,0.0239469135550019,0.0240830839912853,0.0518486839612587,0.0705056907070344,0.052165267722486,0.0414786304030868,0.0253226156722632,0.0443001003202365,0.0071393813344864,0.0622160394153098,0.0361247919613103,0.0781929854124184,0.01840719671134,0.0144664101248768,0.0219157680026252,0.0087101385020323,0.041354010707246,0.0113036572309213,0.0130900197861727,0.0087101385020323,0.050576572387266,0.0174379216002739,0.0031481480760858,0.0236802149143522,0.0034744031868447,0.0131451164177981
76561198804601630,0.0606594049767709,0.0979627609014623,0.0235161544270563,0.0829821908377163,0.0221636683415713,0.0521583357175583,0.0842966569044972,0.0966848461781428,0.0369090443984031,0.0362059887385176,0.0613690106500335,0.0125971218376076,0.0206441949076213,0.03652888375505,0.0171884285533548,0.0283948845608694,0.0216417134288989,0.0135410898578761,0.0267282180539538,0.021174043993728,0.0221761481003269,0.0062768696684909,0.0222638750686705,0.0072392737553159,0.0204531619924268,0.0044576305328577,0.0258828110967007,0.0117697846515645,0.0059162125381773,0.020217591574778
76561198804680697,0.0520489362589831,0.0861182134393338,0.0196597024476421,0.0692803333756242,0.044089853614291,0.0391378478912456,0.0758610749820257,0.0779994010419072,0.0786210521842462,0.0307529732204626,0.023724230196994,0.0,0.0058555015475921,0.0715777706469331,0.0062658388296294,0.048572432476906,0.0,0.0111488036839868,0.0286553466056509,0.0190433354761535,0.0440598954582863,0.0187491127949687,0.0114234261363375,0.0,0.0447528742256615,0.0238094355195628,0.0127962979427935,0.0118683599000177,0.0057256405538768,0.0384023095488864
76561198807749950,0.0527388736431245,0.0988620998852688,0.0067428508900723,0.1063285777718685,0.0195267446992324,0.0263334243285997,0.0208132149416487,0.0923982122231976,0.0736732272794017,0.0396236831345874,0.0199279013535333,0.0193719680876146,0.0132552277188174,0.0735180132815668,0.0329114954797192,0.0460912915340505,0.0067428508900723,0.0067428508900723,0.0133545189281425,0.0065195513150639,0.0527196866838132,0.0325499392885663,0.0132016794318673,0.0,0.0462905182575726,0.0195245243786109,0.0196890991141572,0.0065492016639602,0.0131855579641478,0.0208132149416487
76561198812864080,0.0859802205050398,0.0892073685335901,0.0469343396800144,0.0518316348800965,0.0188899724325805,0.0697796296970397,0.0323902296195718,0.0435712110376592,0.055367739666664,0.034036151875862,0.0580398099824119,0.0111060648457029,0.0213299169653604,0.0461553949850847,0.0290197131462379,0.0363109885857148,0.0375137224306842,0.0,0.0393162457968227,0.0177546186831252,0.021902876415387,0.0291450215449253,0.0458589003038013,0.0241822541390429,0.0155973507525567,0.0044226148643359,0.0111890843843045,0.0102657637214139,0.0064369321438231,0.0064642283811455
76561198816134762,0.0479444165645783,0.0484786035351949,0.0325553642224107,0.0996033611985433,0.0063857744769974,0.0506655816778343,0.0361356220357001,0.0532859400909521,0.0759746826574283,0.0203741605732447,0.0391764732184788,0.0537495661019685,0.0095740151466336,0.0813670392075817,0.0309809757758714,0.0157593619624181,0.0384418197497254,0.0151607626276026,0.0301230163211383,0.0232089064949056,0.0640690000218615,0.0092328201334214,0.0258471779639833,0.0078002522663357,0.0196956879103777,0.0021093047980772,0.0233276187176798,0.0042764696789202,0.0218029003562869,0.0128933245138465
76561198816301919,0.0741319372638806,0.0307244998328992,0.0483467411063585,0.0516002274800613,0.0521265414861116,0.0706174627980346,0.0683266855549585,0.0324969529508359,0.0276642902143331,0.0286518694237465,0.0439761412989226,0.034378683708566,0.0081787702016181,0.0217456926077931,0.0523785774416174,0.0136091644035746,0.0224782134030235,0.0121060043431033,0.0319213473980825,0.0599639899443699,0.0221877632017514,0.0156530080434075,0.0444336134485453,0.0126374867577545,0.0115798849862287,0.0115183077263544,0.0367739007684853,0.0406826313045113,0.0,0.0191096109010693
76561198818769123,0.0625496551132127,0.0638887733004995,0.0221001637041127,0.0700227460414296,0.0515601370433883,0.0380341468649033,0.0311142330069824,0.0574031442639933,0.0589473819970189,0.0314630262174504,0.0280818873077697,0.0377609307335325,0.0139224195131805,0.0422865715170101,0.0375320011635874,0.0724375204363902,0.047239379533665,0.0,0.0209170541744474,0.0,0.0119112759918552,0.0185499496778785,0.0270783159243825,0.0609618270395181,0.0350174433400168,0.0250068869782314,0.0,0.0055175898226814,0.0,0.0286955392928608
76561198822653847,0.0787157941411546,0.1108112450916641,0.0739399696027691,0.0794793600904254,0.0079292031336605,0.0388990098576142,0.0,0.0236141842199597,0.0723702127912235,0.0290311841071477,0.0535268400432253,0.0341793145215727,0.0650235218444314,0.0723702127912235,0.0,0.0325476179432552,0.0329742338917896,0.0,0.0415876861106701,0.0,0.0481781290271747,0.0250329620585464,0.0616820143512915,0.0079292031336605,0.0,0.0,0.0101781012475392,0.0,0.0,0.0
76561198827623243,0.0653914443183808,0.0804658925673434,0.0327124656223786,0.0592817145037263,0.0440899744309013,0.0246515874590271,0.0092857566954709,0.077098730993974,0.0392347936690006,0.0530636450722745,0.0189976089641942,0.0106341125059359,0.0179223268259072,0.0327120688485826,0.0376009121993326,0.0759851845415675,0.0565020474772814,0.0035793187511086,0.0361364073499148,0.0159457815892132,0.0110995681386001,0.0304070624998899,0.0196104351928981,0.0192038279171973,0.0631647030144604,0.0305153111512206,0.0036999974770368,0.0,0.03100732022318,0.0
76561198829174449,0.0705399757710212,0.058843674371515,0.0610737759619824,0.0379509672740563,0.0884915274040613,0.0706888187883939,0.0410351722120585,0.0518434068300407,0.0038756273129239,0.0494080155995868,0.0198761925011692,0.0092675093083742,0.0348895306388905,0.0087713033234987,0.0245348250959503,0.0336254975815305,0.0155186644523633,0.0384776804050777,0.0392434000412792,0.0310339985436283,0.0,0.0049018705835146,0.0248143558744728,0.006451614988649,0.0341659852780738,0.0518830390222268,0.0221870915171758,0.0151662001016163,0.0282070000874199,0.0232332791294476
76561198831192918,0.1049221350490855,0.1026300071442668,0.0850541762908956,0.0738144789297556,0.0,0.066751927919127,0.0142730419728724,0.028677357327564,0.0524978377312641,0.0545104352964055,0.0674825185495567,0.0,0.0,0.0541451769030102,0.0404939166445245,0.0435975495973686,0.0588413847816349,0.0051799089438549,0.0160382474170794,0.0,0.0465042555667786,0.0615515294279445,0.0058864122765071,0.0,0.0,0.0,0.0085738511152515,0.0,0.0085738511152515,0.0
76561198833276319,0.0592868700880242,0.073424044633791,0.0129317980832849,0.1210457219488366,0.0,0.0282734451009226,0.0621783399759719,0.0764868985394443,0.0785004752424277,0.0242600553295117,0.0454053772113697,0.0270451247151622,0.0121442370239161,0.0600146168130925,0.0292294411993991,0.0171149966870935,0.0236419359414669,0.0057764651197563,0.0326572713903686,0.012909761264453,0.0712545015744198,0.0297781643510048,0.0250773047696873,0.0053435994302297,0.011653490154824,0.0,0.0242308255730654,0.0067309098201997,0.0060006111225004,0.0176037168957746
76561198833867588,0.0811409847256006,0.0867069167190079,0.0814200227942911,0.0706254252889765,0.0,0.0658276829705516,0.0215597255603858,0.0242049951117048,0.0676625027828659,0.0383658231742837,0.0761393998451532,0.0202240120206555,0.0213431413629945,0.0578650567949414,0.0382155906746557,0.0359887836399659,0.0325066436342858,0.0059195337600598,0.0173551913249824,0.006342216635506,0.0397601535936568,0.0540345158207245,0.0169389177569411,0.0161366149387921,0.0,0.0,0.0122617503955658,0.0,0.0,0.0114543986734504
76561198833987527,0.1101898352854727,0.0960429480139484,0.0598314801459517,0.0175900211393926,0.0439852184126237,0.0639376371031039,0.0180775298634496,0.0236940803206773,0.0236097875641891,0.060066968301409,0.0586803745178732,0.0215711854204002,0.0480818049033421,0.0076752752813416,0.0236097875641891,0.0245371387818274,0.0249591734644105,0.0099913778111521,0.051710119549174,0.0476331715925048,0.0099147458580509,0.0275943590852994,0.0425321446056234,0.0,0.0236940803206773,0.0183581376523609,0.0218117415371891,0.0096847625557579,0.006009134354684,0.004925978993923
76561198837284017,0.0938114526644471,0.0661669419919813,0.0552959449599841,0.0991407882738136,0.034636279672766,0.0564920285660445,0.0438475449733799,0.0160634399658392,0.0447840987158298,0.0346108161161026,0.0532897788929827,0.0244792452005941,0.0233640177161393,0.0519555037637094,0.0461319692380951,0.0379589231326227,0.0157875240688372,0.0,0.0250818456132207,0.0112213371791002,0.0380320127429137,0.0613559626894294,0.0193987134167415,0.0075171679842038,0.0,0.0,0.0,0.0187385051633041,0.0,0.0208381572979167
76561198837631318,0.0411491677510676,0.0555793924854483,0.035071033854814,0.0737533954545872,0.0318193712700608,0.0560359348488147,0.0282368873432896,0.041778941536454,0.0721232915849694,0.030764692404897,0.026880454461038,0.0090849068065314,0.0210836311132875,0.0572721214980841,0.045211484835728,0.0684125089569555,0.0340397206931867,0.0,0.0749898911531863,0.034569233138484,0.0205076292262951,0.0258973570368396,0.0253427980758149,0.0393234745270641,0.0337850257303495,0.0,0.0,0.0068532905663513,0.0,0.0104343636464003
76561198838206590,0.0527737475079121,0.0592819615476208,0.02381162637693,0.073530209236511,0.0531949285224218,0.0327498954102354,0.0909837181727278,0.053528124269522,0.0597583419734529,0.0283591876954973,0.0294383854435095,0.009921872945563,0.006060477172149,0.0552935886246334,0.0285605515472763,0.0452344365226172,0.0142310208979396,0.0138476020910033,0.0387229118479906,0.0123318535196718,0.0374198403345563,0.0159006040419412,0.0223298316179787,0.0,0.0330101158323165,0.0297122236971351,0.0052852343669795,0.0241399524638518,0.0199479388155941,0.0306398175044606
76561198838823687,0.048088445699093,0.043045971271279,0.0190443728102943,0.0532196209906581,0.0413338318265173,0.0344645274772699,0.0791508132301026,0.0651018024767671,0.0322790407851585,0.0399664553578106,0.0194659934697502,0.0266258593149448,0.0203793286179977,0.0427818170696789,0.0115984742778994,0.0222882300504931,0.0358690397898638,0.0237075157887075,0.035350971102622,0.030291393728733,0.0411268571918077,0.0,0.0128433779783298,0.0236241042422804,0.0553875734469746,0.0105152562397994,0.0274234214446998,0.0458841019979904,0.0379967611493481,0.0211450411731279
76561198842146094,0.0599923810864209,0.0855962030801677,0.0268030244511513,0.0671225335812323,0.0157119606479698,0.0436721208518616,0.0526293466356537,0.0680522585093773,0.0478443547832525,0.0353918794158618,0.0308816793901426,0.026370142292037,0.0280065610179485,0.0386317396496516,0.0250451294944023,0.0368254061903032,0.01259219095791,0.0147448118511153,0.0224942692032759,0.0185040137926478,0.0578242849246798,0.0159705267325862,0.0413300212639458,0.0065267161380401,0.0557507763972423,0.0042994265573281,0.0371772142185179,0.0038754270590826,0.0128159703438535,0.0075176294823393
76561198843353774,0.0759661913761786,0.0740053275321068,0.0395517925640209,0.0863912424893534,0.0369410387043311,0.0541979830544235,0.0330097207049455,0.0331643793710473,0.0610010040173477,0.0363093480566922,0.0274817376610737,0.0134316503733645,0.0237945919799536,0.0612124099548567,0.0330969877194716,0.0449806508537877,0.0372658932713055,0.0058593530527781,0.0332140874600832,0.0176036514820223,0.0330633149134002,0.0270256318161369,0.028954870455288,0.0051569102865945,0.0217604759112038,0.0217604759112038,0.0089965254980182,0.0053243751279154,0.0136190253483159,0.0058593530527781
76561198843437563,0.0812110890824369,0.102295499464655,0.102295499464655,0.1218469402633623,0.0,0.0812110890824369,0.0436523876712066,0.0,0.0470298313330423,0.0030165364902812,0.102295499464655,0.0214453175537725,0.0996398701459282,0.0440132948427611,0.0,0.0030165364902812,0.0,0.0030165364902812,0.0,0.0,0.0,0.0003609071715544,0.0785554597637101,0.0210844103822181,0.0,0.0,0.0,0.0,0.0,0.0440132948427611
76561198843790470,0.0615248014273162,0.0577547450571962,0.0,0.0872283948836465,0.0422309253562245,0.0359793007543938,0.0428772774590933,0.0480880698555975,0.0825495896903016,0.025941862792872,0.0162061833666368,0.0313371220659799,0.0169354216057122,0.0753253174896862,0.032823802111172,0.0554897203535647,0.0146935466441607,0.0058165235035478,0.0559902985158905,0.0137008262656305,0.0659803939709217,0.0137741221854914,0.019033456507944,0.0,0.0411414586642066,0.0274752532519603,0.0169354216057122,0.0,0.0056410419731878,0.0075251226419515
76561198844902387,0.0719436961924846,0.1055987525546834,0.0418004982750232,0.0739651322477267,0.0,0.0233071206749897,0.0224632721151228,0.0500402519337324,0.0850306949688893,0.0453625585061334,0.075258997984083,0.0268537362087038,0.035615481729406,0.0646817004539369,0.018923761836741,0.0454731485354854,0.0369466743054997,0.0,0.0380064173981786,0.0,0.0304102810456821,0.0,0.0551523629099384,0.0090874504377014,0.0268046549130407,0.0,0.0042334310977822,0.0045730614794696,0.0042334310977822,0.0042334310977822
76561198845485546,0.0888647135384896,0.085402531852778,0.0145457379425628,0.0320300483207783,0.0396408949507501,0.0533416977690738,0.0070373086236441,0.0702022952245076,0.0263470991318803,0.0457191170325407,0.0434112091627496,0.0255622799535006,0.0486136222544739,0.0249109744526344,0.0119445572734397,0.0720531424428943,0.0690602208574066,0.0,0.0346883845537241,0.0091483360687265,0.0277679717646514,0.0124264098624464,0.0628512593167453,0.0,0.0400061255767278,0.0237727376018931,0.0,0.006931425691998,0.0237198987789816,0.0
76561198845632839,0.0481491109196154,0.1019421810760595,0.0530145335439972,0.0360258228096715,0.0329092019374061,0.0521998505012657,0.0607748760315099,0.0565515904287917,0.0144744906574145,0.0412710022713042,0.056326693576503,0.0255003112365994,0.0380767036356305,0.0195718240590283,0.0302369635780437,0.0356463420770878,0.0,0.0176692722838621,0.0446338381054172,0.033302551048795,0.0120690662061944,0.0256767204354224,0.0386170977333302,0.0323577046905998,0.0084339864263647,0.0,0.027780852713369,0.0166530405888321,0.0092482070089595,0.0308861644189239
76561198845689870,0.0850637711886002,0.0575348031473119,0.0331483580733705,0.0298305489873179,0.0821121620311907,0.032339528426164,0.0203196683320565,0.0474916027949337,0.0216331393783342,0.050284676060023,0.025389960658979,0.0237837591593412,0.0562889495799765,0.0140163905547634,0.0322617914849013,0.060262810020432,0.0439153601514163,0.0049810430681598,0.0202361045244638,0.0229662991288207,0.015093921675635,0.0140163905547634,0.0366211890196591,0.0071486446309781,0.0382064149061074,0.0535179495797716,0.0049810430681598,0.0101642484138708,0.0399512269375636,0.0164382444629336
76561198846183374,0.050778020057164,0.0632342468372029,0.0472082881954941,0.0530655012079664,0.0480208288408539,0.0324117860097126,0.0777809680805231,0.0644264690727089,0.020201956252425,0.0167253859277858,0.0230612358498503,0.0127526769916616,0.0,0.0272146318673875,0.0400544153969601,0.0390652672502255,0.0077130893143538,0.0173604383225493,0.0483679866843678,0.0364918011346603,0.0612064468245523,0.0255744125439209,0.0245397582511419,0.0082048978504683,0.021351374194629,0.026090053621054,0.0261266482325238,0.0248404905097871,0.0196381604981668,0.0364927641799016
76561198847297910,0.0518070847269482,0.0717219191367186,0.0245365074152097,0.0599646938465033,0.0532740168091949,0.0313604775204183,0.0515265377868362,0.069715242590251,0.0095194801336481,0.0598920683358838,0.0127029092977811,0.0248367424148532,0.034548015247241,0.0130084225137497,0.0300219466676034,0.0455545126091094,0.0285843292531041,0.0040877634222026,0.02256080449826,0.0478044046068954,0.0181109145419321,0.0,0.0272042983343628,0.0130767300361475,0.0437409810901398,0.0312159771686052,0.0203961985134203,0.0245060146671308,0.0605106134147031,0.0142103934011448
76561198847593484,0.1122977694913053,0.1042621789696088,0.0559470217964319,0.0799790635525875,0.0175344779964161,0.0262456409507951,0.0254142941524345,0.0650663246640069,0.0850546365999319,0.0245783589832574,0.0626284931640139,0.0133615556135133,0.011904114539911,0.0641678370665429,0.0447092916193065,0.0509804440188239,0.0056709262320111,0.0,0.0206478163906353,0.0,0.0233348475351729,0.0609002210072143,0.0062060053000191,0.0,0.0151050662780159,0.0,0.0,0.0,0.0085457242849978,0.0154578897930455
76561198847902117,0.0897874383872729,0.0632982621895261,0.0500309530831357,0.09625519167918,0.0074281330105127,0.037406818942383,0.0,0.0417166823678889,0.0744449792576823,0.0599206246507013,0.051312627755169,0.0177832996774844,0.0,0.0636561240676071,0.0593867882138345,0.0794880274820823,0.0505135460500236,0.0129213635023662,0.0236169092975022,0.0,0.0350697285853968,0.0351454724104429,0.0158424837992922,0.0,0.0128440563331836,0.0,0.0074281330105127,0.0074281330105127,0.0,0.0072742232363054
76561198848316420,0.0787820624301561,0.0409998940149778,0.0377421328051668,0.0893624734860804,0.0179823284405118,0.0746541756521192,0.0269102783384835,0.0164261531892873,0.1176638868271618,0.0251585897527737,0.0541579141450847,0.0,0.0087324365634863,0.0893624734860804,0.0384971899000495,0.0350336415230193,0.0448922283764924,0.0,0.0264745158446701,0.0,0.0174339016333608,0.0742007610087909,0.0338925091442924,0.0184230934613616,0.0078868203525279,0.0081439663829076,0.0,0.0,0.0,0.0171865732411566
76561198851738367,0.0454621511388976,0.0466809599124191,0.0062971487778961,0.0528141285975757,0.0765927696502196,0.01862629728013,0.0488319786814126,0.038468566928924,0.0537043756994134,0.0176611048433558,0.0306075345547648,0.0432567549758834,0.046698273046547,0.0459294969643868,0.0198488229587984,0.0557023987547346,0.0290380186792319,0.0,0.0369590175237055,0.0131071622127119,0.0099716994292377,0.0181077111665282,0.0349729935736195,0.0148701926955952,0.0400857403149712,0.0689759422479795,0.0287257432360592,0.0456096865643827,0.0123933295906173,0.0
76561198852781577,0.0448558235680323,0.0626757593501236,0.036930655078775,0.1025814172128444,0.0062910458284746,0.0385291512606072,0.0373412210211302,0.0175179265779565,0.0661512426671627,0.037449280019119,0.0225996724947926,0.0211399482194261,0.0147017308764068,0.0644581762640753,0.0515742286689114,0.0557345971926376,0.0180909937447361,0.0,0.0379231346227223,0.0317920364959262,0.0442559746094119,0.0599106827598943,0.0202749148648085,0.0246154782255128,0.0315715629256992,0.0,0.006221491594044,0.0,0.0315715629256992,0.013240290931069
76561198853165772,0.0586626782437442,0.0759717519811638,0.040027621283751,0.0435739150914684,0.0196910673332149,0.0835114105168052,0.0205381365686588,0.0648348805099839,0.030487531442393,0.0497088142371398,0.0542420880308667,0.0139926962853665,0.0469716859846024,0.029099416421762,0.008158627739595,0.0490957725238135,0.0327541524747334,0.0,0.0040573881664795,0.015656864379681,0.0345578313780414,0.0158872969402845,0.0323158364415769,0.0379311143642217,0.0416111220283472,0.0,0.0361950009483399,0.0262436716783599,0.0342216270056042,0.0
76561198853188317,0.0649538862155708,0.0755286806207996,0.0481389117651365,0.0788093635822601,0.0232445063859195,0.0180085009209328,0.043699214943201,0.0825681688479384,0.0361907868063375,0.0463051830828411,0.029007274451126,0.0282621360611059,0.0072374728509632,0.0415337374293453,0.0449908060987456,0.0485513151288637,0.0275600668903093,0.0202450236600239,0.0101028979172004,0.0127977359501185,0.0391524116624122,0.0241758940449209,0.0288522464232349,0.0,0.0480298374198548,0.0078327258533797,0.0127977359501185,0.0072374728509632,0.0055602630991553,0.03862574308722
76561198862661273,0.0608938374393057,0.0704912300857066,0.0332765272069155,0.0915755625773296,0.0,0.0203385330379132,0.0329424333668976,0.0285056668166681,0.1211942981329859,0.0370426768269478,0.0258893369492628,0.0250107231380419,0.0347227078569618,0.0803366338623884,0.0381372908913677,0.0475492994493646,0.0654351222023842,0.0,0.0107069089632136,0.0178874570446239,0.0452339216017089,0.0275486889782412,0.056775476755102,0.0178874570446239,0.0106182097720442,0.0,0.0,0.0,0.0,0.0
76561198865591103,0.0667321907483644,0.0438752467353315,0.0462799314130801,0.0825846119091596,0.0454488099907891,0.0387471857509123,0.0395554798740133,0.0518734754524343,0.0509928477197889,0.0466716030934578,0.0049943528824731,0.0088662610767453,0.0199192598727495,0.0564620048631597,0.0584695064053984,0.0532139615900688,0.0313202063061519,0.0090460575060267,0.047723572202902,0.0164353662829531,0.0201504561217243,0.0380299339168251,0.0,0.0,0.0232083308755689,0.0418124568559999,0.0195513486152943,0.0091784206146083,0.0134175216019785,0.0154395997220394
76561198867608134,0.0944481426324293,0.0832687939520537,0.0509324566762864,0.0544985566108837,0.0248310994254244,0.0736377333881441,0.0071535736745406,0.0541161950993857,0.035565288860258,0.0541479314694321,0.0728813538168111,0.0075204330711532,0.0402560593457984,0.0307185333492848,0.0219077375492216,0.0341595442123303,0.0171459830291855,0.0,0.0651900136037341,0.0195997050101883,0.0180835232261197,0.0236602477429158,0.0483813355455571,0.0117821667679087,0.0243090963691999,0.024284062500599,0.0075204330711532,0.0,0.0,0.0
76561198868323862,0.1049085556035868,0.0756355918039789,0.1058988671137322,0.0515284917019759,0.0,0.0875315036387144,0.0360736247045468,0.0068832661641102,0.0604330166965419,0.0456875202877744,0.069167855060287,0.0177795565663705,0.0147015897462556,0.0515284917019759,0.0455968900290204,0.0223459145020052,0.0741124472134938,0.006787376261835,0.0146779398914172,0.0079142134844205,0.0093770165406881,0.0524583466008288,0.0089045249945659,0.0,0.0,0.0,0.0221531862074529,0.0079142134844205,0.0,0.0
76561198869428936,0.0718600009150734,0.1027488307353987,0.0344393981338564,0.0346639187930494,0.024265725280587,0.0632759703568354,0.0149203460128277,0.0691244261894003,0.038171369054573,0.0297692852479406,0.0435611589003303,0.0164737329735527,0.0565503576590049,0.0251608615377142,0.0264806354862302,0.0575719833456236,0.0065566733254153,0.0,0.0378551183087044,0.0,0.0465967605842918,0.0324127545284324,0.0584419161155834,0.0294424328569461,0.0332251098017938,0.0077625765746214,0.0,0.0155815134114562,0.0157723630298086,0.0073147808409475
76561198870279063,0.0477330666658498,0.0841809017743682,0.0245043235203813,0.0904578407358573,0.0411938849322759,0.0338733686642027,0.0761779122353456,0.0455556156742279,0.0216834552119803,0.0440153514990619,0.0246632034858623,0.033147863041186,0.0154444980753259,0.0309939373286668,0.0256320742451976,0.0222739073023663,0.0261139914632435,0.0091736414986898,0.0433263853593183,0.0300979368972474,0.0220640741393577,0.0,0.0237325534065107,0.0135874429089846,0.0268399475534734,0.0152581935551559,0.0327129416705649,0.0508415115563096,0.0174999896558437,0.0272201859431433
76561198870768812,0.0688774487415974,0.0794479251948372,0.0376060083927563,0.027101097024175,0.0427440579389729,0.0500756095263495,0.0216400279303741,0.0514144472684651,0.0274593832160732,0.0400136499853765,0.0679366065898143,0.0275649733991037,0.0700849695986177,0.0142207290167367,0.0276936890260725,0.0513892340955713,0.0079167990754707,0.0,0.0577986844346464,0.0145989138081611,0.0126111512370056,0.006303929941266,0.0446164713269478,0.0144646473605451,0.0306570565068026,0.0427440579389729,0.0163018210136501,0.0244673142461728,0.0070411141222129,0.0152081820432513
76561198870946600,0.0559528663213318,0.0492668726971043,0.0312829969125432,0.020141982207572,0.1078236745738896,0.0685299356582383,0.0448444738295583,0.058488530773446,0.0265591175754389,0.0332211257224708,0.0280496242434908,0.0109573677307459,0.0370722307572463,0.0102527156019341,0.0139437264410877,0.0474241575679703,0.0155754930135386,0.0,0.051648019879961,0.0385721646332291,0.0,0.018014554161109,0.0273639723837137,0.0,0.0536848966359544,0.0755892943915331,0.0224069484531777,0.0285669619933351,0.01531938393292,0.0094469119074587
76561198871845380,0.0806353765454745,0.068654886114417,0.0287367435922126,0.1156222822337073,0.0058435780126014,0.0236513270307858,0.0472111392231646,0.0303543943402961,0.073376180121509,0.0400418245387702,0.012206346426671,0.0103827455015356,0.0191806386903728,0.0839247263177947,0.0544399866557233,0.044837260684481,0.0165431055608397,0.0,0.0178951435627008,0.0072517050298076,0.0723698093724068,0.0627310906596441,0.0378988818791957,0.0,0.0245108163276946,0.0,0.0,0.0060686827907749,0.0,0.0156313287874174
76561198874472241,0.0539478409830761,0.0582776385234652,0.0196949318239026,0.0973311197611105,0.0303548618220946,0.00501873253504,0.0543860005257746,0.0686863294605033,0.0631082388894621,0.0360718840821059,0.0181441066906396,0.028185909878841,0.016025209338452,0.0548444834609886,0.0377369674380402,0.0474244890249619,0.0196626962485761,0.0102870294199808,0.0208831554049071,0.0163494917304241,0.0455253886317953,0.0125052218909944,0.0042160428375993,0.0150602834030485,0.0440949635642193,0.0187166384626976,0.0242666197929606,0.0341492224501874,0.0104390894056948,0.0346054125184549
76561198876451323,0.062799720321215,0.0825408125733066,0.0488462496742288,0.0343866730037356,0.0302700485907666,0.0798989633938198,0.0695439267061921,0.051542032776149,0.0190930593887357,0.0261733527698428,0.0606497971339522,0.0169664305695745,0.0437597413777047,0.0109688684836349,0.0162236625706727,0.0203517136106754,0.0280938293522499,0.0199662538674468,0.0230832502108254,0.0121916498395607,0.0323102715018589,0.0175169457555775,0.0333469427037973,0.0375662133403468,0.0190325778540597,0.0,0.0372249360299884,0.0111625292273925,0.026214451120125,0.0282750962525631
76561198876615080,0.073707916377839,0.0847755109836959,0.0440250918923839,0.0590454443325348,0.0672713769302219,0.0615010356993437,0.0659734648114279,0.0444138498631056,0.0212422981546312,0.0487894062361922,0.0162545496123606,0.0,0.0112234381809713,0.0270083716798036,0.0262627341019745,0.0477325017254148,0.0210169013113538,0.0155260254560204,0.0500641652496734,0.0252652387729931,0.0,0.0191689897220569,0.0274542682935227,0.0095350185495257,0.0226894296468814,0.0273836034928862,0.0285850690714216,0.0223486219160417,0.0,0.0317356779357208
76561198880142983,0.0586644292480396,0.1163162623374165,0.0104404432949139,0.0920111833024776,0.0,0.04158336154256,0.0185152560336828,0.0932701648372704,0.0774436449971505,0.0209256921552504,0.0251309817634557,0.0088544409419088,0.0,0.0771362768245293,0.0050363243175254,0.0317965292958052,0.0050363243175254,0.0,0.0124671500082588,0.0056429222655917,0.1317252269894508,0.0102787052745066,0.0,0.0083620583962306,0.0394217149048722,0.0,0.0482438015950036,0.0095177682225309,0.0521793371340425,0.0
76561198881008111,0.0311245181026139,0.0457212940814768,0.0189605109242952,0.0527633548683336,0.0355393339134563,0.0511535055146142,0.0919166761536352,0.0508784161533748,0.051867996816527,0.0226886080836881,0.0248377057069792,0.0184588045888214,0.0188641919381065,0.0291841003667992,0.0275091461819773,0.0340252123277174,0.0204764451307364,0.0126012723669326,0.0140606143391893,0.048826137703201,0.0376110625212456,0.0208863823022409,0.0406823679315629,0.0,0.0463077936520803,0.0174224192588688,0.0568965915295977,0.02488946679238,0.0126747086194459,0.0411713621301007
76561198885046549,0.0707767791847826,0.0777529856692167,0.0266424439578629,0.0951405208193499,0.018204039710354,0.0363959288184763,0.0474496544640612,0.0480208344802997,0.0329201835463443,0.0481680169212238,0.0453728205887893,0.0315376207490519,0.0220622269324077,0.0530644101202148,0.0410087998321745,0.0617823062495201,0.0279483672605816,0.0,0.0296107748176243,0.0071082355840628,0.0184160224236725,0.0221806695362845,0.036262461903347,0.0,0.0221860380965285,0.0,0.021926408826829,0.0196807142990202,0.0124633374881717,0.0259173977197468
76561198887083618,0.0725238474409004,0.0835096700643748,0.020575566065772,0.0597383668339805,0.0137584965766382,0.0461516458389366,0.0626112420056934,0.0812418582387684,0.0254437523271797,0.0492848921661255,0.0525728777552235,0.0327539086524612,0.0141935366212123,0.0358856265734016,0.0073650632606706,0.0115391317390815,0.0127708388254382,0.010573794346226,0.0232886974652095,0.0141123953783281,0.0633838520436476,0.0181880374953749,0.0298467825425358,0.0073650632606706,0.0334676364164132,0.0083943019505336,0.046390829879404,0.0,0.0429318638844689,0.0201364243513282
76561198887943085,0.047163781158672,0.0348907295556111,0.045865606277528,0.0467578509798302,0.0652809297130202,0.0423409846525163,0.0642504435957155,0.0724844253550471,0.0320692579098201,0.0411274047879569,0.0,0.0162103888297827,0.0281212399871827,0.0354516117256833,0.0299369766423692,0.0165342524596336,0.0267371677004179,0.0159450133118412,0.0410030537229478,0.021780768189372,0.019808544261477,0.028731652370652,0.0,0.0091774050425008,0.0357329928544998,0.0578407856627726,0.0198628520651068,0.0288684076308028,0.0151573837773867,0.0608680897798522
76561198888074333,0.0336555640184683,0.0300305800307753,0.0522776711447885,0.0632984868985856,0.0487740238092458,0.0582737318956213,0.0552296458212133,0.0345304505320018,0.0355578183117757,0.0155788058031571,0.0258247336360493,0.0294553983270942,0.0266067103673402,0.0355578183117757,0.0559838204516558,0.0155009556386121,0.0,0.0227072641570894,0.0215812823686254,0.0560777129079495,0.0517343966075146,0.0440759214655682,0.0344375407497591,0.0382233075562274,0.0118759716509192,0.0387017379619267,0.0079086805469639,0.0271489394115813,0.0076701252561932,0.0217209043615207
76561198900476414,0.0422395285339796,0.0734644143883724,0.0167424755629002,0.058183787941696,0.0411864778892537,0.0397134231733147,0.0703914670434069,0.0773951503541888,0.0308344003144218,0.0354775297414225,0.030016356745241,0.02180949510301,0.0265536244138406,0.0408231130090586,0.0109223923853737,0.0239625561606094,0.0044632064000552,0.0,0.0224126653724379,0.0342311569367202,0.055523319480581,0.0255614134184559,0.0134770497573411,0.0165109564608517,0.0397623890496182,0.0384322511609942,0.0274412204236449,0.0304824695823594,0.0280262401700022,0.0239594690268468
76561198902671770,0.0695364141099317,0.0671411872771199,0.0248871372633653,0.0489021841044758,0.0364921971530751,0.046757631016485,0.0495972176823882,0.0981406417042775,0.021179699955937,0.0563763854137299,0.02866893987454,0.016586910308017,0.0056812542461832,0.0041963361777836,0.0361305905010385,0.0633754420243006,0.0480664460870543,0.0190064881217198,0.0324736592757784,0.0091507278184253,0.0167705419232549,0.0,0.0115483747212064,0.0046348902925986,0.0655814473497553,0.0175910587816798,0.0372702769995394,0.0106510675050254,0.0400051355543348,0.0135997167569781
76561198906743730,0.0629897103482812,0.0788219323587927,0.0534106287269233,0.0660373787784431,0.0328669456841159,0.0773014430511409,0.037112379859467,0.0376086216293932,0.0503391448893695,0.0194210407130731,0.0553387098375001,0.0272090204161452,0.0262175659946484,0.0315313466610899,0.0302777434095129,0.0260965741747863,0.0124718210275218,0.0131371496681506,0.0367114905071235,0.0168687735417929,0.0256204686195639,0.0424728445849571,0.0428244563457254,0.0178774962167165,0.0,0.0057073329329537,0.0262002977412216,0.0201378613370526,0.0,0.0273898209445365
76561198907957525,0.0610675605824945,0.0589297558755181,0.0257286837256961,0.0903012544527543,0.0297741424223361,0.0152781026589474,0.0348067156009506,0.0749546345403659,0.0168734600541023,0.062516439426914,0.0,0.0610916903141198,0.0091960820550111,0.0168734600541023,0.0588156963662543,0.0338404798267918,0.0191059546813882,0.0153957265620416,0.0220626862075138,0.0326654248867984,0.0568144215942848,0.0044535785021601,0.0236134749442557,0.006162588758649,0.0592316001492247,0.0297741424223361,0.0306755780009195,0.0151859786876297,0.0250712571465736,0.0097394294998644
76561198908664868,0.0958339820262189,0.0887382091417167,0.1183511023475674,0.0350530651281673,0.0089496836688442,0.070121136830263,0.0084122078565784,0.0664960297547498,0.0171297519458561,0.0484589627886332,0.0426142894450344,0.0330632509949145,0.0831425721026242,0.0171297519458561,0.0089496836688442,0.0248441824311165,0.0497753914343532,0.0,0.0161654905841177,0.0,0.0150240106551157,0.0,0.0935338901719931,0.0,0.0186914832794182,0.0,0.0,0.0102882586868932,0.029233613111123,0.0
76561198931909013,0.0347868581003474,0.0480927205848113,0.0095086837541466,0.0830325374185414,0.0086748102822148,0.0095086837541466,0.0423450088802088,0.0534090389852245,0.0428941347444757,0.0484576083513678,0.0505159595023178,0.0733818113926599,0.0,0.0437507578490308,0.048314824260131,0.0593335755175862,0.0297288241246268,0.0,0.0101907719576898,0.0079938693692482,0.056532035481622,0.0352696885337958,0.0663764288858535,0.0246246573789743,0.031019144406207,0.0162659856933249,0.0,0.0075911754111101,0.0411459210230514,0.0172544843572844
76561198937925146,0.0699514286812746,0.1214550263749323,0.0972742779452064,0.0523377676788281,0.0416474419059446,0.029923248121931,0.0198199475282502,0.0324772676996388,0.0321549895917842,0.0505567131411135,0.0582736944781426,0.039159842385458,0.0302811215801333,0.0306791876988191,0.0515035976936576,0.0519719100512833,0.0101604558844769,0.0091701742063057,0.0,0.0,0.0192545149736083,0.0605628488873704,0.0,0.0,0.0426377235841157,0.0198199475282502,0.0091701742063057,0.0091701742063057,0.0105865239668623,0.0
76561198950687868,0.04958675564002,0.0775759234408121,0.0423636153955181,0.0595762847161667,0.0052632246643933,0.0390389260672255,0.0396869106220428,0.0276793327625206,0.061824676148518,0.0225524076358497,0.0953217105334909,0.0442187240131087,0.0378922938688442,0.0459208262428433,0.0160519463043526,0.0438606863007484,0.048495516955948,0.0046157512162746,0.0265562284765728,0.0161819220413183,0.0207064981862503,0.017034143879987,0.0793033752873393,0.0099508951453828,0.0118387725477545,0.0,0.0168442176053529,0.0099486003325508,0.0105707619331775,0.0195390720356347
76561198954743459,0.0595015726825543,0.0816634168031357,0.0353824204841275,0.1016711860049248,0.0210373854326994,0.0357720450458598,0.0389015900320981,0.0731736072767762,0.0669988093926422,0.035181581113137,0.0315509729500313,0.0150274578610367,0.0050190217725776,0.0668782785637201,0.0234431651679798,0.0544895261106023,0.0214111494531637,0.005485852094982,0.0223431515013152,0.0044110998880436,0.0585740514845048,0.0404420800460863,0.0050190217725776,0.0,0.0526713063647117,0.0143647202535197,0.0098969519830257,0.0,0.0,0.0196885784641654
76561198961057393,0.0932349754793671,0.0638780656043703,0.0573832797525366,0.0547333055771062,0.0390219961562589,0.0810748962451417,0.0306677170026813,0.0246937480365499,0.0495138196469685,0.0492077526003871,0.0490836184508319,0.0192927317908603,0.0290459237304769,0.0434448365149103,0.0275687236030223,0.0121657111511276,0.0247471058142624,0.0051964383283727,0.063801181610866,0.0176911068434221,0.0317406293793284,0.02723182341895,0.0280963090361437,0.0064022761329145,0.0078385165496565,0.0256450466739066,0.0178211773122592,0.0,0.0,0.0197772875573197
76561198962774260,0.0355327824844533,0.0353638720133263,0.042581231333374,0.0462592515104649,0.0613724266868292,0.0309178485041136,0.1064554123519729,0.033830905667216,0.0215539464914633,0.0261059902554687,0.0485684970682232,0.0231554155446784,0.0185338234628196,0.0187088589290743,0.0372456433813266,0.0214119444647885,0.008523954565652,0.0799347300468348,0.0444436039225881,0.0573745334499386,0.0146076646457022,0.0274574315656933,0.0242303495951535,0.0281780307295674,0.0,0.0,0.0145345103163859,0.0334788538986286,0.0025486207056538,0.0570898664086075
76561198963902506,0.0546443805670488,0.062023467520213,0.0097059078459947,0.0702122962137462,0.0345591864322779,0.020874776836823,0.024178882283678,0.0855734769510987,0.0570735292471073,0.0568814003004115,0.0291221389890448,0.0235756067841365,0.0202262225300568,0.0476620939472128,0.0447186469712182,0.086761476580077,0.0132812361817861,0.0034746428193343,0.0242785268474847,0.0174931610519797,0.0296812793124443,0.0162597362428861,0.0208861332939671,0.0203782511327299,0.0699762982945783,0.0378156540689911,0.0,0.0,0.0044666334367162,0.014214957316956
76561198964730990,0.0541490174873273,0.0741467286356148,0.055502304520679,0.0927697692417908,0.0,0.0313099415773928,0.0204160864154606,0.0669106346027703,0.0898359653705955,0.0526367656579703,0.0704569769513859,0.0189824086183739,0.014610711268598,0.0770390847024678,0.0134854554574565,0.0463849688940024,0.0352210218277823,0.004293988765004,0.0162661564746242,0.0090931908593862,0.0570634335680544,0.0177678867430045,0.0319366868949675,0.0085994523294202,0.0229815974715847,0.0,0.0043922645980702,0.004293988765004,0.0,0.0094535123012105
76561198966274908,0.0643582984398484,0.0788858608308998,0.0300395080902979,0.0458157028188982,0.063997852668641,0.0583835450405516,0.0181515272711641,0.0700335355739588,0.0173953711273928,0.061232632433991,0.031755524733132,0.0183661933336781,0.047427896338159,0.0255648839083426,0.0103929361377717,0.0512168675641734,0.0222782789969741,0.0043557601156669,0.0615432667473484,0.0203328175989002,0.0057523978407162,0.0158466875697443,0.0304593738388995,0.0144445510382327,0.0481847712033615,0.045546410968246,0.0158312439163909,0.0138447536480717,0.0,0.008561550206546
76561198966998552,0.0356370474029216,0.093802668098279,0.0324233691629846,0.0338001465818,0.0133680672610993,0.0412977005125572,0.0281348143078416,0.1050722593106166,0.0269369370081852,0.0351096403812252,0.0613428644809273,0.0155835825478353,0.0424827864511807,0.0174971236416748,0.0208157081495478,0.0640330043938208,0.0097245713790864,0.0,0.0157823716650634,0.0127209367025963,0.0372596673026429,0.0191449764021844,0.0753929536645634,0.0072124888922205,0.0662062862110231,0.0125532611196114,0.0138775121063853,0.0070448133092356,0.0486976282436531,0.0070448133092356
76561198967733216,0.0625785413064366,0.0529080133999806,0.0422630125921239,0.0769334630889495,0.0076052812041333,0.0507607595815159,0.0595209291659517,0.0573715400551421,0.049250841001905,0.0177755371002221,0.0653277792698993,0.0230442083183754,0.0215504661105411,0.0420007917671661,0.0587756466367766,0.0337128416538488,0.0159810671318332,0.0088536766310203,0.0504880930964433,0.0132370918721279,0.0212451841550212,0.0405118184627874,0.0367287383471119,0.0082080362763897,0.0215561972690733,0.0,0.0138827322267585,0.0,0.0,0.0479277122784639
76561198968237390,0.1020169831436789,0.0916233189996734,0.0962377047569032,0.0439103004543736,0.0161397090436912,0.0842694828907327,0.0044030848877353,0.0290444033626601,0.0375906076333784,0.0429204407106848,0.0573641022036857,0.0084187347740738,0.0925286586559154,0.0439103004543736,0.0186583650364314,0.0152796811033755,0.0155974814914761,0.0,0.0336943632234188,0.0,0.0145202395299311,0.0522822230875135,0.0736918388073425,0.0084187347740738,0.0,0.0072249479785296,0.0035639181964856,0.0,0.0,0.0066903747998606
76561198972795993,0.0940818656699264,0.0850493712616219,0.0580213219713122,0.0901983329323597,0.0063163578017727,0.0318395171722335,0.0236951903675112,0.0537542994217007,0.0507656506251323,0.0736873159404737,0.0446623249834584,0.0102928079340603,0.0,0.0514624854432489,0.0774824605219247,0.0610793618982577,0.0258334908689486,0.0,0.0242762735923531,0.0,0.0226562432642582,0.0578062827767624,0.0,0.0,0.0173543400481227,0.0063163578017727,0.0,0.0,0.0,0.033368347702787
76561198974123949,0.060226506814337,0.0845184222549176,0.0348622675893176,0.0916872970951419,0.0322213412097824,0.0192689866843847,0.0197424476068535,0.0491952166134521,0.0543161705315227,0.0481434797079049,0.0311463217776656,0.0141416598186957,0.0454843954613456,0.0568128006415718,0.0198696296781203,0.0488236739307206,0.0389828800492899,0.0,0.0402227272769255,0.0125007298903487,0.0388103960901087,0.0339818628191877,0.0309097243187963,0.0067056847666636,0.0428659222069632,0.0136661767028351,0.0115100691907851,0.0,0.0193832092723608,0.0
76561198974989829,0.0806463856630133,0.0983043459943675,0.0736761428270325,0.0420657669876832,0.0051662281175255,0.0763300696163653,0.0194396730052575,0.0254787481451843,0.0233509859119788,0.0480255786194674,0.085498298112892,0.0286081473215042,0.0743503084846047,0.0233509859119788,0.008343645115275,0.0293174820874032,0.0217844687056523,0.0,0.0314177013197999,0.0204201205948181,0.0227447870911986,0.018637345541022,0.0824427414268663,0.0436670588761922,0.0053019070582492,0.0,0.0064648493471417,0.0051662281175255,0.0,0.0
76561198975067132,0.0471033508104296,0.0355679726662233,0.0199559909455963,0.0666789496485849,0.0656197931946963,0.0715913310030536,0.0709081864753879,0.034007390486957,0.0688534897262258,0.034392275715404,0.0272325109545885,0.0,0.0182848130599057,0.0636832970776943,0.0228515207410902,0.0204043578948271,0.0198499607716088,0.0256668200284238,0.0542119552994814,0.0166804164882096,0.0180387838842847,0.0269519262507765,0.0188771488880789,0.0,0.0174688468614172,0.0415812584091032,0.021717596740729,0.0202387465377642,0.0,0.051581309439457
76561198975990427,0.0607807380790558,0.036021299719967,0.0163109112962603,0.0233254169425871,0.0833380515365057,0.0806436890671215,0.0294519114903367,0.0450077233680589,0.0474886768220284,0.0283489388095483,0.0263829651704176,0.0294735749381081,0.0178550765061295,0.0066970959732647,0.0571132946074411,0.0713906885384766,0.0125107503482747,0.0,0.095604876581082,0.0297889724637468,0.0066970959732647,0.0538805410013051,0.0,0.0150377441803586,0.0272554325741437,0.060285333840686,0.0310077107593984,0.0083014894124314,0.0,0.0
76561198976541186,0.0778140182411473,0.0430735548173886,0.0922013381360915,0.0139594831269552,0.0899826001251775,0.0581594620961146,0.055801897124443,0.0351985210168586,0.0,0.0730539559721124,0.0,0.0051257939683009,0.0144558543809064,0.0040371740351857,0.0514558875324479,0.0225893032025076,0.0212609763173647,0.0272474467985381,0.0315887580490997,0.0622984051265517,0.0125111533539663,0.0094645421726108,0.0089307676434292,0.046300937246628,0.020538004257705,0.0717772030932099,0.0093838695821121,0.0200586657612678,0.0101566052319971,0.0115738215898811
76561198976557185,0.0822975187944871,0.0798449989212547,0.0194216335621402,0.0785111261884809,0.0111823180589543,0.0296503250676736,0.0423433285352434,0.0801826434091856,0.0635695684720354,0.0474541901794269,0.0524679727779882,0.0113030107068909,0.0046074162101429,0.0414406328925191,0.0475330184607046,0.0446662848198208,0.0149593706090876,0.0,0.0194461195691289,0.0064135138679792,0.0498118807104003,0.0279334617664461,0.0090288537418199,0.0132488008025492,0.0427339336299916,0.0157897342690972,0.0051945528146789,0.0054141403308516,0.0098019690248218,0.0437476818061979
76561198981659881,0.0551609186893716,0.0811684893000718,0.017984941925837,0.1156332836929254,0.0063311431641456,0.0189847033480814,0.0565769340458428,0.0629638204006737,0.0531547266912442,0.050329885832789,0.0516751980884513,0.0205796548264869,0.0061962530735858,0.0536141018820228,0.0251413105131001,0.0504257633489399,0.0306308393390071,0.0,0.0224092236165127,0.0062966548369435,0.0583436633349975,0.0298880173306692,0.0359363082656396,0.0237851679690573,0.0187016344960134,0.0063311431641456,0.0109364738173082,0.0,0.005277975890648,0.0255417691154871
76561198982027831,0.0540189409695708,0.0898036313748532,0.0039371052034132,0.0759989045528297,0.0428728036534237,0.03530155542759,0.066729944845405,0.0502107324328473,0.0512259886556873,0.0298749085665289,0.0291945414660309,0.0088130466410534,0.0110364628810061,0.0549440362467504,0.0167319819465843,0.0632163237192961,0.0107113236225273,0.0153818251903587,0.0389103418954481,0.0319466829319219,0.0370214260693611,0.0242584225749879,0.0225657826378428,0.0276420778545335,0.0255530125503323,0.019621204863507,0.0179023683572775,0.019744532607186,0.0,0.0248300902618445
76561198984355584,0.0694127567153694,0.0889507066193514,0.0531527369493279,0.050380494281256,0.0170680147195465,0.0564171316549643,0.008024440399936,0.0517863972818212,0.0194573498916643,0.0377106559168267,0.0634244787795677,0.0300038881145922,0.0502396649414638,0.0248628577414721,0.0237344264609,0.0565355837482269,0.0261888430749444,0.0,0.0508418213687576,0.0169884732705964,0.011697078544354,0.0306733897803666,0.0465973639377211,0.0356773789474786,0.0302708440504475,0.0116815066999016,0.0119063787898585,0.0062816711202123,0.0074504742238673,0.0125831919752064
76561198985222961,0.0624082695400322,0.0763422261994963,0.0231918188901944,0.0680968302457167,0.0311358458453985,0.0433844170126472,0.0332256679036334,0.0494076613163238,0.0502648034046552,0.0504411971133657,0.0387209139091416,0.0059969537167893,0.0328236721174937,0.0443900347530145,0.0418122359454397,0.0713617636188076,0.0221552429454406,0.0061997328916933,0.0340324590748672,0.0302487443666171,0.0161728698434896,0.0235658482173752,0.0428309806482,0.0228812727007482,0.036522335278768,0.0246580935537565,0.0061997328916933,0.0,0.0053286431635066,0.0061997328916933
76561198986771778,0.0819647785989139,0.0873964718618328,0.0863265723286472,0.0830946534837535,0.0,0.0570315286365507,0.0213617558473458,0.0379768560220142,0.0877744643191856,0.0087026050170343,0.0724241891484983,0.0065269393528293,0.0108207263221224,0.0880977015187581,0.0326165871513057,0.0215256642246146,0.0079591765175685,0.0178597648794448,0.0199680845211039,0.008409820630829,0.0547208505735325,0.075072396867936,0.0,0.0149632021421091,0.0,0.0,0.0087026050170343,0.0,0.0087026050170343,0.0
76561198986772742,0.0660723409723827,0.0679373936940678,0.0371630008223249,0.0868985594921398,0.0055187559412291,0.0267204682246512,0.0395236827046643,0.0345235809688003,0.0326558901661955,0.0642893161409983,0.0131236820067888,0.0281883912181246,0.0294224415057321,0.0272501758934979,0.0706560882903663,0.0483810279956112,0.0135090605332348,0.0217529316508958,0.0167338803943531,0.0211725715067222,0.0387698481649409,0.0407458273513386,0.0523426340836788,0.0054001543656557,0.0335514562407031,0.0055187559412291,0.0164476501458411,0.0107144814627105,0.0147825357658636,0.0302334163552566
76561198988021642,0.0574219661230296,0.0601472848913605,0.0091247651900103,0.0814736433529484,0.0246277181595003,0.0288495181872675,0.0661312424633169,0.0828162133666339,0.0365274602302511,0.0358637247395789,0.024380368273725,0.0391228167672006,0.0039961015971736,0.0365274602302511,0.0217701141278234,0.021957739827847,0.0,0.0105058840878395,0.0188429580391586,0.0171633237334524,0.0884502434265524,0.0217701141278234,0.0278764899715504,0.0,0.0546530734297367,0.0103430159405881,0.0439224473119812,0.0196985898616849,0.0356017521428255,0.0204339703988871
76561198989511606,0.0741259743632092,0.0737094029733091,0.0510631811317202,0.0571841720316661,0.0369239049550047,0.0523309890820316,0.0551640997795173,0.0640610817689235,0.0377611174283651,0.0273175116079453,0.0374960780509566,0.0219761176545225,0.0089503237934937,0.0454248748987374,0.0133519340107553,0.0411072676174119,0.0466261154454238,0.0299462764326263,0.0322731225244357,0.020317826971972,0.0287183367947823,0.005052521860684,0.0180515613840837,0.0,0.0324544184601537,0.0177928628800048,0.0341004747581396,0.0056665464816848,0.0132481981241913,0.0178037067342475
76561198992122481,0.0472603953986952,0.0651060200733969,0.0114750791927791,0.122773736167025,0.003665329220591,0.0181304184255115,0.0445816699287495,0.0747537171849713,0.1171248625258209,0.0287529692720128,0.0227356663744902,0.0031789409256877,0.0,0.1155395795354047,0.0120545681393564,0.0349686553813421,0.0107816586984298,0.0103270409363458,0.019288976519175,0.0032943604208671,0.1012561578369515,0.0,0.0149515648329573,0.0032943604208671,0.0391820437030659,0.0,0.0256545633072647,0.0084786966976152,0.0213732134003172,0.0200157554803079
76561198993588247,0.0573950808099348,0.08283226906697,0.0225272703847788,0.1001240703888688,0.0178607759774913,0.0320389270670407,0.0406345433227106,0.0948709070462765,0.0671679649516035,0.0386088573408338,0.0114132478760848,0.0091826860608793,0.0028306759492332,0.0849281514248827,0.0404854711932645,0.0507058654426137,0.0036167643564077,0.0034947068241933,0.0178732208409914,0.0238157044634976,0.0430747766354623,0.0197796654184271,0.0170214744056014,0.0205752569032735,0.0455895167726276,0.0064754238082849,0.0,0.0138482891206267,0.0216011434079131,0.0096272927392248
76561198995117447,0.0549247519598445,0.0566476352845312,0.0334287826029284,0.072119763589926,0.0354821891232654,0.0318402436138683,0.0449314013477996,0.0875305654157622,0.0555116517604078,0.0346413460032104,0.040681295673495,0.0216944692813446,0.0107170995771121,0.0516599433815123,0.0265783848208994,0.043785748622461,0.0430640989801647,0.0095843507059302,0.0120345548202385,0.0096149393433777,0.0606637649164286,0.027505020833944,0.0328764562121964,0.0,0.0353019819889561,0.0093836372315123,0.0197233524097927,0.0056991635827063,0.0212274964610461,0.0111459104553366
76561198995486953,0.0534993291547699,0.0412288353972239,0.0342213738540227,0.0861069166979334,0.0170054571369189,0.022476357507427,0.0940988066959797,0.0375641934488051,0.0293918758184343,0.0282514503978601,0.025252546482189,0.0323546715923412,0.0199739640178856,0.043161712309767,0.0764578275910784,0.0435167165555037,0.0187694287972369,0.0275176589055147,0.0209868329447405,0.0409939141925126,0.0317610485563297,0.0399170469365376,0.0098136166382572,0.0202074958113936,0.0098136166382572,0.0061773332942183,0.0421657999904959,0.0143508275712197,0.0,0.0329633450651447
76561198999705859,0.0488917316632064,0.0583281828379726,0.0178906706540008,0.0951026653482413,0.0281143016722116,0.0107876972738142,0.0465224724398363,0.0665124651107093,0.0723120754950027,0.0366723596205371,0.0236718469268293,0.0273183135390891,0.0,0.0723795636975466,0.0538572160219878,0.0563650188676917,0.0354166113728565,0.0084360317667668,0.0381172942058805,0.0150718783084764,0.0578896702255934,0.0293955426596694,0.0183024797482771,0.003392630809983,0.0291399180518086,0.0096187611121795,0.0057461459048715,0.0113927785693804,0.0,0.0233536760955785
76561199002493106,0.0801960180090751,0.0897762237415923,0.0659257650336934,0.0576170353965465,0.018153311662077,0.0627990979844207,0.0371592783995493,0.0590253760635569,0.0502960063164478,0.0412912311083748,0.0394677459371635,0.005283554292989,0.0143360095963369,0.0475763616179733,0.0423725193374152,0.0461206759507714,0.0312846445429669,0.014357532209599,0.009799296249749,0.0080297374605966,0.024816231857683,0.0219514324034031,0.0208767516165706,0.0057433166936318,0.0254702275470497,0.0124099949684451,0.0187753197494416,0.0091449981697407,0.0148227213905033,0.0251215846926349
76561199003329860,0.0320339362006079,0.0509321918348983,0.0378781708378823,0.0851053964484114,0.0130949044700006,0.0129130365878365,0.0301395194664822,0.0353514610422842,0.0529960050071855,0.018005167238875,0.0206286519583636,0.0832119396448969,0.0127242675340203,0.0603606222413474,0.0242634828734715,0.0443783959949482,0.0135190118178171,0.0,0.030041626204868,0.0105764689526305,0.1262803636504713,0.0193618637973739,0.0833900933741021,0.0247097917371447,0.0121811852102747,0.0,0.0087754215863032,0.0053579011982108,0.0517891230892907,0.0
76561199003732668,0.0844883699472648,0.1082216350303907,0.0904164143019094,0.0397267386321793,0.0265131808311839,0.0857243439297221,0.0119014000064946,0.0560833479772525,0.0305210194368291,0.0381980434678922,0.0645805745919327,0.0198409193781836,0.0216903084211739,0.0289665544749404,0.0210112464382314,0.0415976528010136,0.0423927770190394,0.0135450753912,0.0205461102467027,0.0123896755612843,0.0205662454608956,0.0208069632854381,0.0,0.0245887379025293,0.0214366006303241,0.016578434034128,0.0082006840972984,0.0076461987661868,0.0218207479383778,0.0
76561199006086136,0.0766658294611308,0.0854414108200903,0.0101093490697275,0.0420676133288855,0.0206937780860681,0.0300406963122287,0.0381355610594354,0.1118269586857193,0.0268340072559564,0.0219929216037925,0.0284669355802384,0.0237719397493712,0.016096488344887,0.0182164128596334,0.0105972788147794,0.0285841870968086,0.0181225853578667,0.0115398203779288,0.0141825750666462,0.0209123612691253,0.0827789765925943,0.0,0.0213417923832182,0.0040123167406412,0.0662735941881661,0.0048089625887184,0.0593123153233316,0.0289194504753151,0.0782538815076943,0.0
76561199008988100,0.0481107000500533,0.0057387127718888,0.0219949745972766,0.0887042364777547,0.0493824017373372,0.0399275978104046,0.0854773607258162,0.0412064207532675,0.0782981959345754,0.0295468367214683,0.0,0.0186355273129214,0.0061235862936342,0.0765734324544292,0.0388040660319709,0.0266294390177446,0.0311551309159267,0.0136798557742253,0.0231810490407828,0.0447509769447469,0.024115852624681,0.0266293663886794,0.0115057956838788,0.0210924614526288,0.0273496837335221,0.0348674286772809,0.0300113771844026,0.0,0.0,0.0565075328887006
76561199010475789,0.0657100414904213,0.0447393097608745,0.0195147307630195,0.0658829165666073,0.0363846138321144,0.0589570151079298,0.0704636652014154,0.026691292314321,0.0749896316375597,0.0053473403630283,0.0350583604216712,0.0303903793171868,0.005545159638619,0.0587096774016799,0.0434755534009003,0.0374534860404748,0.0155455798203871,0.0148373649632669,0.0758838251982976,0.0202394789759882,0.0316487913674112,0.03334696039451,0.0122462318187594,0.0054021140127212,0.0049550358953231,0.013983295811701,0.0261907170909271,0.0182448841938774,0.0049550358953231,0.043207511303682
76561199010548373,0.0907948389519082,0.0536637063445388,0.0631124331331831,0.0528617415953671,0.0259163122024062,0.073399540025898,0.0347163268833887,0.0572135827996355,0.0100770695033486,0.0383740492075021,0.043857891813736,0.0307684141136376,0.0043245727359545,0.0233174655123753,0.053512674056539,0.0170562279651884,0.0391418765788171,0.0279679929409751,0.0525554296264589,0.0281811029204074,0.0142163655628749,0.0049105367016203,0.0440242979303673,0.0483890611840995,0.013809262780904,0.0245330622913263,0.0064542063631768,0.0142957784430841,0.0,0.00855417983128
76561199011315469,0.0705120653430538,0.0772395258614809,0.0,0.0705703446480526,0.0511728703530055,0.0419541048080542,0.038454629875767,0.0753588154040278,0.0158168425667414,0.0314854866192487,0.0217340816973197,0.028936332917819,0.0100079497098565,0.0217563932096805,0.009669250254924,0.0245812885551286,0.0085043846906113,0.0170164026914471,0.0274868408942079,0.028762471939848,0.0693417250255649,0.0034619539471666,0.0076814286195483,0.0156217854452993,0.0486428904825527,0.0223711195787564,0.0612962685812554,0.0254180058960524,0.0622284703894598,0.0129162699940685
76561199013537219,0.0342151700676325,0.0462574573194489,0.0445851310421417,0.0548357565943741,0.041913846544961,0.0676333778919156,0.0568036077520687,0.0578800438525178,0.0498780060017626,0.0287387552031447,0.0145903053778612,0.0180128806386379,0.0187708691987228,0.044036900290438,0.0166399620152607,0.0344977084349109,0.0150349805922986,0.0058755730797309,0.0481392283920804,0.0258150529050049,0.0407404627636365,0.0116558442825084,0.0363180725710369,0.0624818065654605,0.0350389002967653,0.0268976499438921,0.0058974373541725,0.0279720582217108,0.0155544160395219,0.0132887387663797
76561199015330455,0.0551706873549154,0.0430561232349434,0.032856033652298,0.1012864985840252,0.0098660101329416,0.0429627030095026,0.0520926911318267,0.0221846953207888,0.0827212145923336,0.0285243160612899,0.04418534102121,0.0520642463635012,0.0215316218608423,0.0766326988628052,0.0212129349119593,0.0284641651820434,0.0409528487709357,0.0106857761716302,0.0586284459144386,0.0081822847294423,0.0365062523707123,0.0045972604421019,0.0584799574705026,0.0236560142684799,0.0061163553553251,0.0,0.0214004577409367,0.0098660101329416,0.0,0.0061163553553251
76561199016522989,0.0822382691179741,0.0932641365702107,0.0426847835496908,0.095344038096382,0.0040480681180263,0.0350867486786675,0.0154207885344999,0.04794625541816,0.0429478695533697,0.0416225437516831,0.0614965893458816,0.0225786562967175,0.0132070484232293,0.0421967192923777,0.0283316625078556,0.0358604782900167,0.0173572311670379,0.0,0.0534703745623716,0.0039773446007327,0.0601324103380917,0.0371337565771532,0.032909297806141,0.008206933553079,0.0261654737673654,0.0040900800371724,0.021273994485139,0.0,0.0195650036272053,0.0114434439337671
76561199017224533,0.0642635087600484,0.0505582898616844,0.0649930045561713,0.0319178374730497,0.0083330591630859,0.0798512430099555,0.0139081432825442,0.0,0.054709964121264,0.0351452186007416,0.10184089490706,0.0320686923259214,0.0396202334965305,0.0243210235637781,0.0504586677323959,0.030541976724964,0.0176739170029189,0.0062340220299341,0.0556950294697611,0.0067379716472956,0.0205154558063801,0.0682050861073677,0.0363829285900445,0.0572531694565094,0.0,0.0,0.0160095647395931,0.0255909259357508,0.0,0.0071701716352485
76561199017665090,0.0666426705085446,0.0649564436318332,0.0383405611441856,0.0908547114980091,0.0320623468395074,0.0322489618033145,0.025816040019083,0.0541894245931564,0.0570598970240315,0.0510002032736473,0.0354304412587284,0.0122920796305055,0.0080221515251503,0.0648824127402451,0.0400860496237854,0.0614352502047828,0.013679287315175,0.0,0.0567925184164039,0.0126814335616521,0.05820680052302,0.0356132142409734,0.0135506251752444,0.0057109365334104,0.0339339092413167,0.0062838885929981,0.0,0.0,0.0,0.0282277410812946
76561199019851662,0.0605315919562984,0.0589306264576924,0.0251085571392022,0.1449604752619493,0.0,0.0463977487760109,0.0266490474467117,0.0342705906426668,0.1242572024660435,0.0108130288850223,0.0317534678551109,0.0152025967115771,0.0,0.1187376407253017,0.0359422200370925,0.0197487289661558,0.0265656529548937,0.0,0.0402111200745704,0.0,0.110610904881153,0.0558303740196279,0.0061640566404052,0.0,0.0,0.0,0.0073143681025133,0.0,0.0,0.0
76561199021482467,0.0648418625607921,0.0814793296071628,0.0228760560058796,0.0952473708260196,0.0319075598000031,0.0285293210673976,0.0406197940002567,0.0723848922798037,0.0435404627419235,0.0543028624191891,0.0172447588694539,0.0151811798599897,0.0037380844075467,0.0645152440813033,0.0353852194930168,0.0661743593892498,0.0366984825253989,0.0087732978581434,0.0362457425596062,0.0039481077031429,0.0224294836737647,0.0077668710128238,0.0204451248327521,0.0109778244091676,0.0485073100691646,0.0178674647929145,0.0039840147513723,0.0165850692651836,0.0050476845495928,0.022755164587983
76561199023588691,0.0461015776445674,0.0669660837418795,0.0088189963810443,0.0836287874015859,0.0438118739043755,0.0255868111880188,0.0582792649026221,0.07896740411301,0.0460538280513832,0.0430728989753092,0.0239320750699076,0.0256231429146501,0.0205073090147312,0.0412324814482081,0.037051297670325,0.0573320648492452,0.0198346223311449,0.0085262009968135,0.023415061980262,0.0045164340297357,0.0230915511932715,0.026077069630914,0.0097791926479584,0.0091918587108335,0.0518959644295036,0.0329643954402583,0.0138096026263654,0.0049699632339919,0.0122666024556941,0.0526955830223886
76561199024416168,0.0608629979374158,0.0468605877952526,0.0479840226216612,0.0649632286745181,0.0537159240847089,0.0689187775937531,0.0487636129602085,0.0418268929040362,0.0659982441640792,0.0264604165405449,0.0388197658295496,0.0112794596710071,0.0052508235265605,0.057257725719977,0.0391586474754562,0.0328630006236393,0.0212860937779464,0.0,0.0542391100584231,0.0154373280686652,0.0216655505993117,0.035056220375136,0.0160101284527016,0.0,0.0175575807250893,0.0363207696091732,0.0109501043794398,0.0272985146912062,0.0053365917563646,0.0278578793841733
76561199025426416,0.0395115264869424,0.0935577955074034,0.0099250001368957,0.0821905229521749,0.0341849395377845,0.0264249844024319,0.0217927940617357,0.0690354259803799,0.0253407381775846,0.0450874008761835,0.0218177162827823,0.0383895014072008,0.0049158922652583,0.0434535014915996,0.0264236550177722,0.0564052499508409,0.0325249065133732,0.0,0.0240408066691759,0.0115928640258818,0.080507830409362,0.0110171160102671,0.0307070895532749,0.0101800381841312,0.0587536677379517,0.0139385369809019,0.0397255092719065,0.0137453531828389,0.0239837138514032,0.0108259230745597
76561199028361033,0.0501993298507829,0.0870332435387657,0.0,0.1137968916801072,0.0043891839818577,0.004997790671314,0.0260682627196452,0.0809371038655112,0.0745104851627339,0.0384426517594937,0.0512278406622509,0.0449362217944298,0.0,0.0585830605414416,0.0163339046975351,0.0051918430384328,0.0,0.006372302044042,0.0237002733313267,0.005243844960999,0.1377609372239502,0.025826945803719,0.0116725800914454,0.0,0.0337567713754367,0.0043891839818577,0.0314664222855736,0.0151856133520708,0.0362495091029815,0.011727802482295
76561199028905855,0.0688092304710007,0.0908083857446821,0.0832464237824727,0.0879138099837687,0.0,0.0317167333272731,0.0342143382890313,0.0227440556482636,0.0681310169507691,0.0393679181214668,0.0906222225033825,0.0298300010664064,0.0065799356780919,0.0595036576652228,0.0212106856649603,0.0287000652127458,0.0292717329816047,0.0,0.0205940730681542,0.0206584882379233,0.0642386043415385,0.0607625078457452,0.0182569160098087,0.0067638785302206,0.0,0.0,0.0053517729584886,0.0053517729584886,0.0,0.0053517729584886
76561199031051001,0.07236162293483,0.066951397974214,0.0388175478074273,0.0458513630581171,0.0415855671744485,0.0678203730165611,0.0434414972855227,0.0692653461950715,0.0395574346471869,0.0400666769862066,0.0333419766121738,0.0419488748874826,0.0083923533996828,0.031057145019695,0.0302056339222071,0.0188041304565449,0.0235061503608746,0.0,0.0321165469868405,0.0425364858798743,0.0345943034562456,0.0231497171825106,0.0228671956408195,0.0,0.0172213522578446,0.0074414346942571,0.0418093224329568,0.0083923533996828,0.0410624082367807,0.0158337880939399
76561199032352779,0.0778470502399467,0.0728427026770275,0.0280559306876521,0.1077174765022219,0.0,0.0234875186072215,0.0423256324615548,0.053980387704239,0.0609443744419749,0.0380931623814886,0.0291086120634898,0.022048461262343,0.0053892851438243,0.0491191023408064,0.0589054450579047,0.0781225385054559,0.0484104809906524,0.0056530633551605,0.0121791821778819,0.0,0.044547455967568,0.0368856199875236,0.0274185272333529,0.0197659072349189,0.0315897544295464,0.0,0.0,0.0,0.0118088671254569,0.0137534614207863
76561199032380262,0.0787871578589806,0.0604100528741749,0.0581690751051511,0.0640714003652495,0.0332696893626139,0.0644914518039243,0.0409702441217528,0.0535954097672743,0.0766129015062092,0.0190312237385469,0.0402846254345533,0.0221707774613175,0.0130690702866267,0.0579336666242918,0.0266676702706791,0.0271881959966452,0.0260195618336886,0.0126101295341828,0.0380945066043068,0.0249478162215536,0.024163474248121,0.0466381189839964,0.0197420713875583,0.0061377337409577,0.0061548982298273,0.0124784110122466,0.019609083451181,0.0,0.0063818014009197,0.0202997807734677
76561199034190035,0.1031260125896558,0.0429360482137265,0.0616718874071751,0.0840764209863169,0.0346983419861953,0.0392040005146279,0.0301397634155349,0.0365663062931952,0.0063379158535484,0.048562172120779,0.0083995853286798,0.0344688095041751,0.0359274323696218,0.0204927020009088,0.0733522810112889,0.0414586126809422,0.033066857205921,0.0484043957281192,0.0331823349839749,0.0338289577126595,0.0108147040042684,0.0255378439722752,0.0083742918006504,0.0,0.0171526198578168,0.0056636146652362,0.0398891980004753,0.0181208826893274,0.0093405898466991,0.0152054172562037
76561199034795612,0.0732430363340773,0.0196088293022497,0.066474833974467,0.0846813792140588,0.0245426589485712,0.0667789088538857,0.0547903847476969,0.0249663087647819,0.050856991228468,0.0157104732269958,0.0087420221714133,0.0093370107152957,0.0055284760468253,0.0630538582932187,0.0492728424792307,0.0213367184145362,0.0594771430520843,0.0376576419451182,0.0512385980675797,0.0254882524188351,0.0141214704442582,0.0409721325437672,0.0054381694516181,0.0,0.0181626125374915,0.0041159386907406,0.029781485497615,0.038038485080551,0.0,0.0365833375545677
76561199035689662,0.0575139715504599,0.035146353627291,0.0115922740529256,0.0891144173410731,0.0318938040991047,0.0226193895299827,0.0819593534052588,0.0159464482708212,0.0398795779946429,0.0623361840449348,0.0288753022523133,0.034066314734226,0.0,0.0316004457906132,0.0856530262795392,0.0237477779806184,0.0424194883782179,0.0300340685312223,0.0211200082089805,0.0226101563904227,0.0428337618837499,0.0284475945670668,0.0301645246329933,0.0,0.0218452218183192,0.0178594563687641,0.0171751239393958,0.0362667748753332,0.005898773547498,0.03138040590423
76561199037612036,0.0645059613798535,0.0861919071447329,0.0401450638618638,0.078717304893824,0.0,0.0271937186423335,0.0,0.0526464982165078,0.0299065332837876,0.0243461659997079,0.0395519646311591,0.0598898784758641,0.0234590142401383,0.0290005507654576,0.0080411629828261,0.0339449088742724,0.0167750167262791,0.0,0.0224611251351854,0.0173583286096987,0.1295967223687968,0.0088054180746557,0.039624886775561,0.0257597008070525,0.043169675941986,0.0,0.0378388505160228,0.0073701332320069,0.0536995084204251,0.0
76561199039143583,0.0554731205591487,0.0226050235235946,0.0262304613702699,0.0886672105432678,0.0406780191638212,0.034920219327337,0.0837808768047115,0.0351962554529845,0.0744049898411974,0.0240221439247813,0.005481224642632,0.0176748768037717,0.0194952241898674,0.0711508194741986,0.0453872714824487,0.0200137279210661,0.0370622474282393,0.0132679034981259,0.0316397709460294,0.020882546861951,0.0154787118403289,0.0326355767637092,0.023870598524087,0.006568447927567,0.028088870242627,0.0199565401093081,0.0224773588888143,0.0366418721992164,0.0,0.0462480897448966
76561199041231560,0.04974219883633,0.0278529913855879,0.015226463107081,0.1278872466436988,0.0120397303049761,0.0197361989291519,0.0606906317029641,0.0666495917525017,0.0968356223795404,0.0284476515190528,0.0174419644656904,0.0243567802752709,0.0091767229119132,0.0843584495951886,0.0467351462128236,0.0250778235764042,0.028896386028926,0.0199822110864406,0.0222506513118417,0.0,0.0522034902566324,0.0577488430117324,0.0205235117499262,0.0,0.0286420259529761,0.0120397303049761,0.0,0.0,0.0049368149341816,0.0405211217641897
76561199042135432,0.0610234054260619,0.0485141887691274,0.0187475024255023,0.1128150789675966,0.0396625598153834,0.0160273474428648,0.0399764355425985,0.0417440135537835,0.0752429790949872,0.0317001514941968,0.0096161287149059,0.0060538277902728,0.0136490867546292,0.0842325688985266,0.0542972798441487,0.0933533599800086,0.0226604504931614,0.011082271028553,0.0416171998151846,0.0100468340449153,0.0343395319341691,0.0247359732430861,0.0102449114775318,0.0,0.0242729604529254,0.0114923352563146,0.018293242074994,0.0109624717849294,0.0,0.0335959038796398
76561199044097396,0.0843136222175088,0.1157597676289532,0.0,0.0970764660891322,0.0,0.0302533715599268,0.0610346443444629,0.0705428636808605,0.0378817122506355,0.0531440314329409,0.0308714091702183,0.0215512376268091,0.0040610962787298,0.0254502564039564,0.0,0.0212800897597183,0.0261562351459828,0.0110929267935853,0.0406228908668649,0.0,0.1151658897298735,0.0,0.0040610962787298,0.0053225268120998,0.0556820759914531,0.0,0.0248815532950667,0.0071546965954622,0.0357898167493634,0.0208497232976648
76561199049721392,0.0587363297637849,0.093301506301581,0.0,0.0919682131872342,0.0063067333688192,0.015411667884633,0.0391436976763111,0.0693803654819831,0.0681074765738927,0.0453215162410732,0.0273392495800488,0.0207308823969224,0.0054835112412853,0.0606475936681328,0.0312006270459142,0.031867829775272,0.0052047817354128,0.0,0.0203643459714143,0.0063067333688192,0.1228877536649545,0.0319334077259472,0.0123693293175001,0.0224641309515518,0.0255815903517279,0.0054835112412853,0.0316961510459743,0.005970532950499,0.0335760505670211,0.0112144809210032
76561199049965144,0.053648332751954,0.0260828820688442,0.030884672842514,0.0733923941427935,0.0451788737806757,0.025148922904203,0.0823486155081783,0.0534700597355442,0.0072366199206718,0.0421032600646533,0.0252109905921456,0.0483020233296581,0.0240680041144697,0.0,0.0585622323299202,0.0266860738711098,0.0249122810868868,0.0285711147351546,0.0160907115677871,0.0504491467249774,0.0337231347281964,0.0267872555624511,0.0268904663404588,0.0335167083988994,0.0406636834628795,0.010815349069972,0.0180549460569673,0.0304090507620102,0.0168538332001789,0.0199383603458438
76561199050075632,0.0576141607451074,0.0865865021290567,0.0302446817624342,0.1007279908267233,0.0,0.0178501218063671,0.0199411929553242,0.0399607764694421,0.059723766576358,0.0463489072216046,0.0355687724564524,0.036694455456478,0.0168710379881047,0.0651809358639723,0.0407641524110714,0.0812693287961835,0.0357213092796597,0.0,0.0277754935712911,0.0,0.0552816485396925,0.0444844698595553,0.0373543847897267,0.0,0.0386650088738779,0.0,0.0089071925609165,0.004642699854738,0.0052626208051483,0.0065583884007126
76561199051043192,0.0280176544835926,0.0118437603770793,0.0045837295370113,0.117437444262372,0.0178482057913341,0.0049683217096238,0.0669189122046138,0.0325061360630642,0.0884465797637793,0.0318243623641818,0.0302598674859983,0.0563455445246768,0.0,0.0736670862718317,0.024560694580423,0.0486056408677054,0.0312257436574563,0.0086777529862578,0.0405886303152152,0.0151313058166078,0.0849752167452701,0.0093464993186861,0.0524601519396662,0.0165755468229085,0.0129774095432881,0.0068955300788897,0.0293006722629266,0.0214256909149574,0.0057512119370937,0.0268346973734871
76561199056252159,0.0487441096422747,0.1018818858286032,0.0,0.1085489923430283,0.0157980546769388,0.0,0.0346507834161251,0.1043051071719236,0.0362735039880137,0.0542363908866662,0.0377910158645198,0.042693485235924,0.0,0.0276690939350043,0.0132869485443889,0.0609619964345182,0.0345776382701311,0.0084386948789772,0.0145595598129382,0.0,0.0715740299444891,0.004543363546289,0.0111769555603636,0.0,0.0650668415216334,0.0060450919417071,0.0233691726570208,0.0166375617306635,0.0399276448044151,0.0172420773634419
76561199056820731,0.0606784379731858,0.0369728008197516,0.0269607268416128,0.0552617157215755,0.0430474213600682,0.0389502442409384,0.0917999364638467,0.0700716223277395,0.026044947735486,0.0286202171097774,0.0125557841042569,0.0153694197174073,0.023554596427666,0.0184936961335908,0.0296373601419528,0.0210583866172212,0.0279340331846884,0.0,0.0197329715660491,0.038171577974598,0.04425451529279,0.0116135041752483,0.0609775170019908,0.0,0.0516455752735442,0.0246374975395744,0.0337113424455606,0.0166249432345102,0.0171623230776128,0.0544568854977553
76561199057510412,0.0548784825750444,0.0427147882812735,0.0579132729035758,0.0643785865450026,0.0384986035374155,0.0357565623947347,0.0271417120783813,0.0175253237917113,0.0494709086933848,0.0624290541723519,0.0252216675083046,0.0228174019995724,0.038606665823961,0.0521719265788421,0.0283724652822596,0.0357106918458172,0.0360879374162226,0.0037571245092481,0.0434646278486025,0.0293951744871899,0.0197891725430266,0.041480246923139,0.0370219404632931,0.035727677207232,0.0229696910713592,0.0345950901815846,0.0120775059397673,0.0204049513089804,0.0,0.0096207460887206
76561199058171615,0.0680405538547467,0.0680650428982129,0.0285838475439358,0.1023082647635116,0.022523736180725,0.0160751265300275,0.0687138443306212,0.0565357115805316,0.0694453471101483,0.0432959044501157,0.0320415982571247,0.0429526434211853,0.0,0.0500544715810082,0.0281131639667703,0.040881656339204,0.028616774208009,0.0038009347108109,0.016880012987418,0.0037756878868775,0.0481748142852703,0.0165854641059656,0.0114949931430545,0.0064470306058241,0.0259167969864584,0.0042446577883226,0.0222888620246538,0.0099001750012269,0.0149318403625102,0.0493110430957281
76561199058351895,0.0595309671644514,0.0326534969225578,0.0262398767574234,0.0443202729950497,0.0633134956928381,0.0654250725067544,0.0462896887661304,0.0331973135331042,0.0455986025736079,0.0337174584579476,0.0404411521834583,0.0375158611096162,0.043239553720344,0.0350419936501427,0.0518280603989751,0.0446257858564079,0.0168454844808395,0.0042246421656072,0.0571893023972517,0.0349939259958422,0.0042823237403009,0.0150541193193202,0.0280254621141044,0.0352922305235522,0.0187351278396185,0.031753932339712,0.0203882513071258,0.0041880233887564,0.0,0.0260485220991583
76561199059767033,0.0568126163906157,0.0827157256985401,0.0263255082232999,0.061593230756389,0.0117750741974137,0.0259023351905178,0.0313516378012164,0.0748042676422794,0.0302279074083298,0.0605822039781237,0.0488383257689372,0.0584012988511187,0.0389975200262587,0.024210735294574,0.0079957771750269,0.0389295813930982,0.0392223078283001,0.0038789200324833,0.0067471188830345,0.0339644788827896,0.0233780690764772,0.0,0.0805497977636879,0.0632902126390549,0.0434105093022964,0.018610768047981,0.003605151715671,0.0,0.0038789200324833,0.0
76561199061202498,0.0577372609758746,0.0686720533853928,0.0474990606054039,0.0776525698355317,0.0049825159225653,0.0370659177494204,0.0294695481273342,0.0381815350800715,0.0308126945700054,0.0399890420385648,0.0493311096521843,0.0419925978568752,0.0286728038320203,0.0398761829119806,0.030642195932563,0.0505179294191981,0.0390623529129132,0.019830532192551,0.053491156221283,0.0052675859038597,0.0632478389660412,0.0204764779367912,0.047417804500306,0.0121649094804436,0.0160820433927168,0.0,0.0260369463451257,0.0049825159225653,0.0188448183304158,0.0
76561199061428348,0.0822548595668015,0.051692894647531,0.0348992297457711,0.0792124264502136,0.0432624614651483,0.032826774087164,0.0270125601881984,0.0464374661360345,0.0805661015246082,0.0371993361439857,0.0326903972805418,0.0114653053307859,0.011094017319488,0.0685438358964041,0.0414037604881422,0.082927603779859,0.0120274338325875,0.005287966366751,0.0405751815748558,0.019183785043049,0.0340735536127946,0.0430791032136828,0.0249001643748296,0.0,0.0155319987109448,0.0243408618121486,0.0,0.0175109214076779,0.0,0.0
76561199064718165,0.0540323050010868,0.0545379534019329,0.0137128651523225,0.055860394600155,0.0323952337664476,0.0318010421400809,0.0674321870842415,0.0593965128697772,0.0360418865076486,0.0471499389848932,0.0265810686755321,0.0139472612795127,0.0194668308095772,0.025243623967417,0.039942906602369,0.0626544406394651,0.026224683713693,0.005245469036575,0.0217550363957593,0.0500127520246078,0.0391792296856334,0.0261316030605372,0.0259442585157598,0.0,0.0504607747501788,0.0189518151615087,0.0364756752438011,0.0147243341057175,0.023596968410955,0.0211009484128131
76561199065212767,0.0645427919590494,0.0668118218327719,0.0149048113895651,0.1020744975695022,0.0269234473855461,0.0244038707238599,0.0515246908712196,0.0402875773552539,0.0325560601814849,0.0404365051518972,0.0384360160664361,0.0346065802901719,0.0274180888073809,0.0491506524615098,0.0393030621453891,0.0429351877466715,0.0257712924656727,0.0,0.03448153598664,0.0133477381491354,0.0354991096206871,0.0257924642202493,0.0381064397924385,0.010436111056305,0.0153417204751186,0.0130553408828527,0.0300138279092032,0.015348031784094,0.0120515099208881,0.0344392157990046
76561199068146505,0.0994312833067012,0.0338475856286008,0.0497028800648852,0.1253260016610715,0.0057281044957782,0.0501115729398668,0.0356102160115483,0.0309286424444894,0.1146086346001259,0.0084159596671671,0.0110176346344178,0.0,0.0057281044957782,0.1257560845563322,0.0338833984226249,0.0160750093240632,0.0547235967987386,0.0327189035230431,0.0338123642531605,0.0,0.0378271421586127,0.044715259529861,0.0,0.0057281044957782,0.0084159596671671,0.0,0.0057281044957782,0.0057281044957782,0.0,0.0244313483286302
76561199070380893,0.0448395269252621,0.0549258024003981,0.0403729076263769,0.0636613099201337,0.0268183538730312,0.0528045783906553,0.0805341177343881,0.0302763163941705,0.0433207588598969,0.0349994860865262,0.0256787774594405,0.0159065048418886,0.0237758991485254,0.0433207588598969,0.0201900409190345,0.0452004211699437,0.0491959252534515,0.0118588200949241,0.0422637601899935,0.0359122023418106,0.0159065048418886,0.0115897028203526,0.0397701752807955,0.0448065316009396,0.0092602994089792,0.0106303669854604,0.0139775642475878,0.0249771890973041,0.0057283391297388,0.0374970580972036
76561199071386893,0.0387087833826395,0.0991752171747242,0.0,0.1022232335829462,0.0117516872557376,0.0080047075383323,0.0407393590881226,0.1035527398551885,0.0344425927053913,0.0358080818109452,0.0298912158183605,0.0240217203106356,0.0120620683781366,0.0338327477840617,0.0270508029361155,0.0511543051494167,0.0162193325969046,0.0062518928906651,0.0190793518237243,0.0273364547712117,0.0687857641422865,0.0052017440920967,0.0222100598727801,0.0051709029135662,0.0911837302433658,0.0092687453082012,0.0282376796444626,0.0037469797174053,0.0371877796694018,0.0077003195431726
76561199071636074,0.0180868897302607,0.0702196148024933,0.0050912151677424,0.134833219208771,0.0,0.0180868897302607,0.0239080526000131,0.0398617160983716,0.1165998836722743,0.0058172477908799,0.0352350177373784,0.0455569064132425,0.0118391460531906,0.1268508606119412,0.0,0.0456278985516649,0.0198172367707797,0.0066351123215962,0.0395661317088318,0.011543792681546,0.0860151575711649,0.0162718113250874,0.0471421348281753,0.0,0.0233844179901326,0.0,0.0199662955129163,0.0049086803599497,0.0222259904013846,0.0049086803599497
76561199071908460,0.0495735239772213,0.0884304959354369,0.0186766268928296,0.0983261381684805,0.0234817713784593,0.030583043233022,0.0681915808226123,0.0688106071298522,0.0450770622039092,0.0340890561363989,0.0456197481917681,0.0143710656400475,0.014653150013854,0.0404550176739791,0.0164791163636631,0.014726325602108,0.0202634386230387,0.0178985575907155,0.0388574133388378,0.0072901984237117,0.0719976664533797,0.0102328819198962,0.0161639399667884,0.0130667607054684,0.0227919663488277,0.0,0.050074401764683,0.0169019859198727,0.0096350875406739,0.0332813720404631
76561199073816082,0.0475203895999707,0.0288988560548519,0.0286597802248444,0.0841634682773154,0.042564670813849,0.037535592622535,0.0950249457891105,0.039465268307981,0.0623523979362539,0.0235999259006227,0.0200228404670777,0.0247487134306032,0.0,0.0531152825518891,0.047227551628212,0.0495172627805973,0.020715805424868,0.0116434361508526,0.0364032588445594,0.0279362550186982,0.0054592016996349,0.0099590484550297,0.0226256886106383,0.0211768306704555,0.0226139361399801,0.0297731207081467,0.0144745730883236,0.0337472995706222,0.0,0.0590545992324759
76561199076389886,0.1065708268802828,0.0771243126909578,0.0424663139886074,0.0762262771417751,0.0206142603611267,0.0598041589810773,0.0254752797888759,0.0509468355247038,0.0383111182615199,0.0377984540344918,0.0455217995044715,0.0268084125290596,0.0584254764614451,0.0291956364010983,0.007230500142496,0.007230500142496,0.0163927020393479,0.0062647560762912,0.0526252702926062,0.0,0.0734265802584838,0.0091769080411706,0.0308374576988401,0.0093853854729806,0.0090118026720441,0.0,0.022827524222387,0.020283268466072,0.0309027000648687,0.0091154818604215
76561199080519974,0.0760160004419385,0.0868117799527547,0.0296105855381651,0.0889419433367428,0.025968262362161,0.0087595081731034,0.0140612796005259,0.0761476136154118,0.0350585515388837,0.0604393550189975,0.0144831925285658,0.0084358194648587,0.0046096894167105,0.0356274715441503,0.0672076168747553,0.0941333235907402,0.0477492074051135,0.0111973614959868,0.043618578441472,0.0,0.0399082044429071,0.0445172919134304,0.0106484709792722,0.0,0.0472898190982087,0.0,0.0,0.0046096894167105,0.0191482025030029,0.0050011813054293
76561199080918647,0.0310604595399807,0.0402511337501605,0.0107195310048687,0.0870648929385937,0.0198112184619014,0.0125650764751565,0.1136030586141867,0.0869312833207285,0.0500559757144376,0.0239769890771244,0.0358910262527882,0.029924824935775,0.0038121793750273,0.0547884360563686,0.0277481008002723,0.0237529573652798,0.0177943339678573,0.0171782610306686,0.032303124430147,0.0160768077338787,0.0337392925576517,0.0118804372938454,0.0271476173665881,0.0061707006770692,0.0272389415875245,0.0064358104168051,0.0503732265025443,0.0343395862962606,0.0073719301350018,0.0599927863215065
76561199081710235,0.0822130962273721,0.0870244823663352,0.0567986943395909,0.0476537991608513,0.0300486511782858,0.0741941081053284,0.0201687317182423,0.0331964424014211,0.027631441553545,0.0522457973508931,0.0532241977409878,0.0311785097682575,0.0395498195699852,0.027631441553545,0.0098525479581301,0.0321863392241908,0.0211977912683046,0.0,0.0832748258743456,0.0262975199176873,0.0271559139979314,0.0216366613372649,0.0416375073327362,0.0063394225468306,0.0283250448152812,0.0116773216277951,0.0119609194129099,0.005315557467493,0.0,0.0103834141844578
76561199082377284,0.065075286943181,0.0534072780351505,0.0172124392373452,0.0707176625621451,0.0429624777557534,0.0275886654649584,0.0440049763910739,0.101319764784316,0.0903361629511759,0.0161207037977912,0.0318009662311266,0.0,0.0,0.0554718148498301,0.0264802141618186,0.02253781275934,0.0226558408699865,0.0054525081715176,0.0412260361064141,0.0059759799683672,0.0823157810762326,0.0308845332871895,0.0051778730273948,0.0059759799683672,0.0530532679437601,0.0126572419354291,0.0071475679219799,0.0,0.0508153721367934,0.011625791661561
76561199082847964,0.0598428628221035,0.0467418816989573,0.0395814510231294,0.039719494002982,0.0459735237052641,0.0642061112584939,0.0195113685901143,0.0343549721691928,0.0406889864610226,0.0390893714412626,0.0598893365059706,0.0455072078697752,0.0473692849408548,0.0406889864610226,0.0064673125679411,0.028805907782552,0.0140615827982787,0.0,0.0726536438351845,0.0211606780349042,0.0266387503344683,0.0264024752244015,0.0488915219599237,0.0059650954462345,0.0432071232779315,0.0215575234972331,0.0169185875339347,0.0225003255721153,0.0088521511087386,0.0127524820760112
76561199083912200,0.0766383209615429,0.0800800095792188,0.0349270393794971,0.068095777595984,0.0210642661687428,0.046846536018598,0.029686409966718,0.0665445755477664,0.0369862233685895,0.040258605147728,0.0679580518547744,0.0186358461648476,0.021026198895778,0.0260108714380859,0.027596138311645,0.0151348721662324,0.0139622102075166,0.006346722549352,0.0335863382357378,0.0062397069052456,0.0702114292310976,0.0290504310756428,0.0274168704757087,0.0082637611189787,0.0337782781094113,0.0148245592634972,0.0146241247225264,0.0145034680242244,0.025346849503145,0.024355508012166
76561199085212273,0.0767070497653712,0.0668665504857221,0.0488015603527727,0.0899216231885341,0.0164234420054896,0.0422779651161329,0.0204482051259319,0.0389228409025296,0.0609706543900781,0.0448077720122035,0.0321657691127347,0.0051647131889275,0.0,0.0619895238930372,0.0877623661099786,0.083060300166463,0.046340717925176,0.0112237309757865,0.0289997846802237,0.0,0.0249538745110687,0.0687661380231728,0.0,0.0,0.0228580154049915,0.0055995455404529,0.0,0.0049015719671463,0.0,0.0100662851560738
76561199085433040,0.0798693094303898,0.079391751918983,0.0306016572594246,0.0783513913936331,0.0077297932908814,0.0244042641550164,0.0145344156986106,0.089254221340699,0.0882638696692011,0.0375860615732634,0.0322903651350254,0.0227006232927153,0.0230293822842548,0.0637278129884821,0.0075827597775051,0.0224313856455957,0.0479478654065702,0.0,0.0171309456681355,0.0,0.1190220903211554,0.0075827597775051,0.0289397572811633,0.0074014986638693,0.0148120931010432,0.0077297932908814,0.0,0.0087048946334172,0.0315777383387078,0.0074014986638693
76561199086769864,0.0407001726830891,0.0601892742145141,0.0108303289241856,0.0460155646393719,0.0575657582114656,0.0672555829578384,0.0554309813215974,0.067112511796543,0.0595478892931259,0.0242541470431569,0.0173746071647127,0.0275452995090722,0.0126039743766292,0.0551006154101194,0.0205136822364751,0.0515011480045544,0.0301099961492788,0.0051600327372295,0.0355134210187261,0.0157616733875939,0.022790212596191,0.0066525393624619,0.0426482045301829,0.008574787321021,0.0217818212062623,0.0224400424561312,0.0373544364170229,0.0374569668389036,0.0275812263369825,0.0126331018555599
76561199087372221,0.0688273914709876,0.0620034005383355,0.0080271262549924,0.0557024852526857,0.0726487868214842,0.0578951518689008,0.0601059562352913,0.0149810094317487,0.0183700614474138,0.0296871257184788,0.0408242618843401,0.0328899811445452,0.0471191156708857,0.0395914407716438,0.0080271262549924,0.0080271262549924,0.0159821616105638,0.0323487789994195,0.0472866068411719,0.0080271262549924,0.0364309205033723,0.0080271262549924,0.037349271205078,0.0708292603174004,0.0,0.0522142807600457,0.0190569074837797,0.0080271262549924,0.0166847508057304,0.0230081356867412
76561199097156418,0.0621066625646898,0.0348122166443527,0.0393559629805999,0.0870119790130193,0.0314699493527503,0.0285834247427122,0.0392602540391934,0.0417393218875452,0.0737527433410978,0.0437228381513887,0.023693396320851,0.0195122134231977,0.0063351367978861,0.0668404818549481,0.0593827090351693,0.0453752395739454,0.0264769787013407,0.0072258867185934,0.0511919520870351,0.0221536227228713,0.062385919725518,0.0223066011090539,0.0136939806652902,0.0,0.0336610395602359,0.013003137000264,0.0095218814506467,0.0147256470904062,0.0,0.0206988234453964
76561199097247135,0.0528987005817573,0.0651315440394388,0.0357898758804608,0.0791791489601474,0.0319591855222161,0.031611257782653,0.0499488786513352,0.0619066154268745,0.0199490902347071,0.0381940223560651,0.0388247426031029,0.0517917823456879,0.0272461110184444,0.0113568617839424,0.0409049075739326,0.054673301409239,0.0386613103627048,0.0058422198405699,0.0066915908545452,0.0235875520396064,0.0160636594058797,0.0175202731143581,0.0176115358473663,0.0099735722990591,0.0419936742643064,0.0233211783840273,0.0237635887528939,0.0375865411364632,0.0246506723981761,0.0213666051300378
76561199097271657,0.0851021495964319,0.0839207538309213,0.0555877380563902,0.0143667661721849,0.0682578152082688,0.0796821359176095,0.0227251593822593,0.0773299488081574,0.0133652227792436,0.0217885878049548,0.0334879958570402,0.0329537951516207,0.0216246091728922,0.0,0.0320506964680596,0.0585427928501247,0.0,0.0,0.0480881900124817,0.0089171679577935,0.0082182659785187,0.0455648309734478,0.0276639440316002,0.0,0.0575167570231166,0.0490709155257053,0.0178230220759871,0.0070620251574368,0.0137744917090737,0.015514222498678
76561199103998320,0.0683983799859016,0.1119015415037916,0.0142012629674689,0.1104651115855998,0.0071349510120482,0.0152333973197894,0.0444797329747008,0.0576426937158561,0.0351680230459938,0.0682331380247597,0.0373631003965694,0.0141965432944646,0.0159066366735043,0.0421053191301845,0.0287661881966513,0.0355342244587682,0.0067680362621169,0.0,0.0076369675796702,0.008771685661456,0.0852073695635948,0.0500610897859715,0.0292008789948504,0.0071349510120482,0.0295772415460582,0.0071349510120482,0.0318703063438821,0.0071349510120482,0.0159636696703778,0.0068076572698235
76561199104391040,0.0677331329175716,0.020072484083069,0.017730994171223,0.0747403346136009,0.0574669271772261,0.0287632918537758,0.0569005364280705,0.0395989527716328,0.0435488037995855,0.0189027514961131,0.0239132408377709,0.0210241848710122,0.0049223255830998,0.0482174919616764,0.0360884981573611,0.027571852184888,0.0220886783350515,0.0265976822594201,0.045358155721776,0.0445478806626704,0.036705485629593,0.0193076445257723,0.0261064633986556,0.0164438783459506,0.0170874441718582,0.0186106402907944,0.0419668338574285,0.0465914017409148,0.0189800231735308,0.0324119849789059
76561199104812024,0.0785174690725043,0.089326352589209,0.0607466088857267,0.071683926536532,0.0278187984423919,0.0522093058440206,0.0299383650848505,0.0598340689139676,0.0673610169197776,0.0284781369116384,0.0478762407305517,0.0211816139314159,0.0101449391444378,0.0645929029680773,0.0229694044111596,0.0128575821242456,0.0353648138807324,0.0140841008823357,0.0404471156746712,0.0172023973583478,0.0721561203613035,0.0343201719564966,0.0,0.0046980077335265,0.0135875438792008,0.0124415274037449,0.0,0.0,0.0,0.0101614683591328
76561199105469404,0.0679422536468631,0.0439526293923127,0.033687673419678,0.0807654874967874,0.0167115951882254,0.0406155117113307,0.0558159385466905,0.0541007121186933,0.0461863769172977,0.0267390275478953,0.0448063827194411,0.0,0.016637088778854,0.0330049810557251,0.0466065865988575,0.0469231142764507,0.0114140568739951,0.0236247075830704,0.0444295090163649,0.0183797964712391,0.030510063659771,0.0489781145811424,0.0212265632952836,0.0306484088062415,0.0250428830441978,0.0198836007936956,0.0308597719491853,0.0038984315324832,0.0,0.0366087329782262
76561199108308292,0.0632003680110144,0.0245379294424759,0.0099019677588437,0.1206304462653184,0.0221118990037651,0.0093462156326595,0.0576031515469821,0.0342735919632551,0.0719497399252584,0.048827997579614,0.0144141688778996,0.0343124118182664,0.0066058881204656,0.0671213778382398,0.0719322700650945,0.0548688411366249,0.0451002940557592,0.0044232704967388,0.0395891735930752,0.0133162108657786,0.0334337943373019,0.0329027535223427,0.0111388112861975,0.0,0.0252799512212766,0.0070187616750523,0.0090130300673787,0.0149862923224719,0.0069602363052421,0.0451991552656057
76561199111379022,0.0604382524705519,0.0616444528942223,0.0289981877984651,0.0580743218834661,0.0589559747233954,0.0269487504972211,0.0337102648652942,0.077348722608018,0.0315846851060047,0.0622556648437314,0.0191309102072693,0.0209473001918149,0.0195518532504358,0.0233501350911926,0.0240972029316361,0.0478396733653981,0.0345440258237328,0.0225550145990484,0.0329865977324237,0.044932234139166,0.0236592707767137,0.0157986836780333,0.0,0.0258588402653344,0.0605279444316793,0.0385761543617921,0.0042600853527553,0.0174420841076179,0.0094672566526258,0.0145154553509588
76561199113407300,0.0590179304021079,0.0607541700041609,0.0532751575991244,0.0937396423136147,0.00926985963447,0.0369460251948577,0.0243749397278517,0.0590197572040221,0.0937396423136147,0.0449814329075242,0.0377759905541489,0.0137708708972595,0.0,0.0975230671402553,0.0301846564916588,0.0459587427582989,0.0318659954405628,0.0097432225264871,0.0190672330359246,0.0,0.0544127500680518,0.0548520688777729,0.0256350391845064,0.0,0.026203720833565,0.0,0.0,0.0,0.0,0.0178880848901586
76561199114607305,0.0493747519124786,0.0583170693345737,0.011076977512928,0.0559253321662386,0.0244040390537866,0.0469304992566675,0.0842890753862965,0.0661538715734645,0.0182986054250266,0.0303998523999841,0.0334575165820978,0.0086763666651582,0.0104026325460644,0.0248280146533393,0.0223297863261689,0.0148747986866407,0.0064520803063258,0.0,0.0086447005983931,0.0462665744457542,0.1085518321408614,0.0,0.0525288885367877,0.0253443355885148,0.0430000979098136,0.0144464946852806,0.0722013217929227,0.0042060996597973,0.0478769112248057,0.0107414736298282
76561199116914150,0.0763885065464273,0.0872532219777646,0.0635067247851083,0.0904107502382799,0.0251863824315494,0.0451826526343277,0.0262653613877182,0.0465000499165435,0.0538802855447803,0.0416923067018355,0.0337474846034018,0.0197994624363391,0.0124002118724784,0.060649758125235,0.0448927476906102,0.0535057373743627,0.0057759190554704,0.0049611034787491,0.0251493558273294,0.0,0.0279633252975218,0.0388915405200049,0.0115335562969156,0.0187732030329972,0.023450782564563,0.0251863824315494,0.0,0.0187732030329972,0.0,0.0182799841951389
76561199120414873,0.0363519596990102,0.0909854696560687,0.0199254079279695,0.0915883183013259,0.0184721874087804,0.0161683047054833,0.02868862555231,0.0821995107294884,0.0985851038546414,0.0149223290835286,0.0438683944661865,0.0331538819364762,0.0,0.0799088367089871,0.0074945901343943,0.0775271904025229,0.0303713426962364,0.0045522328704745,0.0114032176033298,0.0,0.0365526483952174,0.0252076453607702,0.0438221698676268,0.0,0.04729261970661,0.0,0.0212622715383847,0.0045522328704745,0.0161164657024025,0.0190270428212986
76561199120639628,0.0753410529762373,0.066050865232081,0.0085773516750243,0.0703993557601994,0.0,0.0121364950138381,0.0170457941735215,0.0682790195549903,0.0483346295868625,0.0435686897697709,0.0695258819410435,0.0602113545379821,0.0282965221949211,0.029716616716965,0.0355968701224165,0.0353829692024786,0.0173603558548084,0.0,0.0178036538495066,0.0197191705198967,0.110999579735842,0.045047637485005,0.035833927663743,0.0,0.0243781589609134,0.0,0.0181958546398918,0.0075826755060586,0.0186923066378985,0.0159232106881024
76561199121565961,0.0731233671518572,0.0533054623684056,0.0586786094580134,0.0848600928303864,0.0084505192246823,0.0459937283979742,0.0319275552535647,0.0219298983883543,0.0709035336948218,0.0297594774201068,0.0532927036769338,0.0165431815761008,0.0219667560354217,0.0593085263515233,0.0636401655524752,0.035964498264764,0.0426150753737805,0.0059822374280123,0.037281817530065,0.0159363967347136,0.0202305311586169,0.0546436802708969,0.0149303794400643,0.0254088063733565,0.0,0.0120476257619967,0.0162816734823271,0.0084505192246823,0.0,0.0165431815761008
76561199122736062,0.0701885031039074,0.0380102945155111,0.0819938315156392,0.0471916436500878,0.0726503065154339,0.0422881604863236,0.0531950984476157,0.0408628459563465,0.0212309079665217,0.0453922139103455,0.0199347475857593,0.0336943515246931,0.035992473573721,0.014873335051821,0.0147590843469574,0.0138644113281233,0.0131292403478737,0.0703084472438408,0.0694591908826858,0.0325674103977376,0.014873335051821,0.0063019319017116,0.0,0.0397581311344067,0.0138644113281233,0.0365835772167835,0.0165227098401908,0.0302814049948947,0.0,0.0102280001811217
76561199122977950,0.0802404153731423,0.0521920060476852,0.0167945074884857,0.0481259526877658,0.046905421400392,0.022422228670115,0.0378255219778765,0.0809278029657095,0.0474476105452375,0.0554938909532927,0.022754779143948,0.0077981284929784,0.0162527217934427,0.0398955398894263,0.0296591472525545,0.0692193473792579,0.0604745332888808,0.0,0.0279821071029759,0.0102160844068866,0.0352219633592101,0.0123808437957775,0.0326832520640559,0.0,0.042287586251294,0.0148445035980112,0.0140862084839221,0.0052000973167416,0.0402987538834552,0.0303690443874778
76561199124943008,0.0654114257898685,0.0548974198355406,0.0318338547948331,0.0960929715010298,0.0101477153368195,0.0233678071075981,0.0572047004749243,0.0572645651509924,0.0347993466534373,0.0496813581616403,0.021501234655066,0.024410149372068,0.0183541835761009,0.0318302757620243,0.0773148979817853,0.0499677428515668,0.0233054135948785,0.0170011931171374,0.0327086413631569,0.0229836154862444,0.0307965281708288,0.0348561221532961,0.0220082733335145,0.0113121094049878,0.0341185761240522,0.0,0.0235874926974186,0.015968995924484,0.0061826216536476,0.0210907679710569
76561199126787166,0.0534371827596258,0.0773875790862786,0.0254487700124198,0.0837936192401436,0.037202700927039,0.0151462513108387,0.0337553047474857,0.0821694539556235,0.0276039896714778,0.0650968003461103,0.0324821005913985,0.0137877973529214,0.0050238395763454,0.0280572254841711,0.0343761503171893,0.0831259034663981,0.0389889970795529,0.015460421675057,0.0304650642951445,0.013068006135363,0.015814684856064,0.0054654193432571,0.0152781431953624,0.0130219207587777,0.0731973301847767,0.0264883810522995,0.0061023328585902,0.0250058675025758,0.0039612540219566,0.019787508195755
76561199133897762,0.0710288771942521,0.0560787344144739,0.0345905240902777,0.1220852917014771,0.0053241972257085,0.0232694324836666,0.0497940492588371,0.0561367387624846,0.0701190392075944,0.0382158782504207,0.0280373485908728,0.0245994385706657,0.0045590855664298,0.076887626299525,0.0348870611815826,0.0400398560462219,0.0374206246676055,0.0162528122248687,0.0203492197386106,0.010962874862158,0.048375023031599,0.0287748720911347,0.0103189662537512,0.0065688006462411,0.0305012606338368,0.0097357827677448,0.0053241972257085,0.0,0.006178156412012,0.0335842306002372
76561199135781565,0.0422426805129381,0.040722592154504,0.0166654949272343,0.1096901170557302,0.018618506157042,0.0214502735206547,0.0612507516376985,0.070300469144627,0.1176124905332063,0.0263549064965389,0.0346130555579654,0.0124608839993793,0.0004644489754588,0.1032819524370957,0.0302717305338735,0.0099562214517844,0.0015200883584341,0.0119765689464631,0.0216067131003131,0.0209144088534467,0.0860449561953889,0.0332806711834681,0.0046206174551143,0.0134778133109727,0.034118014587812,0.0213437425764903,0.0,0.0,0.0,0.0351398303363644
76561199136746247,0.0715480411775716,0.0359422001349738,0.0472176241859603,0.037519907969309,0.0779084073791758,0.0618688418231927,0.0689976251199935,0.0336606727012232,0.0451721172160917,0.0284280365694353,0.0251104784132335,0.0162869613993616,0.0100232372703626,0.0200005516972119,0.0316925525074701,0.0495015208636098,0.0259670709805971,0.0126725502548635,0.0513077900636436,0.0463688130787896,0.0,0.0129971351861221,0.0214537587561324,0.0064558799565493,0.0168478659167678,0.0307156964906118,0.0448637035852988,0.0421151314521218,0.0,0.0273558278503249
76561199136855449,0.0590461005924726,0.0916565225782657,0.034057291457587,0.0456854743079293,0.05452483605856,0.0381954211809918,0.0317773910581446,0.0939967841692246,0.0178915587885411,0.0346375626926775,0.0,0.0373075635144002,0.0210885831288206,0.0237147128454991,0.0341117786005316,0.0418815362581263,0.0054625716505149,0.0100216734022302,0.0581104903569262,0.0403672169594526,0.0391259677268686,0.0065552787047429,0.0134523194031221,0.0178604407265857,0.0464296521339377,0.0264627991890567,0.0100661187433863,0.0101712528135263,0.0461037272010105,0.0102373737568656
76561199138247965,0.0767582046455206,0.0351158258994438,0.0460960389361251,0.0914486816956667,0.01142628552209,0.0475323582690628,0.0318721207143051,0.0236034819334006,0.0506045745099122,0.0413474898632883,0.0442494772043859,0.0313725964256532,0.0196059785497844,0.0598764486430424,0.0446785888706795,0.0343986003167082,0.01876513411471,0.0200996961604189,0.0632947186410105,0.0087224929182429,0.03244472539057,0.0303152487746611,0.0408923428289766,0.0118137944040158,0.0231490774119157,0.0,0.0218998979992486,0.0100331275361762,0.0,0.0285829918209831
76561199138513253,0.0649051828173586,0.0788743879936872,0.0336007286212566,0.0749882487345078,0.0,0.0174783440362275,0.0209359507708559,0.0604115458085848,0.0437640590550517,0.0617670719844632,0.0515630975149048,0.0154199356322106,0.0245113923069875,0.0270189130728367,0.0429874143789652,0.0805496789194526,0.0160659486797784,0.0095379982254761,0.0202923663553876,0.0074219987951436,0.0551256547293012,0.0362340862009517,0.0451188708253325,0.0,0.0555911283069345,0.0,0.0184756390919428,0.0,0.016704629843191,0.0206557272992086
76561199140016913,0.1041243271574759,0.1060365136910274,0.0804507064080522,0.0365151115305659,0.0252501753313075,0.0700316548492513,0.0364347775467203,0.0249505070483386,0.0237266172869859,0.0428180531809162,0.0888689573155479,0.0137624758457218,0.008378075531804,0.0157822733699003,0.0298053553161272,0.0242575510312121,0.0132043408231906,0.0195193802271453,0.029727652778149,0.0294602499235758,0.0146998561438767,0.0200845754301257,0.0345608363714502,0.0346504969545287,0.0169909290347091,0.0172947450178779,0.0079056731242297,0.012438288151497,0.0,0.0182698435786887
76561199141759033,0.0402218392759974,0.0768424173586809,0.0243065636661351,0.050844089010482,0.0625220195509075,0.0431771114175758,0.0321713730618824,0.056341370774082,0.0286953828786624,0.0204569092106521,0.0340989222256706,0.0456737003473654,0.0253319854092957,0.0140691136034185,0.0095731100230222,0.0332148194352939,0.009051458583428,0.0024241989869297,0.0480936999807327,0.0132668095021758,0.0524934560838782,0.0095731100230222,0.0305533968807158,0.0486099294522439,0.0453873878398623,0.0261682645165716,0.0642958484688138,0.0024658719547831,0.0294007492912667,0.020675091186451
76561199142951886,0.0710309979795295,0.0850372412892184,0.0344951518656924,0.0952882561100076,0.0169013146872741,0.0287379717322216,0.0210538502600429,0.0757187540583015,0.0446849851717234,0.0235989889377525,0.0470926233277138,0.0114810603490654,0.0067399251575743,0.0488515893538617,0.031876862849816,0.0602696074365623,0.0250476499973691,0.0057709870761606,0.0200938419317992,0.0136579583118525,0.0431072814969808,0.0405107907084318,0.0232396118547755,0.0082891678319468,0.0485518906012761,0.0169013146872741,0.0113832132674832,0.0167295916256426,0.0168545744589944,0.0070029455836547
76561199142956823,0.0902701630185088,0.1126948681113032,0.0021628260307007,0.0895442807684191,0.0060890925100996,0.0014756158359306,0.0145946912450357,0.063047707061934,0.0191358991648091,0.0862583770685163,0.0764927280284329,0.0352499786856376,0.0079136145539922,0.0206838252036479,0.0190957970226554,0.0269962622231783,0.0014756158359306,0.0014756158359306,0.0204511546386407,0.0022179411574326,0.1228194203665734,0.0289415122936452,0.0,0.0123993133679741,0.0216544099691998,0.0,0.0512580171415499,0.006225788595865,0.0593754842644553,0.0
76561199143159259,0.0761372114523698,0.0384305037944261,0.0508456499202035,0.0961341855495434,0.0249609047994354,0.0305187125531661,0.0454312510152995,0.0315207162683991,0.0487181911809277,0.0447322085013689,0.017982508160357,0.0607573987085359,0.0,0.0573389600491631,0.0324357714976186,0.0055156233840247,0.0321452037905535,0.028875526146706,0.0296385672719481,0.0101247912276717,0.0588830307865873,0.0058144426651,0.0144424640634027,0.0248966166332523,0.0135846527668879,0.0196379658017633,0.0347240248868155,0.0376201476377503,0.0061526956244863,0.022000073862235
76561199143328855,0.05078811632144,0.0540491058031608,0.0099636784321236,0.1031319526533263,0.0088073290363383,0.0261332558358845,0.0348885571648171,0.0422213509839281,0.1077975803340332,0.0610272289141701,0.029587299880654,0.0137766934973664,0.0,0.0839082889080125,0.0541077150747349,0.0562781123544873,0.011028786881826,0.0,0.0338296678635929,0.0,0.0853113308825659,0.0309638246392233,0.0135449145564924,0.0,0.0347152891794193,0.0044344072456288,0.012220228983978,0.0043729217907094,0.0078473071932685,0.0252650555888172
76561199145933358,0.0787977234727851,0.0578544883772854,0.0344830908633361,0.0892070004489194,0.00457267434772,0.0407943975113021,0.0585276900879895,0.0237574897923367,0.0764816120071733,0.0258177866162024,0.03259163350961,0.0449846640768138,0.0125491366010205,0.06825336882189,0.0308533977811257,0.0231262446394722,0.0322170175517151,0.0046439162938493,0.0438855102766957,0.004901374280054,0.0660832920579945,0.0371960752383745,0.0300733316643064,0.0,0.0180754672022949,0.00457267434772,0.0200876862895904,0.0075385496885699,0.0,0.0280727061538521
76561199148191143,0.0712501573070357,0.1271602776964318,0.0054930294530838,0.1109842606997842,0.0057624200257105,0.0063783451318092,0.0241149183962055,0.0881095447337206,0.0482406126618581,0.0677439947862545,0.0436554265512769,0.0257669334196808,0.0,0.037844365959742,0.0268818961641244,0.0485844706982508,0.0126707308078278,0.0,0.0,0.0039949586292177,0.0960979792348647,0.0175125792146445,0.0113661716374153,0.0039949586292177,0.0530527777197663,0.0,0.019508110648838,0.0087311615933943,0.0281739693017511,0.0069259488980926
76561199148448392,0.1210765557555812,0.0706128533252866,0.0670726304875355,0.0479974030902422,0.0372960766218207,0.0667205311511757,0.0214714372806332,0.0367546678204991,0.0075413661270904,0.0392892472817333,0.0439351470913195,0.0327618482364349,0.0583207462662093,0.0,0.0306167740929429,0.0180705982508544,0.0138306861628967,0.0216816786921605,0.0329710925297965,0.0387488214222318,0.0241908188853454,0.0289308470242954,0.0421839604336581,0.0048482917237334,0.0137237824158634,0.0137237824158634,0.0198014202267735,0.0093987983238392,0.0138306861628967,0.0225974507012854
76561199148775972,0.0683654238346292,0.0703218471656813,0.0826428945925688,0.0243856165685707,0.0355517007875704,0.0948120223174436,0.0580280334354159,0.0604271165178778,0.0106838036699446,0.0258965643489674,0.0808754040134503,0.0243540142760027,0.0230048510968322,0.0106838036699446,0.0102454299052802,0.0113416759107713,0.0106689665555,0.0250434888093974,0.0356363174794644,0.0219938772881479,0.0137018128986261,0.0349391124875366,0.012759421191552,0.0231305792636296,0.0131371431574154,0.0242100248767991,0.0113416759107713,0.0106522013773766,0.0131371431574154,0.0580280334354159
76561199149640219,0.0247602910513084,0.0448468149180984,0.0224424877585308,0.0742661976928786,0.0634171057645547,0.0096585129025883,0.0803135962593101,0.0399721567203144,0.0746175795832309,0.0133203852641122,0.0126795198495006,0.0186842174327942,0.0088021859706045,0.0640416327345852,0.0170593262891907,0.0333279826542836,0.0266526793072894,0.0500448319643369,0.0553219039632971,0.0127494059551893,0.0188367610901931,0.0179044917980802,0.0096585129025883,0.0315061897163799,0.0337271567467497,0.0384032022269317,0.0252948316457015,0.0327937374488077,0.005671583239839,0.0392247191487292
76561199150096251,0.0655387897682158,0.0660425075505912,0.0053179355223368,0.1324191018193739,0.0183750173879097,0.0153656928426489,0.0548984043993747,0.0477703607901908,0.1073135400650817,0.0103084462117322,0.0158307384963888,0.0311520081893943,0.0046312981772622,0.0897712372086117,0.0282309225276571,0.0328597589398856,0.0188137421188469,0.0,0.043086872350586,0.0196617341463122,0.0765309556854031,0.0184769697167423,0.0280703162635952,0.0150364581788261,0.0092817216728725,0.0,0.018629381795143,0.0046312981772622,0.0050407854400699,0.0169140045576838
76561199153422953,0.0512350399973749,0.0352830283073218,0.0394551466580962,0.1176726171490305,0.0113491620715198,0.0208304212734098,0.0504372666204655,0.0466086912950576,0.0770745514046687,0.013292953687461,0.0460767851714423,0.0276613669021946,0.007806913603821,0.0659696498839989,0.0471231157794428,0.0386343863994903,0.0134060864284219,0.0250059971026154,0.063411341541012,0.0327505096245901,0.0321557213739183,0.0444699775155814,0.0262891045986028,0.0173960047185179,0.0077334783929484,0.0073350492565858,0.0144856933453049,0.0,0.0033209364416518,0.0157290034554523
76561199154157581,0.0895981678843463,0.0468195540340973,0.0174660741813811,0.066951085242975,0.0750122845085328,0.0318023227141918,0.0574630196687821,0.0360788512012224,0.0248303299708549,0.0520859723762564,0.0106798546166587,0.0339456724478023,0.0096450573349905,0.0150888276619169,0.0632305681714072,0.0559081219234341,0.0147452898385027,0.0073342740055036,0.0649762498668564,0.034968192129129,0.0199957790006799,0.0173325716854817,0.01930676196142,0.0126039421596139,0.0234520369324553,0.0270836391011377,0.0,0.026601817010587,0.0,0.0449936823697816
76561199156024770,0.0734454995291144,0.0542859652020077,0.0245527884455738,0.0418812598309731,0.0931106242542285,0.0317134197159856,0.0248499548952508,0.0616750517091481,0.017386900342295,0.036303831184588,0.0236229830012084,0.0259083292828558,0.0118378816552719,0.0119364075852182,0.0484017159986869,0.078505647734491,0.0182975385990413,0.0058623031248196,0.0434023590983239,0.0262313131927655,0.012494726382441,0.0304880298961086,0.0182620237316681,0.0193167174678829,0.0537414243726085,0.0436207054530477,0.0131464306851898,0.0247534579618481,0.011744800258486,0.0192199094088705
76561199159246290,0.0783829840605024,0.0710071581158774,0.067319058471348,0.0133847247100467,0.0133977952343,0.0892042157158962,0.0144227157988967,0.0447273713296377,0.0057773993832047,0.0367659150828719,0.0655946621902528,0.0382604985434664,0.1048638758991041,0.0077737965250225,0.0073866294851231,0.0117391736782571,0.0,0.006495991378116,0.0410071451516857,0.0144227157988967,0.0070360863137736,0.0167731710251633,0.0879377899136602,0.0320045059730556,0.0346731328242037,0.0077737965250225,0.0316520299381228,0.0215940575873846,0.0286216033471064,0.0
76561199159754169,0.0536598343799428,0.0696448635236121,0.0042025943720121,0.0824115081589644,0.0113442524941754,0.0088437971641808,0.05562288206624,0.0622915195843484,0.0148185137855004,0.0575758292108744,0.0184378855664988,0.0499425780868019,0.0044467345896964,0.0190211081575125,0.026451886964258,0.0507565508759142,0.0328609485934776,0.0087895175064563,0.0298863595634035,0.0046316844417746,0.0563848222084694,0.0136716720256373,0.0305899903568402,0.0,0.051135274286474,0.0,0.061900417422127,0.0496695955519142,0.0312486345459928,0.0397587445168993
76561199160326290,0.0751884670632108,0.0543741101101237,0.018671315297611,0.0821070646329325,0.0542467532858707,0.0320034774217845,0.0353895864242418,0.0548624837477341,0.0249812053187895,0.0394193037181097,0.0217588913754702,0.0189032756839044,0.005784571045134,0.0330169252105527,0.0562368366140715,0.0781277459417112,0.0196264160144467,0.0,0.048942984461224,0.0325372412407056,0.0362654885210119,0.0471317309378192,0.0150670378190663,0.016301718191942,0.0380698308569678,0.0269931084982338,0.0044068605380405,0.0,0.0159758559806238,0.013609714048665
76561199160469265,0.0793638140245702,0.0519303061428253,0.066481311422908,0.0545063087121606,0.0454087046541879,0.0535966994931698,0.0501384195907217,0.0206582249339973,0.0288094274788262,0.0195174989708856,0.0575848229458176,0.0195443479100132,0.0115628532229458,0.0311353916267758,0.024740803844543,0.0208678768586823,0.0157025750228089,0.0699187670529415,0.0224622905136049,0.032875979709138,0.0211382701196687,0.026552579022128,0.0162129923686968,0.0321061696648991,0.0149720000291057,0.0161104677110237,0.039055861047803,0.0226818519005598,0.0051376651389324,0.029225718865658
76561199161773396,0.0873321437685223,0.0448677818402845,0.031084917087556,0.0755940134853753,0.0329081502475072,0.0372586655234898,0.0255008847611859,0.0141582669646516,0.060704014524321,0.0283356597115387,0.0466429862202777,0.0139000747320754,0.0308230359652616,0.0542382118729769,0.0689366024713804,0.0829850708679961,0.0142816475556186,0.0060541738422069,0.0517735431748303,0.0129511008071156,0.0174946090242996,0.0544981586649384,0.0325843734406427,0.0,0.0141582669646516,0.0203501920454343,0.0060541738422069,0.0123017252196723,0.0,0.0222275553739812
76561199162150157,0.0753614441665117,0.0282748632464951,0.0453227440825964,0.0546790288518556,0.0698637125738105,0.0826113651642792,0.0449648166827719,0.0172358158438047,0.0489958717160793,0.0343484451873534,0.008668308171779,0.0285089242845454,0.0092928026107519,0.0489958717160793,0.0584162070146202,0.0221111505813634,0.02450019170498,0.0,0.0727075493536299,0.0387903717252421,0.0105962940787487,0.0442048251585469,0.0116072035099396,0.0,0.0225502163275259,0.0344510337729616,0.0111598268541288,0.0279418777280434,0.0055638425474577,0.0182753953440968
76561199163724629,0.0677095004625899,0.0605716172122868,0.0346842380130071,0.0646007462313917,0.046395252464155,0.050779192998719,0.0430678800424467,0.0545973587654426,0.0308749875337441,0.0546409089061825,0.0169382086143959,0.0167225014658209,0.0042925661876807,0.0308749875337441,0.0476711837024418,0.0479320235130021,0.0170931352102927,0.0206181691330356,0.0527189065573346,0.0191771823630812,0.0316418747322655,0.0296832585216513,0.0144059100298404,0.0020422750718955,0.0389639139875654,0.0238214654310564,0.0361072775673301,0.0223821294157235,0.0,0.0189913483318756
76561199163970610,0.0694663402658452,0.0508076859037377,0.0048393857948158,0.0662591075128509,0.0407191065003946,0.0249049896686373,0.0655314658762385,0.0665314240732905,0.0250442756898632,0.0528033952614676,0.0223308780889467,0.034065011224566,0.0114996397126659,0.0343556712956975,0.052053520394042,0.0429790314824246,0.0230431733181219,0.0,0.0392360175762789,0.0189072585989827,0.0426964304118572,0.0184580828358655,0.0203880925535403,0.0,0.041496376230911,0.0191139190923126,0.0371717998447713,0.0261724700385168,0.0131761995445263,0.0359492512088303
76561199166182764,0.0655003573315437,0.0937703182826257,0.022821724531271,0.0420237098498489,0.0109526124897018,0.0402029818070658,0.0299849189976838,0.0409361510466819,0.0248473095342274,0.0757558443408902,0.0776361567760915,0.0562368414666196,0.0514413624861994,0.0121582085813136,0.0290377299447125,0.0484511548337518,0.0135106195149277,0.0051023467921417,0.0139901161339586,0.0332274879291874,0.0161634319447152,0.0113672263823539,0.0731130611484886,0.0458990743009558,0.0283470258350747,0.0,0.0090645820813784,0.0,0.0072659018135905,0.0211917438229975
76561199167276604,0.0590329503652781,0.0484262832927824,0.0289645628050221,0.1007329209131645,0.0284135593764274,0.0134741901711851,0.0606600458541637,0.0553220844672893,0.0318873679933412,0.0621101042796707,0.0089383463851867,0.039267511567782,0.0133043657508074,0.0497620304500281,0.0636048831591062,0.0683609554055727,0.0618968847881788,0.0169689222207998,0.0192720565383903,0.0091735987347576,0.0200341728796327,0.0134693247406745,0.0144770323858522,0.0081774620565552,0.029159323180513,0.015275724147845,0.0037519788175006,0.0132459586668326,0.0037929503527924,0.0390424482528664
76561199170689400,0.0341872460098431,0.1088532809911481,0.0156289251292056,0.0650251513856848,0.01653674811872,0.0112250561020485,0.0460771482062642,0.0950064579928929,0.0172842642688716,0.0596709824976354,0.0629024842548852,0.0434033683051541,0.0,0.0112552114429125,0.0068699261699554,0.0298857057921451,0.0315258966512578,0.0062624577601581,0.0103033718934779,0.0054710833067825,0.0772751060450403,0.0051974703618845,0.0180503491750941,0.0,0.0747688665222126,0.0068699261699554,0.0439925355243453,0.0275879872151998,0.0564542656424368,0.0124287270647871
76561199171022045,0.0456814328091773,0.1060307670437677,0.0122447405620377,0.0734761049205654,0.0261458554834051,0.0,0.0222232496918694,0.1060682478838076,0.0450735201528091,0.0680381453760638,0.0207781823085453,0.0214422037596016,0.034223775961184,0.0277522947615459,0.0383736367048054,0.1043335273327817,0.0110577252568581,0.0,0.0257516737529829,0.0041996955667568,0.0307484549468872,0.0280810542012868,0.0132317691841574,0.0071562859491075,0.0808309405841672,0.0074752320084932,0.0116441994735547,0.0053277228940622,0.0168435850201828,0.0057659764095346
76561199172855668,0.0556052911905116,0.0705599771131574,0.0264688070877927,0.1014092917029335,0.0277365917826307,0.0135589268115995,0.0420525165024833,0.0533419258991254,0.0712586034896028,0.0293864061775314,0.0307310349955226,0.0359769189050636,0.005931032953201,0.0671487504571587,0.0124747428378578,0.0184965688787401,0.0172287841839022,0.0057368995228957,0.0259574549357481,0.0078220272887037,0.0678712445588268,0.0123743486306527,0.0327300396725744,0.0132995986348975,0.0263154953786293,0.0138046382508962,0.0494993472657647,0.0,0.0416773199770609,0.0235454149145341
76561199175895006,0.0601958841053535,0.0374853103397421,0.0094759236643249,0.1003574099051069,0.0313264405363154,0.0144487397090775,0.0687916864237493,0.0250242727595773,0.0751348005796875,0.0371328263393576,0.0236161847282615,0.0291470462139969,0.0076660342474606,0.066039354593195,0.04466459555385,0.0575957871034888,0.044935290352686,0.0055800836145476,0.0417610462742551,0.0343235697737931,0.0302931000821624,0.0044743885832351,0.0364678663966229,0.0039550696350808,0.0210692031244965,0.0064060453581285,0.0112742551387022,0.0260575518947097,0.0,0.045300232969034
76561199176943260,0.0523038660486712,0.0423045458370052,0.0184687966076442,0.0815315265936449,0.0326716793909513,0.0406259663376507,0.0858276459349394,0.0354472774754197,0.0477002705203151,0.0379150960952233,0.0127482720772122,0.0239590308699699,0.0178159906463931,0.0408154502154018,0.044342308517128,0.0365785144404141,0.0320601878612943,0.0044408796764633,0.0427725337115374,0.0502990880015527,0.0117175109024541,0.0,0.0364957820001539,0.0608257141459532,0.0136754202041904,0.0252662732696434,0.0047826236067606,0.0141164135095843,0.0069999255434126,0.0454914099590145
76561199177263814,0.0606948646843834,0.0643890589007394,0.0268107918175795,0.1023916591039059,0.0223116443307915,0.0269302095310271,0.0510594935221392,0.0466839377224791,0.0548560266002689,0.0432027092644245,0.0104068309700063,0.0224893005405353,0.0069480846268556,0.0680101229395981,0.0478577894305632,0.0499746869746771,0.0295143515829494,0.0088081643693566,0.035131236254864,0.0055620060522372,0.0475638227458128,0.0294842547226098,0.0254467600691218,0.0,0.0345405904804313,0.0058891419217203,0.028884967283673,0.0219845084613085,0.0126453306381325,0.0095276544578073
76561199177394627,0.0783154437869571,0.0605619746195946,0.0499183527857082,0.0886907245276143,0.0187102531945966,0.050216752901839,0.0451665690833009,0.0641310509921319,0.0572623914799239,0.0286139212202849,0.020173988982648,0.0106653163331931,0.0170522020875378,0.0629169265195578,0.0542292885342658,0.0324933418428762,0.0540577381635369,0.0271721968538779,0.0194721523632037,0.0091676690466509,0.0169905571089184,0.0429342571022956,0.0154159855839858,0.0,0.0131636856744717,0.0092934447994659,0.0091676690466509,0.0099338562123393,0.0052653516207026,0.0288469375318691
76561199177732895,0.043242762549887,0.0609761616867052,0.0227287686896031,0.0949865759335191,0.013989602073731,0.0355734186842902,0.0590628245876722,0.059164560484177,0.0561743924371557,0.0385653460079773,0.0457352517296377,0.0429270025545139,0.0201331514009563,0.0610962184033727,0.0253178008964691,0.0340439827494442,0.0254094228463472,0.0050637719882077,0.0340313524428043,0.0130696478271958,0.0701497224654544,0.0326838554082022,0.0414519613874999,0.00482985556883,0.0218673165440081,0.0,0.0276634485299013,0.0043529719947535,0.0,0.0057088521276826
76561199177743352,0.0508108157046366,0.0768967773870462,0.0221005599426285,0.1076292173306196,0.028706830288585,0.020844048065474,0.0485266145086238,0.0820136430034928,0.0691842399696419,0.0472304712331825,0.0166642659308642,0.0276125106893409,0.0,0.0737840602255562,0.026671561399441,0.0582527045673559,0.0183379515077927,0.0098016555697909,0.0133695946625385,0.0,0.0457340819270881,0.0236928733004834,0.0296293100474108,0.0,0.0454666113179315,0.0179389164795614,0.0057813247502912,0.0042725526752715,0.0,0.0290468075153498
76561199177799021,0.0552072644971233,0.0106849681717275,0.0491604079357397,0.0625472321973717,0.0617239089243889,0.0748742208465754,0.069149233658047,0.0274473572954607,0.0489201053906319,0.0177858972386091,0.0045592396389653,0.0063652036626885,0.0090422206470852,0.0315534124174238,0.0769732580960601,0.0290857070766427,0.0162501981430577,0.0225541456326376,0.0400039623216889,0.0271926485744241,0.0104333459541213,0.0524575404098528,0.0205562410932648,0.0112090055333578,0.0285720943347529,0.0543710172030343,0.0074738968050259,0.0314296373910881,0.0112043651705843,0.0312122637385673
76561199177910149,0.0695271122281611,0.0352872873319798,0.0647622167413751,0.0348651245381309,0.0592667499941166,0.0431973380237179,0.0828274957989424,0.0371324082763808,0.0,0.0736514780718202,0.0046510236333852,0.0250720907148,0.0250513960946048,0.0097565355940197,0.0412653698956594,0.009967797626077,0.009881495163363,0.0760245748942058,0.0240964861766077,0.0704273961182254,0.0,0.0,0.0138245550912869,0.0129304474533773,0.0128723905627697,0.0128723905627697,0.0340748922467003,0.0586716702781573,0.016427978659416,0.0416142982299486
76561199178946434,0.076526623055192,0.0707137580510395,0.0179081818770494,0.065110948413829,0.0628945275728479,0.0598162608684826,0.0351411858133003,0.0517579638337021,0.0225527706175811,0.0392110530954635,0.0196355845029782,0.0,0.0171672474696497,0.0221336309924781,0.0230623739484026,0.0453029298970304,0.0041206893538181,0.0134346126025712,0.0443752034180781,0.0393345583708618,0.0401207341741478,0.0211965467330319,0.0183237644529783,0.0149207580428697,0.0435645415187013,0.0544153500202806,0.0321819659880605,0.0207227430753274,0.0174776928086708,0.0068757994315745
76561199181453644,0.0356713313001048,0.054746766341211,0.0416489544095433,0.085956304055279,0.0150221353409544,0.0315054655764174,0.0327998920519237,0.0437497167001572,0.1097641551418232,0.0163619626489957,0.0493976664772719,0.019877961854471,0.0122307119872983,0.0871715200168995,0.0185650747478172,0.0518346923795435,0.0073532968322033,0.0,0.0592495642525531,0.0,0.0760780116146231,0.0419167164986763,0.0284701140703707,0.0145649268279029,0.0238053764093383,0.0075787215806118,0.0,0.0069663999441785,0.0,0.0277125609398298
76561199182477254,0.04063692809989,0.0747160341033964,0.0314460579513361,0.0745196143130232,0.0343102800645665,0.0399593707794459,0.0284525593417498,0.0769792525346152,0.0269389823520015,0.0503930936944519,0.0154475154942778,0.0171757561164338,0.014450224897023,0.0589019280883382,0.0453260996695717,0.0722705291281766,0.0216851244412097,0.0,0.0561858180022024,0.0192812362687615,0.0310196197733443,0.0176466531722699,0.0198009667357598,0.0181709191851333,0.0497680068790271,0.026940476037937,0.0113123283425538,0.013185153478601,0.0075042672623915,0.0055752037925096
76561199183568045,0.0735180862772044,0.0645041812191303,0.0448089525283108,0.0595653888218547,0.0382396484327741,0.0651374401951728,0.0325572702725954,0.0580673103717947,0.0354160607303538,0.0293325003708032,0.045580320981911,0.0468694145295697,0.0262780151904642,0.0211075184774395,0.0296476296304066,0.0387826178418501,0.03692101229102,0.0196287118354955,0.039185980007504,0.0168832841640313,0.0211415899506427,0.0172881931749384,0.0216223484679242,0.0147057218159132,0.0369288734867767,0.0211220412734641,0.0104862280857614,0.006071480574887,0.0,0.0286021790000047
76561199185923126,0.102306630448916,0.0124972624380758,0.1045522161025109,0.0266279626169951,0.0456868587235186,0.0581504299914859,0.0590371890476882,0.0056636199854304,0.0063264962306397,0.0807737693729949,0.0516608171495001,0.0229922414902057,0.0145417284571567,0.0,0.0688557733155881,0.0215377091731664,0.0440413805300545,0.0984965996190383,0.0053439912266709,0.0267362469385374,0.0099722077349048,0.0053439912266709,0.0056636199854304,0.0268643288298541,0.0,0.0046959149309507,0.0110747837068466,0.0348098471969525,0.0,0.0457463835302152
76561199185957759,0.0646984533941902,0.0901276772816541,0.0385886003048869,0.0345733520067215,0.0825154382262777,0.0643838299080189,0.0126660463105112,0.0647189587756788,0.0282812341954517,0.0383187376528796,0.0264424866359012,0.0064966613538589,0.0257027428497973,0.0282812341954517,0.0133510565008853,0.0639125143146394,0.0383793845657033,0.0063401021311037,0.0512331919945771,0.0251755546109684,0.0133597293723119,0.0345489339635724,0.0195477527144833,0.0,0.0578276163544168,0.0258507145842316,0.0063401021311037,0.0063259441794074,0.0256718473602108,0.0063401021311037
76561199186500350,0.0624869330430179,0.0749486344053302,0.0209520639771479,0.1171230829638353,0.0168541794586113,0.0052346230546904,0.0255105658140226,0.0682376265646234,0.0910557064533266,0.0363349464751138,0.0259599163756647,0.0154000978931065,0.0,0.0775150489864378,0.0374337092675702,0.0682204516578465,0.0429274507521975,0.0096386654800222,0.0061987969304059,0.0190963714048795,0.0441931499541148,0.0317695701950321,0.0188554561817758,0.0096214608135643,0.0342433272430345,0.0073792688672961,0.0052346230546904,0.0094749105913151,0.0,0.0180993621413252
76561199186714151,0.0615598843830606,0.0768893163130716,0.0321034660904915,0.1175998336483711,0.008333781079381,0.0184372793903131,0.0210790570991611,0.0376121379085464,0.1008285893709107,0.0382967377687125,0.0193058932358699,0.0135636251234143,0.0,0.0940798534739082,0.0438854613782406,0.0694859215549777,0.0327460854544304,0.0,0.0183818699658186,0.0038451890395758,0.0712698603495382,0.0403502880931861,0.015865779613316,0.0038451890395758,0.0275763396696832,0.0041248316862601,0.0143315699626075,0.0042089493931208,0.0,0.010393209914456
76561199190983452,0.0584296718818838,0.0875403229617065,0.0521907450807657,0.0962733421394617,0.008794952681852,0.0273083066526106,0.0303478949094173,0.04668288742003,0.0618214425310154,0.047889931175978,0.0377635152057076,0.0281843710644491,0.0253728873023736,0.0617823701075698,0.0240153105536265,0.0760563783398843,0.0320146760718242,0.0100779212310921,0.0310356340771617,0.0090155773643532,0.020086415660222,0.0155905391421358,0.0284362443988192,0.031712986066749,0.0268552106424093,0.0049788347887737,0.0043527186756783,0.0058233752359627,0.0043527186756783,0.0052128179608072
76561199192245348,0.0633376392299623,0.0422282727756622,0.0295666499792543,0.0271974141144686,0.0909011415237374,0.0480667818533319,0.0596482687318294,0.0314261905366066,0.0,0.0383028977663514,0.0191150092892682,0.0267699021421535,0.0480641094170424,0.005242651851254,0.0333594764494181,0.0413369820865559,0.0041005862907314,0.0124183518842363,0.0637783296311355,0.0532483638434838,0.0100537495915277,0.0149163254601622,0.0151655501524885,0.0377334530010649,0.028797872320657,0.033729613071918,0.0288846682277641,0.0391229299851764,0.0,0.0534868187927566
76561199194402331,0.0507070341389897,0.054941390822462,0.0197641303067853,0.0682875667195518,0.0325287268174349,0.0362657230440434,0.0736965681999339,0.0442248693320391,0.0473878936798989,0.0347946077628635,0.0293722506552731,0.0405499340578683,0.0250346016475984,0.0406750068221824,0.0276908290064956,0.0151393557202723,0.0,0.0059595260732894,0.0519318869026597,0.0444770104596616,0.0438910128615794,0.0175864052265496,0.0306323251275166,0.0076688970842988,0.0254763149386392,0.0156942278326185,0.0375076801693979,0.01858409324091,0.0198664467287128,0.0396636846204726
76561199195416934,0.0465424034819076,0.0736486199085476,0.0191871748766355,0.0706658160556034,0.022773165801809,0.0372224035229186,0.0449187800529719,0.0759749449483444,0.0508074737423594,0.0363678966190361,0.0363690567843605,0.0341183913811433,0.0119312489877606,0.0398785043673168,0.020162541068773,0.0401237423291225,0.0341564080250227,0.0,0.0150100437555821,0.0370088201080722,0.0382419291209278,0.0065322629209386,0.0342174504159514,0.0,0.0755647504931986,0.022773165801809,0.0238562264925246,0.0097891972051941,0.0263791790163227,0.0157784027158444
76561199195958449,0.0833430448676164,0.0458990715632469,0.0364383460112622,0.0921626736514312,0.0067916710164574,0.0237903170306276,0.0370961804647759,0.0332413199956599,0.069003199640073,0.044082351909256,0.0617503878456534,0.0235770874086026,0.0203360829579559,0.0379765937065678,0.050114106358889,0.0266312434864252,0.00631514980325,0.0,0.0297795033226235,0.0156682360132948,0.0675148522301334,0.036958587133521,0.0291614690229597,0.0195692555403299,0.0066427737208153,0.0,0.0425524355189202,0.0134224804436735,0.0090471491730312,0.031134430162946
76561199196035407,0.0910882117825122,0.0622403948042991,0.077514300530028,0.0468990459328132,0.0,0.0723110099584025,0.0232882476290711,0.0414230832180435,0.0413492360099541,0.0441719125319136,0.0602250515503311,0.011431357216336,0.0261851514951136,0.0368958451504302,0.0562548521373325,0.0481427263321998,0.0528115936273379,0.0144500597517704,0.0119948692255103,0.0,0.0061346990738307,0.037976344296441,0.0503306748365294,0.0,0.0201235945833366,0.0,0.0261785679515208,0.011431357216336,0.0,0.0291478131586056
76561199199012410,0.0941988999049244,0.0823555182677165,0.0699374168640628,0.0631126733797012,0.0167467054251455,0.0439895321619759,0.0222953455886964,0.0571181038935863,0.0468926464359193,0.033006014751389,0.0437749275503403,0.0,0.0601447464150865,0.0468926464359193,0.0266932779646975,0.0563844183030578,0.0161101590399614,0.0048554538372099,0.0144904140134858,0.0090429408063507,0.0412131148839547,0.0229265502210325,0.0444649745243209,0.0094877682584448,0.0320615532244578,0.0125285223811141,0.0142936860790809,0.0066904899929669,0.0082914993953995,0.0
76561199200039007,0.0897947391514928,0.0687423084115981,0.0583249619055821,0.0334199327607704,0.0540369899181541,0.0761540133677669,0.0420779742288498,0.0569461173362247,0.0053182825627792,0.056728151914967,0.0195376306309075,0.022011704859262,0.0102839741684905,0.0053182825627792,0.0408602343552033,0.0297648978093158,0.0220080697336353,0.0114436872881468,0.0378248664139456,0.0592469574387522,0.0175408289502404,0.0120002429922515,0.0058005945133716,0.0500594477599641,0.0420665308370783,0.0240462029379639,0.0104361768391653,0.0218137913931599,0.0163924069581802,0.0
76561199200202957,0.0574638494899408,0.0673940749547321,0.0352736880601427,0.1119124947592897,0.0,0.0309933274019423,0.0101941176958173,0.024376574306978,0.0984972437714722,0.0402075290402437,0.0178165417410489,0.0292780557563126,0.015566651127626,0.0936920773333372,0.0570831670259511,0.0584166720296307,0.0063653657786738,0.0131038047924906,0.0306781100788017,0.008242150267705,0.0640084117118525,0.0481620431210298,0.0199198725475848,0.0071093430675301,0.0187676179016542,0.0,0.0134590463675871,0.0011328072001749,0.0,0.020885362670449
76561199200353988,0.0703112586408601,0.0354142035308124,0.0342975282080141,0.0906353148553209,0.0152393868864862,0.0247768411056679,0.0497830216381833,0.0432025651892191,0.0591678056486826,0.0233210691770676,0.0528666171700494,0.0276562102193065,0.0,0.0437617073018565,0.1027084904930687,0.0462014451431759,0.0241574171294484,0.0122197660541388,0.040571823640996,0.0340858985183569,0.0240052649132093,0.0345867989767218,0.0109017651730003,0.0172670629563913,0.0182677608008737,0.0047887438978227,0.0161832315841522,0.0123101271025508,0.0039833393823612,0.0273275346622037
76561199201774235,0.0699633946518132,0.0590238080556768,0.0631899028528125,0.0558163102740573,0.0335191496812467,0.0672250421625281,0.0362724799074499,0.0489736839300179,0.047284371769923,0.028876387044145,0.0409317289019291,0.0090280021468186,0.0332731875321475,0.0470546867846832,0.0256925046981265,0.0294115158460599,0.0311626585992193,0.0124372124617801,0.0282235028983023,0.0272452625609246,0.0112973459074224,0.0482986305969808,0.0255554596336079,0.0044948988780767,0.0253166172485221,0.0264436999692514,0.0170203228266301,0.0090708355054232,0.0105539310152098,0.0273434656592126
76561199203270822,0.0486781210966122,0.0392964918160553,0.0152786912018684,0.0740527286139688,0.0660663490265113,0.0362913072916198,0.043624650069137,0.0479914670508797,0.0311741696769914,0.0333700608985127,0.0103695871133073,0.0317491783778071,0.0137568795081911,0.0453085443098126,0.0535871183256512,0.046081106875681,0.0095899161902591,0.0230329319058614,0.0512124696516818,0.024705727249534,0.0182154630125967,0.0288303821781518,0.0174137029416714,0.008461338262192,0.0522195202177625,0.0366234661400707,0.0242778316273032,0.0348067932958367,0.0086618792679769,0.0252721268064935
76561199205535040,0.0397633065872874,0.0712540023543176,0.0283373629544217,0.0941819629351219,0.0332035291055521,0.0191437045389736,0.0077824992680909,0.0627530042482253,0.0492876925293231,0.0386889390725192,0.0439153819397046,0.0210505743642512,0.0178656545457644,0.0572267858694381,0.0390645906628046,0.0608057507892592,0.0045244942020155,0.003761113092324,0.025464749268782,0.0046415827809832,0.0679201627406873,0.0531322333077138,0.0309090981666291,0.0078120243312909,0.0496174241847323,0.031896310357356,0.0104879280872648,0.0070191181583994,0.013206123010994,0.0052828965457715
76561199205562180,0.1123110244436786,0.0942055288130882,0.0973207993299408,0.0478719705400946,0.0285256980013177,0.0654356976117166,0.0202055341593542,0.0491698862119516,0.0248792676938871,0.0654835218128317,0.0382082606403159,0.0115981867140932,0.0319511612355249,0.0248792676938871,0.0218541097270793,0.0293785954617127,0.0232807261822072,0.0112256724929025,0.0201258120977728,0.0269429937137,0.0166234880785062,0.0287815840472634,0.0309485023951379,0.0,0.0358017776595411,0.0146756694842461,0.0125837010952305,0.0,0.0112009456503991,0.0045306170126173
76561199209636789,0.0677584434122459,0.061252230196262,0.0400758447072378,0.0663915461622182,0.0697641034274246,0.0401506292275196,0.0656534906257217,0.0289611399748892,0.0386592608194836,0.0414232480750992,0.0141559409307841,0.0184314016547496,0.0143737239917614,0.0351491156644805,0.0166800696648188,0.0345862475210639,0.0230343755265291,0.0205041406909051,0.0532716540487611,0.0236456750995559,0.0416595745367895,0.0052369229500557,0.0137502181968389,0.0178157256973876,0.0235522671491639,0.0525349468563253,0.0311198374918621,0.0254828854688921,0.0095164674054469,0.0054088728257252
76561199212301613,0.0904081546360913,0.0533445310151298,0.0636781077446622,0.0622288350741889,0.0224966749367858,0.0537446624554552,0.0463352269717032,0.053955495091882,0.0413670252376413,0.0346419160888446,0.0437417298402941,0.0077933364747466,0.0215484167305797,0.0415859007089477,0.0509684098146863,0.0295817823044963,0.0155311920789647,0.0063261940072239,0.0241201483013955,0.007232494341331,0.0359013742755499,0.0612743388631373,0.020924195435452,0.0,0.0222034576570801,0.0184475767306203,0.0155974875732335,0.007232494341331,0.0164164663344956,0.031372374934049
76561199214725358,0.0359295187684721,0.0502366523707557,0.0070942868413731,0.1284951296458623,0.0134058260783129,0.0067572928204805,0.0504935754330337,0.0451177235269486,0.0518871938796824,0.0456174825037253,0.0354848032791032,0.0453764556532055,0.0058078303475358,0.0668469280451065,0.0423249982024929,0.0537293118974541,0.014282868828682,0.0,0.0220035778092707,0.013294439727013,0.0627859168425267,0.0486000526368595,0.0205513551431186,0.0070566116456684,0.0311667765844524,0.0076452912710938,0.0232445256637411,0.0185450208128242,0.0091211692637423,0.0370973844774609
76561199214927585,0.0777696080682101,0.0659083284106395,0.03231171272404,0.0713119505044443,0.0500062969609334,0.0579451032981704,0.0129709001782164,0.045098922381799,0.0440481812748364,0.0518500025777264,0.0399647781539629,0.0416748801150164,0.0345038299770988,0.0344412175295295,0.044659603909,0.0349818578927199,0.0159174445183551,0.0038448060446054,0.0541875860776453,0.0090281565439508,0.025887630025817,0.0308250337219157,0.0204741377665283,0.0306642882412723,0.0164705751825106,0.0271620611917524,0.0160449164181457,0.0100461903111568,0.0,0.0
76561199217005171,0.0822536076462201,0.0608483225021797,0.0969938600475585,0.091057843790993,0.0046686619416847,0.0631763951431562,0.0175850503660021,0.0329800989866135,0.0923067436684035,0.0187378669524391,0.0472138549522948,0.0073143239160139,0.0,0.0781414553666756,0.0373867220920622,0.0422535653720897,0.0573772845629419,0.0106505194027522,0.0094923958605269,0.0092873106568864,0.0216814760430742,0.07074501618565,0.0162332223982739,0.0094336962799675,0.0,0.0,0.0046686619416847,0.0,0.0,0.0175120439238544
76561199217242920,0.0462998443460619,0.0523050769489463,0.0413496330214559,0.0891011391011771,0.016497113480044,0.0197107194460962,0.0577322418051352,0.0493898803555099,0.0838437970439548,0.0552890185051769,0.0189851613243791,0.0399723521321325,0.0087962243022184,0.0771962920669735,0.038093742540294,0.0389143601741776,0.0240197271593511,0.0144966421585222,0.0071396667156834,0.0186573269166794,0.0455784223750704,0.0092572453423958,0.0121151269902373,0.0,0.0304821543313792,0.0248258030349654,0.0133521738611971,0.0169594627488625,0.0054542802791787,0.0441853714927429
76561199218023441,0.108978989982386,0.0795107946856123,0.1011831611088298,0.0400298740987552,0.0311281644937502,0.0924974445416488,0.0162242949424547,0.0170697270903868,0.0476539704137956,0.0473016176329328,0.0617590270002844,0.0231981486593102,0.0158075700417965,0.0395417020358639,0.0070172757155513,0.0081122683779316,0.0299142477508058,0.0,0.0520016820862002,0.0086653965749011,0.0260969504079695,0.070140230499132,0.0465963474827098,0.008394962637537,0.0,0.0071080162375108,0.0070172757155513,0.0070508597863909,0.0,0.0
76561199218251849,0.0767815337446611,0.062775046174945,0.062775046174945,0.033225964345082,0.0392262641557042,0.0815927742143848,0.0220552151545535,0.0,0.0478717531663209,0.0891471109937687,0.0496042366117942,0.0494561750609858,0.0,0.0311768706733385,0.0263518043763554,0.0307929431875633,0.053232085827892,0.0237997335191799,0.073253583635663,0.0392262641557042,0.0014379004253737,0.018685831694689,0.0368423767562266,0.0256716275656981,0.0,0.0,0.0067385539975228,0.0,0.0,0.0182793043876473
76561199218902109,0.0488505373870512,0.0413285414722276,0.0403192069366592,0.0502387626576264,0.0746940037533881,0.0508707991457599,0.0837593506414838,0.0466866892571539,0.0255216800707737,0.0313770486986098,0.0184946793666433,0.014461044865655,0.0323704751624851,0.0310440548024743,0.0188567542144824,0.0428935030773314,0.0242725081073976,0.010152758808073,0.0344657432391982,0.0401927893526688,0.0128888560670755,0.0044691991842734,0.0243022359876345,0.0119645564785148,0.0266673740613692,0.0297044138131689,0.0361191337811717,0.0398391820189148,0.0218689175121202,0.0313252000786129
76561199218919589,0.0393637263046117,0.047807326235127,0.0,0.0863355010818472,0.0387874491120199,0.0321163841672251,0.0334502786339637,0.0790076064949386,0.0682250176188195,0.0277166971318567,0.0064657194485984,0.0485903944759118,0.0,0.0674376604464334,0.0455492383958602,0.054038552556503,0.0160548103736821,0.0,0.0440261267484685,0.0063569971715986,0.0889610471831596,0.0228999700976454,0.0284308819731982,0.0,0.0466405012739846,0.01714100551498,0.0042911930399972,0.0101968947028769,0.0275595904527725,0.0125494293639193
76561199221510423,0.0772463086796866,0.0373279768118715,0.0310868852596855,0.0965256765623969,0.022219985024896,0.035184848784452,0.034863892820747,0.0502704702370142,0.0800062107733067,0.0230744469229904,0.0401489448350294,0.01582830702638,0.0079027385859945,0.064078603759793,0.0727480160934993,0.0298968112336186,0.0443600555878955,0.0189515800977055,0.0269029827247383,0.0107768713432585,0.0463242682555093,0.0649318875564987,0.0051586591855873,0.0065451880946329,0.0119014680063641,0.016654333151921,0.0,0.0,0.0055656518729749,0.0235169307115509
76561199221523939,0.0839093226142651,0.0660145011476965,0.0300552855215916,0.1176751922118713,0.0169130756562131,0.0141167553558701,0.0318816492625745,0.0817352425687457,0.0736255798116027,0.0401673446485416,0.0148636647109452,0.0087497633254348,0.0094723474343096,0.0684990508459775,0.04632953970968,0.0590965598354372,0.0177986237095088,0.0093353245359555,0.0181037808931377,0.0,0.0439871921619952,0.0364924522351675,0.0157298846188295,0.0069988955492781,0.0335955757367417,0.0109515438909111,0.0081594400340432,0.007805939298626,0.0,0.027936472675048
76561199222145594,0.0790923148453914,0.0334591255409291,0.0585310185554844,0.1034538429337478,0.0347354133596381,0.0294893029753528,0.0412202905507759,0.0456239675618972,0.0810678157893852,0.0302384633466668,0.009340318187604,0.036515216181117,0.005071417401415,0.0776366723393172,0.0387289897285853,0.0507451595374675,0.0238429464159679,0.0252162500028664,0.0169050378075574,0.0120634186242859,0.0151580903958921,0.0234454163057005,0.0067195589677022,0.0042530948359385,0.0188383644431133,0.0210111193370037,0.0124862141246811,0.0320506080741843,0.0,0.0330605518303304
76561199222262354,0.0416730380457759,0.0518512816073385,0.0230495428301517,0.0249461483097176,0.0951727534498087,0.0393641515731061,0.056816434807242,0.0730993023335969,0.0184554309151959,0.05362253521956,0.0,0.0073658720803454,0.0298344472434109,0.0224512191497157,0.0448141756230853,0.0713977130253306,0.0105545579016116,0.0045582587549482,0.0500153322470283,0.04566793176164,0.0,0.0041497357850898,0.0246666362451559,0.0272328686960362,0.0418233142199735,0.0598995260964939,0.0299545455670339,0.0169135772689883,0.012840850590432,0.017808818652186
76561199223548527,0.071287605085857,0.0758184420635088,0.0070894756165041,0.1026443419901826,0.0251189474872231,0.0299592054762686,0.0387463155676959,0.0765479942775527,0.0710669852867701,0.0443665157157807,0.0396581354320133,0.005721157909511,0.0186488203998877,0.0710669852867701,0.022597498848427,0.0401961734539575,0.0152329463240813,0.0,0.0353540236166172,0.0116749822386656,0.0583337508215307,0.0320761818173776,0.0106717953723869,0.0,0.0266544258616308,0.0180314542419119,0.0122015269656366,0.0,0.0181916899569714,0.0210426228852782
76561199226176149,0.0448635838358643,0.0113632901135752,0.045754896144964,0.0778202792941687,0.0515457083053892,0.040159826170081,0.1206257063797535,0.042697781263744,0.036816538319979,0.0256193452502825,0.0,0.0305548212492507,0.0,0.0479746047468577,0.0571916524805987,0.0153993983213107,0.0323447551850028,0.0354976012208709,0.0191183118609945,0.0094769969714388,0.0188108480544416,0.0214026407847046,0.0163637012913431,0.0322801218997121,0.0254197719951725,0.0258702949164362,0.0163637012913431,0.0226704808725464,0.0,0.075993341780173
76561199229183744,0.0569232118585029,0.0367363216766337,0.0044264216552459,0.1034975046880394,0.0281393941733188,0.019508647690439,0.0513251525562484,0.0441681832895127,0.0948311478050171,0.0459154446520904,0.0231031585214529,0.0244353901930446,0.0,0.071680029568506,0.0375432677909796,0.0508012719077047,0.0150625104442263,0.0,0.0296374052011301,0.0,0.0703001432356865,0.0264113484161288,0.0203211657723589,0.0,0.0402367619675955,0.0207739341303938,0.0248225941439671,0.0117918816981708,0.0056633975353575,0.0419443094282475
76561199229382365,0.0625016727669483,0.0584604973532365,0.0421518107235677,0.0668258136170516,0.0053774138137974,0.0513416986479098,0.0473982080237988,0.0417042132687889,0.0459333625554758,0.0279001589779812,0.0584035420649047,0.0297280723611839,0.0447225378049342,0.0506685310697022,0.0402406659174779,0.0,0.0327888673263751,0.0135485629596182,0.0169509319292398,0.0199602407747278,0.0658811815902371,0.0451573075791804,0.0615122012482023,0.0260143087654273,0.0,0.0,0.0349751399676462,0.0,0.0053774138137974,0.004475645078788
76561199231536128,0.0372829531488546,0.0469006249362738,0.0389571213573903,0.0777062954379794,0.0598081716824973,0.1008245041944468,0.0570543814931351,0.0215014537035855,0.0696827124770498,0.0146480166128684,0.0456981102687672,0.008259866366405,0.0069848559787372,0.0513532537293392,0.0074899937096581,0.0247453859482792,0.0066284723265747,0.0272654638467013,0.0432739894260417,0.0207684104081467,0.0076631606341311,0.0161967014601636,0.0151176717481896,0.0184539457861586,0.0220065914345064,0.0259439394958168,0.0270044888799519,0.044337152658946,0.0213282867791126,0.035114024070291
76561199233164979,0.0556072480161423,0.0793094147677916,0.0054253957106429,0.0780147943953417,0.0136015420989459,0.0244085898316418,0.047201107182284,0.0851596447426441,0.0337093421947102,0.0648395480746754,0.0647376291453216,0.0474548942217975,0.0078818509515285,0.0282517445545406,0.0227874941242842,0.0340829475592157,0.0100584123763283,0.0,0.0474824966439382,0.006018096169753,0.0821601406277493,0.0227079072485799,0.0374056913408967,0.0,0.0383846650203862,0.0,0.0320681125368165,0.0049006560574651,0.0107305305914891,0.0156101038150886
76561199244382821,0.0772402961514648,0.0336618398592942,0.0861919825407165,0.0747615127642392,0.0344927379691496,0.0834188208021251,0.0559259638155884,0.0294526931547102,0.0616922144689883,0.0329731700648653,0.0329128285331894,0.0202579191722922,0.0057121360448912,0.0541747345436541,0.0357012325245048,0.0048623300089273,0.0362958294624216,0.0218371529231447,0.0369693418982723,0.0055944846774139,0.0223360056276419,0.0519065232469733,0.0,0.0,0.0055723783507455,0.023818367325406,0.010715646485965,0.0185108154206126,0.0,0.0430110421628012
76561199250115440,0.051031845543339,0.0904377239279441,0.0079213183442513,0.1110477374107277,0.0064271906317288,0.0085683385086699,0.0317456190580053,0.0782191230866086,0.0752001807128837,0.0289920293347854,0.0349018603545364,0.026326296495597,0.0159460938654812,0.0744744512271318,0.0256687924283228,0.0779669381333725,0.0,0.0,0.0206240356628683,0.004519099591374,0.0440529276960689,0.0197332458326358,0.0142516177135783,0.0064271906317288,0.0632664625769556,0.0181098045135089,0.015827700844526,0.0193280476008839,0.0178497168358128,0.0111346114366719
76561199252400135,0.0587085635348115,0.0524843365315537,0.0398144215393233,0.0504451693978845,0.0752887046752878,0.0464413903428219,0.0548819617581885,0.0410465090142745,0.0346752540694317,0.0426271030654381,0.039797896615266,0.0105357348663248,0.0205498841044781,0.0326746651424912,0.0468274836075299,0.054749108615224,0.0401646138685981,0.0,0.0695954921306287,0.024002846256873,0.0224754378284177,0.014967204573681,0.0154319265868402,0.0192360073865674,0.0220003237793263,0.0292409179528634,0.0058581339059402,0.0205062459629713,0.0046312256317614,0.0103414372552002
76561199256004350,0.0575946290785387,0.0716340115745022,0.0058017889554423,0.0676152283897261,0.0431778083389373,0.0408341480852887,0.0398114395234367,0.0508168695691172,0.0465364976390629,0.0417383796403501,0.0303177785522638,0.0229801499328933,0.0166546034216501,0.0598817717847465,0.0280693342650828,0.0515607571687967,0.0232836247435737,0.0058017889554423,0.0378448859639504,0.0397925896238364,0.0364726731182679,0.0330677235781773,0.0474584742636124,0.0295647698184554,0.0317157051719057,0.019711798836073,0.0098428011661967,0.0104179688406721,0.0,0.0
76561199262202976,0.0625015611426218,0.0541623930406704,0.0174367164229528,0.0845089972835124,0.0482897561031376,0.0370188181511607,0.0586612502681099,0.0574535541118127,0.0556767334031104,0.0273911793805465,0.0239865336816901,0.0039185562409719,0.0,0.0597835033884286,0.0593315949548698,0.0526133214297241,0.0,0.0,0.0486482838013581,0.0109173892498591,0.0534974557161496,0.0435094715192424,0.0112280468065923,0.0056856299911399,0.0296320252937588,0.0304464200880172,0.0168317716700708,0.011132062509755,0.0056997091603157,0.03003726519042
76561199264732687,0.0472501408539174,0.0552719285659564,0.0478353758704291,0.074072931406856,0.0453851960893045,0.052509559849013,0.0351521360276854,0.045513074714487,0.0471677092241679,0.0237407536982885,0.0342848871183913,0.0207699288181457,0.0114044733076832,0.0512851657942218,0.0263450722202905,0.0474892919587034,0.0286904765122566,0.0274525300516145,0.0384272478665277,0.0364834283782248,0.0443046082728734,0.0401056423812066,0.01473017807263,0.0092874171421555,0.022573114296461,0.0177628870866695,0.0150109506937828,0.0116663460404715,0.0023093979806236,0.0257181497069602
76561199266425816,0.0630100976735752,0.0485048676988877,0.0271497509359755,0.0500001886769522,0.0808450614200215,0.0676982769531017,0.0461811563093297,0.0635008953402134,0.0204529315258754,0.0232722090034297,0.0112684015099627,0.0139322206684621,0.0087431813505222,0.0288030105464897,0.0458769180584767,0.0582278302070234,0.0046270131412418,0.0083949952592196,0.0672832449449656,0.0353117519967778,0.0049744879953915,0.0188582672416437,0.0129810806176476,0.0090528762052274,0.0539266627385581,0.0386531209927765,0.0200544717485358,0.0312000854940578,0.0193735896995283,0.0178413540461284
76561199267496067,0.0551160432831442,0.0579205265836227,0.0322579440186547,0.0978698613516469,0.0413832246899995,0.0241862425696933,0.0663116549450073,0.047825683569464,0.0743017830302975,0.0233913015785588,0.0054531669859295,0.0,0.0100809859249091,0.0712177054336385,0.0476846952287022,0.0441089200379392,0.0172052431760616,0.0044198954284665,0.0208404507794987,0.0566147055174797,0.0248660114765143,0.0210422414273499,0.0241223025341878,0.0570608432516678,0.0178426078780043,0.0099213119033565,0.0062755287302441,0.0075206054916187,0.0,0.0331585131743417
76561199268363521,0.0408120975981684,0.0600157690364878,0.0208839564604656,0.0747624547029929,0.0194998219909317,0.0203107362738735,0.0645396583200618,0.0902131036717516,0.0589578651087466,0.0321277505478854,0.0353381518127311,0.0125995634392981,0.0222918847068264,0.0538232739478268,0.0298092935487828,0.0550387443320529,0.0126825276276465,0.0071812348943029,0.0104564686093268,0.0169406458701683,0.0761794087530897,0.0390540907161908,0.0220179709239958,0.0082050418895446,0.0453299691791786,0.0082050418895446,0.0169406458701683,0.0190423216720537,0.004421336251354,0.0223191703545504
76561199274384456,0.0522060703357295,0.0390615538664283,0.0229777121415593,0.0940600948003732,0.0358362406162391,0.0344528651647774,0.0424022634687201,0.0310847338633412,0.0920722312545443,0.0174458144411955,0.0283015822070801,0.0206150349195058,0.0,0.0808171321122125,0.0304507838296753,0.065755866239105,0.021353336654562,0.0067550566938943,0.044056477679783,0.0136221655243232,0.0633736331300942,0.0343378767905071,0.0271428025283141,0.0053960910777253,0.0154427848410752,0.011004745347377,0.0255491166332572,0.0236878610209804,0.009372664539747,0.0113654082778721
76561199274730477,0.067840638076236,0.0427476519875799,0.089992574734872,0.0639685504110108,0.0267342594456234,0.0849940134033665,0.0452701907711426,0.0351356891024753,0.0517079670496409,0.0236716856412998,0.0311464206338921,0.0052347825786068,0.0421402150050509,0.0517079670496409,0.0440236315472042,0.0207752839213677,0.0246412809260251,0.0154628289251672,0.0,0.0119859610115843,0.0116694501554602,0.0291557278809115,0.0259794989166035,0.0476266042111693,0.0114504542010236,0.0161229610542058,0.0049837342911248,0.0405457473081551,0.0,0.0332842297595582
76561199289397551,0.0650262328814073,0.0848809281630237,0.0201746237474115,0.1017884855056055,0.014533290301141,0.0293246105344031,0.0486242230542507,0.0685158640596174,0.0829579644682791,0.0412708041803709,0.0659338103461224,0.0214312382046787,0.0,0.0562568967876906,0.0380619557399908,0.0287943324842676,0.0179802852734774,0.0,0.0293369358369261,0.0,0.0868310342153718,0.0348452899425965,0.0,0.0,0.0295341990584286,0.0,0.0,0.0,0.0161454342177613,0.0177515609971773
76561199296937509,0.0548360633153897,0.0676376888866867,0.0246952176686434,0.0950721566982317,0.0327474790540279,0.0200733848435209,0.0590746411138294,0.0900377006628428,0.0714347635288885,0.0224035994087143,0.0411071334787658,0.0170918035340292,0.0,0.0625520482516726,0.0489992946122173,0.0348404973985526,0.0104142116554927,0.0,0.0221757141470347,0.0058398991415212,0.0682210641929338,0.0403431734569235,0.0,0.0058398991415212,0.0431893107551018,0.0119187767187575,0.0,0.0,0.0,0.0494544783346995
76561199305756354,0.0386101893850383,0.0300754574488123,0.0275782962939565,0.0773788553932006,0.0457279239856995,0.049644277404823,0.0493079443625821,0.0618796488539275,0.0749418629229373,0.0188279595298101,0.0405717158097828,0.0241772664891852,0.0067733066450003,0.0682470374292989,0.022557337097421,0.0388542017361097,0.0522982956020899,0.0217959682846624,0.0170137692842575,0.0106498169810248,0.0423487391062414,0.0519604398670208,0.0137964655853298,0.0,0.0304135900738503,0.0247409544166993,0.0061596982855807,0.0104251433395148,0.0100802604897725,0.0331635778963691
76561199315863592,0.0937938337061153,0.0498959861528387,0.0487864115951957,0.0672722334947406,0.0647645820368668,0.0566848878492887,0.0265483430277351,0.0259199743348738,0.0558890523608364,0.0712134879031602,0.0191843451517591,0.0097755092335935,0.0102396107962036,0.0434146534085394,0.0460447358998239,0.050466298869931,0.0319182305399277,0.0,0.0774252984560273,0.0053873461131786,0.0185957522622213,0.0305889759456226,0.017999737004225,0.0,0.0124268321828274,0.0382559314187601,0.0,0.0046747302790705,0.0096009333551725,0.0132322866214635
76561199326716853,0.0517266831405921,0.0793248709041254,0.0419970190624803,0.0821147482223253,0.0158296695055955,0.0247810088020973,0.0519142791015744,0.0653122567792634,0.0457800561905386,0.055844622013668,0.0412752809489348,0.0246565538347559,0.0,0.040469129277997,0.0555242283750629,0.0471470489811665,0.0168899732976237,0.0105225835860263,0.0185414015146452,0.0120661786626176,0.0393455961367652,0.0341628219949021,0.0261985033618498,0.0119654776119745,0.037085731921414,0.0090508059287567,0.0067788635768387,0.0186390753765203,0.0063360424560814,0.0287194894338061
76561199336091998,0.075664143301779,0.0765992738766888,0.0434160890035838,0.0845695569704138,0.0,0.0568816603555938,0.024129317892243,0.0166134753734834,0.0763222676793303,0.039648553212004,0.0733313535611904,0.0285727511078843,0.0250803533833147,0.0677028186212455,0.007685138928545,0.0166003255249745,0.0380420709790706,0.0,0.0301850762156553,0.0,0.1111613595146568,0.0451374594485498,0.0203400190650675,0.0069974418125213,0.0078325974750323,0.0,0.0115722910151253,0.0,0.0159146056820454,0.0
76561199337941690,0.034351374194963,0.0809779393069249,0.0057832720074469,0.114594461050343,0.0182634215136887,0.0133998275752498,0.0369108342589382,0.0804971939873151,0.0704863365644515,0.020402260579869,0.0523854861453584,0.0395944782998556,0.0,0.0538394540877758,0.0141461275979603,0.0121373352391959,0.0,0.0051553691796359,0.0223859419449034,0.0,0.1214997696441167,0.0409949288534009,0.0224981875597824,0.0,0.0396230181668144,0.0062816044054192,0.0239339043212103,0.0,0.054642071554484,0.0152154019608954
76561199347967453,0.0659590969785243,0.0822972669775459,0.0230737662855069,0.0259113149270679,0.0742294909748977,0.0391471705797599,0.0417466849325574,0.0734639783372307,0.0158200596289187,0.0534299781462255,0.021834343646394,0.0136735342092344,0.0322937034224377,0.0116435758452632,0.0281662956375963,0.0785324903103026,0.0280675810682482,0.0128291205622574,0.0554330957825222,0.028614749241019,0.0028110512887468,0.0106049914900457,0.019208360664131,0.0112376147997604,0.0654655933903614,0.032126811416602,0.0111759246135116,0.0028997092772347,0.035211309962504,0.003091335603591
76561199360923051,0.0616492700359014,0.0468284334482725,0.0652411701460832,0.0590246448621267,0.0488201035849781,0.0552736935091059,0.0254566378900667,0.0726218330981165,0.0034473315502607,0.0603790583913442,0.0060717611232138,0.033815474147974,0.0119655698221925,0.0034473315502607,0.0324857448343408,0.0576581294504214,0.0137951888336613,0.0250301214527986,0.0091249249014524,0.0145368948816828,0.024215221589833,0.0160486938752721,0.0081833352651703,0.0469436356992279,0.0809093135059284,0.039024784638495,0.010782697878475,0.0241949621845016,0.0200028527618586,0.0230211850869827
76561199362890720,0.0432084160547685,0.0263138238948677,0.0131624264297233,0.0776579577093154,0.0608973744555016,0.0261640548995768,0.0828571530042897,0.0422445716713706,0.0223426258705186,0.0408264421644919,0.0101260995144611,0.04840359631666,0.014801946150873,0.0214234237672714,0.0468222790056193,0.0436576561761056,0.0159575720762539,0.0250430613492531,0.0303808340437084,0.0400151869304841,0.0239405088224981,0.0132974778860085,0.0337206727877815,0.0093188761460388,0.0339313584124117,0.0201958090415986,0.0402040447212844,0.0383431169130499,0.0165432531505869,0.0381983806336264
76561199365659108,0.0306024707521542,0.0405828104617304,0.036395493763207,0.0557109224394724,0.0614687797016584,0.063407770004232,0.0705684641568869,0.0450271864034634,0.0190611256570973,0.0321806386959922,0.0360130845573801,0.0514028310108164,0.0134674225568168,0.020538611473423,0.0448197471646609,0.0300559350761204,0.0156822751828126,0.013331435444682,0.047957947799974,0.0156039281890508,0.0175984188018421,0.0358234264696952,0.0292098087528,0.0,0.0287698498992791,0.0482582336823973,0.0321367539116916,0.0171660618482885,0.0156193257355308,0.0315392404068429
76561199375667566,0.1022909168971786,0.0680800740297426,0.0587332232743902,0.0555589206242049,0.0181436194009543,0.0593657455942031,0.028531765893432,0.0361783467696988,0.0507911242407799,0.0198041754436805,0.0709335619363372,0.0039558980448701,0.0205736205467546,0.0335252415180893,0.0576581453750844,0.0318876637266082,0.0318558154729374,0.0146939677941135,0.0434738663321791,0.0182674064234013,0.0176485080239196,0.0446948367161646,0.0230254163387313,0.0047716667410511,0.0038120070888412,0.012284113150089,0.0199480663997093,0.0153222964475173,0.0,0.0341899897553355
76561199376134768,0.0631296181926242,0.0824537375358239,0.0431469308625661,0.0893729494876651,0.0502759648718733,0.0570933279820927,0.052888238035594,0.0818718198497512,0.0638770314995511,0.0092651160759755,0.0369670995045337,0.0055035844805851,0.0,0.0586785939743581,0.0171545996934816,0.0291635237415392,0.0192858880319422,0.0226032797794507,0.026663014150574,0.0147972388017831,0.0580869491969166,0.0246184485946972,0.0046712609281286,0.0051965157782702,0.0233367108282947,0.0047433375917093,0.0046712609281286,0.0196107733819737,0.008272365957382,0.0226008202627332
76561199380289969,0.0970473878181671,0.0867906830891162,0.0411312085634838,0.1158792914022117,0.0095715004133751,0.057144083026965,0.0378420815778093,0.0514107360628661,0.0590664490676348,0.0593103782442412,0.0343362061523673,0.018606586573954,0.0,0.0493315306218092,0.0426313488535421,0.0310872008579263,0.0142984325862341,0.0085616996498193,0.0117479548461708,0.0173984234386673,0.0637502363586628,0.0367661533237097,0.0078433630570758,0.0078269230252922,0.0174777072963018,0.0095715004133751,0.0,0.0,0.0,0.0135709336792208
76561199403138420,0.0736448648589385,0.0759165620576843,0.0615837063542188,0.03339073986774,0.0448001423906069,0.0531415198361072,0.0264804841057672,0.0194572399818001,0.0135081095031974,0.0496242406896908,0.0517572650045118,0.0314070925580986,0.0734035791875567,0.0196500785911407,0.039362973972972,0.0597107895786035,0.0056803643531695,0.0,0.0885526946368737,0.0,0.0078277451500278,0.031965730718458,0.0549943427725116,0.0127283449673927,0.0168523175225265,0.0239928673815994,0.0094233279297694,0.0133049386661872,0.0,0.0078379373628484
76561199418668383,0.0577609992118996,0.0393719944015772,0.0179170322465522,0.0914513147741781,0.0523012949263309,0.0348767756567361,0.0632657293087647,0.0481067788790078,0.0607245193739833,0.0380151695585403,0.0115013270141426,0.0149077285662456,0.0073125476937812,0.0631441731649592,0.0349758000331614,0.0566848090051593,0.0135161025270366,0.0036900648869694,0.0398030761124945,0.0155350386167574,0.033968854123199,0.0149655264888042,0.0162975359708903,0.0074900991400579,0.0320189847244918,0.0257762717436542,0.0430755748434118,0.0185959748186508,0.013352649494071,0.0295962526944901
76561199422202390,0.0557934413440577,0.0159477616239975,0.0644369871498811,0.0599892671833047,0.0556936746075784,0.0579508663842591,0.0772421780518077,0.0289877741075011,0.0418002292341498,0.0292898698415974,0.0130865112355869,0.0186052590144156,0.0084224396591542,0.0418061455422553,0.0328078981418088,0.0183978242565618,0.029877734946672,0.0321514803282331,0.0523438742198284,0.0178650006091908,0.0259455436186906,0.0491827567929685,0.0122580233772628,0.0094520866517227,0.0138227590148557,0.0236089250081114,0.0210891086338149,0.0407646101497514,0.0,0.0513799692709792
76561199433626235,0.0413379550122428,0.0540248152185631,0.0147930969689656,0.0760467559904866,0.0397835810498939,0.0217952366073399,0.0356107864169452,0.0829129163695466,0.0862518333109623,0.0356230628344642,0.0365926133288741,0.0294102808793028,0.0022619000671491,0.0537036769562193,0.0148801097092155,0.0643204149982007,0.0345944473726434,0.0083025621969546,0.0465018520604075,0.007315304699386,0.0661671521102185,0.0059320568697137,0.0020948094702287,0.0022619000671491,0.0672937860610704,0.0336110824853537,0.0048510976366052,0.0032876828775358,0.0022907973476804,0.0261464330266803
76561199433753634,0.0491590052041402,0.05561462737641,0.0431431261901436,0.0871879489302385,0.0093376224781532,0.0179192653036644,0.028536420435294,0.046008811975694,0.0608756102877087,0.0591090149579975,0.0303206344496534,0.0658690591376181,0.0,0.0595141557439656,0.0354213583749235,0.0359205031225038,0.0,0.0426102181251916,0.0306934357568469,0.0093376224781532,0.0870453034599538,0.0296628644440912,0.0269238308549248,0.0163498232873017,0.0353385613377774,0.0,0.0093376224781532,0.0,0.0087556806934268,0.0200078731160698
76561199441452962,0.0725884631263402,0.0611855665639113,0.0591934334597496,0.0581526717039681,0.0329919965761202,0.0399415944079073,0.0246631476500601,0.0061401855764725,0.0412428121585209,0.0420225235231545,0.0471557830510519,0.03867758426435,0.0473924031242479,0.0411907250505345,0.0255292812205514,0.0509631835109237,0.0507517466636609,0.0061401855764725,0.0711246472002933,0.00780963943495,0.0129992275364722,0.0452892595031898,0.0380687536317835,0.0158941563127632,0.0070201262349349,0.0405440694634037,0.0,0.0,0.0,0.0153268334742106
76561199441844249,0.0394482691969581,0.0283585504644469,0.0998997296500318,0.0430117106706844,0.0448261294133617,0.0565639729583551,0.0564258488537753,0.0403685377776174,0.0160165442034864,0.0116075740413646,0.0069925269974719,0.0,0.0,0.0599778085217794,0.03637157797808,0.0,0.0245249611021497,0.0,0.0107366587170952,0.121179641828678,0.0432679021847797,0.0,0.0,0.1271771826640449,0.0209236694263197,0.0,0.0255117459531217,0.0251361407482081,0.0209236694263197,0.0407496472218694
76561199442146005,0.0340511367120336,0.0067017532799891,0.0972867863104643,0.0650280391532384,0.0870869843956907,0.0541347864796996,0.0589549806095978,0.01715325266665,0.0387594797233245,0.0052500474168675,0.0,0.0131608163294283,0.0059558601526719,0.0454593128028256,0.0260387398985381,0.0172005342809774,0.0173573829844138,0.0,0.0282953992925936,0.1188783777701907,0.0109179699158625,0.0235054122204734,0.0058001676510391,0.1302436704803238,0.0052500474168675,0.0172485682031236,0.0124926061446379,0.0228597215235912,0.0,0.0349281661848848
76561199442822555,0.0576169378419201,0.0572185431962136,0.0141283315630494,0.0509658509798545,0.0279536145012751,0.0548122156952975,0.0474778831802005,0.0873359633061747,0.0305377051119245,0.0327546351898542,0.0302185655882892,0.0157791731167653,0.0183927287990607,0.0354298872558458,0.0262207895636975,0.0266894323345114,0.0243112981406221,0.0040189695390918,0.0395484626294416,0.0443060719961356,0.0678465681687901,0.0117438575178406,0.0356670182653448,0.0,0.0466025928617876,0.0097056716199027,0.0460233155589475,0.0083539331025287,0.0444220358629777,0.003917947512654
76561199442878224,0.0648084707244159,0.0811896783037174,0.0804833266017537,0.0631251728345838,0.0199605612574004,0.0534047167140603,0.0247725468035092,0.0464902488750902,0.041242970723831,0.0471368019734034,0.0419203319129642,0.0159723801796463,0.0692675811775271,0.0356190376378051,0.0169094030945812,0.0171715731155609,0.011265115079357,0.01673285348831,0.0392326630208577,0.0,0.0550599556855016,0.0460216278078372,0.065932224795459,0.0110349651088538,0.0055230122119056,0.0,0.0055655532611801,0.0058567015783812,0.0128192985355759,0.0054812274969292
76561199443514192,0.0697454521412331,0.048432741637384,0.0259834939306339,0.0767736023776488,0.0459642990613301,0.0428726940126394,0.0456152904450063,0.0348464053606648,0.0506885725004818,0.0406086912427277,0.0216983242088483,0.0330837192014753,0.0027071545679241,0.035152489926417,0.0620683369690109,0.0477124236187436,0.0313388082569036,0.0118007985273519,0.0365442519268928,0.0343320588663248,0.0367060497537647,0.0263494438227207,0.014127475664749,0.0139140834426824,0.0294860349517145,0.0169945911746542,0.0121465513561188,0.0060182440411073,0.0058922888259975,0.0403956281868472
76561199444606097,0.0568357843011163,0.042659468661072,0.0076298323976371,0.0088056410883156,0.1053330491083995,0.0762864821332163,0.059700779373878,0.0440094767100092,0.0224927078169581,0.0341571132878888,0.0264534175755357,0.0241630834535748,0.0379755806795999,0.005994247771757,0.0116577160121179,0.0389364177566622,0.0,0.0,0.0898554744209088,0.0552385404736443,0.0091466164322791,0.0153821581328523,0.0430051693399264,0.0024497671420795,0.035635202063227,0.05472065733295,0.0347651813968991,0.0432838517669162,0.0,0.0134265833705774
76561199447044530,0.0406418326544588,0.0320101068364825,0.0344205144735327,0.1013746946921048,0.0153701973469615,0.026339693370018,0.061590541778818,0.056915631714804,0.0887483537750871,0.0365483811298605,0.0242754831822193,0.0299488487166794,0.0061221628095486,0.0822602588746546,0.0457463178493717,0.0485537883389797,0.0327588011358448,0.0188996309157912,0.0168386993479293,0.0096145018432307,0.022937977247363,0.0200243873928137,0.0352051096634061,0.0059501528640733,0.0169703162187447,0.016647523833041,0.0078882965519864,0.0047572475658509,0.0117058483678041,0.048934699508538
76561199447952692,0.0593081879018509,0.0405881023544427,0.051338982191519,0.0809644411625313,0.0406753786937857,0.029387223571927,0.0608335675839505,0.0704023422282836,0.0695648602985787,0.0395133903945939,0.0152409185321427,0.017021178390929,0.0,0.0803582307698617,0.0201449435625146,0.0418992797290414,0.069421126567606,0.0266326297653768,0.0412488798763703,0.0,0.0144647133601429,0.0129865081214053,0.0152409185321427,0.0,0.0282799853613389,0.0096372513330821,0.0034464716218938,0.0135152796198579,0.0050538196503766,0.0428313888244527
76561199448991262,0.0816226897697882,0.0712418372489142,0.0444700928414436,0.04677186044303,0.057202634059858,0.0713079374417906,0.0405229620103191,0.0396406742558601,0.0266717679312476,0.0651826464946042,0.0157961532475736,0.0227462145263669,0.0160287376601037,0.0172497418611646,0.0340636684196907,0.0239549697542367,0.0251463179555444,0.0148491889178487,0.0757301942656825,0.03349203133179,0.0169803413565188,0.0130820442307993,0.0264605910251329,0.0,0.0185931849476422,0.043689887580048,0.0235667139886707,0.0114056868438585,0.0090210234420934,0.0135082061483772
76561199464469677,0.0285760616651302,0.0468598834445041,0.014941975150714,0.1171608900962218,0.0207024488460235,0.0323611163769912,0.0529143870951584,0.0542060558337551,0.0879935813062372,0.0294878403964099,0.0108160550163733,0.0331803748205319,0.0069811318459514,0.0876849935392749,0.0239999595425939,0.0475803948453778,0.0351714854165413,0.0,0.0283635201748533,0.0186308618938939,0.0227485744541929,0.0383801174880715,0.0492029558812874,0.013368847591584,0.0169285605304917,0.0060586683646793,0.0211842595186342,0.0368545374537081,0.0,0.0176604614108125
76561199469179667,0.0647649068217599,0.0867346180088001,0.0229613442690136,0.108307337635371,0.0180806435123954,0.015663849223424,0.0228415257211958,0.0674620313235654,0.0412697608476565,0.0545779820716654,0.0335607094124519,0.0257429585148721,0.0,0.0535851923190881,0.0394961576835793,0.0714715470661681,0.0309574581460337,0.0,0.0298216416074364,0.0,0.0767408077280477,0.0309109337759042,0.0147616551890248,0.0,0.0341920617671354,0.0062185000976551,0.0243239920665765,0.0046460485072023,0.008763176053327,0.0121431606306492
76561199470080023,0.0663237868085515,0.0566149842835571,0.034674885458032,0.1068762171189784,0.0274960425543405,0.033623832614188,0.0197750549206838,0.0857566132650519,0.0870426407539302,0.0066751112072571,0.0153400728075987,0.0102465739556226,0.0104337318287426,0.0870426407539302,0.0220004660693299,0.068016822002616,0.0,0.0,0.0380824664220108,0.0407270426097608,0.0502005667982764,0.0163592011251766,0.0063287924460603,0.0088724035772203,0.0260335022161467,0.0274960425543405,0.0092355634494618,0.0185586938365527,0.0061521023978837,0.0140141461646977
76561199470418036,0.0251660371123383,0.0770735557521262,0.0150412636557134,0.0860786397949219,0.0238186469160042,0.0091315420166254,0.0350737575050896,0.1078243111629412,0.0603449215144639,0.0441535797821493,0.0355233294240281,0.0254760779974328,0.0,0.054674500313654,0.0375918999730721,0.0629603623580158,0.0095557910257774,0.0049525445216871,0.0239922636682488,0.0058062186081195,0.062799993257854,0.0154610210179177,0.0265643415991689,0.0058062186081195,0.1020180925548217,0.0099596478062702,0.0,0.0,0.0135583842669849,0.0195930577864527
76561199470516845,0.0906529239238443,0.0495093827542035,0.0597210757202896,0.0910159935695827,0.0106642619682449,0.0294919973579305,0.0413046115048564,0.0445775550245776,0.0725440275265487,0.0322307146570703,0.0499049658678345,0.0172413508153623,0.0,0.0747969680840131,0.0544020116479229,0.0381642005197018,0.0591100941822852,0.0121672465272868,0.014135810160389,0.0119027882840422,0.0378067614377773,0.0222448905977606,0.0076828190963523,0.0081759364822308,0.0157574436188351,0.0057089915828462,0.0177249041762687,0.0137689368817278,0.0042765212661117,0.013314814764102
76561199471838775,0.0416039652766672,0.0327912463542836,0.0220137742536097,0.0866398980322159,0.0219747081936319,0.0218475315587474,0.0491992195029984,0.0459118643056024,0.019226812217399,0.0478052631158091,0.0343176321752469,0.0671362041848069,0.0149730273635321,0.019226812217399,0.0119422849423339,0.0122537378463026,0.0255783300630214,0.0213451491500356,0.0111985150655496,0.0219747081936319,0.0659652034495088,0.0257326997353779,0.0204022071230601,0.0066834085186311,0.0582105424693762,0.0212506059848134,0.0436445839431709,0.0343988968928474,0.0671073366594518,0.0276438312109362
76561199478273259,0.1129657486374246,0.0786294830652074,0.0482501055667086,0.0612352362415887,0.0277808150283655,0.0463722210040921,0.019376783615238,0.0772787515922732,0.0413986416545432,0.0131926728078749,0.0519812085097613,0.0243923110160551,0.033014647212277,0.0428982142293798,0.0373878717365586,0.0594830623357679,0.0055388258801927,0.0097269202874512,0.028940207291861,0.0107919464328685,0.0323141397707157,0.0476950056435023,0.0182864967746936,0.0,0.0294643735520125,0.0106601432549855,0.0153916796351715,0.0047605407905597,0.0060314056423087,0.0047605407905597
76561199478662488,0.0848285148514001,0.0561089017830869,0.0374891921962737,0.0214266659733709,0.0885884771402712,0.0693370563269321,0.021427070930975,0.0470449460527521,0.0148117688876928,0.0555112850295751,0.0233751162205505,0.0123015827696605,0.045787510530497,0.0077618514649875,0.0355008718037574,0.0408595499701186,0.0142798742942913,0.0181876531427385,0.0624794324962863,0.0383903818544361,0.007642129227698,0.0142074530946748,0.0151847123953837,0.0423372290398764,0.0368432724041283,0.0467526272946772,0.0080896356658197,0.0139043006719492,0.0,0.0195409364861376
76561199479136443,0.0755771453363157,0.1239725274652222,0.0185448508774984,0.1051822351639764,0.0184943998099954,0.00616443803806,0.0059905180398695,0.0101561796371109,0.0585731928357063,0.0254238086545343,0.083275718849498,0.0285046298213489,0.0,0.0227273537231883,0.0068309992378639,0.0393491106050894,0.0377336606347569,0.0,0.0334066374903654,0.0068309992378639,0.1471996169713466,0.0422716060467896,0.0194598950830669,0.0,0.0080460813057434,0.0221223223849149,0.0302177962204635,0.0044578004643824,0.0194864760650278,0.0
76561199480061465,0.0867608335900574,0.0720158886312507,0.0567727653921673,0.0679492020252266,0.0345221757588033,0.0914493898273904,0.0591588844788585,0.0464275549261127,0.0489478266060391,0.0335791401604436,0.0451548984900565,0.0052674922987275,0.012712493178439,0.0489478266060391,0.010235568778857,0.0036643384748386,0.0190885429539618,0.0204634647444222,0.0277218036877177,0.0229897681767979,0.0445897654671162,0.0190504499832501,0.0,0.0283049833082262,0.0255991218988677,0.0167689026251686,0.0113459526381162,0.0051812593674727,0.0219424394458725,0.0133872664797017
76561199483983127,0.0466441413967348,0.0605518165065766,0.0313891653836753,0.1253350152613901,0.0171644368126205,0.009210804059521,0.0351205194837377,0.0735826975828962,0.0740885726887399,0.0246107623659491,0.004118459314316,0.03820030273672,0.0033626653018063,0.0851820406354009,0.0503300850927368,0.0462528595823736,0.0385258441931659,0.026241891979847,0.0312939546461919,0.0014231386240914,0.0586284531946435,0.0191173454430511,0.0042314701413852,0.0016983326684215,0.0488927074454741,0.0083768095158155,0.0048066330189046,0.0,0.0019108990161178,0.0297081759076943
76561199484238062,0.0884438581337642,0.0538159885044315,0.092638224808833,0.047992326418958,0.0275463949874118,0.094906415638786,0.0211939731624784,0.0102834118270045,0.0359133793415799,0.0363886107152841,0.0738894594060886,0.011791354372153,0.0284842468079407,0.0359133793415799,0.0189668600199695,0.0298465692280315,0.0288676534568329,0.0142240689750219,0.0858108790660196,0.007771803028874,0.0070457258847469,0.0505996630085575,0.0486219078721249,0.0120130804885376,0.0,0.0069699041874564,0.0158367923425105,0.0,0.0,0.0142240689750219
76561199485777278,0.0505234675364322,0.065736185705541,0.0303397941335801,0.0864011069775046,0.0409143158654788,0.0322883013580131,0.0190029637580711,0.064611916746467,0.042427084026519,0.0496804283878531,0.0294112726716844,0.0333212970424249,0.0387017169784111,0.0486945721447826,0.0378447079329099,0.0655524721963324,0.0314686322981538,0.0053410469717251,0.044698606232385,0.0292130228545406,0.0294383973376411,0.0090747167082913,0.0138704005438456,0.0180285756669249,0.0444658364074432,0.0273385434976686,0.0,0.0065003926669027,0.0051102253524714,0.0
76561199487796611,0.0771907298610491,0.0703382090242887,0.0489210064134349,0.0588793911375107,0.0224844471832113,0.0723984400620256,0.038504470962547,0.0437616474787148,0.048147559531216,0.0337748790022478,0.0682287432326931,0.0165808897294725,0.0341811453080919,0.0366750049089403,0.0231280137348911,0.0048642871050647,0.0055551370223432,0.0,0.0629894470078919,0.0114226815235731,0.0519934366623401,0.0329775154390356,0.0454120621082145,0.0058675445012299,0.0103852568671479,0.0123961821285964,0.0312475350745401,0.0100882650546149,0.0101335173127959,0.0114725546222757
76561199488596444,0.0714483187642761,0.0624956343208254,0.0466465243174822,0.1031616787450694,0.008015908374451,0.0130326790882914,0.0217201808409925,0.0209282959209028,0.0597417572286905,0.0391113335708423,0.0535204177983356,0.0598714684126725,0.0120807851707404,0.0523662710909275,0.0597749640152678,0.0521908265574087,0.0475241221555397,0.0055522744954433,0.029029616433709,0.0,0.0596722312082807,0.0368422204557139,0.0292235832682218,0.0,0.0210858718466752,0.0,0.0120807851707404,0.0,0.0066617443387667,0.016220506409732
76561199489499857,0.0663582205133815,0.0473446304391282,0.02558789303486,0.0928320363885717,0.0331347112219933,0.0458569406158486,0.0541783299387722,0.0562261082544534,0.0752118325689415,0.0372927656776454,0.0,0.0131326946232608,0.0088945136471959,0.0771551417153345,0.0499331742781705,0.046474856764167,0.0347286783890545,0.0133907134676792,0.0392555352295014,0.0093721644178367,0.0131532383485731,0.0258258430929184,0.0043784537312722,0.0090610678519389,0.0289980047594104,0.0225522176840677,0.0137506181491089,0.013721923386162,0.004037885287254,0.0381598065234966
76561199489520002,0.0575063215172505,0.0621635010831381,0.0255413392279852,0.0458567028769054,0.1003188938968423,0.0578393087279183,0.0298550585073229,0.066286928841091,0.0440721587573419,0.0425436029979774,0.0093403463929981,0.0236796666626602,0.0185833348986481,0.0409905454473978,0.0110651757333929,0.0494743176649755,0.0264124955437791,0.0048604728529428,0.0598606739817877,0.038139594734315,0.0,0.0094010487990986,0.0205099169692642,0.0158434386418271,0.0292984993908083,0.0568182865633306,0.017123709149768,0.0134238176222577,0.0074711016021241,0.0157197409148499
76561199491642775,0.0460417855345301,0.042337888449,0.0046388867612597,0.0875576981661265,0.0273993655995707,0.0100852839794858,0.0693656194226164,0.0733791885949779,0.0468578798411824,0.049518920636407,0.0296820050480786,0.0450504518554437,0.0071268787853017,0.0572674554402282,0.0315103389624709,0.0129378544914968,0.002781071042969,0.0032808185225976,0.0125394451308994,0.0159586005615192,0.0751679212435775,0.0278366374522622,0.014548496151906,0.0,0.0505931717582887,0.0257833625600102,0.0307217086735993,0.0255284347630221,0.0288643296280537,0.0456385009431176
76561199499958759,0.0983625396910724,0.0731518935380235,0.0621178851803743,0.0452023318474877,0.0412560343522451,0.0721983135400465,0.0296552497570545,0.0453691096432769,0.0268163773312431,0.043836667916216,0.0514433106466741,0.0148967933884646,0.0548579364218278,0.0190974432885659,0.013611655305326,0.0345165045947519,0.0190974432885659,0.0,0.0538030750987978,0.0109277850468016,0.0075366155760457,0.0161748959238528,0.0503624297398504,0.0109277850468016,0.0269292389121934,0.035625004201665,0.0073601778124188,0.0054562286507253,0.0112721265176179,0.0181371477420122
76561199502416746,0.027157710521076,0.0738936850170677,0.0054206180920674,0.0788830467093713,0.0304096906986976,0.0245428042469186,0.0238683822499537,0.0702149416694056,0.0838013435631941,0.027161807356893,0.0334492816505525,0.0441726101806901,0.0294740038950729,0.0793158516517344,0.0116664228293651,0.0456214732262289,0.005426348344392,0.0,0.0330816476294082,0.0112320314049722,0.0509454840385662,0.0347841051167461,0.0313788489016372,0.0,0.0428374610070373,0.0370061025206013,0.017916525680076,0.0183357872706055,0.0071537621124506,0.020848222415217
76561199504742246,0.0488888783430628,0.0198286818520049,0.0195005406731657,0.0501958397918133,0.0885311888776029,0.0468244287569677,0.0931537224742464,0.0543759108252735,0.033749380840059,0.0446097594908219,0.0033400063535503,0.020213167882971,0.0087773754078575,0.0261815719402247,0.0389479182305231,0.0471084476566887,0.0205766427015447,0.0,0.0559792643767809,0.0317702386793713,0.0117343632771551,0.0140090729744243,0.0180210909961466,0.0032091903992279,0.0428227379353686,0.0494386920263729,0.0265379949827684,0.0311515925689097,0.0,0.0505222996850952
76561199508808924,0.1204127147211605,0.0861412640050205,0.0552393308796872,0.0914168627895701,0.0143710563499808,0.0147606986522617,0.0102306424156329,0.0618762045128543,0.020570315976082,0.0712201085324851,0.0518990114893158,0.0119744320729195,0.01095188517618,0.0250009386116711,0.0556246525905552,0.041333330749656,0.0152755194586338,0.02043718567851,0.0143710563499808,0.0058000197800437,0.0673253165492118,0.0276672965650182,0.0067347455246572,0.0058000197800437,0.0194054715463671,0.0043190250987695,0.0250518415172247,0.0078024267276845,0.0325560032632316,0.0044306226355891
76561199509552956,0.0658410979301263,0.1234892939983896,0.0249417166247307,0.0840379346569109,0.021318118365751,0.0261929537618506,0.0410541851155222,0.0886137672704649,0.0203596579284004,0.0606971782306405,0.0608317145023496,0.0378736067602654,0.0044387461948199,0.0151703929705797,0.0043541542446101,0.0301047422675514,0.0180779094673642,0.0,0.0268195457957488,0.0103995464549763,0.076482622741103,0.0,0.0135278322630003,0.0,0.0399512491116043,0.0055125833564938,0.0313205578813559,0.0,0.0444617943615528,0.0241270977438363
76561199510293669,0.0501074034487715,0.0679971137853728,0.0121957971902022,0.0974037131033583,0.0216196191530436,0.0144048384650593,0.0446461938483533,0.0669667092578121,0.0567562658065984,0.0444725751715667,0.020561348271933,0.0431704732675368,0.0040975723800711,0.0568509942628153,0.0536724201124062,0.0628929126522294,0.0147549484323206,0.0112180881524421,0.0258162978177722,0.0165161360465841,0.0502989752914946,0.0073447458670056,0.0032422740070615,0.0122429617681922,0.0516482538739625,0.0177281113490428,0.0204834096033815,0.0038915078040008,0.0129963513775727,0.0340019884320357
76561199512269509,0.0588966567963833,0.0551323987810875,0.0307340250161755,0.0931692995935902,0.0259728367931923,0.0201053464124135,0.0734295890472883,0.0695151000786336,0.0601635394849691,0.0256424673330292,0.0342010067760838,0.0282396354094254,0.0,0.0497143526467361,0.0324763155411286,0.0152341014640212,0.0236943727277018,0.0170286995251042,0.0375960891784956,0.0,0.0599084061734308,0.0478054280219511,0.0084232578086091,0.0063107120185632,0.0285110275019864,0.0105857628132526,0.0138916832944147,0.0189738156141476,0.0,0.0546440741481842
76561199512376287,0.0166951767895766,0.0358194820403829,0.002020288522591,0.0887827128365028,0.0557088640450316,0.0133455300529858,0.0416995974832498,0.0717552186014448,0.0357555526113983,0.0324849463217793,0.0045030862499681,0.0742619410206105,0.0,0.0381273217377368,0.0492894327924741,0.0412862880967801,0.0066540571712882,0.0,0.0189076428909573,0.0052099293371096,0.0891280243192129,0.01617992748919,0.0373320214200358,0.0097130155870778,0.0463910876182047,0.0173370799736031,0.0420825071529228,0.0096206958495625,0.0869643886719374,0.0129441833163841
76561199512732822,0.0725118059646952,0.0389597233202919,0.0851349519974659,0.0562197700007312,0.013846172323508,0.0744927220967262,0.0266891561235778,0.029261107677526,0.0308468720099466,0.029764185954996,0.0508682044409629,0.0117681890167156,0.0423476194633404,0.0365439431319477,0.0328901243240984,0.0317562073365618,0.0340214212408162,0.0087276750009301,0.0186580907043101,0.0417242218943222,0.0043171382127179,0.0411732033400521,0.0401320153781822,0.0458237934155844,0.007195915038934,0.0092852098322721,0.0268308760051471,0.0181007198202201,0.0,0.0401089649334186
76561199515983042,0.0732519551870489,0.0745882990981742,0.0109883731874543,0.0473789161767939,0.0418617686287074,0.0407945592595879,0.0384654186199317,0.0379370455765791,0.0312735875469658,0.0581460913626229,0.0451485276097073,0.0376208278116763,0.0543088936297127,0.0208142847270028,0.0132094284213509,0.0616186967311846,0.0205178329296787,0.0,0.0335316987616131,0.0180863109604961,0.0333165051376847,0.0,0.036904024988289,0.0279059527727121,0.0493334736579024,0.0425842044085637,0.0196191110232601,0.0,0.030794211785298,0.0
76561199517455475,0.0676766983455846,0.0665761657465802,0.0283886648041569,0.0880584118590537,0.0129496405289454,0.0197938193218412,0.0460670572468982,0.0634906832530669,0.0508603349521886,0.0684062760142995,0.0173526413578526,0.014720940105151,0.0059949728550234,0.0545405177439578,0.0638889628156524,0.0620245239273046,0.0378872692099551,0.0043654079918189,0.0188391994599714,0.013422855590877,0.0271676330186212,0.0268041664986383,0.0159160707295711,0.0074278827358535,0.0418329065749453,0.0042583321132791,0.0232989439034964,0.0114049133972547,0.0127125319653226,0.0238715759328371
76561199518636045,0.0297885236621245,0.0898270297434004,0.005749698635688,0.0887745238744469,0.0241356735451677,0.0314631371508542,0.0576806810450849,0.0769219778601964,0.0446199541150832,0.0151939148800683,0.0,0.0215692922171044,0.0144497768524812,0.0572906226468958,0.0242769248135637,0.0729789300695383,0.0208985180420502,0.0052864567015433,0.0283762757742854,0.0271437044235901,0.0573124345854335,0.0205199221821223,0.020567660588182,0.0146577060557773,0.0627681114542107,0.0104076678961201,0.0231185456598043,0.0094514885476813,0.0337410901901141,0.0110297567873858
76561199520743247,0.0779516860446328,0.0245767276354179,0.052553782127213,0.0725792330342372,0.0457069694318488,0.0496209311861909,0.0618245177927438,0.0116751638350739,0.0673558139452122,0.0204471465665176,0.0258243765017542,0.0087739807988682,0.0060820246904281,0.058409901538713,0.0486878763201435,0.0299533682655354,0.0252777013570867,0.0256684835237564,0.0421895598462454,0.019394425903992,0.0210859870757141,0.0445679354451622,0.0138220020247444,0.0024105990508692,0.0041076062390509,0.0320159038093541,0.0240729300920861,0.0160636361224205,0.0104260062616745,0.0568737235333111
76561199521001438,0.0595544306247685,0.0777885325108475,0.0253808324671692,0.0637190862510034,0.0282238774346483,0.0132419461742478,0.040603885191036,0.0520361409524199,0.0431323180275631,0.0388296591341337,0.0472216454518962,0.0327231552131495,0.0120453263163229,0.0409559316921597,0.0421154110610504,0.0604975953144427,0.0478491837393526,0.018496129511415,0.027061071519097,0.0179650196397899,0.0392869001846306,0.0200115563080748,0.0237370353411924,0.0039029692235724,0.0386734089510512,0.0083171735505259,0.0206208588183739,0.0256572616548108,0.0115869989073183,0.0187646588339349
76561199526209117,0.0790627639994103,0.0877676586732885,0.0561910320241113,0.1071566579955388,0.0285721697155689,0.0327704630691075,0.0114012388695917,0.0338779284723473,0.1001685965592205,0.0259055047656055,0.009734644186621,0.0120532743091895,0.0089522847827217,0.1020561018042694,0.0424810108489086,0.0340786490627553,0.0212431684622258,0.0156970468451682,0.0213250289286961,0.0,0.0431258502814122,0.0751468113401714,0.0,0.0065899138052417,0.0046687926136676,0.0285721697155689,0.0,0.0,0.0,0.0114012388695917
76561199526487450,0.0800001884508647,0.0541788486978637,0.0339629419796669,0.0752833312871578,0.023234710376523,0.0152167298156347,0.0553141308448601,0.0460917030811765,0.0290018419757827,0.0310664066834462,0.0315424592647986,0.0280342264958893,0.0079789054577364,0.0185011774530706,0.0648942859555101,0.0618621050511722,0.0381562975242291,0.0160332163879775,0.0380244190000089,0.0263869795242599,0.0383885626419657,0.0221099524136883,0.0064413294687243,0.0093008307451997,0.0296311046051386,0.0057158600592068,0.0250640038779566,0.0203280869960276,0.0152207101029304,0.0530346537815319
76561199527406968,0.0849176433493597,0.0899262793339652,0.0328223231289602,0.0571308223322073,0.014800374291359,0.051714696968381,0.0056727323024574,0.0275525375841711,0.0316548723101025,0.0625147324274049,0.0606025308353669,0.0376593794708388,0.0495925416202208,0.0352980367385293,0.0218516536895973,0.0402111409298887,0.016307389959085,0.0,0.0588069182815111,0.0358361417796485,0.0249381467043053,0.0108302592206449,0.0644634626030617,0.0120343280642755,0.0270438496758697,0.0225614851062964,0.0181997384420134,0.0050559828504771,0.0,0.0
76561199529575900,0.0797145850985849,0.0306974942618457,0.0647170835780275,0.0916490223063754,0.0247144513974617,0.0631460951817887,0.0475386061436334,0.0269600076596912,0.0785914828314807,0.0199277483898733,0.0301052416831378,0.007460055732188,0.0054774601986174,0.0838759489626791,0.0499246971343834,0.0220592237150308,0.0384006182258252,0.0274237157168081,0.0446671199486523,0.0097465420546211,0.0227511227248711,0.0483725852031632,0.0,0.0,0.0112245036105195,0.0154438574122816,0.0,0.0,0.0,0.0554107308284577
76561199530756303,0.0347784364125123,0.0447371441640176,0.0041784517900294,0.1380872754304603,0.0314204919236333,0.0194862665710985,0.0794432432491232,0.035346871801306,0.0280744069260081,0.055210423097162,0.0121835524113319,0.0661224152537748,0.0,0.0373813496851725,0.0537248611738618,0.0305761452873787,0.0258232288304299,0.0242648740252595,0.0337717675677552,0.0178134696134441,0.0602421902487312,0.0051284909691349,0.0294497231890489,0.003474549800541,0.0217232363455827,0.0061282536182451,0.022918617789756,0.0371103991446223,0.0118490889886332,0.0295507746919444
76561199537429327,0.105346287930463,0.0983146950600173,0.0907766315105373,0.0370378727221763,0.0076209744539595,0.0685082790410611,0.0064694709738295,0.0205024698887085,0.0428065379784919,0.0348301788433987,0.0905266449887663,0.0328931421984875,0.0267637070449979,0.0382883550605741,0.0166528791240817,0.0251960819298913,0.037100777185674,0.0149185001510135,0.0620710572355028,0.0,0.0334651751040633,0.0402773369964951,0.0455106422767475,0.0,0.0,0.0,0.0176528313272312,0.0,0.0,0.0064694709738295
76561199539087405,0.0554749852016022,0.0859966774462512,0.0180026547274086,0.0708372023172423,0.0223807668278332,0.0325797518821178,0.0379657431364528,0.0955989583227346,0.04404713784395,0.0622393959038782,0.0231533895165973,0.0111084100267463,0.019370102596082,0.0387413701161724,0.0511415950536517,0.0821525135449724,0.0126417756257186,0.0,0.0237418991427385,0.017179753448476,0.0144154301101469,0.0242686953811891,0.0260639636116133,0.0142196171688645,0.0615998219035678,0.0176470016757856,0.0,0.0048587572740757,0.01606582852909,0.0165068016650397
76561199541793625,0.0765884501543776,0.091912867863617,0.0117969641622542,0.0765912179117783,0.0,0.0177388104430456,0.0217985599978182,0.0329705558515419,0.0422873595073688,0.0351355850895389,0.0304252341997334,0.0496265569694283,0.0057954677866346,0.0309076088801654,0.0294681470646302,0.0428623935655606,0.0625545167677844,0.0,0.0239465456235174,0.018973379419368,0.1159598117621219,0.0096714158203869,0.0519533884201642,0.0,0.017896683896489,0.0,0.0344677698759216,0.0073331378212506,0.0556851510762772,0.0056524200692244
76561199543961855,0.0694084845258353,0.0609933162255428,0.0334558720113106,0.0886804637771174,0.0180342340418722,0.0248903145792672,0.087360605265907,0.0625032796195691,0.0,0.0769922374311877,0.0196529218388233,0.0216361317562706,0.0,0.0098335717258694,0.0410777124239166,0.0078127898984522,0.005155536307599,0.028636761046766,0.0033960253435223,0.029018938673333,0.0847901756131533,0.0157283557095443,0.01530472430394,0.0207158904571633,0.03199553260578,0.0094846147696003,0.0335190688848079,0.0279387933609604,0.0474460463511855,0.0245376014517019
76561199544472375,0.0770934805613766,0.0703145035784279,0.0330002345023758,0.0900161234803712,0.0,0.0245534517842655,0.0317945779899325,0.0809708211298063,0.0628829210098992,0.0202966374778112,0.0172898492401443,0.0169251784135889,0.0,0.0572498953354206,0.0241770734895614,0.0718058477525781,0.0133998369261951,0.0038321589843546,0.0359317127413689,0.0219186238494721,0.0584313176974211,0.0194113631124748,0.0090781380804818,0.0144527274232701,0.0644579920070984,0.0,0.0104553663069637,0.0102350334637949,0.0526569072189235,0.0073682264426199
76561199545066123,0.0491619456147394,0.0441254641113193,0.0625512363271997,0.0648203720936777,0.0377373713063738,0.0567564651591139,0.0261345391127808,0.0169872427203275,0.0579807279898862,0.030996227629081,0.0330003571421088,0.0132600434129204,0.0133257410376574,0.0577929400679141,0.0370392339444797,0.0312828150276349,0.0660338726353168,0.0062403813460904,0.0533002094157626,0.0298677416388339,0.0221603912428587,0.0352964371286769,0.0369505895949663,0.0283909275550429,0.0162074114155039,0.0323513139705618,0.0,0.0212992219213323,0.0070136588481839,0.0119351205896536
76561199546266669,0.0816585068821483,0.0705945566395773,0.0694502812243633,0.0797819115458438,0.0369310282314481,0.0429846177022858,0.0560321390068988,0.0433868430263218,0.0186607613744471,0.0461162432624088,0.0422000641036829,0.0283841062673366,0.0369956575383803,0.0186607613744471,0.0237731607566639,0.0308574729896915,0.0420924414576858,0.0197031251372385,0.0,0.0056754240158202,0.0292779225815465,0.0247366886753587,0.0312306427094794,0.0,0.0273298694823,0.0,0.0198217808879875,0.0104398776193083,0.0335332109182965,0.0296909045890318
76561199551749900,0.0658574303120312,0.0743807624479124,0.0131932902714036,0.0784814061481288,0.0156029727591636,0.0132737476402397,0.045983210006433,0.0443077771549377,0.0709911652868134,0.0270030999795339,0.0540239669046819,0.0481853656418087,0.0166996072114024,0.049573341917296,0.0082578538627259,0.0,0.0436695650580263,0.0066511346875929,0.0102858002039857,0.0307975777617976,0.0994123552354712,0.0160175016378834,0.0289831304788346,0.0245776342603827,0.0077477691398317,0.0089518380715707,0.0301269153560733,0.031424233470681,0.0079938319185628,0.0275457151747924
76561199552824101,0.0825879877873593,0.1184272626271029,0.0547411142475451,0.0860245750201931,0.0,0.0330751610147914,0.0166564713688564,0.0404735306773414,0.068217277080381,0.0516727973527717,0.0560769856609275,0.0108361951620375,0.0060733122600568,0.0711307657165307,0.0266628965682501,0.0489347407151276,0.0188309593174557,0.0060733122600568,0.017061595087757,0.0,0.0688156063683973,0.0322057812483329,0.0270572835553412,0.0,0.0138522252627892,0.0,0.0193126971349954,0.0,0.018902119191386,0.0062973473142146
76561199553177714,0.0580057655999557,0.0714159887693668,0.0126910002883434,0.0844217428845408,0.0189281154575753,0.0103635981617396,0.0560461708786609,0.0746226581673839,0.0261125872759069,0.0687202204118798,0.0347180492990815,0.0453381904659572,0.0041274495175253,0.0220964845943648,0.0351463351888047,0.0409353785811037,0.025252455175195,0.021760485417244,0.0158835750873891,0.0197605595674243,0.0680226676444722,0.0112706309443637,0.0140872987433148,0.0,0.0338971599732166,0.010345498684447,0.0406010295753493,0.0351953597068114,0.0131304243608889,0.0271031195776921
76561199557398352,0.0644689477005891,0.0555219619333389,0.0435961669305484,0.0773946778783294,0.0240668917806731,0.0180790903941459,0.0352887773621914,0.043457485081886,0.0409565671371495,0.0498323370309301,0.0382575052881348,0.0388762636765245,0.0,0.0472758486675947,0.046840701948472,0.0695910883770731,0.0163473390867099,0.0089885827245203,0.0412371494386494,0.0090241611855917,0.0545637823807222,0.0453623628688086,0.0198195245621201,0.0,0.0230894754212508,0.0051132733931062,0.035212881121241,0.0281199363847373,0.0114110401640033,0.0082061800809568
76561199557989035,0.0724934725826832,0.0519169935219207,0.0458607129829179,0.1192746980571108,0.020527647723804,0.0443940564560674,0.0555331247231799,0.0291187236043066,0.0684904884961256,0.0223322838053989,0.0189121631728404,0.0122792105917305,0.0044108446545011,0.0751305456930757,0.0470584353447069,0.0147525339370327,0.0277800673972768,0.020594070857301,0.0551480810650561,0.0079667491562943,0.0485312865109838,0.0310950820351712,0.0090327655819778,0.0093261800853775,0.0,0.0150750988490576,0.0268929739960478,0.0253664656697181,0.0,0.0207052434483343
76561199559728739,0.0925003467141164,0.0352324912371684,0.0280768683028751,0.0434283325295553,0.0863336056353381,0.0607651161420874,0.0481372367961779,0.0268440437910395,0.0374006849484422,0.0233824470836764,0.0063431745794264,0.0125648329369721,0.0329303577016264,0.0322000715768566,0.0559368600103073,0.0427498987610837,0.0172811588036094,0.0226432493542538,0.0613714988492633,0.0371651502186566,0.0127537871267317,0.0292190203638889,0.0,0.0209455609556868,0.0351374528499205,0.0501447283530188,0.0,0.0123850643696933,0.0260485435912445,0.0100784164172817
76561199559993324,0.05708966093562,0.0854619848112177,0.0121655579611139,0.0849959163378775,0.031718110272487,0.0131989762440038,0.0138759967372716,0.0789183879825714,0.0343638956827175,0.0364195495654387,0.0432228062058102,0.0281718181241719,0.0,0.0420677718434126,0.0603241502436488,0.0902533358470217,0.0119301009240873,0.0098902481754312,0.0238545283709033,0.0142500959287058,0.0631562204809603,0.033361933949742,0.0149401893323102,0.0,0.0416231977962195,0.017346825873416,0.0243920217589104,0.0062231814135871,0.0087170079187231,0.0180665292826183
76561199568067378,0.0715964879932787,0.057716765216278,0.0205468137309089,0.0769246062424013,0.0540263945907453,0.0238102900661907,0.0360824870797919,0.0704287313884014,0.0386845406705076,0.0416433884175723,0.0158686068049457,0.0389614687820347,0.0042490347197453,0.0371537556567025,0.0761357557168648,0.0614305430032376,0.0184996582346083,0.0041810427725281,0.0431521843745817,0.0147818884382024,0.0294000953991695,0.0274850363297863,0.0059763899294419,0.0,0.0473215286140947,0.0344183794244291,0.0092690954193361,0.0042490347197453,0.0092690954193361,0.026736900845132
76561199571958168,0.1242330162699782,0.0988945348621254,0.082625915883682,0.0413447760904377,0.0131508964103193,0.0588629484795456,0.0335080033179048,0.0681417106390401,0.0476160143417231,0.0092009059347297,0.1069586535590337,0.0092009059347297,0.006491932104676,0.0193494422768818,0.0295171242878556,0.0295807040447511,0.020916639480437,0.0059768471258022,0.0131378843744603,0.0063765904565345,0.0388769291437357,0.0648870040079248,0.0113681654126117,0.0059061972983327,0.0131508964103193,0.0,0.0,0.0063765904565345,0.0,0.0343487713958926
76561199572634759,0.0409749035006451,0.0273143851055774,0.00587183188491,0.0597398048033848,0.0471545900640629,0.0253852539361849,0.0557704543263156,0.0638373308171812,0.0671761369838558,0.0323838813250979,0.0156677404683187,0.0292329095034549,0.0234530050178978,0.0524617949430977,0.016054399502834,0.02965233243871,0.0022400978687747,0.0104211269513036,0.0380939992549819,0.0320535014481834,0.0686610522569077,0.0215577722871363,0.0208676348602265,0.007512461392081,0.0379685636059136,0.034530788773127,0.0362752557577216,0.0454704704505241,0.0187709980595245,0.0334455224120643
76561199575139982,0.055379650950295,0.0648625515785768,0.0304859724131647,0.1203352519763028,0.0186318854540314,0.0311995454033164,0.0445687769768202,0.0529650871943149,0.0496361888614393,0.044048922668774,0.0083001354642471,0.035529950129687,0.0102890555942196,0.071096882152672,0.0432482305140077,0.0474361456656217,0.0259757506592199,0.0210849259281855,0.0330400641873145,0.0125926657146774,0.0325116020557437,0.0272432506720186,0.004046292838377,0.0045017672511327,0.049276073707952,0.0122242438354142,0.0109366797667597,0.0154237151978927,0.0048621132273561,0.0182666219604638
76561199579773295,0.0932775244488187,0.0502864565342182,0.0177451096146604,0.097357918785894,0.0347886660042276,0.0075640177902182,0.0307787563401887,0.0424938502797558,0.0337201825515121,0.0655292267736961,0.0157663203647969,0.0206817838808656,0.0165512863385716,0.0364336496400448,0.0766778017848498,0.0803318145668487,0.0581843468440082,0.0079439350443517,0.0345208912669687,0.0,0.0259789314725314,0.0353373410427218,0.0083789982163486,0.0077926062544624,0.0266164073887395,0.0269838747058125,0.0077926062544624,0.0130677287821392,0.0066264952739882,0.0207914717542968
76561199581122905,0.0816138287567511,0.0977746411578098,0.0544769227032487,0.0539763460807919,0.0307958649034114,0.0623277039826542,0.0126830971368672,0.0508290294223505,0.0314071938126665,0.0295162288173255,0.0565594590653308,0.0142017675032867,0.0499410091853607,0.0314071938126665,0.015839657624606,0.0504743684558625,0.0289896163727398,0.0,0.0446603000924417,0.0138157806235917,0.0192741866986309,0.0221809511111533,0.0565755258469932,0.0,0.0366985980473935,0.0293296736377606,0.0081018437784114,0.0,0.0073689244096328,0.0091802869602598
76561199587644940,0.078512031072912,0.0590389236881113,0.0456708253326213,0.0916456528886945,0.0298628452060222,0.0110919536064061,0.0541472492749759,0.0219491427513242,0.0306207326026597,0.0466527815185845,0.0138918988333002,0.0242029615616633,0.0111759962914811,0.041234685308397,0.0495911183888316,0.0581809636472278,0.0211090236783692,0.0541492256248725,0.0164501575960849,0.0219610662208736,0.0550664131948581,0.0221268785268345,0.0119451984826166,0.0071759053827853,0.0126736183198675,0.0071759053827853,0.0382840449499301,0.0265182203412129,0.0093872443561072,0.0285073359695882
76561199589158503,0.0922304510299115,0.0992178625761226,0.0091395005286648,0.1225831816336178,0.0,0.0253419128823356,0.0472205077763934,0.053939383554249,0.0680704930164121,0.0504882841651028,0.0477515967677662,0.010113311071271,0.0,0.0563310753748868,0.0256310550172045,0.0155311682573833,0.0041448566046567,0.0086351621044844,0.0097565538552492,0.0,0.1019517345071362,0.0397413529386641,0.0064069031215349,0.0050808133328722,0.0198555901949739,0.0,0.024534274354802,0.0,0.024534274354802,0.0317687009795018
76561199589538204,0.0528204850918353,0.07077829162695,0.0084080203156445,0.1232491541187564,0.0,0.0,0.0261161271808792,0.0579820145698143,0.0376616278963968,0.0873015495986062,0.0314161319334576,0.0684817429548969,0.0074051664260007,0.0440250819443724,0.0734695334459364,0.0852761214058135,0.0529616945436289,0.0211100815052006,0.0147983345123564,0.0033493400421912,0.0076160308110502,0.0,0.0363099600759752,0.0,0.0562292347041281,0.0,0.0,0.0,0.0109029168267806,0.0223313584693274
76561199592008364,0.0942978649609317,0.0562181325968686,0.0376621119414911,0.0824851440867767,0.0421872364868122,0.0446738172366373,0.04125488548282,0.0416773404896111,0.0540427088561875,0.0582811040736625,0.0235970793576879,0.0254331918078329,0.0043488601356042,0.0415016923402296,0.0599947235054372,0.0324017187122489,0.0476137883864636,0.0177469859102671,0.0183560306073025,0.0129351983930324,0.0301054594570364,0.0153891147147499,0.0058544147794116,0.0,0.0262475043079217,0.0242320856624528,0.01321454538862,0.0123165026959538,0.0144977056042387,0.0214330520217084
76561199608316668,0.056512851203525,0.0914944384130874,0.0362418820659729,0.0674285424642437,0.0488120412300669,0.0268392930288019,0.04018447707129,0.0801548596527117,0.0651537104879813,0.0317789930131331,0.0256840591177072,0.0,0.0073772639844698,0.0345415909387744,0.0370511250804392,0.0703453834490197,0.0140173989568868,0.0090252150915708,0.0545667724569449,0.0129711615337636,0.051769372593021,0.0307055534637928,0.012072352978568,0.006857040391015,0.0332776278016775,0.01440801852721,0.0185639938124322,0.0,0.0099150717811766,0.0122499094107155
76561199627864130,0.0590495451611898,0.0854264657125438,0.0344404287205224,0.0931451819235532,0.0198258013048256,0.0243838758508712,0.0236484734497702,0.0706690610683045,0.0573041753225391,0.0617609445407086,0.0185246752589139,0.0144997866270356,0.0,0.0540395465745858,0.0574874035180047,0.0601168873863487,0.0371620281620877,0.0100688582563935,0.0187422255066647,0.0029604618751815,0.0554576045062162,0.0213721981609047,0.0161780928458129,0.0033446883339884,0.0588945189980079,0.0042759907180843,0.0,0.0029604618751815,0.0148302331783783,0.0194303851633799
76561199630639323,0.0879044300211311,0.056399730526749,0.0559330822131822,0.0601363453235671,0.0612976212936112,0.0401359053136929,0.0474595812194791,0.0692370768601884,0.0228350468634698,0.0318840799253952,0.0231447157688013,0.0,0.0110410415476006,0.0152947140995982,0.0402868259183528,0.0467082334297924,0.0200233690896132,0.015630897820774,0.0435998393133269,0.0426685582623113,0.0160998575693466,0.0121582718786388,0.0033175400387952,0.057352495351452,0.0378534451211072,0.0411535962894038,0.0034850847629113,0.0064580776284121,0.0062221388522273,0.0242783976970675
76561199631745821,0.0569713950062504,0.0876505296453835,0.0155695326582879,0.0897476614941684,0.0088038740747129,0.0262446158049435,0.0309682927813982,0.0636819000267897,0.0669062162999202,0.0563328562702131,0.0111021495560146,0.0469403695714007,0.003326628110782,0.0580214808150557,0.0094954926387842,0.0288771518285681,0.0326147248278782,0.0097806966271693,0.0382266044160702,0.0065343462083738,0.1076364744838915,0.0123231822394925,0.0,0.003326628110782,0.040822438657158,0.003326628110782,0.0392491656564278,0.0099243534038961,0.0218743795702391,0.0137202311051651
76561199638601866,0.0654651244256037,0.1008981000922201,0.0811548302518786,0.0450448858316349,0.0195473069549121,0.0516485138936157,0.0427732818234999,0.0579483871601635,0.0164573711065278,0.0870364283182174,0.0553078505432199,0.0434896067440013,0.0309660734870251,0.014144789804839,0.0063952736813851,0.0245052401802047,0.0583620032394494,0.020879582196931,0.0,0.0252456629726752,0.0,0.0070621366123908,0.0292454003261988,0.0087474911649494,0.0301200586418157,0.0141863076043231,0.0,0.0281436109323751,0.0123515824166357,0.0228730995933055
76561199639237662,0.0540435410897587,0.0492956039616384,0.0528414847476571,0.1147539970414319,0.0166077888801067,0.032507075016984,0.0460942857524268,0.0475680663583374,0.0987213460829666,0.0085316734480487,0.0273151381755558,0.0040106130821177,0.0,0.0951980046027707,0.0263471589775112,0.0216259264940728,0.0,0.0,0.0187050687453596,0.0178570704417702,0.0896124308821152,0.0657784794403252,0.015831949188879,0.0178570704417702,0.0244227281909791,0.0057126327340117,0.0095200153469555,0.0,0.0076955958636504,0.0315452550127982
76561199642042062,0.115154062171579,0.0163926213132084,0.100527607430859,0.0517878713226647,0.0371013554740169,0.0297085542514161,0.0252587533894949,0.0065954790155762,0.0189129453583668,0.0595604892121649,0.0512313322528821,0.0350470613794196,0.0477269406809103,0.0136875303853607,0.07145377240378,0.0052254149730061,0.0137713230960232,0.1097112813271241,0.023658044996538,0.0397691922855689,0.0081614472951033,0.0052254149730061,0.0162377308599563,0.0124067455820221,0.0,0.0101536203568715,0.0379060041783404,0.0220759738418427,0.0051333958247436,0.0104180343681528
76561199645738773,0.0829701438416063,0.0598900453974897,0.0723898490141145,0.0636551648191455,0.0268031277524859,0.0376524061705661,0.048087028976858,0.0551988433157065,0.014642077985216,0.0491956047876119,0.0362069939802582,0.038394109505306,0.0318491512399533,0.0260749209746068,0.0491775330515813,0.0197301843003664,0.0492006134795868,0.0177283086587784,0.0060300380227152,0.0047866396596526,0.0063329944024306,0.0357846544075326,0.024365869073753,0.0237065643717616,0.0235018272623945,0.0214689944741544,0.0152229503731365,0.0,0.0052894637186935,0.0546638969825365
76561199651398849,0.1121654956865789,0.0799507613324007,0.0716751759797184,0.0636219881147292,0.0160579554367466,0.0652343658673708,0.0275964682999384,0.0452113947170019,0.0425603590270834,0.0358113546438884,0.0794631209411876,0.0199872639666354,0.0076998174630402,0.0324193769644747,0.0349830730477175,0.032048610086664,0.0298751690613081,0.0,0.0301844667128171,0.00385798897976,0.0393495326606981,0.0257260469131691,0.0088793092263149,0.0115578064428003,0.0158076222995652,0.0,0.0200964358607776,0.0149256103211174,0.0145377838651342,0.0187156460813608
76561199651436954,0.0603010409929713,0.0477905363877275,0.0162675149623096,0.0866752634914612,0.0315827902630638,0.0194720750285511,0.0630481091261212,0.0997427501844859,0.0788199298654468,0.03225056251064,0.0148043371092752,0.0171848028754531,0.0138587527823254,0.0723690720092581,0.0170553572496782,0.0435658063595828,0.0032626144337657,0.012167451258875,0.0300292377421377,0.0302109805121663,0.0920836401380641,0.0224011869318733,0.0039756516333737,0.0113135736616947,0.0297190144223525,0.0133588375900008,0.0077403576557109,0.0117160092890846,0.0,0.017232743532548
76561199653622095,0.0600427580180519,0.0535656424351931,0.0188998469998763,0.092446362707855,0.0192681869091775,0.0277527454811449,0.0474622827777782,0.0773947126443312,0.0654075168276904,0.0314843062517042,0.0265139785023903,0.0283836279623025,0.0129405654114112,0.0625371578704954,0.0309251726701478,0.060849676534996,0.0356918524390235,0.0139175469760328,0.0229587314878609,0.0075149585300879,0.0409626382998855,0.0049869515540195,0.020226827413087,0.0,0.0489461761053301,0.0079721143998998,0.0121115937986392,0.0046102999001121,0.0306255693346351,0.0336001997568397
76561199657362718,0.0681604633383642,0.0750062557986457,0.0297566014116202,0.0392211896227881,0.0512422858889772,0.0465999041530279,0.0622395776905881,0.1074813426671892,0.0184050044942761,0.0399207346979348,0.0262039356236121,0.0267639397790613,0.0103440921271358,0.0184050044942761,0.0305006224529651,0.0303024144054189,0.01227376339517,0.0203713527286075,0.0142748871877424,0.0246441788797022,0.0238821913342936,0.0060538661632865,0.0281612514151725,0.0,0.0517539248494483,0.0286965632438031,0.0329312249829443,0.0151325238028835,0.0216897623505125,0.0395811410205517
76561199680990806,0.0694996381988238,0.0946453905401167,0.0404513587345092,0.0710869321277127,0.0059929743553715,0.0524510778150509,0.0295325275684689,0.0779831400606162,0.0175278250917015,0.057770685071455,0.046389144374861,0.017294869215253,0.0124457804985903,0.0172208937381056,0.0697738900832891,0.0651550105488148,0.0247986366970006,0.017304112111914,0.0175682939851198,0.012442118236652,0.017408498980079,0.0517971235116529,0.0180584121192651,0.0123169280830839,0.0426536273839708,0.0059929743553715,0.0057421212052855,0.0,0.0057421212052855,0.0229538941025777
76561199682596889,0.0652275659612481,0.0485174915717634,0.0235909363708868,0.1284493234947648,0.0087057322191163,0.0274356557501831,0.0411139245704701,0.0423800217749509,0.0508278745566075,0.0543523431186827,0.0370389140816253,0.052664636086764,0.0295028853109299,0.0508278745566075,0.0545161293413146,0.0470862172058395,0.0299832451112047,0.0,0.0327777965992183,0.0085223896763621,0.021287518100734,0.0066381859772313,0.0504258417439654,0.004500572301714,0.0284140714031947,0.0,0.0127275495937644,0.0127275495937644,0.0141626664851561,0.0155950874419349
76561199687646290,0.0630970819787576,0.0421998192410517,0.0305250720257119,0.0557008159905875,0.0765771075182953,0.0505269315236241,0.0446913131985943,0.0662907568868376,0.0422507708788693,0.0372913075134285,0.0114337750027756,0.0279728360346638,0.0039351969931732,0.0336228825011519,0.0427536318580531,0.030563350475172,0.002385048287473,0.0103858348527031,0.0638477751413338,0.0303518397476836,0.0365763726085564,0.0400948118810862,0.0084468845298292,0.0058788242019667,0.0282866160435418,0.0412201941931006,0.0158763838988499,0.0237949293419748,0.010469332930553,0.022952502720599
76561199688154793,0.077776724836472,0.0991136835711671,0.0271137675698908,0.0931793814374738,0.0070782998512752,0.0195712608532217,0.0153869444989961,0.0692842424893129,0.0692261726050015,0.0560961092878802,0.0375815407937583,0.0342250966678931,0.0054980460959187,0.0578661957025706,0.0366279647154379,0.0535748439041276,0.0221354319903033,0.0070782998512752,0.0131566371953776,0.0,0.0380255214942222,0.0206703885828869,0.0291657580852028,0.0,0.0392306943736153,0.0,0.0322642592495207,0.0070782998512752,0.0156036002360862,0.0163908342098359
76561199696739033,0.0858436311144881,0.0923636230571923,0.0583434079198188,0.0579178977945858,0.0316213227487608,0.0463437712671239,0.0170020514681805,0.0554527558876728,0.0561885977377576,0.0564112269809847,0.0287084747836119,0.0053420367644464,0.0032460620978492,0.0561790971239646,0.0498742497182877,0.0810748774466394,0.0262333028641739,0.0061721463409043,0.0353685596703196,0.0137521222851935,0.0261486511733285,0.0133727034444878,0.0,0.0,0.0407817158346561,0.0193858007007369,0.0094871866681671,0.0075806370301556,0.0125850466630654,0.0072190434134457
76561199697755740,0.0581739398236,0.0644137452607008,0.0299363408113247,0.0698701186755785,0.0133527872562788,0.0252726637540921,0.0787213652185994,0.0570283590561096,0.0040305592239172,0.0554457751362546,0.035464998751825,0.0410134173490591,0.0104275310661524,0.0289900792266114,0.0152341174688508,0.0356700851123549,0.0509474641820561,0.0502059348708696,0.0039537038397381,0.0258864575201281,0.0292735105128515,0.0045626431820665,0.0215506582080106,0.0,0.0424887986180031,0.0,0.053698271986787,0.0380434069913274,0.0125524927655281,0.0437907741313232
76561199698533340,0.0456648592936796,0.0865090456568756,0.0271194335959079,0.0826166573980201,0.0266020532826594,0.0287187181312373,0.0300877526981327,0.1023087060427511,0.0345455265928423,0.0433172003852873,0.0318221547840593,0.0180209194582529,0.0133484574472192,0.0440124783458999,0.034869455964513,0.0612052267737276,0.0173049689057119,0.0057758146566391,0.0106157354030838,0.0173377884534781,0.0336155288995228,0.0130706965899183,0.0301356155714326,0.0097073808132727,0.069449573088484,0.025830576110941,0.0161033749972216,0.0124566353588001,0.0146750321572921,0.0131526331431352
76561199699572362,0.0536338614370744,0.0410040029546694,0.044602452460408,0.0716062524976152,0.0389780169742292,0.0406833708306091,0.0402273634824844,0.0786935038963677,0.0709992421005117,0.0239155524626749,0.0208822669541521,0.0118608392158803,0.0139094508856915,0.0572018417480626,0.0460832348474916,0.0257813971690153,0.0324297743213504,0.0260913528965672,0.0416199891538663,0.014681238778307,0.0381256530405959,0.0371189025657728,0.0,0.0064422940345571,0.037349260078315,0.044496370764033,0.0038987225008848,0.0038987225008848,0.0,0.0337850694479272
76561199729570190,0.088803089577057,0.0850042948091823,0.1166775191715875,0.0215794780297183,0.0223491209547535,0.1057845233152941,0.020423389022108,0.0159702647905777,0.0229911208082361,0.0462328494429711,0.0987207291569694,0.0329593995853672,0.0215372484941733,0.0178870526090991,0.0127669122183218,0.0079631886158612,0.0277281439295116,0.0055283807698344,0.0604798772362009,0.0291831592185354,0.0091362265267958,0.0467619462047602,0.0283284871092471,0.0298887596375111,0.0,0.0,0.0096944326411313,0.0156204061251936,0.0,0.0
76561199729773816,0.0715759318380329,0.0981489398938878,0.0308123260152247,0.0634143639956043,0.0370525901630988,0.0260023745598471,0.0320477228620591,0.0880835676780364,0.0451803906988187,0.035887730971612,0.0554011431469641,0.0116945296097393,0.004671129208425,0.0318021543092662,0.0261720809573404,0.0320222926933572,0.035794672487862,0.0051482005628994,0.0232288066275848,0.0078485008882853,0.0459272738789942,0.0318520867831358,0.012237238354746,0.0043466968913139,0.0433854926276744,0.0127033407834897,0.0191655282043776,0.0087733317592497,0.0443965506042106,0.0152230109448611
76561199738119259,0.0519013928862309,0.0797821438752514,0.0205113869868678,0.0688352514978924,0.0463728836579837,0.016760692993617,0.0334649731151501,0.0827992328479982,0.0499512315458622,0.0543234704538419,0.0160338000803975,0.0216054171461512,0.0049527879706236,0.05098645176113,0.0302010737012464,0.0564584039667099,0.0208960396991393,0.0128129040015696,0.0181539048462413,0.0,0.0419972922558732,0.0244965449130768,0.0111026333136591,0.0,0.0766159190960907,0.0228137492989067,0.024651728520963,0.0113359137961688,0.0235484090014994,0.0266343667698564
76561199739359982,0.0728704561266749,0.0540775721038864,0.0366232898715392,0.0936834935303983,0.0316984611744809,0.047339993783376,0.0413220952372058,0.0406769032680293,0.0633905909742517,0.0278985399286261,0.0272449126932075,0.0243188544561115,0.0069062439278516,0.0711638452036853,0.0499091353225271,0.0370932154222797,0.0120935556278574,0.0203827865640739,0.0259912025200793,0.0292508813475782,0.0581260344187414,0.0343161109643089,0.007476008740554,0.0454226438848931,0.00533134964335,0.0077732542294336,0.0077732542294336,0.0,0.0148006335730288,0.0050446812325353
76561199748150200,0.0965638880890461,0.0447659067436731,0.0778727889117238,0.0882036086967711,0.0080508779368894,0.0811750387411281,0.0119695741726729,0.0122057063264127,0.0766148052276493,0.0122326179879747,0.0493710637894709,0.04248812775222,0.0158767400558303,0.0728024793845508,0.0550186394186903,0.0075786607790431,0.0739615732090158,0.021277205844707,0.0259394632645034,0.0085364400523359,0.0179741788573063,0.0680804938463437,0.0121805621201914,0.0,0.0,0.0165873179892253,0.0,0.0026722408026237,0.0,0.0
76561199750937606,0.0729568784903177,0.0614557675257461,0.0643812495928033,0.094752497864888,0.0152554455686348,0.0157659842621977,0.0453562686592431,0.0435862030095955,0.0449712066755757,0.0064906415393607,0.0658557649321416,0.0556038117801523,0.024775783140109,0.0516136189382756,0.0133599632856106,0.0050286339289914,0.0342491191911625,0.0352893644134733,0.0225037400144422,0.0095194680021043,0.0725098551481261,0.0660294706647011,0.006668420345861,0.0,0.0,0.0,0.0215571880695016,0.0188932360997995,0.009715760159934,0.0218546586972498
76561199752752935,0.0747638808231986,0.0406099043120802,0.0636229820485372,0.0391282573118903,0.0452070313619472,0.0247793813511287,0.0890786405957383,0.0206004888004909,0.0102160223192664,0.0658121485374677,0.024748055790665,0.0134643942420949,0.0301654792787649,0.0102160223192664,0.0482241773854884,0.038387588985474,0.0213675714187871,0.0124651383042762,0.0365511226706095,0.0404041088802418,0.0104701839608364,0.0304083784802311,0.0804675110448301,0.017358815062194,0.0186286430513737,0.0154219324238585,0.0164027162097776,0.022064465537824,0.0107656862749156,0.0281992712167437
76561199754121666,0.0978522661567107,0.0841042060346013,0.1047686428981487,0.017976150002574,0.0285123394332195,0.0700637287863371,0.0139450694199207,0.0076336454171452,0.0521231760659522,0.0766106436597772,0.0702112144391427,0.0279857248305347,0.0334447859698299,0.017976150002574,0.014798908299655,0.0136685017766202,0.0279575615270404,0.0397932064103709,0.0388548440186483,0.042569530570657,0.0253811483287258,0.0076336454171452,0.0135568313883115,0.0,0.0,0.0,0.0429511291129066,0.023093284889906,0.0,0.0065336651435438
76561199755294671,0.0357543175638102,0.0239764419374277,0.0246071788656831,0.0413165505356824,0.1245518211335938,0.0304037220907268,0.0292925148640938,0.0543907446026157,0.0211739623185581,0.0413877442294002,0.0057593606157266,0.0241080462191724,0.0020952481404328,0.0017388144991753,0.0154582572798488,0.0192433004340234,0.0069761726408679,0.0441200781560655,0.0061127264114429,0.0886825335923563,0.0158981650575739,0.0048484950271997,0.0278164179153791,0.011016104624014,0.0406168835345569,0.0485406432913439,0.0590087922676112,0.0815600542907133,0.0661055687974578,0.0034393390634451
76561199766435421,0.075824872866712,0.0490129833406039,0.0774960920831223,0.0720121510758762,0.0132575812631099,0.0451786482479184,0.0682273664991495,0.0337719856450543,0.0631850941357557,0.0383003401206865,0.0536949849356953,0.0075158130761657,0.0,0.0269384631423021,0.0656170305985843,0.0513625598485057,0.0376705659178031,0.0154013014668068,0.0268331439986626,0.0202198584614982,0.0231785042577792,0.0598654312860505,0.0130117808333552,0.0146436894703362,0.010924361097623,0.0141632567926565,0.0043049548574092,0.0,0.0,0.0183871846807768
76561199780856085,0.042793752436364,0.0285546821004847,0.0701874420133616,0.0371023771949891,0.0610304300461582,0.0522683126269772,0.0501213488149256,0.0161956094056901,0.0161304995736341,0.0131205205770594,0.0220649256193375,0.0192395055536967,0.0291313218006962,0.0481716005247926,0.0491425139255844,0.0124771554173181,0.0232739682975063,0.0,0.0309246433268696,0.1146833273445245,0.0090226679245808,0.026543418445121,0.0321386122136628,0.097762650209185,0.0064897564811472,0.0064897564811472,0.0130257902397904,0.021383210195777,0.0139549730061228,0.0365752282034944
76561199782026649,0.0524826517476003,0.0589736763546714,0.0110437965377799,0.0771307093857475,0.047215998679779,0.0330598931258187,0.0253815826179711,0.0719165129983555,0.0477247232300825,0.0279016324780357,0.0590718223792031,0.0280386769711286,0.0068926118889722,0.0274684901906068,0.0292170124338879,0.0421384181377321,0.0260363586615334,0.0,0.0438873636314815,0.0114670699011408,0.0598250391919439,0.0245981302663537,0.0418364121539539,0.0,0.0487551389809336,0.0181002541808363,0.0315750309851052,0.0267222991980783,0.0159867983824011,0.005551895308865
76561199783971190,0.0601777272796979,0.0414474628398106,0.0346697879090085,0.0847075937628145,0.0416226904280051,0.0301690564148943,0.0283720758198734,0.0621227021643852,0.0586796500020326,0.0399400232826725,0.0055018536457711,0.0308033790137258,0.0121290241846357,0.0678213005179662,0.0451107944730372,0.0487714058299141,0.0288428657267887,0.0105906818654944,0.0342703902025855,0.0084612216932737,0.0246342714779891,0.0439867531620047,0.0186394208560571,0.0121007209687031,0.0405489973090958,0.0320137966786567,0.0,0.0161026086572883,0.0048671507061749,0.0328945931276418
76561199785196304,0.0701363686223434,0.1034240444502227,0.0087579239009562,0.062220536307211,0.0161703135727587,0.0184552128793602,0.0197995599733999,0.1006664787970727,0.0448909676068205,0.0711164044529271,0.0447181643434216,0.0442476558254779,0.0103791739682592,0.0261447449659851,0.0178713945245741,0.0381185565531537,0.0485963610722888,0.0,0.0053498260899513,0.0083564884003611,0.0394423973318627,0.0043393224437954,0.0187193531220098,0.0,0.0498275149579586,0.0103791739682592,0.0,0.0292936463718788,0.0696439218001897,0.0189344936974994
76561199786534958,0.0527943890082711,0.1061825613923812,0.0194591619872957,0.0769752443810849,0.0331464773309929,0.003499469297526,0.0477722638495779,0.1063904151144996,0.0297795048667466,0.0631681733648592,0.022482544734845,0.0517499652969534,0.0,0.0371085758401417,0.0100385283903295,0.0192736891012686,0.0112222232406223,0.0070300089203178,0.0187533922316184,0.003499469297526,0.0782623213002342,0.0033514563490158,0.0086360516025557,0.0108746027027023,0.0609930898364541,0.014146929952254,0.0495444577754999,0.0226517286830449,0.0096671702201155,0.0215461339312647
76561199792770301,0.0396256171871851,0.0307639100342839,0.0217409302576626,0.0691712071123182,0.0619663232238364,0.0444032510861562,0.0652073724609646,0.0453240670870636,0.0385376207549882,0.0261479578496567,0.0138117993490654,0.037144925012887,0.0056216894003244,0.0387318083882537,0.0572739466209555,0.0371620437373406,0.009096703302965,0.0,0.0488525419534939,0.0216155278600925,0.0217227999315137,0.0516791704335921,0.0296580432943282,0.0,0.0327553011205251,0.0387834248566308,0.0275944837729699,0.0370201023063899,0.0138673442723943,0.0347200873321614
76561199795154363,0.0562817369142264,0.0896287917203996,0.0092585798002125,0.0885440815306283,0.0062519355380966,0.0203777346585132,0.0396552107020369,0.0904009571995031,0.0382503629186352,0.0661421835825728,0.0535663624334372,0.0163574191292328,0.0,0.0288911973661194,0.0169946590906062,0.0287701797062904,0.0135694223109046,0.0049263233316735,0.0201201860207035,0.0037666861313776,0.1163617691998611,0.0210496268367878,0.007627287676102,0.0,0.0561018217658175,0.0062519355380966,0.0356516806025004,0.0193731638188578,0.0298925512238528,0.0159361532529528
76561199795377753,0.0477913811301107,0.0393646428960049,0.0261412723782907,0.0411034073754209,0.0785686871723239,0.0262462999346083,0.0685092325114864,0.0612978003453685,0.0373642161607551,0.0341182939926131,0.0183885917630765,0.0152478007066444,0.0175332723511184,0.0347657187357487,0.0530040321925496,0.0614775344919186,0.0112894969959477,0.0059454079049531,0.036522375758474,0.0346558634258707,0.0277181552091683,0.0300165136662893,0.0234030439880361,0.0057134544588606,0.051484880021836,0.0355688804687163,0.0086786882826758,0.023329008055167,0.0043638997576322,0.0403881478683334
76561199795834891,0.0432014047095591,0.068436134913553,0.0619299289859712,0.0536609387976773,0.0525096449941796,0.0517644780536583,0.0294844374886044,0.049548122998465,0.0475050998537879,0.0462126268959554,0.0195160094273196,0.0071084006544752,0.0081300039664981,0.0464946439724656,0.0202042655518024,0.0634605211860735,0.0083661572893644,0.0030523995932318,0.0290561107837439,0.0229020594998507,0.0228780635560251,0.0435404693838039,0.0129041006635641,0.0508828411448164,0.038015221108574,0.0408737968011069,0.0081300039664981,0.0294098344393241,0.0087399342959881,0.0120823450240616
76561199798719870,0.0961711324652474,0.0741982349616955,0.0272162992935968,0.1292287612249885,0.0110376731687617,0.0342542322836804,0.0206077324867828,0.0281399030704378,0.0616552119574911,0.0457663706894511,0.0517588305731868,0.02718349516405,0.0027933671425157,0.0444910378517938,0.0867017175091321,0.0541568702242655,0.0107992440191778,0.0045408364036443,0.0333232668574136,0.0014392516376074,0.054231848553602,0.0181208388510085,0.0134406242869489,0.0065540156358168,0.0222169938998854,0.0027933671425157,0.0150827265453304,0.0027933671425157,0.0108501077652071,0.0084526411922478
76561199801101431,0.074471479067287,0.058648500686238,0.0415272108903132,0.0835634732326064,0.0306223566790115,0.0264549113297559,0.0486543668269927,0.0468601837802612,0.0434654409072157,0.0185268111155449,0.0419962440811938,0.0297309008758308,0.0,0.0522857465048961,0.0773095046677179,0.0191982098892478,0.0234444627888168,0.0341292046167435,0.0272825076643404,0.0611963494839606,0.0241076269427069,0.0321383399233876,0.0,0.0306189085804238,0.0130604875856866,0.0132100141605857,0.0,0.0133479859889629,0.0098378685413622,0.0243109031889088
76561199802479009,0.0644776658984318,0.071917971735183,0.0254072294641123,0.1210860805444129,0.0,0.0233573550387961,0.0440786425269261,0.0554353901394622,0.0637457525433057,0.0494117818508172,0.0353165754756113,0.0415523615605297,0.0,0.0647886865345706,0.0305927283119898,0.0367019799953511,0.0110177186334729,0.0187564384699344,0.0156812701633367,0.0034016988297248,0.0908075606514546,0.0306445021876358,0.0125104882547098,0.0034016988297248,0.0263942393948326,0.0,0.0139003308243414,0.0,0.0225166813802222,0.0230971707611091
76561199803381158,0.0823273470601133,0.0690638437913941,0.0483420416305332,0.0711183616893244,0.0667582706268797,0.0373215234244785,0.0383639467274784,0.0381014055706587,0.0309175401647723,0.0327701332411556,0.0308168804250744,0.032574822376371,0.0076402671708354,0.0190953528854019,0.0108769733673902,0.0108725917484506,0.0223662731503681,0.0327620608748962,0.043280016511602,0.0050474033906287,0.0675598569118429,0.0108769733673902,0.0270029895674513,0.0066227615946799,0.0173576856105761,0.0345556687015016,0.0379430031971732,0.0230241078920621,0.027703965687549,0.0169359316419659
76561199807197342,0.0798509422423152,0.0446348903563493,0.046951537764866,0.0773184895195319,0.0374964419321034,0.0372446811976006,0.0642328814676009,0.0562770531928923,0.0273248823488814,0.035914146522435,0.0335016309485263,0.0356796432361295,0.0035540109434955,0.0273248823488814,0.0613792294657571,0.0651832397580124,0.0185752513093179,0.0141885553884554,0.0168675292869879,0.0096826695453586,0.0308210257242295,0.0242908150236597,0.0265837659836673,0.0,0.0238360695346823,0.0124080773882537,0.0178500928680025,0.0107053663045732,0.0274807366154084,0.0328414617820241
76561199808319799,0.0748848603918783,0.0750485571478205,0.0301860375838453,0.0792810585009975,0.0580795341980816,0.024266263690035,0.0490714041441959,0.0257491887835479,0.021075836143731,0.0667884014879778,0.0154490969347884,0.0287162166211717,0.0233355584560075,0.0183172299998294,0.0408560639762339,0.0274540915925297,0.0214784417049345,0.0204680028285638,0.0400785538267823,0.0309981399989829,0.0506126560295133,0.0184785521604375,0.0183404464403154,0.0211209017241674,0.0154910195323375,0.0324065722602707,0.0188532902168677,0.0209848828395943,0.0070065183619226,0.0251226224226369
76561199811370756,0.0621428618067043,0.0964721111135044,0.0361262914049426,0.0734141933883289,0.0096366526035915,0.0359062455857176,0.0270971867242129,0.0443001451525227,0.0736737613124936,0.0705974380454001,0.0891502938114652,0.0404634891769412,0.0,0.0493336290796659,0.0181248117947098,0.0221851638151835,0.0455270887881531,0.0,0.0207788934290639,0.0,0.0934746677930599,0.013276654014152,0.0268890285677774,0.0048943781869012,0.0172277430439996,0.0,0.0069093409613525,0.0047481884486422,0.0069093409613525,0.0107404009901602
76561199818269939,0.0747480998373831,0.065492551625079,0.0521480634970005,0.0680493365019513,0.0166380420122572,0.0422146795132937,0.0229392099413989,0.0735634325962777,0.0452856858087427,0.0349742794460645,0.0588997883636951,0.0318073487334857,0.0273703044110081,0.0498890221148152,0.0353886945829789,0.0459484438955887,0.0432811057975284,0.0099892156410562,0.0086892100759892,0.0,0.017733552614888,0.0327858813171462,0.0284755310459907,0.0,0.0272930819415908,0.0219392676984639,0.014267583579024,0.0104611798473498,0.0211187448274703,0.0186086627324813
76561199819516004,0.0901029503408707,0.0427679097470407,0.0300099762862173,0.0894904727636722,0.0162084865318181,0.0133575218679556,0.0270477054250983,0.0312277114425897,0.0449574633204545,0.0740534517213746,0.0348239826863613,0.0359456447121925,0.0083010964023697,0.0523786676270097,0.0684102622636234,0.0498079321058043,0.0458752346928029,0.0180817477910665,0.0149691387862073,0.0119732487226212,0.0606475580818779,0.01973176614378,0.0087641324226218,0.0,0.0266720687593659,0.0071285954647899,0.0234761282830595,0.018525975915251,0.0142160018903637,0.0210471678017383
76561199820531118,0.0771132269093357,0.1043673274530126,0.0058597487486427,0.1169820547995941,0.0058567218657389,0.0,0.0357186889675198,0.0840170744951705,0.0255278004529581,0.0822848794777503,0.0340337043832276,0.0681244314495981,0.0,0.0212530858374444,0.0389412085673958,0.0395314046809123,0.0407748196610753,0.0,0.0154792697986262,0.0,0.0723236640841857,0.0,0.0185500680741655,0.0,0.023082885425945,0.0,0.022187007325331,0.0346752408805619,0.010762156624423,0.0225535300373843
76561199828159495,0.0619593731188772,0.0787946083974531,0.020032951029509,0.0743965592056904,0.0326431923009411,0.0196847389699168,0.0712976612539295,0.0920424276343066,0.0244503211626437,0.0391344752559609,0.0127406086390204,0.0177966122226189,0.0,0.0566141011389789,0.0357777022787841,0.0284462647206866,0.0137920999772802,0.0368739325696139,0.0349993448088359,0.0175218922446696,0.0605552570568109,0.0165871931638269,0.0026950916394807,0.0140613567272488,0.0390494255037303,0.0181687149919567,0.0244890185258275,0.0034605355174208,0.0236488054713047,0.0282857344726746
76561199835282867,0.0644214440339528,0.0570722730967925,0.0391109541274092,0.0664436843567917,0.0354547320255339,0.043447407712637,0.0246957270857173,0.0268830698695782,0.0382159904899079,0.040825325577009,0.0389194528830496,0.0319999123082233,0.0133071198181545,0.0279105682658274,0.0587552396787268,0.0475720637275641,0.0100250765100386,0.0043766920611959,0.0563306331585005,0.0341354246132124,0.0323564143037209,0.0446554797393999,0.0239996914524373,0.0459765285152484,0.0215856320552897,0.0203960123163647,0.0100695932294296,0.0049965207001943,0.0043766920611959,0.0316846442268954
76561199835618401,0.0192707265504399,0.0555432936150653,0.0246129365213991,0.0497042250773645,0.0847650241722873,0.0218891197006407,0.0341426396162344,0.0775724915316895,0.0547152897492431,0.0090596526285417,0.0203816838934863,0.0219861424620344,0.0439168476674831,0.0495255089866082,0.025687775808044,0.0275173788795917,0.0238233176648148,0.0101843255634833,0.0057481106041434,0.0377398343348635,0.0592695531901706,0.029321651863457,0.0171577756482955,0.0157891332171009,0.0511241131464212,0.0386704654811538,0.0111606639503366,0.0280260639984932,0.0432903655808223,0.0084038888962892
76561199836896572,0.060345306534308,0.0810766525451543,0.0,0.1204772569861584,0.0,0.0064117750653425,0.032648406965618,0.0533441291087095,0.1143416734886789,0.0265837843102418,0.0543609816873727,0.0,0.0,0.1078262954810594,0.0064294184556548,0.053563537299061,0.0340954471294035,0.0,0.0200326822150737,0.0,0.1018596068737146,0.0472139171687785,0.0205024726504589,0.0,0.0194347506377652,0.0,0.0068119012114169,0.0,0.0068119012114169,0.0258281029746118
76561199870547222,0.1156750327522549,0.0783409121162933,0.0498505687381067,0.0431514951935064,0.0156109644708599,0.07100756013675,0.0285081985439924,0.0395419967305806,0.0102348452806607,0.060583507806623,0.0526429472182692,0.0459475031913176,0.0699768268573675,0.0125558992560245,0.0147566113952283,0.0052222499341239,0.0224602346515332,0.0085742297735941,0.0352915934233311,0.0191879630037222,0.015741941304979,0.0127428832601096,0.0517768815311285,0.0526593624917633,0.0073409599495058,0.0,0.0085116243741623,0.0,0.042192749693307,0.0099124569209035
76561199872409865,0.0841506515749921,0.1105594428511983,0.0690221878920845,0.0475753265475204,0.0176813869329855,0.0464194693690522,0.028379137015075,0.0603533621913056,0.0440850448656361,0.0469230110411218,0.0535580679143688,0.0201050586471226,0.0136088888499065,0.0515701232877554,0.0232957330170888,0.0647340925634954,0.0093565732803427,0.007787017411644,0.0215005977987411,0.0095961330356666,0.0344848840435265,0.0259200773673008,0.0136088888499065,0.0239707152238471,0.0293173500845612,0.0178411018127587,0.011556863110106,0.0,0.0050514182687025,0.0079873951521857
76561199873886387,0.0561198214320323,0.0577140426637118,0.0443225054886791,0.0705120536288779,0.0313207688315235,0.0516821555291314,0.0321636916012535,0.0590852551246907,0.0531794655077556,0.0302063442969359,0.0491461230302733,0.0231113017955546,0.0184054749456921,0.0397385619907374,0.0284639644049425,0.052014864784391,0.0300053940603185,0.0139128555997331,0.0359921569056193,0.027688267948133,0.0366240968025361,0.0291031642906257,0.0103334998062518,0.0148963201395253,0.0310031853573443,0.0254211486317489,0.0098551235903843,0.0205919465807034,0.0,0.0173864452308922
76561199875437136,0.0754645102455384,0.0376108677023177,0.0616434286855092,0.0521428679659498,0.061604616834476,0.0879024228559587,0.0240289707290453,0.0302436444473768,0.0181258449697108,0.0572817546358246,0.0084239034407431,0.0325598439238347,0.0271838910085831,0.0262210194029324,0.0459530389713766,0.0311938015797204,0.0136875533864019,0.008945178014393,0.0681237809053222,0.0373415923121847,0.0060954474383327,0.0275216204121012,0.0184038102285185,0.0633214509012699,0.009188279183296,0.0290336549271673,0.0026342806536625,0.0178901570212583,0.0139075408565087,0.0063212263606841
76561199875754390,0.0879539804237327,0.0219313721429836,0.0323142335132562,0.1044224834584692,0.0342816258742882,0.0311666533845037,0.0428385315709179,0.0341548434946496,0.0897654052324254,0.0303619281042008,0.0184962010748119,0.0299643016249119,0.0005801665136114,0.0657423233873952,0.0796950902210188,0.0429125315053289,0.0063658066748845,0.0066604578438719,0.0351322593675045,0.0144835941531265,0.0297489296843835,0.0350596213861963,0.0102473691769586,0.0034365253802399,0.0206764843361015,0.022912722552375,0.0007414566618514,0.0084255594338577,0.0,0.0595275418221417
76561199879374518,0.0941992424455153,0.0767379724259043,0.0703146453885263,0.0436040663768168,0.0234664945796893,0.0854243355305307,0.0286730281894493,0.0280047029199324,0.0262266025197354,0.0531485416289933,0.0715715052645986,0.0071018703236347,0.0311486499868419,0.0262266025197354,0.0258349154263476,0.0227181291424681,0.0291766420306714,0.0317132789966812,0.0460695126887251,0.0054297900583902,0.0234508802024692,0.0404022705890794,0.0357710777719119,0.0,0.0137985290335681,0.0,0.019736801285914,0.0053406652853867,0.0054297900583902,0.0292794573300918
76561199882387137,0.0519662174992049,0.0599610688033471,0.1002994682359251,0.0270012725153109,0.0289957283222081,0.0653944593412552,0.0138569837694205,0.0207675195917306,0.0270012725153109,0.0218412333610175,0.0610149458857647,0.0238022016277402,0.0565466828645752,0.0270012725153109,0.0073026321541913,0.0147577098188549,0.0220017474586181,0.006949872300551,0.0221373889334489,0.0498893393687002,0.0541288195547441,0.0483543350599447,0.0171879450637849,0.1012098369080135,0.0142362433112985,0.0130479318223322,0.0064284057929946,0.0304890598114055,0.0064284057929946,0.0
