steamid,tag__Atmospheric,tag__Open World,tag__Story Rich,tag__First-Person,tag__2D,tag__Great Soundtrack,tag__Funny,tag__Sandbox,tag__Shooter,tag__Exploration,tag__Third Person,tag__3D,tag__Fantasy,tag__FPS,tag__Horror,tag__Survival,tag__Sci-fi,tag__Puzzle,tag__Difficult,tag__Cute,tag__Realistic,tag__Gore,tag__Character Customization,tag__Anime,tag__Building,tag__Pixel Graphics,tag__Family Friendly,tag__Colorful,tag__Management,tag__Comedy,tag__Violent,tag__Tactical,tag__Psychological Horror,tag__Female Protagonist,tag__Relaxing,tag__Classic,tag__Action-Adventure,tag__Crafting,tag__Physics,tag__Choices Matter,tag__War,tag__Moddable,tag__Sexual Content,tag__Action RPG,tag__Dark,tag__Arcade,tag__Base Building,tag__Retro,tag__PvE,tag__Resource Management
76561197960612825,0.0528401158511493,0.0592153012834468,0.0374184347374995,0.0377528639597564,0.0,0.0375451541336534,0.024864492851021,0.0374525594275783,0.0163341880376215,0.0658042424520848,0.0378521557067611,0.0231158360166793,0.0299728966792815,0.0327164082812663,0.0318080579144272,0.0409841964112326,0.0396107313682959,0.0101636049468415,0.0140744035868379,0.0099191494487336,0.009608640144078,0.0117645810613215,0.0366826763074975,0.0,0.0295684067723647,0.0,0.0160779077599813,0.00386426649825,0.0089281377682104,0.0054640116171822,0.0245794676346943,0.0,0.0125289695069309,0.0060484277532188,0.0,0.0049277387742877,0.0143022473578027,0.0256328996349295,0.0080425238620092,0.0198343276079102,0.0049277387742877,0.0109761665275065,0.0049476641140709,0.0147525385537602,0.0171700558780092,0.00386426649825,0.0340131794377565,0.0054640116171822,0.021563988513769,0.005020366930569
76561197961222873,0.0584987121505981,0.0532512865087691,0.0243026372731571,0.076631538849698,0.01133792077759,0.0191350117705188,0.0,0.0376681467778666,0.050204838384526,0.0480793085822485,0.0320921369062671,0.0213809543841683,0.0086173982874276,0.0477103089032124,0.0341742982386732,0.0501863934542003,0.0339471841584853,0.0097145306172917,0.0263954128958993,0.0097145306172917,0.0285452403914474,0.0231167178218996,0.0040685089803182,0.0158978878226503,0.028718839968941,0.0067890314704806,0.0045488893071094,0.0051656413101823,0.0,0.0,0.0113589626388409,0.0288610071055449,0.0057003703455893,0.0,0.0,0.0224182416650755,0.0185182570357736,0.0417366557581849,0.0058686091136107,0.0,0.0153285175582895,0.0106423900836219,0.0,0.0067890314704806,0.0067577088155716,0.0170207001570648,0.0212024874813725,0.0067890314704806,0.0058686091136107,0.0052461135759679
76561197961774441,0.0401395544650993,0.0603529880182909,0.0432960506734396,0.0362900965328254,0.0068574248071129,0.0200637504769921,0.0072538305180249,0.0273752401789198,0.0304287073753841,0.027156475547752,0.0402888649780835,0.0129027677317775,0.0651258831296732,0.0166615547002543,0.0197951027666225,0.0203580298690021,0.0201410572998045,0.0,0.0384250460434395,0.0,0.0379548332640352,0.0282905009337824,0.0727145410122334,0.0,0.006624522760013,0.0,0.0064510126999414,0.0,0.0073045405759075,0.0,0.0266069709462264,0.0297350179097047,0.006451755031836,0.0140398312885182,0.0,0.0,0.0064859229276735,0.0138721069413286,0.0,0.0503312012070829,0.0237956041117356,0.0311554766973105,0.0365681262186579,0.0283149790157109,0.0133091798389489,0.0,0.006624522760013,0.0,0.0204569287468401,0.0
76561197964052205,0.0514313129142864,0.0750018860987722,0.0166471996026133,0.0919791883815971,0.0,0.0130856769260069,0.0104677720039908,0.034323993989294,0.0673936347589974,0.0377639717831348,0.0220601729392672,0.0163781826951777,0.0043320885871593,0.062306588922797,0.0196292005078111,0.0439173039269405,0.0161321401905606,0.0,0.0116437269249374,0.0,0.0492354231006379,0.026875435739918,0.0323503999334838,0.0,0.0247764135106046,0.0,0.0145193124489137,0.0,0.0044014241964594,0.0154237052323297,0.0182015742111342,0.0149463553254986,0.0,0.0054965220982351,0.0,0.0110970439856997,0.0275758142073266,0.0350018481478489,0.0,0.0,0.0077078076856197,0.0135081629899219,0.0058003553043021,0.0196276074550166,0.0063917932112592,0.0102130124956441,0.0238129089345772,0.0,0.0385430386322235,0.0
76561197964909627,0.0227553003248618,0.0411381432355621,0.0252574165013029,0.0185574134714204,0.0652347299519622,0.0314823232413052,0.0111025813548833,0.0425456051677269,0.022705308358344,0.0318909880276427,0.0236087081321393,0.0243195410237789,0.047831436329367,0.0139042949586527,0.0,0.0481871570456941,0.0279237950505111,0.0344166928332199,0.0229891368366178,0.0055065359133401,0.0,0.0098705139859641,0.0335355614627415,0.0103486611952991,0.0401012290417248,0.0207188989178096,0.0319203298057058,0.0208177484508224,0.0140290639442635,0.0045596833124426,0.0098705139859641,0.0280549049766986,0.0,0.0045045734593149,0.0208079488131235,0.0172184041425252,0.0044712788660887,0.0231816026579706,0.004390490246626,0.0045045734593149,0.0070964296970554,0.0193364654774804,0.0,0.0378927571161413,0.0,0.0122917252497021,0.0256317165489604,0.0,0.0171637540046874,0.0163240634232385
76561197970412468,0.0561853067283484,0.0680514857850013,0.0298556362002209,0.0730265947353261,0.0,0.0209434496710772,0.0090855269043977,0.0379369348922245,0.0728087331310124,0.0379021468131622,0.0176775276798317,0.0093875195458999,0.0129862686479531,0.0728087331310124,0.031743739185153,0.0452069374178865,0.018252302847367,0.0037889012654954,0.0352982208397316,0.0,0.035621713123078,0.0166420706160505,0.0347390280250478,0.0,0.0118359287398576,0.0031980474425436,0.0,0.0,0.0,0.0109412151430856,0.0124630994686295,0.0502856988424956,0.0089442206081426,0.005564830898987,0.0,0.0089468059453839,0.0,0.0272807520824808,0.0,0.0059909024842538,0.0334029997674587,0.036154235211546,0.0059909024842538,0.020483998315761,0.0026655089446285,0.0,0.0066182837452921,0.0,0.0092837926899206,0.0
76561197970935355,0.0590218859191889,0.0707019527266789,0.028501605657955,0.033935238173916,0.0168586324851088,0.0308098180520488,0.0155135504721013,0.0400069697704064,0.0297197543046245,0.052161214346553,0.0432311955889596,0.0122601158716515,0.0123148728224001,0.0221297350017838,0.0169290792765677,0.05650074017827,0.0467940440129307,0.0050307086895274,0.0362465012502433,0.0053068884412426,0.0127226844650559,0.0,0.0371117774415355,0.0,0.0283986812937367,0.0,0.0123148728224001,0.0,0.0166729219296319,0.0053659687283408,0.0239821008483878,0.0159294156553966,0.0,0.0,0.0,0.0,0.0168282085759832,0.0335521812085309,0.0,0.0050307086895274,0.00544226904129,0.00493581730724,0.0,0.0407883665035911,0.0165923958782416,0.0,0.0335761458192496,0.0,0.028382299455964,0.0283986812937367
76561197975515451,0.0689700543228643,0.0798699589626367,0.0287418768118455,0.0325292151316152,0.0256504907190677,0.0289318732250888,0.0,0.0488332041369517,0.0234628750838896,0.0557054028989916,0.0374353897716917,0.0056224338051863,0.0199089544435761,0.0282165337704871,0.0096228008824049,0.0679852377233863,0.0456450869847216,0.0042739325114225,0.0242766763636054,0.0048826653756083,0.009258541451661,0.0,0.0300742185950512,0.0096717822941103,0.0396663983776181,0.0111709942475319,0.0098963663166088,0.0042594249073894,0.0161039479851284,0.0,0.0099538069149668,0.0144952635773834,0.0043345949882528,0.0098032356183163,0.0,0.0,0.0042739325114225,0.0436174735323774,0.0,0.0188666713734141,0.0,0.0119291136345206,0.0055194720299278,0.0151344621262033,0.0131886782346996,0.0,0.0394270796044581,0.0,0.0226859307687872,0.0161039479851284
76561197976062269,0.0624147977822832,0.0118432083602076,0.0446584617982956,0.0185164211807111,0.0448414896641326,0.0515293426829543,0.0121090676233436,0.0062738672369842,0.0251737768102886,0.0143034660919588,0.0254536409473587,0.0184081076581692,0.1003382647216267,0.0122425539437269,0.0185094644945747,0.0070960224802022,0.0126426128375904,0.0,0.0630083024330946,0.0058352003863594,0.0,0.0199983259461525,0.0332613815098423,0.0064755601725988,0.0141200308052684,0.0248350318445431,0.0060468579081982,0.0078356721668543,0.0075334024077641,0.0,0.0186894707457886,0.0565562622349602,0.0,0.0,0.0,0.0126426128375904,0.0,0.0,0.0062738672369842,0.0213343130789138,0.0392713682319957,0.0282237095534507,0.0071845058061587,0.0368705481732799,0.024523319492701,0.0133853382279379,0.0198171942666239,0.0068608384999875,0.013620784920751,0.0194415347977906
76561197979876290,0.0732856971778517,0.0556018556400104,0.0642059688630394,0.0,0.0,0.0636125714783563,0.0226675271851617,0.0482557647823584,0.0062280943509726,0.0380574945665381,0.026359446132908,0.0263040806549448,0.0385225231976221,0.0,0.0,0.0219730203250121,0.0112971216545435,0.012212864773025,0.0050766168638364,0.0071055575038832,0.029773084689045,0.0062337791697983,0.0385225231976221,0.0,0.0533323816461948,0.0,0.0357578551110973,0.0140342877792699,0.0585285275309743,0.0,0.0169020882800013,0.0,0.0051961458847795,0.0116599101092578,0.0211398452831532,0.0067824211499034,0.0312922465163537,0.0,0.0,0.0496735374420491,0.0,0.0086332394058918,0.0076889685706071,0.012429604868607,0.0110613872858888,0.0,0.0160977211777361,0.0,0.0,0.0444942397517044
76561197984511411,0.0626898936146496,0.0488591314554247,0.0298123808536328,0.0746002962733512,0.0169130477859344,0.020142293435449,0.0279820365141618,0.0371833223045334,0.0685431277496463,0.0320207590867502,0.0105206675652135,0.0056802049176787,0.0111591695233109,0.0746002962733512,0.0142440870770393,0.042873020906577,0.0574899690614126,0.0103799903137328,0.0266783306724838,0.0,0.0212232260245036,0.004672475563489,0.0271733519286699,0.0,0.0272769935905874,0.0169130477859344,0.0,0.0,0.0060196239445403,0.0216285638452327,0.0,0.0227605638126446,0.0,0.0058115495461886,0.0,0.0196532987577801,0.004672475563489,0.0366190061827665,0.0158662100354339,0.0053426729392516,0.0110328353216482,0.0312559136045314,0.0053426729392516,0.0058164965840593,0.0050748134289369,0.0,0.0060196239445403,0.004672475563489,0.0167604597641563,0.0060196239445403
76561197986853412,0.0732524379542865,0.0787238123986625,0.0617617026475627,0.0402854895717812,0.0049767813747909,0.0519357528997447,0.0,0.0454250735455565,0.0295210054764223,0.0429567169791921,0.0531573246494184,0.0115332485341894,0.0388286571748475,0.0283994061098915,0.0202868668769868,0.0479334983539831,0.0393630606146194,0.0,0.0113759019001972,0.0,0.0358926674677655,0.0198241791872586,0.036826021780997,0.0101960807791051,0.0205265575425944,0.00498946984227,0.0064791352924824,0.0,0.0,0.0,0.0311982147313912,0.006673996470689,0.0094566984133701,0.0065699698520832,0.0,0.0114667364597979,0.0150905181222808,0.0149741604384361,0.0,0.0100940434483566,0.0,0.0183878722752027,0.0,0.0351254164301562,0.0161306948840592,0.0,0.0103808295195697,0.0,0.0,0.0
76561197989427343,0.0490551639321687,0.0316641950545579,0.0144922779091857,0.099612716584269,0.0,0.0266305554711473,0.05371161818617,0.0598646870189043,0.0724994071443204,0.023617998158335,0.0266986172154484,0.008002982601203,0.0142287968811879,0.0711278471431688,0.0176152024769934,0.0328597876455969,0.012427849330609,0.0040515994864654,0.0270112670478969,0.012137044484904,0.0239088367020075,0.0039801357422749,0.0142287968811879,0.0067853487414774,0.0219575713043148,0.0,0.0,0.0087450492854454,0.0042246656264244,0.0241665225646476,0.0075846199861745,0.0456149809587825,0.0036633201823388,0.0095297574785548,0.0,0.007852818014216,0.0040515994864654,0.0266227053840707,0.023720092953803,0.0,0.0176323397198671,0.056824527011234,0.0,0.0142287968811879,0.0,0.0,0.0040585269354538,0.0,0.0090847087611129,0.0042246656264244
76561197990751243,0.0556240958005317,0.0473555198830175,0.0618109084937396,0.0416976366597998,0.0225374033759628,0.0569793663380442,0.0254394284088729,0.0378829228638137,0.0421960613594613,0.0157331633582277,0.0206910530825358,0.0228392583039474,0.0648387862449323,0.0315446568387298,0.0099563878068952,0.0048766379500709,0.0376388062567422,0.0057231011363027,0.0121634138221151,0.0053083131812604,0.0063007741636841,0.0099576037881454,0.0418652738731594,0.0117728494323328,0.0144233522850065,0.0048629368930348,0.0053083131812604,0.0,0.0087002511487037,0.0155569396853322,0.0051249791278288,0.062325059202773,0.0,0.0256343234659003,0.0,0.0048493315655786,0.0,0.0055826289919248,0.0107364502217402,0.0256836249676253,0.0364727928874721,0.0295266447110712,0.0099842202517953,0.0051396307356324,0.0104030633429735,0.0,0.0064645362510723,0.0,0.0204874986609482,0.0
76561197991266305,0.0405695584782772,0.0593083432737667,0.0162031831547443,0.0560898982346446,0.0111568784301267,0.0324394274114697,0.0355045869469187,0.0264649218381513,0.0453608367925577,0.0204917308016446,0.0496276750920316,0.0258557543641399,0.0328378171262743,0.0416933105694581,0.0068723029529772,0.0231138069414086,0.015768243786733,0.0,0.0349653751743327,0.0121982267111027,0.0353178877828928,0.0322773823442812,0.0652272338018011,0.0460720758927466,0.0058239096926255,0.0089866588182462,0.0064896535226772,0.0,0.0133665668437566,0.0086025883349443,0.0283382214867322,0.0267138813273328,0.0,0.0075211874597561,0.0,0.0,0.0,0.0058239096926255,0.0047096669469715,0.0,0.0158238838132761,0.0251104928443567,0.0197682431902545,0.0328378171262743,0.0,0.0049212303749709,0.0058239096926255,0.0,0.0139217209300909,0.0
76561197992664926,0.0404642570066145,0.0453973000279176,0.0237980663649954,0.0816143294459265,0.0084699935339208,0.0419485651268535,0.0253977948214131,0.0324759897932015,0.0934115728793945,0.0151126432122497,0.0345898825598119,0.009061013083965,0.0,0.0739343335318324,0.0,0.0166459149241109,0.0164144282658049,0.0,0.0170752201964569,0.0,0.0513501798672121,0.0342560833023464,0.0083133585097734,0.0,0.0081010697560314,0.0,0.0,0.0,0.0081010697560314,0.0236386125551459,0.008474627204288,0.0508480015132292,0.0,0.0083133585097734,0.007241657714017,0.0244173501181918,0.0073836380991905,0.0082756093675893,0.0233352958772326,0.0083133585097734,0.0447877988478276,0.0252149034458438,0.0073031155100022,0.015696996608964,0.0,0.0073273599044626,0.0084699935339208,0.0,0.0184541934247296,0.0165710632899523
76561197994874800,0.0443589647822705,0.0406233582073452,0.0056994355516997,0.0627090777844607,0.0176229638673262,0.0467899985149778,0.0380530180387054,0.0303833506286221,0.056073782024129,0.0172695213565284,0.0310400890947925,0.0122468584996064,0.0242072707992268,0.0496299503744738,0.0241356758500992,0.0371126506843416,0.0158593220478849,0.0,0.0599245572452793,0.0061991902854786,0.0145340750860121,0.0179364855646206,0.0198131174875064,0.0122078689911383,0.0160041555426791,0.0116665638010964,0.0,0.0,0.0061895324229109,0.0174863618185979,0.0122732226334966,0.0353109587396866,0.0070837378352889,0.0122078689911383,0.0,0.0120074594427664,0.0,0.0110938416183672,0.0160951882972176,0.0,0.028760144629371,0.0463433467696104,0.0070837378352889,0.0304587397241353,0.0,0.0177001790501353,0.0110938416183672,0.0,0.0105210040404073,0.0061895324229109
76561197995444569,0.0396402385162185,0.0258309577229064,0.0413371729302443,0.0196530467488657,0.0339206694147676,0.071329041114988,0.0059576937646454,0.0674870199318954,0.0053901838559945,0.0,0.0206470011031726,0.0117743220662959,0.0525353502745383,0.0053901838559945,0.0115504462146898,0.0112800394505775,0.0306893818286242,0.0,0.0411552482068948,0.0059576937646454,0.0079423600856235,0.0053663118888832,0.046805380224772,0.0,0.0051839566197338,0.0110901837495002,0.0063841382103014,0.0063147288984542,0.0465892349061505,0.0,0.0234382524259896,0.0633608251290003,0.0,0.0054197112250364,0.0055422466675962,0.0115352506227023,0.0,0.0,0.0,0.0245251806639324,0.0670126177652374,0.0727246520837873,0.0130252402316907,0.0233299900980681,0.0055927524500443,0.0110901837495002,0.0051839566197338,0.005547937081904,0.0124737200094275,0.0129954978269699
76561197995730646,0.0808240537041555,0.0390773991198833,0.0690089361331692,0.0478317713069285,0.0227093777504351,0.0503696243894393,0.0095269976090015,0.0,0.0665934186801491,0.0169335864228323,0.0203390251665672,0.0141788952295598,0.0049026899326169,0.04363273700986,0.0519304489661215,0.0532090564390067,0.0399795719113912,0.0111086956574596,0.0386635081657111,0.0,0.0125254704289948,0.046952991260109,0.0,0.0,0.0072159689277927,0.0079361604426445,0.0,0.0138930013881462,0.0,0.0,0.0326333579116933,0.0110220102909257,0.0196332539372153,0.0188536060182922,0.0,0.0170067297285665,0.0155166834520249,0.0,0.0049150440922872,0.0124093173010013,0.0146892005748933,0.0123882757393878,0.0051825702530532,0.0186118535701128,0.0188613545837035,0.0047309115649914,0.0072159689277927,0.0047195183505709,0.0050509887337181,0.0072159689277927
76561197996331680,0.0750807094346828,0.0850760724734333,0.0467759572023041,0.0312038626153482,0.0157179210688752,0.0533534192227959,0.0126417352215067,0.0259211785624233,0.0410158253448617,0.0431326388868883,0.058615165650911,0.0138031196043175,0.0418647509924869,0.0312038626153482,0.0,0.0312866906844889,0.031142205257241,0.0,0.0554928764435416,0.0047762019434371,0.012258067405918,0.0049127720453156,0.0533808383073206,0.0,0.0109417191254381,0.0109417191254381,0.0064803500193184,0.0,0.0052113575296065,0.0076390601277447,0.0210230607714133,0.0248411697151004,0.0050882096251231,0.0095986189074884,0.0,0.0,0.0,0.0283000825832458,0.0,0.0,0.0073227695849991,0.0052113575296065,0.0047840055091439,0.0437999218890364,0.0200187085845739,0.0,0.0052113575296065,0.0,0.0097193033300628,0.0052113575296065
76561198000672368,0.051922704463088,0.080380223533267,0.0929804101692576,0.0302269816544529,0.0,0.0458374948228635,0.0174398639588996,0.023512428372581,0.029925597523504,0.0468626053724645,0.058226340180684,0.0109674790901637,0.0521065581657924,0.0238138125035298,0.0,0.0285619185245728,0.0347488873984107,0.0064601929409187,0.0,0.0054319615642474,0.0117359175709623,0.0184260286428915,0.0699208489423166,0.0167243230864943,0.0,0.0,0.0064601929409187,0.0,0.0,0.0053192246183518,0.0174313898850078,0.0053976119847841,0.0055165445018414,0.0166214906094132,0.0,0.0111295272850576,0.0174373278144753,0.0109674790901637,0.0,0.0419283052766547,0.0,0.0118384706288951,0.0186871534243078,0.0577194398917485,0.0173332635670161,0.0,0.0,0.0,0.0,0.0
76561198001075422,0.0693096396727582,0.0631041457174204,0.0390186585881182,0.0559785579360268,0.0,0.038071884366935,0.0047046928123941,0.0189634312664015,0.0796467492751965,0.0355198988604638,0.0353857916401284,0.0131427839340305,0.0046149694503617,0.0559785579360268,0.0259884928944934,0.0443998312922986,0.0436278156405328,0.0042312671764045,0.0191213043146077,0.0121420504255831,0.0274021779809978,0.0236694623825275,0.0147844199678027,0.0,0.016337466388938,0.0042564726861545,0.0139023159191461,0.0213835340742458,0.0139023159191461,0.0103009900429545,0.0234342118003369,0.005800850647657,0.0094770807884715,0.0095930674845986,0.0139023159191461,0.008974151272753,0.0099832342333612,0.0232808202686161,0.0042312671764045,0.0043675312745519,0.0110938510760491,0.0164073527679863,0.0,0.0093543299021795,0.0092383432060525,0.0,0.0041954159633549,0.0042564726861545,0.015992943995008,0.0075270809752213
76561198001198569,0.0419803013287292,0.0613974614879524,0.0038414698471593,0.0500481128448412,0.0195516159198639,0.0050313167963159,0.0050313167963159,0.0638114053728475,0.0596839487015114,0.0218338088178058,0.0340708331551439,0.0083846708324608,0.0081667069182096,0.0478507147264628,0.0360793433030843,0.0895770471763612,0.0057279978502371,0.0,0.0337927192083404,0.0050313167963159,0.0461287493345118,0.0247628896131597,0.0259875540257345,0.0049515899884558,0.0354607565072932,0.0043121934248331,0.0087722409006528,0.0,0.0033533540361448,0.0,0.03289141656089,0.0351865961486788,0.0,0.0136336163397071,0.0,0.017007427774226,0.0,0.0400613936971552,0.0,0.0,0.0241074557068396,0.0253008596446786,0.0,0.0081667069182096,0.0047944405576666,0.0,0.0312927855614437,0.0,0.0095825113436137,0.0033533540361448
76561198003022602,0.0572227377632442,0.0640244857036674,0.0336032049245877,0.0264238788334067,0.020990121869318,0.0519482569281647,0.0098725560490059,0.0767863691246049,0.0095147891761875,0.0370399227608994,0.0243868365769009,0.0050744273665107,0.0250923496552637,0.0107577592570896,0.0271233188948936,0.0404695200070794,0.0163310849619003,0.0045778996226624,0.0235301218472799,0.0,0.0100326147900839,0.0,0.0374419636657922,0.0,0.0313613514206322,0.0045721552116583,0.0,0.0,0.0321504574205386,0.0098725560490059,0.0,0.0488079824642549,0.0,0.0,0.0,0.0291396623545023,0.0045778996226624,0.0066149418791682,0.005085836440214,0.0153639735574166,0.0380480822889693,0.0805543237497913,0.0204384009239274,0.0144098232761903,0.0146319058227876,0.0,0.0116582414555324,0.0045721552116583,0.0,0.0158960310725456
76561198006572540,0.0359351939322017,0.0906883494067658,0.025512015563784,0.0383047710632465,0.0,0.0271366046403889,0.0095782178158251,0.068594466258344,0.0124871053654489,0.0626131414167543,0.0335959488009715,0.0167058016708825,0.035661345351112,0.0251749598743356,0.0144670753713007,0.0678281698348846,0.0295066266600896,0.0,0.009262603857383,0.0,0.020224215040982,0.0144173168938385,0.024112581376994,0.0184385953530465,0.0535703892562731,0.0,0.0,0.0086030093662636,0.0094320702362394,0.0048447620548488,0.0098251754842216,0.016609525107926,0.0,0.0039841774015705,0.0,0.0039841774015705,0.0168185822691955,0.0487362640559173,0.0092110739153214,0.0041849386970356,0.0159982573628246,0.0089036107976981,0.0,0.0311642791472459,0.0,0.0,0.0391644733074133,0.0,0.0347201285898533,0.0
76561198006847070,0.056405764990225,0.0619659027594408,0.0114431418104138,0.0853916090545054,0.0035603710455434,0.0150035128559573,0.0396775366082677,0.0509073550608675,0.0450049460136668,0.034597570980112,0.0414847827270097,0.0193073077237974,0.0169463271270714,0.0404166832886599,0.0037272475103559,0.0133636366818536,0.0098438396466739,0.0050748098184029,0.0228877112914684,0.0022791892534331,0.0535410227345079,0.01391592329259,0.0514562493446227,0.0,0.0109574665763803,0.0,0.018312859868023,0.0105822968334223,0.0025720827468332,0.0156039954029828,0.0095764730246068,0.0269895737678852,0.0083031075799891,0.0,0.0107936180260486,0.0,0.0069985957799493,0.0104547424998808,0.0337400258483542,0.0034787987447696,0.0226016710209885,0.0360178114056604,0.0171183071038887,0.0140102700398757,0.0039988883775055,0.0204056816722507,0.0035197970351796,0.0022791892534331,0.0104547424998808,0.0030275632727634
76561198007100949,0.0715434900045653,0.098449398563705,0.0519041484367031,0.0233006126521043,0.0053549020701975,0.0371964068704244,0.0,0.0444776945270175,0.0054119380983505,0.0573736299789325,0.0639265958954709,0.0187793074177694,0.0560893000602836,0.0054119380983505,0.0,0.0266183396963994,0.0105435294900859,0.0,0.0302090143362706,0.0052484707067634,0.0059521373626885,0.0050598687217537,0.0821100134076358,0.010814164696022,0.0212064015980488,0.0053549020701975,0.0076293521316125,0.0,0.0,0.0,0.0239051238799372,0.0051315913917353,0.0,0.0050598687217537,0.0,0.0059429557621137,0.016109412197819,0.0271292192376017,0.0,0.0168054764457156,0.0,0.0173484752894157,0.0227282940852685,0.0602364505716793,0.0050598687217537,0.0,0.0158514995278513,0.0,0.0287262072760009,0.0
76561198008475336,0.0223454390383322,0.0320665829170464,0.0596988148623061,0.013141672701857,0.0542438650334022,0.0180842107729162,0.0051040420893406,0.0119834906705058,0.0057962601737708,0.0225920570487295,0.0321197513830043,0.0609973457703382,0.0902709113677254,0.0057962601737708,0.0,0.0061872304967349,0.0228635106264707,0.0,0.0126915968397737,0.0096836849285876,0.0195017146038822,0.013988977540214,0.0331558371241554,0.0352261906471686,0.0061872304967349,0.0617687829216564,0.0078802095300994,0.0262380226040859,0.0106167791530088,0.0,0.0081927173664432,0.0653012550453524,0.0,0.016761134309507,0.0051040420893406,0.0,0.0125705331602905,0.0176745752496311,0.0,0.0208467646440921,0.0097170643169583,0.0,0.0057962601737708,0.0493825420999749,0.0116066407935022,0.0145669112864381,0.012318020847873,0.0130537857454505,0.0368772813557551,0.0
76561198008608067,0.0669652552387716,0.0641063487457273,0.0241674493953193,0.0505231912443534,0.0,0.0396609856648913,0.0094264045907872,0.055342701035067,0.0157336754613294,0.0176480140154134,0.0529398018741286,0.0252372309445777,0.0200187123021649,0.0119986582152176,0.0041025101642029,0.0301427568794436,0.0296454241545801,0.0089572323533275,0.0,0.0048924010650762,0.0413192395422704,0.0078499211220632,0.0294296765784162,0.0037350172461117,0.0416584682451141,0.0,0.033549571702205,0.008747967752389,0.0447251872680805,0.0044821347907798,0.0181661716445376,0.0195912998916394,0.0,0.0086583827827361,0.0250475010827232,0.0052571478291591,0.0127328991105681,0.0123919801085198,0.0106087245963423,0.0095613320835538,0.0185183000972764,0.0462868307561732,0.0050862345210061,0.0183340973296451,0.0044750975625476,0.0038797583510272,0.0163288787353261,0.0,0.0040154120028129,0.0140540139225944
76561198008886047,0.0419255562919882,0.0530265095115323,0.0127231044389379,0.0629877094176799,0.0044323509817738,0.0235356325467936,0.0169697254114858,0.0616051978731697,0.050657706528458,0.0201882767085045,0.0227544277676717,0.0046297463005242,0.020354134754966,0.0424985535902873,0.0140321662448391,0.0489611474983316,0.0280752887369661,0.0032353236351297,0.0276605921608086,0.0088455195820142,0.0467276378308774,0.0127747918294387,0.034701995586891,0.0,0.0367404959922653,0.0044323509817738,0.0123399791109615,0.0113707530179518,0.0183301504385537,0.0104773877962661,0.0058476414957419,0.0349170826984687,0.0130288062786162,0.0,0.0133416149792794,0.0,0.0067901020837027,0.0237417502557525,0.0109694957307203,0.0046164612495815,0.0369093734767929,0.0325658158176859,0.0104641027453234,0.0119367088560811,0.0035547784485729,0.0,0.0077407735510994,0.0,0.0183035004464657,0.008277779319272
76561198009000791,0.0591310510752356,0.0573348792494643,0.007071252657762,0.0463443606850544,0.0,0.0515431478324957,0.0089810861686575,0.0787408543146941,0.0198946790359295,0.0,0.0239793642650657,0.0233689087246462,0.0056501556113738,0.0157845327399693,0.0,0.0136304682808087,0.0,0.0,0.0087132800822073,0.0,0.0681596616897179,0.007071252657762,0.0173003686054521,0.0,0.0505133201480939,0.0,0.0284865555661746,0.0,0.0811088495747113,0.0,0.0070898721264883,0.0383008566568101,0.0069165875278726,0.0,0.013205879149033,0.0202703626623769,0.0,0.0111465220069786,0.0056503276541809,0.0,0.0462893816927134,0.0795667660373195,0.007071252657762,0.0057583860102769,0.0,0.0,0.0322872798604314,0.0056501556113738,0.0,0.0479883413811051
76561198010613920,0.0586544200073951,0.0281683606751868,0.0423729972450801,0.0466995095972591,0.0228166763963977,0.0769905348644378,0.0095194041859799,0.0195184052955415,0.0627567453344447,0.0180407993973229,0.0352664967981198,0.0175784960824065,0.011083064451572,0.0578133503384464,0.0321839582210137,0.0243078064896425,0.0519043882591866,0.0051838541499816,0.0308549236408203,0.0039199694368862,0.0,0.0215264347215432,0.0341049663267943,0.0,0.0141233822747209,0.0136939391036108,0.0118832952909542,0.0,0.008827188597113,0.0039199694368862,0.0209364615835902,0.0280415196044935,0.0091038235868678,0.0092962705167663,0.0,0.022244560961282,0.0,0.0052961936776078,0.0040589660945707,0.0132162399536525,0.0276818568406662,0.0191787871747063,0.0067609652204192,0.0285055315777005,0.008538378547239,0.0096616301390984,0.0101838783266093,0.0135815995759846,0.0,0.0
76561198011617878,0.0752199562733602,0.044729718777702,0.0279196375669159,0.0453796398181752,0.0105707868710716,0.0332514594344601,0.0273537954449442,0.0328766387911742,0.0331819905312429,0.0324448469349247,0.0333133172935019,0.0272106772494881,0.0478533968632855,0.0328572623991326,0.0287464127541221,0.0379245513785136,0.0276190205576702,0.0,0.0250799516530268,0.0105707868710716,0.0119510636039469,0.0167282471675348,0.0515107215094026,0.0054695812736495,0.0101872325874552,0.0,0.0054362910312243,0.0051344958398472,0.0054237074999534,0.0098691963880129,0.0057177457408564,0.0178376438696882,0.0059882190956114,0.0,0.0,0.0,0.0294193369933226,0.0178709642309445,0.0049609361905733,0.012990209861183,0.0,0.0169560692466862,0.0064814823302973,0.0466836844044068,0.0241534570421253,0.0,0.0159049783283116,0.0,0.0392208883011815,0.0
76561198014439859,0.0212857569001054,0.0150378025297782,0.0094486385785625,0.0694486416015938,0.0420514957571727,0.0434772652831147,0.0153264510868907,0.0055073163951017,0.0580405347773037,0.0153788305891155,0.0049546214842129,0.0051907842838346,0.040405788690237,0.0632313190611384,0.0268739290781747,0.0095478358163976,0.0360499389538065,0.0150687157263934,0.0288198261352739,0.0,0.0051907842838346,0.0361144126356423,0.0128047513760659,0.0,0.0,0.0522744625714428,0.0,0.0,0.0,0.0104640954457909,0.0245519855057474,0.0057024610275796,0.0,0.0109958637547804,0.0,0.0962875918378282,0.0051907842838346,0.0057024610275796,0.0048623556410998,0.0,0.0201313124041756,0.0278410685708683,0.0051907842838346,0.0131946942228086,0.0102604101052968,0.0177116359175825,0.0048434819743252,0.1005844889174594,0.0049546214842129,0.0
76561198014489715,0.0528542511905751,0.0556902262576669,0.0339979671527287,0.0173968032116325,0.0399011878902398,0.0891232125462409,0.0298830116123266,0.0356091460886505,0.0173968032116325,0.0257262093341866,0.0166701275964504,0.0103055953879794,0.0078540040795669,0.0173968032116325,0.0,0.0088161235168834,0.0088161235168834,0.0078540040795669,0.0368467520669769,0.0188888991865876,0.0087762413543673,0.0084274378629748,0.0166701275964504,0.0113549581202615,0.0286891014866977,0.0205395107645242,0.0280211813948544,0.0,0.0694971056846691,0.0081479859278897,0.0084274378629748,0.0513278374699214,0.0,0.0,0.0205395107645242,0.0109745028140251,0.0078540040795669,0.0098328174488514,0.008580679694749,0.0185606973952397,0.0192889778047056,0.0418538825611268,0.0086032239148323,0.0249418854149926,0.0078540040795669,0.0220616514359343,0.0,0.0,0.0,0.0081479859278897
76561198014916777,0.0755804558183307,0.032722556737171,0.0767381670279562,0.0217443952127961,0.0429455242167133,0.0733044411791306,0.0214850143102411,0.0220570039825988,0.0110288049878763,0.0164406016043733,0.0111266516707274,0.0,0.0420844335814772,0.0110288049878763,0.0256876602441354,0.0333635696642555,0.0,0.0201816256046839,0.0384780636292886,0.0208174597100069,0.0173222689423583,0.0259624348839497,0.0104756405525877,0.0116098003581134,0.0109303523118713,0.0164432143088381,0.00992256615909,0.0058692305768447,0.0117196545575989,0.0156621562479366,0.0263070221816726,0.0167911944485335,0.0102679056029624,0.0207544943994068,0.011099311986757,0.0101084064454796,0.0,0.0217068685518953,0.0055041617087545,0.0381626547153091,0.006293463954482,0.0226625902643962,0.0055246432791218,0.021592365107462,0.0326289824515215,0.0052764539244525,0.006293463954482,0.0,0.0,0.006293463954482
76561198015886343,0.0621789722346102,0.0554805101765533,0.0232272964581342,0.0980602744861798,0.0130676478050961,0.0347835073148832,0.0452461131063301,0.0357621054089084,0.0899103084784239,0.0135752823158168,0.0136280474465389,0.0073122629020433,0.0178661014948117,0.0674489736116817,0.0137339214851105,0.0248169714085043,0.0305901863951646,0.0,0.0295031718134634,0.0,0.0200330050826859,0.0147887672528684,0.024249076152627,0.0092725400433758,0.0073855934493933,0.0073855934493933,0.0,0.0056820543557028,0.0,0.0263616573480154,0.0135880029492972,0.049704845025004,0.0066273245994532,0.0,0.0,0.0056820543557028,0.0,0.0170078091565452,0.0,0.0,0.0271821964095747,0.0275425011214051,0.013833642428068,0.0112387768953584,0.0,0.0118717432221263,0.0,0.0056820543557028,0.0186891080054442,0.0
76561198016615227,0.0527565300297487,0.0858356525079524,0.0354541423808404,0.0293967503537957,0.0117280085905561,0.0300013966056134,0.0117678590647681,0.0522202487756971,0.0293030380689616,0.0350948734340177,0.0398564204230736,0.0059302799255472,0.04038681474697,0.0359377449275528,0.02334223237702,0.0458635595739643,0.0230910605056472,0.0,0.0177055119733313,0.0,0.0057802814653935,0.0280381257276524,0.051843650248931,0.0,0.0293996514484732,0.0057807126090853,0.0117109925346326,0.0,0.0,0.0061174630322691,0.0282024257438402,0.0123294405955835,0.0,0.0113830257007742,0.0,0.0121134056631919,0.0110821902922617,0.0346189105978411,0.0,0.0226656893723557,0.0069091915245124,0.0185856203024587,0.0054477741547876,0.0341030674380065,0.0057411772319597,0.0061174630322691,0.023510997039591,0.0,0.0172360744207832,0.0056105455582869
76561198017488621,0.0458340467417355,0.0339433327736481,0.0281474785120508,0.039361069038465,0.0457563172856008,0.0421967218611669,0.0331098986858258,0.0288422806076134,0.0490810742599819,0.0379664574834256,0.0396394797542577,0.0043355380014488,0.0264739131593499,0.0436966070399138,0.0,0.0279786608365185,0.0419035008573002,0.0043746172655036,0.0203045847306847,0.010210001694394,0.0204925717110006,0.0133302347877883,0.0268734745427734,0.004768449098984,0.0288422806076134,0.0273526732343727,0.0,0.0076663668712728,0.0,0.020675082715569,0.0197543275386488,0.0226803017027843,0.0,0.0238787980151903,0.0102086167398402,0.033194024095485,0.0043746172655036,0.0236975721743753,0.0094589451926822,0.010506431061523,0.0,0.0299213551064697,0.0043355380014488,0.0042931051919438,0.0042686804968604,0.0047138007054298,0.0135412390625185,0.004909123313028,0.0100519511725371,0.0130548590054701
76561198021181507,0.0503776595524341,0.0471949317662887,0.0143207880563609,0.0626472531351049,0.0094478345564981,0.0427368921502464,0.027426555222313,0.07048686069863,0.0631243022733513,0.0285290608100809,0.028906502046507,0.0,0.0046868733246975,0.0532930945764148,0.009849028277586,0.0243455026373368,0.0367226339068265,0.0,0.004789506326332,0.0,0.042143319277936,0.0045524805760741,0.0342669641610356,0.0046672852339925,0.0262909858110392,0.0,0.0104902653767765,0.0,0.0158941155332691,0.01694616255055,0.0,0.0590197486558725,0.0,0.0047479658625053,0.0,0.0100301542215304,0.0,0.0048975596612098,0.0063528858777646,0.0047479658625053,0.0429776059064672,0.0646909564754858,0.0,0.0143207880563609,0.009849028277586,0.0,0.0096326360296687,0.0,0.0254812984420882,0.0091145488332718
76561198021642939,0.0213569100392725,0.054160406852195,0.0168016134345185,0.0502945409745032,0.0217860119667568,0.0058455175409135,0.0177430424838472,0.055666074982041,0.0165817380914501,0.0385350259493586,0.0114965050393016,0.0383103143428783,0.0403269563959761,0.0271172819063383,0.016293868645967,0.0603120400603044,0.0326050136541796,0.0,0.0250103492716062,0.0,0.0156458606369063,0.0229743184546315,0.0300575811371962,0.0,0.0385008917368258,0.0056859130456444,0.0,0.0,0.0113310442103766,0.0,0.0158841476694736,0.0320182577056832,0.0109551067600424,0.0105241155286832,0.0,0.0,0.0053440333306434,0.049116309780843,0.0064910684225106,0.0168016134345185,0.0049002546188168,0.0232285691533103,0.0113951569140955,0.0286179146603982,0.0155489921000516,0.0,0.0390297286525294,0.0,0.0333782543057623,0.0223276561096472
76561198022647651,0.046779050292406,0.0365582989173057,0.02021967912973,0.0468294455826414,0.0451484504151213,0.032565090997568,0.0316687226194849,0.051514995110556,0.0308039719554504,0.0098667542709262,0.0117321980699232,0.0140423825053721,0.0044995474055252,0.0223129149204002,0.0284177133789214,0.04467585968897,0.00541810558892,0.0328352867633347,0.0331281166694525,0.0146371090875639,0.0599375181116528,0.0449952793880213,0.0,0.0048008115780547,0.0290930042482001,0.0094584446100847,0.0189980225528308,0.0044995474055252,0.0093635783811967,0.0184135712986446,0.0414484389682267,0.033888094540924,0.0144637841054185,0.0,0.0,0.0166350250624279,0.0088112689893205,0.0194079952584624,0.0180811913104049,0.0,0.0142008367215716,0.0056397707172413,0.0157051846504929,0.0,0.0047614189860914,0.0039454727922767,0.0227709536144952,0.0040871750025766,0.0,0.0129399183362833
76561198023629256,0.0387745410879828,0.0460212006492687,0.0181071923845191,0.0679309737017704,0.0162900767611777,0.0181350976560876,0.0571875807474867,0.0547457029899225,0.0391333477440729,0.0201466425895807,0.0214219627160714,0.0101875734312967,0.0294532654678747,0.0326372076508967,0.0249441940331641,0.0129618995053781,0.0255289614922504,0.0029905106025132,0.00869217193198,0.0320855833422129,0.0339010514168548,0.0230358898459121,0.0254199857464913,0.0106166193212773,0.0142689156472704,0.0106440421945319,0.0227532203108301,0.0191378487754239,0.0,0.0333000488074468,0.0264366098775256,0.0170177133587689,0.0159989773893454,0.0075878565471806,0.0027378667572046,0.0044479495056418,0.0029770103146419,0.0098932705845628,0.0260490261314321,0.0074508133421852,0.0161911159537657,0.0345224698632464,0.0038532919637118,0.0100896267719724,0.0069561760365891,0.0,0.0033971304913867,0.0069561760365891,0.0206355277868611,0.0063480827358406
76561198024043746,0.060017300065935,0.0476027934832039,0.0324561135210576,0.0561735314955425,0.0044648937366891,0.040365424537999,0.0338870783685065,0.0608930661855004,0.0570623581395116,0.0264927771965563,0.0499738214945599,0.004186371855608,0.0,0.0534977588521387,0.027890870087501,0.0383535551891682,0.0243430842810359,0.0,0.0068399453969336,0.0,0.0306904681546036,0.0285482796719559,0.0199631477179064,0.0076015212813389,0.0334993804403503,0.0,0.0216144433187436,0.0080722174123692,0.0176965650541689,0.0268727155310824,0.024064666525269,0.0049906561979508,0.0068399453969336,0.008933365527441,0.004186371855608,0.0088912800380595,0.0037860627114125,0.0037764748253736,0.0158277368689123,0.0,0.004412477195846,0.0396358837222356,0.015052757482304,0.0151868882548776,0.0,0.0041641727535298,0.0119570267701962,0.0,0.0,0.0092347514040817
76561198025419566,0.0513526424090897,0.0349796913813111,0.0358744118117427,0.009863013596864,0.0741659054759787,0.0305905750555414,0.0615363352518179,0.0356682391562197,0.0048318039963618,0.0317642055200315,0.0124664427937419,0.0061934323091493,0.0109349693748294,0.0025608830052463,0.0236832935687199,0.0457843960860809,0.0141745259252158,0.0250428808912307,0.0288489310851769,0.034529799260616,0.0,0.0141693616227764,0.0149895361948644,0.0058239261329313,0.0317917451857355,0.0554319988150549,0.0310972344983623,0.0360675193192636,0.0105246944325071,0.0278921353931143,0.0117957900285286,0.0,0.0186973679290275,0.0163850247968435,0.0165479748443423,0.0112460459790111,0.006337871483601,0.0299037319260512,0.0067733580999501,0.0024212344316583,0.0039642998893532,0.0044501720707114,0.0157535113441938,0.0,0.0126198474837522,0.0034503545386834,0.0064413099379185,0.0245465406712,0.0,0.0060310349955962
76561198025420677,0.0519173395237218,0.0695713476999008,0.0255680894436604,0.0744994503624617,0.0105845594650891,0.0151781363988103,0.0057935257700309,0.0475591584021885,0.057506251897395,0.0491619445747523,0.0500757904205554,0.0499693216703236,0.0151372129802867,0.0535161304446909,0.0301676485961289,0.0212232362977903,0.0588194016731296,0.0,0.0229077214324512,0.0086663200843374,0.0129338054104595,0.0028989379668813,0.0151372129802867,0.0249583823689569,0.0076695423454943,0.0055469796946655,0.0,0.0,0.0076695423454943,0.0,0.0064926098092358,0.0129338054104595,0.0080104964234861,0.0115040459270846,0.0028727943143065,0.0,0.0049188621679473,0.0201017992938895,0.0044850868970939,0.0035936718423545,0.0145199543406722,0.0100348674435782,0.0196380355805708,0.0283537350204465,0.0,0.0055469796946655,0.0178815130168621,0.0055469796946655,0.0289277728727364,0.0
76561198025710872,0.0648043081796956,0.0760049974302015,0.0562858641748405,0.034774987604589,0.0348533022697362,0.0240964728553377,0.0203477963562987,0.0539800780637684,0.0151075017711256,0.0526255476468877,0.0103474978266811,0.0150477205426726,0.0248318262751389,0.0242211923714766,0.0046373590127241,0.0503969904449728,0.0395257057137077,0.0,0.0148580924871756,0.0045750117881448,0.0205159178705418,0.0047600039444444,0.0502964975257397,0.0045750117881448,0.0343564106533504,0.0242848290404485,0.0,0.0,0.0149271224527678,0.0,0.0047600039444444,0.0,0.0,0.004381115252261,0.0139716355554991,0.0,0.0093041589411116,0.0382591782550858,0.0055081066125415,0.0255003209073146,0.0,0.0301025051699634,0.0245697478346917,0.0153044704811958,0.0,0.0046165702412805,0.0194014979086205,0.004381115252261,0.0249015275531147,0.0
76561198026512221,0.0270665680130777,0.112081059410832,0.0083300550271411,0.0529938495278635,0.0,0.0173365084393118,0.0082119364878368,0.0846463132444393,0.0274454983044191,0.0507517034728226,0.0446117545935265,0.0089906890842361,0.0380860275173838,0.0410943778181928,0.0135069170513319,0.065590896993781,0.0255404581957133,0.0041189826275446,0.0139892365762593,0.0040686428885487,0.014573222443374,0.005382367670595,0.037306875463291,0.0082584737550771,0.0371122664126893,0.0,0.0089906890842361,0.0,0.0041275292713536,0.0,0.0148391487221683,0.0138022668981967,0.0,0.0041189826275446,0.0,0.0083731224803053,0.0051852916701371,0.0709566799606925,0.0042106053509903,0.0,0.0096589732989085,0.0137865025702622,0.009477456613194,0.0138788614827489,0.0048046292702698,0.0,0.0290055065738098,0.0,0.0224132739484855,0.0112757991574066
76561198027570687,0.0545749639515508,0.0910724980890974,0.0192705975500852,0.050282312061858,0.0140365149224319,0.0351239872628459,0.0047501064662561,0.0618352110869009,0.0181585149785938,0.047019415861839,0.0369487298542093,0.0137014199998046,0.0503690670415471,0.0170087082663403,0.0050209807164214,0.0392758775562579,0.022054789854993,0.0042556568619244,0.0323786485366098,0.0083345594901752,0.0279927341022358,0.0,0.0450257728773533,0.0039681261282466,0.0363086141745166,0.0140365149224319,0.0098570098181712,0.0,0.0095635460336648,0.0,0.0042957845303482,0.0094234247403904,0.0,0.0046697528127848,0.0100454937046969,0.0046697528127848,0.0,0.0481147008808355,0.0087524272120979,0.0040663436836437,0.0094234247403904,0.0366458330308791,0.0,0.0416041342719576,0.0040663436836437,0.0,0.0234586131737112,0.0,0.0136290436543583,0.0049100486011131
76561198028531972,0.0767830530446689,0.0472761883693192,0.0355220298372435,0.0305145205179094,0.0,0.0643364710522588,0.0108512143795588,0.0665438686639631,0.0087976806522439,0.0311101324012483,0.0303799914930573,0.0042176887211778,0.0524714601327563,0.0087976806522439,0.0044797114900789,0.0129109387167915,0.0199806747889567,0.0,0.0181017639828621,0.0,0.0162578897872656,0.0,0.0321883126043019,0.0,0.019631772293051,0.0,0.0099250634297752,0.0050983297810965,0.0371692648547841,0.0,0.0061798321591037,0.055304979179192,0.0,0.0096780294288765,0.0040939780434134,0.0312402375623016,0.0041789340513179,0.0089197203300156,0.0,0.0195749343518557,0.0610273244121405,0.0868135179152673,0.005964960045056,0.0213969849485496,0.0134415071317828,0.0,0.0085929695546265,0.0,0.0058223342988976,0.0144240549409883
76561198028843852,0.067711650911352,0.0952551447196811,0.04961759041436,0.0557896911278026,0.0,0.0500917290348671,0.0078871141907855,0.0449442966500141,0.0265722282397772,0.059192418634659,0.0470355967367098,0.0074562308244017,0.0435076999083554,0.013685827061175,0.0048872815872848,0.0195363804384518,0.0216849466524924,0.0064668431512423,0.0074562308244017,0.0,0.0328347111337056,0.0141924522181847,0.0516238411034949,0.0,0.0144089640167441,0.0,0.0139230739756441,0.0,0.0095216824294593,0.0,0.0270387542420991,0.0130148240608161,0.0,0.005516007373808,0.0,0.0105317118433069,0.0130684152867996,0.027543493808329,0.0095216824294593,0.0064668431512423,0.0050157044694988,0.0200533942727662,0.0064140952944166,0.032973303938102,0.0144659627425596,0.0156535341420891,0.0099029860567837,0.0,0.0175356609028757,0.0
76561198030076768,0.0445915123546059,0.0555701524186252,0.0391999304594339,0.0325204926129675,0.0413021197327988,0.0568336776592225,0.0103118430266154,0.0401526602048464,0.0380107452612798,0.0106440341405785,0.0274455750720516,0.0265196131160924,0.019111395834203,0.0272346750157433,0.0059909027462793,0.026850875667264,0.0109103684475527,0.0,0.0542057671206811,0.0279046747996864,0.0170000449020686,0.0119779602696161,0.0286068078925458,0.027816232730472,0.0216047236090405,0.0363145074660075,0.0,0.0170127533356797,0.0100024373818952,0.0052858175972242,0.0,0.0110129873787319,0.0055560854598388,0.0105371450878179,0.0182132274319001,0.0058829741122076,0.01792874050084,0.0284058492225323,0.0068011256134918,0.0066109412047548,0.0110129873787319,0.0166044552535642,0.0112728751205609,0.0297130727568703,0.0118760411946109,0.0171864994551727,0.0100024373818952,0.0053281643154645,0.0,0.0051220902559344
76561198030700598,0.0529189124439867,0.0862157561919985,0.0140428552472545,0.0680919181426807,0.0047767600646435,0.0247426375619398,0.0225890788769449,0.0658764958000053,0.0556657243636012,0.0416894092336262,0.0301259795283057,0.0,0.0280193161884829,0.0547761308037725,0.0,0.0361229598665837,0.0393850106724833,0.0,0.0180595278725363,0.0,0.0338858427645958,0.0044555072270575,0.0346220990426172,0.0,0.027496579426639,0.0043448560934977,0.0,0.0,0.0140845948396595,0.0116491065965613,0.0,0.0376767896550217,0.0,0.0,0.0043448560934977,0.0045120960023384,0.0,0.0313968431996794,0.0115984631988221,0.0,0.02818442858573,0.0415958283850971,0.0,0.0193284136690862,0.0,0.0,0.0108496023732197,0.0,0.0368756199880328,0.0
76561198033159937,0.0218254585903954,0.0579432914056988,0.016045534992139,0.0323750745741006,0.0272098534714819,0.0132669137848808,0.0272378283023005,0.0348462822242676,0.0360061388174234,0.0295181112771505,0.0318701820033698,0.0086064991599104,0.034818298317276,0.0257834865535243,0.0081248248726152,0.0631031221789078,0.0067401536212215,0.0132102826299513,0.0322907248091063,0.0132102826299513,0.0510925863009496,0.0,0.0315845224446405,0.025603736418471,0.0282546942036913,0.0106479384525216,0.0214093000873388,0.0067401536212215,0.0147906054779638,0.0132102826299513,0.0,0.0320067176935072,0.0,0.0072873920511276,0.0147906054779638,0.0064136395033012,0.0155389874525014,0.0282546942036913,0.0,0.016045534992139,0.0439405553267203,0.0321134611906835,0.0087581429410114,0.0187727633251369,0.0,0.0,0.0140317017686354,0.0,0.024679640221157,0.0
76561198033904301,0.0644260655133045,0.0735271788934798,0.0370748199900181,0.0454902481078573,0.0240220518656393,0.0329763111684989,0.0082822024197154,0.0527433994647058,0.0144432783007072,0.0578892414738642,0.0455243648289416,0.0044391121673663,0.0390320589367803,0.0230812570433974,0.0207597194210865,0.0546275648242026,0.0278171447859363,0.0039261692079625,0.0214485162245274,0.0040836547785676,0.003867052820029,0.0249018045695471,0.029528852562322,0.0044093079354546,0.0309236948149098,0.0110247331497717,0.0083652813753289,0.0040836547785676,0.0,0.0,0.0171900088274328,0.0,0.0,0.0080382434369338,0.005441473958668,0.0075782688733225,0.0119799580895665,0.0435350584216267,0.0041985476411477,0.01574011284366,0.0042120354339116,0.022726925530132,0.0,0.0460700047901236,0.0079816240514807,0.0,0.016031908845109,0.0,0.0165570878343934,0.0
76561198035576206,0.0543141211062227,0.0548123173017076,0.0508153147302466,0.0197311759053064,0.0158001103182701,0.0349128878736865,0.0137251065532026,0.0587784846263327,0.0094989389478991,0.0325918499426489,0.0155058878646537,0.0040585234206867,0.0685258606757681,0.0137242269885518,0.0,0.044533279845208,0.0347806571619786,0.0,0.0,0.0,0.013548900400897,0.0042252880406526,0.0405357673814345,0.0043483149239612,0.047376296113948,0.004316902167455,0.0041254366395357,0.0053452615422908,0.0410492484854743,0.004340376903938,0.0043483149239612,0.0301065668385817,0.0043483149239612,0.0103934543135106,0.008937443174375,0.0108112086740781,0.0,0.024355071493274,0.0,0.0324416137452792,0.0194686569086153,0.0502598116668076,0.0135263722393352,0.0203022764949492,0.0,0.0,0.0297475733165669,0.0,0.0101984686343067,0.0354343167904388
76561198035678145,0.0632239023112152,0.0332183988726808,0.0608799019883396,0.0850725098967469,0.0064617198273591,0.0390025749163541,0.0385466201767765,0.0249805526535517,0.0461879648468664,0.0284991917101946,0.008490728161955,0.0040735596796356,0.008490728161955,0.054395071797194,0.0327772606453995,0.017758963855064,0.0671044426637149,0.0276473739405231,0.0098381396432086,0.0036512680777364,0.0063124817725968,0.0180571378854933,0.008490728161955,0.0,0.0170656069149701,0.0036512680777364,0.0122089449758599,0.0099651890185227,0.0028238952890344,0.0303798017765208,0.0035840055658252,0.0094042927131914,0.0149482789274714,0.0158893340602353,0.0030811775892643,0.0361473869582461,0.0177181045200502,0.0119521202471095,0.0245175970520552,0.0036512680777364,0.0058202871473662,0.0318596127318973,0.0,0.0037195587755135,0.0066808545533724,0.0030811775892643,0.0107531251423733,0.0075043235024742,0.0137520016846535,0.0066795654627376
76561198037116274,0.0348499324405688,0.0827035969629203,0.0206649170397301,0.0573276154320821,0.01051547769611,0.0194586813941048,0.0102554531697266,0.0727562474481313,0.0531918072300455,0.0243169175198822,0.0242586641720622,0.0048371287128299,0.0131109723986516,0.0450187650267767,0.0046665442644319,0.0403154802370771,0.0052353297469691,0.0,0.0063497157335027,0.0,0.0634978633894942,0.0096813951657131,0.015503241341844,0.0,0.0453675296087577,0.0,0.0047924352396665,0.0,0.0148323082645549,0.0050520493716805,0.0096160199639298,0.0561138112840169,0.0,0.0,0.0047924352396665,0.0093890115387,0.0048371287128299,0.0213147977958657,0.0148579380157838,0.0107418304724082,0.053537115743112,0.0558001131499103,0.0159799363708792,0.0,0.0,0.0,0.0395779523033474,0.0,0.0100772971243155,0.0048045432779193
76561198038492608,0.0772944516448417,0.0703799842359604,0.0763952449644325,0.0139723221464193,0.0100113532629272,0.0729260018696557,0.0143149509520032,0.0561099599189265,0.006965609132336,0.0177822541615158,0.0516289883454278,0.0133099254521014,0.0331059844267973,0.0034892306672308,0.0072555650778265,0.0191161539963132,0.0426898039308321,0.0147117710558174,0.0131097637558737,0.0,0.0088568109164703,0.0037827807251101,0.0283000082503681,0.0058310973429539,0.0257874960476296,0.0100113532629272,0.0107883218115122,0.0,0.0294822260101556,0.0034406931078058,0.0041875082188937,0.0089282524431794,0.0,0.0201863442693643,0.0,0.0271408084834144,0.0425962073002875,0.0113621278021963,0.0054938253928323,0.0242859517341848,0.0,0.037508423789961,0.0,0.0185176531160209,0.0088806737128635,0.0034406931078058,0.0115264523011343,0.0058310973429539,0.0034763784651052,0.0257874960476296
76561198038973945,0.0263654100289996,0.0663644234598336,0.0129271254573393,0.0787948837653129,0.0148353442133058,0.0021890288243292,0.0403375460248106,0.0668982445916249,0.0159086294367365,0.0207669094809337,0.0121684547400368,0.02436558463433,0.0042040016153129,0.0371398348824264,0.0348730519479605,0.0760382914910279,0.0310611215048162,0.0116821915951604,0.022380124108587,0.0144326217590776,0.0293490266144249,0.0155448353097489,0.0183396807908698,0.0,0.0441607210397851,0.0,0.0183746480798341,0.016370016653678,0.0132448481858448,0.0163097585852312,0.0083039909350742,0.0062844435740582,0.0169091759465827,0.0,0.0061581248155389,0.0,0.0149582971074464,0.0414651572523599,0.0153615859149341,0.002727137454501,0.012739633476609,0.0117798923318295,0.0,0.0034638001047992,0.0096075827747205,0.0087324456998474,0.0320380989363353,0.002727137454501,0.0142896869869226,0.0070274504125595
76561198040275236,0.0560089450730351,0.0765962741647243,0.0637113087228255,0.0456251362986454,0.0281028822769199,0.032412086939076,0.0154765307444089,0.0433414197393486,0.0216208668582526,0.0273030238859849,0.0283097154626703,0.0154486163475754,0.0378442803387299,0.0225549809827502,0.0056044960160316,0.0425362600950945,0.0211266860152643,0.0050217907932541,0.0214713815872601,0.0103347108470671,0.0112066363242935,0.0105955730671192,0.0375953174462124,0.0,0.0216818405001985,0.0227844119737426,0.0101355441896299,0.0,0.0049910770510876,0.0,0.0150779509377557,0.0109324636313764,0.0,0.0169148918795966,0.0050162405438897,0.0069035234332835,0.0103355380020631,0.0216818405001985,0.0,0.0260165687704432,0.0113271648332563,0.0181551828261849,0.0269826101667456,0.0313426765387859,0.0098252596093146,0.0170299230576509,0.0104560665110259,0.006142145989436,0.0164181590277889,0.0
76561198042424940,0.0505785431838037,0.0878487360054202,0.0395481822311132,0.0445993885256451,0.0045216182828338,0.0412917379449239,0.0236038772950051,0.0472520146380372,0.0312783834065233,0.0441661873814529,0.0476215377500089,0.0096497236399936,0.025613412504245,0.0256743000329919,0.0053855232246607,0.0392761597017281,0.0424408929232683,0.0,0.0095076851256937,0.0045216182828338,0.0364083343873767,0.0068926599780462,0.0469887784409238,0.0054550724643535,0.0316651771004561,0.0,0.0148017480144987,0.0,0.0093466755501452,0.0095088416254847,0.0,0.0053566195926348,0.0054341571692406,0.0092486855514678,0.0147321987748059,0.0053566195926348,0.019461521346206,0.0330887064289845,0.0048148192299151,0.0088019916880284,0.0,0.0349954990565298,0.0042473285321301,0.0208390490355901,0.0,0.0054550724643535,0.015285827917569,0.0,0.0274350939784404,0.0
76561198042752440,0.0473345042189566,0.0392730052475607,0.0354067510154404,0.0648338304508303,0.0321955461788017,0.0453895652428548,0.065882127609517,0.0428217407456011,0.0619632724701089,0.0189058554996132,0.0290698831917576,0.0149872864102509,0.0,0.052703540147146,0.0367383655707991,0.0205391994063232,0.036829155269656,0.0048929731905181,0.0234676348007293,0.0102624389414287,0.0185067008860018,0.0229198801683647,0.0098767458177317,0.0186724592837279,0.0185067008860018,0.0,0.018057626174381,0.0152614938108442,0.0,0.0235225023174479,0.0,0.0155657507842538,0.0154004872121657,0.0,0.0,0.0166154834080853,0.0149817394415455,0.0233327284759606,0.0133365712812079,0.0,0.0069232539718219,0.0175340748205999,0.0091383186674564,0.0,0.0058489677427945,0.0226064104697348,0.0,0.0053847479931124,0.0045106807788649,0.0
76561198043309202,0.0401246820985274,0.0682175990805075,0.0437886619683894,0.022468720631668,0.0120618648463382,0.0198027440259,0.0203794073466851,0.0352158623871997,0.0034081376011922,0.065868624285462,0.0573057991836432,0.0411262102453487,0.0905224137634776,0.0107460332751517,0.0034081376011922,0.0090476633330214,0.0067700665744733,0.0121065011510851,0.0178507005750487,0.0042099414984739,0.0057517926448318,0.0035152353048926,0.0686705922500163,0.0172310405220177,0.0147994559778532,0.0046021075785103,0.0124089746953958,0.0142894162734962,0.0057517926448318,0.0118038640776523,0.0044150517014923,0.0055523584379804,0.0,0.0065237213538348,0.0106415925658873,0.0223975695392541,0.0235094203297668,0.0477012801280594,0.0031460051119124,0.00972217303546,0.0,0.0126388271465871,0.0261140326449685,0.0278946294590637,0.0049456825729407,0.0035152353048926,0.0101973483993429,0.0121024427848441,0.0257285860414275,0.0
76561198044169133,0.0421900637172484,0.0574994602226359,0.0162771536909003,0.0890646315609386,0.0,0.040415811317076,0.0240459844508493,0.052628591079715,0.0683763627284704,0.0099068970600404,0.0376732430236169,0.0,0.0,0.0784292455652063,0.0216852212975032,0.0212049833224523,0.0060937353631668,0.0,0.014991405265061,0.0,0.0780879154592088,0.0380675596328893,0.0055308215757654,0.0,0.0094278533797654,0.0,0.0108173006225395,0.0,0.0158100497479464,0.0105553237788043,0.0286835820261012,0.047783115075792,0.0,0.0,0.009629428806387,0.0,0.0,0.0151112479592854,0.0147661400600253,0.0,0.0531654700440105,0.0466098204819038,0.0109713431934007,0.0,0.0,0.0097881915761775,0.0050606305475558,0.0045907858200035,0.0050606305475558,0.0
76561198044695535,0.0237964007619201,0.0896685181520241,0.015915425701983,0.0307291568602088,0.0,0.0123318691387435,0.0,0.0658649871376312,0.0210243630310987,0.0493622791475561,0.0577419942490335,0.0054254653752599,0.0389356870197029,0.02711279825517,0.0048939404798256,0.0710834247004077,0.0407100660668332,0.0,0.0343675241168014,0.0,0.0109981253647342,0.0239290812939302,0.0438318794270696,0.0070991639750171,0.0539322592364915,0.0,0.0,0.0,0.0,0.0,0.0290143458853709,0.0,0.0,0.0092605209124053,0.0,0.0085278777240985,0.0047755656751996,0.0665169552550399,0.0147156425907694,0.0115055306132539,0.0030207991811737,0.0095434480106294,0.019292357410762,0.0194357342470977,0.0,0.0055550208568199,0.023261077777885,0.0,0.0416781760910148,0.0051425382770358
76561198046112241,0.0325960151428594,0.0570113965684744,0.0185577110939311,0.0184640202543075,0.0228736410354833,0.0188751285083644,0.0048369830702617,0.0702500437228563,0.0184520513095107,0.0430019811429338,0.0193508198916117,0.0149806139522815,0.0432561964949431,0.0184640202543075,0.0136773194832764,0.0475252069794845,0.0230829628170701,0.0,0.0290787077971492,0.0,0.0106958143943045,0.0140979510153968,0.0337229262839123,0.0,0.0400586212884951,0.0145497092051174,0.0,0.0044071316889987,0.0409268152522125,0.0048369830702617,0.0140979510153968,0.023498155841191,0.0045410457432465,0.0,0.0,0.0043132822385495,0.0044857350420155,0.0475168062612598,0.0,0.0157543629084826,0.0309026050181785,0.0367707251506809,0.0099289675333666,0.0193082237085302,0.0138227599929917,0.0,0.038338816398186,0.0,0.0329945551079275,0.0260952363221894
76561198046544865,0.0740659879348672,0.061603786698209,0.0524113821968677,0.0592026839187095,0.0,0.0246392770983007,0.0142539279133823,0.0180523113395102,0.0514209035993301,0.0365527610779147,0.0514732410654887,0.0278695042634048,0.00536751709228,0.0321633369298172,0.0301805991382421,0.0270855091657582,0.0608209306133643,0.0091378514471349,0.0051048410638816,0.0042557819545764,0.0408176708090551,0.0229743027295865,0.0286328423959927,0.0068792198599763,0.0,0.0048886851520143,0.0,0.0089995912002191,0.0,0.0043987874871735,0.0240372274141424,0.0185759141716459,0.0259248171836656,0.0191439863715644,0.0,0.0043987874871735,0.0168426078087568,0.0129790351170976,0.0054309453614379,0.0244017383737048,0.0149421575188333,0.0,0.0076746034983433,0.0044241950647707,0.0195860328813273,0.009632494397657,0.0,0.0100760230879646,0.0133297600515083,0.0053464400653473
76561198047089807,0.0445016264245194,0.0512187359275014,0.0306089662951112,0.0562440592018898,0.0161879007000704,0.0464692305800717,0.0199069745466798,0.0124624331465089,0.0366804038990004,0.0256897458031884,0.02444775967943,0.023572470398369,0.0347304571695341,0.0428044972334313,0.012681925544309,0.012681925544309,0.0125293826203889,0.0,0.0303296928165057,0.0,0.0313718349015012,0.0124048914166214,0.0246497683761644,0.0167921475708412,0.0134390960251888,0.0093747419718517,0.0141320161122686,0.0,0.0468234985227138,0.0,0.0060086636917611,0.0555905146266652,0.0,0.0060086636917611,0.0,0.0070475803263505,0.0059766628411599,0.0,0.0,0.0060086636917611,0.03134643250286,0.043907649403351,0.0187505052632224,0.0461623798048573,0.0065207189286278,0.0146382192218792,0.0070896485503668,0.0,0.0351178664770384,0.0070896485503668
76561198047882234,0.0527848824808682,0.0684129324610244,0.0214579101942591,0.0703184688441956,0.0055744949957028,0.0311408866918867,0.0066509914334248,0.0694779616125368,0.0429400962292765,0.0330392193872504,0.0329636971374761,0.0101908360495314,0.0311463899435557,0.0533498796200946,0.0,0.0210454142573324,0.0310775141318373,0.0,0.0171195923346032,0.0,0.0537963752458444,0.0051910549368215,0.0161722306997326,0.0,0.0168927936635852,0.0055744949957028,0.0,0.0,0.0051442867728871,0.0066509914334248,0.0103261379780767,0.066402758988934,0.0051910549368215,0.0050512266237952,0.0055744949957028,0.0151176028045276,0.0052856794945264,0.0102418022301603,0.0113182986678823,0.0052856794945264,0.061497602433929,0.0525456171132634,0.0052856794945264,0.0111210040759374,0.0,0.0,0.0058337182208183,0.0,0.015808246893716,0.0
76561198048967211,0.0445026119553494,0.0632596456002014,0.0311751160186271,0.0680225318453939,0.0,0.0412350764233478,0.0,0.0813237053055124,0.0685219489710518,0.0267917140638165,0.0430744175260023,0.0060324222444346,0.0116338125683588,0.0625742861272131,0.0,0.0252269929921165,0.0388106013416548,0.0,0.0131669049122186,0.0,0.036990263540966,0.0238518885325031,0.0260590958016775,0.0,0.0062929507180304,0.0,0.0,0.0,0.0228457455954249,0.0,0.012097180487883,0.0531955415680677,0.0,0.0,0.0,0.0076797897078434,0.0,0.0062929507180304,0.0,0.0,0.0490863386750882,0.0625250841420577,0.0118104134747728,0.0190488448729364,0.006100807449582,0.0,0.0124258495456731,0.0,0.0183454672741629,0.0
76561198049192663,0.0128627346612881,0.028045471283102,0.0057572326724133,0.0283214502240732,0.052758337468284,0.0324310581325021,0.0378308891081576,0.0343953758507454,0.0383083048871241,0.0169293606127369,0.0274130862354401,0.0177706839815801,0.0756971946680334,0.0332947698227657,0.0160873749501771,0.0453017546622582,0.0,0.0,0.0424156401252872,0.0107451698370296,0.0073792726586088,0.006165758150112,0.0283580786863319,0.0227449830960646,0.0505327768160419,0.0535691751759129,0.0288451187812543,0.022584072046012,0.0049482972013725,0.0152670358433615,0.0,0.0352972601417472,0.0,0.0,0.0,0.0,0.0,0.0296091632989946,0.0,0.0057572326724133,0.0073792726586088,0.0240460055405472,0.0057572326724133,0.0414548585598466,0.006165758150112,0.0,0.0102358091472071,0.0,0.027616782469433,0.0099201670506045
76561198050935092,0.0573561889412762,0.0441639849701358,0.0242965795679331,0.0558189332683109,0.0257155440006884,0.0387299967885219,0.0151320549778814,0.0548740633496634,0.045663724673145,0.0422897568238399,0.0277998405239506,0.0141560275938254,0.0090029665456862,0.0502229336561598,0.0177769730561491,0.0619603241436563,0.0617898069564064,0.0,0.0188191007228482,0.0,0.0,0.0095126110343125,0.0185728930424159,0.0047114954718058,0.0382961813406925,0.0146933168675692,0.0,0.0,0.0291978894853276,0.0042007177820914,0.0096439704154609,0.0139056246913904,0.0050391518336415,0.0048022487635947,0.0043328984632989,0.0090163191903052,0.0,0.0189331114476552,0.0106106492843435,0.0,0.0086764875620504,0.0488798279539802,0.0,0.0178569057185482,0.0085237507957971,0.0042007177820914,0.010263743416692,0.0,0.0364658624277863,0.0040948246690688
76561198051250642,0.0379622559147659,0.0049799523737659,0.0253867069178439,0.0937951634866219,0.0130246521280995,0.0310901068220469,0.0524980440153198,0.016817402902463,0.0929362654508938,0.0075498960675768,0.0041185945254014,0.0,0.0149885243542918,0.0937951634866219,0.0205259057632528,0.0332002841723189,0.0340087459436717,0.0086969900503118,0.0421648590042372,0.0080995228586637,0.0245294202079094,0.0133184651607657,0.0248208187562875,0.0,0.0125298484413428,0.0077004258224446,0.0,0.0,0.0,0.0315198264731434,0.0131348477680064,0.0729509970914583,0.0090366935918026,0.0049774925611295,0.0,0.0129309084836393,0.0049774925611295,0.0108899734890801,0.0125273886287063,0.00916277232062,0.0388289926169692,0.0334526827444842,0.0051818439873577,0.009806680366934,0.0039809283332623,0.0,0.0,0.0039809283332623,0.0041215360220945,0.0
76561198051389016,0.027890840739082,0.0424910808138764,0.026409500091344,0.0053668332358011,0.0390480523464926,0.0395873625474403,0.0257452949711439,0.0189850577281669,0.0068895465625047,0.0122208702956839,0.0015227133267036,0.0438946872482148,0.0162593932914977,0.0053668332358011,0.0023669114240105,0.0282998257724625,0.0169282683133894,0.0,0.0154613879888485,0.0,0.023993576204464,0.0068188291473095,0.0077275009359088,0.0020617045936934,0.0382249436828863,0.0,0.0103602507657641,0.0133233396116863,0.0693388887489524,0.0020617045936934,0.0080363356436959,0.0697177142396182,0.0,0.0,0.0,0.0307333920288661,0.0,0.0,0.0,0.0,0.0751044579696868,0.037019385274994,0.0,0.0021000495129221,0.0029908832752787,0.0008671469745334,0.101704698624752,0.0010875849029698,0.0276802074176758,0.0943129459181831
76561198052549305,0.0515888060256421,0.0466381888434939,0.0162389106331323,0.0052173559061967,0.0048875934509187,0.0461377223574778,0.0115060205807309,0.0900891450685095,0.0,0.0359063575631349,0.010873404417926,0.021146952684595,0.0057447265502147,0.0,0.0,0.0235811495384918,0.0514390142780448,0.0,0.0115907926921731,0.0,0.0052173559061967,0.0051214494904078,0.0118221534702685,0.0,0.0501524824538565,0.0068070545143546,0.0,0.0,0.092841863653549,0.0064304538844858,0.0121751804347005,0.0416715454154204,0.0,0.0064304538844858,0.0052201633439318,0.016005598541557,0.0160907603241228,0.0101777188837149,0.0,0.0221852308188113,0.0645368409517799,0.0422297700793137,0.0165162372402115,0.0059459880306904,0.005991202499681,0.0,0.0616443680024672,0.0,0.0059210477535801,0.0562789398317288
76561198055682730,0.0663167245713218,0.0491049644640554,0.0240267850647462,0.0352764215354886,0.0,0.0362059316632356,0.0126621705382838,0.0385902971422486,0.0352647834585896,0.0237978688393734,0.023532451347308,0.0120832059683265,0.0534890755244592,0.0295459798075484,0.0061676437252721,0.0123728590043807,0.0226316055372731,0.0,0.0124743581050445,0.0,0.0406254273093784,0.0178437934874378,0.0549290789008219,0.0,0.0061604272247553,0.0,0.0064617102907262,0.0,0.0131509578988676,0.0,0.0252103456717018,0.0731799850244639,0.0,0.0061646660667981,0.0,0.017857330985939,0.0,0.0178162864887182,0.0,0.0366782292072233,0.0630436664431452,0.0542590551777447,0.0140243576819887,0.0236026158074276,0.0116558592639628,0.0,0.0,0.0,0.0237930807719424,0.0
76561198055895597,0.0264981204107703,0.0127858483543598,0.0047106161939281,0.0396502642569096,0.0438095647546098,0.0128812848785455,0.0369867782564612,0.091140371596282,0.0,0.0170472708926128,0.0,0.0233171860086923,0.0,0.0,0.0122366623116542,0.0080007997833179,0.0087395982947454,0.02010396540669,0.0125168099069877,0.0348549678147355,0.045367242777501,0.0,0.004204953820184,0.0190614128557659,0.08877755741981,0.0316720404016232,0.0534524605633226,0.0203120582622549,0.0745178044602981,0.0177912158615963,0.0,0.0133474017123854,0.0039819760152068,0.0083171587191346,0.0573785724216904,0.0042384242090652,0.0,0.0223927726725623,0.0079498701890454,0.004352663800523,0.005090153735209,0.025420849703846,0.0041122048989506,0.0,0.0,0.004352663800523,0.0237861866545512,0.0042384242090652,0.0040664910240696,0.0465373306905123
76561198056078990,0.0521112354437636,0.0547536588630813,0.0172616126792107,0.0558143068021177,0.0,0.0484907583951774,0.0096858238697442,0.066033265336935,0.0473087700573058,0.0159924783775227,0.0277089408096306,0.0101698690830226,0.0043356222509286,0.0584102032224889,0.0087447685782952,0.0252329667060873,0.0068542831771551,0.0,0.0150383604481971,0.0,0.0532453190911835,0.0275710292121914,0.0246913091726244,0.0095448897760122,0.0193376135925898,0.0,0.0,0.0,0.0339585458775008,0.0043415842949157,0.0244258494256353,0.0569982059223201,0.0043415842949157,0.0043356222509286,0.0,0.0142694424546162,0.0,0.020558309501416,0.0,0.0051212364776415,0.0592279264733987,0.0394881650319524,0.0171176202133036,0.0044031842833795,0.0044031842833795,0.0049712819677473,0.0149361707098228,0.0,0.0233284145273174,0.0054365870645415
76561198058903842,0.0462487491716028,0.061944140956707,0.0387138793599721,0.0458474630799983,0.0130342567281303,0.025480142243482,0.0160035455535792,0.0540257218917959,0.032187850704247,0.0093088202813989,0.0432008002501345,0.0197285158857375,0.0233228732458142,0.0316460645819388,0.0203123904545821,0.0337361842801871,0.0237015170849095,0.0098674450202302,0.0227018458023746,0.0080742186509987,0.0256598465585443,0.0159191283396987,0.0341235893023336,0.0173830389323976,0.0184056827658281,0.002355187451694,0.0050094262551001,0.002355187451694,0.0184663848112772,0.0064522749298431,0.021791076985612,0.0179679593207903,0.002355187451694,0.0149346422285981,0.0,0.0142266208886315,0.0041231914303537,0.0169545335496752,0.0098674450202302,0.0052833886405844,0.0406626724448052,0.0343930226313032,0.0109283660509338,0.0242762069371122,0.0094357009900529,0.0,0.0136214140136979,0.0,0.0202364170465723,0.0137259823431189
76561198059495299,0.0708103292745432,0.0466866992220003,0.0945862075346641,0.01996615266294,0.0175825664250694,0.0381529093451147,0.0231072065571899,0.0128053504387295,0.0070580282779962,0.0251442831243344,0.0515588743205494,0.0331740016261092,0.0599330414934802,0.0070580282779962,0.0169605481230562,0.011213225962323,0.0124488431433744,0.0,0.0332333335535683,0.0120879535800503,0.0200575832036718,0.035037163356918,0.0397242594964271,0.0253431141574126,0.0070340203824669,0.0127411065736837,0.0076126750862212,0.0125617716142124,0.0,0.0057679730455794,0.0333923084434129,0.0,0.0,0.0299585847573478,0.0,0.0,0.0298576612177812,0.0,0.0,0.0378963077822819,0.0,0.0060570625363416,0.0268419301652835,0.0567682856867248,0.0197806095511426,0.0,0.0,0.0,0.0,0.0
76561198060883629,0.036745341816309,0.0312094958176028,0.0053764650293509,0.0108159278689971,0.0236899215839307,0.0319004582783216,0.0070783965337942,0.0566090837893627,0.00555920258408,0.0125354257476636,0.0071589607183126,0.0191083740376223,0.0372037057899947,0.0108159278689971,0.0,0.0391314560534351,0.0059007633761534,0.0,0.0278849168328577,0.0,0.0181721319263689,0.0052567252849171,0.0129791599099477,0.0,0.0585640528642018,0.0,0.0070783965337942,0.0,0.0705593324807847,0.0070783965337942,0.0173604034909457,0.1085083902203096,0.0054711208686852,0.0,0.0070783965337942,0.0076729524907819,0.0,0.0071589607183126,0.0,0.0172447628448014,0.0943730972754818,0.052110195356717,0.0053764650293509,0.0052567252849171,0.0126587743969111,0.0,0.0391314560534351,0.0,0.02978688656619,0.0423993936087704
76561198061178161,0.0436464108902646,0.026835235242219,0.0392515685881973,0.0295482140690973,0.0351927035957089,0.0575200382833437,0.0625620765912767,0.0163148893227106,0.035354099407363,0.0284256025145379,0.0277420195741802,0.0051217235552591,0.0293587467489026,0.0244264905138382,0.0052443292546576,0.0052443292546576,0.0161719381481825,0.0160483096579401,0.0323412688373729,0.0287151223642084,0.0081380237804859,0.0052443292546576,0.0236137569368834,0.0108308734555282,0.0107209248667343,0.0067932930885598,0.0219826920809562,0.0286176803757894,0.0107209248667343,0.0382057657475216,0.0052443292546576,0.031635187884486,0.0,0.039067294175063,0.0,0.0346356298468287,0.0052191655436781,0.0163241658276804,0.0111555941328772,0.0228378553472927,0.0081380237804859,0.0261794994181083,0.0,0.0169226760267936,0.0059950671332688,0.005709149900269,0.0116626885957445,0.0122367071515019,0.0,0.0171035851134931
76561198062256620,0.0476699882790948,0.0552039518018701,0.0390239043200055,0.0408386851135052,0.0139001421763958,0.0370743337136709,0.0243598263281935,0.0155609908530451,0.0334575060966397,0.0236923508840709,0.0522150302436333,0.0387477577797703,0.0645941072950513,0.0258507730894526,0.0142992012104864,0.0072292515684135,0.0105956545654238,0.0,0.0699514156132493,0.0142802668392756,0.0152551185240288,0.0075196475078834,0.0649827152223154,0.0,0.0,0.0066632469530383,0.0082052634198344,0.0,0.0,0.0,0.0227000620205399,0.0295543197345152,0.0066924682032993,0.0084576495002533,0.0066632469530383,0.0,0.0,0.0072655470322919,0.0082954438207532,0.0238715614760786,0.0152551185240288,0.0236828810775655,0.0160162120550789,0.0546989403133269,0.0139217197717129,0.0066632469530383,0.0,0.0,0.0250904531661294,0.0
76561198063490669,0.054556422415083,0.0918662171164213,0.0315076367411445,0.0359832165966667,0.0,0.0361274614625579,0.0,0.078281560611563,0.0263753722271967,0.0314336008584069,0.0321956979458254,0.0164549148361634,0.0177253845871052,0.0095716584962263,0.0043550513817006,0.0529278931594388,0.038845492982817,0.0,0.0,0.0,0.0298573502174454,0.0083734050376938,0.027508320797568,0.0,0.0598377576765058,0.0,0.0131115649721594,0.0,0.0468841002943591,0.0,0.0207994012266153,0.0090845523548469,0.0,0.0089529683235151,0.017140960085693,0.0046003001428105,0.0,0.0346560907445056,0.004024808580057,0.008488317180735,0.0090374801248813,0.0395371359827929,0.0043526681807045,0.0186760060835318,0.0,0.0,0.0352438608755426,0.0,0.0081430663985307,0.033482303301188
76561198064339088,0.0650673318292284,0.055464617714165,0.0160093705098266,0.0419158417967052,0.0080741446179908,0.0383733671417759,0.0386145830975704,0.057569241003234,0.0323802279332875,0.042893661123394,0.0259024279189993,0.0210808209695231,0.0046341464018647,0.0185215320456303,0.0178388966059489,0.0106787904346662,0.0550620370801931,0.0047246763725669,0.0090083520973676,0.029355927077948,0.0290355569572016,0.0184177132684745,0.0134718521556228,0.0,0.0119914616422459,0.0,0.048282234749915,0.0232252757908461,0.0101946332087482,0.0239097969081871,0.0114437818960834,0.0102392753289313,0.0,0.0,0.0,0.0383300203806206,0.0066336731081975,0.0072825146598402,0.0242331091405916,0.0,0.0420476747023889,0.0272682308978662,0.0060711371889069,0.0,0.0071601061712827,0.0098269111371278,0.0242755080806182,0.0076032197625388,0.0,0.0058863190918768
76561198065931138,0.0576333750603408,0.0745961532448931,0.0120235135863024,0.0847341580714932,0.0046892213797519,0.0236285932639708,0.0199077038017171,0.0555355664201664,0.0142562667475481,0.0507801635707071,0.0461348259012724,0.0499913843602714,0.0073116704641796,0.0181991992573611,0.01316631866082,0.0247541246667242,0.0047118431221228,0.0158195392884286,0.0,0.0151553895625432,0.0757187530664929,0.0,0.0355218669524386,0.0060217057153237,0.0183081757947303,0.0,0.0392695282842562,0.0047434957167689,0.032559868259505,0.0,0.0051994315419674,0.0,0.0043901881304506,0.0032215866707402,0.0553776375560265,0.0032215866707402,0.0040900837934393,0.0143305110036106,0.0212013781824117,0.0040900837934393,0.0,0.0223333257971792,0.0,0.0088019269155622,0.0084802719238899,0.0239537705868284,0.0113923174968138,0.0,0.0,0.0047434957167689
76561198066122279,0.0277142955583327,0.0742838788622962,0.0185807066559217,0.055533235788903,0.0046469248212418,0.0146281436318762,0.0166507954793528,0.0622283417734882,0.0457769582796769,0.028983455079031,0.0415923075565544,0.0200064421115722,0.0182512077946962,0.0448676031901738,0.0111783650784576,0.0199607713276266,0.0094503860089885,0.0,0.0210335431123164,0.0109216296818926,0.054746144412608,0.0,0.0327158424745748,0.0062747048606507,0.0147224383476275,0.0046469248212418,0.0046469248212418,0.0,0.0095387247066172,0.0,0.0091910489013601,0.0659261237255372,0.0,0.0093652565464483,0.0046469248212418,0.0146281436318762,0.0,0.0140168786898111,0.0055103312700288,0.0048657593486733,0.0613966042370098,0.0451658162538309,0.0044429756241239,0.0093347755094993,0.0,0.0094148923534559,0.0098306384622521,0.0046469248212418,0.0448833376564586,0.0091528719101881
76561198067067279,0.0395409879801211,0.0797257464697029,0.0247059752276532,0.0241133028613674,0.0,0.027965277109889,0.0091445898849861,0.0887094928061042,0.0151974887058312,0.0352381331205756,0.019049025117395,0.0056254071828605,0.033537383885557,0.0112798754362174,0.0057066904203534,0.0505274692655762,0.0138780501963914,0.0,0.0203401020457255,0.0,0.0203516580933382,0.0,0.0414481222283116,0.0,0.0557188696757692,0.0,0.0,0.0,0.0447545086328664,0.0047719560681385,0.0044940890400873,0.0355612547869489,0.005573185015864,0.0043726338168476,0.0056314873407325,0.0092616533102033,0.0,0.0293356914464095,0.0047719560681385,0.0208275035003346,0.0503021790705906,0.0533099079046362,0.0108294625006265,0.0157717712203679,0.0,0.0,0.0348448020534552,0.0,0.021645016786171,0.0221372937238539
76561198067362761,0.0615463609793914,0.0910521100630384,0.0433236177715239,0.0531949312985046,0.0038229589785326,0.0346041900919833,0.0,0.0514873954415163,0.0099784278451691,0.0539340211887323,0.0360538169379332,0.020267906250633,0.0351966846989492,0.0160053916404442,0.0249111666301097,0.0362880867505319,0.030963982579614,0.0047053233988467,0.0339707260181576,0.0,0.0294120711586327,0.0266003081409087,0.0292392141913551,0.0,0.0224453182786131,0.0,0.0103789601341208,0.0102824809840069,0.0029597519982966,0.0,0.0297731781370238,0.0082796386408899,0.0047053233988467,0.0,0.0082560028755754,0.0038229589785326,0.0134336471829984,0.039203007916973,0.0033837464868499,0.0085261362504774,0.0082124087302288,0.0044566796623572,0.0203465520865803,0.0300800220927856,0.0074029970338383,0.0,0.0198441159647901,0.0,0.0062221801554576,0.0114262009562478
76561198069077998,0.0650690055559765,0.0708324302573488,0.0468935968722109,0.0632938412410535,0.0037676447543421,0.0268532042738554,0.0142013657533794,0.0353937342091175,0.0306512583276865,0.0355053596946697,0.0460956078654248,0.0148728892246002,0.0134176080823858,0.0189289492034469,0.0455596307068612,0.0442058570613565,0.0085745457664869,0.0058366960966891,0.0124083505717177,0.0142013657533794,0.0305231677087558,0.0417677105117783,0.0176845824663244,0.0085870101313286,0.012621262948958,0.0,0.0130027667397223,0.0,0.0113224841159551,0.0,0.0377285387068248,0.0080945745019767,0.0,0.0084350854845981,0.0071660706430332,0.0167495337932276,0.032771221330216,0.0241516746020759,0.0,0.012245600465819,0.0084833432205565,0.0154602887137737,0.0154235050849096,0.0137172941432186,0.0101442674792375,0.0,0.0252766042355338,0.0,0.0041564134729218,0.0079240582272639
76561198070374664,0.0446341330116008,0.0428590579010665,0.0055539765356234,0.0726286481998857,0.0053914606177654,0.0316183734092604,0.0253851228194425,0.0290951782257268,0.0535941213894575,0.0058592496610908,0.0437367299105442,0.0301915314031215,0.0242160337684268,0.0457289409632064,0.011984651130651,0.0292639014197741,0.0077521329340225,0.0,0.0392235850561748,0.0,0.0701293399538188,0.0325812183793138,0.0322334989006829,0.0,0.0058592496610908,0.0056674500436153,0.0208612150630914,0.0059446705948147,0.0142147380156563,0.0204853196700688,0.0458279076445531,0.019952548145536,0.011984651130651,0.008017465132256,0.0,0.0053914606177654,0.0,0.0116428307335162,0.0058592496610908,0.0,0.0145610875277705,0.0204875182560902,0.013201902275953,0.0118303504803859,0.0052237615479241,0.0243015797523784,0.0053914606177654,0.0056674500436153,0.0285737871759873,0.0053914606177654
76561198070384606,0.0352867761105645,0.0220485824521532,0.0252017624938582,0.0381646198309519,0.0669921995426446,0.047574957740291,0.0566701271520901,0.0413091543019398,0.0172603745826656,0.0206953518659841,0.0097272935823024,0.0376980367497188,0.0140853667636581,0.012102932644697,0.0211425574163934,0.0368712910150397,0.0136938524484466,0.0091143860917351,0.0413781276453747,0.0341767971626303,0.0177061399743396,0.0102087380097095,0.0146945090648323,0.0062692544022019,0.025397792827308,0.0254408280828941,0.0324247319260969,0.0268043730100823,0.0082943052411561,0.0196058099339835,0.0,0.0241095619766557,0.0092366712992465,0.0051574419379686,0.034056234256855,0.0157846317870107,0.0,0.0209692240928051,0.0147157406426689,0.0139914076805429,0.0078819707618632,0.0135876460759317,0.00529884180762,0.0053609601266028,0.0,0.017806951964658,0.0095558200302405,0.0089367606649766,0.0,0.0055091048286083
76561198070394564,0.0509862103985965,0.0749098649483357,0.0587842101343155,0.0242088513887827,0.0132059362819959,0.0502242890481754,0.0038939293883617,0.0831912108911224,0.0090701063181609,0.0231639768799226,0.0343239891383354,0.0193007681164899,0.0298883214849207,0.0090701063181609,0.0,0.02519895353919,0.0147362892229369,0.0,0.0178940166221654,0.0,0.0197287816700911,0.0037586072128233,0.0609353996683859,0.0,0.0301237922547951,0.0038939293883617,0.0056326881777437,0.0,0.0432914797219655,0.0038939293883617,0.0221244722213491,0.0114727016214208,0.0,0.0,0.0,0.0091018694120035,0.0092540351414904,0.0067009673134003,0.0,0.0281598404659047,0.0421251370338813,0.0562151895374485,0.0158893643679223,0.0402661980398003,0.0112983605900432,0.0,0.0123671502181764,0.0038939293883617,0.0,0.0178211470462989
76561198070426327,0.0245653713955227,0.0483478193452696,0.0100851347528776,0.0856881228955773,0.0040695096662757,0.01619205951667,0.0483823230960354,0.0399457946624171,0.0857018253474133,0.0150364758657046,0.0229011531368743,0.0217583446742688,0.0134705465703775,0.076395960682224,0.0098339328859127,0.0421459457773318,0.0345792828803609,0.0046448328129012,0.0158026581249523,0.0040695096662757,0.0258842322419805,0.0039425926062178,0.0239001568132861,0.0,0.0354408764733953,0.0,0.0050909523902453,0.0036949875100572,0.0038291461167833,0.0245225390530804,0.0039425926062178,0.0426331741322001,0.0043936309459363,0.0046448328129012,0.0,0.011234727107997,0.008587425419119,0.0361868197267224,0.0183557936534098,0.0,0.0150606440610951,0.0325279598795777,0.0089832420770332,0.0097755590603202,0.0043936309459363,0.0040695096662757,0.0131364578251427,0.0,0.0283227670030412,0.0038291461167833
76561198070463763,0.0367944781997482,0.0586930864155868,0.0221939418306621,0.037875482216133,0.009361097914337,0.035619395855454,0.0269729699437861,0.0327056190189914,0.0442486415850295,9.73828614058385e-05,0.0451747264142159,0.0,0.0498179467768757,0.037875482216133,0.0064483307587974,0.0173580238058991,0.0105466996306771,0.0,0.0524219911128119,0.0064483307587974,0.0289960243025189,0.0156487187075951,0.0594239230537344,0.0139801873757685,0.0292328172279138,0.0,0.0134631014453515,0.0,0.0179359462946234,0.0023969430361056,0.0103938689276677,0.0593653866370933,0.0,0.0213021805283564,0.0,0.0131860132787373,0.003122536661805,0.0069641548782313,0.0134631014453515,0.0109083116006886,0.049655899826975,0.0369676448489967,0.0,0.0507903483168895,0.0,0.0050243679260693,0.0069641548782313,0.0001607414859524,0.0,0.0
76561198071154203,0.0329264315623969,0.0304097040379623,0.0235351530875323,0.0274359044193858,0.0576645492087256,0.0233757914957405,0.0314192229322895,0.0350811256502144,0.0090374343045202,0.0208508497567116,0.0168503348007829,0.03707171798403,0.0360573506995313,0.0042149830052397,0.0119782196247973,0.0275675157673733,0.0196464112132611,0.0114342517430031,0.0175745314330367,0.0268106298102086,0.0211902792376002,0.0041241254895471,0.0255187363695476,0.0195015425872683,0.0452064793617565,0.0379230682521138,0.0095727988163852,0.0344433804916938,0.0290517353282535,0.0078540941352501,0.0,0.0164446374283444,0.0077984267267681,0.0087248356397334,0.0450798965652851,0.0041643979554477,0.0130121109729802,0.0296168230560239,0.0114843791004792,0.0,0.0082623039450717,0.0082623039450717,0.0,0.0212341365214841,0.0,0.0075642849533381,0.0233671664818337,0.0040317543270278,0.0082052262865038,0.0474189634884456
76561198071193898,0.0661395319095397,0.0720722339775407,0.0281053384134642,0.0126371953873222,0.0307914082238187,0.0332087254275436,0.022529724559172,0.045189219026752,0.0,0.0576831785986645,0.0244703485394647,0.0096058886554334,0.0751339841596103,0.00483486823184,0.0093392844372355,0.0400292661133444,0.0084024339711663,0.0,0.0444843575692352,0.0156008887386781,0.0210002432228453,0.0110782808941407,0.054620295921603,0.0059051703802963,0.0261770354097753,0.0134723484787016,0.0080300898615849,0.0106852920194905,0.0144403595403296,0.0079164502101081,0.0059484303891315,0.0156401029182326,0.0,0.0058901498823093,0.0037952423892238,0.0039929571097529,0.0058901498823093,0.0319466800872777,0.0079164502101081,0.0054326481204721,0.0156401029182326,0.0188072067932722,0.0054326481204721,0.0451755751539878,0.0,0.0041207244177352,0.0137675626715733,0.0058901498823093,0.0311297771748972,0.0
76561198072888615,0.0334213413863571,0.0449484561964993,0.0171025000878409,0.0163802511735125,0.0880302759740017,0.020118759300479,0.0229506484084958,0.0412908606058937,0.0116522163779462,0.032841451097498,0.0095188279069136,0.011912183996293,0.0587453671442942,0.0116522163779462,0.0104194771156192,0.0226103441506235,0.0,0.0177672155932653,0.0420135715678981,0.0558292903951276,0.0124593368563004,0.0,0.0386524838067752,0.0062080073806601,0.0342768274407624,0.0483875345651877,0.0104169679752952,0.0310066546286588,0.0135465486207423,0.0,0.0,0.0187368463002146,0.0,0.0,0.0475507165383538,0.0048636372310368,0.0,0.0520884021125809,0.0,0.0,0.0138766844619187,0.0113552617254507,0.0,0.0181312587305432,0.0,0.0067871762360526,0.0109988004920075,0.0161149963501428,0.0202948390490691,0.0150417646417402
76561198073067799,0.0321188646546255,0.0508656390068815,0.0299357254348383,0.0479108643982051,0.004656601285393,0.0223837887870537,0.0123975918975143,0.0186341841891779,0.0312192535956534,0.0245127037605211,0.0403669617512548,0.042515795618404,0.0396440336254924,0.0360182603673242,0.0,0.0426545235797352,0.0125399973837922,0.0,0.0388079584114774,0.0,0.0474223635515984,0.0111731416144007,0.0532149478290082,0.0072796493701348,0.0095061016842822,0.0116064063287646,0.0261899885863802,0.0,0.0046942178499682,0.004656601285393,0.0330548150061393,0.0452834113319569,0.0063867650176402,0.0,0.0,0.0,0.0103531317578344,0.0186341841891779,0.0,0.0097334615164556,0.0281724808335002,0.0081474085556332,0.0140625372496805,0.0410477181377847,0.0102592234152149,0.0043267569586297,0.0142003195342504,0.0043267569586297,0.044390645840228,0.0046942178499682
76561198073458595,0.037955215624482,0.0668852585311779,0.024757861831995,0.034754524409436,0.0354848517377743,0.037423543659831,0.0431389472779098,0.0691029278328201,0.031731149372182,0.0307414306135343,0.0343990489128961,0.0037128742616397,0.0081738378544072,0.0267792905937685,0.008748344363154,0.0373042648104513,0.0212733522800754,0.0076279003130382,0.008748344363154,0.01434292071821,0.0103886590819556,0.004155539294869,0.0420171593036182,0.0,0.0390015076238944,0.01434292071821,0.0109661932736609,0.0110870322436255,0.0297966143774787,0.0300651052695565,0.0,0.0076902700972622,0.0,0.0165294593037317,0.0177894536240163,0.0074403308268114,0.0154866852261104,0.0411142023319853,0.0136438859110084,0.008214845906614,0.0,0.0233828636208155,0.0,0.0173236520677954,0.0038231881915975,0.0,0.0286411083493524,0.0040110016950604,0.0078587849130721,0.0121436473859595
76561198074367777,0.0682498877013005,0.052993463357814,0.0227565828363004,0.0800807237875918,0.004697300150086,0.0437020493392628,0.0252866968483427,0.034485309265861,0.0624628784301165,0.0118389520880364,0.0247970737491208,0.014459827983734,0.0372268775763361,0.0632627487091529,0.0142503346599578,0.015210602320518,0.0,0.0,0.0410614188216445,0.0,0.0420416874792575,0.0271015069603269,0.0310742385331811,0.0,0.0153517691413464,0.0,0.0046605582997049,0.0,0.0046605582997049,0.0216022853503268,0.0056662266790152,0.0563177634956722,0.0052411933056095,0.0098452930284646,0.0046605582997049,0.0115512356143006,0.0040014072751396,0.0118219566770469,0.0,0.0,0.0431863133194362,0.0403489358248475,0.0060136652945158,0.0212289455047164,0.004697300150086,0.0,0.0,0.0,0.0121038738424179,0.0
76561198075247829,0.0545017010261328,0.067113593780671,0.0120521159854279,0.0524616513387524,0.0126371785395713,0.031500096208904,0.0,0.0264300830536095,0.0386133536319031,0.0377556819240447,0.0272681060041359,0.0244502884621109,0.0409894349317515,0.0388556313268905,0.0049813585247466,0.0435180079261836,0.0415745067079839,0.0,0.0606434285763024,0.021037694119198,0.0220953909083307,0.0,0.0330912905596289,0.0148585553788746,0.0261448976247819,0.0,0.0072235384431195,0.0,0.01253887761292,0.0,0.0126854056011114,0.0281272202153244,0.0,0.0115919973916368,0.0,0.0050622709778752,0.0,0.0199230347476831,0.0,0.0,0.0275572580663227,0.0065118846372178,0.0054618671579919,0.0409894349317515,0.0049813585247466,0.0051007941517525,0.0312071686026572,0.0050622709778752,0.0249407080553737,0.0184608633647031
76561198075601306,0.039082574664586,0.0572874820801592,0.0341826469182517,0.0401421478300493,0.0258336603971484,0.0273573270745336,0.0208281506030244,0.0444859034040217,0.0359066392991259,0.0340346450143335,0.0428403589886458,0.0068757101390798,0.0545605687578019,0.0467585885841055,0.010970559971787,0.0385809612906253,0.0147686471033351,0.0052861311029866,0.0549751799334328,0.0097631583689548,0.0100399032800848,0.0093352640519898,0.0397572802528023,0.0,0.0389986264377324,0.0141803532339216,0.0,0.0,0.0,0.015747635182063,0.0093352640519898,0.0156476946362636,0.0,0.0052861311029866,0.0046826429479933,0.0045308645747537,0.0115942172265374,0.0208583575239022,0.0175363554659912,0.0062316603860823,0.0046653890561601,0.022402890385454,0.0131073705251622,0.0423089439056173,0.0063654703829302,0.0193622971652268,0.0121981306743763,0.004998129900438,0.0063080861235507,0.0
76561198076111958,0.0753674381655109,0.0768165338097388,0.0271610408640206,0.0658710744230908,0.0,0.0400737307574273,0.0111440051572614,0.0126429376119664,0.0375964599795245,0.0468887772023104,0.0576617495625666,0.0217607764227602,0.0514506406791695,0.0498564696741656,0.0051798367110854,0.0194032098888019,0.0309086923011429,0.0,0.0653952676668152,0.0,0.018999817915677,0.0103527989403016,0.0645417967944118,0.0054338013878089,0.0,0.0,0.0073034428551187,0.0,0.0,0.0051798367110854,0.0124832795662042,0.030344342008515,0.0051798367110854,0.0,0.0,0.0,0.0,0.0069319130135304,0.0,0.0054850211014797,0.0245284335323643,0.0099762857358445,0.0103651836219549,0.0466415720893421,0.0064171469225162,0.0051237434394037,0.0,0.0,0.0295331067759962,0.0
76561198076319546,0.0476891093152123,0.0503021369165977,0.0046349234485266,0.0778374350928351,0.0096942503670895,0.0159581030395169,0.0235477769761626,0.0531964980264969,0.0745236787195874,0.0214559554973029,0.0284807460361813,0.0089016634206206,0.0043847432096364,0.0697757489488801,0.0313845640733726,0.0464575505812189,0.0092703121714769,0.0,0.0105581978686779,0.0047742299358638,0.0387297097596899,0.0359273095508292,0.0331162023815234,0.0055998969799468,0.0249709903709323,0.0055018696078952,0.0,0.0047742299358638,0.0,0.0182161377722447,0.0172160821381305,0.0443187767100013,0.0137823375168782,0.0,0.0,0.0,0.0047661337521236,0.0337734243587738,0.0068136648382683,0.0,0.033190927114814,0.016775217558717,0.0049813883578657,0.0088350553880259,0.0130010810985117,0.0,0.0188746411094812,0.0,0.024007300054225,0.0
76561198078014024,0.0266307010924014,0.0059701812520364,0.0235448781305661,0.0321512572218237,0.0428544786348682,0.0277264556219079,0.0237307570349186,0.0176774611834227,0.0379911850570407,0.0178637808950323,0.0,0.0191861550189001,0.0565484017554526,0.0321512572218237,0.0,0.0289921437550607,0.0471591599415411,0.0,0.0632187419497145,0.0112167006419719,0.0382066739706185,0.0082655060951047,0.0314451910285267,0.0056933459351841,0.0207657590036724,0.0056198993796367,0.0154879423702264,0.0154879423702264,0.020557008607751,0.0053767728067549,0.0212024655714615,0.0805528494649471,0.0060486335199693,0.0113046397317496,0.0056198993796367,0.0,0.0058399278352169,0.0,0.0133865380432299,0.0187794959193691,0.0527400634488046,0.031346899448682,0.0,0.0187837303156674,0.0,0.0054072122797978,0.018349366607806,0.0,0.0166091016848867,0.0125094387725891
76561198078169237,0.0417762239699679,0.0295952507969289,0.0246100783641402,0.0742302478103637,0.041139925443619,0.063418734971391,0.0395540176661644,0.0087703349935144,0.0693560968120772,0.0344777815833065,0.0067417305342313,0.0,0.0,0.0686026014715599,0.0347702623320597,0.0386870276461495,0.0076934741381235,0.0,0.0632494856706823,0.0123863261128648,0.018196772274136,0.0443541513585538,0.0,0.0,0.0087703349935144,0.0221719270643998,0.0,0.0,0.0,0.0299583310848341,0.0113089990494922,0.0405575139946616,0.0,0.0120953587665634,0.0,0.0,0.0056276463388037,0.0093024544825037,0.0087703349935144,0.0056276463388037,0.0094264372806216,0.0242510414490585,0.0,0.0243241897107134,0.0236817838909736,0.0064727911206343,0.0,0.012765289577904,0.023277395913168,0.0
76561198078272251,0.0759217701278127,0.0574590770633325,0.0668930472601877,0.0263580775196087,0.0094603955764567,0.0425008510443118,0.0098947975264187,0.0209852436681571,0.0160152017317819,0.0305876277800649,0.0264292296599263,0.0156987302908267,0.0846943534602017,0.0160152017317819,0.0100891557641827,0.0256071768250721,0.0208808976890039,0.0,0.0256608267874296,0.0,0.0250746252792897,0.0100646422492266,0.0652785685035013,0.0,0.0160577758430809,0.0,0.0056444612933156,0.0083932077820695,0.0160577758430809,0.0,0.0157091035425423,0.0373247973082,0.0,0.0108010416831135,0.0,0.0057705709799264,0.0049973705331653,0.0155347616638037,0.0,0.037952411490369,0.0217548515192302,0.0221626481280097,0.0173381957521234,0.0473159567667544,0.0200808106688344,0.0,0.0101921302061982,0.0,0.0053426314576055,0.0
76561198078817922,0.0242411544007352,0.0766543207634225,0.0064944431625047,0.0611739389017788,0.0064944431625047,0.0133256536802921,0.0180202546134722,0.0437262516796182,0.0319382342221603,0.0199394660647443,0.0327541066716988,0.0293387300233222,0.0230657279852146,0.0314425859407419,0.0097923740011304,0.0626544411379786,0.0083418830139841,0.0,0.036722534679162,0.0,0.0378458308225047,0.0263421870119789,0.0302242336484131,0.0053332529592847,0.0443831279398762,0.0045418169545721,0.0314239422325002,0.0041097405000288,0.0075564449192022,0.0134805586318388,0.036098685807582,0.014913743957371,0.0168701917467064,0.0097116687333972,0.0,0.0,0.0087171572058222,0.0419970352651082,0.0138646583189167,0.0,0.0116225021282624,0.0182055038890903,0.0211197318756204,0.0125929170774351,0.0033896331148676,0.0045418169545721,0.0183058306146656,0.0045418169545721,0.0179440607061964,0.0042013659251471
76561198078883021,0.0571844885373725,0.0771128824201097,0.0245777591304969,0.0248180529925106,0.014567827389351,0.0336457782752337,0.0100988725729517,0.061783238852031,0.0103599983478886,0.057149209332157,0.0305579229678674,0.0311918081108518,0.0303203893061323,0.0054795675876234,0.0248180529925106,0.0475065927790191,0.0393522399705552,0.0,0.0201310983995257,0.014410719452301,0.0093092563740951,0.0044288256138298,0.0251512990268723,0.0186543597281544,0.0368289893573271,0.0236531856670078,0.0051983621760405,0.009790253835934,0.0045723055810945,0.0,0.0051983621760405,0.0158678852211595,0.0103608298959642,0.0,0.0091275945499464,0.0,0.0205572698848699,0.0523103318730943,0.0054085438050717,0.0147875052945629,0.0044683465686145,0.0090998714713336,0.0111817146045295,0.0253587896080096,0.0157362440565532,0.0,0.0284649371439809,0.0,0.0194184370694225,0.0
76561198078942414,0.04047540713514,0.014263479149577,0.0381605003162192,0.0455870506058151,0.0494323390242197,0.025558641690543,0.0517075001012397,0.0289184282925213,0.0246609122857901,0.026415395495723,0.0055691424781821,0.0056656371970998,0.0122869481358691,0.0246609122857901,0.053587207760847,0.0444611435771327,0.0100186595567793,0.0103422930128876,0.026903611408791,0.0142245519163364,0.0274605545516419,0.0330733993674115,0.0114871469974501,0.0400245155438704,0.0158584485211713,0.0290561985442015,0.0101988304686933,0.0240450371884493,0.0045282206843098,0.0439008553895659,0.0187438957009812,0.0140861372617752,0.0368779898500372,0.0048963727890313,0.0,0.0,0.0,0.0204005511768768,0.0104724742425224,0.0,0.0079490652344755,0.0230957171753701,0.0203941136151882,0.0042924916009338,0.0245772177906785,0.0,0.0,0.0,0.01715278419455,0.0045282206843098
76561198079488752,0.0375800776547141,0.0478540307370143,0.0304863177637067,0.071325210442722,0.0,0.0246776312020755,0.0222619598430495,0.031107193640639,0.0461196142526652,0.0361474432387251,0.0395904758824993,0.0167725577843404,0.0360212897840494,0.0655013376829567,0.0283277881158763,0.0241826071367787,0.0135888699998925,0.0,0.0363258563205159,0.0055736514061969,0.0399050976562195,0.0297079837380227,0.0460271455683119,0.0055736514061969,0.0114613506331481,0.0,0.0052136246238167,0.0,0.0,0.0110284553303721,0.0286269332227775,0.0311025441749143,0.0,0.0056598531064804,0.0,0.0042448104371625,0.004690093621614,0.0084423195294248,0.006837240576415,0.0201039121782583,0.0269113294209572,0.0282995698214079,0.0146585167947516,0.0299954134367948,0.0043226235439019,0.0,0.0046241100567331,0.0,0.0191195082338993,0.0
76561198079917174,0.0313288715763604,0.0402578594955005,0.0380833309286703,0.0375780154899245,0.0351301104855289,0.0293113253415884,0.0333958478212331,0.023403104433384,0.0341796766912559,0.0209058902907014,0.0398831997250429,0.0301978734568171,0.0506206641638821,0.0238753463369116,0.0110153641341574,0.0098003884082667,0.0158389125328743,0.0199820485592985,0.0551728859243791,0.0293849413611987,0.0275984761680391,0.0099845404690595,0.0172393016428526,0.0312326289903567,0.016770897312865,0.0226640178901676,0.0056421154528643,0.0056421154528643,0.0113599693048435,0.0,0.0113665573873522,0.0243073318053539,0.0100401567553214,0.0124876934271222,0.0142172946485018,0.0,0.0223890060407041,0.0065567080831795,0.0062416829002846,0.0100401567553214,0.0137818363612582,0.0145679687184638,0.0238003429920164,0.0333830932459708,0.0168141383787062,0.0,0.004887098959716,0.0,0.0127521147401207,0.004887098959716
76561198080978566,0.0609880552245151,0.0467191913934936,0.0354609179795097,0.0346624781157245,0.0380541229750241,0.0598283959657697,0.0256847587531374,0.0428568394389774,0.0289444613048784,0.0397058047517226,0.0212138535669976,0.0057180168108461,0.0381348425817614,0.0289444613048784,0.0090239402430685,0.0274309731321755,0.0237341534259542,0.0226837224334703,0.0214859433907985,0.0043640982028819,0.0297314707367382,0.0068468415742804,0.0083872781492143,0.0,0.0116606722330944,0.0193623779602182,0.012869728336314,0.0131456755273543,0.0151518089012979,0.0049310073789863,0.0,0.0479386946926424,0.0,0.0,0.0043640982028819,0.0232228989782845,0.0083872781492143,0.0161720985842418,0.0057180168108461,0.0174158833821086,0.0228475507412033,0.0269308039227817,0.0068468415742804,0.0135121374449853,0.0083872781492143,0.0,0.0333390148585306,0.0141175293054931,0.0,0.0130739834102066
76561198082199261,0.067127981229893,0.0515569681610876,0.0400960024607124,0.0555034350503313,0.0153124427512556,0.0388536251177312,0.0099749212894848,0.0545818385229181,0.0286320535922658,0.0326197400507754,0.0418259499058565,0.003418698530716,0.0172764167885736,0.025321967067733,0.0328769484641071,0.0469800410299088,0.0210043017215226,0.0031171925024807,0.038257500201665,0.0,0.0261073466928676,0.0224167501782168,0.044861943811894,0.0,0.0202148951988729,0.0,0.0,0.0,0.0136746128721611,0.0095797129266367,0.0199948454262368,0.0207335478653886,0.016645235580229,0.0097961915660425,0.0,0.0,0.0034761451571566,0.0243169031424579,0.0034761451571566,0.0251673557789192,0.0119883210651847,0.0251514133000313,0.0216982372414214,0.0349853851955152,0.0065358910331968,0.0,0.0061800495302049,0.0,0.008661046841189,0.0
76561198083275991,0.0459278652541941,0.0282153171090878,0.0261919888650039,0.0525849330632394,0.0285392745487105,0.0396133297992845,0.0551924556230504,0.0284032823929012,0.0300793488708619,0.0327304278778754,0.0326542953447091,0.0276448935061813,0.0173832133209069,0.0314548863354894,0.0376939051457306,0.0282739467984977,0.0312685366026853,0.004170631979268,0.0239340781157657,0.0316638044251612,0.0042460765939782,0.0209088930139143,0.0305319231633507,0.0173087404047116,0.0156506017165212,0.006653466813204,0.0156398661952602,0.0248096637830756,0.004512092082841,0.0197238800979787,0.0196812564010816,0.0123267568594615,0.0202595718581937,0.0173600206594459,0.0147322568129045,0.0,0.0126463175577685,0.0114045251225429,0.0094590848846802,0.0,0.0038497470437425,0.0042460765939782,0.0172355626482445,0.0155343347686183,0.0150239464887691,0.0041788669358766,0.0047510583093389,0.0,0.023704998211911,0.0
76561198086810047,0.0508537172208968,0.0774356694867624,0.021632362065276,0.0363307186168377,0.0371201578988857,0.0127258955847077,0.0134744103800311,0.0526303443859265,0.0131874470302522,0.0297227108817441,0.0269288493536626,0.0190156660178839,0.0145531525392858,0.0099964366918099,0.0200638078265966,0.0352862360818518,0.0047402946709432,0.0,0.0104436044919137,0.0236945749616867,0.0384766045550387,0.008897228255678,0.023134054957618,0.0108913660464263,0.039029523233342,0.0314505020270262,0.025214310618182,0.0209831884324585,0.04120928817333,0.0080709190021819,0.0044416034076097,0.0039742647359271,0.0,0.0041574960593384,0.0364486812338984,0.0041574960593384,0.0,0.0338581989154112,0.0148812625749296,0.0076595317175328,0.0165819984794775,0.0214111009961268,0.0182727244994568,0.0110915969750365,0.0,0.0,0.0288988062974146,0.0,0.0104360766945946,0.0265361198656695
76561198087883574,0.0390081592355028,0.0688317222394226,0.0061129999492542,0.0149010238831651,0.0282301113925979,0.0430141014439462,0.027217701155505,0.0864034450542774,0.0114033412407647,0.0281086777115709,0.0155282751717757,0.0098216960996756,0.0,0.0105132476708127,0.0033531585943427,0.0273401688817501,0.0155407616288239,0.007602374147477,0.0227444061480455,0.0,0.0467609407460727,0.0,0.0094453725318372,0.0,0.0728498684739225,0.0038584418007604,0.02257248116742,0.0052637485201053,0.0830911610388216,0.0083598865405941,0.0,0.0214111970655345,0.007310088367495,0.0,0.0428190742546777,0.0092553577094175,0.0,0.0215163719839064,0.0132770703829398,0.0,0.0174810196071034,0.0658031059132558,0.0,0.0061129999492542,0.0,0.0,0.022561862851342,0.0041155218202332,0.0033259770798205,0.047133080546774
76561198087896550,0.0518269491738172,0.0383627469677088,0.0295999565621908,0.0581733701652382,0.0460505586981339,0.0583107233674277,0.0353111887250511,0.0364317988927779,0.0381608781655729,0.0364435785466997,0.0203295409216751,0.0,0.0096348404242718,0.0433175337694113,0.0392539773199722,0.034735521133451,0.0141846901934387,0.0,0.03771959060775,0.0093454020745339,0.0263174669787927,0.0273499125348549,0.0123844003754466,0.0044380876997298,0.0256055540815601,0.0282685533830953,0.0071876476509046,0.0116257353506344,0.0,0.0194162953644789,0.0102720862851793,0.0256624267510241,0.0264736466826044,0.004726758904595,0.004420037485963,0.0,0.0089958625327536,0.0259618989127007,0.0062987748371267,0.0046186431699388,0.0084134855607949,0.0264448109608926,0.01071275071117,0.005196752724542,0.0057726420285322,0.0071876476509046,0.0,0.004726758904595,0.0143285167680612,0.0
76561198088724831,0.06958591165286,0.0612492731362848,0.040750170025819,0.021142579540678,0.0428147346960323,0.0467076138013104,0.0148019911959961,0.024527143043263,0.0039710221354925,0.0319052463936366,0.012461899825031,0.0434314946536077,0.0234452932329471,0.0,0.0225920855658068,0.0175124553602797,0.0145928387917882,0.0184468375610604,0.0207651716272388,0.0072820139252464,0.0178315877509241,0.0137229059006145,0.0227795486656687,0.0286156403130296,0.0102444083883468,0.0,0.0175989778627609,0.0168696847596778,0.0170764955069367,0.0063716101503028,0.0144082004745555,0.0326500282286196,0.0131913274227982,0.003626304122624,0.0,0.0200884988963048,0.0086368549422527,0.0115411040662023,0.0086368549422527,0.0059713512940774,0.0453559701682731,0.0093756332137027,0.0033109917897538,0.0183971969867669,0.0092388598314022,0.018205175606589,0.0328919373089721,0.0168433188267432,0.0154689420608425,0.0230648143546244
76561198089859684,0.0388405389639354,0.0444843224730288,0.0396481585714734,0.0502010682424338,0.0,0.0400557454542888,0.0240613714651914,0.0709313760750757,0.021372168922677,0.0401315316802256,0.0313274581133596,0.0315517839630414,0.031128987297005,0.021372168922677,0.0039897038511527,0.0136608209532782,0.0128836077668318,0.0085496325019305,0.0,0.0122980970096255,0.0387227777979309,0.0038212018832275,0.0596658902849591,0.004917936252309,0.0361187572650351,0.0,0.044420105772292,0.021083847856348,0.0124675062810052,0.0124999822686118,0.0038212018832275,0.0162222108401222,0.0,0.00847503673745,0.0400372318440695,0.0108557224266195,0.0082040758114499,0.0146482572425019,0.0083592592027492,0.0108178012202598,0.0065214087550322,0.0438109183998356,0.0145662657279548,0.0193256513402111,0.0045599286507777,0.0,0.0195684820287868,0.0,0.0,0.0
76561198091122227,0.0667137150225537,0.0737757858520693,0.0487361091985574,0.0283954546582916,0.0349075364817128,0.062591067607789,0.0241781028580677,0.0339430061295277,0.0250244790149891,0.0363145604729178,0.0500542848152481,0.0101918693989849,0.0399791891916922,0.0193721700983657,0.0199553322353445,0.0154453541756868,0.013225250339175,0.0259225550969427,0.0403375974092894,0.0317852344165542,0.0160998723859918,0.0214011754158634,0.0280883023004609,0.0051043029708856,0.0115654595851268,0.0178550602977909,0.0272119937482639,0.0038278690389134,0.0038278690389134,0.0043759933474359,0.0105206006404168,0.0111634602913584,0.0,0.0119527886133288,0.0051478091558302,0.0077918697217629,0.0215465617495068,0.0163570971215917,0.0,0.0096408075948022,0.0064749198722864,0.0103939014613266,0.0098554072018978,0.0143555909502983,0.0198009954857204,0.0,0.0,0.0,0.0047916375364649,0.0
76561198091140590,0.0503621552558235,0.0502693539710881,0.0582975664016375,0.0191182116090561,0.0577600055974748,0.048075769998016,0.0443567925147173,0.0360266050577942,0.0035291426427166,0.0369736492488395,0.0170069449594897,0.0057665936474772,0.0348553112884376,0.0,0.0085507190973581,0.0177625413711898,0.033750112806416,0.0043436436214351,0.0325000858442329,0.03401387950342,0.0101390027398173,0.0074035406996184,0.0395858816289994,0.0045668276117453,0.0333404812693998,0.0287797450411288,0.00437240909234,0.0059986252352299,0.0269996799986367,0.0041178338343599,0.0075413489554221,0.0084462813608179,0.0037136563581869,0.0188435806174978,0.0208837305558268,0.0059480772619604,0.0057665936474772,0.0089583053978417,0.0,0.0536396988068408,0.0045529941437622,0.0288404858691671,0.0229033585132139,0.0073452113393424,0.0037136563581869,0.0058417310697892,0.0139045930860519,0.0059986252352299,0.0,0.014534959835487
76561198091232355,0.0356978641321339,0.0532267580302589,0.0263247526055772,0.0074108694932943,0.0222566616405941,0.0465484612436603,0.01124831463383,0.0296256940613432,0.0045184683134953,0.0285693347270958,0.0349912726164038,0.0345280188372325,0.0604538260002421,0.0,0.0,0.0284352005546597,0.0308565291965488,0.0093833342562093,0.0446044953218222,0.0167320492769097,0.0092056753023591,0.0,0.0420971305083524,0.0223034379031529,0.0289667145466452,0.0172406457708518,0.0148301276792071,0.0065611076449662,0.0148384442888706,0.0,0.0108823987764779,0.0513723949518086,0.0,0.015429095269063,0.0,0.0166283018167387,0.0095390395915525,0.0278560246005116,0.0,0.0217289545501759,0.0266646866359942,0.0113381200798078,0.0076101236254035,0.0209867078056776,0.0048518326026887,0.0050499823054808,0.0391614686611912,0.0065611076449662,0.0252793464496791,0.0176052260470644
76561198092225547,0.0814759143943759,0.0373918007791417,0.0520791703208787,0.0222154629192584,0.0234513092421703,0.0409592473964754,0.0148790821502338,0.0237419175230355,0.024519122254278,0.0522393900809062,0.0254300152945127,0.0330330300523474,0.0273711301875072,0.0174538617780337,0.0217454645772635,0.0138972102754188,0.0273459647243503,0.0054523421767212,0.0393674970472167,0.0230187793109183,0.0220810800484677,0.0099186029597945,0.0295833115587096,0.0100585397937475,0.0114450575635717,0.0049802985263458,0.0164188070753055,0.0,0.0114450575635717,0.005083106106392,0.020244271759165,0.0,0.0,0.0173939816929058,0.0114147927783259,0.0049145886628149,0.018017210480124,0.0171858160739724,0.0167039262251596,0.0167619092026665,0.0,0.0128736750553211,0.010250185604525,0.0351901861309971,0.0240568904278901,0.0258483034265655,0.0063619514571797,0.0111783850302831,0.0171604008539728,0.0063619514571797
76561198092251510,0.0598234460055636,0.078138230447982,0.0104633939459441,0.02672569769805,0.0205643557579203,0.0209993477728206,0.0234004943608396,0.0504485014576333,0.0420381160327405,0.0414443722084812,0.0465042104827601,0.0,0.0338005636547724,0.0330051859722862,0.0115697508953674,0.0454270197884094,0.014245638195761,0.0,0.0374080399421921,0.0214853243145216,0.0234958190717051,0.0116840740419418,0.0447469059766658,0.0116223037696264,0.0283043897955329,0.0154529629226939,0.004820377497626,0.0,0.004820377497626,0.0261524226469812,0.0231313457937156,0.006410775142939,0.0,0.0,0.0087871536258035,0.0,0.0167053710580877,0.0325285603933559,0.0,0.0,0.006410775142939,0.0226927356447014,0.0111423042534288,0.033942885794706,0.0,0.0,0.0186969921814072,0.0,0.0309597788144695,0.0
76561198092612698,0.0398656585486796,0.0543572224776541,0.0421944447528038,0.022802997957585,0.0430486503609298,0.0433267118114953,0.0070334438658798,0.034965872026852,0.0174113795647472,0.019120116129588,0.0258242067177283,0.0233968854101151,0.0934353621394213,0.0174113795647472,0.0,0.0273557584176346,0.036163711270283,0.0,0.0242904291220009,0.0,0.0107318341736009,0.0117305232568768,0.0371105777474164,0.0174995308450575,0.0229259324866628,0.0136710146456358,0.0070334438658798,0.0135547122561074,0.0378390409075101,0.0,0.0182202031070075,0.0477250205119246,0.0,0.0060274662992704,0.0053402157807631,0.0,0.0,0.0115515521868179,0.0055127456949087,0.0123370810910672,0.025733715934301,0.0170330374077211,0.0,0.030983585024916,0.0117206157111657,0.0,0.0287319016979902,0.0,0.017554213316839,0.0174278059124131
76561198092647624,0.0387515282275064,0.0462625938742857,0.0189209703498868,0.0486907571746445,0.031255741876063,0.0446663855324809,0.0517670219264615,0.0671566328999035,0.0259498866962028,0.0214260227222629,0.0328953909580741,0.0213756858097094,0.0157128633562625,0.0219489833786244,0.0117151780013415,0.0178060062340485,0.0094277870044463,0.0083893462168238,0.0119935274989028,0.0409247848707568,0.0234446376365074,0.010917387100694,0.0249621850686325,0.0207878643375734,0.0343253345703269,0.0267880019173831,0.0275276966058694,0.0054956112466013,0.0212401569411929,0.0232522625696684,0.004447865128244,0.0086471085683346,0.0,0.0101738055077326,0.0399753395612713,0.0126826490853961,0.0039104792709222,0.0110274304200081,0.0080798500429607,0.0055240055264528,0.0,0.0263175535888268,0.0144909301425984,0.0150104910789646,0.00646952197245,0.0094645257131385,0.0,0.0037670439984721,0.0,0.0142331677910877
76561198093260511,0.0412052975038351,0.0816622405580291,0.0306966159012258,0.0225264519070537,0.0329369220522019,0.0141223438259359,0.0083012343119425,0.0778829574115306,0.0071307418770273,0.0604603229302085,0.0109471331845856,0.004008927956418,0.0182327700664938,0.0109452618393448,0.003408571659439,0.062452998073187,0.0543673036540327,0.0032800989401729,0.0197474199525654,0.007166537425839,0.0071089544804464,0.0,0.0216749388753499,0.0,0.0740923412307633,0.0268670926788984,0.0,0.0102078806787009,0.0287252052646209,0.0050003827190295,0.0,0.0038176721809645,0.0,0.0068135549479137,0.0136996157926259,0.0035398864119143,0.0,0.0417007480564501,0.0153894361396489,0.0181611718846678,0.0,0.0259554388742158,0.0075012884732855,0.0106043431163786,0.0071546456585776,0.0,0.0513129661255988,0.0,0.0109265389566562,0.0382637464222226
76561198093336856,0.0440487489962298,0.0498633640480934,0.0200216158342693,0.0694218429941359,0.0150268757432046,0.0201431068713738,0.0296894495268667,0.027652082297481,0.071006340671284,0.0138129244675548,0.0337285459019363,0.0053687297629404,0.0349514017828028,0.0573650375363569,0.0217987746274449,0.0396109047393743,0.0199716377827299,0.0,0.0303633076993198,0.0164118266886714,0.0336297794286484,0.0193957370720777,0.0329662590917896,0.0114977320006092,0.014982717582945,0.0104903289710045,0.0099109666915896,0.0059525834004277,0.0,0.0178141696103953,0.0197867836295684,0.035354345385567,0.0,0.0,0.0,0.0,0.0,0.0225402806941348,0.0101600827157819,0.0,0.0402247516905724,0.0147324354323647,0.0044907299132601,0.0233980206111212,0.0045871729842598,0.0098465425432306,0.0098773227628122,0.0053099957710306,0.0227947440447373,0.0
76561198095755900,0.0646259954512184,0.0664310672899353,0.0410222460252391,0.0379081242361046,0.0415795280567412,0.0532197751887626,0.0164486869270384,0.04962542205533,0.0313557441963988,0.0356047555091073,0.0326042921047483,0.0105171877501385,0.0428462004295971,0.0264294732489679,0.0309417782414804,0.0500758618865293,0.0101057872458469,0.0044164743414098,0.0573463462394092,0.0206140503483747,0.0212890128107219,0.0137048345813507,0.0236321201688867,0.010440695505811,0.0233266060592569,0.0110412122749977,0.0057871448876909,0.0109345419929379,0.0057871448876909,0.0,0.0139533349853253,0.0057008585759671,0.0,0.0044603930496237,0.0104988189830946,0.0,0.0,0.0336460820658027,0.0,0.009282591414454,0.0,0.0,0.00453735678618,0.0267312023577435,0.0301005819468297,0.0,0.0,0.0,0.0056395250055643,0.0057871448876909
76561198099004296,0.0227187852479612,0.0470223645685206,0.018953052708743,0.0700941181198312,0.0042239870519464,0.04531554054969,0.0482428384976061,0.0598630703403792,0.0477613438381639,0.0284110418707528,0.043994912417457,0.0205612944315699,0.0204265030829484,0.0438414590249648,0.0,0.0179584655926369,0.0092883413004562,0.0,0.0174847213243266,0.0038787007757909,0.0488465825448308,0.0,0.0457251465951787,0.0066150491067719,0.0337063103203319,0.0,0.0205352223687979,0.0120226762451269,0.0253985028389163,0.023685614203381,0.0,0.0232130310823216,0.0,0.0093505007031665,0.0,0.0104131348164266,0.0042534547637582,0.0076210496504443,0.0265136078318999,0.0,0.0196940715598251,0.0609674606019044,0.0,0.0092689820550173,0.0,0.0039768565192564,0.0137595540709664,0.0,0.0161089366910102,0.0082837146869208
76561198099250072,0.0460811064033318,0.0926897234947044,0.0100378144738831,0.1045573127448868,0.0,0.0201393855631471,0.0164258394499807,0.0611119940186694,0.033378305916389,0.0327741172926709,0.0379127279118129,0.0164771227876043,0.0046719685262902,0.03902325907459,0.0081300763183932,0.0277585236620597,0.0,0.0,0.0275816571502755,0.0,0.0893433597984596,0.0202601840142507,0.0103169216844912,0.0,0.0271053688561495,0.0,0.0048238939968193,0.0,0.0118510878915665,0.0060764131443055,0.009510778840475,0.0280124599687961,0.0060764131443055,0.0046719685262902,0.0169799295250104,0.0046719685262902,0.0085131612197762,0.0232457501483775,0.0257014279379104,0.0,0.0280124599687961,0.0444611248573555,0.0053658459475928,0.0,0.0,0.0221756012975643,0.0162930535682513,0.0,0.0043517336268075,0.0034281587216675
76561198099562777,0.0499238978542542,0.0656123593059888,0.0466163948053988,0.04728268723752,0.0377811858254491,0.0231437427895039,0.0050744725643285,0.0566780798222815,0.0428063946163513,0.0364878054586544,0.0063740666900131,0.0052982733791861,0.0375763193597283,0.0427165052718062,0.014747638631914,0.0313679924184765,0.0119269841733008,0.0,0.0244102927300814,0.0,0.0348874285661077,0.0238328543327225,0.0341829671995205,0.0048489672800936,0.0177519186287968,0.0,0.0,0.0094594335547624,0.0232253878654105,0.0,0.0213988435592129,0.0264605341344356,0.0,0.0105847325024209,0.0045380501499058,0.0050990103389098,0.0152368876765075,0.0073282204449257,0.004746330476869,0.0331462935330781,0.032155922847258,0.0283437446119606,0.0285653287547454,0.0175030626307308,0.0048550294969163,0.0,0.0155227085227809,0.0,0.0054022396187802,0.0050990103389098
76561198099985988,0.039302138564652,0.0802887415030776,0.0037819039151849,0.0566279875301749,0.0097894157775173,0.0075346187657439,0.0156880726250659,0.08477193230386,0.0412135206988988,0.0241966277760771,0.02774357459489,0.0086950669663837,0.0,0.0421867857889535,0.0,0.0314012755411585,0.0171180105666579,0.0,0.0255668615733891,0.0,0.0829195339733708,0.0071766495341169,0.0149612481996267,0.0,0.0408639121078417,0.0,0.0202463323949677,0.014715962870354,0.0317409889736342,0.0035674150015581,0.0115061492700969,0.037025066903146,0.0,0.0,0.0140005204206488,0.0041039468091793,0.0,0.0134968305160568,0.0204197745540813,0.0093914287579216,0.0428718193508959,0.0589327578689316,0.0118259520325328,0.0,0.0,0.0052033769197534,0.0133184061673379,0.0,0.0059844362955279,0.0198209565867328
76561198100098775,0.0509349702386027,0.0475061479192882,0.0755563845018466,0.0106605583354759,0.0110504148570709,0.0514968971656451,0.005293494753827,0.0246841476570264,0.0106605583354759,0.0262915882867877,0.0480922232125937,0.0260491476518596,0.0866896771094391,0.0106605583354759,0.0,0.0064686668200529,0.0,0.0,0.0419905810215389,0.0159684625871906,0.0106605583354759,0.0163647163044931,0.0481523240881421,0.0387687461017205,0.0064686668200529,0.0,0.0083338472030252,0.0236670025851459,0.0062419921760424,0.0,0.0441966334569413,0.0400359103219426,0.010230938669086,0.0115562936234646,0.0,0.0,0.01250479104568,0.0064686668200529,0.0,0.0199984979578066,0.0400359103219426,0.0,0.0254557475008848,0.0584559668271546,0.0110712215506661,0.0,0.0064686668200529,0.0048084226810285,0.0,0.0
76561198103186740,0.0474663033848055,0.0918878709461804,0.0389865059588378,0.0324700068224498,0.0042973356341592,0.0259693319246684,0.0089836106863746,0.0959623365668858,0.0133996046752787,0.0609214139222528,0.0385645895973472,0.0039390597323371,0.0392055562057268,0.019228352918201,0.0050953090804876,0.0663316487248387,0.0239448808855054,0.0,0.0123599466871226,0.0049238753589203,0.0127233218740438,0.0092366356756056,0.0444018627966805,0.0,0.0485538682361322,0.0042973356341592,0.0088629350912575,0.0038633428734497,0.0118784988396402,0.0040597353274542,0.0088391478881318,0.0045500035591542,0.0,0.01251994788732,0.0088629350912575,0.0084529827475437,0.0,0.0558066792972381,0.0037778933000944,0.0045500035591542,0.0040645518975412,0.0171923639330405,0.0038518159829511,0.0263008531095331,0.0,0.0,0.0390670550510254,0.0,0.0162775932426011,0.0040710973926091
76561198103234257,0.057441792538927,0.0301565702635965,0.0275461495465103,0.036843225804886,0.0469836250308745,0.0363600247468663,0.0211501873871586,0.017472211638695,0.0250154717293007,0.0142457778240178,0.0070223338353439,0.0150735251908657,0.0098439072857423,0.0220586495197393,0.0198595519343097,0.0597433012819237,0.0343420424719421,0.0104132557632565,0.0462623214915511,0.0041851332266003,0.0311924967537377,0.0046939771844214,0.0152028641041745,0.0,0.0281973805160254,0.0327498330603935,0.0085563787336955,0.0043712455070951,0.0242492846964186,0.0166598765243643,0.0046939771844214,0.0582167215390893,0.0102267963918604,0.0055929617235039,0.010263398688771,0.0190326351139287,0.0040146815901557,0.0307055877713868,0.0040655116257825,0.011740925317089,0.0164177356120105,0.017524016253461,0.0,0.0112927258195196,0.0115662252919213,0.0108088536714155,0.0314166776160283,0.0,0.0110370154254996,0.0234911577717202
76561198103942045,0.0770800063631419,0.0631620015903713,0.0252669048299899,0.0484916397873241,0.0131538684703951,0.0283719027193889,0.0307128775339497,0.058894903238972,0.0335207013079193,0.0291771049981758,0.0433950936834468,0.025466815772315,0.0131482559815268,0.0240388696166051,0.0149862308448186,0.0162727269218582,0.0232610211086519,0.012820473613656,0.0299850256394201,0.0040580742417403,0.069600806365633,0.004607555783212,0.0040580742417403,0.0,0.0293247620849881,0.0,0.0252583609720111,0.0098437905186988,0.0169090379566719,0.0100528127090333,0.0,0.0206732969372415,0.0,0.0084569750637167,0.0135266540785255,0.0160637081705483,0.0084569750637167,0.0097748290298232,0.037096661223192,0.0,0.0189319659995306,0.0574300846805056,0.0127702724463608,0.0,0.0,0.0,0.005768966251438,0.0,0.0,0.0061299121597437
76561198104612711,0.0463937860424905,0.0723800099208754,0.0161750024528542,0.0595666002608669,0.0081515465667469,0.0269845600474031,0.0040801035632152,0.0595206007392261,0.0526363471210758,0.0380263873176218,0.0259748751337155,0.0080799675203024,0.009463082545895,0.0558309772574084,0.0329624993858937,0.052747014081607,0.0516522069974827,0.0,0.01933111722411,0.004315206127162,0.031109257407971,0.01616779147072,0.0300801280119231,0.0,0.027828957937635,0.0081515465667469,0.0,0.0,0.005251219722693,0.0039512933333457,0.0117151795039957,0.0234497003471638,0.008031396896561,0.0,0.0081515465667469,0.0089125627360274,0.0040801035632152,0.0402672631900173,0.0,0.0,0.0284935823169927,0.0254543699170117,0.0039512933333457,0.0172993119196617,0.0,0.0,0.0203809362356894,0.0,0.0330006687165827,0.0
76561198105432969,0.062766210265371,0.057875449221565,0.0231336892302219,0.0763749342896745,0.0183129032975471,0.0307455033017987,0.0319000189126473,0.0323751864387355,0.0366106447299595,0.0170415900882719,0.0241611818774937,0.0078343258702766,0.0313565702798076,0.0366106447299595,0.0298222034815734,0.0468492955474246,0.0194637238440434,0.0,0.0452819937672506,0.0034770228246915,0.0244019412169894,0.0193509378543414,0.0352173065531761,0.0,0.0188286856999971,0.0,0.0195006258597392,0.0077625917419043,0.0062429135506247,0.0111496734626764,0.0175639911064507,0.0211333875412088,0.0124447488449801,0.0055302039823031,0.0,0.0,0.0,0.021322394202438,0.0117205851164702,0.0119038439603763,0.0211333875412088,0.0307286311389487,0.0218806164863347,0.0098142933692376,0.0055859167202847,0.0182099555019892,0.0109943598297204,0.0,0.0055859167202847,0.0
76561198107189063,0.041375282899027,0.0549452989321755,0.0409455752297911,0.034096679929594,0.008788137378091,0.0446435315014669,0.0042810860703099,0.0261495501055218,0.0292783255998744,0.0276584370011532,0.0706452911013122,0.0292027569021865,0.0485548000034508,0.0250520059397668,0.0052064526171234,0.0327753770939216,0.0264549655957486,0.0040340096684118,0.0427975912779147,0.0043926243077013,0.0205941880212896,0.0052064526171234,0.066333267349958,0.0215982917029995,0.0177005135809667,0.0043926243077013,0.0060770479985091,0.0040453015964667,0.0,0.0094875386874333,0.0153288022120993,0.0248778019118237,0.0052064526171234,0.0128865592727585,0.0043926243077013,0.0170032641559506,0.0040648616504251,0.0307139035704816,0.0,0.0142283906717645,0.0163269096111424,0.0234061476697651,0.0192596516052992,0.0292854989553689,0.0,0.0,0.0089123762028757,0.0,0.0173937505684285,0.0
76561198107786111,0.0559474052688933,0.0589939454569285,0.0419917362729594,0.0581358349706481,0.0263321545764212,0.0363507983552304,0.0280326738380296,0.0644048713356749,0.0446205564335006,0.0393310366460078,0.0449122379626516,0.0154904067479527,0.0216237739501548,0.0385142938001715,0.0154638197009204,0.0442962022306846,0.0186658004458463,0.0029168871686105,0.0227136820731579,0.0061592500417293,0.0209414160672589,0.0155299647084138,0.03843426284223,0.0033588123051054,0.0179047212470908,0.0090496220789611,0.0061592500417293,0.0031893754647185,0.003701171052176,0.0199493779229497,0.008127500200375,0.0102113848806603,0.0051272181104722,0.0083515954316788,0.0,0.0166336420669048,0.0,0.0222047331126007,0.0082705896219218,0.0032322011995158,0.0038995685075248,0.0416837464263589,0.0185452992804969,0.0259223623023365,0.0,0.0,0.0,0.0,0.0046748178523447,0.0
76561198112849349,0.0483196834080723,0.0502885099471704,0.0396526316678244,0.0194373626959659,0.0395091633884373,0.035506742766224,0.0424828268349747,0.0607886772815993,0.0101648770468148,0.0184738206343998,0.0246081630619139,0.0048533014868951,0.0235689282997423,0.0101648770468148,0.0177268398664621,0.0291088128523504,0.0051666473180125,0.0,0.023537624596327,0.0202347383781263,0.0477080036692897,0.0190039569754956,0.0388564915287857,0.0157519569288043,0.0498572315122281,0.0195588062779886,0.0215708462789907,0.0044926717103439,0.0344045560346677,0.0092908849257882,0.0044483800985289,0.0137160532771163,0.004938399454545,0.0044591190369261,0.0204677075797809,0.0049138368505026,0.0,0.0297110719996714,0.0063523180024736,0.023946502527775,0.0053339095329658,0.0105005568509783,0.0162035121480667,0.0099694153471744,0.0,0.0094336508516852,0.0186918710707068,0.0049138368505026,0.0191217086244972,0.0087885154755913
76561198114540370,0.0908658402888065,0.0558857519280334,0.0593589793674431,0.0381396594074805,0.0055080920365079,0.0491811779611185,0.0073193348607779,0.0178426487162148,0.0263772631660326,0.013408696338346,0.0443509816589025,0.0264529481308424,0.1012658191493653,0.0202539586401778,0.0131100122990528,0.0067631101725265,0.019447894683816,0.0,0.0187014970867319,0.0,0.0202539586401778,0.0134908484676513,0.0532622497259324,0.0,0.0,0.0,0.0120153599620266,0.0087378014711377,0.0,0.0,0.0141497391469493,0.0372514488890404,0.0,0.0059319802561943,0.0,0.0119632834632133,0.0,0.0147765945298746,0.0,0.0393570195861749,0.0170006134827273,0.0195928339570103,0.0189690850000106,0.0404874822206037,0.0269302727322021,0.0054675410776221,0.0058995585243457,0.0,0.0202286629749274,0.0
76561198115422851,0.0465570332727571,0.0296515373900486,0.015636630995175,0.0521455162556462,0.0429944241622779,0.0125238828389973,0.0330649197140256,0.0136950586531027,0.0282410401112502,0.0168152408560618,0.0205250731406453,0.0141898705700844,0.0543892684208745,0.0383274402793605,0.0342448755651958,0.0304701692630902,0.0059188442893058,0.0,0.0438129930431422,0.0132843473781693,0.020143664053923,0.0326095308518412,0.0316175992012193,0.0073242939337546,0.0146083400900348,0.0314743476923691,0.0047988417880289,0.0196762876328211,0.0149582898941402,0.012700071774313,0.0195543631890385,0.0185893527253717,0.0298701800677222,0.0155035236768895,0.0,0.0039623438056639,0.0080782626961278,0.0178557336681772,0.0094311159091637,0.0,0.0121781792000435,0.0123827618160665,0.0149857385165193,0.0362765117574658,0.0102608308952793,0.0042849048510747,0.0044488919839235,0.0051576630518407,0.0306207609718628,0.0101594481061113
76561198117435171,0.0581252078456232,0.0647777012963615,0.0248893923090379,0.0599797463598831,0.0119443106214799,0.0441344875234073,0.0122295379378808,0.0422790399636242,0.0547452645079012,0.0198584731832553,0.0523401722297634,0.0205495201179523,0.0190393050303384,0.0476169975362191,0.0072212461731011,0.051453888620286,0.012269769622245,0.0,0.0622374030977119,0.005859398331833,0.0290459093956592,0.0189297822544957,0.0336574450991188,0.0118257694567932,0.0252580373480347,0.0122165699429832,0.019006613261658,0.0,0.0,0.0072212461731011,0.0205695680728944,0.0165418709658873,0.0072212461731011,0.0,0.0,0.0,0.0,0.0381721371453834,0.0,0.0,0.0165418709658873,0.0088673064562565,0.0125970176311909,0.020789118170097,0.0058920901005135,0.0118257694567932,0.0051415026505628,0.0,0.0071282669716821,0.0
76561198117724596,0.0644134419689441,0.0626448293716368,0.0486314351080522,0.0211903678169144,0.0379567014106634,0.0706203803448653,0.0429842491199365,0.0413086380117921,0.0252378247514748,0.0401756008041984,0.0483947523702255,0.0240006210351984,0.0216887499788302,0.0212551521856347,0.0187488819139051,0.028086492126169,0.0218083932644681,0.0044852830204168,0.0466788437335212,0.0180182590759463,0.0041070649874097,0.0097731137633881,0.0436277622147974,0.0089222714113563,0.0092861513973746,0.0194537793975438,0.0139863929855339,0.007942158021683,0.0055881911678067,0.0162069186207589,0.0097771757298879,0.0,0.0044852830204168,0.0162484962378594,0.0,0.003797043131416,0.0,0.009669571540065,0.0041070649874097,0.009189574992631,0.0055881911678067,0.0142306217359095,0.0137396423817681,0.0350525457031579,0.0106054118698046,0.0038568561092384,0.0,0.0076538992406545,0.0047759207715265,0.0
76561198117983678,0.0653086879060933,0.0732131507756249,0.035713179128493,0.0377745637866768,0.0347681804835773,0.0392119531431346,0.0200494069301135,0.0474423953971419,0.0170593132571507,0.0590768091811835,0.0160515384031896,0.0,0.0319577622612471,0.0226154946295163,0.036243305587018,0.0536371584632515,0.0085884258408853,0.007538654197807,0.0667059265951517,0.0277278171216307,0.0180415937440088,0.0226743940183444,0.025216282247992,0.0041779776944066,0.0321532070074595,0.0037161407571348,0.003305797316776,0.0044590295064409,0.0071792751460967,0.0,0.0137484954006448,0.0111912303400562,0.0046029428725566,0.0088574719434411,0.0,0.0,0.007342527207966,0.0325146210792863,0.003109670326935,0.0075844006009139,0.0111912303400562,0.0147133124242783,0.0089097560082181,0.0152010713691855,0.0124566856846644,0.0,0.0191154210621413,0.0,0.0039854829683287,0.003868259843779
76561198119156573,0.0492748615699149,0.0420284055022842,0.0085899926751913,0.0857033347002755,0.0143043858150893,0.0133787753233935,0.0363929795075612,0.0341469087744029,0.07283325010862,0.0215370445916007,0.0390526763572746,0.0091851192364272,0.004219797324328,0.0720574264814801,0.0242686879901894,0.0544679698420237,0.0287709566330544,0.0041653826039155,0.0350461721927937,0.0053157237753472,0.0352271018882226,0.0154513687257206,0.0193027393712686,0.0039904361736412,0.020276179129115,0.0103525770948903,0.0,0.0044246100712758,0.0038661025572832,0.0270515881697275,0.0108425268131345,0.0383140169267587,0.010170434479646,0.0041653826039155,0.0,0.0044217742418616,0.0041653826039155,0.0358510403636019,0.0099606215716362,0.0,0.0161507837174244,0.0295719992627905,0.0104805841671902,0.0,0.004830721014997,0.0,0.0082878767991448,0.0,0.0142381986903857,0.0038661025572832
76561198121971834,0.0702191021842127,0.074962902315269,0.0489548665660002,0.0809340409167726,0.0,0.0348902936095133,0.015910957307113,0.0393739298744891,0.0652539713208322,0.0479131150851274,0.0335349503868284,0.0040063146568657,0.0110795333556611,0.0594463857125983,0.0193282321397893,0.0349009842398354,0.0358536653815789,0.0,0.0047383314101588,0.0,0.0348470991775785,0.0310995561614542,0.0246331224186072,0.0038228767916679,0.0122594748689968,0.0,0.0,0.0,0.0040497328647526,0.0234264913862313,0.0258833974147153,0.0086892763243184,0.0084938513272572,0.0052289526277482,0.0,0.0172597356994776,0.0078307155083505,0.0123790330607508,0.0082097420042441,0.0038244008514847,0.0047383314101588,0.0235906524743461,0.0051209993808632,0.0139474214388615,0.0124447962414167,0.0039971901439671,0.0040497328647526,0.0,0.0188718410953513,0.0
76561198122264375,0.0433932307199948,0.0408683604355468,0.0544359556738297,0.0433471901014545,0.0220225042442486,0.0285645345089502,0.0180128782656648,0.0052139205092265,0.0381772139165324,0.0264537610288221,0.0171119955512792,0.0250079401932428,0.0497600668856002,0.0432463038514453,0.0157351471400586,0.015899375173955,0.0228594499132636,0.0,0.0296934052558936,0.0050496924753301,0.0388870757020474,0.017075243291692,0.0591308107549762,0.0,0.0114057586545537,0.0169728117689184,0.0059602425818669,0.0,0.0114057586545537,0.0,0.0179663959386461,0.0636386134742065,0.0,0.0179881663970569,0.0,0.0,0.0056706910044533,0.0,0.0,0.0433282091060562,0.0304840169630401,0.0289321439600108,0.0230605572307823,0.0246843561169094,0.0056163647298155,0.0,0.0108995182934646,0.0,0.0168264190233828,0.0052139205092265
76561198122741582,0.0379325787699013,0.0225249604258606,0.0181412757193305,0.083641099289928,0.0272034152891877,0.0389352584594799,0.0381176365652883,0.0213127101367214,0.082398486330811,0.0073985006212227,0.0093863716658831,0.0278249369802284,0.0135883732328953,0.0785276603298848,0.0152107858298974,0.0459483401065019,0.0060120416591218,0.0088077411825472,0.0441021672725756,0.0138508443418179,0.0389065590658409,0.0034199166229573,0.0086411135803398,0.0241337727838159,0.0033789956157706,0.0,0.0062517061197828,0.0033426294890758,0.0,0.0280843077003741,0.0,0.0747511818883001,0.0100875388398428,0.0108282533912982,0.0,0.0080943623269449,0.0025560350627644,0.0168256691753387,0.0033789956157706,0.0,0.0355697651905079,0.0332996365926749,0.0109781338378058,0.0048424655584583,0.0031255679153828,0.0033426294890758,0.0,0.0011695761006635,0.0241260038281274,0.0
76561198122844648,0.0541495835447989,0.0710300828010064,0.0326976672604231,0.0503126096644655,0.0099738298608884,0.0270728606409104,0.0160101338153875,0.0529750835486586,0.0284588099413169,0.0497067623492086,0.0363988396502391,0.0163944209256008,0.0483305539947748,0.0334001580717764,0.0156142299402527,0.0359052970679426,0.027866549441716,0.0,0.0329535048326893,0.0,0.0273225579682681,0.0251249918231393,0.0288338215686562,0.0,0.0200405608211185,0.0,0.0,0.0,0.0096884022177908,0.0,0.0201723585176111,0.0223945493614308,0.0097204570345427,0.0052231695694389,0.0,0.0,0.010225696234516,0.0200405608211185,0.0056227526624617,0.0059271020106759,0.0169647213400272,0.0368318413284749,0.0,0.0335597084913848,0.0106628272336128,0.0,0.009603803947719,0.0052231695694389,0.0325464094920419,0.0050195606344742
76561198123084475,0.0412522075083148,0.0681806538859159,0.0259684300038071,0.0298674815460007,0.0250653957925529,0.0444744056670128,0.0053293915943778,0.0275024317105031,0.0309053702662376,0.0275373155635547,0.0355994701767098,0.0142458887842707,0.0453872627464133,0.0439977852613793,0.0190859322776354,0.0353080517060356,0.0054934233375813,0.0054934233375813,0.0424784916465323,0.0,0.0179180709605659,0.0063565670689992,0.033471646911577,0.0,0.035460485903416,0.0,0.0191761104827428,0.0068346246471912,0.0139034570556157,0.0,0.0207915198217913,0.0404730228346669,0.0,0.0,0.0,0.0242118104449141,0.0054934233375813,0.0294256532928561,0.0,0.0,0.0175687179347331,0.0238671421418499,0.0059454028627027,0.0279266678360782,0.0,0.0,0.0397422959221598,0.0,0.0403387525758384,0.0179218151523017
76561198123843456,0.048956088648089,0.0351240111531428,0.019641186622218,0.034126671118752,0.032345982829567,0.0199429356193391,0.0255823192448895,0.0455288003209885,0.0290857602031597,0.0241214878060337,0.0060164160674622,0.0243377817454958,0.0405502704308884,0.034126671118752,0.0176875331119908,0.0478067452607843,0.0201176512438642,0.0,0.0312283633502585,0.0078414628528381,0.0170635140938411,0.0110292602962345,0.0402273055245622,0.0,0.0261042649273431,0.0,0.0,0.0162105803993565,0.0282332824667292,0.0,0.0192497963811075,0.0797922242609929,0.0059883493806422,0.0,0.0078414628528381,0.0,0.0107865280930222,0.0171495279443064,0.0,0.0074460478342928,0.062816787713905,0.0207983653305064,0.0074460478342928,0.0171092622982987,0.0059000425767886,0.0,0.0129657922210077,0.0,0.0216308522838046,0.0200425665376118
76561198123908949,0.0646042978652861,0.0556755920010318,0.0502321683052979,0.0556399093060228,0.0047069583555574,0.0324694052749916,0.0472152677580586,0.0196779592012575,0.0223083047039202,0.0311260638043116,0.0390787608381691,0.014593594855946,0.0100187866024151,0.0178190556279042,0.0420334721049959,0.0244358261205391,0.0309339884724664,0.021753513606567,0.0087035031892132,0.0214197539879284,0.0092070724488876,0.0373601639253357,0.0216568380620537,0.0205911146227467,0.008920473396231,0.0,0.0111494429351674,0.008758306437379,0.0,0.0138691030169971,0.0415442552155502,0.0,0.0277682650093418,0.0280877583915557,0.009352600546764,0.0052975907029424,0.042117836189339,0.008920473396231,0.020311587596607,0.0084644018299099,0.0,0.005788427217208,0.0046456421912065,0.0150810734043741,0.0134508184104912,0.0046053979484673,0.0045031098833251,0.0,0.0141020652400066,0.0
76561198124421887,0.0519980228402878,0.049524821889104,0.0465529979203619,0.0541836279434608,0.0153776387314222,0.0379878757015767,0.0163129139663948,0.044440226995017,0.0411629005042327,0.0277678384869617,0.039215467977956,0.009812780561468,0.0423055093979217,0.0362746127966018,0.0104763710779708,0.0213828679362712,0.0167262308446012,0.0,0.0258751567529716,0.0048882877076309,0.022375066865358,0.004671304509784,0.0615025308741902,0.0103623449896216,0.0168549837605757,0.0153776387314222,0.0,0.0058050665681868,0.0176656842587597,0.0058050665681868,0.004671304509784,0.0156025588247639,0.0,0.0258180936430886,0.0,0.0106889805624541,0.0187769345604857,0.0157212217021728,0.0,0.005619559690577,0.0156025588247639,0.0547223143433665,0.0,0.0452440474257669,0.004671304509784,0.0048108908541903,0.0054673375898539,0.009420684722678,0.004671304509784,0.0058050665681868
76561198126548553,0.0569427212477945,0.0764128143098687,0.0259527817834859,0.0337794883301937,0.0350853624612321,0.0347583696243075,0.0201484252726836,0.0485936773059774,0.0259407463985108,0.0398460207208414,0.0297288085939391,0.010503703503142,0.0381893331964102,0.0364908655458604,0.0142593107363573,0.0496610920611569,0.0174102304347337,0.0,0.0414600656355767,0.0042929668214562,0.0273889575333969,0.0188112364794561,0.0547502402178376,0.0054493772641656,0.0332019540539824,0.0144589983810656,0.0050543262389763,0.0042929668214562,0.0050955007438028,0.0044844860423517,0.014967374413802,0.0156583226845735,0.0,0.0048248825765268,0.0,0.0,0.0,0.0335351967712779,0.0,0.0091718689865528,0.0042797328138934,0.0228737138789614,0.0048617978513348,0.0334460258874469,0.004346986410026,0.0,0.0140194092370656,0.0042929668214562,0.0212768939070616,0.0
76561198127431044,0.0732504527414738,0.0612588040718964,0.0609449733404406,0.0768744412324615,0.0,0.0698488369418832,0.0193800490461036,0.0229323349810899,0.0508845169527111,0.0357088805206746,0.0493095273374142,0.0,0.0190720777042223,0.0392192230038972,0.0124277757535918,0.0179180697468981,0.0124277757535918,0.0062505116142307,0.0312807191181137,0.0,0.0441756689391413,0.0417851214763198,0.0250207167674209,0.0120943098373785,0.0,0.0,0.0061749999555075,0.0,0.0,0.0,0.0441235923181294,0.0211059311538714,0.0062527757980842,0.019557784771526,0.0,0.0195849342806039,0.0062505116142307,0.0,0.0,0.0051563093126331,0.0129243928555464,0.0214253789125526,0.0171194865323758,0.0064251439483637,0.0,0.023739449836975,0.0,0.0,0.0080945218286437,0.0
76561198128667294,0.0422867577250946,0.0421205838824023,0.0239049103015658,0.0567165209117605,0.0467880477615157,0.0294757207986515,0.0358661377279915,0.0346221257535512,0.0394982875351988,0.02012738745919,0.0090715300755103,0.0133031508392229,0.0200687202654571,0.0437089281236763,0.033550028806265,0.0562177788919976,0.0132534859077429,0.0106260098671899,0.0492856915529163,0.0194681297605626,0.0190559309294838,0.0234445101550669,0.0193046961767774,0.0169415273422015,0.0074528201894701,0.0195204945321403,0.0107751735480802,0.0079506048918746,0.0,0.0215088667489014,0.004557880670677,0.0248190013474234,0.0075700483783666,0.0208025474215735,0.0,0.008248571129719,0.0045669977159505,0.0296378740347569,0.003782166139671,0.0,0.0144889332135332,0.0107145139153852,0.0,0.0183751365103058,0.0190013923100107,0.0164657167576082,0.0,0.012912338716999,0.0138620573923272,0.0042802658842314
76561198129247774,0.0568522278026175,0.0698948276193811,0.0381870109561449,0.0291207695791636,0.0,0.0468217671261898,0.0269085280593499,0.0181580927670697,0.0481559497815661,0.046733671258251,0.0700144771703947,0.0058448141675637,0.0505915014261483,0.0291207695791636,0.0259548766692523,0.0399166576370343,0.0146513397430273,0.012338188732659,0.0272972418666123,0.0,0.0143038775435328,0.0386576961537342,0.0484531521860603,0.0058448141675637,0.0142644346382076,0.0,0.0,0.0,0.0,0.0111090883685348,0.0273358337245374,0.0157475046298282,0.0,0.0175601043279796,0.0,0.0072048163814159,0.0185946788181352,0.0070596182567917,0.0,0.0055845423823689,0.0072048163814159,0.011869167658001,0.005863302231456,0.0331897264467652,0.0,0.0,0.0197864281013328,0.0072048163814159,0.0203142440037,0.006284625275632
76561198130015375,0.0398876813344737,0.0534743975057045,0.0249717435163712,0.0785511517452197,0.0102171244691362,0.0386733617847104,0.0295192171017715,0.0483286295272542,0.0613752413319336,0.0146325018065417,0.0348719787527318,0.0197257692219277,0.0263077176342557,0.0549913658689171,0.0,0.0299848880092669,0.0152826346754556,0.0,0.0261421273536604,0.0,0.0540544454267381,0.0135886931084055,0.0305675104376346,0.0,0.0193880008525357,0.0102171244691362,0.0098069238611072,0.0061043888787076,0.0,0.018870992911473,0.0141334078829588,0.0526568898918019,0.0,0.0051579940901028,0.0,0.0051579940901028,0.0044133117948379,0.0149087233150618,0.0045434878725509,0.0044133117948379,0.0430482521315917,0.0345668001131078,0.0134724817141329,0.0151239904886228,0.0,0.0,0.0046273885108485,0.0,0.0142403547243696,0.0
76561198134388656,0.0565815446061184,0.0660312462061477,0.0228762321727512,0.0238150943753325,0.0250739067973703,0.0446316962835506,0.0318412083471012,0.0571572953595948,0.0,0.0437245441221295,0.0,0.0,0.0418179044934253,0.0247748129442335,0.0133101055095929,0.0419562218297758,0.0186662860468212,0.0,0.005405196490506,0.005405196490506,0.0055301053271012,0.0161358634816339,0.0439963896614689,0.0070213480055569,0.0451146624460991,0.019543801470269,0.0069618783754635,0.005405196490506,0.0395073281117255,0.0070213480055569,0.0108068245464988,0.0266849397944998,0.0,0.0137168354121,0.0,0.0250945015889815,0.0,0.034866318788581,0.0,0.0126933536395862,0.0136450011388824,0.0464675792896853,0.0,0.033329568576225,0.0062202024683982,0.0,0.0203346290879038,0.0123670748659695,0.0172900307480494,0.0071767266042994
76561198134731689,0.0418677638094658,0.0678614789964647,0.0088414795808791,0.0437954614083588,0.019158235525565,0.0294478201763236,0.0197912943490486,0.0487153957174536,0.0378102437324875,0.022618031428769,0.0257737797096057,0.0,0.0507473587429248,0.0491165608693571,0.0176685094623315,0.0593280204888922,0.0109090950451267,0.0031771738643969,0.0320120779516679,0.0,0.0239282285966785,0.0149365564283114,0.0504257026628066,0.0,0.0487153957174536,0.0,0.0,0.0038162093839849,0.0150669583832883,0.0033534531495588,0.0098400315128356,0.0419549035224845,0.0,0.0044549763452187,0.0,0.0109856033591745,0.0031771738643969,0.0404526947059661,0.0,0.0,0.02173402636499,0.0171520892652764,0.0044549763452187,0.0350701159901774,0.0031771738643969,0.0056643057164822,0.0281029020760513,0.0,0.0248967418861286,0.0
76561198135384760,0.0584220494948899,0.0748952082543392,0.0536555303219585,0.0376966216915848,0.0045663200153145,0.047566382199689,0.0204698690870906,0.0368461565384477,0.0232124759264395,0.0482495297757659,0.0441273966029524,0.0114565873503542,0.048445670648954,0.0339597208643155,0.0118988802713203,0.0313001870106856,0.0277262809998935,0.004513805073454,0.0203848714400296,0.0147156882587219,0.0050492258268363,0.0,0.0610751776952853,0.0161753677742508,0.0206786036368062,0.0045663200153145,0.0106749430255006,0.0050384660055718,0.0,0.004513805073454,0.0046489434946572,0.0150832055572042,0.0,0.0163555591067262,0.0045663200153145,0.0064327688124827,0.004513805073454,0.0093959379455479,0.0095630309002904,0.0119542787127917,0.0102015671712554,0.0327598558846426,0.0133529373476992,0.036056979756149,0.0,0.0060259995308433,0.0161122836214917,0.0,0.0210953861902281,0.0
76561198135685349,0.0205401506571434,0.0334563316900504,0.0,0.0955173268977147,0.0169539462873523,0.0093621816201249,0.0397518372980823,0.053886869954788,0.0532631084095764,0.0104592338708546,0.0251307859011153,0.0333834981598371,0.0117633566963629,0.052671250191216,0.0272479975896044,0.0528617323903051,0.0206913710104647,0.0,0.0311027787318078,0.004486416222916,0.0393082157959878,0.0357043623508331,0.0324145092743616,0.004486416222916,0.0282689889932422,0.0042863226449675,0.0239046617622799,0.0088488420598182,0.005633262675846,0.0170990659420503,0.0143035308502699,0.0407493734523659,0.0119553746805363,0.0077709677279455,0.0050408226320525,0.0049259322243254,0.0,0.0314002228487631,0.0198341305088722,0.0,0.0219612898602886,0.0174065231057178,0.0,0.0,0.0075191252847368,0.0087703234017645,0.0102442994448945,0.0,0.0,0.005633262675846
76561198136484955,0.051447064549076,0.045345689034662,0.0234709751652802,0.0506480597419312,0.0299586700015613,0.0496663775630468,0.0405007764733442,0.0518647895112076,0.0470547141460529,0.0387804053868171,0.0251014305814895,0.0120843734048702,0.019345008983967,0.0401839396621899,0.0199446395009406,0.0309519312958325,0.0201806323395291,0.0087477714783847,0.0330990086273937,0.0147715833749563,0.0113141150999496,0.0201497637823942,0.0274758334237243,0.0066985261712235,0.0195855744324871,0.0186860344598856,0.0074459742785121,0.0111922680088535,0.006275553205735,0.0407855503096532,0.0078230932579739,0.0112977014802602,0.006223216441635,0.0203407176381526,0.0,0.00986611694518,0.010227571225345,0.0183773415811033,0.0226013502287533,0.0038343166238779,0.0066858982257655,0.0182113381698162,0.0038343166238779,0.0155625519723709,0.0093172005765016,0.0038465330306839,0.0028265156633029,0.0,0.0063671863204467,0.0
76561198136577408,0.0458667418668562,0.0587579654056782,0.0184025759897843,0.0123080559523369,0.0317186644558785,0.0342958528704748,0.0323359773484931,0.0285328408636364,0.0068228849896096,0.0472854370058417,0.0562014264032068,0.0314906943951191,0.0681522432076816,0.0034053679136518,0.008902688038685,0.0266958312211778,0.0036736546237045,0.0,0.0257530644803639,0.0485567635976554,0.0034053679136518,0.0067973916861737,0.0578511596534193,0.0572023168496318,0.0326666039940509,0.0228728915045691,0.0235427224017551,0.0228205939247848,0.0,0.0135377286918031,0.0103121926917726,0.0035189815643292,0.0036736546237045,0.0110577133651278,0.0,0.0,0.0192125867864193,0.0173610152974787,0.0112534008411666,0.0,0.0,0.0101526897484537,0.0065700116451309,0.0302158595838007,0.0,0.0034242984538286,0.005595964054511,0.0,0.0326432251464807,0.0051528989481183
76561198136985842,0.0621487330581061,0.0723302172698407,0.068921273405836,0.0513350580121318,0.0038718563417727,0.0367519078111386,0.0209990360790343,0.0491308162925993,0.0163398714676131,0.0447446875202421,0.0419870927353803,0.004101012316271,0.0543301319734012,0.0214868959155153,0.0077233382360751,0.0182134748979475,0.0363402028368962,0.0042158095166966,0.0169494859884675,0.0079728686580438,0.0216096739911558,0.0115268928104837,0.0330733787205475,0.0038718563417727,0.0104910578923134,0.0,0.0083719252149429,0.004101012316271,0.0042709128986718,0.0103211573099126,0.004196316873339,0.0169357892925339,0.0,0.0310317190175329,0.0,0.018113031243015,0.0042158095166966,0.0128703626839773,0.0103211573099126,0.0236946301918067,0.0152874428090102,0.0658712432493897,0.0105736707227241,0.0233562924919895,0.0040066456342427,0.0,0.0077233382360751,0.0,0.0,0.0042709128986718
76561198137208244,0.0259776013738979,0.0288304571909573,0.0198019737734029,0.0500641945712716,0.0657395674835971,0.0329265877161616,0.0479397368575217,0.0347590925157842,0.0635303940950618,0.0222318245766083,0.018037161388889,0.0167024976277264,0.0282874598135241,0.0500641945712716,0.0090983377305969,0.0354851934557658,0.0171534744174126,0.0,0.0476808099902031,0.0174250646930642,0.0265110482120403,0.0041487444400667,0.0173613630613437,0.0107868650434734,0.0262672967500084,0.0304313393335265,0.0084002023224383,0.0200117554962607,0.0,0.0237680668479058,0.0084637253550012,0.0465816157681929,0.0039807620354109,0.0044413371531643,0.0115536728778155,0.0043149809149345,0.0043149809149345,0.0249119682401046,0.0061931576271498,0.0146486533342323,0.0219756052445219,0.021216495579916,0.0,0.0042128764141602,0.0039807620354109,0.0114605659040578,0.0041632676256042,0.0,0.0041632676256042,0.0
76561198137264082,0.0747094504605568,0.0798828880593234,0.065324248581998,0.019218931087606,0.0,0.0740825691752097,0.0164476628467801,0.0307196880484586,0.0252522030304215,0.0262159789124363,0.0696200864416908,0.0237611669049616,0.0458123138751326,0.0133180894376352,0.0,0.0,0.0111226359616814,0.0099514403767508,0.0242276316265583,0.0120371079170069,0.0261761657451846,0.0081917025488658,0.0413911264323347,0.0289210039200986,0.0113087492830323,0.0,0.0242675781346614,0.0230697118150096,0.0116373454206844,0.0059008416499708,0.0259762871699036,0.0267322303537127,0.0,0.0050893640188659,0.012105226087637,0.0050893640188659,0.0166527658214996,0.0,0.0,0.0,0.0051734375987666,0.022318065135143,0.0140925441988366,0.047692618380906,0.011089345213771,0.0,0.0,0.0,0.0,0.0054204343080398
76561198138316742,0.0518834831959931,0.0650375084886819,0.0184627907211853,0.0837252047441687,0.0039059365189428,0.0082166437426265,0.0076642457598654,0.0547829910798987,0.0670780973890236,0.0304874608760916,0.0296280010149688,0.0136988023889844,0.0149175737772794,0.0659056774697906,0.0037675307481718,0.0500535760621699,0.010327274432819,0.0,0.0270391339353122,0.0,0.0575343029079605,0.0164882831968518,0.0276032394219969,0.0,0.0295081442489237,0.0,0.0198028285043048,0.0044344848263796,0.0301156039372974,0.0,0.0054283414932584,0.0277794413684837,0.0,0.0,0.0262096674183546,0.0,0.003963618222684,0.0307671885936502,0.0054914124478404,0.0,0.0296274852979788,0.0331720293917182,0.0098866759949623,0.0110116372583366,0.0,0.0,0.0080113024666316,0.0,0.0165823806564112,0.0
76561198139411198,0.0467772578379317,0.0642560884397006,0.0389056341480178,0.018075066500776,0.0290228447959913,0.0419600689021215,0.0128138791920049,0.0506294796345699,0.02288745339327,0.0451429766649202,0.0355425994602567,0.0209109235983247,0.0397025893146199,0.0282177789713316,0.0058429919972558,0.0339726355139303,0.0420618956620051,0.0,0.0273241783322498,0.0166213235619043,0.0,0.0,0.0563182302368678,0.0309750685901983,0.0270066064828099,0.0,0.0053218973391268,0.0069125539437077,0.0292353984325309,0.0,0.0053218973391268,0.0051019005844725,0.0,0.021447653357806,0.0069125539437077,0.0046745398484768,0.004996605312806,0.0160797922295085,0.004572948426034,0.0120187601241668,0.0,0.0244383295073886,0.0259349963569319,0.0422290661837894,0.0058429919972558,0.0,0.0217599644255578,0.0046745398484768,0.0175560395680687,0.0
76561198139915980,0.0536674992294871,0.0680479420729071,0.0531065811580881,0.0302047973328453,0.031377426816557,0.0679999128546052,0.0146450280320483,0.0675385563052353,0.0196866753320753,0.0055167114663704,0.0445960917120294,0.009820705082564,0.0488337852413781,0.011378517620506,0.0146579217657872,0.0228833492531634,0.0214522396448044,0.0085562756902314,0.0198379009953447,0.0,0.0240981518189248,0.0113169679494203,0.0311916443105948,0.009820705082564,0.0218784688331763,0.0,0.0,0.0,0.032460235951333,0.0,0.0049482103586562,0.0239793267821977,0.0,0.0230808664896023,0.004215963952542,0.0346015601172104,0.0042762986118241,0.0058191730203554,0.0,0.004028180633162,0.0109207698779493,0.0616960902994461,0.0063687575907641,0.0158112987314348,0.009709711407131,0.0,0.0272839351883586,0.0055167114663704,0.0050097600297419,0.0081592938912111
76561198142432184,0.031887012356782,0.0490472190834352,0.0117908057508459,0.0593692396511243,0.0091323111498138,0.0254707572391956,0.0355121368063171,0.0644265934884801,0.0677161812403059,0.0170168029829627,0.0223759586023577,0.0137636950515567,0.0088684177755112,0.0580868201408514,0.021320173467467,0.0553389670621453,0.017181485377545,0.004300865643609,0.0252856490240004,0.0065734982727073,0.0346269862371956,0.0344402754648147,0.0129469746509373,0.0065734982727073,0.0417170461012076,0.0,0.0090327102855491,0.0044004665078737,0.0063689071082177,0.010517168033576,0.0142591114522684,0.0368573249437975,0.0,0.0,0.0,0.0118807322453667,0.004300865643609,0.0391926993084458,0.0064386111581499,0.004300865643609,0.0399812337141635,0.0240883813677365,0.0139371877697626,0.004300865643609,0.004300865643609,0.0,0.0201361733966583,0.0,0.0109364592401199,0.0
76561198142871256,0.0421631065119802,0.0575889243635011,0.0318619847471187,0.0420069380228315,0.0114623578805397,0.0513562922342929,0.060595201613464,0.0716911036093797,0.0072922095851793,0.0402008307158141,0.028560749903616,0.0233981368618291,0.0244345080163024,0.013783396694975,0.0028815323967452,0.0,0.0203396964130271,0.0168160513763744,0.0052254222096131,0.0121952307438356,0.0337844111936627,0.0,0.0329538437644252,0.0,0.0295536450970866,0.0032121292897225,0.0570087087551955,0.0309652627201522,0.02530204092111,0.0261275849413109,0.0,0.0,0.0087317540340982,0.0139172464164499,0.0247901366243948,0.0202758480483224,0.0126159925462515,0.0073453290257557,0.0229823130095553,0.0039392852527754,0.0,0.039013390113002,0.0,0.0131285401016773,0.0039392852527754,0.0052254222096131,0.0071537744538504,0.0,0.0,0.0141803823283918
76561198142992067,0.0232750199736527,0.0292217457520139,0.0057824793161493,0.067258371282436,0.0467585302075882,0.042309892952029,0.077790924006891,0.0361863025409618,0.0636519570456871,0.0165515136809591,0.0200616670679303,0.0205389205129554,0.0105498618351877,0.0549796771456186,0.0169800328131207,0.0451001351637483,0.0115067506413605,0.0041753876905569,0.0414877245144327,0.0146480118990897,0.0238744046358263,0.0067235062926936,0.026538611286213,0.0050781145612075,0.0267824046520093,0.0182218582205936,0.0191706856435052,0.0189491658364304,0.0101028752938391,0.0312825440907041,0.0067235062926936,0.032611132743048,0.0113998312636971,0.0041096856396391,0.0049244633346195,0.0,0.0,0.0207195848863067,0.0,0.0,0.0141688562173126,0.0191870051373471,0.0110275180936715,0.0,0.0,0.013638334029688,0.0,0.004327046387169,0.0164455474601951,0.0051784119592195
76561198143412503,0.0452992560827193,0.0658352831849915,0.0038353516202707,0.0719776638303968,0.0254660801858528,0.0037380908997479,0.0353769156927047,0.0569270430268961,0.0611574836830293,0.0330329123706677,0.0193016211151417,0.020015922107609,0.0040212388886599,0.0620702888945427,0.0160059106827393,0.0530212781859562,0.0427706278614664,0.0,0.0138012563567832,0.0068182230736917,0.0383233259303619,0.0084378871046801,0.0185707499904024,0.0,0.044819928585427,0.0095468946728387,0.0029999398230398,0.0090750448621741,0.0075000128949706,0.023814216111382,0.0089510093573191,0.0229547858966206,0.012606488604695,0.0039125443306832,0.0,0.0,0.0,0.0412097193234133,0.0178247985114765,0.0031944568301282,0.0136925617988066,0.0218234068658611,0.0107649210148835,0.0,0.0035467846893992,0.0070127400807801,0.0139607015438964,0.0,0.0119846936098518,0.0029999398230398
76561198144180358,0.0496173934001143,0.0584261830083801,0.0336715899956701,0.0441014692407864,0.0180625821264328,0.0273277260505249,0.0345069429797362,0.0480420794955941,0.0485100292856198,0.0217793448796316,0.0375329640954992,0.0044023980651539,0.0082659019926613,0.0380962633719852,0.0119384589857266,0.0329047040230793,0.020705461426985,0.0,0.0186066799742879,0.0038144218678446,0.0485492965978001,0.0132817911359855,0.0166957455992357,0.0125185641494145,0.0395658661077534,0.008909749924044,0.0219719054367118,0.0,0.034939136073566,0.0109051954046384,0.0076261676734837,0.0326055573833133,0.0,0.0038306427670294,0.0057431305689909,0.0,0.0042702687453644,0.0253878570567234,0.0108473413871179,0.0160025525751207,0.0195636892565209,0.0405300810689632,0.0051928718786787,0.0087243474413019,0.0037955249064542,0.0,0.016131947159424,0.0,0.0110763561675028,0.0210218192691458
76561198144852786,0.0497189853530116,0.095044272605988,0.0264933428980617,0.0101730666776961,0.0270102532703666,0.0369302597299705,0.0144620621907592,0.0449040160996488,0.0163596361518423,0.0566120992122426,0.0609071086787735,0.0174802958286605,0.0552039954365901,0.0154036531616268,0.0140570935923555,0.0314129251103521,0.0097756102061154,0.005411036146741,0.033156027288637,0.0228140133728891,0.0108168366850935,0.020728155445637,0.0537327422888893,0.0171039793671781,0.0363396703847792,0.0134910909892966,0.0228987533124002,0.0102658222932817,0.0,0.0,0.0226596459321831,0.0,0.0,0.0044865500088129,0.0121360159908209,0.0,0.005411036146741,0.0449907982262861,0.0,0.0095854768322573,0.0112735102328306,0.0,0.005601169520599,0.0290715529374669,0.005411036146741,0.0,0.0121238577434667,0.0,0.0085425465029084,0.0
76561198145824277,0.0297759082123615,0.0833853361558442,0.0091278377929021,0.0388049321590428,0.0324761581051761,0.0349699447212951,0.0098806306594831,0.0637416070812639,0.0331068992083909,0.0285710980163204,0.0248457543506229,0.0155123169412564,0.034530775599737,0.0404503178754701,0.0183183137602022,0.0526739108927544,0.0158225643013626,0.0,0.0146245491984204,0.0103453688622909,0.0220419899608273,0.0115490752839171,0.0375448389007654,0.021336604655971,0.0475008265413811,0.0110371789326297,0.0051002267817374,0.005316808711257,0.0,0.0094751554000016,0.0163086798784622,0.031835529222099,0.0112253033161664,0.004564015844676,0.0103453688622909,0.0091278377929021,0.0053938020976044,0.0446601397257934,0.0,0.0045638219482261,0.0108862293839651,0.0048964310123324,0.0,0.0188559559789901,0.0052759824422071,0.0,0.0240570532145547,0.004564015844676,0.0315729043723673,0.0
76561198146396342,0.055450910621394,0.0697432287109474,0.0500491001121092,0.0463569714151841,0.0074355190294886,0.0545377201300945,0.0196169140661951,0.0485723294453649,0.0303188259079493,0.0316309789133611,0.04778971455294,0.0254304064709916,0.0263315453042573,0.0190443673430969,0.0139631028642147,0.025399927724646,0.0122362680375487,0.0051784112962779,0.0126388081739289,0.0080079610052484,0.0189238494622544,0.0,0.0378661534656373,0.0340605642951472,0.0262111914732092,0.0074355190294886,0.0195033651174486,0.0,0.011481505006616,0.0063515690695575,0.005927968356477,0.030364051832451,0.0059551418589662,0.0106326768305341,0.0058614405752449,0.0054542655342561,0.0051784112962779,0.0142395579722806,0.0063515690695575,0.0070540757399078,0.0191673606869193,0.0511273753002749,0.0070540757399078,0.0138232040300934,0.0120511891275406,0.0077139561857266,0.0136404953808884,0.0,0.0,0.0068364564380964
76561198148262444,0.0753165674904155,0.0651270803060306,0.0431986408655842,0.0298046196105276,0.0376527210783139,0.0714823443223991,0.0041703355881435,0.0169871179344681,0.0359801707424088,0.0267513772929127,0.0564715954276341,0.0158551553754407,0.0255494976096519,0.0253180806263894,0.0109981753255661,0.0268939258987016,0.0105630276580046,0.0,0.0714783872039297,0.0160876382884405,0.0187349438360588,0.0295624125472115,0.0378598126089788,0.0086916741940657,0.0114856717334868,0.0274179190836753,0.0106824272426434,0.0045798514039828,0.0,0.0,0.0239115309085203,0.011120621842047,0.0,0.0092972822737097,0.0048798976158571,0.0086354879152237,0.0,0.0129988622507336,0.0,0.0048798976158571,0.011120621842047,0.0162068461019689,0.0096503951320668,0.0316725711954097,0.0157293092008496,0.0048798976158571,0.0,0.0045798514039828,0.0157357557908019,0.0
76561198148591865,0.0360871240731186,0.0636202196110816,0.0185294207671936,0.0450272936616498,0.0147254927788754,0.0237268328075971,0.0283958529200964,0.0998789398357441,0.029845620064509,0.0336511539276473,0.0181024600881973,0.0104040031136401,0.0246759454359821,0.029845620064509,0.0140950873892302,0.0316311096160174,0.0225998722038719,0.0,0.0119278153008823,0.006521096785364,0.0286124349346073,0.0044059536914984,0.0277933590209277,0.0045191460943562,0.0328446618801061,0.0048458335826953,0.0110804831156158,0.006521096785364,0.0348524702467552,0.0133679342571199,0.010825816905128,0.0258474411432511,0.0093042395483483,0.0,0.0046386687810584,0.0,0.0046447431583131,0.0218807503632977,0.0125913441953608,0.0112519242051907,0.0437818169643969,0.0599770693857263,0.0066132554241322,0.0147597493311259,0.0046594963900352,0.0,0.0210776766240079,0.0,0.0046447431583131,0.0113669303680593
76561198149149071,0.0483579425556856,0.0392400670006555,0.0149124085635443,0.0612011917309874,0.0352705819885222,0.0137265988005637,0.0392783620262782,0.0525207748834088,0.0398067109782598,0.0330829160386107,0.014925349988117,0.0166617863897989,0.0101451489729169,0.0407985461719125,0.0321408774749962,0.0535454478043021,0.0252706749153471,0.0,0.0382735178969412,0.0131959138222974,0.0346703872437482,0.0259285649986607,0.0192819932516886,0.0046117546605653,0.030724795870229,0.0154924202834339,0.0048657531415439,0.0068179852300772,0.0158349688528667,0.0219123732543514,0.0115316772628662,0.0207786972844734,0.010579978620655,0.0,0.0,0.0,0.0043897167813635,0.0242786008885749,0.0194766783639925,0.0041512304812456,0.0157006167645651,0.0252348810685201,0.0125675687896399,0.005279395831373,0.0093099634672076,0.0042002880297818,0.0093621427591001,0.0,0.0138447635862514,0.0068179852300772
76561198149717332,0.0381458670631109,0.0173695657323616,0.0318347381455137,0.0519384040464469,0.0109663405499929,0.0561398877820187,0.0273724364017554,0.0370089267066624,0.0438950673696181,0.0177695996625585,0.0240860600860484,0.031311636761428,0.0271056568916647,0.0387647511925429,0.0115649935615868,0.0228646685860519,0.0313099824157715,0.0056885337874077,0.022487113629756,0.0056532865338259,0.0181381883033666,0.0300268837936578,0.024921922531288,0.0123829143336544,0.0115942670018483,0.005313054016167,0.0056532865338259,0.0137020247084694,0.0056885337874077,0.0078393385600439,0.0235252471417975,0.0609937409135905,0.0,0.0,0.0,0.0120292814814691,0.0,0.0258682829464039,0.0072679196394634,0.010958994894458,0.0460669759611783,0.0272299187596052,0.0056704950372471,0.0307034753096519,0.0064346773845116,0.005313054016167,0.0184932323062423,0.005313054016167,0.0196879865017528,0.0059057332144405
76561198151733556,0.0609635712982114,0.0449173153445591,0.0259452004232546,0.0673515976650771,0.0180629985522954,0.0347177213606108,0.018709339989753,0.0284027056925829,0.0632534646247529,0.0284532908257875,0.0304892112053969,0.0133616130600857,0.0336297097673114,0.0632534646247529,0.0206125529388859,0.0261628990306664,0.0085216708721885,0.0,0.0501335098152889,0.0,0.0349990130557429,0.0253583303454471,0.0212983650129705,0.0,0.0114694943166937,0.0180629985522954,0.0045440107821422,0.0,0.0,0.0108029002230168,0.0211954116525717,0.0332477251949846,0.0040145864837662,0.0,0.0,0.0218766784426479,0.0,0.0150777631890338,0.0137001947177881,0.0079756376209126,0.0242239934392534,0.033143082790183,0.0,0.033334239151337,0.012554047044596,0.0,0.0,0.0038821827896493,0.0122975081035049,0.0
76561198154693814,0.0506772413216387,0.0573848619888057,0.0520627944381602,0.0367022293849545,0.0204872416618505,0.0507178051664909,0.0177729838846173,0.0173070871033813,0.032404880485373,0.0281359552512485,0.0467264681290941,0.030408780391676,0.0343654206207882,0.0316953803641773,0.0091864388155483,0.0179366256724235,0.0172151782413704,0.0038143541740645,0.0579575558122383,0.0162497097021459,0.0187201892542856,0.0168609927826298,0.0223534686395757,0.0321449093061823,0.0135375995211052,0.0089025025556368,0.0180307166485565,0.0126417607583151,0.0,0.017627809294762,0.0101087413288753,0.0103976903658519,0.0101052626191489,0.0121468994000349,0.0,0.0043119269179914,0.0196630841276978,0.0089845882149477,0.0086344919916182,0.0086082408487212,0.0103976903658519,0.009722785384979,0.0185387549246356,0.0326938196592075,0.0038143541740645,0.0129220461791888,0.004230241842914,0.0041481561836032,0.016312042256656,0.004230241842914
76561198155700223,0.0559656372521664,0.0682763488891581,0.0354297171775609,0.0498268105719331,0.0338129754157165,0.0495945296807974,0.0280141896766361,0.0322489136136746,0.0459066217620517,0.0349813977798129,0.0365069209887336,0.0165335046260809,0.0341598088728892,0.0403297481226775,0.0095035255465169,0.0209818914150897,0.0209152173559415,0.0,0.0281703263646571,0.0270948121377798,0.0233100334847854,0.0158486242173101,0.0344572852951522,0.0093792121416621,0.0225355863352468,0.0232443647277455,0.0057079406474004,0.007200057731721,0.0041230828067682,0.0055768736393741,0.0116706540744062,0.0237033640343637,0.0,0.0112485699643158,0.0118907711501673,0.0060753190393985,0.0091916978600355,0.0225956677706042,0.0047437818420206,0.0,0.0116930164808574,0.0135367283068737,0.0110995976800887,0.015027996536148,0.0044323657618104,0.0,0.0041230828067682,0.0055768736393741,0.0096314719689578,0.0041230828067682
76561198160310073,0.0497684810018095,0.0956148036457407,0.0252068974544799,0.050685070326359,0.0043595637403562,0.0246013538695435,0.0219012796239463,0.038212945586236,0.0363093911627081,0.0318352007282562,0.0618442567841589,0.0050654731945791,0.0154731244611848,0.0197855137058852,0.029502830511323,0.0616372678321168,0.0275335663738899,0.0144731925958483,0.0109346339451597,0.0080834582924704,0.0222428695103075,0.0318627076747752,0.0205771993839051,0.0,0.038212945586236,0.0066658913045325,0.0154731244611848,0.0084251050695988,0.0,0.0058691607505806,0.0410984540856633,0.0040179169632277,0.0058691607505806,0.0,0.0,0.0040873183875504,0.0215450385055496,0.038212945586236,0.0075417290399175,0.0101988918989212,0.0,0.0075417290399175,0.009956479138131,0.0152643650935004,0.0050435745404221,0.0101612115955719,0.0331336035813281,0.0,0.0041702732163089,0.0
76561198161403415,0.0398021343037646,0.0389461380560964,0.0205355452755313,0.0758470935878338,0.0295316776613639,0.027103037079875,0.0396218336669361,0.0337520258832932,0.0496175229963155,0.0292026515764638,0.0157438390380355,0.0260085471532461,0.0113069349266285,0.050346569930504,0.0230451906936894,0.0424541961480596,0.0223507111697511,0.0,0.0252969595847972,0.0110439794945819,0.0402014617723896,0.0173732623065277,0.0243725562731523,0.0,0.0270841616356143,0.0060192415559089,0.0269668134116507,0.0045287645005084,0.0082804069870781,0.004569775345083,0.0067788485195426,0.0417181072969148,0.0140730395545291,0.0,0.0115723754491184,0.005156389310564,0.0133169303650937,0.0224732520838723,0.0048987680324301,0.0092567714761104,0.0256751001259129,0.0134558786793762,0.0107802794130545,0.0060857684271406,0.0087919171525055,0.0,0.0042620667964049,0.0,0.0251983414095385,0.0055531338932094
76561198162182031,0.0325255800509429,0.0713539479821154,0.008895753996928,0.1047584623208498,0.0046364610172228,0.0030933348689151,0.0209287880929756,0.0333748353631957,0.07549360646641,0.0391839704960444,0.0160010892492468,0.0123180050422401,0.0097744303764838,0.0734045160122871,0.0329994633066083,0.0700595451721897,0.0047248730866137,0.0027546532990843,0.0061547073780407,0.0,0.0349156334331269,0.0230014342336492,0.0198801340797653,0.0089038241061334,0.027220127985155,0.0046364610172228,0.0046364610172228,0.0097744303764838,0.0042110182139193,0.0045519557912721,0.0214755992284762,0.0293724689495734,0.0095005864703438,0.0,0.0,0.0084646295849511,0.0236103126992247,0.0273046332111057,0.0080610228475767,0.0059266188844265,0.0184820847337282,0.0107066631693128,0.0075042292038654,0.0148223728813545,0.0070820397718575,0.0046364610172228,0.0143242686282238,0.0,0.0245585048864098,0.0
76561198165565385,0.076143793296355,0.0365746072430436,0.0119146130842536,0.0753780577290941,0.0226243973332683,0.0044114789379333,0.0376667761078591,0.0291696349196545,0.0313411151727616,0.0468417596461746,0.0024629203901207,0.0304935651908685,0.0419858604617336,0.0347658097047722,0.0389856408105081,0.0481030186281545,0.0200249234009175,0.0,0.0095722478936131,0.0024629203901207,0.0270833827579656,0.0323055195270547,0.0228729147025371,0.0,0.0335811138575878,0.0108977700037972,0.0074049723233891,0.0236412404137247,0.0044114789379333,0.0058601679912588,0.0062257816409478,0.0633108706676582,0.0180924775778633,0.0021467110929388,0.0,0.0,0.0188869306081484,0.0291696349196545,0.0058601679912588,0.0033154447194546,0.0401295078770893,0.0044114789379333,0.0,0.0047188812956154,0.0060408865904035,0.0,0.009221684965826,0.0,0.0173411291658127,0.0021467110929388
76561198166039566,0.0627988331492398,0.0548042249700173,0.0257144287031653,0.0750102570834313,0.0045222984638293,0.0476888208723291,0.0283754629341748,0.0095494979618032,0.0706042570273185,0.0158492890374551,0.031071153664692,0.0325581488182547,0.0286326965947582,0.065264136350962,0.0141613143512091,0.0302241874813918,0.0618794813577086,0.0,0.0291009519488767,0.0,0.0186833013360861,0.0096004713956427,0.036682452955844,0.0050049871789038,0.0,0.0,0.0061574892495027,0.0045222984638293,0.0051084472460585,0.0093967895692408,0.0157579606451455,0.0388426193277313,0.0,0.0,0.0,0.0237376251242095,0.0088450756099526,0.0099702327579446,0.0053050700167246,0.0,0.0189807060640644,0.0195717128410162,0.0,0.0319174056356685,0.0041533415404403,0.0,0.006842796803274,0.0,0.0331097754681017,0.0
76561198166226287,0.0420959932482561,0.0408545647974988,0.0169576532535622,0.046066152133521,0.0226587982103046,0.0438171633033879,0.0505195595822366,0.0478007282545391,0.036537035442087,0.0180879628249122,0.0293163530585704,0.0500448138153687,0.0288966984127105,0.0365783814678491,0.0085750793252083,0.0177533956392189,0.0120616704502552,0.0216928222667627,0.0410174852685567,0.0126241631585965,0.0352358925058628,0.0,0.0204987970470653,0.0044644922043765,0.0286700904263292,0.0036640442046397,0.0250338081120825,0.0300885059472192,0.015139622176824,0.0128048056946257,0.0051149661340427,0.0232431681985723,0.0042596110018518,0.0037247730912596,0.018872914666178,0.0,0.0084539184593577,0.0219088882859996,0.0226388336460294,0.004729145368098,0.0191405437791348,0.02704955014814,0.0084505875854052,0.0098441115021407,0.004729145368098,0.0054690673136092,0.0041748755076385,0.0,0.0044644922043765,0.0041748755076385
76561198167407399,0.0492777839901201,0.0723943316459738,0.0599583374020058,0.0104884153102911,0.0320327309302982,0.034663293433736,0.0029293337245955,0.0357481654893197,0.0,0.0214337513922476,0.010113291232064,0.009062360809875,0.0438393453575425,0.0037970083090334,0.029612546983699,0.0411069428506061,0.0261817555869534,0.0006250900286492,0.0183312651803067,7.779329329533034e-05,0.0,0.0119390670814195,0.0330257914136393,0.0,0.0404566151063153,0.011721331376477,7.779329329533034e-05,0.0005562939291753,0.0407512452862323,7.779329329533034e-05,0.0114003486367975,0.0243082655763876,0.0123951913036617,0.0218553897799689,0.0,0.048961599713174,0.0052867478318938,0.0161398761583712,0.0028515404313002,0.0320310529756456,0.0301119124794784,0.0472308464303814,0.02057035883621,0.0141135297396995,0.0055592808964376,0.0028515404313002,0.0497230794392096,0.0006250900286492,0.0,0.0137048755809699
76561198168362702,0.0654523681908641,0.0651650755167152,0.0352996557098292,0.0529880208413023,0.0150693770306517,0.0402445193229256,0.019990973691035,0.0352057084830843,0.0429443757970337,0.0352100120725988,0.0350226736806579,0.0100454030876009,0.0100408777720267,0.0328951467155555,0.0200254405103425,0.0249004885167955,0.0150671259175088,0.0199627845874877,0.0125172840778139,0.0149616098475691,0.027849488951921,0.0329409182137678,0.0198854473518303,0.0198787072531036,0.025004611905058,0.0150693770306517,0.0199763677164857,0.0,0.0050216800154407,0.0100442276717267,0.0281838261277962,0.0075988296556206,0.0050235697145652,0.0149096161796628,0.0050222932987815,0.0049498898148007,0.0150444832211248,0.0250042028315767,0.0099393165487875,0.0049183013663628,0.0126277997772681,0.0126303068505628,0.0152328235678393,0.0050237227703955,0.0150050900819031,0.0150806337806215,0.0050212709419594,0.0050256593669128,0.010056936608632,0.0050216800154407
76561198169509065,0.0704076187432432,0.0474671697213213,0.0551227321123496,0.0211802264596555,0.0368290237488331,0.0609798311770759,0.0311405781740698,0.0486683349462643,0.0078685916486882,0.0340097304834901,0.0334050490326042,0.0125735670810271,0.0475774116635983,0.0078685916486882,0.0127011401698999,0.0214372843481447,0.0135922287840651,0.0,0.0172609495677201,0.0136710431540544,0.0084270898030845,0.0080411188925781,0.0353547142044298,0.017841263829319,0.0176450728929475,0.0238668046884485,0.0177609657752569,0.0152708496587102,0.0112645400354636,0.0277716583829848,0.0205804842565524,0.0175561941977136,0.019152230786331,0.0108637650821439,0.0068212113110689,0.0175280089594393,0.0,0.0103664994067817,0.0093901962739605,0.0107081824427788,0.012530245687947,0.0345121284340153,0.003256456375953,0.0270816527676845,0.0151771369101947,0.0,0.0,0.0074704262794175,0.0,0.0
76561198172594941,0.0509284965798838,0.0582359566308147,0.0140678496489181,0.0705681772695591,0.0265377310231933,0.0200206536167137,0.0450619681104197,0.0554851716478477,0.0249063835553747,0.0294190102776559,0.0276727749634586,0.0254837007476236,0.0045353891645335,0.0303496893574423,0.0345500623038924,0.0512499450645838,0.0149710997216895,0.0,0.0278592870056954,0.0230215543511752,0.0418385424924302,0.0289317651659575,0.0111348063758739,0.0095751518862959,0.0218832291320677,0.0093516566526187,0.020787287242014,0.01552714051297,0.0051238089919505,0.0183565107338363,0.0142848195967621,0.0166720710004936,0.0137980198905038,0.0,0.0115115571540838,0.0,0.0049534859629247,0.0257413171673725,0.009089514847134,0.0,0.0166764361612256,0.0165297831774845,0.0142204818496271,0.0054433058020675,0.0045310240038015,0.0133029808225734,0.0103670965353864,0.0,0.0054433058020675,0.0
76561198175781507,0.0495160901783046,0.0688879660512137,0.0125061563267755,0.0422464265739357,0.0175480364157323,0.0234004460803864,0.0431473619136483,0.0721658467913799,0.04860264339378,0.0400853193975336,0.0263678929743106,0.0166036744697892,0.010274391436206,0.0343226060759868,0.0,0.0361948110192055,0.0235740842540424,0.0093190518879476,0.0049580138303126,0.010274391436206,0.0202710938329242,0.0060228846380005,0.0097990956199603,0.0,0.0476185719087185,0.0173516714003158,0.010274391436206,0.0115532134812957,0.0244629862174758,0.0260514589097963,0.0060228846380005,0.0322179688294543,0.0,0.0051200125904769,0.0092846856326954,0.0,0.0132376269924971,0.0368647173649063,0.0105120256379396,0.0090004700550339,0.028242976368409,0.0315942657997,0.0054286437607343,0.0042289287290269,0.0045300650549543,0.0035718262942995,0.0153102555291791,0.0,0.0125550141329403,0.0088770546383603
76561198176903937,0.065086703909716,0.0560973102399907,0.0126103188811218,0.0545808981569622,0.0375267759242186,0.0243894905883217,0.0407374623038681,0.0639268639427618,0.0313190062518008,0.0279011609882139,0.0077885263284449,0.008217498480499,0.0171065462793366,0.0368910819377797,0.0292139473750026,0.0476994378462153,0.0124692501998254,0.0132262481726414,0.0204097524023275,0.0133410853498295,0.0169481840942369,0.0204073398712533,0.0040984548843008,0.0159777860546274,0.0348047038301448,0.0246810023531789,0.0,0.0160794458883427,0.0169962528659259,0.0273892066896625,0.0068798241175253,0.0184468103564088,0.0103760182032936,0.0055720756859789,0.0160205703436362,0.0133554493812979,0.0089396904506667,0.0425560304482953,0.0055720756859789,0.0,0.0121490471839428,0.0328111049311885,0.0,0.0,0.0035295597491586,0.0036686690355248,0.0,0.0070362838002126,0.0,0.0151650485363385
76561198181134839,0.0575042156219481,0.0696962781127258,0.0589987389180761,0.0277268586143159,0.0827733325037754,0.0532942374575008,0.0282013714324742,0.0256339805507025,0.0293211452022366,0.034731201936316,0.0034139650470949,0.0,0.0358735858177224,0.0195574425909642,0.0033819840345222,0.0210683203707808,0.024971338646677,0.0112181097419142,0.0380503610923001,0.0364186724429326,0.0,0.0157319613223353,0.0168796988674541,0.0048648400974087,0.0256339805507025,0.0299976031062164,0.0165650823005618,0.0212338420351654,0.0,0.0231568035017175,0.0034236881269392,0.006856786349926,0.0033819840345222,0.0202501042508267,0.0128541884042696,0.0,0.00670756747011,0.0297548688580274,0.0078953218967729,0.0068321335112008,0.0034236881269392,0.0,0.0,0.0253056729490749,0.0113961481642212,0.018556568783525,0.0087727023072822,0.0075208412065666,0.0071616938041022,0.0040070898391506
76561198182434729,0.0459405327957166,0.0410026645347089,0.0252135157095499,0.0477960884931906,0.0358313853072572,0.0289502614608027,0.0283862798912572,0.0580807951548637,0.0319995447808033,0.0291290765834204,0.0296847186885864,0.0099480827416034,0.0172553002141335,0.0332440109233764,0.0281288890854104,0.0507459998254496,0.0317663160669243,0.0036721157437092,0.0282574261748832,0.0075056200030666,0.0179713742390435,0.0217184906669368,0.0256039597488391,0.0116925703962758,0.0345783409266899,0.0233114567335423,0.003528816572643,0.0,0.0178438908233095,0.0266167319729074,0.0164354452718284,0.0191633398809866,0.0203560185870859,0.0083706319435412,0.0037758365120962,0.0046985161998319,0.0,0.0250032538412076,0.0122559463228835,0.0044411966810982,0.0034256063904833,0.0359315055478661,0.0129239086048387,0.007976245840872,0.0113828107399538,0.0,0.01354340724506,0.0,0.0049120741314634,0.0
76561198186851741,0.0480357582005334,0.0328016654615327,0.0264446130520331,0.0633338585637121,0.0190132921397285,0.0311466799961689,0.0375197276111516,0.0207058540796959,0.0484259187010749,0.0170260029296892,0.0159901676353629,0.0062609631813226,0.028326542270225,0.0537343440168975,0.0426335587676899,0.0313835654094215,0.0221918524768498,0.0047964878735689,0.0228739913681091,0.0197570782546844,0.017023427590119,0.03689212070389,0.0321552959852274,0.0313250054024501,0.0227327527052099,0.0129665719750599,0.012050539654399,0.0066951579412369,0.0066951579412369,0.0284565513164149,0.0224195410879946,0.0163425050427959,0.0047964878735689,0.0053084253158225,0.0,0.0051760033637962,0.0,0.0109398590420517,0.0097661807301499,0.0,0.0107955834569917,0.0306532971561201,0.014824547366719,0.0160413568044617,0.0149736384778069,0.0,0.0046684450082287,0.0,0.0272044681275568,0.0066951579412369
76561198188197794,0.0267254567178726,0.0426259785126137,0.0121421308466958,0.0453470923069012,0.0235750160982255,0.0435590013876849,0.0340192794970301,0.063765279646853,0.0290291827764565,0.0171691748819202,0.0139239888497836,0.0134117668867355,0.0257311832593992,0.0290291827764565,0.0132252099212266,0.0130280907401602,0.0078592858360489,0.0039493619983084,0.0120829174286678,0.0055370139797714,0.0499415283091488,0.004514520539255,0.0217555473131144,0.0046551050857238,0.0437445518663721,0.0149808080418078,0.0153235935286462,0.0089740758904559,0.0455984684316658,0.0047886889763125,0.0084935050386623,0.0431729079506713,0.0135710437815177,0.0,0.016032063863938,0.0091249003414225,0.0117158862944509,0.0191653541001017,0.0,0.0163306612710764,0.0322782343815489,0.0566480694266131,0.012381299272768,0.0086044670840322,0.0039493619983084,0.0,0.017663589919347,0.0,0.0123396897475651,0.0285164831966602
76561198192535273,0.0576546614411242,0.0620969826886411,0.0252621298504322,0.0828286174243232,0.0113122915085294,0.0266564141405587,0.0341049002135747,0.0505241152700549,0.0604500448380539,0.0367016394881482,0.0261506592417306,0.0211488541294614,0.0152902822837124,0.0529782919903735,0.0097561715287066,0.0372394504205803,0.020289841007034,0.0,0.0222444789397599,0.0046723052644003,0.0429134964632314,0.0058250838901935,0.0410532930409055,0.0091252693527504,0.0215883551551633,0.0113122915085294,0.0152686273563473,0.0047990033452889,0.0052838469387413,0.0155572636205131,0.0110108609625105,0.0271932658858315,0.0,0.0053224139369242,0.0047990033452889,0.0053224139369242,0.0,0.0162901990934467,0.010476044321069,0.0047820912744711,0.0114097067821289,0.0218366079892568,0.0047820912744711,0.0155443983660649,0.0,0.0104036581245509,0.0102760636466339,0.0,0.0104625187195614,0.0
76561198193985237,0.0603850015716434,0.0698124224392526,0.0139346826901731,0.0621400462048282,0.0234904054962039,0.0251685182663675,0.0340472765139849,0.063993757009236,0.024940647448844,0.0373043999408882,0.0193511771265019,0.0271420448266231,0.0172081272228242,0.0156586765778414,0.0128772349937482,0.0143977040007107,0.0339325114325491,0.0051100405930854,0.0045226032088784,0.0,0.0599281550892715,0.014662545098873,0.0044772044754713,0.0114592864787093,0.0314752396728958,0.015188181990642,0.0142549458191865,0.0126935743449375,0.0319384177753788,0.017320062987529,0.0094345890664346,0.0161795612895179,0.0089397030265237,0.0,0.0188086546962714,0.0,0.0,0.0143827979361171,0.0044365758910569,0.0042685680201794,0.0042043462356076,0.028371540896522,0.0100733510123839,0.0114592864787093,0.0,0.0262003839519596,0.0143977040007107,0.0,0.0216554479088252,0.0283725982920997
76561198195856567,0.0410291484306824,0.0438367235420548,0.0160477878054198,0.0912087763963448,0.0,0.0182972839045069,0.018492893880184,0.0338458222934523,0.0813467469884997,0.0275752211897854,0.0401294295987665,0.0229341943454082,0.0263868004904443,0.0886098838898752,0.0,0.0414580780016171,0.0185445639010001,0.0,0.0270637064422341,0.0,0.0543614804786228,0.0061379807888301,0.0347331736250958,0.0,0.0100666608293116,0.0,0.0044844509722552,0.005641306888696,0.0,0.0,0.0163038462169921,0.0655662569046531,0.0052629784045457,0.0051777895359402,0.0,0.0,0.0044844509722552,0.0227621094771232,0.0049613936592102,0.0,0.0488760133706463,0.0124864639722814,0.0051777895359402,0.0091780705092613,0.0045998568885889,0.0,0.0107608542027798,0.0,0.02486566913835,0.0073043425283434
76561198201869792,0.0345901395458948,0.0500756653905937,0.0197790188891688,0.0527727459177628,0.0418546718202605,0.0223525807943347,0.057471922986945,0.0615894116413425,0.0225590168361735,0.0400933961239358,0.0127582887495789,0.0190095824058132,0.0063467839882692,0.0291898404352136,0.0274683707792033,0.0395625891984744,0.0230366516150509,0.0066856834490191,0.0297793241032704,0.0139595782065207,0.0072228902961958,0.00816426965643,0.0051012103448971,0.0043503125946033,0.0361839952750743,0.0335847776771969,0.0117612580258794,0.0149723899772405,0.0059937082817099,0.0393502276031484,0.0042867983057965,0.0073981391542753,0.0234044361710281,0.0063625293955999,0.0099916847102783,0.0,0.0103248010477893,0.0333819634516236,0.0342485200764186,0.0105460483877446,0.003098228378775,0.0209751418815869,0.0031686837981664,0.0031783371744876,0.0067092146897491,0.0151821667512545,0.0097171073700396,0.0105866860403825,0.0036391175987702,0.0061800930070303
76561198202541610,0.065629433609898,0.0397229075967117,0.0183672154073774,0.0338125029164423,0.0455583610588396,0.0464190306535495,0.034470987901518,0.0296508673337707,0.022040662166103,0.0384131004925108,0.0259174883803955,0.0155759225835962,0.0340838445081728,0.0213333582407872,0.0212958211636296,0.0453515662354901,0.0087287783396083,0.0042986148462875,0.0580428784570605,0.0329152560159591,0.0164951810896998,0.0069572751626233,0.0332881862105698,0.004813416104933,0.0268453393495482,0.0094140390739326,0.009756900908022,0.0140734857193552,0.0086118970480971,0.0125679737475345,0.0069572751626233,0.0071077595701453,0.0069572751626233,0.0135172748762808,0.0190056641633847,0.0,0.0,0.0190659305440222,0.0098204843593193,0.0091403851450801,0.0114327580837517,0.028442267905144,0.0069572751626233,0.0186888707329865,0.013969749601046,0.0042986148462875,0.0129284818594304,0.004376245460432,0.0139765917696267,0.0089048032731673
76561198203294379,0.0664446057560278,0.0662373002629876,0.0599205762050667,0.0520712123949749,0.0106397137931284,0.0541446521767408,0.0048178153539834,0.0332028358219623,0.0480175970526626,0.0494733404016816,0.05453722463548,0.0100826792904294,0.020639062363379,0.0442423734327946,0.01127342469139,0.033495865245638,0.0295068503291837,0.003775223619868,0.0226177276658313,0.0048178153539834,0.0159730065638793,0.0110419639891528,0.0407800597356411,0.0048178153539834,0.0118720220459318,0.0,0.0089104414779487,0.0033469148340573,0.0043572457415533,0.0,0.0153997990776112,0.0125676880010398,0.002649208648568,0.0075816243087065,0.0043572457415533,0.0212587891003464,0.0093047071739021,0.0095744950266713,0.0,0.0,0.0177652035495306,0.0213478446598308,0.0026782037688941,0.0467865293579468,0.0070147118430902,0.0,0.0189623594153404,0.0115193484412682,0.0027318653222849,0.0074430109740722
76561198206869732,0.0395837747441806,0.0742723019901007,0.0242943103579239,0.052736926122075,0.024051358713933,0.0265489416851168,0.0168779457256174,0.0552953737760623,0.0361574717653199,0.0254396112663699,0.0252564683550405,0.0121176732351193,0.0301076312354074,0.0390346177068073,0.001895184932186,0.0369673574084113,0.0119301624945491,0.0,0.0336097493408003,0.0070157479628685,0.0347942017614451,0.0065062196525687,0.0246329651890285,0.0,0.0439861020582039,0.0097925254632176,0.0070157479628685,0.0,0.0318736032582928,0.0027437049639978,0.0046110347203826,0.0233795840361825,0.0,0.0,0.0070157479628685,0.0045617670872506,0.0101514935905173,0.0286824688518108,0.0027437049639978,0.0051331010264391,0.0279344282396839,0.0364418713819635,0.0,0.0237026631225403,0.0,0.0145961348286182,0.0236656440632626,0.0097925254632176,0.0272507505058735,0.0157994010278769
76561198210123867,0.0504082999383877,0.0269503742942419,0.0199202253086539,0.0363359470011056,0.0338208801725108,0.0789431958559457,0.012354591744885,0.0287924474902726,0.0392092272018359,0.0225015736770443,0.0328300180465976,0.0232209705003628,0.0296064827946124,0.0326368103356929,0.0150787649520973,0.0302581120697846,0.0186175341317023,0.0054568197772194,0.0455622873275289,0.0132378796425107,0.0222434753210922,0.010607350430518,0.0245334984279509,0.0,0.0296656689058844,0.0106147407127238,0.0110865677766712,0.0088779093746425,0.0216311974334502,0.004243135132206,0.0042690697131134,0.0422191347421313,0.0,0.004343478699874,0.0140470951461066,0.0130050684350617,0.0089439479675631,0.0185692420622956,0.004243135132206,0.0063096904386223,0.0335575450069435,0.0377093091109695,0.0194651262383807,0.0092744464523633,0.0116861500397918,0.0,0.0047136428665442,0.0,0.0143508370237927,0.0140470951461066
76561198212109881,0.0549721102191896,0.075397731293811,0.0215306172281056,0.073863533895398,0.0,0.0139195341957053,0.0075518933572817,0.0269654715010188,0.0649786082012022,0.0360328806603987,0.0226659699724684,0.011275120597436,0.0488128785866,0.0728126396212641,0.0308362876346076,0.0374938208655307,0.0112764969196698,0.0,0.039418547222569,0.0,0.0257035042368202,0.0082992079342065,0.0435128572674937,0.0053000213191063,0.0190639781062278,0.0053000213191063,0.0,0.0075518933572817,0.0,0.0,0.0164289379574679,0.0293085057947791,0.0,0.0,0.0,0.0,0.0122724069484042,0.0269654715010188,0.0047422487690529,0.0,0.0209077113943151,0.0139632071252395,0.0150295400957985,0.0447644003210197,0.0,0.0,0.0076106520327996,0.0,0.0434712925476041,0.0
76561198212143500,0.0336868882966459,0.0416157427477853,0.0149663363700987,0.0258652323200653,0.0805879674324103,0.0376105242337502,0.0288636095053648,0.0322395729175432,0.0083187280799822,0.0445719792906419,0.0144844550131661,0.0171864306129922,0.0299279065893865,0.0083187280799822,0.0135977966188427,0.0526898563174147,0.0430328646619594,0.0,0.0242138935271674,0.0082223282967196,0.0,0.0052119739660319,0.0231159416182605,0.0140633320747004,0.0349997582934137,0.0354971633424678,0.0081650789741761,0.0134957603337581,0.0259154405144723,0.0131838178645213,0.0052119739660319,0.0039647754002397,0.0163380387563082,0.0057187150765747,0.0174156260576141,0.0,0.0044169581942413,0.0396131640248925,0.0088612645964049,0.0045043454183033,0.0,0.0141488583438984,0.0123488470711661,0.0237344646498591,0.008555108970953,0.0211861610216305,0.0333033200623616,0.0038111565987477,0.0127904140696474,0.0304276998274031
76561198212519471,0.0521534345468765,0.0540985481848437,0.0082774614598457,0.0695693415073599,0.0258576303376753,0.0138287924824331,0.0147122521325627,0.0478352148301524,0.0583757953110109,0.0342506142771189,0.0288825604002232,0.011567018132681,0.0168868119318593,0.0477991390619593,0.0214534592302373,0.064843178664182,0.0357370517204971,0.0,0.0318450812739264,0.0039323115173797,0.0379483981904958,0.0121764468358686,0.0254636289786973,0.0039323115173797,0.039451946576822,0.0155485250207337,0.0,0.0092693916431672,0.0,0.004404393298799,0.0084175716058153,0.0346395462907581,0.0081815123329088,0.0,0.0051076308675114,0.009289735506497,0.0,0.0406123838322189,0.0,0.0,0.028730220360651,0.0160673510293592,0.004404393298799,0.0044509567359506,0.009389021069734,0.0,0.0194947547461296,0.0,0.0162754044883305,0.0048387787705464
76561198213107237,0.0284286704468164,0.0494519298405385,0.0092826258641578,0.1011583913344311,0.0,0.0,0.0217176153256448,0.0370944055111883,0.0706350750819608,0.0100526786314891,0.0297866266326768,0.0284186269547389,0.0182654667641287,0.0718711073142137,0.0203097606981592,0.0537469011332144,0.0196159764354003,0.0038313485215382,0.0310380602830766,0.0,0.046456984248499,0.0330610518688856,0.0289405193931898,0.0138645694747526,0.0150882399436224,0.0,0.0,0.0115110263307614,0.0,0.017774231794114,0.0179466074370515,0.0469456605336114,0.0128891297259875,0.0046713830215394,0.0,0.0,0.0,0.0195474604547009,0.0142367067123188,0.0,0.0325668656982742,0.032408238673977,0.0077215531626249,0.0104318785915113,0.0126564721039883,0.0,0.0086248437627667,0.0,0.0079513102944481,0.0
76561198214234216,0.0425185070008189,0.0631270236961916,0.0129652418497179,0.0977387217002294,0.0090290197885789,0.0129571239736918,0.0270688136520743,0.0651626008894568,0.0804283863028056,0.0212029861131986,0.0146188282943491,0.0088715116881958,0.0122843041325762,0.0752193513291124,0.0138533889724631,0.0434350102461425,0.0156652395421282,0.0,0.0247399445303454,0.0085422138893409,0.0386781754452703,0.0080836865846959,0.0122843041325762,0.0040389408359733,0.02962045046233,0.0090290197885789,0.0,0.0,0.0,0.0234909878877451,0.0039676025079461,0.0396393575429928,0.0,0.0,0.0045032730533675,0.0040344728515195,0.0045419297816602,0.0376665141311374,0.0107665274431226,0.0,0.0317982841647811,0.0384152947529257,0.0,0.016400388209326,0.0056983640597399,0.0,0.0098436196373001,0.0,0.0180705891355922,0.0
76561198214300979,0.0736831179594759,0.0567513857432032,0.0303669104945327,0.0643415309306678,0.0,0.0198319719421655,0.0093593688479501,0.0307446382372243,0.0355504158906098,0.0560992381856237,0.0590512762281681,0.0250350752984391,0.0155142073266923,0.0255763535880103,0.0519548703229838,0.0547959972051773,0.0194369718032967,0.011253837687373,0.0180152403710551,0.0076007586984665,0.0284141306282103,0.0266361506233015,0.0311431263589568,0.0076701251941964,0.0088976467843144,0.0048915311589524,0.0085865775768023,0.0,0.0,0.012464479369595,0.022248254775632,0.005036312504676,0.0216523471644538,0.01486983955654,0.0100904011372584,0.0,0.0324920167704101,0.0168426602610544,0.0031892507704746,0.0085781767952289,0.0,0.0,0.0182239924228071,0.0106226761677399,0.0175027408732033,0.0,0.0121216782436148,0.0,0.0128627181014604,0.0
76561198214648473,0.0443629844117362,0.0398999457821113,0.007770781033608,0.0457601208404283,0.0443406372367999,0.0276878643082089,0.0388249081693637,0.0534151539866756,0.035316646723669,0.0387101222739833,0.018558857975762,0.0127734860842025,0.007792370757367,0.0262468542415832,0.0266351019003992,0.0637617856413376,0.0433801867424628,0.0,0.0283427022741021,0.009056604444145,0.0230301573027113,0.0043721321493063,0.0265009930552103,0.0039315430823905,0.0531534457127815,0.0205919009115072,0.0041146341847048,0.0051811192437832,0.0165710501981788,0.0213564922515145,0.0043721321493063,0.022247506095806,0.0086160733013446,0.0,0.0,0.0060990941409533,0.0042439411520383,0.0329843033874629,0.0159445065496657,0.0036777365726621,0.0070177988050891,0.0351448179409396,0.0080493520810235,0.0040930444609458,0.0,0.0,0.0202977238815604,0.0,0.0224836675263767,0.0132877190347899
76561198219075073,0.0522511513552661,0.0628025858157152,0.0203019572476055,0.0298951232220945,0.0036333769519009,0.055655610320526,0.0300028454163377,0.0708918212043136,0.0194042483285181,0.0390824363246235,0.0343177475609661,0.0244679658511396,0.0,0.0036333769519009,0.0049166581579139,0.0068839333094483,0.0229089021956178,0.0037792811331025,0.00330994090681,0.0085500351098149,0.0577353530436808,0.005057571458405,0.0034022187605839,0.0085500351098149,0.0506058635776316,0.0069582609733397,0.0239736112509219,0.0,0.0656198286489235,0.0146490179694858,0.0048927782598087,0.0199098471080815,0.0067467685550661,0.0159319692554395,0.0220776555830767,0.0049309573307085,0.0041782359931328,0.0043842227150482,0.00330994090681,0.0072410208451335,0.0274248771325514,0.0596957583052554,0.0108743977970345,0.0041782359931328,0.0,0.0127112596824645,0.0126439576971899,0.0,0.0032919184343275,0.042335440249334
76561198220559105,0.0383098260933046,0.0480883647557371,0.0254671335103096,0.0540469857544101,0.0250376638262532,0.0206059762480496,0.0572459587932458,0.0564829215369066,0.028216159373391,0.0350717380243256,0.0194066329518381,0.0149896583790724,0.0117330394850703,0.0329634093767068,0.0203663445795279,0.0171269599726741,0.0124370053297601,0.0070766519638222,0.0186923131921187,0.0270661767952361,0.0212170767389614,0.0074491074738929,0.0162354676848231,0.0103331879052221,0.0325226474161723,0.0259026974361575,0.0125482696785371,0.0214610841046199,0.0261360923881617,0.0349401074501877,0.0065121341782245,0.0110805354952141,0.0,0.012637337640686,0.0187617391454078,0.0111921205012096,0.0036658338579489,0.0256311276420341,0.0164369590427921,0.014368187343396,0.0072952132923164,0.0200337695426457,0.0136690425616954,0.0068663011368057,0.0041408538400672,0.0112252576390186,0.0079474503185245,0.0074062126993849,0.0047453106523654,0.0172079552517654
76561198231347376,0.0277591876180973,0.0567296211022944,0.0045522353861034,0.0696022700166518,0.0307291993252007,0.015557219054937,0.0178637365790648,0.0521895081631837,0.0598666155513201,0.0337582167562036,0.0103325824050769,0.003468132685822,0.0021804867021318,0.0526624168767245,0.0543110181726668,0.0602628107631011,0.0086786941493107,0.0031283837304812,0.0928584842246937,0.0056486193879539,0.0391122816790062,0.0122425778863212,0.0,0.0078359753359797,0.011830264993631,0.0,0.003468132685822,0.0,0.0139374179348265,0.0035039222646317,0.0062581056674312,0.0476240376649988,0.0009478970283494,0.0053157396785071,0.0098645275503135,0.0052369465754795,0.001176750936687,0.0446014053672119,0.0,0.0,0.0361703150335886,0.0593612337989779,0.0,0.0,0.0023073091706803,0.0066675074147577,0.0034171991111976,0.0,0.0071164860202663,0.0098645275503135
76561198238420992,0.0631493397089705,0.0511788383290324,0.0502025906750783,0.0485994514742041,0.0,0.0439182702159191,0.0077461998874221,0.0212913895410082,0.0443671370590192,0.0179861768446766,0.0606302890217283,0.0280644095185345,0.0217616371450379,0.0438817098313634,0.0,0.0271184954185615,0.0346591205941072,0.0,0.0357790808415072,0.0,0.0286486409074195,0.0124326354380462,0.0577493213263476,0.0200624044883805,0.0058165412144014,0.0,0.008108982170672,0.0057236036058362,0.0147680454877682,0.0,0.0138325857765083,0.0229853159980092,0.0068324246045683,0.0058576133024498,0.0,0.0058576133024498,0.0124148021723166,0.0125398709265709,0.0,0.0231472994612194,0.0241906203839538,0.0300482336864037,0.042933681357123,0.0262218973314278,0.0,0.0061486572702738,0.0,0.0,0.0133450736816817,0.0
76561198238846116,0.0313323395982762,0.057353779643301,0.0153984748597379,0.0599580458363897,0.0291698724900384,0.0348165060804457,0.0622207614443658,0.0680200847426725,0.066263455736575,0.0308002134172234,0.0266638775099045,0.017808837584372,0.0098623714506492,0.0597236180616599,0.0063802541795579,0.0487575958934623,0.025087124157374,0.0,0.0309632726325367,0.0063802541795579,0.0234386221185354,0.0061016360099386,0.0237006990143052,0.0063802541795579,0.0320436481557928,0.0224442866686529,0.011169621997804,0.0,0.0,0.0256181302089589,0.0061016360099386,0.035758517446405,0.0,0.0093770733171336,0.0050941066023788,0.0,0.0,0.0311963786416186,0.0158956222028908,0.0103424090673723,0.0182087443161497,0.0209152260895554,0.004632951300023,0.0046196971548868,0.0,0.0,0.0,0.0,0.0,0.0
76561198246412594,0.0613304703728646,0.0870181013993371,0.0395465132410238,0.039745931361365,0.0046555158884447,0.0474557413944275,0.0480555448036352,0.069115609515306,0.0429004460449277,0.0359703775803574,0.0545313484930232,0.0,0.0327353421724889,0.0345612317381826,0.0043820258432062,0.0254918348149394,0.0148597939663556,0.0092549992305257,0.0,0.0063773560229295,0.0238220946335194,0.0259442727342334,0.0255788333472223,0.0203775473626269,0.0219480077063763,0.0110965862614715,0.0206595763763345,0.0052770504550407,0.0050272211228793,0.0144896476416062,0.0100373655585256,0.0165317887909967,0.0,0.0,0.0063773560229295,0.0,0.0186078296312014,0.0157116946948695,0.0,0.0046055671005465,0.0058253406971995,0.0160372614432613,0.0117768764136933,0.016016271859129,0.00991390091748,0.0046555158884447,0.0092701166884542,0.0046555158884447,0.0127413557572923,0.0050272211228793
76561198248263124,0.0569873800938541,0.0678033700397349,0.0204537937530648,0.0464875003106948,0.0055311085636734,0.0353220869466685,0.0123649356951802,0.0436842371381592,0.0238040436937144,0.0255987885196746,0.0498473829596479,0.0268226711886387,0.0229981944406504,0.0296086502471751,0.0184978689099214,0.04765164346599,0.0090253098115856,0.0,0.0520003856088884,0.0050686188572903,0.0246208702055526,0.0306293121461294,0.0330393523741817,0.0041489294257417,0.0343194143088937,0.0,0.0114037175401478,0.0080082065801363,0.0087858939916374,0.0164214222354449,0.0388902360746725,0.0115793333395983,0.0084651983849078,0.0083769933972946,0.0044087118446431,0.012343905956759,0.0044152610089859,0.0192058989143438,0.0098878376787172,0.0,0.0070629860898855,0.0169508237686027,0.0182243709201341,0.0285964793328024,0.0100270101875359,0.0,0.015645682638539,0.0,0.0106069992635096,0.0043771821469943
76561198249893146,0.0366886888822792,0.0784419557738796,0.0383990284284724,0.0641670963942525,0.0317449217250126,0.044266535407518,0.0443642490684963,0.0409643331945798,0.0097264150655451,0.0409990425016517,0.0373537617914743,0.010888734257999,0.0225398214632754,0.0267490132089542,0.0210730360717313,0.0358044903677126,0.0308350737931065,0.0106496109355382,0.0046451660886666,0.0114640855847996,0.0050996956590177,0.009941124474209,0.0329514282846839,0.0193253338010297,0.0367056968392482,0.0165036129227417,0.0063049561510928,0.0158774105072907,0.0107163954183025,0.0169468785537197,0.0049656738409656,0.0,0.0047750436738682,0.0058926925648818,0.0051591294337068,0.0121976487159746,0.0047750436738682,0.0412034565170406,0.0045426309153011,0.0123196157003857,0.0,0.0150751033341749,0.0064452535596036,0.0058743621407821,0.0056682349273736,0.0114046518101105,0.0262811968374072,0.0,0.0109419036683306,0.0103407660699416
76561198251071604,0.0590510073271043,0.0643616038776016,0.035918555167455,0.0733684630585192,0.0040350325772055,0.0270828881759865,0.0131755959012992,0.0470450530666457,0.0701098828661963,0.0352766651398616,0.0287278169271089,0.0087640396554095,0.0142977522899118,0.0637937378818861,0.0269549523173947,0.0478361680260835,0.0260259011292195,0.0040510637339456,0.0111601825936337,0.0040294155034172,0.0279661717278379,0.0106241704206964,0.0219797200012832,0.0,0.0283607943408865,0.0095362552311911,0.0055012226539856,0.0,0.0054335804290271,0.009146180397882,0.0070712972922799,0.0250546943586072,0.0035054269206578,0.0,0.0,0.0165355681337079,0.0051981692837874,0.0286976649120142,0.0087433890045702,0.0140834754178419,0.0187722092462557,0.0450604147847223,0.0051981692837874,0.0184268468728668,0.0035528731284164,0.0,0.0042565410351552,0.0,0.0122293879066523,0.0
76561198252530300,0.0683759316499564,0.0775686890699725,0.0233653766692474,0.0491979959141699,0.0120605108270863,0.0199784481019213,0.0128714733131664,0.0342303903908486,0.0293417793888454,0.0443780969920893,0.0387705823104167,0.0213812373539967,0.0326377755382249,0.0222447401579089,0.0204314667605298,0.0405074806298473,0.038233553962717,0.0038358257013037,0.0236750570080648,0.0038358257013037,0.032726931723144,0.0133599490116304,0.0371430575742969,0.0076376692527417,0.0296363653616782,0.0159241040425955,0.0036788016075887,0.0076099017385363,0.0043928052294285,0.0,0.012865462590282,0.0136797658854474,0.0044384679074176,0.0044062951304441,0.0,0.0,0.0115847392912739,0.0367334045926147,0.0042802017269029,0.0090351818462732,0.0092412979780298,0.0092412979780298,0.0046288867158291,0.0229389660709619,0.0127559160310618,0.0128996353451465,0.0172502536317344,0.0,0.0388715286123709,0.0061168756829208
76561198256116084,0.0637789740823198,0.0342197828604019,0.0513756234081809,0.0636749675733047,0.0137917063224828,0.0364178546149116,0.0305250640141156,0.0354950446727291,0.0483603768755614,0.0112732205578599,0.0284156644235624,0.0118488549477245,0.0093187638961514,0.0451608889484763,0.0297103082969555,0.0228316243855431,0.0342475637936442,0.0350239297061726,0.0286447998635553,0.0116134683078605,0.0335292492610606,0.0260604363715911,0.0053174017282492,0.0052464984179963,0.0107022793461835,0.002294704411709,0.0119257432782532,0.0122447328793352,0.0022641100010203,0.0226067100412209,0.0182704726989996,0.021065036588561,0.0271268010267355,0.0082403006928235,0.007924381110351,0.0125909924127526,0.0143322585357314,0.0077878001856556,0.0184910065566501,0.0026555315080653,0.0143328143542631,0.02558421704615,0.0143688964215519,0.0,0.0172314538202538,0.0,0.0,0.0072066003701988,0.0026069793821018,0.0022641100010203
76561198262787729,0.0559922683348188,0.0841195110237253,0.0328915905380886,0.0400613567297326,0.0221007497921832,0.0346000624220397,0.0106532789130103,0.0592532564811473,0.0215216521783799,0.0261555634696645,0.0441108035379626,0.0252034596236841,0.0519688985091506,0.010936919210284,0.0,0.0341106692984228,0.0154847138309128,0.0,0.0284717183690981,0.0067483344241906,0.015666475537595,0.0198650968608207,0.0572671569378968,0.0168603630131122,0.0430420488093313,0.0131693702812748,0.0,0.0067094461883209,0.0,0.0106532789130103,0.0257159493662944,0.010936919210284,0.0,0.0065135748739521,0.0,0.0065135748739521,0.0,0.0391228654093158,0.0089313795109084,0.0,0.0049116319226136,0.0278534973111543,0.020344484910499,0.0201764896268237,0.0067094461883209,0.0,0.0154847138309128,0.0,0.0191674297371093,0.0
76561198263694383,0.0463919719061867,0.0351750075574561,0.0223311955329063,0.0519932870294242,0.0481181070228579,0.0338145658056906,0.0487966409807192,0.0368063804224275,0.0290875437642988,0.0464906747470942,0.0259238463849157,0.0185091045134515,0.0150414600807377,0.0212232198071968,0.0491999028647863,0.0419986510530844,0.0111100692916878,0.0033712668586224,0.0355483549567431,0.0300564468159491,0.0132798475820682,0.0137164082087493,0.027358161419385,0.0192130171240091,0.025403667355194,0.0298318157478624,0.0,0.0068201261800139,0.0,0.0183387316998216,0.0145795558089275,0.0163861851373451,0.0191364398996122,0.0117243863130911,0.0035074769534736,0.0,0.0034304728442797,0.0232447980974741,0.012311008157385,0.0199949635979016,0.0045477895068711,0.0053955758468533,0.0143597559261908,0.0112175836406399,0.0067313644077734,0.0071820927908999,0.0072552539822544,0.003360097549151,0.0071673594945383,0.0035183673319958
76561198265883417,0.0474720659181972,0.0729905822282784,0.004411679152015,0.0858466102426827,0.0042103429227096,0.004411679152015,0.0279248571284082,0.0446359217774118,0.0499123849825087,0.0307166948722132,0.0348442654174285,0.0130877801759063,0.0,0.0463417022265479,0.0236097277086497,0.0355477777884563,0.0233385576000794,0.0,0.0126363941949551,0.0,0.073346701963318,0.0268977752936516,0.0102521696082932,0.0046988861364002,0.0205974435368281,0.0,0.0267550608551109,0.0095540310662025,0.0140646757103335,0.0134620253022489,0.0129395214447626,0.0308061231598385,0.0040897604184673,0.004411679152015,0.0147882156540536,0.0042103429227096,0.0044316066858818,0.0205974435368281,0.0279640789007063,0.004411679152015,0.0270780297417358,0.037773577593905,0.0045283328422069,0.0,0.0,0.0,0.0200922369420896,0.0,0.0155673316865313,0.0047422472054019
76561198268230924,0.044450669232027,0.0353293175159286,0.035261527143304,0.0563814138066399,0.0371373125509161,0.0476980620860472,0.0557566812393902,0.0349199820147018,0.0274208386004941,0.0278678846490213,0.0073714210562573,0.0,0.0033199326191128,0.0486573856183397,0.0242860141371325,0.0409672752777044,0.0234632571009157,0.0146692035232732,0.0277169266092858,0.0238296140101352,0.0128706272868221,0.0238499174073353,0.0047172697165608,0.0081947579378018,0.030446013027069,0.0243409418813729,0.0114370849178317,0.0118117889796703,0.0,0.0386807307748875,0.0074004107327122,0.0216273778447766,0.0120099350551248,0.0202182931278181,0.0040344926268432,0.0067320133928483,0.0086265059184247,0.0266550793402808,0.0134355495276751,0.007263675662109,0.003454505821261,0.0141753517707071,0.0081947579378018,0.0050713819870315,0.0110600071684876,0.0047172697165608,0.0043751058927323,0.0110382623061057,0.0178352319157524,0.0092209415349664
76561198268729880,0.0436918436872896,0.0349155274798968,0.0274319576353883,0.013717081576345,0.089074937736341,0.0495179680721194,0.0265824496846531,0.0340912577445183,0.013717081576345,0.0144758142374875,0.0138177700072029,0.0215019415362686,0.0344255113552999,0.013717081576345,0.0214222532911716,0.0210977574726939,0.0068861066124417,0.0,0.0561497856976243,0.0126996006385757,0.019819467718664,0.022048594298488,0.0207921283390973,0.0199896964603181,0.0406805289468409,0.0421225902003369,0.0141194573259644,0.0187598664931879,0.0266600928764939,0.0126966648617053,0.0138177700072029,0.0068654176336366,0.0204435491324074,0.0,0.0,0.0,0.0,0.0277704284858267,0.0068516639427083,0.0066726710131328,0.0068654176336366,0.0208955559914367,0.0071127555778729,0.0201399926531564,0.0221635010021612,0.0201840186259514,0.0073712210355956,0.006120893559134,0.0,0.0201023285670343
76561198268967656,0.0549346773833726,0.0597674347848576,0.0121867967205402,0.0414538260858884,0.0391741070638596,0.021644992312475,0.0338607544348415,0.052275186525033,0.0244439009771025,0.0298703233423349,0.0313450779998469,0.0079784627710703,0.0239449602667793,0.0240184106801001,0.0249373792092752,0.052672311156364,0.0263787279347234,0.0034342620144143,0.02857252169234,0.0156828636122691,0.0148332373966617,0.0206646084181623,0.0442276590636499,0.0110693601585003,0.0459217026270689,0.0198549369310514,0.0034342620144143,0.0072258416752468,0.0142645894232355,0.008477811697622,0.0122206559267301,0.0176115453423835,0.0078503768691359,0.0,0.0195830316121724,0.0068529917082926,0.0,0.0426827158851193,0.007823791163763,0.0,0.0042169502100416,0.0042169502100416,0.0123590743405647,0.0052724863841793,0.0117058006062899,0.0034342620144143,0.0218103794448485,0.0,0.0180172925992657,0.0057907093096544
76561198269218599,0.0463846910991593,0.0459903488750132,0.0166836826603756,0.0674926826342747,0.0044473757276305,0.0229196504701681,0.0335920152201854,0.0238848983977501,0.0637396660019918,0.0143625148113778,0.0540779699645091,0.0051309653961768,0.0341075276077516,0.0575036981921993,0.0458691787115931,0.0319881882298051,0.0164609407867736,0.0053537072697787,0.023149363363367,0.0104287151285205,0.0346871516546714,0.0343389083270763,0.0341075276077516,0.0138896245400567,0.0258180940601726,0.0,0.0096712801016461,0.0142317136104206,0.0,0.0,0.02876302916178,0.0211650947452818,0.0,0.0155816745823041,0.0043175728318673,0.0062359678097924,0.0053537072697787,0.0134561832692296,0.0,0.0166836826603756,0.0258449820348188,0.0211650947452818,0.0200044481083648,0.0155582411654636,0.0053537072697787,0.0,0.0,0.0,0.0102045338956848,0.0
76561198271409027,0.0533360300049241,0.0756142598766232,0.0468726535814653,0.0309073531446274,0.0208225677707816,0.038111804500954,0.0392009775372342,0.0164971879903374,0.0189691020875819,0.0375343210725608,0.066672704965419,0.030112563292925,0.0391306268220314,0.0137247866676032,0.0120940698384415,0.02370548188154,0.0238567951353128,0.0043710138909608,0.0235557932488265,0.0116219296002987,0.0052443154199787,0.0166768603091532,0.0516446609524449,0.0408638668315214,0.0101294365672726,0.0110500240098609,0.0154324037948706,0.0057192409873165,0.0053307830225444,0.015914211333993,0.0163127827519486,0.0131463037723981,0.0057263184153767,0.0,0.0053307830225444,0.0,0.0242026289850998,0.0211794605771336,0.0,0.0084373311780837,0.0052965768735075,0.0,0.0156676954712122,0.0387079627082224,0.0043710138909608,0.0104657579815496,0.0101294365672726,0.0040663172871229,0.01224180437816,0.0
76561198271535585,0.0666253783029283,0.0820541053231966,0.0396350245753388,0.0101384441893143,0.0264014677283888,0.0574971343940033,0.0050008587528705,0.0525593541992261,0.0095229183028004,0.0406781561900803,0.049563640602933,0.0260858824997934,0.0156296652196688,0.0050363730047769,0.0,0.0352170496266919,0.0476630247243246,0.0047361381413022,0.0157625513232894,0.0057085927986524,0.0,0.0052349572881579,0.0217365432922494,0.0,0.0362629506519557,0.0108092636363048,0.0054858874094083,0.0049456074620535,0.038094364991054,0.0,0.0152493559291176,0.0210556123172729,0.0048069148416932,0.0098382093258396,0.0057085927986524,0.0100924430400821,0.0092027216471888,0.0207912441031353,0.0,0.0,0.0276675786508643,0.0422992661703536,0.0,0.0149941775410181,0.0148286522913494,0.0,0.0417718939762884,0.0,0.0173730615613571,0.0262349411750213
76561198272701149,0.02221888831157,0.0484450690512676,0.0203040923711076,0.0145002221528827,0.0436837361870842,0.0504301333190797,0.0324659432034095,0.0738198104270589,0.0115787797048936,0.00791566204291,0.0041682015105257,0.0201640778804415,0.0284744105389214,0.0116678353847754,0.0044051734355028,0.039575298976,0.0016410952605759,0.0,0.0192223732535978,0.0208407246266607,0.0364305038481204,0.0076565614008447,0.0351832727479739,0.0116428479843168,0.0587086257945749,0.0252654431439277,0.0187367510632376,0.0119328487838245,0.0335552568721997,0.018312870782911,0.0058495538770528,0.0180050932767085,0.0,0.0085465392141111,0.028451070123008,0.0,0.0045980046151616,0.0362115121101893,0.0,0.0230058679075205,0.02260369738697,0.0402817191908745,0.0040377561539063,0.0072269909706612,0.0,0.0048000456223272,0.0187794271624424,0.0071612396090611,0.0104509317966997,0.0270440409231076
76561198272738490,0.0564862887668241,0.0385641961905313,0.0727397733831098,0.0191443034272418,0.0501647848741546,0.0482373941445399,0.0526776441692009,0.0207622521397676,0.0038472441348209,0.0319246284340626,0.0135191947524478,0.0221024719716382,0.0348142365510459,0.0,0.0160576409022766,0.010118090354708,0.0139653344895289,0.0356233848355097,0.0138997534169617,0.0292125440539088,0.0098975926483621,0.0061618241264961,0.024847532005022,0.0225828330804498,0.015314315800561,0.0338781936359287,0.0096719506176269,0.0270543681281292,0.0055315473416346,0.014980134933053,0.0142160215264304,0.0070107184682324,0.0197701911243132,0.0131947556566051,0.0439931928113002,0.0,0.0054649973525135,0.0223577584970948,0.0054479363392066,0.0262234099702606,0.0,0.0035019555047568,0.008321010291901,0.0223403648513314,0.0322740435488244,0.0,0.0,0.0165706434060504,0.0,0.0055315473416346
76561198273177152,0.0438370658326274,0.0662075213761639,0.0077409725331567,0.0803426632981801,0.0050352814033935,0.0341498248360459,0.0325623674389691,0.041386223509917,0.0447162191594671,0.0195022257551103,0.0302304221253495,0.025228273315575,0.0072452510755645,0.0343483797926284,0.0267745881115402,0.0280330918627882,0.0244088901387163,0.0109207561141473,0.0263681991477028,0.0,0.0520537506233572,0.0284738272493523,0.0205324973776379,0.0,0.0252825600871006,0.0050352814033935,0.031897256362885,0.0075760239886414,0.0136403966495165,0.0209019599332574,0.0240326842148387,0.0202847554805154,0.0174783205443228,0.0102455588953095,0.0122616728013313,0.0071561680405699,0.0082229706412876,0.0143089747515511,0.0126813052675736,0.0,0.0080169148184244,0.0269859669858607,0.0034556482897392,0.0,0.0068460686173828,0.0124627404844468,0.008713332389489,0.0,0.0085136372290052,0.0039015100461646
76561198273477765,0.0449279623412172,0.0466971176589034,0.0112624906482173,0.0939193942561708,0.0069892156540521,0.0156944288439731,0.0377775817707377,0.050922676894632,0.0987803380412251,0.0257210126702236,0.014252592690524,0.0145823251373195,0.0,0.0780989830279846,0.0341512255858057,0.0421734203317178,0.04798651532555,0.0042623161789951,0.0113164629686777,0.0094951837397339,0.0238326332176139,0.0125071725183511,0.0141065861873345,0.0055490138253395,0.0344459912452221,0.0069892156540521,0.0039461699143943,0.0039461699143943,0.0045228087885362,0.0203711003010919,0.0083289181523953,0.0252785749585477,0.0052329759334831,0.0,0.0039461699143943,0.0060241587394703,0.0,0.0449044154303864,0.0138575222010435,0.0048168636293252,0.0059085090431701,0.0111915618747132,0.0045324855745111,0.0,0.0094446330256116,0.0048168636293252,0.0140937158324108,0.0,0.0144483568148252,0.0039461699143943
76561198273602004,0.0579527582974538,0.0624463465578917,0.0344182604744469,0.0425384321862092,0.0317600341570694,0.0379623079605712,0.0184840391826236,0.0278703060205064,0.0286739649934988,0.0321359895770627,0.0381417856011046,0.0170626117335354,0.0342703308150019,0.0286739649934988,0.0152394240637805,0.0296187008708872,0.0280582173705018,0.0,0.0420638202748746,0.0264373807883284,0.0261096446563301,0.0249212217444129,0.030290096542778,0.0199807130463205,0.010078638141563,0.0130276672780566,0.0075253850937298,0.0093769807475155,0.0048917591713874,0.0,0.0148416954653209,0.0156352748748006,0.0042529176282917,0.0232837563253597,0.0075253850937298,0.0,0.0228221966517426,0.0176040232352929,0.0,0.0,0.0077432354194492,0.0077432354194492,0.0109311655109202,0.0401547217703194,0.0182028357815048,0.0041977062220301,0.010078638141563,0.0,0.0149724301192831,0.0
76561198274446234,0.062364218520078,0.0726484714057308,0.0231098653477107,0.040471114428467,0.0165062465977704,0.0439027967333371,0.0113798272599882,0.0461407148259622,0.048100522149105,0.0288706554001346,0.067012678504428,0.0168500909175672,0.0314717244262328,0.0348368043534411,0.0215456837953689,0.0389359296454641,0.02365154427408,0.0,0.0205037088318547,0.017915942721947,0.0333389799125607,0.0250819591410669,0.0367773433697172,0.0215500582025641,0.0201679637252106,0.0050234732476615,0.0,0.0,0.0,0.0,0.0176814752880653,0.0321011860547901,0.0053264816047512,0.005045562150713,0.0,0.0059286491013651,0.0,0.0204833972390146,0.0,0.0,0.0224299841617731,0.006246892908187,0.0048658972162854,0.0321631284879782,0.0073077312706186,0.0111948479582579,0.0052386907349397,0.0,0.0158277580858097,0.0
76561198274842511,0.0471397481746751,0.0741630227668032,0.0266651227191887,0.0443656169441167,0.0256347874859248,0.0209293248064857,0.0142043562843253,0.0652791641517469,0.0378146473756376,0.0494641737358184,0.0156741647643078,0.0052768514020651,0.0088761082666413,0.0479868181021121,0.0141691506266414,0.0609139694772539,0.033643675148985,0.0,0.0256183234378797,0.0,0.0295750644665596,0.013436258453967,0.013228955730719,0.0,0.0534029175755946,0.0055520686135075,0.0,0.0046894097402907,0.0350072190560269,0.0,0.0091695470728436,0.030936979355062,0.0052221894410152,0.0041866985263506,0.0,0.0,0.0,0.0441768783526587,0.0,0.0080662660552685,0.0250096097402648,0.0269402883870632,0.0,0.0,0.0,0.0,0.0322974124440353,0.0,0.0219691205656224,0.01931409075254
76561198275767100,0.0708508431336162,0.0549438962182857,0.0406751677092121,0.0281207851658529,0.0232586441138174,0.0579277898166382,0.0161372312049483,0.0288221485724833,0.0303914046602643,0.009501946978321,0.0224893542925173,0.0203774527524994,0.0284804003338704,0.0156254723190372,0.0156572165889972,0.0376822959144683,0.0052800443830563,0.0099994002114748,0.0208559581746099,0.0,0.0292830465265975,0.0152571797977858,0.0111405477618251,0.0,0.0156990604597627,0.0,0.0,0.0,0.0259372241448666,0.0049322881091561,0.0154336360315668,0.0557400621354402,0.0,0.0099994002114748,0.0049276865540929,0.0115207216054744,0.009501946978321,0.016259398100948,0.0,0.020349654019798,0.0493117053153732,0.0391946069432919,0.0049322881091561,0.0047718908955254,0.0052821028620173,0.0,0.0500097745841462,0.0049593885453993,0.0202605405868532,0.038218397177155
76561198276820389,0.0340569706653771,0.0615575024287388,0.0257898185445066,0.0529685528952688,0.019873265176775,0.0358589801117342,0.0201562419063885,0.040151242816563,0.0410458488319543,0.0352355250674925,0.0486469901404938,0.0260556742264325,0.0418792618043023,0.045704630702007,0.0063896251100913,0.0481506713335653,0.0137064404558968,0.0,0.0166377347254979,0.0196399008878466,0.0129135365711562,0.0064318874491313,0.0280672065393527,0.0222398391297485,0.0275005317633616,0.019873265176775,0.0074876168518267,0.0074876168518267,0.0072216956633632,0.0,0.0061118630024539,0.02016374321441,0.0,0.0065324009074925,0.0072216956633632,0.0,0.0064816491220248,0.0273297302573403,0.0130623165260737,0.0067529709391104,0.0125005141449435,0.0066851134153702,0.0131848583882417,0.0340502293295735,0.0,0.00646990689769,0.0275005317633616,0.00646990689769,0.0267544957033842,0.0
76561198277899306,0.066049520464141,0.0834176532640134,0.0306161580382972,0.0586568329673208,0.0028676023921293,0.0264799810359629,0.0106554494472986,0.0726919916758471,0.0164899075333326,0.0499487050500719,0.0470349961742809,0.0108804274253948,0.0163802600476461,0.0164899075333326,0.0129942412896542,0.0484437047017468,0.0200227723879482,0.0035633178843353,0.009293971336746,0.0031130002874754,0.0338107739043286,0.0175669868954913,0.0064081719324117,0.0,0.0500706617413222,0.0,0.0081520447417507,0.0035135058275646,0.02198122960143,0.0,0.0083472480212938,0.0211131242129723,0.003408182143315,0.0035633178843353,0.0072979057670883,0.0060982304314741,0.01643295911719,0.0390565879486958,0.0038897236237732,0.002904461403274,0.0158435119527868,0.0248025111380631,0.0036177422500836,0.0263644943405672,0.002904461403274,0.0028991349080322,0.0324006451785124,0.0,0.0065494062017408,0.0249125764922514
76561198282596613,0.034816677758254,0.0639264946979404,0.0050407915716583,0.0630263843722715,0.0180123627567327,0.0214264072830796,0.017387336643358,0.0485200006965513,0.0339551161837578,0.0380714068959309,0.0248357914812648,0.0169260120151421,0.0094809592810671,0.0354297861729282,0.007577288726492,0.0442086236531418,0.0094564382679921,0.0041762600411883,0.0189052160097921,0.0091799408074754,0.0681341779169453,0.0167672007856212,0.0414866355045424,0.0089262608119816,0.0434783230023316,0.0091465908545853,0.0213067707689065,0.004689511860959,0.0046267995272336,0.0041762600411883,0.0175883746465964,0.0226484292696861,0.0040058019989182,0.0075571289504747,0.0086403177184308,0.0041762600411883,0.0126136718041013,0.0540851262788076,0.0,0.0,0.0147534024542709,0.0082324120401815,0.0098322389917663,0.0035567314700315,0.0040058019989182,0.0084293527773278,0.0348380052839008,0.0,0.0379391178850843,0.0
76561198283021088,0.0545606788719526,0.0440184204140445,0.0310782492243635,0.0175755671869476,0.0684088090703599,0.0687681169045675,0.0120744693809768,0.0322431604502176,0.0177491251033015,0.0390686891825392,0.0323204597436663,0.0092909693595822,0.0373659472229381,0.0061859063762145,0.0167257864937886,0.0446785611250169,0.011003597468966,0.0,0.0683736960294427,0.0157882988776615,0.0061859063762145,0.0167423800415817,0.0105956971578077,0.0128704311020296,0.0271553832283474,0.0447854408927534,0.0100605005900285,0.0044079986888404,0.0270980928960361,0.0054738405636371,0.0197508809771492,0.0061859063762145,0.0126515644309964,0.0050847178851314,0.0101218963750193,0.0,0.0046711097473412,0.0201244449508001,0.0,0.0046308962455775,0.0061859063762145,0.0132168446537618,0.0054738405636371,0.0373845902475505,0.0159396492252857,0.0,0.0059158202470958,0.0,0.0167923111849248,0.0232154404894744
76561198283383463,0.042996780588066,0.0414573603854559,0.0333293705455248,0.0661255977090708,0.0126776596061444,0.0322893920682157,0.0498500609383751,0.0531291698289945,0.0474587709493256,0.0268562331459811,0.0175504868623498,0.0134153434611876,0.0061699895340588,0.0502311330466651,0.0314254770873108,0.0226088463351786,0.0216833486426144,0.0087262214905031,0.0130202396531396,0.0090135350199447,0.0311362166077342,0.0374604007023626,0.009403924920573,0.0,0.0240160181033542,0.0090750006690973,0.014449932568111,0.0158991405027743,0.0033823385415072,0.0300114193677123,0.021650464804251,0.0115338369779064,0.0125000442757993,0.0043151907128608,0.0031787595392487,0.0124878624439528,0.0094286493744404,0.0132551342674498,0.0307145561363351,0.0,0.0275927557552324,0.0342633227069556,0.0104355393138413,0.0035356221335242,0.0026393303949557,0.0034586289130495,0.0125519515739558,0.0088365796975673,0.0027723620973395,0.0
76561198283397484,0.058599672456385,0.084739068355084,0.0394095304772183,0.0553701627906534,0.0,0.045251600962352,0.0182820662928647,0.0394548040701184,0.0362120119000424,0.0584063716264003,0.0456943205664503,0.0127530744550037,0.0214170863435341,0.0304120617933911,0.0,0.0267455931679807,0.0186030466676032,0.0,0.0509108308064573,0.0,0.0417667455673065,0.0305036157996506,0.0404948779997445,0.0,0.0211727377772536,0.0,0.0071193490814113,0.0,0.0,0.0117799860890087,0.0270354323486492,0.0169964963290157,0.0,0.0176171388939969,0.0,0.0,0.0,0.0211727377772536,0.0,0.005572855390727,0.0169964963290157,0.0113627709554233,0.0,0.0287148919107357,0.0132173074197421,0.0120707928977553,0.0133300277036052,0.0,0.0137642817036458,0.0070501552945188
76561198286376504,0.0233773118128626,0.0380540860678774,0.0317238564576764,0.0076297803609403,0.0654402576167481,0.0503092357006768,0.0225455929454764,0.0718971077305777,0.0042016071297783,0.0081506857670623,0.0051459498986011,0.0129496482742614,0.0345769220952843,0.0,0.0124077769420063,0.0247416057952932,0.0172461695584667,0.0116893277189229,0.0410372982833334,0.0140998069800753,0.011015060876684,0.0,0.0290025690401589,0.0055966798250793,0.0579292881910856,0.0215629390357849,0.010144811093397,0.0093332052128298,0.0681381735296044,0.0,0.0092826373691454,0.0196997458478792,0.0039438228168742,0.0045570495519158,0.0303533804033631,0.0,0.0,0.0135972780346825,0.0,0.0256819260365048,0.0211126670339076,0.0532930800379809,0.0135930703244632,0.0039161824251775,0.0087218193979402,0.0076060212283136,0.0200015836910651,0.0115459627861179,0.0,0.0431470190741222
76561198286525675,0.0465791719565786,0.0373405457084788,0.0152605557986883,0.074113768498235,0.0143226263060715,0.0306181661973591,0.033937736551472,0.0286904194363264,0.0661808337669985,0.0051556993135604,0.0307225876746845,0.0300032525478865,0.015312059098663,0.0661808337669985,0.0207987354663383,0.0331706138433786,0.0117699926743943,0.0,0.0298488939881249,0.0184805043572105,0.0378693454014086,0.0256451064403781,0.0302975334411352,0.0335158951787505,0.0092707729654364,0.0044391081605865,0.009111573155692,0.0090063369600533,0.0,0.0169026316179147,0.0355231201876404,0.0473185558471081,0.0111446629230873,0.0041493961007864,0.013116461871866,0.0,0.0,0.0045285385478676,0.0051556993135604,0.0041445409349756,0.0309137971742094,0.012994568101706,0.0161212404262804,0.0098780137472623,0.0096496056528066,0.0056109501458816,0.0,0.0,0.0052055487521567,0.0
76561198286544260,0.0296104481986507,0.0614435230641144,0.0286859080264072,0.0688878250687378,0.007722931729055,0.0082585090015355,0.0,0.0116943547668695,0.05083786043462,0.0176370782973552,0.046843549311043,0.033487344613494,0.0314808929345917,0.057034853446044,0.0200648354433435,0.0385614707594983,0.006196993011424,0.006196993011424,0.0304665784441275,0.0,0.0275271674626582,0.0380502091103777,0.0221446205659677,0.0181995763831633,0.0,0.007722931729055,0.0,0.0,0.0,0.0082585090015355,0.0380502091103777,0.0764784749117931,0.0200648354433435,0.0069896743802766,0.0,0.0082585090015355,0.0260592226944249,0.0,0.0,0.0,0.0285833261893952,0.030083976840902,0.0191843460462612,0.0282278914007985,0.006196993011424,0.007722931729055,0.0,0.007722931729055,0.0193617136962632,0.0
76561198291180742,0.0437515267385454,0.0485341488665263,0.0121207960911563,0.0517658386682733,0.0318286743702103,0.0404966318596666,0.0269223884447577,0.0417023508648887,0.0624388968920579,0.0196000790211953,0.040519909083215,0.0184670688090499,0.0225891298780405,0.0523027988496778,0.013922707304453,0.0453014958881828,0.0131871921678089,0.0,0.0366275585247354,0.018850862474233,0.0251544502623184,0.0083658779575287,0.0308471420457642,0.0082424653644181,0.0331569885727354,0.0265413926536965,0.0093222199269891,0.0041934618118817,0.0,0.0117807511862088,0.0123789837462839,0.034831412040302,0.0037257902495499,0.0038777438591086,0.0125139618130653,0.0038777438591086,0.0,0.0324157241298196,0.0059790724751302,0.0040997479131296,0.0101623058211245,0.0241758097506751,0.0044147040405131,0.0180423595886767,0.00883413638749,0.008148751465666,0.0,0.0,0.0139869482821398,0.0
76561198293954147,0.056452649888361,0.0853421796815093,0.0320286720916038,0.0438332743563128,0.0091746497057823,0.0454539779102488,0.0158822172175043,0.0653586820726685,0.0327411739692524,0.0351374416202964,0.0382649582296664,0.0142321135556663,0.0166737948525194,0.0320823874085,0.0,0.0384837192668173,0.0205871507365098,0.0082512224225674,0.0268782682290772,0.0,0.0369370007492113,0.0197746025845736,0.0215567467885066,0.0,0.0239567863547958,0.0,0.0325153321038789,0.0,0.0282813779335492,0.0042310293732297,0.0262543592431577,0.0038300199596272,0.0,0.0079632675756432,0.0190625199145396,0.0038300199596272,0.0184584941331262,0.0186384494604906,0.0212705173509398,0.0,0.0,0.0215794001688665,0.0052531122585863,0.0301606867908875,0.0053254003190061,0.0,0.0163224602461606,0.0,0.0037102085972857,0.0142296749194451
76561198295206449,0.0518738275140321,0.0562068632903755,0.0261262268334217,0.0369222045183998,0.0165545643626429,0.0355048358299361,0.0094777663733817,0.0557428998452719,0.0265278683715983,0.0346264807903467,0.0408780976065785,0.0159037696989469,0.0460058413244956,0.0265278683715983,0.0054348209135429,0.0313556172440568,0.0051621532267264,0.0,0.041466743012927,0.0094617598783448,0.0213657151448719,0.0103688449768347,0.0454828060938161,0.0,0.0309452239132255,0.011969692118136,0.0099927116112782,0.0050835223407138,0.0142382214084521,0.0103277150424177,0.0108426602803142,0.0359834021227625,0.0054348209135429,0.0,0.0,0.0,0.0098170833913083,0.0154698999167766,0.0048928941288748,0.0202909203644398,0.0407412056904139,0.0347708546694355,0.0257894381766322,0.0251269317043561,0.0,0.0,0.0143289633476579,0.0,0.0202598579387698,0.0047164056983437
76561198302298927,0.0412474867002374,0.0428984968197597,0.0484365571841063,0.0683252261723768,0.0262335815737289,0.0361844672917017,0.0311495505223516,0.0458615003093976,0.050509713500404,0.0242736658842245,0.0253314890822561,0.0087736614445843,0.0189659936374476,0.054261578290518,0.0160283023961957,0.0228169022234347,0.0173369043262095,0.0,0.0282915647269581,0.0,0.0301662452589842,0.0265373323560737,0.0145940863148794,0.0245974305287851,0.0209053492888029,0.0262335815737289,0.0067532536872956,0.0032676538646413,0.0034855998226543,0.0208929514484861,0.0151834343243646,0.029177112873257,0.0081259675630732,0.0081792843351561,0.0104930988542102,0.0237776012965592,0.0044020955102495,0.0051688303772753,0.0058843645996804,0.0037398451669145,0.0038966518289917,0.0300846547490514,0.0101017985464843,0.0117287821227139,0.0090447328714956,0.006957972789271,0.0054013433117549,0.0083349600986512,0.01595734255062,0.0
76561198302636427,0.0460982956631749,0.0583884251640299,0.0190032151170169,0.0299932967792651,0.0427967462336946,0.046985803049127,0.0219762786838945,0.0578084763889144,0.0385321196032288,0.0297457675870368,0.0169112402301506,0.0242617608659552,0.0346389772935819,0.024663656202512,0.0,0.0513246734984244,0.0322891929310037,0.0,0.0377243979100945,0.0117080276901323,0.005329640576753,0.0,0.0256146921108242,0.0,0.051945973949528,0.0319474231957633,0.0182234954207416,0.0166712579665354,0.0204953085793743,0.0,0.0,0.0198630220128409,0.0,0.0,0.0,0.0,0.0112062941465859,0.0456010853581016,0.0169104252534109,0.0077550690586895,0.0130110010075845,0.0145432060201316,0.0077550690586895,0.0285656167077936,0.0,0.0157864574188177,0.005329640576753,0.0047637374736433,0.0138312332161987,0.0
76561198307891464,0.0557658922485588,0.0778130871797504,0.0284131610244443,0.0595001890613632,0.0,0.0165274172366902,0.0369444655933024,0.0406491329738317,0.0465685139502669,0.0309669844985081,0.0660296552531731,0.0138789076283716,0.0074090408660482,0.0385214319015724,0.0177107516179468,0.0336393262104825,0.0142252576880643,0.0203426739607919,0.0223448435332464,0.0038306031895472,0.036930595899076,0.0196277122167353,0.0191715945337064,0.0,0.0108248518351184,0.0,0.0349382029316172,0.0,0.0146543351960121,0.0284229207501655,0.0,0.0205750544349663,0.007425001939539,0.0039607931507716,0.0146386073659754,0.0,0.0201750703451599,0.0157772330498505,0.0045256751014276,0.0,0.0146103016299489,0.0294387930823215,0.0075466606988797,0.020034468609381,0.0063987847568078,0.0,0.0108248518351184,0.0,0.0236275728773669,0.0047895821440922
76561198307911644,0.0751586980820714,0.044216960116468,0.0452648109879875,0.0158136011529593,0.0,0.0675995296163157,0.0060692527316129,0.0443650075801454,0.0160274387619799,0.0176975920640855,0.0318802815547085,0.0046041795896033,0.046989880182854,0.0049584034142161,0.0048008400127617,0.0111251243877327,0.0304893714339482,0.0048008400127617,0.0098821672503563,0.0,0.0331193398573854,0.0092959925258669,0.0358597913856224,0.0,0.0,0.0,0.0,0.0,0.0123447181930833,0.0,0.022695532391708,0.0792403543794796,0.0,0.0211803650371889,0.0,0.0591547153091939,0.0184236979677353,0.0,0.0,0.0241270273219149,0.0897501743273817,0.0752873245077078,0.0167437964640043,0.0093263983965742,0.0,0.0,0.0,0.0,0.0062681953350021,0.0054385976675815
76561198311777128,0.0616571159369759,0.0624477528348766,0.0406451862904586,0.0606977788912803,0.0227952023801419,0.0517374961581323,0.0185750981046149,0.0463741792487843,0.0556237468159976,0.0298553859781572,0.0351437419926309,0.0133455307810581,0.011512959767495,0.0442073834366472,0.0160697455548118,0.0215310668163187,0.0165377275229356,0.0,0.044237705353853,0.0056339384518257,0.0342859651191723,0.0220061039810691,0.0288757276647802,0.0113433439424236,0.018674333284987,0.0112145157017592,0.0057917128120594,0.0,0.0,0.01829250482207,0.0117022662480442,0.0215868541135044,0.0,0.0057212469554355,0.005913918646145,0.0114306524460334,0.0,0.0164521352988589,0.0073574080335,0.0172070757560321,0.015396182032126,0.0209210190520629,0.0169542509756486,0.0175707290900555,0.0114912691369926,0.005913918646145,0.0,0.0,0.0052681239240974,0.0
76561198313453043,0.0488042158391855,0.0523450305769062,0.0453811080209217,0.0641472492345477,0.00543161848594,0.0466757660534007,0.0098860586284819,0.0434898001601211,0.0341180321514623,0.0168859412661206,0.0402057914468324,0.0278754384347835,0.0278436472252477,0.0298380996448908,0.0180611212543063,0.0137033128224883,0.023646686146595,0.0,0.0090365528134474,0.0098025509832064,0.040726700537583,0.0092248845541682,0.0625038352673622,0.0146043019963873,0.0155808427989159,0.00543161848594,0.0049589019309765,0.0055708996215121,0.0226134709280688,0.0040352846972391,0.0244903120095989,0.0316443377770886,0.0096549040598007,0.0102217067414864,0.0100940883635488,0.0055592368638776,0.0,0.0100940883635488,0.0040352846972391,0.0225435750746097,0.0277873076734526,0.0406957849332877,0.0128024833746035,0.0291605251661422,0.0045076703881034,0.0042799325065714,0.0,0.0,0.0,0.0
76561198314815990,0.0530687059218888,0.0391831980058613,0.026855843756059,0.0369176091819228,0.060086571436622,0.0341764644203997,0.0102511454371385,0.015947433380053,0.0372937096018593,0.0245813380982112,0.004860004115176,0.0047470612560651,0.0520149054768551,0.0372937096018593,0.0054430440127327,0.015947433380053,0.0114996118597135,0.0098331060521864,0.0755558716755203,0.0058610833976848,0.0234834133615892,0.0149506894737906,0.0255178571477633,0.0091371232955188,0.0170062180901879,0.0207144966924516,0.0107210875128609,0.0217501196818931,0.0171263447151767,0.0175066485938483,0.0072555031567098,0.0200615484623391,0.0101901052687978,0.0047470612560651,0.0095053353635361,0.0043900620394536,0.0047167900245578,0.0199739013190474,0.0,0.0297315412014038,0.0153112331204194,0.0354052610644556,0.0047167900245578,0.0332320009524133,0.008776783280914,0.0138883394904468,0.0111971180381333,0.0048720474059581,0.0114996118597135,0.0111971180381333
76561198314983684,0.0210209038567028,0.0223355399053624,0.0572974054715681,0.0301920201480012,0.0322833156867588,0.0633325650909076,0.0212893583950966,0.0,0.0355717293355814,0.0078307336401226,0.0270738872382101,0.0418772362686814,0.0590890091567634,0.0355717293355814,0.0,0.0150480183650582,0.0267638642284264,0.0,0.0627191183774638,0.0244346398997366,0.0270631691427424,0.0,0.0599378442727122,0.049991297966293,0.0,0.0126102691856868,0.0055684652667191,0.0410549569677723,0.0,0.0055684652667191,0.0217513100622271,0.0369982227821043,0.0,0.0129205989405018,0.0055130309304744,0.0,0.006336136675788,0.0,0.0055684652667191,0.0148948760638335,0.0207270324669543,0.0123067204404909,0.0131773469962012,0.0440564561430112,0.0072336620689863,0.0129905986940387,0.0,0.0,0.0,0.0
76561198315234904,0.0408074965270588,0.0617660623793737,0.0377716889117207,0.0421138040911385,0.0164279069027878,0.0254915545648617,0.0121185159345082,0.0423745704624483,0.0319431915861577,0.0414819164386623,0.0271105209063588,0.0236851178403383,0.0287727207894258,0.0229699770117591,0.0130840585337055,0.0462619205083138,0.0212469746423948,0.0113703851535566,0.0309316419776116,0.0035837350617547,0.0197339938547019,0.0061738681113046,0.0252092398593479,0.0053247357107127,0.0467694038352188,0.0124601675963648,0.0174447873232867,0.0035837350617547,0.0105889364953248,0.0084827985805941,0.0118907972554247,0.0138964641479442,0.0041443094216103,0.0073061607759879,0.0,0.003064895218881,0.0187865559094332,0.0386636488418436,0.0053738256881705,0.0174220616362201,0.0123008080481535,0.0230915191357369,0.0059346718332893,0.010700097076949,0.0086313136763508,0.0067884872782742,0.0394423781753514,0.003064895218881,0.020268744292771,0.0121429397161772
76561198317130606,0.0509699297331667,0.0542110248317965,0.0358044635144995,0.0327553056127322,0.0147443767669928,0.0421830763934325,0.0171418603596731,0.027560925911911,0.0269216060517074,0.0336608381610768,0.0500380962157414,0.0215039589655967,0.0521590082286286,0.0172642404425799,0.0110343602718516,0.0382807790295967,0.0078986986885453,0.0,0.0296979365858942,0.0,0.0193459556956093,0.0290110911328785,0.0372549318813154,0.0128580071109112,0.0210107015597971,0.0025136606681335,0.009652988117519,0.0078399699606455,0.003288906506873,0.0093018903990276,0.0288788067907856,0.019098389325858,0.0,0.0144127944600173,0.0,0.0242959030692161,0.0158484614796556,0.0191088022206206,0.0,0.0,0.015221890588061,0.0277993968334914,0.0187509423164323,0.032499953730636,0.0128994632803589,0.0069467464456673,0.0224872440022256,0.0,0.0137459178825589,0.0120966987762803
76561198321474420,0.0893879750867057,0.0526165824721627,0.0542116562301059,0.0289204971712513,0.0,0.0265701064177572,0.0038924329683616,0.0210692450414113,0.0522205541901928,0.0317867711480053,0.0698881667060669,0.0081444478217895,0.0462231275874659,0.0381717196337242,0.0167240147139505,0.0171316770640785,0.0475025890737037,0.0,0.0134875898271231,0.0,0.0370299547253853,0.0235214418852444,0.0287449382399341,0.0,0.0067927576679443,0.0,0.0,0.008611841546214,0.0,0.0,0.0124802622617497,0.0129495831206779,0.0028023991908171,0.0265701064177572,0.0,0.0140898441560074,0.0,0.0166946308592033,0.0038924329683616,0.0243329571548593,0.0456417962715993,0.0140898441560074,0.0090503691076264,0.0235214418852444,0.0042437524522008,0.0204313925623918,0.0067927576679443,0.0038924329683616,0.0358739095806106,0.0
76561198325641981,0.0708204561574255,0.0565809400835381,0.065986721243223,0.0491744637437344,0.0312301649965985,0.0386121763444691,0.0370928489635861,0.0353321055177259,0.0186057366718256,0.0275038128100977,0.042539077823067,0.0095429656952076,0.0255131876291724,0.0227932233537212,0.0205699647433374,0.0135264076510334,0.0399351917376402,0.0220339624135588,0.0249375262890488,0.0317533927535993,0.0107592041042543,0.0109938238858899,0.0282872165547873,0.0118377817446373,0.0138613182962642,0.0218213740594679,0.0152320845505249,0.0152407575868252,0.0038430523153392,0.0106095145517137,0.0042741492689891,0.0064850548352652,0.0029929378452337,0.0110105721059576,0.0135962685410129,0.0152845065100923,0.0265746857027987,0.010018265980925,0.0039689392592285,0.0029929378452337,0.0064850548352652,0.0235257254035754,0.0043836626474111,0.0210941154454738,0.0133032037964361,0.0,0.0,0.0035964133904461,0.0,0.0038430523153392
76561198326689259,0.0343906169774476,0.02602901684106,0.0169673131216312,0.0688482930587351,0.0144029735133127,0.0505932135659417,0.0579042884936155,0.003958969890354,0.0630310826975919,0.0133878256422299,0.0131603396340429,0.0211906445978408,0.0231073329026536,0.0593148777292864,0.0076143785009757,0.0069300338743296,0.0223722874551706,0.024976082672733,0.0281461410554414,0.0,0.0551451207869139,0.0200434277098959,0.0365479956343108,0.0,0.0126737363146523,0.0113135935866328,0.0217701927327375,0.0206085110251074,0.0166327062050064,0.0039450759584748,0.0329725901198756,0.0339557805763237,0.0153969106814318,0.0038981735326703,0.0116064557073651,0.0037817226990777,0.0094288557518758,0.0126737363146523,0.0037162049683054,0.0094288557518758,0.0205503778594334,0.0205503778594334,0.0,0.0132695096995256,0.0094288557518758,0.0037162049683054,0.0202961129613798,0.0039450759584748,0.0125374727123407,0.0038406539476497
76561198328407838,0.039432910696971,0.0426923120382046,0.0146862175633548,0.0889783879254663,0.0141031218201932,0.0169276661726587,0.021947204186176,0.0497992209141074,0.0653478110719909,0.0394714611410727,0.0118417010085088,0.0184015679351298,0.0,0.0738613373499467,0.0326242791467313,0.0534621970674834,0.0156059678833934,0.0031222132006537,0.0263189748783744,0.0040633473918966,0.0347118566481932,0.0334146922077505,0.0,0.0040633473918966,0.0350020324698848,0.0141031218201932,0.0,0.0034449191902184,0.0,0.0124180426671547,0.0186418467824154,0.0357259448370366,0.0125771982957671,0.0067361231222012,0.0034449191902184,0.0035299889406915,0.0063738519302604,0.0245322431791513,0.0123329729166817,0.0,0.0176770516697977,0.0205224041044249,0.0,0.0046984557115468,0.0158451503203086,0.0,0.0125714112996159,0.0,0.0310053982837859,0.0039391276284896
76561198329030307,0.0689598038274428,0.0355608445257118,0.0389131951118525,0.0225878301599609,0.0792795076280741,0.0669858710994283,0.0543654566422946,0.0231608679464656,0.0416886843952185,0.0320682502389697,0.0123616633316213,0.0,0.0125617047468001,0.017364227987652,0.0417501602036504,0.0221468060169127,0.0206251962564274,0.016030378755723,0.0707442326293964,0.0280791135977769,0.0035357722815924,0.0229347276252095,0.0097366980830055,0.0043036960233783,0.0153741738118415,0.0487830019229792,0.0047957879378737,0.0147070233300003,0.0,0.0279926281111479,0.0040666555456264,0.0,0.0176974630059831,0.0160108693355038,0.0,0.0038201392112609,0.0035579214433282,0.0137954161624065,0.0136330925589872,0.0,0.0,0.0073559114928533,0.0,0.0033925444034104,0.0182179400070982,0.0140938229027456,0.006178952873106,0.0207819668292811,0.0,0.0
76561198330374062,0.0632946787984546,0.0758700191813554,0.0693112969507409,0.065752644277185,0.0145110943668891,0.0338659578214165,0.0196024800242168,0.0300105230643152,0.0387716908901684,0.0458454771795438,0.0232517142358825,0.0053886162950378,0.0182241699217731,0.0498359330948645,0.027247282372918,0.0423631889679455,0.0077397056115459,0.0118856350197085,0.0099421070875095,0.0123768455692126,0.009139875594416,0.013152468992532,0.0380590709518755,0.0116790983474303,0.0198874205799315,0.0,0.0040457565257679,0.0124410273473007,0.0,0.0115136941851294,0.0166224873936362,0.0,0.0075546527161002,0.0357002778569587,0.0115439389062988,0.0053557449946702,0.0098084066827018,0.0117238094594368,0.0,0.0158107664396746,0.0042002583186932,0.0095560033133634,0.0253913223773788,0.0299128346448406,0.0123368810331251,0.0040457565257679,0.0071759957110099,0.0040457565257679,0.0042056338455072,0.0
76561198332366336,0.0501335982440055,0.0398707652931856,0.0170972833907264,0.0599350857128766,0.0141731969936712,0.0197314640287504,0.0247567615058258,0.0417264540654135,0.0612074399702273,0.0118250595747176,0.0232225820984517,0.0190071827852817,0.0,0.047094024158202,0.0154016941196722,0.0141360160265693,0.020346939213885,0.0,0.0363075442117315,0.0227102419873959,0.0658776239885087,0.0247179855988604,0.0110327692625753,0.0227102419873959,0.0155835967755148,0.0,0.0,0.0,0.0099805675448735,0.0056030292306412,0.0202616543847552,0.0666331323444373,0.00393497353587,0.0160912107767977,0.0097352399283482,0.0068637822013376,0.0,0.004847689373204,0.0056030292306412,0.0,0.0536482261404478,0.0345108831906485,0.0232079266226506,0.0110327692625753,0.004847689373204,0.0062220303440763,0.0141360160265693,0.0,0.0200791510137801,0.0041554484816958
76561198335877752,0.0463585145228033,0.068113975046104,0.009967095653205,0.0837780120990153,0.0103104990878945,0.009958020917863,0.01938552285744,0.0512001063547695,0.0532974694797854,0.0404027278080821,0.012910466768448,0.0167905092117694,0.0040614845707548,0.0662203740697056,0.0382131572203566,0.0664165548443262,0.0219646159072201,0.0080421986983795,0.0270475829907448,0.0066495068897744,0.0245659389032975,0.020156575663456,0.0159905094880947,0.0125817587506666,0.0408901321194048,0.0048755843633463,0.0,0.01118884904435,0.0,0.0,0.0140407360387727,0.0278248043881314,0.0102201747426292,0.0081923508946213,0.0,0.0,0.00839880649504,0.0328661325332157,0.0,0.0,0.0165743056103355,0.0053776367678146,0.0069361858667389,0.0107528285146221,0.0067760919161855,0.0057539343198018,0.0294931473068654,0.0,0.0254551212741666,0.0
76561198338123050,0.0259925670999645,0.0380236494421141,0.0609811985697528,0.0085033243640648,0.0653656965436533,0.0426829891251268,0.0362159024981062,0.0413801751006312,0.0041573569778984,0.0127291445562671,0.0034762078483612,0.0219458029592837,0.0489450583267824,0.0041573569778984,0.009689182931656,0.0162588000816645,0.0189281621369342,0.0090558107971601,0.0085656065673852,0.0524785163723965,0.0132205867946464,0.0,0.0180062443022754,0.0629466874212456,0.0368389132503782,0.0409550744563197,0.0151714185400305,0.0402328627131711,0.0369200557925004,0.014558992729952,0.007860498953022,0.0135427612442882,0.004959459408636,0.0183691215421523,0.028303347597636,0.007818087588684,0.0034762078483612,0.010036071539608,0.0044175934293985,0.0094039429121504,0.005944795724637,0.00714198369513,0.0088926451338854,0.0070237078195572,0.0077649364745721,0.003547499971196,0.00714198369513,0.0170650618301373,0.0043559193029382,0.0145510290112568
76561198338661363,0.0549238898340971,0.0619657072653178,0.037605641973878,0.0552576806115465,0.0162474635985032,0.0432841904753054,0.0055217445114681,0.0312393417880471,0.0394287460887231,0.0289765246598001,0.0432261709772466,0.0409628232337486,0.0328743789545875,0.0394287460887231,0.0109516480173807,0.0179016244430457,0.0054299035059125,0.0,0.0453093069683688,0.0055217445114681,0.0343133550998936,0.018101934932321,0.036549140451979,0.0096024925057911,0.0124717209371332,0.0,0.0069791347460598,0.0,0.0244695003416499,0.0,0.0412248989596671,0.0233299547122793,0.0,0.0162727350514928,0.0059852717827696,0.0039201943873884,0.0063869956239667,0.0124717209371332,0.0041446799545954,0.0127909418477077,0.0338419035482096,0.0093564511820266,0.0258596184160659,0.0180540349628143,0.0094132402972464,0.0,0.0064864491543635,0.0,0.011916352660276,0.0
76561198339879556,0.0418619044720448,0.0510637080014025,0.0227541221518047,0.0636544617891094,0.0295915758490399,0.0352149047246827,0.0366142740259748,0.032543513415151,0.0340786560656682,0.0272671025468856,0.0280333529764757,0.019715359132899,0.0178046826790405,0.0300382878986959,0.0354141320022027,0.0271949355619597,0.0105312691353933,0.014573381007951,0.0343939388457873,0.0283403904146456,0.0392855810040748,0.030519743986581,0.0167569762424973,0.0161231678125321,0.0176566149175423,0.0108178056104772,0.0061707963456742,0.004848255621348,0.0061707963456742,0.0265953002673588,0.0174466240458874,0.0255030944503814,0.0238910389624817,0.0044881116674634,0.0067774374435049,0.0049734767733125,0.0044669688364583,0.0114858185718681,0.0049241079203653,0.0,0.0205296176770689,0.0189963142104582,0.013784626790989,0.0073447566546685,0.0105107284539429,0.0040403681669723,0.0049734767733125,0.0040403681669723,0.0050498004643292,0.0111442731189867
76561198340169992,0.0500552553513636,0.0495369974214358,0.0,0.0620102880174637,0.0209709754310519,0.0179813878768349,0.0293358133781177,0.0551515112181845,0.057741448589693,0.0258680860760965,0.0227582366992258,0.0201875504506144,0.0,0.0473903325401736,0.0342354771749879,0.0418850719227673,0.0129598839877674,0.0,0.0378483594044911,0.0087739142753251,0.0501924609331761,0.018074917678773,0.0076662260646297,0.0051647013427391,0.0231469256365189,0.0172554984626344,0.0,0.0037154769684175,0.009873008335494,0.0221430873577907,0.0174241618112447,0.0480946121639459,0.0178925659796716,0.0,0.007147523358936,0.0045790814807156,0.0035270872157074,0.0201007605511599,0.0070678454579093,0.0039954913841344,0.049599923694156,0.025786316953271,0.0054335737620006,0.0,0.0081571738105032,0.0,0.003978521989784,0.008477688598539,0.0081563650730198,0.008658414119532
76561198341278283,0.0366365353090868,0.0590636405701534,0.0276149024661817,0.0094455505739669,0.0143369182355345,0.0494999623520491,0.0131390074491802,0.0783724687268938,0.0175860099707455,0.0373314143242967,0.0345656720032383,0.0175584336760835,0.0372326261833545,0.0094455505739669,0.0037533174717577,0.0270302853780321,0.0165344225129837,0.0,0.0253477908264937,0.0052757545008901,0.0329420196129118,0.0054651833318073,0.0338360182384916,0.0137289357072728,0.0328201090420156,0.0,0.0150658978166898,0.0077607702259363,0.0499747430969581,0.0,0.0133897149231144,0.0420451156528626,0.0044544385189453,0.0054651833318073,0.0097301930198355,0.0,0.0114962869842098,0.0119627443278954,0.0,0.0101228787408045,0.0519230322397482,0.0298942929750626,0.0101228787408045,0.0307560670134692,0.0,0.0,0.013647457880998,0.0,0.0116304507936567,0.0319953246798114
76561198343083907,0.0723568063300974,0.0755289800108684,0.0541032443223718,0.0200271975071187,0.0354599622648136,0.0393319224713935,0.0186504342953933,0.0378121937810639,0.0167637188131056,0.0501850490922439,0.0504520581391142,0.0145749350116425,0.0187761559590196,0.0061445905453502,0.0286653235479383,0.0383151734374818,0.0239335687954688,0.003821174881258,0.0348062159586547,0.0165541191523874,0.0,0.0128307161693576,0.0255817744911775,0.0059823759191543,0.0179601154922926,0.0157767631608165,0.0067859926020622,0.0153949494848875,0.0042251802268553,0.02118707979179,0.0175899776756637,0.0,0.0064662552325911,0.0085807559945649,0.0130526816406003,0.0056695171572047,0.0146730218747381,0.0371347470017681,0.0,0.0121044463948825,0.0,0.0068163538121001,0.0101595378465408,0.0262450589120488,0.0173814810166278,0.0025608123752069,0.0189525622112462,0.0,0.0145330962706299,0.0060919229284047
76561198344803968,0.0386704875295014,0.0382300684791259,0.0147978875859538,0.0789971919316532,0.0149895592553368,0.0322942209073167,0.0464058418470248,0.0390320072464739,0.0450866287870724,0.0381370522126186,0.0138525681657832,0.0229928307415429,0.0033926869125691,0.0348039234343326,0.0444297999817841,0.0282861390407446,0.0235608539035647,0.0122851557043729,0.0241388445059838,0.0033030528939045,0.0448684278843241,0.0215057077286444,0.0165107951883061,0.0,0.0267209305509261,0.0036214547110474,0.0143930270335685,0.0113681045442893,0.0117110391551892,0.0287943512330758,0.0173705601918844,0.0133269166924159,0.018811644408078,0.0,0.0131793727772274,0.0105027331704897,0.0050578393957164,0.0086546364350638,0.0381695659749505,0.0,0.011772610935526,0.0362262873054273,0.0,0.0,0.0097095990133478,0.00852743097654,0.0080830199689769,0.0036214547110474,0.0080946497920862,0.0117110391551892
76561198345413393,0.0587772097656783,0.0546022464519959,0.0185683905196558,0.0600285822851389,0.0130133486808578,0.0260493775571707,0.0319636821064487,0.0311759687825357,0.0047460188915382,0.0432452937582848,0.0400370181950638,0.0180710399555651,0.0090300625837823,0.0094067790352823,0.0396003679683121,0.0464809795173444,0.0106017880319437,0.0131431565280044,0.0228653917612855,0.0150324750035098,0.0432052265820175,0.0308380959812225,0.0177715913101671,0.0047295055493979,0.0261038843671415,0.0129885309325591,0.0280242585814584,0.0103765365604,0.0090511416896892,0.0261127892390579,0.0214489735723667,0.0043636513105491,0.0160016340740017,0.0,0.0,0.0043636513105491,0.018401013929456,0.0216265019087107,0.0150291406520502,0.0042603929927909,0.0,0.0,0.0162372514836283,0.022764356130987,0.0087795052174553,0.0181488329067663,0.016295392580429,0.0085111484741283,0.0236504328251896,0.0044773824584307
76561198345645365,0.0519079017447259,0.0638555558250077,0.0248364972115842,0.0735924980582542,0.0210035508179152,0.0367534640452159,0.0473184343911616,0.0409145571234677,0.0495882071592027,0.0260429082223832,0.0218386839832701,0.0183028465639861,0.0033699190685299,0.057244549544776,0.0135719234932296,0.0589774135616344,0.0222153389955462,0.0093559129264093,0.0238973110532155,0.0062462320785785,0.038429102436821,0.0082124485180536,0.0132855007078324,0.0,0.0301081240977229,0.0066189600114541,0.0085471258937806,0.0099891468175754,0.0112749099586302,0.0083675799466233,0.0141491611775172,0.0237435141275432,0.0077760559707793,0.0058895911012615,0.0051772068252507,0.0084893111974609,0.0086063286690504,0.0401828736645547,0.002754581759211,0.0,0.0186409271151678,0.0089561422578073,0.0139809153907522,0.0,0.0021451612015197,0.0,0.0104035520458288,0.0056129981874123,0.0178250750522935,0.0
76561198346465577,0.0655596481812343,0.0483270873597428,0.0216940044498904,0.0620783182941114,0.0257186218953188,0.0327131658762891,0.0356321677190367,0.0400211367115096,0.0328944181036269,0.0321328801780909,0.0208379436008029,0.0159262339279938,0.0215564342588236,0.0437186663373873,0.0151648899286491,0.0192626331935433,0.027999708749034,0.0,0.0269690286307081,0.025815172574684,0.0158998143001831,0.0099295645833613,0.0391469762368825,0.0337074629343383,0.0168605027879927,0.0100145167264463,0.0056301844587525,0.0103075619598227,0.0179409653183662,0.0131243266114362,0.0099295645833613,0.030778360208869,0.0148744957339784,0.0206832186631342,0.0155709170162564,0.0,0.0060177974546624,0.0112318048862599,0.0,0.0109988294941577,0.0181921701502815,0.0176117330762651,0.0113560485465116,0.0219702560308077,0.0,0.0051273001619326,0.0,0.0,0.0190734681054618,0.0
76561198347406063,0.0536377658371929,0.0569752561183745,0.0347886197608544,0.0467971293638096,0.0327744712161987,0.0359346974626687,0.0231918139870322,0.048508237765888,0.0339792956560656,0.0372835568092036,0.0361140021045249,0.0219843541560488,0.0153938076536331,0.0342117957637523,0.0420527381365932,0.0460414644476245,0.0138692944999116,0.0084768149604424,0.0322666185141664,0.0044199075871016,0.0205550804501102,0.0255328374210328,0.0100393647504592,0.0093760191887649,0.0295753607028615,0.0136962124649846,0.0044199075871016,0.0095120882321993,0.0,0.0181040970900854,0.0130677051262934,0.0196746635849489,0.0040334388693219,0.0,0.0,0.0130663395611198,0.0136294789800106,0.0247714520566562,0.0090946649023063,0.0039243545633378,0.0152511887926772,0.0152831688511563,0.0053114331320354,0.0133712155508258,0.0239270385019837,0.0044243713352525,0.0088590359762481,0.0,0.0127978405271374,0.0
76561198347513175,0.0557180234119106,0.0792558325695748,0.0176152223701741,0.0678171234200151,0.0112649997435151,0.0155273806792588,0.008178848207936,0.0419049859503217,0.0574552411973904,0.0306419374228878,0.0315488821874912,0.0156565555874142,0.0082953686662011,0.047297068325023,0.0337717870457196,0.0749866679772813,0.0081069785475593,0.0,0.0289169462256058,0.0097905940262497,0.0404089305457445,0.0319452594784115,0.012665065568988,0.0042529472558729,0.0326414306340712,0.0073010321871341,0.0039929016295148,0.0,0.0,0.0116152238955637,0.0300823398188385,0.0171650362632681,0.0147627148210217,0.004214880651555,0.0,0.0,0.0244591934501746,0.0392739768611617,0.0,0.0,0.0139503825670019,0.0071220183598121,0.0074003432440087,0.0097905940262497,0.007362371577013,0.0036022528582142,0.0116192463379305,0.0036022528582142,0.0170191615487037,0.0
76561198349527228,0.0363284041111414,0.0535136569865682,0.0,0.0889637665975978,0.0165647337988594,0.0155566867624062,0.0384844349835474,0.0493050097025602,0.0821613735593026,0.0243515653566875,0.0150016463117619,0.009949373115827,0.0033271944491719,0.0709845144149737,0.0134047091424965,0.0522002685306008,0.0087877928983749,0.0,0.0318169079992935,0.0,0.0492285357827326,0.0261013677253435,0.0179433979707162,0.0,0.0393804007707931,0.0057761602910661,0.0048369108647327,0.0048369108647327,0.0,0.0170223430533811,0.0171783029783149,0.0356199469456168,0.0121194561616883,0.0,0.0,0.0040472910150115,0.0,0.0361783979458187,0.0094674794695735,0.0,0.0242069601795915,0.0290187649852205,0.0054845125862602,0.0033271944491719,0.0046428165463378,0.0048369108647327,0.0095482322618627,0.0,0.0284956675661279,0.0
76561198350976816,0.0616758266594048,0.0426611554551377,0.0221858763443101,0.084254722459995,0.0,0.0215525526169153,0.0222369731551795,0.017436417694206,0.045668847040327,0.0451043152427506,0.0258198185903844,0.0133814699607155,0.0141184092238787,0.054171840245011,0.0493394779577496,0.0454755931958915,0.0264335735246313,0.004022593471054,0.0270219322825593,0.004431220621952,0.0378193495615389,0.040405312140276,0.0189307693697091,0.0,0.0133102226817986,0.0,0.008356598135397,0.004431220621952,0.003925377513445,0.0042347785823312,0.0301483443465205,0.0095768515309063,0.0173332231786322,0.0094572517661267,0.0,0.0133941437958756,0.0177174477011933,0.0133229030688963,0.0122863511081837,0.0098634444036312,0.0049721067640104,0.0287954307854612,0.0,0.0091310474121624,0.0195625595652899,0.0083989115814161,0.0090754440994673,0.0045391427646576,0.0240191517790662,0.0
76561198351821528,0.0372644394908707,0.0436136759707632,0.032911917397959,0.0539610679585262,0.0204664887835649,0.0332025680978119,0.0329244637312352,0.041812142481082,0.0497256789780111,0.0142017410364844,0.0256816963772589,0.0096553206611616,0.0057227896529298,0.0313423487549674,0.0248870548678257,0.0119417892671187,0.0096709773905127,0.0041132420136016,0.0340469575086087,0.0183010224652352,0.0574794869506942,0.038835361501839,0.0134833214855248,0.0134779736797654,0.0137343205679267,0.0204664887835649,0.0321229772499864,0.0038375734370458,0.0230251602342207,0.0169069859513341,0.0257658972001026,0.0144061692539241,0.0041132420136016,0.0,0.0233053441698865,0.0104316221638888,0.005126354143329,0.0,0.0038375734370458,0.0155913483051895,0.0332538610841722,0.0205084943726125,0.005126354143329,0.0097073857146505,0.0090366253659963,0.0170247761618958,0.0,0.0095795088060479,0.010634090368968,0.0137343205679267
76561198353246717,0.0820908084289152,0.0642901595092621,0.0315288155831843,0.0486641509092787,0.0052636368443322,0.0520637053523466,0.0267435317662966,0.0168371681961187,0.0429237678984479,0.032776706788247,0.0602031712597438,0.0293902378221418,0.0468670028316529,0.0328307222560616,0.0100088894680005,0.0055961443168741,0.0146213033690468,0.0,0.0434676870364091,0.0100110172440038,0.0241768317868155,0.0307175031965461,0.0384955405951169,0.0108036590438664,0.0,0.0052636368443322,0.0061686818140284,0.0,0.0,0.0050605068639707,0.021711035970454,0.0177811714922222,0.0,0.0113121089506262,0.0052636368443322,0.0,0.0102417592568993,0.0048147977635249,0.0,0.0153923934040625,0.012185027175348,0.0101287565597303,0.0138848869015514,0.0435735119696688,0.020327680293286,0.0162915566081038,0.0,0.0,0.0202266897851484,0.0
76561198354464634,0.0626495194547175,0.0570112671340083,0.0309956632734725,0.0463095054117082,0.0372398469568034,0.047354470573295,0.0227189305425922,0.0360587575294974,0.0513894355726219,0.0209333868270569,0.0413024431734819,0.0,0.0265110042440399,0.0354626484292397,0.0111675315001109,0.0379527864568649,0.0217209664349497,0.0049048458912282,0.0227633967046354,0.0063571258186775,0.0286925800286451,0.0351896839619323,0.0331259194311083,0.0,0.0203928069167184,0.0155209923058944,0.0049048458912282,0.0112619717099057,0.0047181991633376,0.0097060333747678,0.0106827387218303,0.0247214152374457,0.0048882678121067,0.0104400225827638,0.0112619717099057,0.0102648341916455,0.0050498208625202,0.0258790518591372,0.0,0.0,0.0137375857688186,0.0187899718415635,0.0048056513854079,0.016070981661276,0.0062792636880041,0.0,0.0146306376935576,0.0048154540392889,0.0286475670688494,0.0047181991633376
76561198355407343,0.0445731047432519,0.0559712448291751,0.0312102368655391,0.0516389312757419,0.0248008045988055,0.0415023730362083,0.0413667233531449,0.0592897516484794,0.0257216342772549,0.0220343411382662,0.0359779186096691,0.0432774542679814,0.0086012574956385,0.0253040747125483,0.0054395650821295,0.0246004508802924,0.0191838117506611,0.0053347850850193,0.0195109385313016,0.0138457746538552,0.0384603661825131,0.0222927315910667,0.0205586561913948,0.0,0.0222468060807771,0.0224949213582611,0.0238659326522532,0.0062700238775944,0.0341497140359401,0.0115388146425199,0.0171753797556809,0.0,0.0,0.0,0.011750374854193,0.0,0.0106285480062683,0.0170633039633696,0.0059816076716695,0.0086012574956385,0.0,0.0227225268970001,0.028110492252343,0.017268346632127,0.0,0.0210878735321528,0.0109437385099584,0.0168278066818056,0.0,0.010775600300507
76561198355821938,0.0334101030111319,0.0370566418474706,0.0216600630231955,0.0338824845890598,0.0300862725901127,0.031022324422628,0.0115054900173916,0.0646959069350579,0.0197768955288192,0.0,0.0151897757952899,0.0304542751185542,0.019865402220796,0.0197768955288192,0.0,0.0148933020926128,0.0050641093424133,0.0,0.0200427078140695,0.004882162389922,0.0760999353481647,0.005960163627638,0.0365302634483198,0.0,0.0183724327600831,0.0,0.025738207410834,0.0152402667905385,0.0686007490110259,0.0,0.0084310708883249,0.0664971214592719,0.0,0.0048759768925887,0.0,0.0246648090804087,0.0,0.0,0.0,0.0192050394157876,0.080970467651696,0.0659679739884994,0.0184802072532254,0.0,0.0,0.004882162389922,0.016483558430515,0.0,0.0,0.0297347818858109
76561198358134442,0.0327741900608132,0.0454429944718752,0.0152541162825151,0.0098143617276883,0.0196463871902509,0.0317435303752806,0.0104659603529267,0.1089933346829764,0.0,0.0189403314653165,0.0,0.0157026930645801,0.0091199983728729,0.0,0.0,0.0380725348118409,0.0048372192407646,0.0,0.0067823343620761,0.0092031912777014,0.0288475144797206,0.0106230307455608,0.0088309119165477,0.0,0.069572034141297,0.0094834277019003,0.0054403889247417,0.0054403889247417,0.0871973469203669,0.0104659603529267,0.0139413994281221,0.0152776935886199,0.0,0.0,0.013577164080648,0.0108065987516939,0.0,0.0179109839611828,0.0126594265791819,0.0263979898206145,0.0608435317225964,0.053830443463153,0.0159294402757369,0.0,0.0067823343620761,0.0,0.0543239661493721,0.0053889742673295,0.0,0.0796358717023886
76561198358601039,0.0328480309968144,0.0664219692748352,0.0288433884036515,0.0674568669887446,0.0145540642314426,0.0368127291524061,0.0235975396755662,0.0461358341329393,0.0351845464904704,0.0291795559550502,0.028027456022931,0.0036666436208514,0.0125689255716406,0.0431116955768304,0.0355179062000036,0.0648983964140684,0.0219428266995856,0.0,0.022010655410326,0.0128183050466459,0.0198821534332087,0.0310944330216493,0.0327011209084236,0.0207939643660572,0.0240694521910256,0.0093904200954988,0.0,0.0118477113708415,0.0,0.0104968650749775,0.0308644525070879,0.0221794344089001,0.0158392736769813,0.0048583602115059,0.0046581517073509,0.0,0.0038811756001804,0.0293003366219455,0.0,0.0080640576599349,0.0120943318046039,0.0064927604852174,0.0146461693819495,0.0165849340402058,0.007781896414422,0.0,0.0187512926511119,0.0,0.0181299165021146,0.0
76561198359999689,0.0427226058774673,0.0545917301588665,0.0115682080183838,0.0555952712155045,0.0115340764900049,0.0270837200498754,0.0285740264931314,0.0573069987165126,0.0115682080183838,0.0033171283278165,0.0332363786111967,0.057084946542754,0.006928564502404,0.0115682080183838,0.0040303645081914,0.0145438130987346,0.0075125432115785,0.0,0.0134435635506397,0.0116702985193218,0.1031030349367036,0.0034821787033871,0.0439639361189313,0.0063150053073885,0.0369878896326303,0.0047417340169177,0.0376352253297717,0.0234127366004515,0.0564326821115589,0.0,0.0,0.0067923424730872,0.0190122734381183,0.0,0.0226752403474195,0.0040303645081914,0.0,0.0040556648068052,0.0341361504887858,0.0,0.0034821787033871,0.0410214942248654,0.0,0.0,0.0,0.0239111163423778,0.0104881482919294,0.0,0.0169321485031687,0.0335078011849705
76561198360775008,0.0416316672779957,0.0153210399161248,0.034585491042443,0.0632950771205767,0.0242892547788539,0.0429629704178386,0.0701160209776254,0.0218339374210802,0.0386839841267683,0.0110136401660437,0.0177940767696325,0.012357435434407,0.003222592593399,0.0327195256620574,0.04894972104239,0.0416061091501613,0.026410434953191,0.0109899936655666,0.0493019942465558,0.0233001128692506,0.0192507241183662,0.0188444820861652,0.0225448688849776,0.0,0.0119325040792467,0.0075743426972954,0.027898964649288,0.0256861727809345,0.007823797160907,0.0290777000206715,0.0120858569427393,0.0168849523069902,0.0344358733991412,0.0033819330743768,0.0,0.0031632191831943,0.0077792818960437,0.0178583155979837,0.0172835430311338,0.0035218138864658,0.0085919218931412,0.0,0.0043677710759229,0.0,0.0231664677343058,0.0047051065697254,0.0078799752684171,0.0082423022599355,0.0140869337378285,0.0115460960328388
76561198365702929,0.0493115395293724,0.0428255943426466,0.0338072681955479,0.0509658394260023,0.0178031552152192,0.0242633629855002,0.0498715779924689,0.0348240642629976,0.0369108405188147,0.0219308970297224,0.0451607064241763,0.0164872176522276,0.0100505189558209,0.0349306814636866,0.0269428585749205,0.0281016239538848,0.0043124567362493,0.004170603160531,0.0416855907137064,0.0147082682049257,0.0209299802136116,0.0483588719746768,0.0173298811299622,0.0146581809648636,0.0215837178273484,0.0134906984789698,0.0101006061958829,0.0144130629321323,0.0,0.036812462954505,0.028530645230546,0.0223015231245881,0.0173735764007093,0.0043321864721067,0.0,0.0043321864721067,0.0091200494887448,0.0091686861712487,0.0306993884902078,0.0,0.0086523807657159,0.0299803516665408,0.0089538904586869,0.018379064864415,0.0057683742881555,0.0111294291051318,0.0,0.0,0.0045361389907199,0.0
76561198366069046,0.0734087077844483,0.0458977083967172,0.0404306789172332,0.0344571353134739,0.0053222811534131,0.0584266859144987,0.0053222811534131,0.0221751893102833,0.0400824576640639,0.0231325243907252,0.0524148440016767,0.015752259688857,0.0244262832888107,0.0344571353134739,0.0220300131530744,0.0160068715965807,0.0167625904343511,0.0,0.0575214630257955,0.0,0.0428108424640099,0.0409591065746026,0.030580174433075,0.0230292020555464,0.0,0.0,0.0068468537490233,0.0058986194582477,0.0061715778962351,0.0,0.0452620144788418,0.0324588143706471,0.005188747500515,0.00543772432543,0.0060812601737161,0.0,0.011856291614232,0.0105691472711507,0.0074218879790925,0.0061715778962351,0.0354290686025623,0.0138658056725303,0.0120847621333714,0.0244262832888107,0.0228316073933447,0.0113555511567828,0.0052359690111058,0.0,0.0,0.0
76561198369639036,0.0541260895517785,0.0628498132366202,0.0891332691601922,0.0174023447459735,0.0256303372192897,0.0438626369714952,0.0195438783550023,0.0111471707352116,0.0054387650691397,0.0380077507950819,0.0360400377689134,0.0188672519097637,0.068314432514546,0.0111429639926636,0.0,0.0222209315556211,0.0182297838728262,0.0056349957512697,0.0500611167744072,0.0065068017149515,0.0062593807533098,0.0060179564822096,0.0674981088789853,0.0056267709275726,0.0113831198427721,0.0,0.0069811002288812,0.0056267709275726,0.0113831198427721,0.0,0.0293429087594931,0.0367963950510924,0.0,0.0277303716827635,0.0,0.0,0.0062593807533098,0.0,0.0,0.0482547161413107,0.0126078865141,0.0194132176731784,0.0281928271856688,0.0308566400445843,0.0060179564822096,0.0,0.0113831198427721,0.0,0.0126078865141,0.0055999937765928
76561198372595912,0.062613212171541,0.0590371078029697,0.0420522224291881,0.0613959721516207,0.0,0.0526297399256775,0.0,0.0101325673838897,0.0671426388119576,0.0190649343745693,0.0538375497977159,0.0277037195990506,0.0334894222398514,0.0617607972548876,0.0100560815898944,0.0285470945861757,0.0326849380599548,0.0,0.0508141398686323,0.0054964807439588,0.0231704634669987,0.0198176259238824,0.0455438750950666,0.0,0.0101325673838897,0.0,0.0125990612936527,0.0049888324439011,0.0,0.0,0.0329900120536087,0.0184669132122395,0.0120791715305027,0.0049700437225063,0.0,0.0049700437225063,0.0,0.0101325673838897,0.0,0.0059027188648687,0.0134204698345561,0.0096110433576232,0.0112375876906419,0.0336383418472687,0.0110115055122429,0.0,0.0045124538450976,0.0049888324439011,0.0273572505796185,0.0
76561198375365129,0.0499824112257909,0.0712712168054715,0.028681920083935,0.0661065065060662,0.0202551269222873,0.0368515093736238,0.0104339571482502,0.047830127821286,0.0345298428720163,0.028126931888705,0.0245700755095031,0.0058207687536405,0.0209234134800528,0.0300901313490756,0.0323451075375368,0.0629875687889337,0.0250137347779719,0.0,0.0399418555608554,0.0110739704031987,0.0108820201380489,0.0233242725910274,0.0104470465854444,0.0116857394398291,0.0458697143598382,0.0219651469878236,0.0115939556062385,0.0,0.0077258517417982,0.0,0.0258390715045512,0.0160805667326124,0.0131875091984887,0.0,0.0,0.0,0.0094788564833568,0.0421553577057445,0.0,0.0038472658549984,0.0068919011099759,0.0114542889008085,0.0040114950877045,0.0149794984392695,0.0180341848200284,0.0,0.0262746057736552,0.0,0.009709622388757,0.0077258517417982
76561198376124646,0.0441778307114395,0.0405042798222712,0.0376357770720434,0.0511977589082484,0.0189038188698269,0.0282442897456326,0.0442651136753499,0.0320723218343248,0.0244597644344726,0.0239637445262693,0.0387280975976243,0.0362336563186864,0.0580439720891824,0.0205974690765615,0.0239267437613893,0.0239089103501957,0.0152053856143117,0.0048076653062167,0.013310095444602,0.02407533738892,0.0172431294071155,0.0086155990230984,0.0508847372151054,0.0062482436929695,0.0195238187145361,0.0123538843947878,0.0359972734979776,0.0171250725907503,0.0055993851996424,0.0225358645431229,0.0046222631569524,0.0050240030732045,0.0203950032823921,0.0085857645274253,0.0204783934269146,0.0085857645274253,0.0122520253930411,0.0188540288976892,0.0108003379258493,0.0088630160279317,0.0050240030732045,0.0209463117771237,0.0088630160279317,0.0113859953443236,0.0,0.011702256051567,0.007612256389384,0.0,0.0156165202709635,0.0
76561198377061737,0.0509880090739771,0.0557910719000451,0.0503841670108025,0.0,0.0,0.0604422976659888,0.0136278681272944,0.0581077388068227,0.0,0.0312770874956194,0.0425859191811432,0.0266628805407965,0.0201292009270917,0.0,0.018609917807185,0.0118404085080126,0.0147442287232692,0.0153117569705513,0.0237810253052254,0.0,0.0,0.0102565441646605,0.0427069944147728,0.013892567557987,0.0,0.0,0.0138213550339919,0.0,0.0483622137448831,0.0136278681272944,0.0409318869911093,0.0167136907572596,0.0136278681272944,0.0049820496798905,0.0,0.0107017796387724,0.0112777823322686,0.0,0.0046447278839243,0.0282514217236407,0.048496025430131,0.0551532226035899,0.0301801635527524,0.0329591416173283,0.018525571549837,0.0,0.0124135950441312,0.0057197299588818,0.0142209766288985,0.0142492453928737
76561198377168031,0.0478593819145092,0.0520022502633793,0.0314581701970302,0.0388221856807923,0.020373184613545,0.0304374249566785,0.015504190583706,0.0289916155800989,0.0364368768032926,0.0431614204338675,0.0369504486867653,0.0252085248030649,0.0099940290212348,0.0387203162114489,0.0512078605129041,0.0529531501353118,0.0310605218672763,0.0,0.0131724275505621,0.0176336529616931,0.0099493947725898,0.0379237489702706,0.0239945712584628,0.0358217931730048,0.0289916155800989,0.0200680229522011,0.0043366920553475,0.0118003825071768,0.0,0.0046061405118038,0.0218075906857676,0.0111212989225385,0.0085628207898014,0.0067356028897908,0.0,0.0036966819494099,0.0156378947548848,0.0179761311381273,0.0046061405118038,0.0,0.0043856960327476,0.0104087959261365,0.0190175818335661,0.0254726703300051,0.0119355114215133,0.0,0.0135428471405544,0.0,0.0256527411152339,0.0
76561198380711412,0.0459703376187115,0.0813807612965445,0.0321125379550169,0.0424812166998578,0.0214391816825165,0.032382977140858,0.0192430933698355,0.0362907249699289,0.032896801742206,0.0513721801361123,0.0333984436255498,0.0281066982565064,0.0275431207773929,0.0400486216918949,0.0258423898119164,0.0540926118378894,0.0215418589903638,0.0046048384333556,0.0222943796567141,0.0164474305921581,0.0054747156937186,0.0125292878854805,0.0310970091204848,0.0104205193377744,0.0241271093722209,0.0049668042927054,0.006204784116728,0.0049551708733266,0.0,0.0045669506736872,0.0292642999381251,0.0,0.0,0.0046048384333556,0.0142019610578944,0.0,0.0244659481653473,0.036982837956355,0.0,0.0113989949239516,0.0,0.0,0.0113989949239516,0.0173080279138141,0.0109659850740757,0.0049422813348111,0.0206990605657896,0.0,0.0399342120610713,0.0
76561198388039360,0.0302835672514461,0.033821836865732,0.0443460723997072,0.0197537757713735,0.0446373447299013,0.053507385325553,0.0254282823879912,0.0110341073252786,0.0196206628576863,0.014400879558012,0.029750826467242,0.0402384078197228,0.077846342436836,0.0196810570382656,0.0181450712450511,0.0262524712288662,0.0140176211010301,0.0059713182498614,0.0265400587720268,0.0319221419871126,0.0,0.0046881807747687,0.0369934146981318,0.0544527083547242,0.0200434954603328,0.0166945428600458,0.005135507808525,0.0328393938082477,0.0141448959435792,0.0121133588146103,0.0231045028601144,0.0337444373828942,0.0106901881554593,0.0046881807747687,0.0,0.0,0.0,0.0062865151846538,0.0,0.0046881807747687,0.0078697424651431,0.0078697424651431,0.0253796957636394,0.029750826467242,0.019411745126647,0.0,0.0058985995167536,0.0044480711317483,0.0255896891109249,0.006275153478436
76561198390714886,0.0643097183818194,0.0553657215282377,0.0435369790259532,0.0402054749987445,0.0225261964704079,0.04592735666533,0.0189071489794179,0.0315813974462287,0.0530336202019059,0.0398392106467397,0.0531306978944853,0.015763289458169,0.0238022074795232,0.0418123407598092,0.0128610744885076,0.048156564997653,0.0375419552453828,0.0,0.0436814631356739,0.0178543967093737,0.0090264532317611,0.0045576163410416,0.0367777059119715,0.0,0.0176757274994237,0.0140121243144619,0.0054028113427627,0.0,0.0,0.0090094509877885,0.0148778427581681,0.0092639529482026,0.0101493110855951,0.0134417566739528,0.0039845162806114,0.0131987312911376,0.0,0.0328220310175536,0.0095871767740965,0.0039456067906042,0.0,0.0134076740039544,0.0093886698316468,0.0272301875541757,0.013283310901242,0.0,0.004732023699379,0.0,0.0143885042471047,0.0
76561198391845269,0.0512585135225466,0.0520458927693338,0.0266809450880868,0.0513270291993726,0.0212164262848832,0.0272297549323402,0.024287345327157,0.0488961474564628,0.0460277800924108,0.043851108561267,0.0268416503475619,0.0,0.0164946308050934,0.0452734638751325,0.0370820898207824,0.051483823736327,0.022910811679607,0.0,0.0335002771995244,0.0091296554001058,0.0186898636106759,0.0136377858343669,0.023306252507978,0.0083940992458744,0.0355352817703569,0.0137062185264339,0.0,0.0041267515017505,0.0073130855386631,0.0061280355022886,0.0134444713508489,0.0317941523074867,0.0042438738169012,0.006124806577399,0.0,0.0093692473431439,0.0068575298519023,0.0381636345103022,0.0039078367484149,0.0082715224664352,0.026534366302213,0.0114759666186775,0.0052332408791655,0.0071480326957236,0.0073062175387099,0.0,0.0288300881747355,0.0,0.0249202926815555,0.0
76561198392370761,0.0510394594240919,0.051508694416607,0.0212578929796558,0.0642386442804682,0.0037118126505028,0.0444502090438704,0.0243369614518543,0.0097305683553615,0.0510699178078233,0.0221627737223604,0.0365484746102298,0.0348586210596992,0.0206101858409025,0.0456682379560083,0.0113484067803747,0.0189155574178001,0.0206515126104755,0.0,0.0520872197574023,0.0134423810058644,0.0465443387675225,0.0154806900340714,0.0474105248876352,0.0208338186867333,0.0067923108066614,0.0,0.0120841163875922,0.0,0.010443173201015,0.0027584313752291,0.0325995030562033,0.0486716529961684,0.0016178384250131,0.0176191895975348,0.0064092937695827,0.0,0.0,0.0077762398527009,0.0,0.0027584313752291,0.0324666007917026,0.0208919016237483,0.0075532466174322,0.028494967469835,0.0099106614024842,0.0121957658618792,0.0,0.0,0.0110497718426717,0.0
76561198395338546,0.0300194493608406,0.0535889924467577,0.0,0.0466673930045743,0.0476567603438932,0.0238229425966371,0.0550855894537134,0.0599226097148803,0.033613756762231,0.0285378304795762,0.021563527302845,0.0106508533923078,0.0119970484071156,0.0306967850371953,0.0158515986360806,0.0352566058776265,0.0049076182798716,0.0108823610703638,0.034188890177771,0.0174470638032631,0.0397453631610999,0.0146346166842489,0.0115726108594922,0.0078661052075941,0.0317757843712508,0.0249409108884824,0.027959665171469,0.0086736017379662,0.0145837844666281,0.0403284096251368,0.0146346166842489,0.0132577857514201,0.010943980356209,0.0,0.0116190222798592,0.0,0.0,0.0275240795069398,0.0406376074835393,0.0034527397820166,0.0216021017978466,0.0425228982847409,0.008566331857612,0.0,0.0,0.0048149811644703,0.0,0.0,0.0059853267301831,0.0
76561198400702869,0.0784294278286233,0.0634143940349717,0.0281713032869299,0.0749656147685616,0.038759612348453,0.050756070541223,0.0271267777749285,0.0383565917867261,0.0413193982139064,0.0486936039993221,0.033760645026937,0.015739444170304,0.0045895573774239,0.0329294302862903,0.0228528236977354,0.0301350566514855,0.0083530847541015,0.0070757808658642,0.0300488883498889,0.0153136833454862,0.0391665940493415,0.014939738628769,0.0045895573774239,0.0,0.0160158248874181,0.0155767688594731,0.0077997410102522,0.0044023005381882,0.0115615752529563,0.0034388489238118,0.0132175543952466,0.0201465094918361,0.0074294497900512,0.0093249018514659,0.0129260885302105,0.0045895573774239,0.0037501732355091,0.0261357737648231,0.0140057090759935,0.0,0.0091642349415359,0.0088767233673012,0.0063186292181138,0.0,0.0079994158299144,0.0106944425019933,0.0,0.0044023005381882,0.0254619881905157,0.007274409263079
76561198402329390,0.0715346247079266,0.0553729909090742,0.0523060683455249,0.0074458804505814,0.0231234301812879,0.0868616259381861,0.0091107770946443,0.0074458804505814,0.0337037691736854,0.0233739219999888,0.060863076844008,0.0303454115354336,0.0399128199365175,0.0179786692217428,0.0175798930084738,0.0,0.0212684824641193,0.004169090665087,0.0668196264935865,0.0070235939404922,0.0074458804505814,0.0248229987352167,0.0444275544013478,0.0140892627899486,0.0,0.0182231101671264,0.0090015644905583,0.0103264685634731,0.0,0.0,0.0371143764681516,0.0,0.0190033044681772,0.0165573457076873,0.0072098201865235,0.0,0.0201020201037652,0.0,0.0,0.0210426540308817,0.0,0.0,0.031811503066101,0.0489368840768817,0.0157138267172209,0.0130314722012529,0.0,0.0049003200141615,0.0,0.0
76561198403785238,0.0344141145827088,0.05787897480393,0.0323235800506815,0.0155567791179328,0.0661119865066932,0.0426677794527848,0.0321571524254054,0.0588183857384132,0.0142837808712811,0.0268339256178182,0.0057187516713562,0.0049727473494676,0.0481336937161521,0.0098380274465765,0.0055887495467574,0.0496215001012075,0.0143079852057768,0.0,0.0409545680862147,0.0169858612748206,0.0160892062742382,0.0042848277120233,0.0230771620228076,0.0101200777002364,0.051794982465186,0.0444707736965088,0.0047533192928371,0.0238838163452633,0.0044289261041903,0.008578338865547,0.0054428182253436,0.0166721500812753,0.0,0.0041577016996469,0.0180741708966838,0.0,0.0088663905906046,0.0473919245828943,0.0,0.0182411917592146,0.0100460614142351,0.0297893024614237,0.0071115336628242,0.0224420639296949,0.0065350495922534,0.0046162204595621,0.0086034551243515,0.0086170199573224,0.0097121840129083,0.0050309875049429
76561198407819907,0.0322047350424246,0.0747766711178897,0.0043180781794404,0.045566647715681,0.0125247100563559,0.008904157373492,0.0164128868402213,0.0653590430802954,0.0391351550329944,0.0502487214818806,0.0383995729909316,0.0088804346471774,0.0257350183958263,0.0311802129479249,0.0381804632902631,0.055210997586162,0.0277474848712908,0.0,0.0045172109718993,0.0040131310798985,0.0106097046342173,0.0114767694911135,0.0295656737017714,0.0057521366760917,0.0618447850440241,0.0125247100563559,0.0,0.0120511251975632,0.0121848190468663,0.0075087294667293,0.0228665112626599,0.0,0.0,0.0040131310798985,0.0040131310798985,0.0,0.0097638696843995,0.0578544197827853,0.0043056450130889,0.0043180781794404,0.0043056450130889,0.0,0.0157292196132699,0.0097260998417906,0.0100185787496902,0.0038660135638957,0.0550828854991521,0.0,0.0349059575072652,0.0123970281128925
76561198408126263,0.0305363462527846,0.0429875856019467,0.0295091720309643,0.046169503434742,0.0450906345311159,0.0355570785532772,0.0495373761432885,0.0353358349002679,0.019801571609401,0.0364513664604658,0.0169455275958204,0.0176618394262192,0.0154637074055126,0.0164595025861126,0.0354489086499617,0.0428451904080084,0.023744565877818,0.0123078560329194,0.0306785978875943,0.0083236569745733,0.0055390933579428,0.016040962692662,0.0075068245716804,0.0052865215342832,0.0436991454131835,0.0212959858845757,0.0212468563139803,0.0258789006399298,0.0072094267392307,0.0347539558969225,0.0129290910974251,0.0089076231216226,0.0228727158086946,0.0,0.0,0.0122438557580145,0.0227608281257665,0.0220824180412769,0.0255594232407136,0.0031758718701418,0.0,0.0306142313951289,0.0198348541912119,0.0,0.0065179408934302,0.0052865215342832,0.0119204535250333,0.0091430057260813,0.0034525820993445,0.003385088164644
76561198408226782,0.0382079441453299,0.0280638113507326,0.0431622620498768,0.0294955525017167,0.0452375057304576,0.0254400109652,0.0448325645168436,0.0109083325403228,0.018973828942939,0.0200861081931048,0.0130493262416305,0.0197081854909044,0.042607651694348,0.018973828942939,0.0179139620052292,0.0050111306512907,0.0317979800654574,0.0101803799586175,0.0533847988265437,0.0329961777988628,0.0163840187990131,0.0,0.0495678367513248,0.0112034664095331,0.0178425605917704,0.0208182791108561,0.0360191546094732,0.0462174608498943,0.0184627127433093,0.0232199964108593,0.0,0.028053988938413,0.0104929507831892,0.0045820267586248,0.0117122856568749,0.0,0.0097312934229474,0.0108114024802822,0.0101677023859896,0.012952068022229,0.0241332261191058,0.0158972356284206,0.0168570532965623,0.0177422604350285,0.0,0.0056312828028296,0.0050111306512907,0.0056312828028296,0.0134049697049603,0.0074210112220399
76561198411775487,0.062344595559278,0.089185289370265,0.0522136409886754,0.0639854992106293,0.0085121937244079,0.0476938507176539,0.0063917442667642,0.0392951396710258,0.0259308653464515,0.0206009089900145,0.049070179139833,0.0047698190329283,0.0107475005765853,0.0301004597606376,0.0147264422505735,0.0339879526588669,0.0179943199163221,0.0127291568027738,0.0355562162826542,0.0044100880405757,0.0464356171006592,0.0384302276938843,0.0059421057396598,0.0143678226755673,0.0256532546750575,0.0,0.0189297095541632,0.0,0.0074083685678241,0.0,0.020943904761991,0.0091208976240644,0.006114093625014,0.0045625022685616,0.0074083685678241,0.0161044944308033,0.0135356633833251,0.0236715984488691,0.0042420745258925,0.0059421057396598,0.0094404401723705,0.0157767757391442,0.0156690121090424,0.0168223949381721,0.0129378455865616,0.0081776978195838,0.0151594047244611,0.0,0.0069577572209259,0.0
76561198413767937,0.0563774246688418,0.080468511843561,0.0384230664926465,0.0393148821447429,0.0296496104110156,0.0327511075374638,0.0132209004623865,0.0447696144487472,0.0273870632819049,0.0309348683913478,0.0398686227195433,0.0237077992565655,0.0352251643690033,0.0170824165172359,0.0182410061121265,0.0287865730221328,0.0,0.0036801014156482,0.0413522384500336,0.0258730404872844,0.0178717207347077,0.023676998883798,0.0203937881103886,0.0124041743207986,0.0257688133994097,0.0225401322658142,0.004612100251155,0.0,0.0061288098309145,0.0044823212652886,0.0243234910350613,0.0148230633142485,0.0036801014156482,0.0134804981453274,0.0068269986658554,0.0,0.0238294827321765,0.0243504875641173,0.0,0.0059235785104282,0.0150826522476539,0.0167793727335316,0.0250001473010085,0.0337445874909833,0.0090827225882423,0.0,0.0119511353302948,0.0,0.0,0.0061288098309145
76561198414097340,0.0364305603912935,0.0602020130606795,0.0214357926108078,0.0845080816247244,0.0,0.0180328844993218,0.0239281776426876,0.0414528136519244,0.0573890419908151,0.0275648853642565,0.0311413075261929,0.0259634695857657,0.0146474564978459,0.0544611461141108,0.0283342455073947,0.0345559741054641,0.0207843650007526,0.0,0.021587170778146,0.01475064272173,0.0568401006950545,0.021531317194404,0.0411793928073807,0.0144965396360176,0.0144995823147456,0.0,0.0038762251117433,0.003615797612699,0.0,0.0124851094004194,0.019605481898198,0.0377287623606342,0.0049118722666811,0.0038762251117433,0.0,0.0,0.0064753928519669,0.0205033927249492,0.0038109830422413,0.012859737219778,0.0370260903637478,0.0145479944669266,0.0166436458357727,0.0082631121300348,0.0,0.0,0.0161931477001318,0.003615797612699,0.0082442709681159,0.0
76561198417579142,0.0453097292783967,0.0535336630257519,0.0083371578396638,0.0498993554704951,0.0355847346502195,0.0322840560479578,0.027900571271202,0.0672215653345885,0.027967712754308,0.0493567597234807,0.0085138441210111,0.0180056897686419,0.0129453436449364,0.0367948412504074,0.035893497130981,0.0629711497398071,0.0223262689662003,0.0085563794284898,0.0171284884789759,0.0046772007763942,0.0133244410600276,0.0133339930855898,0.0139111746982376,0.0047265330448693,0.0542497499001909,0.0269296579981142,0.0045706307336047,0.0,0.0222410880222914,0.0043348838773482,0.0085914304013678,0.0185926067672598,0.0,0.0,0.0139663477955533,0.0,0.0,0.0488538791388237,0.0136433099820028,0.0,0.0090163263561737,0.0234690040368328,0.0,0.0,0.0221689227337776,0.0,0.0267307982058107,0.0,0.0232236659574997,0.0089135475027138
76561198418235102,0.0463308778008313,0.0756697424920149,0.0144670648983636,0.0798913131352671,0.003552966341148,0.0145407310670658,0.0188067670942122,0.0396308147245451,0.0404675989797935,0.0420750394953339,0.0326378076887248,0.0179479690967977,0.0105666601525499,0.0431141243106699,0.0300844113857062,0.0390455690728912,0.0198942160590135,0.0038676793229372,0.0205946339776414,0.0040691761633856,0.0541113393022935,0.0192089181574088,0.0038114191293821,0.006110540491933,0.0201558307603434,0.0,0.0252306473960349,0.0086952420484755,0.0112727565831377,0.0040691761633856,0.0241504628208667,0.0309437183567672,0.008972931001567,0.0092633451204583,0.0078922866829911,0.0,0.0127501825154712,0.0240031687199443,0.0101797166553186,0.0086856433287732,0.0410193712848224,0.0120805214630171,0.005585208606646,0.008081417916974,0.0050979346239938,0.0052545677201351,0.0135059043997793,0.0,0.0226125854911851,0.0
76561198423335954,0.0680045133853991,0.0454393317322208,0.0554446624185039,0.0563938625473785,0.0209280390633374,0.0472275628598431,0.0128925077224708,0.0212647544263227,0.0562006526097653,0.0076823394284148,0.0458742169649769,0.0149319175999775,0.0320735012066783,0.043382671800803,0.0255264750255626,0.0131638727125663,0.05743883062826,0.0,0.024762615420678,0.0064255712871363,0.0,0.0493899933999144,0.0281991260872399,0.0065615579092647,0.014502467776201,0.0064669364353344,0.0059607992915408,0.0128925077224708,0.0064669364353344,0.0119484697194859,0.0438431097428731,0.0068963862591109,0.0054815332841515,0.007529657462424,0.0064255712871363,0.0151468634769598,0.0,0.0,0.0136937395814827,0.0,0.0124740305645991,0.0155651888032906,0.0188018161291372,0.0266066033187038,0.0,0.0,0.0068963862591109,0.0,0.016725483778602,0.0064669364353344
76561198423405088,0.0597469627266396,0.0650275345706877,0.0246162567538199,0.0538372384593957,0.0211154876283146,0.0410470955571552,0.018386304565011,0.0416054899586798,0.0255792500065322,0.0340416163288639,0.029334746610669,0.0085539472007828,0.0155648802035232,0.0342699990628309,0.0305624321986119,0.0588675270901879,0.02538092888412,0.0034983903814264,0.0377475442232862,0.0129668285635491,0.0150239123742693,0.0301676481066264,0.0362043600327791,0.0151209846560555,0.0232246929105644,0.0134996275518185,0.0050555568193563,0.0,0.007061926659728,0.0054333741551111,0.0304784759612766,0.0147429457879541,0.0155315338425364,0.0088008262852714,0.0048561704777503,0.0,0.0032200692221756,0.0265125186402531,0.0,0.0090131183619513,0.0106892675618092,0.0147798827553462,0.0181234519459559,0.0148959452848251,0.0106542779606058,0.0,0.0135947190064626,0.0,0.0077846079595675,0.0037796447058613
76561198424437575,0.046758905597423,0.062752177388378,0.0281217009870427,0.0401706614539776,0.0331633512483286,0.0418979189860594,0.0525730665498867,0.0429972872745742,0.0271327888797369,0.0147410060521635,0.0246002236513142,0.0324723610425521,0.021551428331916,0.0244347473194339,0.026528674473296,0.0447956978735044,0.0139179489663739,0.0098156358393534,0.0423259025470109,0.0176015016937388,0.0213583618974089,0.0146441326417357,0.0269629288003037,0.0270294058034562,0.0134544527929892,0.0178895052473028,0.0061607527329848,0.017151334060479,0.0,0.00677157964615,0.0295482509575512,0.0173593728258675,0.0122106602607481,0.0052854777467729,0.009921366276357,0.0,0.0051801616423447,0.0281456565798316,0.0054430983919124,0.0,0.0112604329668903,0.0038051961307025,0.0045733758078863,0.0179866255879609,0.0140269220650331,0.0080649740377957,0.0032802598980568,0.0,0.0241327290454125,0.0
76561198425842216,0.0478356511066783,0.021590354549212,0.0553794520093224,0.0325660955764505,0.0611523387182751,0.0528790243236913,0.0720844672914946,0.0145458078974333,0.0067276193963722,0.0383927244858154,0.0082697760300407,0.0176832756945114,0.026135597675377,0.0177546458364613,0.043395442149068,0.0130765427866176,0.0173866807294032,0.0193363710467484,0.029457788778292,0.0259756659330981,0.0022586077829956,0.0142640553310737,0.0,0.0076916609889634,0.0102604275659413,0.0429833009966802,0.0103103448024645,0.0286181202255329,0.0212811306743875,0.0481326252292063,0.0098937027322824,0.0,0.0252473870257469,0.0288280463268199,0.0053068662518882,0.0081343205616918,0.00508699162278,0.0047374908835213,0.0095377118147585,0.0187564334945411,0.0,0.0,0.004613837744588,0.0062025299219093,0.0214145008047082,0.0,0.0024788831005257,0.0343338823196827,0.0,0.0080018197829456
76561198427245183,0.0428987762594369,0.0485936898936897,0.0526597481368175,0.0397711595988329,0.032142737805887,0.0459352546101384,0.019310387532689,0.0261413311248282,0.048608079237469,0.0181684239908676,0.0285682456291249,0.0189795423842169,0.0410995435257996,0.0397711595988329,0.0089645810276143,0.0357812993179439,0.018971139758826,0.0085687438130445,0.0096175587080525,0.014815077402247,0.0148608626227359,0.0239240686636014,0.0199815314315662,0.0,0.019829213704109,0.0313930407768332,0.0043349613963478,0.0149969219813657,0.0238027246366813,0.0102789270591487,0.0090027373954809,0.0200777244197509,0.0,0.0042337824166966,0.0061301553502082,0.0202333627083811,0.0128008264853614,0.0298105189197073,0.0,0.0,0.0142015853042445,0.0200138399569928,0.0056408408736328,0.0193322327830551,0.004641293589806,0.0046773531725481,0.0211889507554029,0.0,0.0149993487204836,0.0302467155194976
76561198427383896,0.0403954286641559,0.0324390039919353,0.0083794888964144,0.0759727025889357,0.041247872814946,0.0224145595049188,0.0473480014161992,0.0376394958120254,0.0704127749504615,0.0198181929307438,0.0184203817156132,0.0193060470951665,0.0044369320693469,0.0636882043818445,0.021930887727988,0.0518656059799008,0.0176024134157347,0.0,0.0311868579771368,0.0041468470849197,0.0282469448482031,0.0254080532278696,0.0188597560985383,0.0085837791542667,0.0252643733725779,0.0192952546232187,0.0042881615182721,0.0089391797423834,0.0040204745686868,0.0333198860465915,0.0091373067157611,0.0324885616358982,0.0131625490579668,0.0,0.0039425568270675,0.0094916721654496,0.0039425568270675,0.0300614463236837,0.0142934970919824,0.0,0.0126405979642331,0.0202884480979933,0.0041744074178762,0.0,0.0051207917788703,0.0087250935876191,0.0040204745686868,0.013854870300745,0.0057571328514153,0.0040204745686868
76561198427779859,0.0496399420354082,0.0766194523464641,0.0156462348185477,0.0867706874364213,0.0219035230210148,0.025813531682551,0.023461129490433,0.0627177929014489,0.049178522448847,0.0411071389260918,0.0142484094295211,0.0081222579713499,0.0038743574842721,0.0485142016081986,0.0307336084705055,0.0738374011872713,0.0289894369356064,0.0035923517828398,0.0248062462835002,0.0035923517828398,0.0298833664213533,0.0137634931241919,0.0093744423243071,0.0,0.0241621683924148,0.0043587398917865,0.0035923517828398,0.0038743574842721,0.0043587398917865,0.0035923517828398,0.0050191467462552,0.0382834041172129,0.008575933374385,0.0,0.009241293748817,0.0091183779826542,0.0038743574842721,0.0543190116866223,0.0,0.0,0.0149955664888364,0.0107476660017586,0.0,0.0075149209135961,0.0036078301761821,0.0,0.0294365148659799,0.0,0.0096113610746875,0.0055260261998144
76561198428123404,0.0491242824311685,0.0391545379034187,0.0155373485065096,0.0540211405343877,0.0499317360367908,0.0168666146015392,0.0386353419075719,0.0413051136225615,0.049831896554982,0.0238871326273748,0.02224825411152,0.0249740776150959,0.0277050098409863,0.0434744928746848,0.0281024690700511,0.0428177366285043,0.0329769915785066,0.004547552073059,0.0294449156339051,0.0260968458259246,0.0305029369470633,0.0182665088713181,0.0269534264017069,0.0066981277922018,0.0398134103229382,0.0321582581288259,0.0139958785137872,0.0046774065865067,0.0052064244925785,0.0059343316122935,0.007059687719956,0.0258367597701627,0.0,0.0,0.0137930661907383,0.0,0.004547552073059,0.0346069858303597,0.0059343316122935,0.0109897964334506,0.0094950715672561,0.0094950715672561,0.0067109056050103,0.0,0.0105596327168922,0.0,0.0098315183527963,0.0,0.0062494209130049,0.0
76561198429193409,0.0615371852418712,0.0684131422182083,0.0124389528616518,0.0565580705646046,0.020913472654226,0.029410369905699,0.019994899386496,0.0560879291343711,0.0572032275100571,0.0428068233537529,0.0248796841299778,0.0,0.009071314344914,0.0482182461912874,0.0058998787250343,0.0485267072253618,0.0346612639490662,0.00493298340912,0.0096370795903446,0.0107715242291744,0.032396566262314,0.0051070508484576,0.0235593571213314,0.0,0.0450721309571511,0.015980489245106,0.0058385408200544,0.00493298340912,0.0144532704690441,0.0088476843983579,0.0141916423726847,0.0254117789056366,0.0,0.0115791269152435,0.0216427480428601,0.0032327735248595,0.0,0.0290816821417158,0.0039147009892379,0.0,0.0351003252050855,0.02679428364575,0.0049394247001636,0.0040991284883346,0.0058998787250343,0.0,0.0048148002479879,0.0033365995044996,0.0278102784347492,0.0
76561198429606249,0.0619602764740818,0.06532786380616,0.0285092391099659,0.0575077912579159,0.0479495310540509,0.0428411679128469,0.0272753493873703,0.049534472772529,0.0479050791571404,0.0391010747721391,0.0119508611193905,0.0037347090928884,0.006175845633463,0.0431120272068222,0.0135855022129301,0.0567629513302254,0.0150596245633686,0.0061198821669296,0.0349422381642261,0.0331118850486516,0.0075406522361023,0.0174929279974291,0.0118977535057191,0.0090176840117162,0.0315713193298784,0.0235159037849293,0.0073249405357136,0.0049430815749895,0.0083241959759684,0.0,0.0215977184194892,0.0183643329629691,0.0074727322990939,0.0136883451749793,0.0069714045490326,0.0,0.0106775410679091,0.0312337076658994,0.0046228934011363,0.0,0.0128772221878976,0.0128848645459867,0.0094248737365932,0.0048232119960897,0.0025856141906378,0.0093714970404588,0.0119854326737689,0.0,0.007322776892515,0.0
76561198432274758,0.0449165382566564,0.0409401981655897,0.0272166600793754,0.073405658631349,0.0208384438302196,0.0265799625676092,0.0375426853697635,0.0417803786971676,0.0472577051551938,0.0287106409053048,0.0119645628929853,0.0252692553611045,0.0096059636333822,0.0398615968701426,0.040909325201692,0.0297873276361007,0.0459784641388149,0.0085781886859638,0.0452861644783608,0.0141984864237455,0.0213134454882853,0.0041068210798676,0.0222674075078007,0.0165143554422318,0.0152313181765991,0.0165538448674301,0.0043741953698326,0.0,0.0081712842629747,0.0153339271297697,0.0091344618582058,0.0165255085994931,0.0127195148326028,0.0035231047675957,0.0,0.0097110832345536,0.0042806550637742,0.0134616390815261,0.0241698045656905,0.0092533970491021,0.0168334908495014,0.0418186805984237,0.0050622461808253,0.0080668222201526,0.0037097847407047,0.0,0.0081712842629747,0.0037097847407047,0.0134728620451744,0.0118810690036794
76561198432337304,0.0442947140515027,0.0686886311933274,0.0358802516647315,0.0595211685838552,0.0055032754889912,0.0309484621262227,0.0195634555381054,0.0535880279026818,0.0375224790638137,0.0412965691928293,0.048445083035923,0.0059029087796304,0.0,0.0320951910337006,0.036881197661325,0.0737870742667051,0.0269791193590331,0.0048968307811464,0.0156644986429823,0.0175705980925852,0.0159340647106534,0.0260885031712136,0.0281821046949134,0.0243891660186629,0.030253160491051,0.0,0.0,0.0,0.0047566660217538,0.0,0.0163608535619644,0.0178528845561339,0.0,0.0162666155482529,0.0,0.0,0.0193499338434049,0.0311132783138008,0.0,0.0047566660217538,0.0056073348746474,0.0104500912730528,0.0048373417761556,0.0100242575185696,0.019805415900372,0.0,0.0303666688465634,0.0,0.0198187903762325,0.0047566660217538
76561198433458297,0.0467707567365298,0.0399373548828223,0.0252063653541379,0.0714838034260459,0.0059547928406254,0.0539190138745847,0.0306173346754673,0.034803447532397,0.0555859616405186,0.0167862305657688,0.0293386053084709,0.0063288692378069,0.0114170497571178,0.0552343123354437,0.0110320545397161,0.0210981091921143,0.009502056339054,0.0,0.0402759648342212,0.0049407090343607,0.0472926416502708,0.0409085060055612,0.0274332254105764,0.0108585416942078,0.0064750186768923,0.0,0.0,0.005917832659847,0.0124857444284569,0.005217436550886,0.0374758550029183,0.0636203884138829,0.0055047073477049,0.0,0.0,0.0059547928406254,0.0,0.0060913455053553,0.00517812404241,0.0060107257515646,0.0518666025854385,0.0277549624860385,0.0175453624756722,0.0119204433199577,0.011974870769761,0.0,0.0059547928406254,0.0,0.010370494593516,0.0059547928406254
76561198436639398,0.0506809295496961,0.082112500584685,0.007621169234639,0.0610781448266217,0.0140480507227236,0.0228541824576106,0.0391566662105914,0.0697184405830159,0.008430842197228,0.0251302693923681,0.0371795116486914,0.0149848679324753,0.0,0.004240220021758,0.0,0.0244349596329118,0.0096010769970573,0.0,0.015091334580925,0.0070832797587236,0.075826844324263,0.0,0.0077685872477797,0.0,0.0511399845203208,0.0029625410108905,0.0480758778840595,0.0149054048567931,0.0624024105650569,0.0081816367130819,0.0,0.004240220021758,0.0110910067933093,0.0,0.0415992328545095,0.0,0.0,0.0100073318361426,0.0304629019294147,0.0,0.004240220021758,0.0701470342864431,0.0085675193279085,0.0,0.0,0.0,0.0207867459612075,0.0,0.0,0.0341480535135798
76561198437664846,0.0621922103039546,0.0584792675452454,0.043133527055135,0.0705575231688442,0.0,0.0518983773082941,0.0,0.0317476580379653,0.0803680670400272,0.0157854626590394,0.0482398344362599,0.0047727506136968,0.0153335049087543,0.0589177042134916,0.0202994393888123,0.0096272678031356,0.0300932314583722,0.0047267968115296,0.0120206830341311,0.0,0.0591242990611944,0.0239853269077603,0.0,0.0,0.0,0.0,0.0061581948559038,0.0,0.0061581948559038,0.0,0.0258062243752789,0.0576883727118158,0.0144009794267068,0.009389904934755,0.0061581948559038,0.0233157254029828,0.0091706022963721,0.0,0.0,0.0,0.0596497317906903,0.0409333496499574,0.0055326794379021,0.0093204029273221,0.0042086097028757,0.0047727506136968,0.0058876617710327,0.0,0.0101454886352555,0.0
76561198438587738,0.0393026716763211,0.0619201382383614,0.0084524562810945,0.0944534410843557,0.01066099123758,0.0,0.0188256071242354,0.0475722033830801,0.0934123450488812,0.0050938035515084,0.0270539135766911,0.0185314097208513,0.0049569224457739,0.0645592698397231,0.0260316251852163,0.0425055616025364,0.0196746968281107,0.0,0.0154420941034494,0.0043879238955167,0.0792315485822071,0.0212787999497985,0.008276061299835,0.0043879238955167,0.017914497973434,0.0,0.0,0.0052962392412232,0.0,0.0195645050738605,0.0297894075540411,0.0401514050292912,0.0216437012896995,0.0,0.0,0.0,0.0,0.0177025680774405,0.0108900991947834,0.0,0.043769037753323,0.0244126070289074,0.0062781559848651,0.0042240354172464,0.0092203946015636,0.0,0.0069490210868857,0.0,0.0261829161427894,0.0
76561198439100835,0.0444257157966909,0.0853521810427245,0.0349917522543565,0.0778566749295669,0.004289240309631,0.0228965306697202,0.0285984138477977,0.0547337214571343,0.0279493632505863,0.052480002941192,0.0135906006840479,0.0200530616473882,0.0158434956693283,0.0257300764672913,0.0192000852944404,0.0409575013007939,0.0100724252700731,0.0085668175453689,0.0058137993740337,0.0123082356491872,0.0361275081184923,0.0132672838588969,0.0274344321983891,0.00376844440898,0.0455799002496354,0.004289240309631,0.016960166314879,0.0086900409195417,0.012013847042286,0.0035834938329646,0.0096638263053698,0.0096010047164022,0.0073573845453548,0.0044276241816298,0.0169390404439371,0.0,0.0160358304976613,0.0452653760857795,0.0112195951019189,0.0154583699518578,0.0058137993740337,0.0058137993740337,0.0037042672741044,0.0171716715712885,0.0081345759627527,0.0083835314976312,0.0296230031913246,0.0,0.0079632472698688,0.0
76561198439220419,0.0615759309396786,0.0283696967486229,0.0240374266613948,0.0575404044278027,0.0235466453923569,0.0386757609704466,0.0030778132274581,0.0293303708684542,0.04740328284005,0.033700906672008,0.0102525247665651,0.0089964347682056,0.0363124281140104,0.0544625912003446,0.0299979653521493,0.0418412700177206,0.0483605016984804,0.0,0.0236005274561344,0.0,0.0184541475396026,0.0306969980915799,0.0289968994510586,0.008325832374874,0.0162087949877282,0.010314982647414,0.0098447497061558,0.0,0.0,0.0030778132274581,0.012667120313254,0.0181371936116231,0.0085770119713756,0.0,0.0098447497061558,0.0124863994548961,0.007989917127586,0.0256356937402082,0.0030778132274581,0.0,0.0186434318187713,0.0237359479297484,0.0,0.0347058334521542,0.0160973316984313,0.010314982647414,0.0248535098408828,0.010314982647414,0.0359153806648704,0.0
76561198439304389,0.0487019285280142,0.0440443055578301,0.0065939444763597,0.0899155100160617,0.003798576602103,0.019780289398079,0.003422606519923,0.030513212851405,0.0846739741612612,0.0063012758740296,0.027800728127831,0.016255367558001,0.0118126454732679,0.0806117678135769,0.0091972695792881,0.0128594844414507,0.0034158685360265,0.0,0.0226943195453405,0.0,0.0943761042296913,0.0382461089694893,0.0058828318990145,0.0,0.0096859098243501,0.0,0.0,0.0,0.0058873332222471,0.0040788597515017,0.0253976248653868,0.1025907559353554,0.0031231999336964,0.0,0.0,0.0,0.0063012758740296,0.003798576602103,0.003422606519923,0.0040090976229165,0.1076992670040913,0.0242216122494111,0.0031231999336964,0.0,0.0034158685360265,0.0,0.0140563768302839,0.0,0.0150942242939727,0.0031960908429627
76561198442308189,0.0423559910443495,0.0648272654474645,0.0103880478616261,0.0848147353093402,0.0193202203559268,0.0221720680183141,0.0400298655029886,0.0692405909093241,0.0616995496182692,0.0238044230676124,0.0157342189940112,0.0132338566502957,0.0041120741595632,0.0614192878085343,0.0209839549794523,0.0351623758176484,0.0,0.0,0.0212176917382636,0.0042653347167709,0.0562805649312103,0.023813156175138,0.0077881020487498,0.011359421945156,0.0417517288382912,0.0139822295027319,0.0073562070216886,0.0035232777207096,0.0036760278891865,0.0219473787503043,0.0205225441782268,0.0267455367688601,0.0163884592206265,0.0,0.0,0.0,0.0030240541961515,0.0284731936973836,0.0228084231611686,0.0,0.0128146123247597,0.0341855842383933,0.0076357792102911,0.0041120741595632,0.006767410582835,0.0,0.0036760278891865,0.0,0.006586653549631,0.0
76561198447217647,0.0799630163404221,0.0821578873084613,0.0784359250709682,0.0571133887519243,0.0040938565902398,0.0488517403644529,0.0,0.0375343590926572,0.0406645668210521,0.0472406799447607,0.0544035819357837,0.0060200342968981,0.0269018209239408,0.0410109787570967,0.0296463229679462,0.0417707759176984,0.0353407962570421,0.0,0.0236288566237816,0.0,0.0,0.0292353725654562,0.0371657263102122,0.0049183550053825,0.0049183550053825,0.0,0.0104040162242272,0.0,0.0,0.0,0.0226543731738618,0.0,0.0074660692234654,0.0067724027414447,0.0,0.0194053101346676,0.0124493030965889,0.0184907603434034,0.0,0.0,0.0,0.0158381201955263,0.0042822946837139,0.0495066684291177,0.007497796348387,0.0,0.0090815240890079,0.0,0.0051349644650271,0.0
76561198448175035,0.055185335831326,0.0632719544481917,0.0306061252439555,0.1050434051564317,0.0,0.0267989712860662,0.0059982645077989,0.0189303876972362,0.0676801136547422,0.0234635018366405,0.015299706773098,0.0070399263628748,0.0147983776619855,0.0761417327228672,0.0106698963715941,0.0275673765978354,0.0109636500989913,0.0032311965560031,0.0235041391762368,0.0,0.0581571801263069,0.0423024971784027,0.0218383040248604,0.0084616190681249,0.0036306809241382,0.0,0.0145377241737176,0.0,0.0145377241737176,0.0,0.0305486358945236,0.0377116604251997,0.0,0.0073927786085829,0.0074977978108427,0.0182636387292,0.0034170221654525,0.0036306809241382,0.0075466279335388,0.0,0.0367299366954005,0.0466634443841629,0.0156525590188061,0.0147983776619855,0.0,0.0107332673357086,0.0,0.0034170221654525,0.0063367585938605,0.0
76561198448417314,0.0390883451388864,0.050148352216405,0.0225326220232142,0.0277393973913813,0.0535409088597803,0.0277647180208616,0.0720358878399801,0.0724926288441503,0.0214129409398318,0.0217936208829694,0.0134144504187396,0.0130972467838948,0.0353849167312623,0.0137967042645428,0.0,0.0190014845273373,0.0198185421335363,0.0153212913979143,0.0090490268485728,0.0323439162764673,0.0191749937522197,0.0077137353000404,0.0175511443816976,0.0059737954628653,0.0425485445211022,0.0258514815866541,0.0359362321867767,0.0209594287367696,0.0074341065605298,0.0446428329824695,0.0052116158891524,0.0,0.0,0.0038634262839237,0.0285420865484925,0.0064824588979574,0.0043162612198469,0.0166718963897396,0.0362869432142126,0.0105412712657911,0.0071076471260739,0.0275013822788326,0.0073562591323742,0.0146936396716354,0.0065714992386711,0.0057402979174918,0.0020140435901657,0.0065714992386711,0.0,0.002964475086113
76561198452163269,0.0638184192454412,0.0462177317685201,0.0345063576274266,0.076459341768344,0.0,0.0119800255184271,0.0207702894142228,0.0183486349252252,0.0612989580886477,0.0228179491758192,0.0368313570458824,0.0275659952296634,0.0113214371192581,0.0640275017080552,0.032771777278388,0.0490059771944605,0.0274802621913847,0.0131006761525423,0.0294742257493925,0.0065030350374749,0.031557617303172,0.0235696965662519,0.0285063950454793,0.0059504992157912,0.0081606600227272,0.0,0.0028729847474187,0.0071706482990708,0.0,0.0186393665204255,0.0219233812084531,0.025652171903141,0.0122665147222105,0.0126935866726434,0.0,0.0034596320642755,0.0141912872798327,0.0180636441928674,0.0083353787737299,0.0128919367863446,0.0190894723900658,0.0075748623900482,0.0323621418001082,0.0105603961100166,0.0,0.002920134427478,0.0033952218370414,0.0,0.0138924174828289,0.0
76561198706984079,0.0307719886871107,0.038833093120094,0.0218151716225126,0.067618556568794,0.0005401252791439,0.0132129189364688,0.0026346035872313,0.0333622475693504,0.0165453018000351,0.03808599698852,0.0267465267332274,0.0673995488968306,0.0182343882594039,0.0165453018000351,0.0638463526852195,0.0588309196626099,0.0005401252791439,0.0,0.0082195475029666,0.0020944783080873,0.0100009232126723,0.0080188950597811,0.0112681280065323,0.028912347290075,0.0268178689819877,0.0,0.0,0.0005401252791439,0.0,0.0093600338752,0.0178839710986112,0.0564771469838882,0.0417132208935588,0.0092103464970492,0.0,0.0111184406283815,0.0202021481458647,0.0268178689819877,0.0093600338752,0.017812599183093,0.0082195475029666,0.0082195475029666,0.0270943175956604,0.0202021481458647,0.0598208907313362,0.0,0.0268178689819877,0.0,0.0182343882594039,0.0
76561198742491552,0.0696319943812996,0.0290921970198754,0.0693736843598385,0.0708619322189935,0.0173409994317126,0.0607883742719619,0.0418654744754011,0.0074446832510576,0.0441905865660303,0.0387699419124229,0.013068649048379,0.0179193423743704,0.0025921596205813,0.0535827612406745,0.0349453939159796,0.0054522148857851,0.0471731586090687,0.0306245463185666,0.0245324706508339,0.0169425726864628,0.0103190672046274,0.0167306625142905,0.0,0.0057178509866658,0.0047211643823303,0.0088323011791567,0.0051712449037629,0.0090105853982157,0.0,0.031050693850587,0.0097601944684852,0.0093242249057166,0.0224843088440898,0.0142520247829072,0.0,0.0264959884808932,0.0200366240238517,0.0063010178440218,0.0240471015475249,0.0053062577903043,0.0030232070616948,0.0306852533996628,0.0021799047785923,0.0,0.0088810518665439,0.0021799047785923,0.0027235188687272,0.0245727088994582,0.0,0.0
76561198757776931,0.0566040840097863,0.0729521654270914,0.0273424377558787,0.0808492080987253,0.0072084481988744,0.0138440280055687,0.0251312586997402,0.0374175891776943,0.0446118841038443,0.0451945999573513,0.0206596450655199,0.0170497344002803,0.0034187652601336,0.039247018276145,0.0494499647387594,0.0585413120370905,0.0187126280851827,0.0057792172110075,0.0272095895498299,0.0107347891112047,0.0518050531723485,0.0222638218405466,0.0021970409018233,0.0085377482093813,0.0212947979065993,0.0007865772468769,0.0107035591102705,0.00482922891508,0.0118840753577635,0.0120659501902789,0.0106709629120565,0.0167647976105691,0.0285984015338669,0.0,0.0075893263699237,0.0090517018913285,0.0111980573579374,0.0164931317464325,0.0172404486208522,0.0022082847346569,0.012958411759566,0.0250070973937796,0.0130412046232777,0.0034903330904931,0.0,0.0007865772468769,0.0102278486278608,0.0,0.0034903330904931,0.0028568613693496
76561198763852134,0.0393917137105765,0.024792327694584,0.0,0.0789657570191537,0.0201611518964159,0.013531319593002,0.0400586246937099,0.0338766574382783,0.0584480828468516,0.0254125290695921,0.024792327694584,0.0026687344290528,0.0,0.0584480828468516,0.0225662072263468,0.0226575499984429,0.0066298323034138,0.0,0.0699308693858089,0.019897472797294,0.0672126928464066,0.0020485330540447,0.0141515209680101,0.019897472797294,0.0,0.0,0.0383236472875861,0.0201611518964159,0.024792327694584,0.0006202013750081,0.0020485330540447,0.0563995497928069,0.013531319593002,0.0,0.024792327694584,0.0,0.0,0.0,0.0006202013750081,0.0,0.0563995497928069,0.0832404105414357,0.0,0.0,0.0,0.013531319593002,0.0,0.0,0.0,0.0
76561198772090380,0.0374459473209,0.0494092853287424,0.0451441307980763,0.0176415135375053,0.0415883274840376,0.0379018881263788,0.0307483577070403,0.0452674519122106,0.0185451830702939,0.0385179527363658,0.0249271963901024,0.0175422161745746,0.0403276760435751,0.0077670434303698,0.0137451867283727,0.0344949902592862,0.0256063345681542,0.0150571775926942,0.0280880136587509,0.0434282503870562,0.0077988443406984,0.0011238336398013,0.002705969912507,0.0393227118354918,0.029545269333317,0.020077876808808,0.0011665787922542,0.0142033130032086,0.0080901970150941,0.0116921523361699,0.0058114213799936,0.0131075355389398,0.0030273316606432,0.0401468348630154,0.0241973170791241,0.0060019801532277,0.0305241525885639,0.0301396059026774,0.0072914691503347,0.0181478244816149,0.0,0.0,0.0089251340117738,0.0211057380470455,0.0021064172765093,0.0082605919165068,0.0223625067374318,0.0,0.0031099456576197,0.0068133232831386
76561198778416827,0.069594708980901,0.0558635365824187,0.0480489605572844,0.0338600098055558,0.022425269975465,0.0309559111582559,0.0233591670908357,0.0363865913760131,0.0169471518218434,0.0432771350571017,0.0238245662720416,0.0115186144207483,0.0179397600578184,0.0093351442589945,0.0516166755707835,0.0468220142095157,0.0088276645640113,0.0337823573179904,0.022623597783487,0.0208715085441255,0.0151538740594709,0.0377932755996494,0.0046023121291559,0.0,0.023839166594351,0.0098818045989932,0.0150808731306706,0.0120008132898804,0.0043734178467689,0.0091035489418223,0.0278236732053295,0.0,0.0298075239996376,0.0227960199249386,0.012203421966092,0.0040995965093844,0.0336033394769437,0.026137316577589,0.0120852871316729,0.0109043294404144,0.0044167629708739,0.0,0.0108769748685604,0.0055381315421548,0.0194859742487508,0.0039984611940405,0.0109756238055072,0.0,0.0055381315421548,0.0
76561198792381604,0.0594563791013875,0.0047002728451727,0.057863788318707,0.0360529514277795,0.0530488554791261,0.0174380925602179,0.0469877111599275,0.0459546304538891,0.0,0.018689937001292,0.0,0.0218253849916546,0.0068687665680823,0.0021673250212033,0.0323935477227281,0.0050429080523544,0.0185043708742269,0.0396086211499607,0.0027686538408296,0.0543070542820923,0.0187969004341395,0.0085606447426536,0.0105384171442545,0.0279972180768649,0.0181862621647352,0.0236801080150996,0.0590445927531703,0.0502672175995751,0.0233748814091749,0.0139758531256911,0.0049262578218611,0.0,0.0266224480729318,0.0264420643669375,0.0675686111104052,0.0,0.0,0.0167655737131521,0.0036343869207925,0.0273736429203983,0.0,0.0,0.0076949116626907,0.0,0.0165867709015923,0.0043698095876853,0.0100752162988119,0.0,0.0058858740063992,0.0039530863003499
76561198796975770,0.0315163282806994,0.090621320177826,0.0049784849442492,0.1000648128811694,0.0,0.0091773285981127,0.0209905231806642,0.0596040127767731,0.0575359839875778,0.0274424720287615,0.037693972300565,0.0076605304970571,0.0138513193280063,0.0668308255199137,0.013185626597653,0.0523959514600697,0.0122609308132917,0.0,0.0077818422762163,0.0,0.0637704998092821,0.0236109778450925,0.0217506140459344,0.0,0.0224020543589882,0.0,0.0093015468728129,0.0,0.005014264535374,0.0060822381706912,0.0144642584642263,0.0312536523140637,0.0040558628484634,0.0,0.0180025631547104,0.0,0.0,0.0383249396981078,0.011791092551129,0.0,0.0168048970579715,0.0328384081962848,0.0052734708741819,0.0049784849442492,0.0040558628484634,0.0115674440202605,0.0127164767822536,0.0,0.0283481249588514,0.0
76561198797617660,0.0395133565470086,0.0683151462519534,0.0141399265975306,0.0782486013527298,0.0051096172388871,0.0178028108697328,0.0462818274680151,0.0374877193974506,0.062483871779126,0.016735406662093,0.0359136838708917,0.0391980561326088,0.0153714784296196,0.0498345164835158,0.0207833313850194,0.0419502913323222,0.0197269452044491,0.0,0.005006268062795,0.004105003673171,0.0437095086620893,0.027167684974935,0.0650207940811758,0.0,0.0105955367302779,0.0,0.021165649805822,0.0051096172388871,0.0344998277475961,0.0126493552956102,0.0183998195497332,0.024463465769575,0.0094543299071382,0.0048839451826129,0.0067207730232967,0.004105003673171,0.0057254129434339,0.0100609591265208,0.0084291958685051,0.0,0.0099851050885958,0.0229153790047991,0.0155385626345248,0.0061998979362114,0.004839869741218,0.0,0.0041525493391375,0.0,0.0061998979362114,0.0
76561198798566786,0.0542238294926444,0.0534163150190009,0.0165641891734257,0.0580340330863962,0.0169441638104708,0.0132479314098431,0.0292900831086587,0.0736678181283845,0.0385937891657016,0.0365154366826664,0.026530792118368,0.009057576943972,0.0257398722966523,0.0430926813446487,0.0136389451156281,0.0471585126071417,0.0292226180951162,0.0,0.010350548108673,0.0087250672785725,0.025031042685689,0.0223096702410724,0.0139195159429576,0.005183369126899,0.0410406087883269,0.0092418245257811,0.0071771574104653,0.0109255467686153,0.0082887492160043,0.0146068387377973,0.017649904341267,0.0312736248302682,0.0039893507693476,0.0,0.0042028286402897,0.0,0.0,0.0517527216912076,0.0120118053169071,0.0044941085297373,0.0300570840785873,0.0218892704201796,0.0044941085297373,0.0177282370277432,0.0044662252193814,0.0,0.0173676025434388,0.0,0.0133429034806592,0.0035416981516734
76561198802237869,0.0412169176527897,0.0541256363372153,0.0100390863801836,0.0812121309593415,0.0191563904375479,0.019265320301829,0.0414764780168273,0.0564011949243802,0.0417297299493708,0.0331809290158108,0.0202568866172952,0.0354379705847201,0.0057111650740225,0.0497698686630369,0.0288981132243452,0.0625506646022407,0.014724880776526,0.0115724391765699,0.0175315707234144,0.0069676960050327,0.0330812391938113,0.009042387478887,0.010471392452443,0.0069676960050327,0.0404588493384777,0.013949506846757,0.0025183685389017,0.0189430442258236,0.0027793570904988,0.0105154671339165,0.0042715757650757,0.0189020744598889,0.0160874178277076,0.0025643794551,0.0040743290908296,0.0,0.0175835465497049,0.0281458282127071,0.0185730128639044,0.0060040078317535,0.0110486738769191,0.0258550991992836,0.0027878028887912,0.0,0.0063696277066853,0.0155585370909541,0.0121916057634692,0.0,0.0072507465996757,0.0027793570904988
76561198804601630,0.0524631932505068,0.0847261732701585,0.02033868539739,0.071769756329405,0.0191689452903349,0.0451107762666474,0.072906613628107,0.0836209285498575,0.0319219473007767,0.0313138875124462,0.0530769180238093,0.0108950168175845,0.0178547809256358,0.0315931534178478,0.0148659527605407,0.024558208518748,0.0187175161762171,0.0117114372339834,0.0231167395978124,0.0183130375638053,0.0191797388020017,0.0054287480490847,0.0192556122283113,0.0062611134771912,0.017689560103722,0.0038553218940118,0.0223855628150748,0.0101794682445095,0.0051168223925099,0.0174858196227539,0.0054287480490847,0.0040099199263658,0.0,0.0040201942683107,0.0040420035567511,0.0,0.0040201942683107,0.0243715268560087,0.0323840039292184,0.0,0.0,0.0108950168175845,0.0057781944250746,0.008583131611994,0.0,0.0079636454277543,0.0129448919781507,0.0,0.010677093424605,0.0
76561198804680697,0.0391109395219988,0.0647114903714686,0.0147728174428832,0.0520590644780046,0.0331302755096114,0.0294092081782268,0.0570040067857054,0.0586108012221989,0.0590779262391412,0.0231085928396774,0.0178270104853577,0.0,0.0043999778546736,0.0537854192631754,0.0047083160797149,0.0364986031527737,0.0,0.0083775042866854,0.0215323810365499,0.0143096630908846,0.0331077641633303,0.0140885764305816,0.0085838628195827,0.0,0.0336284866335453,0.0178910360055213,0.0096154747996352,0.0089181977507714,0.0043023968888265,0.0288565053241093,0.0145962148778558,0.0336781250473576,0.0094387146590203,0.0091541232503129,0.0046941882912493,0.0043999778546736,0.0042177081340651,0.0390758061660831,0.018760635554736,0.0,0.0281348490329916,0.0267780370794548,0.0090006523440044,0.0,0.0,0.0,0.00874126762406,0.0,0.0336010045406719,0.0043023968888265
76561198807749950,0.0404158444107941,0.075761861622699,0.0051673081663145,0.0814837132231605,0.0149641018303462,0.0201803244352537,0.0159499738743425,0.0708083337979125,0.0564586515653345,0.0303651652363051,0.0152715237338606,0.014845490509674,0.0101579951202316,0.0563397050586396,0.0252213554964364,0.0353215444064681,0.0051673081663145,0.0051673081663145,0.0102340858250615,0.0049961850410539,0.0404011406996855,0.0249442809637819,0.0101169589910096,0.0,0.0354742195719415,0.0149624003125362,0.0150885203156063,0.0050189072534361,0.0101046044850064,0.0159499738743425,0.0149198426132019,0.0207733968651068,0.0099201999507676,0.0,0.0100458348859913,0.0051673081663145,0.0049996426624343,0.0356880288014185,0.0155422784495312,0.0049996426624343,0.0252756615326603,0.0510663597064652,0.0052455441009201,0.0049996426624343,0.0,0.0,0.0101437944201282,0.0100168312278853,0.0048572051384405,0.0
76561198812864080,0.0735129927095465,0.0762722006774016,0.0401288081195609,0.044315990057749,0.0161509053775737,0.0596615056237574,0.0276936102268375,0.0372533368784487,0.0473393557093862,0.0291008719216369,0.0496239728514119,0.0094956730657146,0.0182370552338588,0.0394628112735055,0.0248118223984721,0.0310458547733268,0.0320741908703664,0.0,0.0336153463395589,0.0151801791871057,0.0187269349250862,0.0249189609396975,0.0392093086514422,0.0206758003385169,0.0133357175106771,0.0037813307801415,0.0095666546786963,0.0087772165409368,0.0055035698092095,0.0055269080616994,0.0208267632543335,0.0166452849869653,0.0,0.0037813307801415,0.0,0.0053087629673041,0.0,0.0123422030280757,0.0038202488926423,0.0078827478170714,0.0037492672796606,0.0055035698092095,0.0125191505838717,0.0330069973041821,0.0,0.0,0.0055684374818191,0.0,0.0140463502833989,0.0
76561198816134762,0.0369401026807618,0.0373516818167541,0.0250831813870468,0.0767421663181012,0.0049200966823476,0.0390366996548764,0.0278416901086697,0.0410556273168825,0.0585367969745442,0.0156978359012097,0.0301845980628725,0.0414128408086631,0.00737656494594,0.0626914873207212,0.0238701502346867,0.0121422365895493,0.0296185639651591,0.0116810291648446,0.0232091116273843,0.0178819443526907,0.0493637342791202,0.0071136818048917,0.0199146736244336,0.0060099202430834,0.0151750878602853,0.00162517226007,0.0179734094702782,0.0032949244222775,0.0167986480097183,0.0099340187151167,0.0037477662855929,0.0482898164785251,0.0182654795096297,0.0138055025263515,0.0167986480097183,0.0076881396809198,0.0269690285364998,0.0049512964971372,0.0045610801694537,0.0,0.0212519444652287,0.0184293980700256,0.0133373467802745,0.0033659155192987,0.0075943190570935,0.0,0.0,0.00162517226007,0.0086176781880505,0.010223791363148
76561198816301919,0.0600606120147738,0.024892540677078,0.0391698229796904,0.0418057500847753,0.0422321619995591,0.0572132361721915,0.0553572819332119,0.0263285562860029,0.022413203573957,0.0232133258143795,0.0356288268989883,0.0278531070414215,0.0066263200715884,0.017618042302876,0.0424363578468028,0.0110259460801467,0.0182115199442126,0.0098081077702331,0.0258622090805547,0.0485819481836387,0.0179762014365346,0.0126818383231068,0.035999464147928,0.0102387070541208,0.0093818535573662,0.0093319645614659,0.029793676893453,0.0329604732414143,0.0,0.0154823274346241,0.0107957243387617,0.0064932631770011,0.0312283762514666,0.0123064366367897,0.01810840119091,0.0040521265269092,0.0048586981119079,0.0093818535573662,0.0125630040007988,0.0150473146753617,0.0,0.0040521265269092,0.0187927067003689,0.0047778309888431,0.0132891481391381,0.0124974991571789,0.0,0.0067114085022833,0.0048586981119079,0.0
76561198818769123,0.0503760952312124,0.0514545911111099,0.017798978257653,0.0563947557592357,0.0415253828199514,0.0306318524224693,0.0250587083520911,0.0462312103364917,0.0474749049173448,0.025339618613782,0.0226165248509828,0.030411810252329,0.0112128057297109,0.0340566602627421,0.0302274354896557,0.0583395611248649,0.0380455412223146,0.0,0.0168461282662742,0.0,0.009593075654932,0.0149397151721403,0.0218082708727742,0.0490972939635403,0.0282022667792079,0.0201399882632678,0.0,0.0044437436121923,0.0,0.0231107464543445,0.0132917534097696,0.020249698897717,0.0055786563315757,0.0,0.0,0.0,0.0073614852603802,0.0258075836563523,0.0117286476953666,0.0035340695618734,0.0038986919813918,0.0153937171599865,0.011287273335514,0.0142649086957795,0.0171055046843693,0.007874787541371,0.0109379223201902,0.0,0.0263076336757462,0.0
76561198822653847,0.0602973166964264,0.0848828473588896,0.0566389733128711,0.0608822180921899,0.0060738721843201,0.0297971448062376,0.0,0.018088770620612,0.055436519286524,0.0222382626165457,0.04100225197573,0.0261817971178485,0.0498088589735871,0.055436519286524,0.0,0.0249318964288094,0.0252586897647237,0.0,0.0318567056007836,0.0,0.0369050701385738,0.0191755728003846,0.0472492210031433,0.0060738721843201,0.0,0.0,0.0077965572346338,0.0,0.0,0.0,0.027338273437406,0.0359813412256581,0.0,0.0054689516841724,0.0,0.0054689516841724,0.0052805282038112,0.0128261720136341,0.0,0.0173936947576437,0.0303137056712111,0.0116962072603519,0.0118521818208791,0.030139798613478,0.0060738721843201,0.0,0.0,0.0,0.0271731000420201,0.0069802839175621
76561198827623243,0.0495879951023619,0.0610193325461541,0.0248066945450954,0.0449548316161612,0.0334345487996545,0.0186939256492316,0.0070416254348935,0.0584659282996269,0.029752741762789,0.0402395114435143,0.0144063699784078,0.0080641179340657,0.0135909561889919,0.0248063936614362,0.0285137278954509,0.0576214977077694,0.0428469394242953,0.0027142884294708,0.0274031566264218,0.0120920916733288,0.0084170847766474,0.0230584487319225,0.014871091691536,0.0145627510545275,0.0478994005465448,0.0231405364369423,0.0028058021761492,0.0,0.0235136394277839,0.0,0.032248909453409,0.0086087461049624,0.0246312699448098,0.0027142884294708,0.0047592451331387,0.0024706593811987,0.0097559138643644,0.0243414783146528,0.009703650925327,0.0057863611676427,0.0054875423338891,0.0321601142826235,0.0098035059213888,0.0,0.0113313337150237,0.0,0.0297015780682288,0.0032511470224236,0.0171823237927944,0.0077365025834748
76561198829174449,0.0553398430599014,0.0461638903216828,0.0479134439708748,0.029773196686871,0.069423148861975,0.0554566130067569,0.0321928093301707,0.0406720581671039,0.003040497319592,0.0387614512097062,0.0155932201793435,0.0072705229208811,0.027371446174823,0.0068812406588977,0.019247998818704,0.0263797901634303,0.0121746633154624,0.0301864123378507,0.0307871327666871,0.0243467139044743,0.0,0.0038456030899728,0.0194672955968041,0.005061404643995,0.0268038122016516,0.0407031503140989,0.0174061608200976,0.0118981488760775,0.0221288842385697,0.0182269132748796,0.0105831365392248,0.0064988323013576,0.0072705229208811,0.0073310533363524,0.0167755500372922,0.0125509649432371,0.0,0.0298129246733586,0.0059555528100351,0.0344516571505565,0.0064988323013576,0.0211303228898663,0.0055475749337653,0.0070397476217874,0.0037166970737631,0.0057456978928998,0.0045565882136504,0.0176731213126602,0.0,0.0123437568166171
76561198831192918,0.0834418142214771,0.0816189451889677,0.0676413492110646,0.0587027135392389,0.0,0.0530860524878518,0.0113509748550065,0.0228063479776698,0.0417501494889717,0.0433507153948652,0.0536670719993947,0.0,0.0,0.0430602350020456,0.0322037467896708,0.0346719844417327,0.0467950056028375,0.0041194453351059,0.0127547963143139,0.0,0.0369836112436701,0.048950312354696,0.0046813088522984,0.0,0.0,0.0,0.0068185582726345,0.0,0.0068185582726345,0.0,0.0268287932638816,0.0085583528731866,0.0088798911402563,0.0094684603744595,0.0068185582726345,0.0082831039537284,0.0330048925710347,0.0,0.0041194453351059,0.0159848514148481,0.0085583528731866,0.0194963564809271,0.0092407816564361,0.0259155860263446,0.0039833995769472,0.0102919922508519,0.0,0.0,0.0052934850900212,0.0
76561198833276319,0.0447693841214174,0.0554448101759766,0.0097652082984245,0.0914054395878187,0.0,0.0213501694773173,0.0469528241629788,0.0577576676907415,0.0592781829201668,0.0183195323727022,0.0342870313534105,0.0204226260416016,0.009170496121283,0.0453189286095868,0.0220720722609813,0.0129240734041726,0.0178527709417954,0.0043619908662133,0.0246605348715839,0.0097485676019999,0.0538065198353204,0.0224864304066226,0.0189366631818664,0.0040351203416162,0.0087999176937805,0.0,0.0182974600623883,0.0050827221403278,0.0045312505771954,0.0132931214365255,0.0177503910753507,0.0372653995970782,0.013692439511575,0.0,0.0184671897844652,0.0,0.0082046151170405,0.0041340722321084,0.0278090161631149,0.0098278255767041,0.0299429229912228,0.0228955537337691,0.0047360393312718,0.0050291689671526,0.0095054662777274,0.009789192383357,0.004973069422148,0.0,0.020846121280097,0.0
76561198833867588,0.0639570008168302,0.0683441834256267,0.0641769443884731,0.0556684195807018,0.0,0.0518867399472079,0.0169938211859189,0.0190788773067755,0.0533329828370591,0.0302407345978616,0.060014648263851,0.015940984173397,0.0168231050461492,0.0456104334599275,0.0301223182373267,0.0283671029189742,0.025622408213324,0.0046658988279193,0.0136797204212132,0.0049990662044503,0.0313397746461473,0.0425911219116958,0.0133516049932173,0.0127192133335742,0.0,0.0,0.0096649650323696,0.0,0.0,0.0090285937222922,0.0321555386193206,0.0252436518251188,0.0047945999187125,0.0,0.0,0.0037339534552031,0.0335731646575582,0.0048224065036718,0.0052633862020618,0.0046658988279193,0.0189808168795628,0.0097886141746277,0.0147336913892556,0.0175583918051559,0.0151390305135168,0.0,0.0,0.0,0.0213261917360297,0.0
76561198833987527,0.0863374769049703,0.0752529104391243,0.0468799959806486,0.0137823787461498,0.0344639119300022,0.0500973093611238,0.0141643583824311,0.0185651163482653,0.018499070111807,0.047064508945302,0.0459780656408679,0.0169017561213486,0.0376737265251079,0.0060138387594948,0.018499070111807,0.0192256812745174,0.019556359776452,0.0078285837235742,0.040516634231857,0.0373222070949095,0.007768539986655,0.0216211171753025,0.0333253792701784,0.0,0.0185651163482653,0.0143842241117129,0.0170902400057632,0.0075883402613463,0.004708360777764,0.0038596717793466,0.0236882883542874,0.0,0.0043483472549295,0.0276434424593387,0.0076437741895077,0.0097371804506813,0.035098641003005,0.0185651163482653,0.0059563393481549,0.0,0.0096275272430869,0.0049191664653229,0.0,0.0333253792701784,0.0,0.007768539986655,0.0138084194796392,0.0,0.004708360777764,0.0096275272430869
76561198837284017,0.071289570830477,0.0502818447407017,0.0420207136005357,0.0753394606638886,0.0263209388929082,0.0429296461938558,0.0333208001191836,0.0122069929491647,0.0340325097501787,0.0263015885260309,0.0404961799335989,0.0186023650102344,0.0177548769212319,0.0394822322903842,0.0350567888583068,0.0288458952766786,0.0119973178474164,0.0,0.0190602955035621,0.0085273630129522,0.0289014378229438,0.0466258662859174,0.0147415471657761,0.0057124760808398,0.0,0.0,0.0,0.0142398390937921,0.0,0.0158354150636604,0.0292363165131311,0.0279745219518938,0.0225111198402311,0.0,0.0085273630129522,0.0,0.0187909696174832,0.0,0.0,0.006802008891652,0.0094390645927254,0.0094390645927254,0.0221369937966586,0.0239319222210314,0.0121786082899622,0.0190900106356798,0.0,0.0,0.0300180736096518,0.0
76561198837631318,0.0341318464684407,0.046101231077105,0.0290902394493978,0.0611759534338782,0.0263930950312804,0.0464799175659066,0.0234215454703288,0.0346542225777873,0.0598238372661348,0.0255182744925747,0.0222964301542223,0.0075356237136187,0.0174881607450565,0.0475052926883015,0.0375014014465277,0.0567458682607023,0.0282347999735257,0.0,0.0622015849022663,0.0286740126836187,0.0170103866114145,0.0214809840059734,0.0210209960560372,0.0326174955295072,0.0280235390940729,0.0,0.0,0.0056845733267168,0.0,0.0086549526379078,0.0163221761880154,0.020225121192995,0.0185277554116025,0.0137340435375518,0.0,0.0,0.0,0.0195531359382134,0.0,0.0,0.0124390356717111,0.0049034119580923,0.0056845733267168,0.0135626332464614,0.0076823587365409,0.0094852445332882,0.0197855359656053,0.0,0.0086287096309002,0.0
76561198838206590,0.0409983107876462,0.0460543432748691,0.0184985244493833,0.0571233712388374,0.0413255134394598,0.0254423923578753,0.0706824686592867,0.0415843630273289,0.0464244286615187,0.0220313857879977,0.0228697815200365,0.0077079997124848,0.0047081994051673,0.0429558983026004,0.0221878192073867,0.0351412506110216,0.0110556449968186,0.0107577786494222,0.0300826461927596,0.0095802399310648,0.0290703297777031,0.0123526930909175,0.0173473634096659,0.0,0.0256445496470875,0.0230825180861863,0.0041059369742595,0.0187535909471584,0.0154969437221047,0.023803137352266,0.0080429495490133,0.0111644881160597,0.0154983220795699,0.0,0.0126323416094161,0.0,0.0040422612021585,0.030055219313448,0.0144896453187252,0.018192601382768,0.0111644881160597,0.0246824875669053,0.015006929213805,0.0036189635543806,0.00328366475286,0.0136978027409519,0.0069932151966936,0.0103459181212693,0.0080905121457971,0.0121287667998021
76561198838823687,0.0399601301267505,0.0357699773495719,0.0158253319403098,0.0442239907979216,0.0343472381860744,0.0286390417225452,0.0657720737348074,0.0540977455319728,0.0268229644645376,0.0332109872462191,0.0161756867120445,0.0221253315114282,0.0169346422333288,0.0355504727239594,0.0096380021162832,0.0185208850102105,0.0298061514920534,0.0197002710760646,0.0293756511534415,0.0251712863147007,0.0341752481536312,0.0,0.0106724816703897,0.0196309584542727,0.046025497604881,0.0087378787471693,0.0227880829484076,0.0381283832308053,0.0315742274022312,0.0175709275800033,0.0,0.0129967923116166,0.0074071803145767,0.0166478698371884,0.0182995563147484,0.0,0.0162138353639368,0.0093466532414812,0.0132474917582258,0.0,0.0075232918601435,0.008254370530793,0.0071840464251131,0.0,0.0,0.0071491185270032,0.0183126417360106,0.0,0.008903383555957,0.0175422209871869
76561198842146094,0.0467866226412059,0.0667544308211881,0.0209030374845861,0.0523472579770236,0.0122533821874996,0.0340588421602036,0.0410443682398347,0.0530723282040343,0.037312667579095,0.0276012799759966,0.0240838828862611,0.020565443045762,0.0218416468574083,0.0301279694559527,0.0195320972669306,0.0287192532090517,0.0098203484493316,0.0114991259806799,0.0175427423573555,0.014430837632818,0.0450957763181853,0.0124550316904813,0.0322322947282873,0.0050900297588933,0.0434786966280694,0.0033530199046695,0.0289936198729538,0.0030223528405318,0.0099948686383191,0.0058628193676785,0.0277812041269773,0.0170829239498118,0.0058144147776529,0.0104748940948031,0.0193356765122438,0.0,0.0059669736771391,0.0211206672752937,0.0081224485577822,0.0143623432550345,0.0177374695952834,0.0059181524100107,0.0116061514838991,0.0125008389834836,0.0110576983181394,0.0066219393692728,0.0171795667614615,0.0033530199046695,0.0040875427867509,0.0
76561198843353774,0.0573518542912314,0.0558714697223479,0.0298602391800315,0.0652224083046702,0.0278892100651225,0.0409176078292987,0.0249212005731531,0.0250379625316304,0.0460536540090229,0.0274123054141953,0.020747764044177,0.010140432752372,0.0179640962305968,0.0462132582001068,0.0249870841591387,0.0339588399386326,0.0281344640584245,0.0044236094562085,0.0250754904243395,0.0132901496902891,0.0249616623519848,0.0204034198630838,0.0218599284930571,0.0038932893961361,0.01642840875867,0.01642840875867,0.0067920664461728,0.004019719575198,0.010281894395592,0.0044236094562085,0.0170392682907674,0.0408965277734949,0.0133951911862429,0.0128703336191564,0.0174338949102574,0.0210505841924191,0.0044236094562085,0.0206924140237947,0.0091398738330328,0.0052137510505715,0.0139055906406872,0.0305581498863101,0.0,0.0055290548007606,0.0128837818493287,0.0047162643768243,0.0,0.0,0.0152862017403789,0.0
76561198843437563,0.0583305110498186,0.0734745566065831,0.0734745566065831,0.087517534559892,0.0,0.0583305110498186,0.0313536748512458,0.0,0.0337795506406575,0.0021666513411723,0.0734745566065831,0.0154032700050038,0.0715671297136501,0.0316128992994852,0.0,0.0021666513411723,0.0,0.0021666513411723,0.0,0.0,0.0,0.0002592244482394,0.0564230841568856,0.0151440455567644,0.0,0.0,0.0,0.0,0.0,0.0316128992994852,0.0002592244482394,0.0313536748512458,0.0,0.0583305110498186,0.0,0.0561638597086462,0.0173106968979368,0.0313536748512458,0.0,0.0,0.0,0.0561638597086462,0.0,0.0154032700050038,0.0,0.0,0.0,0.0,0.0154032700050038,0.0
76561198843790470,0.0477497185499301,0.0448237581824957,0.0,0.0676984111875089,0.0327756409298628,0.027923722544236,0.0332772781603803,0.0373214012551803,0.0640671661294309,0.0201336147095725,0.0125777032444333,0.0243209035072317,0.0131436688365828,0.0584603708809327,0.025474723626677,0.0430658607232928,0.0114037380126747,0.0045142341590744,0.0434543620399778,0.0106332825609882,0.0512077271089934,0.0106901679058089,0.0147719646419395,0.0,0.0319301001608311,0.021323687024314,0.0131436688365828,0.0,0.0043780420301928,0.0058402868415818,0.0185764540351266,0.0459831187459464,0.0045142341590744,0.0054601829805579,0.0,0.0,0.0045142341590744,0.0314811144135985,0.0058402868415818,0.0050264873124901,0.0348569399055074,0.0217442727635804,0.0054601829805579,0.0078824607883392,0.0059663617583072,0.004695242456094,0.006263804899227,0.004695242456094,0.0109341755541335,0.0
76561198844902387,0.0554208087288207,0.0813465053515909,0.03220042258423,0.0569779934010592,0.0,0.0179543107361654,0.0173042639341864,0.0385478002651063,0.0655021931225405,0.0349444052984448,0.0579747045695196,0.0206863958462041,0.0274358825744681,0.049826633031498,0.0145776522570901,0.0350295967632762,0.0284613479459377,0.0,0.0292777060474718,0.0,0.0234261298545637,0.0,0.0424858426455646,0.007000388904026,0.0206485867643378,0.0,0.0032611637649129,0.0035227932254236,0.0032611637649129,0.0032611637649129,0.0205790996561501,0.0211418454253223,0.0032611637649129,0.0100108933113199,0.0,0.0089129854773675,0.0147860321718642,0.028317053598862,0.0,0.0046636749178436,0.0144592684986269,0.0126671672207706,0.0167869946347757,0.0204441340691524,0.0,0.0100967248756471,0.0206485867643378,0.0,0.022888520466781,0.0
76561198845485546,0.0640629789991376,0.0615670763647711,0.0104860891037223,0.0230906085352611,0.0285773027292435,0.0384542742320148,0.0050732280183596,0.050609156160853,0.0189937444365112,0.032959120866869,0.0312953395130887,0.0184279646962672,0.0350457829384829,0.0179584355776487,0.0086108860456849,0.0519434403976527,0.0497858295187955,0.0,0.0250070153010365,0.0065950773722355,0.0200180580252141,0.0089582557840327,0.0453097607064705,0.0,0.0288405991603035,0.0171378754187112,0.0,0.0049968965279815,0.0170997836692671,0.0,0.0088559344661946,0.0276732579952156,0.0043566036817614,0.0,0.0,0.010219818431838,0.0086108860456849,0.0417574490643845,0.0,0.0141973684565055,0.02871748747928,0.0312259972019196,0.0100621586480972,0.0304930910977223,0.0125880028057834,0.0046585401823405,0.0157621055136038,0.0,0.0245801943806306,0.0053365244494196
76561198845632839,0.0384920346331176,0.0814960419748197,0.0423816187310487,0.0288002663557284,0.0263087337757433,0.0417303334363278,0.0485855000922828,0.045209262139379,0.011571399451427,0.0329934409676366,0.045029471957134,0.0203858149097118,0.0304398101452909,0.0156463809014278,0.024172455669835,0.0284968965692001,0.0,0.0141254163930019,0.0356818061507086,0.0266231904153221,0.0096484214459081,0.020526842414914,0.0308718195412466,0.025867848145278,0.0067424152059809,0.0,0.0222089572238581,0.0133130062601197,0.0073933307943613,0.0246914488718638,0.0279928743429458,0.0056195494246996,0.0,0.0060840640343955,0.0,0.0,0.0262510257616557,0.020005968215409,0.0090720245790983,0.0096067064197607,0.0096484214459081,0.0121976657835848,0.0,0.0482515507120056,0.0051907595159705,0.0035080642920147,0.0067424152059809,0.0,0.0103949456938952,0.0
76561198845689870,0.0635050543944968,0.0429530780541783,0.0247471779480635,0.0222702404277039,0.0613015064272077,0.0241433395568894,0.0151698146540476,0.0354552446550628,0.016150397210804,0.0375404363547588,0.0189550828771471,0.0177559600052388,0.0420229758795898,0.01046405105437,0.024085304407326,0.0449896939065598,0.032785371447808,0.0037186384587098,0.0151074294097487,0.0171456785307856,0.0112684907292934,0.01046405105437,0.0273398483066111,0.0053368791413051,0.0285233116628648,0.0399542631564024,0.0037186384587098,0.0075882028198692,0.0298259153614491,0.0122721059057458,0.0,0.0131942885315152,0.0039002837049213,0.0,0.0041858607775609,0.0130563273891918,0.0033333658123186,0.0186945493004764,0.0256644756897979,0.0185016803711665,0.0,0.029921387896594,0.0,0.0128303301887865,0.0097989402755303,0.0124093245031867,0.0204012111883991,0.0169433090708916,0.0227985864135282,0.0278078966290158
76561198846183374,0.0406847726253708,0.0506650505831452,0.037824603422986,0.0425175666256183,0.0384756337579245,0.0259692312284493,0.0623202912869551,0.0516202924479494,0.0161863734701023,0.0134008479018579,0.0184773084093269,0.0102178021747689,0.0,0.0218051256894491,0.0320927200633843,0.0313001868492613,0.0061799433030353,0.0139096696766546,0.0387537863505734,0.0292382536810716,0.0490403203878453,0.020490936003521,0.0196619419899658,0.006573994084151,0.0171073193356056,0.0209040820843615,0.0209334027125642,0.0199028971030308,0.0157346445125076,0.0292390252999064,0.0088262772090277,0.0100413943082972,0.0143340938681847,0.0147159589097966,0.0199662596794162,0.0,0.005653019975989,0.026162875740132,0.0134579388056289,0.0242091912532194,0.0038614510052619,0.0,0.016145740500558,0.0,0.0,0.0059258384552779,0.0,0.0077621893265036,0.0194271564421729,0.0082825914591885
76561198847297910,0.0413155340192274,0.0571973776489301,0.0195675728941144,0.0478211302879792,0.0424853949111767,0.0250096079075473,0.0410918011705393,0.055597076964996,0.0075916722081549,0.0477632123068675,0.0101304191116286,0.0198070067361635,0.0275516313409101,0.0103740622684323,0.02394214546922,0.0363291821060909,0.0227956626762115,0.0032599427206278,0.017991973311406,0.038123444220318,0.014443238985947,0.0,0.0216951044287951,0.0104285367052834,0.0348829122848525,0.0248943705952649,0.0162657257783471,0.0195432552901181,0.0482564946519575,0.0113326197582048,0.0,0.0032599427206278,0.003475914605547,0.0131686294000068,0.0299907013255955,0.0046516900102828,0.0063554694698376,0.0378437471203505,0.0108663662991307,0.0031984351246181,0.0,0.0125548036630042,0.0031984351246181,0.0059351103692642,0.0037386709792701,0.0,0.0331780340366534,0.0,0.0123056304353101,0.0187903105565692
76561198847593484,0.0880369987521131,0.0817374143887224,0.0438602468275941,0.0627004147105476,0.0137463355192372,0.0205755418838703,0.0199237989562824,0.0510094187017069,0.0666794627366966,0.0192684589279002,0.0490982554640492,0.0104749298245344,0.009332353809363,0.0503050400497084,0.0350503119369749,0.0399666467713312,0.0044457813175848,0.0,0.016187069378586,0.0,0.0182935952569728,0.0477433586179167,0.0048652620913872,0.0,0.0118417730565097,0.0,0.0,0.0,0.0066995090073672,0.012118372703084,0.018612215007892,0.0206778381431636,0.0,0.0105880446050275,0.0,0.0044457813175848,0.0094252110775765,0.0176486741035221,0.0064842192319032,0.0057052417420916,0.0272881538782985,0.0282751720104905,0.0129758931253371,0.0198569758630501,0.0102228120969854,0.0,0.0122068222287306,0.0,0.0116265948783045,0.0
76561198847902117,0.0667778980780332,0.0470770185332289,0.0372096803933997,0.0715881808734722,0.0055245490682848,0.0278206928232399,0.0,0.031026081302164,0.0553672019893093,0.04456495738789,0.0381629043872627,0.0132260302185267,0.0,0.0473431722898094,0.0441679255111405,0.0591178843384265,0.0375686008006957,0.0096100469117798,0.0175646793172162,0.0,0.0260825211540044,0.0261388543507168,0.0117825810319808,0.0,0.0095525510041439,0.0,0.0055245490682848,0.0055245490682848,0.0,0.0054100812607626,0.0441383184043425,0.0197653055559399,0.0143928335502583,0.0169960417466251,0.0,0.0,0.0182155760313374,0.0136757722988183,0.0074207982355228,0.0193891535083164,0.0271578187172488,0.0080313767617792,0.0137844830846228,0.0154825574071283,0.0084768658947098,0.0,0.0095525510041439,0.0,0.012085875486905,0.0077014811502418
76561198848316420,0.0619832751944214,0.0322574407838772,0.0296943356384078,0.0703076133739512,0.0141479364462292,0.058735582328278,0.0211721696076622,0.012923586183339,0.0925742847125762,0.0197939955371466,0.0426097615734122,0.0,0.0068704093538076,0.0703076133739512,0.0302883910649347,0.0275633789799441,0.0353198083385773,0.0,0.0208293252375064,0.0,0.0137164513002066,0.0583788497961802,0.0266655715339078,0.0144947166489896,0.0062051048327541,0.0064074193276344,0.0,0.0,0.0,0.0135218610175395,0.0385355168402463,0.0072265476563132,0.0,0.0073176999769348,0.0,0.0089039547804933,0.0077442550083861,0.0,0.0141220198951548,0.0,0.0079169150624006,0.0125275861318746,0.0076012429837142,0.0273140100089617,0.0140667363075066,0.020902135976624,0.0,0.0064074193276344,0.0326450778585192,0.0
76561198851738367,0.0337473489515883,0.0346520919950845,0.0046744835403511,0.0392048502480885,0.056856150881585,0.0138266258468079,0.0362488308026445,0.028555889224238,0.0398656962231737,0.0131101466404075,0.0227205075714878,0.0321102448545485,0.0346649438369842,0.0340942679217371,0.0147341280139237,0.0413488636398504,0.0215554285197984,0.0,0.0274353243309948,0.009729675474573,0.0074021666781824,0.0134416703156958,0.025961064059742,0.0110384037997323,0.0297563452784933,0.0512020468454149,0.0213236210033093,0.0338568670751666,0.0091997850495191,0.0,0.0154114874551261,0.0215537363254769,0.0,0.0,0.0071823251670265,0.0,0.0093428573367587,0.0264242904699905,0.0071823251670265,0.010115942842788,0.0114935091501705,0.0074021666781824,0.0058729358396173,0.0409317956722123,0.009033266504467,0.0374507770936537,0.0105085133746784,0.0165988717527436,0.0211777305469572,0.0
76561198852781577,0.0311229088684115,0.0434871504154607,0.0256240844786673,0.0711754203925301,0.0043649994678986,0.0267331902097929,0.0259089528723779,0.0121546945096739,0.0458985909363517,0.0259839288750304,0.015680629438106,0.0146678096528147,0.0102006962280013,0.0447238682987986,0.035784428668145,0.0386710721432459,0.0125523132754983,0.0,0.0263127096769804,0.0220586888367621,0.0307067077380134,0.0415686207823717,0.0140676121283379,0.0170792825685847,0.0219057147458135,0.0,0.004316739734214,0.0,0.0219057147458135,0.00918668603674,0.0514582379080143,0.0272103297438731,0.0042226794503347,0.0185623540975194,0.0039527655486546,0.0,0.0265166320459487,0.0039527655486546,0.0142929792106864,0.0111097378496209,0.0433902247165297,0.0215366440333978,0.0085783611790719,0.0226381869839496,0.010209097268004,0.0,0.0179434030103224,0.0,0.0093328765744135,0.0112495091065661
76561198853165772,0.0379781342021871,0.0491840038453,0.0259138249125324,0.0282096904642257,0.0127479688986905,0.0540651680246015,0.0132963603132209,0.0419740091435991,0.0197375843598835,0.0321814154186014,0.0351162504051336,0.0090588516120599,0.0304094024929122,0.0188389206759215,0.0052818839588707,0.0317845330880077,0.0212049915824799,0.0,0.0026267473103882,0.0101362316620854,0.0223726907312107,0.0102854133730668,0.0209212264079507,0.0245565493238717,0.0269389810354367,0.0,0.0234325919753064,0.0169901156032741,0.0221550325001505,0.0,0.0297627746681029,0.0494946759144402,0.0096998997557856,0.0,0.0101362316620854,0.0310424479962529,0.0052818839588707,0.0168027493733513,0.0,0.0096998997557856,0.0413750338888491,0.0203450043418961,0.0069175985370274,0.0,0.0052818839588707,0.0132963603132209,0.0374850253183161,0.0132963603132209,0.0246981940611399,0.0279854028618135
76561198853188317,0.0490233004063866,0.0570045214397638,0.0363323654702757,0.059480584316495,0.0175435602971195,0.0135917371839092,0.032981548395333,0.0623175052529405,0.0273146368434728,0.0349483769625269,0.0218929522502868,0.0213305664521984,0.0054624107413419,0.0313471757523675,0.0339563639900513,0.0366436228124693,0.0208006867194939,0.0152797305048983,0.007625061846588,0.0096589640829508,0.0295498937845051,0.0182465158808776,0.0217759463861959,0.0,0.0362500426916567,0.0059116720320124,0.0096589640829508,0.0054624107413419,0.0041965533416088,0.0291523959090037,0.0095419746808054,0.0083989339057263,0.0139304908393011,0.0033797970492554,0.0041965533416088,0.0037014707536096,0.0220421645834054,0.0237465221666299,0.044756043541549,0.0208870568595417,0.0096716783261089,0.0242355140193978,0.0076246576697014,0.0139423056287206,0.011873800689948,0.0041965533416088,0.0112532243473073,0.0,0.0078811916847504,0.0
76561198862661273,0.045593544857605,0.0527794797656467,0.0249154085161086,0.0685661258315582,0.0,0.0152282374932643,0.0246652596813158,0.021343282889621,0.0907428058532165,0.02773526876572,0.0193843366614295,0.018726484900086,0.0259982192751745,0.0601511100916348,0.0285548481771447,0.0356019789285432,0.0489937784323563,0.0,0.0080166722057407,0.0133930231604375,0.0338683669868649,0.0206267569842281,0.042509970714619,0.0133930231604375,0.0079502597291834,0.0,0.0,0.0,0.0,0.0,0.0184456817632019,0.0285343055199251,0.0,0.0,0.0,0.0072115652875236,0.0115418828891839,0.0183644158867414,0.0105822376145259,0.0108148285326649,0.0404426419765362,0.0051746412389917,0.0054137333520613,0.0382883291516982,0.0051746412389917,0.0,0.0141122200685845,0.0,0.0371606324174316,0.0
76561198865591103,0.0555096313465897,0.0364966104694923,0.038496891869963,0.0686961016949827,0.0378055427139074,0.0322309513988748,0.0329033121934146,0.0431497522670732,0.0424172224303553,0.0388226949095882,0.0041544370746985,0.0073751944642221,0.0165693761861151,0.0469666144614047,0.0486365082456143,0.0442648046951569,0.0260529901125153,0.007524753970585,0.0396977511125749,0.013671379782107,0.0167616914451436,0.0316343220293553,0.0,0.0,0.0193053139215886,0.0347807263592441,0.0162633377054273,0.0076348571648434,0.0111610553970759,0.0128430743708249,0.0076716471279896,0.0035633574240429,0.0087805889310781,0.0067703270585077,0.0085832987333964,0.0086302893526367,0.0,0.0265762260557573,0.0123791114307139,0.0123635186398525,0.0035633574240429,0.0117095482309191,0.0,0.0138717612433239,0.0044057872019216,0.0080648873788917,0.012852977243264,0.007988716910696,0.0103976998202257,0.0
76561198867608134,0.0773176041981303,0.0681659106616458,0.0416945788067134,0.0446138771178217,0.020327357041325,0.060281684376894,0.0058560937521325,0.0443008664520466,0.0291146321213672,0.0443268466357702,0.0596624932028815,0.006156414000187,0.0329546137840744,0.0251469572280564,0.0179342201285983,0.0279638545066596,0.0140361291655855,0.0,0.0533661703555154,0.0160448071517452,0.0148036229441398,0.0193688686641081,0.0396061674483784,0.0096451754514942,0.0199000323257036,0.01987953897676,0.006156414000187,0.0,0.0,0.0,0.0246710026012205,0.0102950117355149,0.0044176566014858,0.0061494429055456,0.0059723069846295,0.0061494429055456,0.0039676748933108,0.018782436662771,0.0,0.0,0.0058773551340291,0.0215416123456586,0.0045086112086248,0.0429331270086594,0.0146598370407399,0.0,0.0074818765810306,0.0,0.0039676748933108,0.0
76561198868323862,0.0858488974031291,0.0618942098997189,0.0866592903281147,0.0421668582891982,0.0,0.0716288870072356,0.0295198126444679,0.0056327227776733,0.0494536200626675,0.0373870674247889,0.0566015236650734,0.0145493884531881,0.0120306228841648,0.0421668582891982,0.0373129027607096,0.0182861360584413,0.0606477883573923,0.0055542540356812,0.0120112697060571,0.0064763688484836,0.0076734116328016,0.0429277782861626,0.0072867617734692,0.0,0.0,0.0,0.0181284224049599,0.0064763688484836,0.0,0.0,0.0391111550857593,0.0,0.0123726658731792,0.0072867617734692,0.0,0.0242617107702774,0.030688589290135,0.0,0.0,0.0137536300291087,0.0,0.0,0.0267015120925669,0.0210358849886026,0.0064668682556394,0.0,0.0,0.0,0.0,0.0
76561198869428936,0.0501351729367318,0.071685643367222,0.0240276253728194,0.024184268594823,0.0169296732241241,0.0441462799357413,0.0104096036474178,0.0482266214448516,0.0266313410021319,0.0207693883259516,0.030391681143639,0.0114933682302439,0.039453964998121,0.0175541904866002,0.0184749683088054,0.0401667312077369,0.0045744495807597,0.0,0.0264106996768662,0.0,0.0325095549740653,0.022613679835035,0.0407736645407438,0.0205413504615121,0.0231804425903566,0.0054157822717426,0.0,0.0108708858829906,0.0110040375459347,0.0051033648453276,0.019788853785839,0.0320214738472474,0.0054157822717426,0.0,0.0,0.0045744495807597,0.0066300781082227,0.0351028651025512,0.0,0.0131567394898288,0.0448809740058119,0.0213840417564133,0.0131567394898288,0.0222380063811016,0.0128097775739939,0.0051033648453276,0.0279201853933907,0.0,0.0334657189641828,0.0046725149714609
76561198870279063,0.0377115300584073,0.06650715802174,0.0193596514439105,0.0714662563754676,0.032545246688655,0.0267616696304474,0.060184392659298,0.035991233956418,0.017131023211248,0.0347743475756144,0.019485174629669,0.0261884835977655,0.0122019324147335,0.0244867736527526,0.0202506313940366,0.017597510141797,0.020631370301537,0.0072476394518017,0.0342300295775682,0.0237788881226156,0.0174317313601938,0.0,0.0187499141301285,0.0107347651737126,0.0212049122260364,0.0120547424476276,0.0258448737799418,0.0401673582946716,0.0138258744309911,0.021505319731001,0.0,0.0048873314084013,0.015132421451587,0.0124003011600497,0.0148095063364295,0.0035802848700994,0.0111732408866546,0.0204344810775739,0.0346008532101023,0.0,0.0048873314084013,0.0359282453645059,0.004484416839077,0.0,0.0,0.0214863763313204,0.0169316456153543,0.0,0.0,0.009213129560654
76561198870768812,0.0525268052912085,0.0605879830589516,0.0286788131197562,0.0206676361069581,0.0325971540720062,0.0381882871605349,0.0165029564010055,0.0392093015953241,0.0209408696454267,0.0305149107606696,0.0518093072796042,0.0210213940418154,0.0534476758243162,0.010844906102192,0.0211195541914616,0.0391900737138105,0.0060374501547953,0.0,0.0440780008385117,0.0111333145619445,0.0096174219229482,0.0048074559473966,0.034025079978841,0.0110309212869333,0.023379455356654,0.0325971540720062,0.012431972930481,0.0186590803650275,0.0053696418390609,0.0115979501507969,0.0264306403713324,0.0243250920675289,0.0,0.0050127640292145,0.0,0.0050127640292145,0.0102939629374528,0.0230414978479143,0.0113816828889633,0.0067660899571834,0.0194200858173202,0.0147518761990689,0.0067660899571834,0.036698069679,0.0155431466610944,0.0,0.0060520207829907,0.0,0.020522047165037,0.0053696418390609
76561198870946600,0.0437590033373432,0.0385300948550536,0.024465462742097,0.0157524202885353,0.0843255555207299,0.0535951396297545,0.0350714737060915,0.0457420679507846,0.0207710630577193,0.0259812132413612,0.0219367421470987,0.0085694178443796,0.0289930431823226,0.0080183312444678,0.0109049564747309,0.0370889644396346,0.012181110559127,0.0,0.0403923162991337,0.0301660949989711,0.0,0.0140886247208426,0.021400515068973,0.0,0.0419852945078174,0.0591160453970428,0.0175237802208619,0.0223413359741952,0.0119808155814015,0.007388137138713,0.0083794246412409,0.0077517728269276,0.0,0.0083810541773425,0.0246565542967842,0.0037996241139424,0.0,0.0328693788483651,0.0060048210032089,0.0089479391285819,0.0035473039343264,0.022259610339318,0.0,0.0164860868238454,0.0066900852367575,0.0122095359674582,0.020021239790237,0.0120578981402498,0.0117011006612236,0.0121675499410054
76561198871845380,0.0604281190360117,0.0514499442832782,0.0215353041914335,0.0866472922104303,0.0043791750329653,0.0177242950477197,0.0353800089120217,0.0227475710171331,0.0549880801299394,0.0300073273457505,0.0091474311458035,0.0077808253395279,0.014373962987758,0.0628931564440128,0.0407973042960331,0.0336010252815341,0.0123973967119998,0.0,0.0134106134515731,0.0054344248582771,0.0542339062917752,0.0470106543311301,0.0284014069709992,0.0,0.0183683959841678,0.0,0.0,0.0045478684639853,0.0,0.0117141115614981,0.0315037199028225,0.0310863628248746,0.0087869793103779,0.0047656948648429,0.0,0.0,0.0088330983148754,0.0234825386307527,0.0158729050601962,0.0124966908283589,0.017504961148425,0.0167129456592073,0.0122448825517575,0.0190554849024078,0.0105017844400863,0.0039075843427448,0.0076138841429509,0.0,0.026230881748559,0.0
76561198874472241,0.0416548661703371,0.0449980423531641,0.0152070914129063,0.0751524934821762,0.0234379668171537,0.0038751250890168,0.0419931832703316,0.0530349279836148,0.0487279045330261,0.0278522639010411,0.0140096493614269,0.021763249140232,0.0123735804469777,0.0423471927164875,0.0291379284075346,0.0366179759473808,0.0151822012865977,0.0079429468533142,0.0161245571232155,0.0126239693298847,0.0351516193466374,0.0096556847282017,0.0032553425117365,0.0116285300432715,0.0340471420650486,0.0144517195890533,0.0187370389891846,0.0263677149087369,0.0080603572675098,0.0267199539584494,0.0035607980322383,0.0213031796745514,0.0159307676044677,0.0,0.0055154603839716,0.0038751250890168,0.0030135568958165,0.0354063715850199,0.0365982959962967,0.0,0.0253912599191814,0.0278954384954386,0.0,0.0037430133165611,0.0064325357810863,0.0090545680306593,0.0170878378562613,0.0050916960378921,0.0034683170326182,0.0044995592352714
76561198876451323,0.0528182195328555,0.0694216269852464,0.0410825386714106,0.0289211931904458,0.0254588724847745,0.0671996780781318,0.0584904895938461,0.0433498491460734,0.0160583741008702,0.0220133128847935,0.0510100090137195,0.0142697555009653,0.0368044891755319,0.0092254567477736,0.0136450443871687,0.0171169755511685,0.0236285454561879,0.01679278147459,0.0194143567985817,0.0102538870300682,0.0271748186874462,0.0147327708106155,0.0280467194992222,0.0315953716526064,0.0160075056103759,0.0,0.0313083375733479,0.0093883367037092,0.0220478789891732,0.0237810014685047,0.0043225990459799,0.0127712591516956,0.0099995147309936,0.0346445752284863,0.0188659211841731,0.0103670790320645,0.0044876297013011,0.0084783933685283,0.0,0.0049286137695634,0.0,0.0113864191103568,0.0119796092848097,0.0124404340918761,0.0041056627942923,0.0,0.0056515995299943,0.0,0.0045124931766786,0.0
76561198876615080,0.0604742272716306,0.0695547204457139,0.0361207254741354,0.0484442892350393,0.0551933189441903,0.0504589980709454,0.0541284369571836,0.0364396849432183,0.0174284070084111,0.0400296438451827,0.0133361703296152,0.0,0.0092083562347073,0.022159226409664,0.0215474623202716,0.039162498405044,0.0172434784336188,0.0127384470785936,0.0410755296887418,0.0207290596005693,0.0,0.0157273451480681,0.0225250657181512,0.0078230793534763,0.0186157171788093,0.0224670882386104,0.0234528399193787,0.0183360988530779,0.0,0.0260377812101751,0.0041278140949079,0.0,0.0135821657478178,0.018091354005569,0.0,0.0091847565990974,0.0186259014168238,0.0236674915132727,0.0235965854074941,0.0041514137305177,0.0,0.0090538187676277,0.0041278140949079,0.0078005017035992,0.0076928255846617,0.0092540242761919,0.0044670063163456,0.0037634000578339,0.014561643568588,0.0037937867985186
76561198880142983,0.0411120214176168,0.0815144156301973,0.0073166607747105,0.0644814206339208,0.0,0.0291416122558008,0.0129754880830936,0.0653637146660325,0.0542724924215905,0.0146647212815739,0.0176117874791981,0.0062051906122813,0.0,0.0540570888617524,0.0035294551717656,0.0222830019855465,0.0035294551717656,0.0,0.00873697647324,0.0039545589041711,0.0923130152742721,0.0072033147992317,0.0,0.005860129013233,0.0276267306826725,0.0,0.033809247441154,0.0066700502506922,0.0365672700358452,0.0,0.0069455643680524,0.0471993586913942,0.0048949044938254,0.0035294551717656,0.0184495659561614,0.0,0.0,0.009763596923698,0.0171926753239784,0.0071310701084585,0.0529573698415564,0.0471141935193549,0.0104572558536371,0.0,0.0,0.0082349845463138,0.0144621608944164,0.0,0.0249617386317075,0.0259062863543202
76561198881008111,0.0242683482972428,0.0356497178755279,0.0147838524435124,0.0411405397202987,0.0277106598348052,0.0398853111351251,0.0716690907106432,0.0396708189971452,0.0404424128937131,0.017690717059113,0.0193664072489131,0.0143926629622143,0.0147087507922431,0.0227553695806039,0.0214493775840316,0.0265300719173975,0.0159658536939841,0.0098254394102076,0.0109633146746775,0.0380706204633866,0.0293260240073664,0.0162854891024829,0.0317207762467119,0.0,0.0361070221720527,0.0135845746225163,0.0443632989148279,0.0194067663010471,0.0098826989811915,0.032102053845495,0.0,0.0240467052482579,0.0100801754574026,0.0,0.0312797322809754,0.0101919913519832,0.0057823431454251,0.0320859210504354,0.0232719191765423,0.0089215605260562,0.0112291411140836,0.0112291411140836,0.0147838524435124,0.0,0.0049290697977402,0.0,0.0145064436444347,0.0,0.017943962160588,0.0
76561198885046549,0.0551031777051971,0.0605344950107827,0.0207424432253131,0.0740715399324193,0.0141727335810694,0.0283360073251455,0.0369418723499292,0.0373865638758642,0.0256299699553429,0.0375011525911284,0.0353249557932362,0.0245535773250863,0.0171765206785537,0.0413132337237569,0.0319273525958217,0.0481005414419336,0.0217591682677341,0.0,0.0230534337046371,0.0055341084049107,0.0143377724717474,0.0172687340276841,0.0282320968162633,0.0,0.017272913713911,0.0,0.0170707796531285,0.0153223968351656,0.0097033166572552,0.0201779593343594,0.0246529367588231,0.0113885540783211,0.0280707665497881,0.0055341084049107,0.0,0.0,0.0125134023775041,0.0291887067939003,0.0049881842660078,0.0,0.0,0.0049881842660078,0.017121094012528,0.0182038617807081,0.0181243968750505,0.0049754537542046,0.0211451871575173,0.0,0.02055634592735,0.0
76561198887083618,0.0602206757922352,0.069342829206095,0.0170850628725716,0.0496041639875538,0.0114244623109039,0.0383223367128929,0.0519896756559504,0.0674597360508548,0.0211273948349422,0.0409240493619717,0.0436542508220083,0.0271974334441607,0.011785700805625,0.0297978769705934,0.0061156309608585,0.0095815974455766,0.0106043539006713,0.008780022898492,0.0193379302003895,0.0117183246162261,0.0526312177176478,0.0151025620944689,0.024783481273523,0.0061156309608585,0.0277900822044446,0.0069702663896472,0.0385209448268296,0.0,0.035648768610212,0.0167204185280486,0.0,0.0151070393539137,0.0,0.004963447304881,0.0181730763859043,0.0,0.004242266543107,0.0056409065957902,0.0082541040582749,0.0061681530641977,0.0090077525634604,0.0274253346479862,0.0089021054796782,0.0061830071502574,0.0,0.0162894088121809,0.0061681530641977,0.0,0.0100399776402396,0.0230783858796753
76561198887943085,0.0368970032485707,0.0272955927224609,0.0358814196454317,0.0365794373800278,0.0510703471290308,0.0331240500632406,0.0502641808572918,0.0567057604817208,0.0250883089567622,0.032174646535682,0.0,0.0126816543249758,0.021999709473466,0.027734380087316,0.0234201901817361,0.0129350181798054,0.0209169269143406,0.0124740466839634,0.0320773646482487,0.0170394538965385,0.0154965506159547,0.0224772451405082,0.0,0.0071796352062485,0.0279545091814847,0.0452497998266789,0.0155390365057143,0.022584231034219,0.0118578711192082,0.0476181097267379,0.0075497308537601,0.0198376754321531,0.0210719203084541,0.0,0.0097646255601003,0.0071666959877147,0.0035483825359317,0.0134848531573038,0.0239504530931504,0.0124895591782294,0.0210223444178419,0.0238735839053727,0.0,0.0069350806482207,0.0128050592285166,0.0026460711305538,0.0,0.0257885590932284,0.0,0.0057489257021021
76561198888074333,0.0252407790915395,0.022522137383633,0.039206864816221,0.0474721839087046,0.0365792223746156,0.0437037511185326,0.0414207674164142,0.0258969207389102,0.0266674192859204,0.011683690565153,0.0193678642986841,0.02209076638322,0.0199543260771409,0.0266674192859204,0.0419863783576837,0.0116253050095153,0.0,0.0170298449922816,0.0161853885580314,0.0420567952060352,0.0387994233431301,0.0330557704027176,0.0258272408699963,0.0286664654214468,0.0089066633016088,0.0290252755181756,0.005931300348493,0.0203609834582264,0.00575239021666,0.0162901013442161,0.0323622735426003,0.0182665568968414,0.0258385394008936,0.0138876032000465,0.0089066633016088,0.0,0.0175566053580084,0.0146590535182688,0.0,0.0271129140833926,0.0107126100404014,0.0,0.0212921652345476,0.011683690565153,0.0255848696283366,0.0,0.0,0.0081548883608296,0.0058729147928553,0.0081352129833865
76561198900476414,0.0332415924107571,0.0578149000367916,0.0131759649770067,0.0457893785939367,0.0324128644032534,0.0312536023052733,0.0553965571554575,0.0609083039497842,0.0242660039791301,0.0279200460880185,0.0236222214407178,0.0171635994070211,0.0208971262329111,0.032126904127108,0.0085956858048941,0.018858011740592,0.0035124465907891,0.0,0.0176382813210126,0.0269391777354648,0.0436956476439117,0.0201162777092937,0.0106061457237297,0.0129937644673725,0.0312921373874253,0.0302453477314239,0.0215956450328923,0.0239890421294583,0.0220560428790711,0.0188555822333078,0.0069025012087393,0.0175598587305986,0.005083239214105,0.0086630423685921,0.0189697972858284,0.0070279739511263,0.0035766912397161,0.0260388807108706,0.0164579428940399,0.0,0.0160781805949861,0.0272374647916081,0.0047614105115101,0.0146748277346163,0.005083239214105,0.0119567939661284,0.0100828713093527,0.0081623002920058,0.0047046827442629,0.0
76561198902671770,0.0518466294629698,0.0500607387225553,0.0185559494346068,0.0364616647500171,0.0272087286683208,0.0348626773598858,0.0369798845754078,0.0731740563678709,0.0157916692974179,0.0420344592458609,0.0213756766407536,0.0123672669015649,0.0042359659691556,0.0031288050972494,0.0269391132971593,0.0472529839472487,0.0358385351297743,0.0141713138310708,0.0242124906975545,0.0068228193902599,0.0125041833709399,0.0,0.0086105145445571,0.0034557928055073,0.0488977903722876,0.0131159640339407,0.0277888681248718,0.0079414786825951,0.0298279896403981,0.0101400034000269,0.0041662412892558,0.0062473559626483,0.0192821211384389,0.0,0.0,0.0,0.0084417007587146,0.0400255442332078,0.0202789994043105,0.0117692338431642,0.0186260093021008,0.0270144594061412,0.0,0.0042359659691556,0.0108042872463181,0.0,0.043391262086928,0.0,0.0207196663142833,0.019393139283502
76561198906743730,0.0488202012750736,0.0610909715470934,0.0413959300695177,0.0511822979628901,0.0254735399595187,0.0599125156750831,0.0287639654876681,0.0291485778784052,0.03901537524027,0.0150522857041444,0.0428902901383698,0.0210883626209601,0.0203199354580964,0.0244383833797155,0.0234667776567699,0.020226160697653,0.0096662900887101,0.0101819533291024,0.0284532560279447,0.0130741499686295,0.0198571548885198,0.0329185959087222,0.0331911127505441,0.0138559608985134,0.0,0.004423470769909,0.0203065516910763,0.0156078578277072,0.0,0.021228492145892,0.0415666763508101,0.0133619738810193,0.0049673862911786,0.0176176079157711,0.0063469280009998,0.0168357969858873,0.0119170467318939,0.0,0.0093428875180387,0.0,0.0081242312720856,0.0152988148791303,0.0065761907260077,0.0242777974742902,0.0125493228827326,0.0162430082110501,0.0053221280000092,0.0092609298267074,0.0053408560058862,0.0
76561198907957525,0.0484041649921752,0.0467096703902867,0.0203934042920831,0.0715757560616313,0.0235999684376521,0.0121099286563458,0.0275889521165365,0.0594115183677419,0.0133744616070643,0.0495525942068024,0.0,0.0484232910142345,0.0072891182949911,0.0133744616070643,0.0466192630569551,0.0268230817364589,0.0151440105664879,0.0122031612459251,0.0174876136065146,0.0258916943902512,0.0450329865898244,0.0035300533796982,0.0187168199669006,0.0048846713411716,0.0469489221286414,0.0235999684376521,0.0243144760429891,0.0120369081547102,0.0198723062769904,0.0077197934213248,0.0,0.0098415562674571,0.0221533941440406,0.003237893293453,0.033179151975063,0.0,0.011525627660717,0.0236558231814151,0.0114097661189433,0.0081170418424587,0.005518582588949,0.0138276538802225,0.0082373216254465,0.0,0.004322973678508,0.0113959971546688,0.0216873970201485,0.0037551526958119,0.0037944015035296,0.0117072449820603
76561198908664868,0.0629609728765097,0.0582991947193963,0.0777542619774641,0.0230291493279416,0.0058797597555039,0.046068157669086,0.0055266491018258,0.0436865362084085,0.0112538978850876,0.0318365508481554,0.0279967195891589,0.0217218819993363,0.0546229752365337,0.0112538978850876,0.0058797597555039,0.0163221214762487,0.0327014176365808,0.0,0.0106203978242671,0.0,0.0098704687768722,0.0,0.0614498594093913,0.0,0.012279923539598,0.0,0.0,0.0067591762591559,0.0192058879664234,0.0,0.0209537190143527,0.0489666793726238,0.0,0.0174932362006914,0.0,0.0115988293816254,0.0146256687453268,0.0,0.0,0.0453110448330885,0.0501759158460555,0.0379375838820539,0.0408973495299875,0.0211385282762966,0.0058797597555039,0.0,0.0051955759370383,0.0,0.0114494390563851,0.0113970524454322
76561198931909013,0.0283590526070922,0.0392062999523728,0.0077516992776463,0.0676900480624104,0.0070719063055429,0.0077516992776463,0.0345206322174188,0.0435402858719539,0.0349682923431978,0.0395037649127785,0.0411817804554664,0.0598225526342484,0.0,0.0356666313428411,0.0393873640138196,0.0483701053028787,0.0242356261340217,0.0,0.0083077533826523,0.0065167874983935,0.0460862249641715,0.0287526671618465,0.0541116025257261,0.0200745911581759,0.0252875251195459,0.0132604083603228,0.0,0.0061885020547798,0.0335431080178041,0.0140662553710647,0.0287526671618465,0.0207423018163151,0.0203411915970725,0.0,0.0,0.0,0.0188740549474531,0.0186365126760914,0.0057585019884124,0.0068406167330329,0.0,0.0,0.0214866326523996,0.0068406167330329,0.0053488660690505,0.0060472050686938,0.0115646063705485,0.0,0.0068920474167756,0.0066510124434544
76561198937925146,0.0458810987250147,0.0796622765368799,0.0638021386259871,0.0343283093882256,0.0273165313383009,0.0196266399005363,0.0129998913018868,0.0213018197588971,0.0210904377476624,0.0331601168206105,0.0382216800975605,0.0256849163543128,0.0198613688800066,0.0201224602005817,0.0337811778118652,0.0340883435970311,0.006664236718465,0.0060147115794037,0.0,0.0,0.0126290244396806,0.0397231350560452,0.0,0.0,0.0279660564773622,0.0129998913018868,0.0060147115794037,0.0060147115794037,0.0069436945096786,0.0,0.033531775618281,0.0275220032377224,0.0,0.0,0.0060147115794037,0.0152726901562451,0.0393847490222227,0.0062246322016121,0.0069851797224831,0.0144054879133024,0.0269228339990591,0.0133985755180079,0.0060147115794037,0.0527409353768133,0.0071593369848449,0.0,0.034379452272887,0.0069851797224831,0.019764092218134,0.0273942725504039
76561198950687868,0.0398533949633746,0.0623485823307222,0.0340480814814889,0.0478820841290856,0.0042301087986839,0.0313759938399247,0.0318967858147167,0.022246169701353,0.0496891398767184,0.0181256062689682,0.0766110573164763,0.0355390517109896,0.0304544335303219,0.036907049103723,0.0129011174000249,0.0352512930508735,0.0389763550015075,0.0037097276056997,0.0213435190214442,0.0130055802614098,0.0166420295071496,0.0136905198807597,0.0637369534760265,0.007997638670839,0.0095149455159439,0.0,0.0135378741442275,0.0079957943057262,0.0084958321017221,0.0157037568803052,0.0203221654724009,0.0191651807340436,0.008987263313446,0.0142610935840193,0.0,0.0113102855242024,0.0194322981193353,0.0095149455159439,0.0037656855070422,0.0038721938082875,0.0121885805627737,0.0104018491740336,0.0169039553963832,0.0211440714280252,0.0051016298075941,0.0,0.0095149455159439,0.0,0.0104033808463167,0.0
76561198954743459,0.0471143089832605,0.0646624161082015,0.0280163736202152,0.0805048918233895,0.0166577425232787,0.0283248846588537,0.0308029090674737,0.0579400474177484,0.0530507424413175,0.027857345753316,0.024982571405648,0.011898984530629,0.003974142731462,0.052955304178767,0.0185626778835318,0.0431456893286296,0.0169536949284517,0.0043437865418846,0.0176916692455997,0.0034927803369178,0.0463798826757986,0.0320226940115101,0.003974142731462,0.0,0.0417059934845486,0.0113742181587892,0.0078365668788025,0.0,0.0,0.0155897353192789,0.0151930225300915,0.024929607379787,0.0040031401633631,0.003974142731462,0.0,0.003974142731462,0.0111068620529925,0.0360519938354335,0.0124971887045611,0.0,0.0214329493195283,0.0224885029837315,0.0092145286063021,0.0107084025733039,0.0,0.0033745418850845,0.0156570097790779,0.0033745418850845,0.0102032260699666,0.0
76561198961057393,0.0732291752313505,0.0501714945011952,0.0450703207325672,0.0429889620766185,0.0306488909308089,0.0636783326586803,0.0240872227486326,0.0193951121109857,0.0388894420431712,0.0386490490225112,0.0385515508321247,0.015153013445228,0.022813424122005,0.0341227048078303,0.0216531927128265,0.0095552660267184,0.0194370206976934,0.0040814178474421,0.0501111078125747,0.0138950555455468,0.0249299160408592,0.0213885825438629,0.022067572037033,0.0050285142287664,0.0061565748155923,0.0201422868086157,0.0139972162755296,0.0,0.0,0.0155335961498298,0.024775240794158,0.021974825208317,0.0074879714568009,0.0130359968454857,0.0,0.0036648537246553,0.0118457916055446,0.0095117139009346,0.0,0.0075809893043763,0.0149051815424616,0.0104121201632884,0.0185444398524946,0.0210623262140594,0.022177342644832,0.0050285142287664,0.0,0.0074117198291465,0.0151549578780764,0.0
76561198962774260,0.0274953469851392,0.0273646436827706,0.0329494525535075,0.0357955128369009,0.0474901217717103,0.0239243006940566,0.0823754374525617,0.0261784308771373,0.0166784922610888,0.0202008739613575,0.0375824122420413,0.0179177126155144,0.014341514270505,0.014476957107876,0.0288207625986621,0.0165686107735434,0.0065958552097828,0.0618536738506975,0.0343905606507543,0.0443965429953805,0.011303443749497,0.0212466222860471,0.0187494990008582,0.0218042235393851,0.0,0.0,0.011246836764978,0.0259060124269841,0.0019721284328386,0.044176266998699,0.0172877066654983,0.0108589336119645,0.0114603535362031,0.0131303060249967,0.006937497960664,0.0,0.0153516304606648,0.0041256828287612,0.0325747621050683,0.014663896994318,0.0090538235152948,0.0090538235152948,0.0286429905282342,0.0151698172954469,0.0,0.0147594794949764,0.0,0.0133478219764202,0.006937497960664,0.0028417269352528
76561198963902506,0.0434565300505672,0.0493248281371832,0.0077187273714261,0.0558370820324,0.0274835638748745,0.0166008902927395,0.0192285156066602,0.0680532258590442,0.0453883366062794,0.0452355439996284,0.0231596935491179,0.0187487542917263,0.0160851205204602,0.0379037916872093,0.0355629838925705,0.0689979953127562,0.0105620455983446,0.0027632469894707,0.0193077590153421,0.0139116240507477,0.0236043558915975,0.0129307297350784,0.0166099216371527,0.0162060228981988,0.05564940215462,0.0300733047090649,0.0,0.0,0.0035521381732813,0.0113045973511195,0.0022627230211455,0.0225945621231574,0.0091895929758415,0.0,0.0056065592653336,0.0,0.0089073780462537,0.0448365616470027,0.0113045973511195,0.0,0.010701307341239,0.0300695023896024,0.0,0.0100914126497438,0.0134497403243969,0.0,0.0143811192311883,0.0,0.0177920741720308,0.0035521381732813
76561198964730990,0.0440783240965471,0.060356839092496,0.0451799253299526,0.0755163462745847,0.0,0.0254868844594505,0.0166190803741619,0.0544665217280589,0.0731281744504049,0.0428473225134511,0.0573533114548748,0.0154520395390294,0.0118933952352701,0.0627112716202366,0.0109774157284097,0.0377582417371949,0.028670577734857,0.0034953880464234,0.0132409589345076,0.0074020292956486,0.0464507138926971,0.0144633957680245,0.0259970669985985,0.0070001167965366,0.0187074548831098,0.0,0.003575386432761,0.0034953880464234,0.0,0.0076953377623329,0.0069904603456832,0.017835934420172,0.0049658799163209,0.0038813320425191,0.0,0.0038813320425191,0.0038075826885999,0.0213508052187534,0.014111708466524,0.0078503589413958,0.0283089907393161,0.0268365944010804,0.0157308948233221,0.0152845438277065,0.0,0.0,0.0067637200707988,0.0,0.008380953829243,0.0
76561198966274908,0.0523364625369659,0.0641503426932805,0.0244282653194468,0.0372575390013943,0.0520433463878646,0.0474777657561278,0.0147609049655638,0.0569515913215681,0.0141459953323085,0.0497946566504799,0.0258237378990154,0.0149354723890519,0.0385685821421945,0.020789480476731,0.0084515831836658,0.0416497908663388,0.0181167983364719,0.0035421240405645,0.0500472658943201,0.0165347402329226,0.0046778762239923,0.0128865987826585,0.0247697020658329,0.0117463749446751,0.0391840762430036,0.0370385496372435,0.0128740399331433,0.0112586169647268,0.0,0.0069622917713096,0.0029091829252634,0.0046778762239923,0.0,0.0035421240405645,0.0056031713776853,0.0,0.0069455576755536,0.0339884488104042,0.0081674920941873,0.0,0.0046778762239923,0.0278712072295139,0.0,0.0296630530814257,0.0104357512739952,0.0034201677307451,0.0223104836144639,0.008274330781403,0.006972249312601,0.0073364556113446
76561198966998552,0.0250022121963083,0.0658100034454813,0.0227475622984894,0.0237134807367685,0.0093787583055808,0.0289736088335392,0.0197388012950455,0.0737165145453155,0.0188983954642107,0.0246321943853155,0.0430368794906335,0.0109331178095221,0.0298050405111786,0.01227561849241,0.0146038684486738,0.0449242257732665,0.00682255727836,0.0,0.0110725841248725,0.0089247449480914,0.02614060861249,0.0134317177595776,0.0528941302099377,0.005060132387175,0.0464489551522671,0.008807107242068,0.0097361742267189,0.0049424946811515,0.0341652444165432,0.0049424946811515,0.0095344689739564,0.020463430918625,0.0055088989017512,0.0063777298571834,0.0046446431630724,0.0184627910690196,0.0111033017626977,0.0372366272089916,0.0,0.0239993695037538,0.0232757537412439,0.0293978806372499,0.0164294178479425,0.0152280752157686,0.0,0.0,0.0347523535564061,0.0,0.0232543688827622,0.0187516610074301
76561198967733216,0.0462363641762204,0.0390912623453918,0.0312261679578754,0.0568425460622331,0.0056191874095458,0.0375047566925491,0.0439772372377254,0.0423891539170045,0.0363891483088147,0.0131335149339643,0.0482676478244488,0.0170262902540923,0.0159226338366533,0.0310324252258745,0.0434265827527579,0.0249088456135406,0.0118076648065951,0.0065415685387387,0.0373032961496973,0.0097802695246085,0.0156970752445678,0.0299322923286757,0.0271371509545798,0.0060645350071103,0.0159268683222695,0.0,0.0102573030562369,0.0,0.0,0.0354115502339495,0.0358821631002845,0.0221447197299636,0.0266638431803611,0.0212521333481899,0.0037157345174981,0.0,0.0065415685387387,0.0,0.0166473920139074,0.0213275185626798,0.0190088860106783,0.0225042996206639,0.0231917897445562,0.0122068993191551,0.024866928734398,0.0,0.0,0.0,0.0051927848632023,0.0
76561198968237390,0.0783971399622867,0.0704099057047218,0.0739559294637272,0.0337438126910625,0.0124029057697855,0.0647586925348482,0.0033836450713648,0.0223197950515424,0.0288873091233336,0.0329831337288185,0.0440826753614103,0.006469557401623,0.071105633391982,0.0337438126910625,0.0143384210172969,0.0117419988430099,0.0119862193711832,0.0,0.0258931564938182,0.0,0.0111583896684213,0.040177396298405,0.0566300749446879,0.006469557401623,0.0,0.0055521663201439,0.0027387694191125,0.0,0.0,0.0051413620891545,0.0174996354826615,0.014310106393161,0.003621730519741,0.0052798184861273,0.0,0.0127675000537826,0.0048798096660155,0.0079705697716495,0.0,0.0300961995354042,0.0054719298204261,0.0206558532219159,0.019795538576139,0.0583977032292415,0.0148213092212911,0.0055521663201439,0.0,0.0055521663201439,0.0048565035677288,0.0
76561198972795993,0.0732130665145072,0.0661841177452812,0.0451513038617726,0.0701909608345001,0.0049152928736874,0.0247770244767335,0.0184392341297398,0.04183077228516,0.0395050515782671,0.0573423403629409,0.0347555370678804,0.0080097054467563,0.0,0.0400473177581002,0.0602956637339798,0.0475310236832412,0.0201032268208391,0.0,0.0188914241930202,0.0,0.0176307414108308,0.0449839636550101,0.0,0.0,0.0135048815540732,0.0049152928736874,0.0,0.0,0.0,0.0259667369736722,0.0268980978317732,0.0090570721262969,0.0277979168291514,0.0081339493875183,0.0,0.0074971724674446,0.0187387370623288,0.0155217291844687,0.0181503110307418,0.0077714211132016,0.0089950150380033,0.0189924962119188,0.0105055130163852,0.0132178327307225,0.0082184462416173,0.0,0.0080850394232827,0.0,0.0142345704714623,0.0
76561198974123949,0.0440407546617856,0.0618042668555356,0.0254931035364176,0.0670465210512283,0.0235619207912603,0.0140904854031179,0.0144367046582488,0.035974101438184,0.039718809326279,0.0352050167033057,0.0227758106618374,0.0103411172842146,0.0332605559812395,0.0415444751331447,0.0145297068045513,0.0357024101015604,0.0285063097143116,0.0,0.0294129505018759,0.0091411839622589,0.0283801804710399,0.024849305771359,0.0226027982925199,0.0049035455195552,0.0313457921291668,0.0099934192960847,0.0084167613262749,0.0,0.0141740109011083,0.0,0.0203724960899504,0.0201387446972721,0.009626161284996,0.0097598448141117,0.0,0.0052830351327031,0.0111820880335339,0.0316927057199816,0.0,0.0105050249366805,0.0229906330702274,0.0175062377886413,0.0,0.0231333752481929,0.0049449406942748,0.0153182254839475,0.0243638292523141,0.0047283174357561,0.022286448935338,0.0149158731046108
76561198974989829,0.0666685261888657,0.0812659589332416,0.0609063855394992,0.0347748093732523,0.0042708028601567,0.0631003262375647,0.0160703339424222,0.021062699512345,0.0193037270425694,0.0397016496102667,0.0706794914611652,0.0236497023795742,0.0614637029000724,0.0193037270425694,0.0068975009643045,0.0242360932392294,0.0180087230255055,0.0,0.0259722965389343,0.0168808475849624,0.0188025963145574,0.0154070681417087,0.0681535324951295,0.0360985608263078,0.0043829655434382,0.0,0.0053443433882822,0.0042708028601567,0.0,0.0,0.0158822803212201,0.0095214940379672,0.0046407422995155,0.0187786140592181,0.0,0.0045257196325189,0.0087675903274826,0.008653768403595,0.0,0.0051409857447959,0.0046194639200063,0.0091451835525253,0.0105565278118643,0.0521379201263986,0.0046407422995155,0.0,0.0043829655434382,0.0,0.0119288279738551,0.0
76561198975067132,0.0379672392261771,0.0286692497194832,0.0160853499632369,0.0537459774963079,0.0528922538063611,0.0577055590302405,0.0571549164270778,0.0274113562594028,0.0554987462890627,0.027721589592948,0.0219505245455577,0.0,0.0147383118123658,0.0513313582422498,0.0184192661399116,0.0164467521762359,0.0159998852794785,0.0206885132252338,0.0436970669890961,0.0134451021488666,0.0145400021718264,0.0217243617272116,0.0152157588666317,0.0,0.0140806094764287,0.0335162054966661,0.0175052767305533,0.0163132626069379,0.0,0.0415766581653402,0.0117229697868316,0.0205144729489765,0.0043525048413827,0.0,0.0096471123674799,0.0200040142679583,0.0047447199754667,0.0156797585435383,0.0162878950362154,0.0,0.0071781178693231,0.0353729188871105,0.0,0.0079072147344298,0.0114975468248169,0.0137503473901074,0.0,0.0152992529154711,0.0,0.0
76561198975990427,0.0515354144892657,0.0305421202535585,0.0138298678317642,0.0197774010033844,0.0706615477929109,0.0683770232702994,0.0249719979408852,0.038161624098316,0.0402652011297858,0.0240367978088823,0.0223698673047515,0.0249903661739053,0.0151391509475271,0.0056784045038689,0.048425823763668,0.0605314914030675,0.010607747209839,0.0,0.0810624730386243,0.0252577887608364,0.0056784045038689,0.0456848024746998,0.0,0.012750361443626,0.023109624186626,0.0511153659085637,0.0262911454656966,0.0070387545671368,0.0,0.0,0.0340680359933241,0.0213632060774761,0.0091794791289309,0.0053445564264712,0.0,0.0066647589549981,0.0,0.017245684544255,0.0,0.0,0.0056784045038689,0.0107834570129555,0.0,0.0,0.0189805505885903,0.0056882298392545,0.0049195173705845,0.0,0.0121935522839307,0.0
76561198976541186,0.0595177320747877,0.0329457384810182,0.0705221843590517,0.010677212094071,0.0688251346826234,0.0444845204102299,0.0426812859352024,0.026922348834601,0.0,0.0558768956652124,0.0,0.0039205741969328,0.0110568723657041,0.0030879197347299,0.0393571466562204,0.0172779163208931,0.016261916820486,0.0208407980327107,0.024161343683797,0.0476502803584561,0.0095694257936958,0.00723915944675,0.0068308904724153,0.0354142716202665,0.0157089360296595,0.0549003436571059,0.0071774552739594,0.015342303630396,0.0077684988213054,0.0088524873543117,0.0093740759995993,0.0,0.038138173750991,0.0208294158488344,0.0148763525153352,0.0,0.0071489264266448,0.020920264173471,0.0032650520317831,0.0420558786014895,0.0,0.0,0.0182188072090969,0.0094326695429329,0.0214780319505451,0.0066491510346989,0.0046535569428989,0.0116973497490199,0.0032695093349002,0.0031211920811633
76561198976557185,0.0660253970541638,0.0640577970488979,0.0155815276835136,0.0629876617873351,0.0089713153038322,0.0237877704462375,0.0339710737345052,0.0643286814170459,0.0510003953996381,0.0380713998960846,0.0420938417833052,0.0090681442255089,0.0036964235267911,0.0332468618858008,0.0381346420040692,0.0358347278674043,0.0120015572597258,0.0,0.0156011722409362,0.0051454139304389,0.0399629205119989,0.02241037070428,0.0072436406586727,0.0106292066430857,0.0342844471733391,0.0126677388306234,0.0041674696531795,0.0043436396417261,0.0078638931799707,0.0350977539027207,0.0194286494940488,0.0233090977040506,0.0180126306935264,0.0036569425323302,0.0078638931799707,0.0,0.0071851527397773,0.0234008371235584,0.0111202308592213,0.0,0.0209232057580776,0.0247815765736913,0.0138153344901881,0.0036628426566198,0.0040677739121243,0.0,0.0119456466575879,0.0,0.0045493002303936,0.0
76561198981659881,0.0424591044189688,0.0624779544033545,0.0138435788478871,0.0890065971213087,0.0048732812122234,0.0146131268472627,0.0435490562418861,0.048465244751707,0.0409148749616483,0.0387405055743011,0.0397760349834639,0.0158408114648117,0.004769452041567,0.041268470580724,0.0193520621786003,0.0388143055320684,0.0235775262058163,0.0,0.0172490884504588,0.0048467344555576,0.0449089636754569,0.0230057526029447,0.0276613135048644,0.0183081963537983,0.0143952397954645,0.0048732812122234,0.0084181499296508,0.0,0.0040626250393651,0.019660307835457,0.0230057526029447,0.0253425209308721,0.0199396209771721,0.004769452041567,0.0086064632138759,0.004769452041567,0.0101302369897471,0.0191449297060316,0.0201391739022342,0.0,0.0172842644915271,0.0195266787359381,0.0100313742100351,0.0096835213923329,0.0039408929965331,0.0045438381745108,0.0046020762721945,0.0,0.0248081110980735,0.0
76561198982027831,0.042678034647541,0.0709499746292682,0.0031105369573412,0.0600434555632607,0.0338719524469895,0.0278902358804007,0.0527204504017384,0.0396693333853874,0.0404714435244755,0.0236028763246702,0.0230653476325683,0.0069628079178587,0.0087194331611796,0.043408912513399,0.0132192170453806,0.0499444899429268,0.00846255466098,0.0121525164439328,0.0307413823698809,0.0252396958653927,0.0292490314717498,0.0191655330624348,0.0178282512759596,0.0218388131131697,0.0201883327477014,0.0155018674183739,0.0141438888528992,0.0155993033477584,0.0,0.019617183037585,0.0288468988014631,0.0302515532745516,0.0030698974903151,0.013785287296304,0.0089121919114696,0.0050877511329911,0.0,0.0310038094228369,0.0108360384978375,0.0,0.0219738582992795,0.0124119207928905,0.008153359752971,0.0040580645446087,0.0,0.0080962010468744,0.0093478339458984,0.0,0.0141084781475027,0.0
76561198984355584,0.0540179378594388,0.0692226324106414,0.0413641724872188,0.0392067760767973,0.0132825578774384,0.0439045682113192,0.0062447270990541,0.0403008686401044,0.0151419705410512,0.0293469380031521,0.0493577796878276,0.0233494279785135,0.0390971807965397,0.0193486092188229,0.0184704488679447,0.0439967492183265,0.0203805087821804,0.0,0.0395657870010821,0.0132206576554914,0.0091028233403383,0.0238704431505068,0.0362626933248444,0.0277646146064362,0.0235571766667463,0.0090907051222212,0.0092657035973779,0.0048884806811012,0.0057980589259481,0.0097924086919255,0.0251165433920462,0.0127645182027145,0.0055168052765069,0.009334113158309,0.0,0.0,0.0046769813965887,0.0191438402714556,0.0,0.0138947207444671,0.0123178500296085,0.0102113953212388,0.0238897949225723,0.0386165821294111,0.0096451102223326,0.0,0.014466471544525,0.0,0.0221918668678312,0.0
76561198985222961,0.0489960606337124,0.0599354600175824,0.0182076473666867,0.0534620884102955,0.0244444174172223,0.0340606387931715,0.0260851142196431,0.0387894230598992,0.0394623560869021,0.0396008408888536,0.0303993727060178,0.0047081438099625,0.0257695116551534,0.0348501384563494,0.0328263363607565,0.0560253524567434,0.0173938427504888,0.004867343557401,0.0267185172836258,0.0237479635952693,0.0126971460242854,0.0185012937652875,0.0336261418608064,0.0179638408961689,0.0286732922895008,0.0193588038216094,0.004867343557401,0.0,0.0041834603884845,0.004867343557401,0.0179434158972129,0.0245505596901786,0.0046559773491304,0.0,0.0048446048658245,0.004867343557401,0.0183703273998143,0.0249685124536601,0.0,0.0046123808075492,0.0117130391366368,0.0213579252217427,0.0046863774472969,0.0255371622752732,0.0090299064177334,0.0,0.0140147272843295,0.0,0.0237585045095328,0.0
76561198986771778,0.0627266500792285,0.0668834589972157,0.0660646778721369,0.0635913296128786,0.0,0.0436455365514257,0.016347892436473,0.0290632269069984,0.0671727320363217,0.0066599979773322,0.055425352787446,0.0049949874552421,0.0082809704999296,0.0674201015413306,0.0249610782093386,0.0164733295278889,0.0060910611712791,0.0136678612599226,0.0152813326884817,0.006435933640722,0.0418772026794592,0.0574519940081481,0.0,0.0114511569588413,0.0,0.0,0.0066599979773322,0.0,0.0066599979773322,0.0,0.0357437993210936,0.0469282882662972,0.0062254594386226,0.0,0.0066599979773322,0.0111062844893983,0.0160507107561745,0.0,0.0060910611712791,0.0,0.023812147507437,0.0230171685189737,0.0132073514631586,0.0144895944586444,0.0,0.0,0.0,0.0,0.0313802757788821,0.0
76561198986772742,0.0495333614307935,0.0509315611796011,0.0278604984248179,0.0651464393692157,0.0041373217395082,0.0200319012569103,0.0296302633094906,0.0258817682080863,0.024481590732839,0.0481966566597312,0.0098386113550417,0.0211323792953483,0.0220575267628095,0.0204290144971482,0.0529697223840708,0.0362704712869436,0.0101275233802126,0.016307819728887,0.01254511847945,0.0158727331501717,0.0290651257925568,0.0305464853112164,0.0392404230597846,0.004048408063639,0.0251529820805783,0.0041373217395082,0.0123305363087064,0.008032472817299,0.0110822270889451,0.0226655014424046,0.0221400847013384,0.0061247550950694,0.0305833796090922,0.0115589610060928,0.0152195488284534,0.0,0.0070658083953205,0.023905324677003,0.014650894223808,0.0132898520189028,0.0,0.0110636950542738,0.0092342019206791,0.0120356988513646,0.0285530865589842,0.0,0.0106989104317118,0.0,0.0304890936988239,0.0037029385933644
76561198988021642,0.0451028584628219,0.0472434968800216,0.0071671699988423,0.06399457303021,0.0193441736918291,0.0226602435160972,0.0519436771357311,0.0650491127715686,0.0286909867426262,0.0281696467413382,0.0191498893849314,0.030729544570754,0.003138791945128,0.0286909867426262,0.0170996300287409,0.0172470031676895,0.0,0.0082519884816448,0.0148004557635691,0.0134811643238219,0.0694744377390792,0.0170996300287409,0.0218959653686058,0.0,0.0429279943180318,0.0081240614967372,0.0344994791750701,0.0154725233292286,0.0279638768287025,0.0160501378994905,0.0104100533282334,0.0230141743685848,0.0193272030341394,0.0061682004296626,0.0161274171927874,0.0030418046010355,0.0047800623582994,0.0036477720994719,0.0277012353775131,0.0,0.0183090128946076,0.0464421417546998,0.0,0.0047870524517118,0.0,0.0125487854725887,0.0,0.0047870524517118,0.0,0.0134445326212724
76561198989511606,0.0594523691838009,0.0591182601717237,0.0409549705406516,0.0458642808583975,0.0296146343835726,0.04197180960366,0.0442440919523571,0.051379872121182,0.0302861164852124,0.021909874362534,0.0300735429703372,0.0176258358995924,0.0071785626975778,0.0364327950601362,0.0107088522875345,0.0329698796072847,0.0373962440680402,0.0240182621199555,0.0258844974588166,0.016295812102671,0.0230333992387363,0.004052350037232,0.0144781650557736,0.0,0.0260299049626562,0.0142706772068256,0.0273501162322668,0.0045448254315764,0.0106256514354904,0.0142793744662054,0.0078996730861702,0.009928756746622,0.0038240165567666,0.0073463552535015,0.0073980382629573,0.0068615292385963,0.0257279023806378,0.0187953294849612,0.0113292542795705,0.0119422031693276,0.009928756746622,0.0252859961712897,0.003550054688813,0.0136683098440329,0.0075166692760217,0.0,0.0069007698663862,0.0,0.0166918327099358,0.0033595242359851
76561198992122481,0.035288439200492,0.0486134280418973,0.0085682235833853,0.0916728158450178,0.0027368316802991,0.0135376389234739,0.0332882857933202,0.0558171801492263,0.0874549092372285,0.0214692957904676,0.016976290057891,0.0023736547828625,0.0,0.0862712085518885,0.009000916968325,0.0261104304976153,0.0080504596766556,0.0077110052323704,0.0144027122370503,0.0024598363267076,0.0756060489837404,0.0,0.0111640493506027,0.0024598363267076,0.0292564874944918,0.0,0.0191557749326104,0.0063308817116132,0.0159589723114559,0.0149453842770486,0.0,0.0487822232524916,0.0055704574040171,0.0022985712759678,0.007224238644455,0.0062189004905263,0.0022985712759678,0.0188224353233109,0.0272171119555943,0.0027368316802991,0.0468610518416902,0.0587752437162938,0.0,0.0,0.0,0.0046715353071963,0.0064604336248582,0.0,0.0130077414600227,0.0023736547828625
76561198993588247,0.0429946343004358,0.0620496228344577,0.0168751701071384,0.0750029049579344,0.0133795008324359,0.0240003486916829,0.0304393217235919,0.0710677621957325,0.0503154982804521,0.0289218810863581,0.008549659860877,0.0068787468109092,0.0021204583309734,0.0636196475516212,0.0303276518452769,0.0379837454852912,0.0027093168728091,0.0026178836195213,0.0133888232751881,0.0178403356100528,0.0322672996166265,0.0148169402194316,0.0127507803281354,0.0154129175133183,0.0341510905449134,0.004850737635504,0.0,0.0103737483774914,0.0161814087233367,0.0072118015130412,0.0087127683295455,0.0357185388828672,0.0144501306984879,0.0030300861799571,0.0,0.0032516612775691,0.0053590765673551,0.0243612031033277,0.0047843834163067,0.0064296748387617,0.0509516197810868,0.0332013589522973,0.0115200604895312,0.0,0.006440180940983,0.0,0.017342891257239,0.0024274180967345,0.0229193084434096,0.0
76561198995117447,0.0429834044926578,0.0443317108244333,0.0261609353351163,0.0564399994480998,0.0277679048689256,0.02491776515259,0.0351627368288599,0.0685002947575878,0.0434427047284188,0.0271098718573133,0.0318366587890585,0.0169778126454777,0.0083870642956728,0.0404284072881888,0.0207999021343504,0.0342661637403305,0.0337014100114565,0.0075005895974492,0.0094180878250586,0.007524527871713,0.0474746822226292,0.0215250755606278,0.0257286918052382,0.0,0.0276268770832719,0.0073435138137599,0.0154352419324745,0.0044600921224803,0.0166123657220825,0.0087226461740043,0.013490837134675,0.0235904866448933,0.013490837134675,0.0039269721731925,0.0030809597622359,0.0039269721731925,0.0030142974402299,0.0074864095864736,0.034780717427086,0.0,0.0187092433082537,0.0377811303794194,0.0049002396555531,0.0090999169417914,0.0073090649996753,0.0,0.0122701915138895,0.0,0.0135410827731,0.0070135020223343
76561198995486953,0.0439055588589971,0.0338354721044073,0.0280846240078428,0.0706657888795379,0.0139559525520252,0.0184457833970842,0.0772245327413302,0.030827992285399,0.024121175986887,0.0231852574208343,0.0207241321233363,0.0265526682372316,0.0163921317648257,0.0354217357527859,0.0627470232349979,0.0357130788416178,0.0154035998923057,0.0225830531303057,0.0172233679127749,0.0336426781583217,0.0260654966864957,0.0327589201853243,0.0080537892668551,0.0165837854559523,0.0080537892668551,0.0050695826438557,0.0346044154677846,0.0117773645867731,0.0,0.0270521913043111,0.0198112057622245,0.0082637648114939,0.0210144026703167,0.0069278020780035,0.0133784790886809,0.0042812394371953,0.0251605934166482,0.0042370858757706,0.008628106079513,0.0057863307341371,0.0037342615037138,0.0080155009409091,0.0136557271447717,0.0044059484001583,0.0154159796318665,0.0042269561865697,0.0,0.0,0.0123816740909692,0.0
76561198999705859,0.0377208719923795,0.0450012679758494,0.0138029821125204,0.0733734589408048,0.0216907018519598,0.0083229072506817,0.0358929448390289,0.0513155925754776,0.0557900988666148,0.0282934012735287,0.0182632661469445,0.0210765823381779,0.0,0.0558421672586015,0.041551834682922,0.0434866507940909,0.0273245683585543,0.0065085539737046,0.0294081949344806,0.0116282318710876,0.0446629474141531,0.0226792028854722,0.0141207004178874,0.0026174771918966,0.0224819837896619,0.0074210514599312,0.0044332574599788,0.0087897386211119,0.0,0.0180177914871391,0.0182061895149311,0.0315441341768461,0.0097922121060327,0.0106595510249494,0.004577497219212,0.0,0.0100718045585728,0.0343453236294272,0.022894138421325,0.0037454100314696,0.0256934207712749,0.0233799258403644,0.0059834773474703,0.0035924974897236,0.0028000748583416,0.0073124272847524,0.0058577320109605,0.0,0.0035924974897236,0.0044332574599788
76561199002493106,0.0655350761025841,0.0733638876489115,0.0538736228538836,0.0470838439770247,0.0148346350707028,0.0513185538104513,0.0303660480693193,0.0482347204803998,0.0411012003268224,0.0337426226418189,0.032252495794701,0.0043176474503258,0.0117151886493541,0.0388787443157727,0.0346262364188891,0.0376891781334378,0.0255653785794404,0.0117327766310654,0.0080078492850654,0.0065617903310912,0.0202794812479167,0.0179384067791865,0.0170601925124497,0.004693358921584,0.0208139174747697,0.0101412761491188,0.0153429314718689,0.0074731659487648,0.0121129227920532,0.020529011358931,0.0092329266705794,0.0073599237626254,0.0183242229015192,0.0250028470147836,0.0085192011517556,0.0219978299031919,0.0043176474503258,0.0150304440872893,0.0110507620231672,0.0090298590209141,0.0032165209124161,0.024607008893583,0.0095751193637304,0.0041434028502093,0.0043365000993301,0.0,0.0035776739980348,0.0,0.0,0.0034919486688377
76561199003329860,0.0267731616516574,0.0425678504424031,0.0316576266045156,0.0711289590599382,0.0109443932207646,0.0107923925993632,0.0251898555870911,0.029545865833665,0.0442927338077954,0.0150482678754408,0.0172409107041478,0.0695464552813373,0.0106346241515208,0.0504478964602407,0.0202788113560439,0.0370903520058665,0.0112988515211633,0.0,0.0251080388505718,0.0088395478844445,0.1055419655040706,0.0161821608833269,0.069695351706709,0.0206518251274038,0.0101807295457271,0.0,0.0073342775992381,0.0044779996437211,0.0432840521247231,0.0,0.0101943458140891,0.0408429597071508,0.0044779996437211,0.0044779996437211,0.0,0.0,0.01069666823314,0.0101807295457271,0.0073342775992381,0.0105708170156658,0.0190602743563801,0.0127154364883546,0.0105708170156658,0.0118960990703252,0.0,0.0050514561814833,0.0,0.0,0.0061551626524452,0.0
76561199003732668,0.0643468299202155,0.082422221512082,0.0688616626964414,0.0302561133046508,0.0201925914614399,0.0652881548349303,0.0090641748977802,0.0427134013344207,0.0232449844625842,0.0290918502493021,0.0491849381401329,0.0151109586501144,0.0165194640133956,0.0220610949807298,0.0160022864900399,0.0316810123279418,0.032286583519038,0.0103160075522591,0.0156480360834488,0.0094360483769095,0.0156633711787275,0.0158467032624719,0.0,0.0187269246258909,0.0163262386963794,0.0126262309925424,0.0062456883138785,0.0058233890871735,0.0166188075021341,0.0,0.0095870585695824,0.0075663604688974,0.0054960029623838,0.0155124781773741,0.0129696309728207,0.0130617225058108,0.0383843937387936,0.0115600866087041,0.0,0.0105895411748488,0.0056069671005803,0.0117614201055591,0.0222395819886032,0.0229707647066608,0.0047661520876752,0.0,0.022775623606915,0.0,0.0056069671005803,0.0179394796571531
76561199006086136,0.0597802187334887,0.0666229826719927,0.0078827699757413,0.0328022424602032,0.0161359837766396,0.0234242479221049,0.0297362227433173,0.0871971267710915,0.0209238305322241,0.0171489915820939,0.0221971072069541,0.018536181867793,0.0125512448096091,0.0142042570065785,0.0082632334376355,0.0222885341354393,0.0141310949653112,0.0089981806912753,0.0110588699769834,0.0163064241225729,0.0645469482561134,0.0,0.0166412732478205,0.0031286059783019,0.0516768680997794,0.003749790975398,0.0462488074353395,0.022549955921929,0.0610185031083008,0.0,0.0035365399907245,0.0224263378229267,0.01313100800539,0.0031286059783019,0.0310809982931871,0.0034741498025134,0.0,0.00957758712818,0.0119438045482272,0.0,0.0107475048632186,0.0423341274792567,0.0070760299804728,0.0,0.0051620523522956,0.0060732259311948,0.0109842114298156,0.0,0.0030426308048991,0.0365306871773618
76561199008988100,0.0350484190750408,0.0041806253072849,0.0160232357132241,0.0646206197492323,0.0359748477827502,0.0290870675185112,0.062269855916252,0.0300186840274709,0.0570398680767401,0.0215247318097313,0.0,0.0135758941413889,0.0044610038606418,0.0557833859803541,0.0282685798936439,0.0193994212816723,0.0226963665783938,0.0099657106955905,0.0168872853759177,0.0326008765689378,0.0175682853972691,0.0193993683717393,0.0083819181284171,0.0153657591252418,0.0199241161750928,0.0254007580658574,0.0218631473556555,0.0,0.0,0.0411654723693349,0.0151858217951094,0.0314979209910507,0.0201595023980352,0.0091174448233638,0.0044610038606418,0.0206148495517375,0.009378838614036,0.0118099743439129,0.0446141575224716,0.0128691694148748,0.0127755172092174,0.0444030045454353,0.0,0.0,0.0025859885072264,0.0120469401582789,0.0,0.0199845619232195,0.0,0.0
76561199010475789,0.0511893926130088,0.03485278719415,0.0152023525188458,0.0513240656393404,0.0283443175545144,0.0459286545130374,0.0548925573798742,0.0207930327030083,0.0584183727286114,0.0041656815163988,0.0273111405089419,0.0236746929881716,0.0043197865562823,0.045735973658391,0.0338682965590721,0.029176989668028,0.0121103072037881,0.0115585941390386,0.0591149667987782,0.0157669453874203,0.0246550203026394,0.025977926803377,0.0095400513282551,0.0042083512483816,0.0038600687521133,0.0108932577592931,0.0204030749269751,0.0142131174930914,0.0038600687521133,0.0336594865836085,0.0078922009853627,0.0218426734528204,0.0296923367885507,0.0179927459060101,0.0038600687521133,0.0111152798127292,0.0083740327647805,0.0044593879590973,0.011098705632444,0.0,0.0159579453316705,0.0154925993285407,0.0096330491948843,0.0,0.0177064365351233,0.0081072606208993,0.0038600687521133,0.0251597561802562,0.0058847281211499,0.002851392102902
76561199010548373,0.0718650956899291,0.042475403184197,0.0499541724914876,0.0418406394233438,0.0205130410258507,0.0580965287063498,0.0274783476932987,0.0452851687400132,0.007976109352601,0.0303734744192663,0.0347139950721445,0.0243535320953114,0.0034229460294769,0.0184560258009935,0.0423558594969713,0.0135001886558415,0.030981218076834,0.02213696849028,0.0415981901915299,0.022305647340765,0.0112524068915433,0.0038867428371977,0.0348457073107822,0.038300464569171,0.010930180642566,0.0194181837809858,0.0051085740472312,0.0113152630439538,0.0,0.0067707257286883,0.002099667499648,0.0028711003724784,0.0059481941092933,0.0113108260167104,0.0185160959515048,0.0106983049097395,0.0234709467518046,0.0194375891021956,0.0124091877047653,0.0015965220789636,0.0016888629864687,0.0076769811109372,0.0200184259082999,0.0070282801477222,0.0067203947388885,0.0406969975786192,0.0085074084596295,0.0053840141108601,0.0024093996328644,0.0
76561199011315469,0.0551731480515617,0.0604371432754767,0.0,0.0552187495058291,0.0400409254568499,0.0328275739007769,0.0300893609778898,0.058965555171989,0.0123761088601985,0.0246362577279181,0.0170061350694656,0.0226416368940096,0.0078308597024933,0.0170235930232037,0.007565839594501,0.0192339717486927,0.0066543743023229,0.0133147213945945,0.021507461662733,0.0225055969491957,0.0542573989624749,0.0027088541052574,0.0060104408573474,0.012223483697576,0.0380613074541599,0.0175045942363608,0.0479621194612342,0.019888672891022,0.0486915337554796,0.0101065154337716,0.0,0.0101479820158398,0.0111239718875664,0.0,0.0411595889155804,0.0,0.0031732155994184,0.023426590516472,0.0125722164749977,0.0027088541052574,0.0068914120982225,0.0449852709620655,0.0031833755394882,0.0,0.0,0.0180304021350699,0.0131359560713253,0.0018713994193638,0.0032565699176173,0.0218692602173278
76561199013537219,0.0262802606541156,0.0355297966705638,0.0342453029685162,0.042118685180205,0.0321935214713487,0.0519483841934568,0.0436301679888683,0.0444569656123021,0.0383106965723921,0.0220738922565795,0.0112066380963591,0.0138354769939517,0.0144176788913117,0.0338242135212069,0.0127809547101834,0.0264972749761893,0.0115481877808628,0.0045129570223503,0.0369751624010972,0.0198282316820954,0.0312922595001364,0.008952713819122,0.0278954747772784,0.047991524210885,0.0269129579368558,0.0206597614482515,0.0045297507086071,0.0214850015255097,0.0119471599010958,0.0102069204348418,0.0247922251477504,0.0444560664787786,0.0096041519179933,0.0229956391766227,0.0044697722107517,0.0,0.0,0.0076562133652677,0.0045129570223503,0.0076975238461378,0.037394361749101,0.032876153347501,0.0051176688668081,0.0067201550451738,0.0050143043812584,0.0051176688668081,0.0044787069812742,0.0,0.0044787069812742,0.0045297507086071
76561199015330455,0.0431034738464484,0.0336386688432566,0.0256695947635983,0.0791326001546707,0.0077080661873638,0.0335656819649508,0.0406987126215631,0.0173323458596688,0.0646280095585836,0.0222853324887223,0.0345208983685871,0.0406764894377246,0.0168221159504504,0.0598712049745995,0.0165731338328629,0.0222383381158996,0.0319954332738309,0.0083485288261834,0.0458049338568875,0.006392613772797,0.0285214190675232,0.0035917242421993,0.0456889235610846,0.0184818504394034,0.0047785549851474,0.0,0.0167196407143603,0.0077080661873638,0.0,0.0047785549851474,0.0174236033022481,0.0224738369903854,0.0178885862474297,0.0047568045839841,0.0,0.0,0.0113456004018506,0.0,0.0089559097320774,0.0078105414234538,0.0134043322337214,0.0153245030952287,0.0268352374578824,0.0138318790600487,0.0084120287752515,0.0259584799556945,0.0,0.0,0.0243037458598628,0.0
76561199016522989,0.0662392757300072,0.0751201225932054,0.0343806986376088,0.0767953909586629,0.003260539200541,0.0282608187784409,0.0124207607317895,0.0386185807036972,0.0345926027368232,0.0335251116265218,0.0495327732675561,0.0181861055210907,0.0106376913262957,0.0339875845404755,0.022819896684051,0.0288840236393447,0.0139804793256721,0.0,0.0430680134931194,0.0032035745463375,0.0484339876241903,0.0299095927867409,0.0265069787441022,0.006610320722344,0.0210751277972116,0.0032943779367657,0.0171352583376756,0.0,0.0157587420530692,0.009217186185452,0.0282429646036417,0.0088783221171219,0.0080457801144382,0.0,0.0051937392239618,0.0078621379149119,0.0038793512278081,0.0144161360234709,0.0143741556600031,0.0053821955462199,0.0055921724892283,0.0299246593026832,0.0078643018749139,0.0230888913543202,0.0089976648468111,0.0055504036278351,0.0078612188861641,0.0,0.0093902889576722,0.0
76561199017224533,0.0486940862250599,0.038309295172612,0.0492468436434241,0.0241849528607806,0.0063141697245465,0.0605053067802963,0.0105385519916044,0.0,0.0414551237816471,0.0266304211824646,0.0771674222824977,0.0242992593988912,0.0300212531709202,0.0184286547894282,0.0382338089651656,0.0231424283675862,0.0133919740001765,0.0047236761906044,0.0422015327148433,0.0051055315638071,0.0155450798323563,0.0516807190889727,0.0275682653510077,0.0433821747981869,0.0,0.0,0.0121308521880783,0.0193908919406727,0.0,0.0054330204277972,0.0400672690058416,0.0184268481268964,0.0047236761906044,0.0153429411672138,0.0,0.0122133268875393,0.0222456716003404,0.0045908958826321,0.0066399943235737,0.0104799742619567,0.0070071468385427,0.0070071468385427,0.01134364467386,0.0318818840218676,0.0174167669549516,0.0,0.0,0.0054330204277972,0.02745449636441,0.0
76561199017665090,0.0522745275510215,0.0509518507637427,0.0300743458291693,0.0712664586082852,0.025149712945512,0.0252960937701777,0.0202501083005489,0.0425061983148733,0.0447577976134487,0.0400045723076801,0.0277916470572225,0.0096419103616477,0.0062925776791338,0.0508937809137139,0.0314435074326968,0.0481898257516865,0.0107300364192904,0.0,0.0445480657662054,0.0099473196834157,0.0456574290072499,0.0279350142305822,0.0106291138042864,0.0044796600568343,0.0266177669654105,0.0049290837968462,0.0,0.0,0.0,0.0221418472218643,0.0066452139317505,0.0313408059844098,0.0220605823138531,0.0051082861235889,0.0,0.0044796600568343,0.0044374587401565,0.0245817222172654,0.0065265089907122,0.0092753363839474,0.0266407160149302,0.0184690333541977,0.0219939880185125,0.0047782520589915,0.0046853319628122,0.0,0.0047638517095842,0.0,0.0198129999859057,0.0
76561199019851662,0.0440688917703358,0.042903338825073,0.0182798147432774,0.1055357589125917,0.0,0.0337790119690467,0.0194013398583594,0.0249500616310822,0.0904631289247135,0.0078722231522936,0.023117517531176,0.0110679657920486,0.0,0.0864447153804597,0.0261670601021656,0.0143776922311831,0.0193406260605656,0.0,0.0292749528181843,0.0,0.0805281975624506,0.0406462581051008,0.0044876259845991,0.0,0.0,0.0,0.0053250886993154,0.0,0.0,0.0,0.0435204626251308,0.064456312145212,0.0106917714268765,0.0,0.0,0.0098200643466253,0.0,0.0056087088109346,0.0169868871293616,0.0,0.051022732397412,0.0321436681571541,0.0,0.0045735104056235,0.0046419124476256,0.0139686993336035,0.0,0.0,0.0145340007204168,0.0
76561199021482467,0.0531183111869101,0.0667476875963635,0.0187400147629975,0.0780264366793619,0.0261386028059032,0.0233711570667563,0.0332756458997599,0.0592975445414566,0.0356682513087777,0.0444847854519621,0.0141268685351547,0.012436389149546,0.0030622305245603,0.0528507460469264,0.0289874939771351,0.0542098896578899,0.0300633161646754,0.0071870663080876,0.029692432580522,0.0032342811463561,0.0183741836907869,0.0063626036500875,0.016748601292925,0.0089930096097212,0.0397370817144268,0.0146369878579811,0.0032636961212863,0.0135864522623564,0.004135052080394,0.0186409807793633,0.0032636961212863,0.0178534870323429,0.0167316571353952,0.0030622305245603,0.0061921622226385,0.0030622305245603,0.0119294163646732,0.0379513170318125,0.0029594182926851,0.0,0.0086325745088683,0.0183195644543091,0.0,0.0039949612635509,0.008257283754936,0.0029470448490976,0.0117911169226594,0.0030989075288011,0.0166200789369962,0.004135052080394
76561199023588691,0.0346278826629574,0.0502996602001285,0.0066241371226443,0.0628153739057296,0.0329080371283948,0.0192188020628914,0.0437748044609319,0.0593141090507968,0.0345920169205151,0.0323529772271511,0.0179758943130118,0.0192460916011461,0.0154034791557464,0.0309706001928844,0.0278300234783725,0.0430633422077405,0.0148982097758621,0.0064042122366118,0.0175875547047343,0.0033923903611811,0.0173445588216329,0.0195870456827949,0.0073453611102583,0.0069042020068641,0.0389801707178155,0.0247602636543417,0.0103726883937605,0.0037330458630446,0.0092137079078675,0.0395807813742016,0.0166663073395123,0.030554087189303,0.0203579176248739,0.0,0.0069631319341614,0.0168945437851419,0.0086543070647982,0.0333330114345349,0.0211793658951447,0.0044602839780679,0.0154276671994786,0.0380100932209444,0.0036214167276306,0.0081933298411125,0.0034013147797346,0.0,0.0028481978245493,0.0,0.0154654020344468,0.0028481978245493
76561199024416168,0.0491826449389994,0.037867468400696,0.0387753023564958,0.0524959912963089,0.0434071818898091,0.055692422044489,0.0394052797831429,0.0337998010665873,0.0533323746664116,0.0213823392825612,0.0313697784222376,0.009114793534708,0.0042431263312025,0.0462692685134565,0.0316436245394484,0.0265561892459613,0.017201032283942,0.0,0.0438299620822786,0.0124747161812294,0.0175076667046466,0.0283285033278602,0.0129375891724341,0.0,0.014188066445196,0.0293503701121663,0.0088486455480349,0.0220595961572618,0.0043124345896921,0.0225116119306863,0.0076125904415869,0.0340450543485129,0.0126834546626759,0.0,0.0036621058248372,0.0,0.0036621058248372,0.0172392625642397,0.0038054304867814,0.0077671394941844,0.009260176078298,0.0187099223317514,0.0106687829224195,0.0086580735430193,0.020917758305015,0.0086280346295275,0.0,0.0158649458928592,0.0044149472118168,0.0043124345896921
76561199025426416,0.0309427699288659,0.0732681725772901,0.0077725925340145,0.0643660892950512,0.0267713453060191,0.0206942703924268,0.0170666504869735,0.0540639021820148,0.0198451616774604,0.0353094197072681,0.0170861678941842,0.0300640753558193,0.0038497961704732,0.0340298596082474,0.0206932293077781,0.0441727978438351,0.0254713190980807,0.0,0.0188271427557852,0.00907875134837,0.0630483176764203,0.0086278642283785,0.024047727124541,0.0079723211782957,0.0460119206959334,0.0109157246325972,0.0311103468531862,0.0107644360758409,0.0187824315010704,0.0084781347811102,0.0040133835933181,0.025791488636434,0.0081322791142129,0.0102333455394037,0.0095561914769831,0.0,0.0,0.0337663535711749,0.0086765687887632,0.0086242934153367,0.0150802048300976,0.0154568529126185,0.0,0.0037592089406964,0.0,0.0096404779285585,0.0340612055086746,0.0,0.0216970653607278,0.0083783421656669
76561199028361033,0.0379557767877581,0.0658059455114511,0.0,0.0860419737193657,0.0033186675597263,0.003778835847335,0.0197102464111093,0.0611966465946562,0.056337472065679,0.0290665376141491,0.0387334351130767,0.0339763341300455,0.0,0.0442947261659509,0.0123500859994546,0.0039255590875334,0.0,0.0048181056346126,0.0179198066397825,0.0039648778069531,0.1041612188626271,0.0195277863857817,0.0088256525695675,0.0,0.025523537529485,0.0033186675597263,0.0237918016860128,0.0114818614608937,0.0274082996778713,0.0088674062891292,0.0148803970177018,0.0268170547820349,0.0084245269119211,0.0,0.0150617928293508,0.0,0.0,0.0144611563154705,0.0404661258430438,0.0,0.0380447446583467,0.0514974740882045,0.0130657223833435,0.0,0.0,0.0095037998083295,0.0040595920181371,0.0,0.0038375127870455,0.003778835847335
76561199028905855,0.0530387467091254,0.0699958848196475,0.0641670594950176,0.0677647209254638,0.0,0.0244475308599051,0.0263727062475587,0.0175313137265051,0.0525159738940824,0.0303451299108781,0.0698523885919721,0.0229932214045158,0.0050718710179404,0.0458659311486173,0.0163493789541045,0.0221222571293794,0.0225629035628118,0.0,0.0158740886606978,0.0159237404276223,0.0495156687743297,0.0468362636957543,0.0140725878970862,0.0052136557505443,0.0,0.0,0.0041251926296378,0.0041251926296378,0.0,0.0041251926296378,0.0404089746280073,0.0351253925010791,0.0,0.0065848920474401,0.0,0.0,0.0347029936889008,0.007388690068015,0.0041251926296378,0.0,0.0182295193379696,0.0073858989752051,0.0188720589868082,0.0088189041534856,0.014760072936865,0.0166851340263021,0.0,0.0,0.0161036745278093,0.0
76561199031051001,0.0560873133985897,0.0518938615298245,0.0300873844579289,0.0355392771097634,0.0322328693632537,0.0525674019171037,0.0336713961619056,0.05368739702264,0.0306608689014503,0.0310555813678934,0.0258432828857314,0.032514468265194,0.0065048921816424,0.0240723156189279,0.0234123114917375,0.0145750346016155,0.0182195584981851,0.0,0.0248934554405138,0.0329699240793403,0.0268139582980861,0.017943288030916,0.0177243062888266,0.0,0.0133482271687458,0.0057678374655558,0.0324063015058666,0.0065048921816424,0.0318273701759197,0.0122727296471982,0.0162957846836098,0.0356811297724204,0.0113366241227378,0.0106419025630911,0.006797117724469,0.0,0.0062245952181566,0.0,0.0122727296471982,0.0120287900768434,0.0402422333007873,0.0375952076414755,0.0174044450353499,0.0062245952181566,0.0055687866571819,0.0,0.0,0.0,0.0065885532825223,0.0
76561199032352779,0.0600762966977179,0.0562143305982733,0.0216513844895448,0.0831279676998763,0.0,0.0181258394787133,0.0326636301034065,0.0416578634332584,0.047032126583444,0.029397338991405,0.0224637620744123,0.0170152869818689,0.0041590309753683,0.0379063016088132,0.0454586395181596,0.0602888971074245,0.0373594427831162,0.0043625944763331,0.0093989452368297,0.0,0.034378260622428,0.0284654517212861,0.0211594860949543,0.015253789371395,0.0243785147140185,0.0,0.0,0.0,0.009113164890721,0.0106138514739995,0.0237673038296681,0.0353070920617261,0.022119385025793,0.0,0.0,0.0,0.0135530484128773,0.0339663966498422,0.0055641692467175,0.0044572284672441,0.0094935792277407,0.0050363507604966,0.0,0.0049936650309882,0.0110611738269539,0.0,0.0240551820314684,0.0,0.0257900628109933,0.009113164890721
76561199032380262,0.0625308056698811,0.0479454949186455,0.0461669037218903,0.0508513873848274,0.0264050707851976,0.0511847685550193,0.0325167507376063,0.0425369342419181,0.0608051690919632,0.0151044635394149,0.0319725974763649,0.017596225256218,0.0103724961857591,0.0459800676642169,0.0211652628763309,0.0215783872217327,0.0206508802811495,0.0100082498315952,0.0302343713657947,0.0198002706333194,0.0191777639094796,0.0370151587422017,0.0156686402074042,0.0048713197206104,0.0048849426173755,0.0099037091231583,0.0155630920059964,0.0,0.0050650282872109,0.0161112760147904,0.0321082542972572,0.0240236158157605,0.0,0.0302203211546216,0.0099053874396031,0.0112164325557036,0.0100840187171874,0.0109986951963862,0.0,0.0053225807958177,0.0235774156384601,0.0125498949111787,0.0105739945523588,0.0104167442958889,0.0050207801770811,0.0052956098798378,0.0,0.0050187665057827,0.0,0.0
76561199034190035,0.0797371145268364,0.0331981864495271,0.0476847521375547,0.0650079552272432,0.0268287854767897,0.0303125642158164,0.0233040889192425,0.0282730969568811,0.0049004815524743,0.0375483099058065,0.006494566021823,0.0266513107800873,0.027779119133702,0.0158449734007722,0.0567160417136938,0.0320558321266426,0.0255673201538633,0.0374263170741704,0.0256566076632197,0.0261565768686416,0.0083619376926116,0.0197458811647106,0.0064750090459387,0.0,0.0132624192450859,0.0043791113401693,0.0308423594539967,0.0140110808324921,0.0072221514596712,0.0117568406529069,0.0144030768239476,0.0039203509058505,0.0430165372402488,0.0219143108992975,0.0049004815524743,0.0,0.0181676913103972,0.0136995044734449,0.003354712118111,0.0185022325083645,0.0,0.0,0.0074459148397517,0.003195480967009,0.0337476691594932,0.0032795280789296,0.0118452232926706,0.0084870195110625,0.0135628657100906,0.0033566094164835
76561199034795612,0.0573667970189819,0.0153583983770297,0.0520656774807889,0.0663257523964793,0.0192227658037946,0.0523038407623686,0.0429139620328747,0.0195545848302865,0.03983317512251,0.0123050541566079,0.006847092045112,0.0073131102324224,0.0043301176340634,0.0493862361668338,0.0385924081596161,0.0167117483873123,0.0465848135674625,0.0294949309832747,0.0401320644528284,0.0199633914166334,0.0110604853257346,0.0320909690356398,0.0042593859935412,0.0,0.0142256651133388,0.0032237633942059,0.02332601867668,0.0297932221511449,0.0,0.0286534939676354,0.0222188144563072,0.0032990416574128,0.0173670487953476,0.0095530610443237,0.0062259711000397,0.0211278888380058,0.0216111201757768,0.0,0.0285478260759994,0.0,0.0040843237748487,0.0169557985436408,0.0037756802886998,0.0,0.0167117483873123,0.0075690480949307,0.0,0.0267163546514923,0.0,0.0109973494306589
76561199035689662,0.0442382890852327,0.0270336843403659,0.0089164833671526,0.0685445509972775,0.0245319056870572,0.0173982610830648,0.0630410571803331,0.0122656038084307,0.0306743605486586,0.0479474127052881,0.0222101505777703,0.0262029458000308,0.0,0.0243062619120448,0.0658821367301141,0.0182661888775462,0.0326279952355032,0.0231014442277596,0.0162449749764133,0.0173911591861516,0.0329466439151897,0.0218811686675694,0.0232017877545149,0.0,0.0168027909024153,0.0137370411475291,0.0132106699889275,0.0278954839645605,0.0045371870939845,0.0241370128088845,0.0190048024136443,0.0045371870939845,0.0466953219443804,0.008024694583714,0.0,0.0,0.0307340344756661,0.0049338402995176,0.0283757236844208,0.0049702101552632,0.008024694583714,0.0033643304070688,0.0,0.0,0.0092152458387929,0.0167653916426163,0.008604051583621,0.0083419589818002,0.0292338597420232,0.0
76561199037612036,0.046011051675899,0.0614792836018283,0.0286348202300784,0.0561477715513658,0.0,0.0193968366170734,0.0,0.0375518897506333,0.0213318431185665,0.0173657236937551,0.0282117722083274,0.0427184749203184,0.0167329327922514,0.0206856205435262,0.0057356305932476,0.0242123506562546,0.0119653462245423,0.0,0.0160211547458096,0.0123814130908764,0.0924392313886229,0.006280761303209,0.0282637863862828,0.0183739750502991,0.0307922267664844,0.0,0.026989835810634,0.0052569960007144,0.0383029847792366,0.0,0.0059777205927142,0.0145289089556244,0.0,0.0,0.0247895692540796,0.0,0.017936356771208,0.0117232562250757,0.0130372402166442,0.0117251602129483,0.0145289089556244,0.0313860622807356,0.0180059215161574,0.0053226352997068,0.0,0.0401438531014322,0.0235309884386408,0.0,0.0292255690430068,0.0248541356365627
76561199039143583,0.0425683307165725,0.0173463851953715,0.0201284323507158,0.0680404329894743,0.0312150345105299,0.0267966797259285,0.0642908139221167,0.0270085011804969,0.057096052693595,0.0184338388899693,0.0042061196660209,0.0135631454220317,0.0149600228424707,0.0545989045433883,0.0348287668570522,0.0153579063234246,0.0284404048252976,0.010181372497723,0.0242793666527393,0.0160246106954812,0.0118778773943875,0.0250435167663296,0.018317547708397,0.0050404206732362,0.021554516960482,0.0153140221925278,0.0172484193636432,0.0281178220754229,0.0,0.0354893317597184,0.0219829921241381,0.0140285879430718,0.0244190496912785,0.0023596134787594,0.0037658092161107,0.0151622970733698,0.0090458749059917,0.0095959112882549,0.0353295965336556,0.0,0.0058961863961997,0.0403594164595983,0.0,0.0034811831477011,0.01265628865043,0.0048644937471871,0.0085752380719073,0.0101303283846294,0.0065386321728122,0.0044399033203575
76561199041231560,0.0365068629390517,0.0204419057207739,0.0111750267318449,0.0938591838337536,0.0088362154136598,0.0144848182448697,0.0445421518368095,0.0489155599867699,0.0710697330743186,0.0208783395032682,0.0128010305340927,0.0178759616572575,0.0067349930926292,0.0619124692749444,0.0342999227445084,0.0184051507478766,0.0212076753515258,0.014665371825483,0.0163302285936094,0.0,0.038313257321208,0.0423831102371445,0.0150626439524292,0.0,0.0210209950549747,0.0088362154136598,0.0,0.0,0.0036232340019919,0.0297393173801853,0.038611104963835,0.021459991020095,0.0219484788297893,0.0111750267318449,0.0,0.0,0.018071956418877,0.0110236403837934,0.0558234267249708,0.0,0.0164287090110601,0.0318819649498965,0.0049624608490228,0.0,0.014441584327741,0.0048145670432204,0.0036232340019919,0.0,0.0118124802752197,0.0
76561199042135432,0.0458663873086331,0.036464214943642,0.0140909901916157,0.0847940240315057,0.0298111571690043,0.0120464684035891,0.0300470723161632,0.0313756185861262,0.0565540975193127,0.0238264550466108,0.0072276707759606,0.0045501755955729,0.0102589210668598,0.0633108493720827,0.0408108995187828,0.0701662146763224,0.0170320386358438,0.0083296520688399,0.0312803028952036,0.0075513973419261,0.0258102651055444,0.0185920422058063,0.0077002762217274,0.0,0.0182440327197068,0.0086378643778812,0.0137495592106683,0.0082396086097941,0.0,0.0252513396879203,0.0198516344722667,0.0455025543148738,0.0117778463715335,0.0131393951319224,0.0,0.0077877012371682,0.009803646054513,0.021290978785046,0.0134764112410033,0.0053858743039895,0.017860926914955,0.0250984207286294,0.0107710388530412,0.0154251306279633,0.0045501755955729,0.0,0.0087605552566358,0.0,0.0134570132355016,0.0044411012727359
76561199044097396,0.0615781959507602,0.0845447920133345,0.0,0.0708994999126315,0.0,0.0220954573305173,0.0445764657048243,0.0515207645979385,0.0276667926079866,0.0388135807135494,0.022546839207734,0.015739880444722,0.0029660092384762,0.0185875168759441,0.0,0.0155418484298209,0.0191031262895857,0.0081016851345877,0.029668804021169,0.0,0.0841110551072625,0.0,0.0029660092384762,0.0038872911680053,0.0406672337893554,0.0,0.0181721663008415,0.0052254107620597,0.0261389831307287,0.0152275316013658,0.0033200993547214,0.0260659395913937,0.0039347503713311,0.0033200993547214,0.0149741512744948,0.0,0.0054089393444832,0.0126859991082471,0.0341854653682949,0.0031860233238089,0.031448159588611,0.0610200116995165,0.0071512311204591,0.0029660092384762,0.0,0.0237020748134848,0.015872022432056,0.0,0.0085949626682921,0.0118171217759287
76561199049721392,0.0429139153696827,0.0681679117744037,0.0,0.0671937816559205,0.0046078231843409,0.0112600670482237,0.0285991538132058,0.0506906567806565,0.0497606591608447,0.033112789311434,0.0199745923428847,0.0151463895735089,0.0040063609402151,0.0443103222914323,0.0227957905084316,0.0232832619179873,0.0038027156924758,0.0,0.0148785908668581,0.0046078231843409,0.0897842048006176,0.0233311744558784,0.0090372747777342,0.0164127349867672,0.0186904120123082,0.0040063609402151,0.0231578300687471,0.0043621885599599,0.024531321556454,0.0081935198725267,0.0240313761487284,0.0358212876302206,0.0084124608585185,0.0050181005014692,0.0097389762603341,0.0,0.0038747171504042,0.0054107884042721,0.0082192151142404,0.0045377437081143,0.0699652044839888,0.0312325093368661,0.0088928176518734,0.0,0.0,0.0253443443162062,0.0044294515933933,0.0,0.0138980241016962,0.0105533552916164
76561199049965144,0.0435056923306162,0.0211517075028124,0.025045681859875,0.0595169831977191,0.0366374513749308,0.0203943206842116,0.0667799602778994,0.0433611232339653,0.005868479850772,0.0341433066887249,0.0204446539862322,0.0391701448699692,0.019517758116686,0.0,0.0474905804383414,0.0216408611375963,0.0202024178688098,0.0231695201593212,0.0130486356414,0.0409113376534342,0.0273475101396398,0.0217229136321881,0.0218066115986089,0.0271801103359431,0.0329758933971935,0.0087706220296153,0.0146415161088427,0.0246599798848347,0.0136674831105875,0.0161688560722634,0.0063536748654431,0.0,0.0287411443747126,0.0191948127039421,0.0271736884178,0.0049616887156588,0.0171070491605961,0.0160694142805636,0.008496170823854,0.0025550095789952,0.0,0.0,0.0111411083527633,0.0030229019894617,0.0143004877319226,0.0068330231907799,0.0095453558550352,0.0060873498304199,0.003632763415977,0.0038422435290388
76561199050075632,0.0445429892933652,0.0669422514778545,0.0233829412509449,0.0778754000563644,0.0,0.0138003882070571,0.0154170490868664,0.0308947039306491,0.0461739798126985,0.0358335320940421,0.027499132682245,0.0283694271579329,0.0130434333287745,0.0503930577269928,0.0315158145309555,0.0628314080363443,0.0276170628229447,0.0,0.0214739483620616,0.0,0.0427396641238449,0.0343920876230669,0.0288796354963885,0.0,0.0298929126802088,0.0,0.0068863796286148,0.0035893906506216,0.0040686674794385,0.0050704587298788,0.0184975820060631,0.0271755057168564,0.0039678576186867,0.0,0.0,0.0,0.013635989288066,0.0341662536545044,0.0,0.0,0.0080561377289404,0.0093860141781939,0.0050704587298788,0.0177748391284291,0.0126097519606711,0.0,0.0294424897953344,0.0,0.042775848475902,0.004315555448315
76561199051043192,0.0213762388941454,0.009036268591781,0.0034971841653156,0.0895996081734979,0.0136173965258531,0.0037906110888076,0.051056188684883,0.024800753054349,0.0674808528139932,0.0242805896885116,0.0230869488616429,0.0429891738826866,0.0,0.0562047488916128,0.0187387304338669,0.0370839675890627,0.0238238699267284,0.0066207441100132,0.0309673409140042,0.0115445212626772,0.0648323554097794,0.0071309681678458,0.040024790117323,0.0126464136708902,0.009901193077634,0.0052609863668077,0.0223551250665243,0.0163468604318201,0.0043879219215217,0.0204736946143609,0.0106281523331615,0.0504504731890109,0.0107910131169653,0.0059692200007172,0.0,0.0,0.0151085210501654,0.0055132711561123,0.0332672260172066,0.0079547110004706,0.0219157434583887,0.0151473310265375,0.0106830874658532,0.0,0.0110300744529463,0.012395373599394,0.0,0.009748485343571,0.0079941110332012,0.0084471593583566
76561199056252159,0.0375251640501029,0.0784327482337776,0.0,0.0835653533327193,0.012161973985683,0.0,0.0266755581689193,0.0802982408872519,0.0279247933301414,0.0417533416949017,0.0290930346321526,0.0328671515205858,0.0,0.0213007745273956,0.0102288241084426,0.0469309816881563,0.0266192481117034,0.0064964446376459,0.0112085311330408,0.0,0.0551005492787701,0.0034976628697284,0.0086044671666257,0.0,0.0500910555191217,0.0046537534170852,0.0179905232469226,0.0128082600732417,0.0307378969975169,0.0132736403716477,0.0034976628697284,0.0056101465566542,0.0076854206008492,0.0,0.0229973452360991,0.0,0.0,0.0370051066939855,0.0333655027231114,0.0,0.017100289405272,0.037689397603786,0.0090471831049816,0.0,0.0,0.0046224723820628,0.0247009591808025,0.0,0.0,0.0268385406593853
76561199056820731,0.047389663295449,0.0288756375487452,0.0210562402379113,0.0431592207817143,0.0336198964925966,0.030420014448448,0.0716954526991575,0.0547257098171325,0.0203410197256178,0.0223522967561287,0.0098060266708583,0.0120034669609694,0.0183960634296577,0.0144435167109362,0.0231466821659741,0.016446531662145,0.0218163893357187,0.0,0.0154113868050951,0.0298118786194127,0.034562632939816,0.0090701091018282,0.0476232430471239,0.0,0.0403350268178389,0.0192418056865412,0.0263284491344136,0.0129840267565481,0.0134037186714528,0.0425306509867289,0.0050773253911394,0.0059161154853473,0.0097444588213498,0.0050403440546893,0.0249294758879578,0.0050566397875471,0.0052695008678399,0.0190306260052567,0.0132813884601882,0.0193063352795806,0.0092228503145637,0.0261507955110841,0.0288511954183221,0.0,0.0096361368926352,0.0040767728126715,0.0038068603701609,0.009531597741057,0.0100344795379582,0.0050403440546893
76561199057510412,0.0427340198224527,0.0332621188391585,0.0450972190942093,0.0501317759614348,0.0299789646052059,0.0278437299003274,0.0211353231275439,0.0136470160829568,0.0385231277094243,0.0486136699361189,0.0196401793322422,0.0177679714087067,0.0300631129941301,0.0406264174951813,0.0220937139091979,0.0278080103823173,0.0281017725077841,0.0029256828126411,0.033846020897494,0.0228901002775041,0.0154098811053533,0.0323007782117456,0.0288290831558721,0.0278212369282663,0.01788655931251,0.0269392884097648,0.0094047858836116,0.0158893896623643,0.0,0.0074917004765932,0.019298993507568,0.0146757298676702,0.0,0.0,0.0062198447343123,0.0077544312526042,0.0169812091508597,0.0157606409988033,0.004566017663952,0.0073925680821673,0.0104705403030519,0.0104705403030519,0.0070529657181478,0.036728282805479,0.0,0.0097676187175003,0.0138115315100113,0.0151799458316219,0.0251664893110844,0.0
76561199058171615,0.0549743252309117,0.0549941114990097,0.0230947228117176,0.0826614056218053,0.0181983703550944,0.0129881252271455,0.0555183197679729,0.0456788256342557,0.0561093477568821,0.0349815367095382,0.0258884612736364,0.0347041941193559,0.0,0.0404422163557065,0.0227144273763339,0.0330309108942236,0.0231213263744017,0.0030710188135689,0.0136384445936957,0.0030506202860536,0.0389235207301661,0.0134004596701759,0.0092875418522081,0.0052089693163703,0.020939841693803,0.003429531132967,0.0180086004676864,0.0079989860388595,0.0120643910415115,0.0398415528246166,0.0093515164148791,0.0169148967723653,0.0070544486787208,0.0,0.0093623326368332,0.0061572805463797,0.004195643255925,0.0205852574038582,0.0284857755483681,0.0026862165731177,0.0070256225563603,0.0357790132398189,0.0228451275596504,0.0,0.0073606932535926,0.0,0.0037666800584281,0.0,0.0045787918281236,0.0058865982039032
76561199058351895,0.0488319343399284,0.0267849405719644,0.0215239899490741,0.0363549386799537,0.0519346587459815,0.0536667384557908,0.0379704068337931,0.0272310212974095,0.037403524130825,0.0276576846631673,0.0331729817625564,0.0307734302610928,0.0354684485862091,0.0287441715559053,0.0425134104637878,0.0366055441160226,0.0138179779579299,0.0034653804341989,0.0469111185762245,0.0287047427233081,0.0035126953528409,0.0123485607770449,0.0229886660840161,0.028949435322879,0.0153680105681321,0.0260470476611588,0.0167240311481121,0.0034353428622937,0.0,0.0213670259595218,0.0074678732590045,0.0200613081902966,0.0103830453144791,0.0062465012622138,0.004868519454537,0.0070995367253824,0.0047405475067818,0.0186241705651338,0.006986918424624,0.004868519454537,0.0,0.0091201187586197,0.0136134188499232,0.0160791001499391,0.0200796174681972,0.0086012807510628,0.0,0.0,0.0208816640241428,0.0
76561199059767033,0.0453175978310691,0.0659796754604429,0.0209990116659909,0.0491309402359319,0.0093925981729216,0.0206614601408029,0.0250081936633981,0.0596689596858704,0.0241118300517445,0.0483244766747601,0.0389567625388401,0.0465848387609946,0.0311070681344465,0.0193121252809474,0.0063779744251413,0.0310528756706882,0.0312863741382432,0.0030940898205137,0.0053819598442271,0.0270923730033729,0.0186479342051521,0.0,0.06425198437141,0.0504845681335897,0.0346271678226793,0.0148452114214727,0.0028757136345819,0.0,0.0030940898205137,0.0,0.0,0.0070547435478966,0.0,0.0045939655406487,0.0192099403286218,0.0,0.006253980078162,0.0409147461006342,0.0,0.0,0.0160309537318764,0.0,0.0060398822936154,0.0382112217178505,0.0,0.0245699301502368,0.0216712075722194,0.0065168845383396,0.0112646897901498,0.0
76561199061202498,0.0444960990115436,0.0529231632245118,0.0366058740565558,0.0598441349226175,0.003839851736467,0.028565413707815,0.0227111558313655,0.0294251811849107,0.0237462720819454,0.0308181639352144,0.0380177705407622,0.0323622347234692,0.0220971327126385,0.0307311873314411,0.0236148747117769,0.0389324112592398,0.0301039968550485,0.0152827014821512,0.0412237737508659,0.0040595452567085,0.0487429098182381,0.0157805094021322,0.0365432528023325,0.0093750726577497,0.0123938715314063,0.0,0.0200657690189885,0.003839851736467,0.0145230460903767,0.0,0.0295093122045062,0.0237462720819454,0.0102439206523394,0.0058965770097759,0.0,0.0058965770097759,0.0086991364238787,0.0179186304773185,0.0045688818433598,0.0094028049511126,0.0171637506811822,0.0151641880802063,0.0043640241213008,0.014980933775369,0.0152943925358647,0.0128211233840819,0.0179186304773185,0.0,0.0119589730591057,0.0037866498568167
76561199061428348,0.0646247815866638,0.0406133089737522,0.0274191106974248,0.0622344477305607,0.033989810909787,0.0257908543853857,0.0212228287964095,0.0364843016240532,0.0632979831433349,0.0292262242758023,0.025683707872853,0.0090078915304051,0.0087161834567151,0.0538525072834123,0.0325294942147426,0.0651533333106774,0.0094495363383093,0.0041545712106088,0.0318785085881126,0.0150720325211389,0.0267704056842991,0.0338457527104845,0.0195631928942574,0.0,0.0122029510424727,0.0191237683284082,0.0,0.0137577217602977,0.0,0.0,0.011621145952907,0.0318123477657326,0.016259709313274,0.0041545712106088,0.0097811278718252,0.0,0.0178274163070709,0.0244747639007381,0.0,0.0094765013692106,0.0165173659575731,0.0116269173001578,0.0066487853207766,0.0073986186490059,0.0202024756216512,0.0,0.0099054951946178,0.0,0.0126554549073246,0.0039720924871551
76561199064718165,0.0434773291621921,0.0438842013465914,0.0110341165710456,0.0449483094069747,0.026066965711007,0.0255888468351892,0.0542596025457199,0.0477936623483625,0.0290012606955762,0.0379394034213836,0.0213885724894708,0.0112227244339895,0.0156640700565276,0.0203123917896139,0.0321402334771941,0.0504151680943513,0.0211018057802952,0.004220789468609,0.0175052846310161,0.0402429783818629,0.0315257375255257,0.0210269080280005,0.0208761604254345,0.0,0.0406034818160844,0.0152496604759202,0.0293503106883199,0.0118479994624604,0.0189874032361252,0.0169789698914354,0.0132883485976797,0.0213090176672273,0.0097815581526558,0.0031847309753438,0.0213231326826476,0.004220789468609,0.014658459372719,0.0215074605841742,0.0036028625850327,0.0040999343585944,0.0106042008016001,0.0107429523814103,0.0098332924053898,0.0144890983994062,0.0,0.003529726347283,0.0108234334592303,0.0,0.0115105404645326,0.0068361131001833
76561199065212767,0.0499193500030705,0.0516742864258029,0.0115278325263264,0.0789475077835568,0.0208234095943829,0.0188746926979387,0.0398507563638142,0.0311596324504942,0.0251798429164902,0.0312748177187507,0.0297275788745152,0.0267657772692963,0.0212059802504254,0.0380146031591274,0.0303981785707834,0.0332073745110608,0.0199322980859217,0.0,0.0266690642179326,0.0103235449256484,0.0274560864840924,0.0199486729621056,0.029472674602868,0.0080716043523673,0.0118657512450442,0.0100973960245477,0.023213603484678,0.011870632602546,0.0093210027571783,0.0266363325031331,0.0180445820095963,0.0141197529245986,0.0232665690469501,0.0121824482162085,0.005549412001948,0.0038445461752907,0.0067475543021634,0.01514319992346,0.0254021280012972,0.0,0.0103632139487557,0.0325681635201515,0.0092450743923319,0.0183338223664636,0.003326237635636,0.0086179538483692,0.0034289599475155,0.0,0.0163860963753622,0.0
76561199068146505,0.0711809957203234,0.0242308533858613,0.0355813620777024,0.0897185401938863,0.0041006428564528,0.0358739376617392,0.0254926875045872,0.0221412365632038,0.0820461775980504,0.0060248280936213,0.0078873185347667,0.0,0.0041006428564528,0.0900264284933113,0.0242564910951755,0.0115077984699327,0.0391755992680545,0.0234228509800441,0.0242056390620478,0.0,0.0270797434626171,0.0320108178369823,0.0,0.0041006428564528,0.0060248280936213,0.0,0.0041006428564528,0.0041006428564528,0.0,0.0174899452464851,0.0357784704933642,0.0450672116331392,0.0045012035590563,0.0155139892074308,0.0,0.0313801439451603,0.0078854655381951,0.0,0.0216944243202219,0.0038491843524378,0.0286186559762424,0.0539514348889629,0.0077888716810903,0.0040945639777388,0.0,0.0041006428564528,0.0,0.0117572436777213,0.0081372002685063,0.0
76561199070380893,0.0366174128524173,0.0448541927326303,0.0329698265789389,0.0519878916643499,0.0219007381016268,0.0431219323667554,0.065766774094217,0.0247246225167277,0.0353771375620638,0.0285817161672758,0.0209701230199182,0.0129897680634597,0.0194161708376209,0.0353771375620638,0.0164878426365147,0.0369121308046293,0.0401749891042538,0.0096842973406513,0.0345139581457238,0.0293270698814791,0.0129897680634597,0.0094645274406449,0.0324776157852245,0.0365904677997871,0.0075622610194076,0.008681102664801,0.0114145325747572,0.020397183194937,0.0046779476336118,0.0306213145242356,0.0278113157315986,0.0291131793739543,0.0144555828549482,0.0110743006049184,0.0030330651553891,0.0031518817859925,0.0037343907124707,0.0106055301705851,0.0078604972668692,0.0113960713735216,0.0129897680634597,0.0,0.0105056370508714,0.0109200491579285,0.0063650152774689,0.0040031550311892,0.0075622610194076,0.0,0.0087858466352409,0.0
76561199071386893,0.0311326020058839,0.0797643918339356,0.0,0.0822158427309209,0.0094516171850181,0.0064380058525984,0.0327657482780547,0.0832851346595484,0.0277014010011128,0.028799633111545,0.0240408311557103,0.0193201282131508,0.0097012497259912,0.0272109164763633,0.0217563510954308,0.0411422546495889,0.0130448436353325,0.00502825653869,0.0153450926366403,0.0219860944280071,0.0553228397168597,0.0041836455296173,0.0178630505565367,0.0041588406648637,0.0733370190175431,0.0074546429403811,0.0227109292805875,0.0030136113324196,0.0299092930016816,0.0061931934487829,0.0,0.0095844003683379,0.0,0.0,0.0276249684871485,0.0,0.0051671406644719,0.0488296044695997,0.014127312664957,0.0022318654806278,0.0169020139475088,0.0227247901570173,0.0,0.0,0.0,0.0026637040653356,0.0346834256003975,0.0,0.0056204420578365,0.0055628713339628
76561199071636074,0.0134939699391628,0.0523882981217677,0.0037983702810099,0.1005941559846885,0.0,0.0134939699391628,0.0178369276254691,0.0297393751372816,0.0869909281611389,0.0043400367884956,0.0262875639341446,0.033988349286668,0.0088327558430251,0.0946388088489659,0.0,0.0340413139365373,0.0147849188694268,0.0049502157389057,0.0295188503855736,0.0086124034453581,0.0641727775138552,0.0121398060225412,0.0351710304937094,0.0,0.017446262906979,0.0,0.01489612617016,0.0036621877064524,0.0165820022578355,0.0036621877064524,0.0177266481130166,0.0657462949731499,0.0,0.0058783755940503,0.0036286789315022,0.0042660595903945,0.0,0.0244751632701769,0.0036621877064524,0.0,0.0478532952273516,0.0139085126059092,0.0072755632543779,0.0053555628696572,0.0,0.0,0.0183048840787955,0.0,0.0239592764952514,0.0118959042451459
76561199071908460,0.0392233197467591,0.0699675419289114,0.014777228843868,0.0777971232914256,0.0185791316231788,0.0241977650027255,0.0539542070858489,0.0544439900351442,0.0356656513844144,0.026971775283064,0.0360950327217923,0.0113706038521743,0.0115937932626036,0.0320086200512271,0.0130385253744117,0.0116516908915287,0.0160327382141621,0.0141616086786366,0.0307445714091566,0.0057681149300977,0.0569656394332392,0.0080964104883757,0.0127891530562984,0.0103386181188264,0.0180333474813738,0.0,0.0396196218055091,0.0133731061442195,0.0076234265607084,0.0263327234463655,0.0032362546117711,0.0054444987799073,0.0,0.0,0.0076234265607084,0.0191642489186792,0.0145226293881663,0.0058256783325059,0.0376201260438332,0.007778915572633,0.0092400945805234,0.0608688384916695,0.0032362546117711,0.0,0.0045705031887287,0.0172594862233315,0.0,0.0092230065146563,0.0031709580350666,0.0
76561199073816082,0.0378512301306646,0.0230186928232975,0.0228282626871713,0.0670383983207392,0.0339038708220518,0.0298980788332451,0.0756898485365061,0.0314351158622389,0.0496653117398973,0.0187979567055496,0.0159487148310208,0.0197129959452228,0.0,0.0423077083384869,0.0376179770459709,0.0394417917177627,0.0165006794994633,0.0092743006731976,0.0289961454363248,0.0222519559835917,0.0043483965851728,0.0079326419275401,0.0180219512860761,0.0168678981357935,0.018012590136573,0.0237150674293463,0.0115293751086922,0.0268806045802471,0.0,0.0470385290322617,0.0082920251991074,0.0359681969452682,0.0146664014963102,0.0,0.0,0.0117472153116525,0.0048833879870248,0.0290464033268589,0.020113327734226,0.0043660525074133,0.0,0.0223830710031353,0.0,0.0,0.0177156554368254,0.0038120448905526,0.0,0.0199902190971549,0.0104899089103631,0.0
76561199076389886,0.07893372611876,0.057123600832002,0.0314534896254068,0.0564584535852445,0.0152683471557734,0.0442950969225191,0.0188687543910382,0.0377347504907884,0.0283758642461817,0.0279961496575675,0.0337165935529009,0.0198561647140511,0.0432739492820714,0.0216243078430459,0.0053554085546372,0.0053554085546372,0.0121415690484778,0.0046401116966307,0.038977915380807,0.0,0.0543848044124787,0.0067970528815783,0.0228403542644318,0.006951465688405,0.0066747644245129,0.0,0.0169076434676011,0.015023191662881,0.0228886772736661,0.0067515564031357,0.0385853287590182,0.0387933256164972,0.0,0.0051043372282739,0.0,0.0,0.010497587165695,0.0053554085546372,0.0102082074060755,0.0164302979625257,0.0438976628447712,0.0293460580593424,0.0177133691004739,0.0118297093068922,0.0046401116966307,0.0168720304857695,0.0,0.0,0.010057393682164,0.0
76561199080519974,0.0592017788514332,0.067609605459153,0.023060925680125,0.0692685912100886,0.0202242595845976,0.0068219646218756,0.0109510203172862,0.0593042800872862,0.0273038387048773,0.0470705813112456,0.0112796089790832,0.0065698736514116,0.0035900575120409,0.0277469174796107,0.0523417497397821,0.0733116735078161,0.0371874079232556,0.0087205813927463,0.0339704459547078,0.0,0.0310807814151096,0.0346703701273604,0.0082931017201081,0.0,0.0368296331811724,0.0,0.0,0.0035900575120409,0.0149127505182424,0.003894954061232,0.019419328179503,0.0101025116194762,0.0096885248933348,0.0028657249996709,0.0,0.0029270105606436,0.0110113442934683,0.0439053369644012,0.0070032606773271,0.0076984042539368,0.0101025116194762,0.0176470102789391,0.0059076619718024,0.0039588387222434,0.0087800780910779,0.0070560662560541,0.0351666441359469,0.0,0.0122519404423515,0.005700991536656
76561199080918647,0.0252714534638657,0.0327491823527492,0.0087216394398579,0.0708378569673761,0.0161188305916072,0.0102232146631024,0.0924298755279464,0.0707291493278171,0.0407266112475743,0.0195081905625451,0.0292017057426409,0.0243474768879493,0.0031016705837177,0.0445770420870394,0.0225764476273158,0.0193259135755281,0.0144778502781118,0.0139766001745044,0.026282512167057,0.013080434240558,0.0274510092381903,0.0096661775984134,0.022087881476817,0.0050206139030001,0.0221621848140406,0.005236312851109,0.0409847332665898,0.0279394210487232,0.0059979598532908,0.0488114126495803,0.0096661775984134,0.010349613075907,0.0234004461196077,0.0030801715300926,0.007510036277397,0.0,0.0146918598721265,0.0101119220191092,0.0462375112113829,0.0,0.0063747235696587,0.0259308378481389,0.0113368851963823,0.0,0.0,0.0072606268725682,0.0,0.0,0.0044298647473044,0.0059979598532908
76561199081710235,0.0659613808219777,0.0698216620661728,0.0455708455154557,0.0382336943662805,0.0241086957493491,0.0595275697432394,0.0161818184037734,0.0266342380916916,0.0221693151408982,0.0419179558190967,0.0427029480367469,0.0250152062221087,0.0317316927570931,0.0221693151408982,0.0079049165857427,0.0258238100285214,0.0170074555830668,0.0,0.0668132299407643,0.0210990803845505,0.0217877888923255,0.0173595707213898,0.0334066907060251,0.005086258564529,0.0227258083395027,0.0093689727575941,0.0095965095170964,0.0042647890236942,0.0,0.0083308422706662,0.0193289604213806,0.0185342255567594,0.0,0.0048357373311192,0.0054264263766759,0.0042647890236942,0.0,0.0227258083395027,0.007974482999161,0.0,0.0185342255567594,0.0104835002228446,0.0,0.0383966126783275,0.0244041878338455,0.0,0.0093372914519796,0.0042647890236942,0.0091669019940035,0.0
76561199082377284,0.0446929803717697,0.0366795221513002,0.0118213110555566,0.0485681009380254,0.02950614995731,0.0189475873565534,0.0302221263783845,0.069585283008149,0.0620418679238871,0.0110715193471658,0.0218405484836664,0.0,0.0,0.0380974229807785,0.0181863153797192,0.015478718121601,0.0155597785099639,0.0037447217236141,0.0283135812235232,0.00410423630804,0.0565335592164062,0.0212111525716486,0.0035561053735026,0.00410423630804,0.0364363919737916,0.0086928524168443,0.0049088698313671,0.0,0.0348994301243239,0.0079844638870374,0.0216829981578035,0.0670527500681446,0.0140820790716792,0.0,0.0,0.0059167765652087,0.0035561053735026,0.0028522804332205,0.0126212731204847,0.0036665259463792,0.0605289312216002,0.0602310053718925,0.0064768622220834,0.0,0.0035561053735026,0.0,0.019920856250072,0.0,0.0135774314170338,0.0174891864854205
76561199082847964,0.047371402320052,0.0370007111748627,0.0313325391267133,0.031441813470013,0.0363924816562772,0.0508253346246784,0.015445131594803,0.0271952766223596,0.0322092603318489,0.0309430106391577,0.0474081907267549,0.0360233476608528,0.0374973614015938,0.0322092603318489,0.0051195021617901,0.0228026565309568,0.0111311000941611,0.0,0.0575123720662486,0.0167507192217129,0.0210871422236073,0.0209001076672816,0.0387023589377436,0.0047219488329143,0.0342026086882825,0.017064860711079,0.0133926951178714,0.0178111795583272,0.0070073320659229,0.0100948205101385,0.0263888011991978,0.0253894793129394,0.0051195021617901,0.0051175297433425,0.0116331894783703,0.004839458446722,0.0047691160779254,0.0160917711654449,0.0049753183483484,0.0069319157733976,0.0108771797134199,0.0159702645303962,0.0271361731190016,0.0110004957684921,0.0051768959825896,0.0103001341493992,0.004839458446722,0.0,0.0,0.0118467905126449
76561199083912200,0.0549732324621555,0.0574419810733991,0.0250534227646693,0.0488456031461562,0.0151095533697833,0.0336033655524554,0.0212942806626225,0.0477329144843674,0.0265304906165541,0.0288777941846969,0.0487468114569262,0.0133676298031531,0.0150822474343239,0.0186577897867395,0.0197949133988088,0.0108563553512192,0.0100151962855298,0.0045525508609904,0.0240917279530731,0.0044757877507508,0.0503631756567074,0.0208380883167901,0.0196663232588596,0.0059276567558584,0.0242294078390861,0.0106337656190325,0.0104899924455601,0.0104034445066093,0.0181814819588606,0.0174703854010391,0.0155286901006213,0.0436404116418711,0.0155181072926156,0.0,0.0045623356897016,0.0099151408304364,0.0139139268167444,0.0102044628620517,0.0108908361560131,0.0100632664481422,0.0472049163482862,0.0503509700356565,0.0206282418346597,0.015225247801282,0.0,0.0059276567558584,0.0044757877507508,0.0,0.0,0.0046426314785287
76561199085212273,0.0598856265736822,0.0522030932607442,0.0380996535316954,0.0702023186087771,0.0128218738434558,0.0330066459208666,0.0159640291214332,0.0303872815159162,0.0476001339111022,0.0349816804391411,0.0251119974426407,0.0040321207286466,0.0,0.0483955710810645,0.0685165744238752,0.0648456450102228,0.0361784599630925,0.0087624301030392,0.022640295532016,0.0,0.0194816306337857,0.0536861119697123,0.0,0.0,0.0178453816037227,0.0043715967990373,0.0,0.0038266848920197,0.0,0.0078588056206664,0.0321493819793867,0.0113123689142225,0.0,0.0211547741617061,0.0,0.0160409536902996,0.0214106768052897,0.0389287894789206,0.0084937088373053,0.0,0.00666643319837,0.020245585931407,0.0127507664291525,0.0045898362472994,0.0083405465258773,0.0,0.0084489564375162,0.0,0.0045898362472994,0.00417174258559
76561199085433040,0.0529295893208846,0.0526131107744175,0.0202797941140519,0.0519236612756657,0.005122553172671,0.016172766343112,0.0096319933079797,0.0591489937049714,0.0584926851976176,0.0249083761641409,0.0213989050087868,0.0150437593210785,0.0152616287196226,0.042232579621066,0.0050251136989242,0.014865334865009,0.0317751692468894,0.0,0.0113527201544551,0.0,0.0788762342599518,0.0050251136989242,0.0191784488793292,0.0049049915096501,0.0098160108108136,0.005122553172671,0.0,0.0057687552492226,0.0209266454645744,0.0049049915096501,0.0097307835063805,0.0723798609230431,0.0050251136989242,0.0047270017983295,0.0,0.0057991041008738,0.0,0.0098471694705797,0.0,0.0241654556139925,0.0885446532519248,0.0577527412068221,0.0097268307830909,0.0,0.0,0.0,0.0111815604644921,0.0,0.0277987584224283,0.0106184881929856
76561199086769864,0.0297462555457699,0.0439901212665682,0.0079154880823743,0.0336310795412026,0.0420726901523872,0.0491546257830705,0.0405124604355828,0.0490500603464995,0.0435213566762218,0.0177264617918979,0.0126984597523256,0.0201318437801636,0.0092117801469508,0.0402710081719044,0.0149926939804963,0.0376402901622215,0.02200628599079,0.0037712776705231,0.0259554499965666,0.0115196259255955,0.0166565260817775,0.0048620957322451,0.031170000196343,0.0062669958893737,0.0159195299955806,0.0164005996376363,0.0273009802705496,0.0273759159754723,0.0201581013740144,0.0092330683473332,0.0078702371366039,0.0303946039517839,0.0096251728442418,0.0030081414043587,0.0,0.0223886423104114,0.0029750661420777,0.0029750661420777,0.0122081344894109,0.0046414035425764,0.0414456643192641,0.0549321945459199,0.013916540836309,0.0056639380412754,0.0037712776705231,0.0276162961607851,0.0,0.0215602813510895,0.0041442104118511,0.0
76561199087372221,0.0530953844255435,0.0478311660069461,0.0061923508247563,0.0429704628453947,0.056043316213168,0.0446619475060341,0.0463674241369864,0.0115567717715508,0.0141711817581004,0.0229014832441601,0.0314929831323302,0.025372255947759,0.0363490102830919,0.0305419502730633,0.0061923508247563,0.0061923508247563,0.0123290887033216,0.0249547574005492,0.0364782176798008,0.0061923508247563,0.0281038361001713,0.0061923508247563,0.0288122776450624,0.0546396823234903,0.0,0.0402795638510649,0.0147010340968655,0.0061923508247563,0.0128710857573045,0.0177491225963072,0.0,0.0142782883566131,0.0124724141724812,0.0,0.006218680404851,0.0062424178078274,0.0,0.0,0.0197177828766596,0.0,0.0142782883566131,0.0215003322229212,0.0216175513578205,0.0218114743901175,0.0,0.0341528091490734,0.0,0.0249573204903152,0.0250821139602735,0.0062424178078274
76561199097156418,0.0487229683009568,0.0273103473605933,0.0308749376890137,0.0682613059563303,0.0246883229822515,0.0224238308767816,0.0307998535752375,0.0327446939386261,0.05785937333493,0.0343007717579264,0.0185875806268031,0.0153074230177758,0.0049699445540827,0.0524366717539715,0.0465860139712362,0.0355970884300358,0.0207713140699975,0.0056687420479183,0.0401603266992932,0.0173796210117317,0.0489420468544159,0.0174996332737486,0.010742992109323,0.0,0.0264072435346586,0.0102010220113978,0.0074699606922542,0.0115523392623073,0.0,0.0162383241499525,0.0111379454863892,0.0340918483187683,0.0259637397169616,0.0096065785175436,0.0049479334488963,0.0097378294508397,0.0,0.0144391105986764,0.0085717263408661,0.0056687420479183,0.0241394753658194,0.02354572522671,0.0111878804610767,0.005975259688413,0.0138437075650617,0.0080148387901602,0.002344080027057,0.0,0.0,0.0022788851052894
76561199097247135,0.0400494438052238,0.049310892030768,0.0270964051499738,0.0599462905884393,0.0241962012404161,0.0239327862169719,0.037816142678001,0.0468693084791053,0.0151033949706463,0.0289165770656416,0.0293940934282887,0.0392113994070646,0.0206279470033029,0.008598245189723,0.030968979941353,0.0413929886434772,0.0292703593808395,0.0044231267049943,0.0050661828920062,0.0178580632326304,0.0121617472188702,0.013264544985584,0.0133336397205572,0.0075509609675791,0.0317932818599934,0.01765639255579,0.017991340087807,0.0284566548993198,0.0186629483921992,0.016176591145964,0.012218981755456,0.012777091102093,0.0166312387804514,0.0053751339705226,0.0228274480592186,0.0053751339705226,0.0171001948579717,0.0281857274658262,0.0096714413650406,0.0035068682118581,0.0,0.0118802837514459,0.0158978228923169,0.0034630191618432,0.0053330537723817,0.0104222947224114,0.0235007163845928,0.0104222947224114,0.0082483149470147,0.0200660102240885
76561199097271657,0.0646558348733873,0.0637582767047959,0.0422324421862754,0.0109150622598644,0.0518584553956913,0.06053801280789,0.0172653001065013,0.0587509531147889,0.0101541458254427,0.016553745609506,0.0254422989388772,0.0250364432376683,0.0164291638520806,0.0,0.0243503195658739,0.0444775268955519,0.0,0.0,0.0365347066737013,0.0067747635253802,0.0062437770440873,0.0346176001596153,0.0210175113758673,0.0,0.0436980024849489,0.0372813263397164,0.0135409314306918,0.0053653301898509,0.0104650853783375,0.0117868351483518,0.0258331107324654,0.0166516877082679,0.0,0.0092757482217414,0.0123745140715175,0.0101541458254427,0.0110803008739406,0.0188375002495684,0.0123672846954638,0.0199782650733198,0.0095361377756932,0.0293618726816754,0.0285315896772732,0.0108294133059433,0.0103485781286904,0.0,0.0048653348322002,0.0053653301898509,0.0,0.0048653348322002
76561199103998320,0.0536856111590181,0.087831066269487,0.0111465137302323,0.0867036182500876,0.0056001941237558,0.0119566317990223,0.0349119620878293,0.0452435166099794,0.0276032387151241,0.0535559134136205,0.0293261460285906,0.0111428092780251,0.0124850546383927,0.0330482942873117,0.0225784644953707,0.0278906687194041,0.0053122042240333,0.0,0.0059942248924712,0.0068848605146368,0.0668789189337055,0.0392927464217766,0.0229196515406097,0.0056001941237558,0.023215056981252,0.0056001941237558,0.0250148742448156,0.0056001941237558,0.0125298196064229,0.0053433025923558,0.0168111350855785,0.0113064291165046,0.0,0.0,0.0250455891927579,0.0054416067999365,0.0058866636908157,0.0113350391497962,0.0170449441097385,0.0058866636908157,0.0115061250987983,0.0355689886086327,0.0,0.0115915706211114,0.0,0.0412104429220722,0.0052520488482189,0.0,0.0112168071366227,0.0
76561199104391040,0.0504177352215318,0.0149411247368427,0.0131982167490636,0.0556336055723719,0.0427759974124096,0.0214102016298009,0.0423543996272074,0.0294758182575102,0.0324159235606883,0.0140704243084289,0.0178000247871995,0.0156495313359444,0.0036639750330892,0.035891101416032,0.0268627814227171,0.020523343349799,0.0164418961255711,0.0197982116565288,0.0337627300969604,0.0331595949454192,0.0273220413103093,0.0143718098886182,0.0194325687076342,0.0122401411059807,0.0127191848178332,0.0138529888411676,0.0312383707407241,0.0346807072903616,0.0141279421406088,0.0241261374792662,0.0132899632094533,0.0259854539085173,0.0261217904350334,0.0108765499633585,0.0443709018227294,0.0108637491114834,0.0039955929542377,0.0142881150711791,0.0072789372837795,0.0029476190397031,0.0191814487129397,0.0223566640491092,0.0140877507957357,0.0,0.0032311446423877,0.0178366916681363,0.0050257440658759,0.00968116961516,0.0,0.0042221840835585
76561199104812024,0.0593096121964051,0.067474300860273,0.0458860666017165,0.0541477703474034,0.0210134402812279,0.039437257966033,0.0226144938693482,0.0451967627757263,0.0508823811804008,0.0215114837023813,0.0361641976580867,0.01599992107242,0.0076631660892829,0.0487914354720108,0.0173503614431369,0.0097122107803584,0.0267134616212278,0.010638684248661,0.030552471615109,0.0129941467577099,0.0545044506245386,0.0259243721594506,0.0,0.0035487264179882,0.0102636007973319,0.0093979362065996,0.0,0.0,0.0,0.0076756517351532,0.0376376632605374,0.0341530961262101,0.0083034140290547,0.0166422120565331,0.00492736910107,0.0042121368989921,0.0115599465841481,0.0102636007973319,0.0134198082891662,0.0049598201033047,0.0489228977606602,0.0128060958464472,0.0036280285946623,0.0061651589953564,0.0029630325135077,0.0097613537734298,0.0,0.0044705671055296,0.0098354336840755,0.0
76561199105469404,0.0549957299022924,0.0355773735018987,0.0272684241246211,0.065375472513567,0.0135271694104384,0.0328761498482155,0.0451801068670979,0.0437917200489964,0.0373854762503371,0.0216438557442803,0.0362684425327551,0.0,0.013466860336985,0.0267158200698681,0.0377256141896745,0.0379818269251837,0.0092390869486653,0.0191229752844556,0.0359633828199969,0.01487749181305,0.0246963138587615,0.0396452430710973,0.0171818018844188,0.0248082970783369,0.020270914754047,0.0160947434039904,0.0249793845783343,0.0031555780989747,0.0,0.029632870310722,0.0158225201943659,0.0039917932069868,0.0213408046956174,0.0154786679545441,0.0,0.0180873831050662,0.0131998420868724,0.0073891251020355,0.0067437453436086,0.0,0.0039917932069868,0.0242913097835956,0.0121076942211366,0.0093425304172849,0.0213408046956174,0.0056171988730005,0.0,0.0045344658888366,0.0072721950533807,0.0
76561199108308292,0.0484386953990583,0.0188066197617794,0.0075891710003703,0.0924548642102826,0.0169472358191246,0.0071632255699114,0.0441488174771987,0.0262683293402721,0.0551444816851964,0.0374232710368504,0.0110474599702566,0.0262980820646866,0.0050629547355124,0.0514438772778186,0.0551310922499482,0.0420531583337158,0.0345662450224048,0.0033901298204756,0.0303423537097317,0.0102059513622558,0.0256246827495859,0.0252176768239908,0.0085371257158769,0.0,0.0193753279521578,0.0053793936579166,0.0069078619602377,0.0114859528799413,0.0053345380241509,0.0346420152778834,0.0164268536281732,0.0333529832912523,0.0341381692573808,0.0,0.0,0.0112108498216336,0.0202375318940655,0.0151288628377242,0.0314688774400715,0.0,0.010535660689169,0.0236084555739886,0.0119107335464161,0.0,0.0,0.0,0.0102494537182217,0.0072095034783332,0.0080914739349769,0.0
76561199111379022,0.0487272478273365,0.0496997251007697,0.0233792643837267,0.0468213715510548,0.0475321882056204,0.0217269426304966,0.0271782912852534,0.0623610084935069,0.0254645810525141,0.050192503679258,0.0154239503083968,0.0168883818779755,0.0157633280227932,0.0188256240523286,0.0194279339854767,0.0385698713110607,0.0278504959766513,0.018184572537939,0.0265948477493064,0.0362258010256308,0.0190748591070317,0.0127374029436128,0.0,0.0208482222206937,0.0487995603486177,0.0311013266759906,0.0034346167578299,0.0140623648135964,0.0076328044293185,0.0117028233163663,0.0071977271674184,0.0081097390904482,0.0071828894357427,0.0202147757526441,0.0214449891522614,0.0,0.0075411593791656,0.031083029376825,0.0194857592018659,0.0033529079806475,0.0037189842165317,0.0242657218040968,0.0088777460251663,0.0,0.0034592167528004,0.0,0.011665506482041,0.0033610691357538,0.0082781798592165,0.0045286875172187
76561199113407300,0.046603149489396,0.0479741605223582,0.0420684039027985,0.0740209379430876,0.0073198882330766,0.0291742038980995,0.0192475227815091,0.0466045920124075,0.0740209379430876,0.0355193146854522,0.0298295809919172,0.010874084378283,0.0,0.0770084963270653,0.0238351302592711,0.0362910414600577,0.0251627893256643,0.0076936763593138,0.0150563245011825,0.0,0.0429666968711595,0.0433136022950441,0.0202425526470071,0.0,0.0206916086495201,0.0,0.0,0.0,0.0,0.0141252173455627,0.0234537769859883,0.0297453860049835,0.0051732677317211,0.0,0.0,0.0156603932656594,0.0162531815540975,0.0110609435461734,0.0106166607039141,0.0,0.0201448052496421,0.0377463399734924,0.0035445800588356,0.0178550414144576,0.0039165976290299,0.0,0.0065321384428133,0.0035306691809226,0.0051223054359464,0.0
76561199114607305,0.0385927987998282,0.0455823844424428,0.0086581005049791,0.043712930364309,0.0190749347110726,0.0366822970290269,0.0658828895621199,0.0517078659957611,0.0143027432064325,0.0237614436888047,0.026151406453315,0.0067817104907287,0.0081310120919786,0.019406326857378,0.0174536360700416,0.0116265923506623,0.0050431410277007,0.0,0.0067569593356118,0.0361633533249409,0.0848473937568528,0.0,0.041058167341728,0.0198098989098045,0.0336101765118326,0.0112918169946474,0.0564347359147276,0.0032876146535444,0.0374220412353948,0.0083958605269438,0.0196171839238602,0.008841013498906,0.0036149594772783,0.0155203255174878,0.0370029767421061,0.0,0.0050431410277007,0.0223429265755197,0.0178495280154691,0.0,0.00860372956586,0.0099748718038176,0.0180468162280546,0.0,0.0036149594772783,0.0,0.0048696330150504,0.0,0.019270058418317,0.0241576445606816
76561199116914150,0.0579908023913107,0.0662388176242512,0.0482115189055861,0.0686358745334504,0.0191203964126757,0.0343006873532741,0.0199395098927061,0.035300797565108,0.0409035486237149,0.0316509698709006,0.0256196095370738,0.0150308831198588,0.0094136967564646,0.0460426351755373,0.0340806042404675,0.0406192080871773,0.0043848243108459,0.003766252077518,0.0190922874394071,0.0,0.021228529589683,0.0295247510778143,0.0087557698706543,0.0142517920111034,0.0178028051483979,0.0191203964126757,0.0,0.0142517920111034,0.0,0.0138773619108824,0.0238938105503222,0.0318105441585517,0.0088024089659276,0.003736771053907,0.0,0.0,0.0222933921575781,0.0267391282120593,0.0047088110629288,0.0053040685953128,0.0174626938004753,0.0156158456183086,0.0082612966067979,0.0321504239436493,0.0148834485403881,0.0,0.0048569531993717,0.0040116676238367,0.0163126139609406,0.0
76561199120414873,0.029392064013771,0.0735655180792635,0.0161105170166473,0.0740529461606853,0.014935528078505,0.013072743555849,0.0231959411729751,0.0664617066388188,0.0797101368754758,0.0120653206949272,0.0354694126260989,0.0268062857752466,0.0,0.0646096018829069,0.0060596863225806,0.0626839422684772,0.0245564876310165,0.0036806686913834,0.0092199734081779,0.0,0.0295543291311018,0.0203814246113496,0.0354320381249406,0.0,0.0382380404606758,0.0,0.017191426578067,0.0036806686913834,0.0130308295762569,0.0153841516448314,0.0085184322855824,0.0289287868666696,0.0057739794053636,0.0055332832375049,0.0074956676853068,0.0,0.0081617355011584,0.0519217178251111,0.0065071007708062,0.0,0.0167996080046306,0.0054607817063632,0.0035180809058016,0.0025416054167789,0.0,0.0,0.0176993491076077,0.0,0.0125169512118681,0.0100815303580324
76561199120639628,0.056129497827274,0.0492082569871033,0.0063901740576799,0.0524479062886193,0.0,0.0090417553723971,0.0126992101813151,0.0508682441824777,0.0360095642309854,0.0324589129188417,0.0517971635010192,0.0448577894814243,0.0210810642845697,0.0221390424948654,0.0265198635440377,0.0263605061851129,0.0129335603597219,0.0,0.0132638197979341,0.0146908902268898,0.0826952959042971,0.0335607370809631,0.0266964727129462,0.0,0.018161862177067,0.0,0.0135560115385874,0.0056491348544927,0.0139258710008948,0.0118628793256043,0.0213919451830446,0.0489380216205168,0.0122565868629359,0.0,0.0079068766840947,0.0,0.0,0.0111117868502446,0.0196397002618885,0.0,0.0443089680187406,0.030400147200351,0.0062137444711116,0.0090417553723971,0.0060428423918243,0.0,0.0058834850328994,0.0,0.0199561741831283,0.0119024793496995
76561199121565961,0.0583662364740796,0.0425478112282948,0.0468365958652328,0.0677343568583861,0.0067451079266122,0.0367116686848655,0.0254842099393323,0.0175041944188523,0.0565943907627445,0.0237536749756042,0.0425376273864869,0.0132045785842865,0.0175336137717678,0.0473393883349678,0.0507968532708768,0.0287064517424855,0.034014866430609,0.0047749535882606,0.0297579209341428,0.0127202498543507,0.0161477789055845,0.0436159614734613,0.0119172583400982,0.0202810190377531,0.0,0.0096162772799509,0.0129958458106796,0.0067451079266122,0.0,0.0132045785842865,0.0334376113991183,0.0093502583286517,0.0046895998300637,0.0203721951397351,0.0067451079266122,0.0106395534565646,0.0047749535882606,0.0,0.0132045785842865,0.0,0.0093502583286517,0.0093502583286517,0.0174370740334973,0.0197412044603182,0.005774142803057,0.0059467799255742,0.0,0.0,0.0309978454762903,0.0
76561199122736062,0.0528708175648472,0.0286319733011064,0.0617634044864657,0.0355479982001521,0.0547252175491104,0.0318543567586203,0.0400702140805651,0.0307807116293691,0.0159925830042605,0.0341925437128291,0.0150162256808307,0.0253809076080539,0.0271120115100139,0.0112036209540121,0.0111175594495437,0.0104436300755415,0.009889848629053,0.0529611677569721,0.0523214493394138,0.0245320178883034,0.0112036209540121,0.0047470494047754,0.0,0.0299485642942778,0.0104436300755415,0.0275572715097608,0.0124460437109536,0.0228100410792662,0.0,0.0077044345970559,0.0188611197534817,0.0112036209540121,0.0253925212746311,0.0207211253780742,0.0235963500278272,0.0,0.0207681998788598,0.0104436300755415,0.025126043604076,0.0155984038215243,0.0112036209540121,0.0183202330006958,0.0102155597174307,0.0085645829978078,0.0159716640521053,0.0058863089857328,0.0048581007194783,0.0,0.0,0.0
76561199122977950,0.0631288918302618,0.0410618949175021,0.013213025401885,0.0378629403565024,0.0369026912444089,0.0176406171594031,0.0297591092251975,0.0636696918345346,0.0373292568313059,0.0436596423752233,0.0179022501880095,0.0061351528132355,0.0127867772278383,0.0313876892396109,0.023334239858771,0.0544581016056045,0.0475781469067166,0.0,0.0220148338498985,0.0080374719454286,0.0277107677547899,0.0097405895160983,0.0257134447101027,0.0,0.033269624114064,0.0116788660372071,0.0110822797656862,0.0040911600405959,0.0317049165681975,0.0238927491739681,0.0133892403894461,0.0265440775448098,0.0046947712277288,0.0,0.0044580906012545,0.0,0.0,0.0298550643587893,0.0,0.0142000600088353,0.0201597923401915,0.0315829559916693,0.0104904287304768,0.0,0.0052718427181587,0.0,0.0236457870420041,0.0,0.0144749428033385,0.0144861237512476
76561199124943008,0.0539593740905936,0.0452861312491543,0.0262604714524674,0.0792692795499946,0.0083710813732042,0.0192766360031097,0.0471894595690788,0.0472388433030635,0.028706773189951,0.0409832832414415,0.0177368578983343,0.020136487863848,0.015140783827153,0.0262575190268342,0.06377881925976,0.0412195284911201,0.0192251661742073,0.0140246711995098,0.0269821028053941,0.0189597075893232,0.0254047571077199,0.028753608592162,0.0181551256458789,0.0093316165450716,0.0281451900839208,0.0,0.0194578596468431,0.0131731882394446,0.0051001853367558,0.0173982545872656,0.0179233628468902,0.0052404784117908,0.0289708336950175,0.0045050073530985,0.0101937952301499,0.0042855474316223,0.0147472574394022,0.0145075693277029,0.0181997979158478,0.0,0.0043687894317952,0.0136441961995795,0.0099577150103603,0.0,0.0130344878883348,0.0043257699749962,0.0043132055377977,0.0,0.0068594233630073,0.0
76561199126787166,0.0399513887561735,0.0578574898097171,0.019026334316801,0.0626468553293396,0.0278139581983869,0.0113238337627187,0.0252365718570182,0.0614325761451613,0.0206376471519347,0.0486685009033712,0.0242846827120641,0.0103082090726176,0.003755987078624,0.0209765010962488,0.0257007363475818,0.0621476491384831,0.0291494517318644,0.0115587178211282,0.0227766802866848,0.0097700695736603,0.011823576583052,0.0040861265811893,0.0114224404571639,0.0097356146360897,0.0547247224330748,0.019803581594156,0.0045623039943885,0.0186952058882785,0.002961563301438,0.014793789485509,0.0040861265811893,0.0085597935481369,0.0237343410521512,0.003881981379115,0.0061071945683382,0.0,0.0214704509732975,0.0403142068375112,0.0314234831146336,0.0,0.0084587710366141,0.028379132143766,0.0034480726098422,0.0,0.0076767364420132,0.0045623039943885,0.0357630870084799,0.0,0.011040543606213,0.013461009060389
76561199133897762,0.056120307482992,0.044308117246319,0.0273301637957092,0.09646026208045,0.0042066775825513,0.0183853068994278,0.0393425528547609,0.0443539468014845,0.0554014394734176,0.0301945761057272,0.0221524637032407,0.0194361520416438,0.0036021586421757,0.0607493374527945,0.0275644593864818,0.0316357110185398,0.0295662418653803,0.0128414365473987,0.0160780307092086,0.0086618278714908,0.0382213724089369,0.0227351850870722,0.0081530721298519,0.0051900456071317,0.0240992141929609,0.0076922956422246,0.0042066775825513,0.0,0.0048813954438828,0.0265350857611127,0.0206819105599111,0.0167352129241032,0.0079104142435818,0.0089040607832531,0.0,0.0117633476815503,0.0185412880596256,0.0140875737930277,0.0144998992390901,0.0,0.01379519249646,0.03276233110509,0.0147064049151457,0.0050711453415528,0.0079104142435818,0.0046658710760339,0.0096002661842348,0.0033777584929541,0.0,0.0048813954438828
76561199135781565,0.0322240281851705,0.031064457591843,0.0127129569367771,0.0836750267908757,0.0142027745371541,0.0163629345987523,0.0467239749743521,0.0536273804512318,0.0897184592419354,0.0201043409047371,0.0264039133959108,0.0095055491823051,0.0003542960980228,0.0787866798683161,0.0230922158843271,0.0075949148298446,0.0011595705933275,0.0091360986236245,0.0164822715670264,0.0159541603938516,0.0656377639857097,0.0253875292290933,0.0035247504490367,0.0102812944333452,0.0260262807745588,0.0162816694871244,0.0,0.0,0.0,0.0268057535514182,0.0180811956460553,0.0278013528871388,0.0083285102921994,0.0093983892558331,0.0016270976455182,0.0011595705933275,0.0035644515808191,0.0020892822364003,0.0307503029487055,0.0,0.0565933749758534,0.0464699456344164,0.0209517755992827,0.0,0.0,0.0035644515808191,0.0,0.0,0.0067892525639577,0.0
76561199136746247,0.0611897254493724,0.0307386941991483,0.0403817269174415,0.0320879905269499,0.0666292742508234,0.0529118251558582,0.0590085440253057,0.0287874732435678,0.0386323567344005,0.0243123882096405,0.0214751271274468,0.0139290283846913,0.008572130369932,0.0171049863426871,0.0271042862223015,0.0423349741113551,0.0222077071276297,0.0108378909901107,0.043879741999038,0.0396558018222002,0.0,0.0111154843735469,0.0183478064044655,0.0055212346218528,0.0144087283577238,0.026268853826231,0.0383685934631429,0.0360179438654903,0.0,0.0233954077295745,0.0039373980814969,0.0136263036527815,0.0187115745403908,0.0120850091008426,0.003748437122046,0.0072771369231283,0.0072701002568518,0.0113311600578253,0.0,0.0035607540669824,0.0,0.0114758497811754,0.0,0.0042602091587794,0.0146471927069626,0.0083245909922076,0.0,0.0122191111523047,0.0085510094322484,0.003748437122046
76561199136855449,0.0425997246135911,0.0661270190866978,0.0245711608831112,0.0329604936622553,0.0393377882263061,0.0275566787219444,0.0229262913965893,0.0678154370905672,0.012908142445513,0.0249898065611155,0.0,0.0269161200446845,0.0152146852165392,0.0171093472112778,0.0246104714770561,0.0302160835870296,0.0039410569988361,0.0072302916334628,0.0419247141051916,0.0291235544538057,0.0282280359529337,0.004729407442411,0.0097053843731744,0.0128856918373186,0.0334973922911808,0.0190919967050676,0.0072623574138379,0.0073382080185439,0.0332622486957853,0.0073859119981324,0.0099764028711447,0.0221362641977277,0.0116290680785181,0.0168295994132833,0.0032606390549253,0.0,0.0048004246640822,0.0204607944837755,0.0039731227792112,0.0173685383219417,0.0561763714372927,0.0361287014395678,0.0232396107799076,0.0,0.0043229258403492,0.0033650852393327,0.014574704374523,0.0,0.0071375815521049,0.0231546633283504
76561199138247965,0.0586995005223297,0.0268542164351772,0.0352511431723059,0.0699337870622591,0.0087380529035257,0.0363495433736051,0.0243736493728203,0.0180503518350504,0.0386989672517074,0.0316197729485163,0.0338390172394847,0.0239916468705725,0.0149933307252128,0.0457894715571962,0.0341671729147778,0.0263057306587988,0.0143503095839057,0.0153708926715501,0.0484035340207182,0.0066703745869895,0.0248115388290514,0.0231830586645517,0.0312717071788478,0.009034393573843,0.0177028538891379,0.0,0.016747565683467,0.0076726595908564,0.0,0.0218583453205279,0.0176082456207948,0.0317405823832639,0.0201501539932023,0.0062417829067579,0.0,0.0128600193620524,0.0086810413518761,0.0234343665283469,0.0117775808475676,0.0,0.0143014273522689,0.0185953453690321,0.0072816761418262,0.0211124836498086,0.0161176094461356,0.0050622756725996,0.0094809314215014,0.0,0.0108218895161773,0.0
76561199138513253,0.0497996842677641,0.0605178114966843,0.0257807713324533,0.0575361003339212,0.0,0.0134105779653501,0.0160634897396088,0.0463518593863429,0.0335787718116476,0.047391911546205,0.0395627261899251,0.0118312266074992,0.0188068124125955,0.0207307534141261,0.0329828770313158,0.0618032089878913,0.0123268918903821,0.0073182029470869,0.0155696878689606,0.0056946638248283,0.0422961631322725,0.0278012629225004,0.0346182758307964,0.0,0.042653306216922,0.0,0.0141757707703096,0.0,0.0128169316515398,0.0158484831745442,0.0270484414788313,0.0105568967011737,0.0104697717211023,0.009107627407498,0.0056946638248283,0.0,0.0217526497587151,0.0398471710415097,0.0132454836641676,0.0179341223361078,0.0075416443119388,0.0105568967011737,0.0,0.0119540342910569,0.0073182029470869,0.0036210570305739,0.0280930562836672,0.0,0.0036535872029855,0.0043364705441086
76561199140016913,0.0832332580656662,0.0847617914983585,0.0643094134754828,0.0291888724209822,0.0201840858608914,0.0559807968028238,0.0291246563113429,0.0199445417676774,0.0189662081243154,0.0342272182454217,0.0710386617633053,0.0110012303076593,0.0066971335313182,0.0126157841123249,0.0238253336034928,0.0193906175448163,0.0105550771594563,0.0156030934948634,0.0237632209774385,0.0235494687121438,0.0117505385470682,0.0160548902984672,0.027626694848358,0.0276983663074053,0.0135819401644971,0.0138247997807069,0.0063195119651207,0.0099427220887865,0.0,0.0146042586484572,0.0064747691132223,0.015935058185305,0.0036858828340192,0.0231409475925768,0.0139010390712267,0.0034292102304253,0.0344002472282514,0.0165529513815276,0.0075301009512839,0.0,0.0092275092491708,0.0164079350493117,0.0036117314962168,0.03528751617238,0.0027658889141071,0.0057619968044275,0.0025230292978973,0.0,0.0,0.0
76561199141759033,0.0331151697043807,0.0632653736659452,0.0200119138066054,0.0418606077283868,0.0514752016555456,0.0355482841579358,0.0264871149043384,0.0463865921634906,0.0236252864330388,0.0168424426215167,0.0280740915026582,0.0376037586857105,0.0208561570250798,0.0115832864173728,0.0078816674900361,0.0273461980381514,0.007452184993471,0.0019958749349702,0.0395961762376179,0.0109227388903226,0.0432185533500563,0.0078816674900361,0.0251550138174309,0.0400211947564925,0.0373680338296344,0.0215446766218004,0.0529356183520555,0.0020301848379332,0.0242060238850702,0.0170220747140582,0.0,0.0245917340522881,0.0071001720257304,0.0,0.0064208857173317,0.0,0.0,0.0165540635833177,0.0039391187932221,0.0,0.0140501025373518,0.0214758346932928,0.0,0.0038131664783171,0.0078816674900361,0.0201132551274722,0.0125858061108098,0.0,0.0210551788203462,0.0171058518593397
76561199142951886,0.0539994415898791,0.0646473184184315,0.0262240288224908,0.0724403818949114,0.012848778437699,0.0218472845674071,0.0160056340147,0.0575631844312257,0.0339705806670559,0.0179405085240618,0.0358009240336441,0.0087281731264412,0.005123850223412,0.0371381315330365,0.0242335436990946,0.0458183784402623,0.0190418148621037,0.0043872406188759,0.0152758130193406,0.0103831023507572,0.0327711730865098,0.0307972594901485,0.0176673015812768,0.006301621079559,0.0369102934659229,0.012848778437699,0.0086537874650127,0.0127182305121458,0.0128132454127004,0.005323804560801,0.0268729961503437,0.0147392563564046,0.0043872406188759,0.0087635433307756,0.0042735790906727,0.0044795641911074,0.0042735790906727,0.0326399053026515,0.0088371953790454,0.0043650029761664,0.0237032458252781,0.0246624522236913,0.0232144065888421,0.0044074203828157,0.0087522435950423,0.0084911378839213,0.0149206623953189,0.0040814812711981,0.0095312706062278,0.0043802083743399
76561199142956823,0.0677308571640926,0.0845564000322886,0.0016227960165103,0.067186218433478,0.0045687239423279,0.0011071734233159,0.0109505833934172,0.0473055004969897,0.0143579097422525,0.0647207628863617,0.0573934715851049,0.0264485095801223,0.0059376861532667,0.0155193384350939,0.0143278205924009,0.020255640617682,0.0011071734233159,0.0011071734233159,0.0153447627361272,0.0016641496005898,0.0921529810034728,0.0217151866101293,0.0,0.0093033633104981,0.0162475805908964,0.0,0.0384595454515474,0.0046712887627544,0.044550184792954,0.0,0.0127017850625764,0.0151080937534569,0.0026030525370405,0.0,0.045282887162596,0.003175299403094,0.0011614286928414,0.0114361479361089,0.0331070520120189,0.0,0.0120058520216072,0.0785370934507673,0.0,0.0,0.0022954334477861,0.0169238099904268,0.0046532959399033,0.0013926230789699,0.0093033633104981,0.0
76561199143159259,0.0624793584855853,0.0315366583245001,0.0417247168394698,0.0788891808235873,0.0204832996814457,0.0250441216030174,0.0372815784093858,0.025866381154342,0.0399788917074625,0.0367079334466745,0.0147567208253191,0.049858449267439,0.0,0.04705322629715,0.0266172894501663,0.004526204783551,0.0263788451521976,0.0236956977431275,0.024321860943668,0.0083085583072759,0.0483203143253343,0.0047714204491706,0.0118517065757921,0.0204305438304667,0.0111477735253747,0.0161152146480122,0.0284950651275554,0.0308716676865697,0.0050489959934434,0.0180535965965582,0.0,0.0070775693342377,0.0130565558470589,0.017985523150699,0.0050489959934434,0.0,0.0203478019538385,0.0,0.0323607981742718,0.0037589306143372,0.012623166153862,0.0182253428596125,0.0167722091697185,0.004088996019918,0.004526204783551,0.011807560570547,0.0,0.0037391389678581,0.0079659344034019,0.0
76561199143328855,0.0362684012570402,0.0385971128451901,0.007115181927309,0.0736477607789109,0.0062894189946133,0.0186620705286649,0.0249143359152032,0.0301507716767397,0.07697954130349,0.0435802740124467,0.0211286446890912,0.0098381015865086,0.0,0.0599199125962223,0.0386389664269488,0.0401888730809197,0.0078757886092261,0.0,0.0241581704015913,0.0,0.0609218416496944,0.0221116374815009,0.0096725854729094,0.0,0.0247906031746615,0.003166663246648,0.0087266116632234,0.0031227557479652,0.0056038559152581,0.0180420783491398,0.0171147674276254,0.048929184603306,0.0324680295606177,0.0,0.0056038559152581,0.0,0.0100280748533768,0.0114514283674447,0.0099470851514227,0.0063542588078819,0.0435875716986678,0.0258899910654348,0.0,0.0063542588078819,0.0099579330449413,0.0062894189946133,0.0130043880385133,0.003166663246648,0.0357411310852472,0.0
76561199145933358,0.0597932000626753,0.0439010779196116,0.0261664202961775,0.067691955931641,0.0034698316149846,0.0309555589213442,0.0444119160859524,0.0180276317326702,0.0580356909605423,0.019591023855546,0.024731146750484,0.0341352122923469,0.00952252174719,0.0517919447041938,0.0234121406664408,0.0175486309944464,0.02444688108988,0.003523891348566,0.0333011536397158,0.0037192553286205,0.05014524949047,0.0282250840538888,0.022820211771424,0.0,0.0137160057298664,0.0034698316149846,0.0152429155586528,0.0057203938114628,0.0,0.0213020993676005,0.0323137032047022,0.0300397294711731,0.0304231206623837,0.0074439050471412,0.0037192553286205,0.0037146486156969,0.0211755641316551,0.0034698316149846,0.0170257427778174,0.0072036803167365,0.0242423824926774,0.0141303117828138,0.0057203938114628,0.0058032664185695,0.0070678193835188,0.0,0.0,0.0037146486156969,0.0239731189829682,0.0
76561199148191143,0.0543303144476227,0.0969634051855203,0.0041885945061152,0.0846287223840387,0.0043940126423442,0.0048636734256366,0.0183883257085136,0.0671860870508873,0.0367848683304719,0.051656763687059,0.0332885307418368,0.0196480351476217,0.0,0.0288574282552589,0.0204982266249818,0.0370470700707719,0.009661800269492,0.0,0.0,0.0030462719906052,0.0732775003865957,0.0133538503139078,0.0086670360103955,0.0030462719906052,0.0404542839591753,0.0,0.0148755009938164,0.0066577643164765,0.0214834699214153,0.005281237202888,0.0135742044512878,0.0034333853971507,0.0034333853971507,0.0,0.0135835274632515,0.0,0.0041525704487544,0.0405249537832702,0.0490933357073842,0.0,0.0038256472375112,0.0325451122409259,0.0119390015193645,0.0,0.0,0.0209757699862832,0.0198810820729341,0.0,0.0117216869908811,0.0087872917397951
76561199148448392,0.090100239895512,0.0525472085376995,0.0499127189375092,0.0357177118708472,0.0277542207062042,0.0496507009566119,0.0159781688355246,0.0273513263343236,0.0056119774216439,0.0292374571056055,0.032694746460774,0.0243800326752116,0.0433999232690307,0.0,0.0227837558921781,0.0134474029864559,0.0102922331529825,0.0161346219283333,0.0245357437533059,0.0288352941989804,0.0180018218327789,0.0215291576556861,0.0313915846969423,0.0036079011718308,0.01021267973991,0.01021267973991,0.0147354101838323,0.0069942027870116,0.0102922331529825,0.0168161021471654,0.0132238582327335,0.0246140263642315,0.0,0.0245967536168969,0.012350232346992,0.0141558947107279,0.022867635214777,0.0150550169315279,0.0078178231103407,0.0152479215811743,0.0282636405675098,0.0292811838461916,0.0213356398965911,0.0169075199633005,0.0101235955902194,0.0,0.0,0.0,0.0,0.0
76561199148775972,0.0505814570217888,0.0520289539739821,0.0611449148783429,0.0180421614791218,0.0263036009224171,0.0701484751063514,0.0429331424372106,0.044708149612194,0.0079046150210042,0.0191600648859838,0.0598372034103301,0.0180187799228663,0.017020575925365,0.0079046150210042,0.0075802758668948,0.0083913542907804,0.007893637500139,0.0185289007488979,0.0263662061887095,0.0162725877555292,0.0101375464581175,0.0258503658361377,0.0094403000584701,0.0171135982970346,0.0097197648275136,0.0179122466316366,0.0083913542907804,0.0078812334647487,0.0097197648275136,0.0429331424372106,0.0599920570134359,0.0083913542907804,0.0,0.0154615093316436,0.0078812334647487,0.0162959693117847,0.0419313074655935,0.0,0.0101375464581175,0.0,0.0,0.0176243798485179,0.0184446913213029,0.0278849913797731,0.0181737243845865,0.0,0.0,0.0179122466316366,0.0,0.0
76561199149640219,0.0186315289060782,0.0337461593953249,0.0168874371682831,0.0558835437835563,0.0477198606730306,0.0072678007686341,0.0604340670776309,0.0300780952788305,0.05614795028159,0.0100232724475704,0.0095410364967693,0.0140594283187217,0.0066234351610874,0.0481898023336774,0.0128367364590603,0.0250785126442101,0.0200555059675664,0.037657543338696,0.0416284142498797,0.0095936241257101,0.0141742137853536,0.013472703361738,0.0072678007686341,0.0237076568770826,0.0253788816353067,0.0288974944153266,0.0190337579636959,0.0246765058597126,0.0042677312175903,0.0295156663198324,0.0,0.0223769746374459,0.0205438601421838,0.0174018223370174,0.0051425220339743,0.0,0.0048309896736998,0.0168085423925233,0.035097511268296,0.0051410558379948,0.0129790028324526,0.020343799590433,0.0044511020917357,0.0,0.0042706682635897,0.0354795741416208,0.0042677312175903,0.0171629072128813,0.0169580380287889,0.0042677312175903
76561199150096251,0.048889968843877,0.049265727181398,0.0039670201863703,0.098780673020957,0.0137072111153977,0.0114623453835275,0.0409525609208859,0.0356352544646137,0.080052677946342,0.0076897912809001,0.0118092554745245,0.0232384625225763,0.0034548093486899,0.0669666468625242,0.0210594203477406,0.0245123932936494,0.0140344865884789,0.0,0.0321415127476438,0.0146670631732656,0.0570897944909267,0.0137832644907777,0.0209396128982304,0.011216746212204,0.0069238856104777,0.0,0.0138969593238802,0.0034548093486899,0.0037602745486338,0.0126173394225749,0.0201613984778033,0.0576374325943605,0.0171349327466198,0.0060561139113994,0.0043124439457618,0.0,0.0031636110618438,0.0078798515090827,0.0043683528929283,0.0063348884886259,0.0515168092363969,0.0180601490590019,0.0098163884600332,0.0039670201863703,0.0061668522360123,0.0079809895677461,0.006573873305311,0.0,0.0191386507223092,0.0037602745486338
76561199153422953,0.0389482586378384,0.026821732004311,0.0299933259876856,0.0894533024185519,0.0086274959423657,0.0158350346819963,0.0383418009514613,0.0354313642269837,0.0585911431445787,0.0101051428535347,0.0350270156156685,0.021027837051323,0.0059347214371348,0.0501493311230221,0.0358224235072829,0.0293693939514565,0.0101911449969033,0.0190092569987181,0.0482045360175026,0.0248965418870544,0.0244443910421815,0.0338055398411803,0.0199846598210137,0.0132242326945896,0.0058788968767102,0.0055760158590962,0.0110118491366505,0.0,0.0025245357758266,0.0119569984668656,0.0133407572474804,0.0279176383119643,0.0075670324968883,0.0034351326580364,0.0055760158590962,0.0249434945620798,0.0229396632174205,0.0089303769599797,0.009466094830836,0.0025245357758266,0.0283502521406811,0.035819247953106,0.0,0.0059347214371348,0.0130495885648551,0.0119465300229427,0.0028274167934406,0.0092805481146935,0.0059630301040481,0.0
76561199154157581,0.0728179088581264,0.0380510237980956,0.0141949665699725,0.0544122512579563,0.0609637208612666,0.025846272212485,0.046701143871103,0.0293218774503034,0.0201800187149899,0.0423311288482694,0.008679693998852,0.0275882078930739,0.0078386971802517,0.0122629391136624,0.0513885256682519,0.0454374528272124,0.0119837402583132,0.0059606854546698,0.0528072699751512,0.0284192265033718,0.0162508994011822,0.0140864668895853,0.0156909238888337,0.0102434316806182,0.0190598572293273,0.022011320210908,0.0,0.0216197354508173,0.0,0.0365671077808574,0.0065612161023339,0.0186335181142729,0.0202370566788246,0.0079328783084065,0.0090827420133211,0.0,0.0105959715107028,0.0253930194232081,0.0186521220493767,0.0022501738335044,0.0062396744637729,0.011282982642944,0.0123809245233674,0.0084813230558593,0.0095714687117762,0.0,0.0076004248845517,0.008755896053519,0.0036321137827486,0.0
76561199156024770,0.0553687906092198,0.040924879802851,0.0185097550024361,0.0315732716217995,0.0701938538219414,0.023907982204691,0.0187337816212724,0.0464953338977965,0.0131075648006763,0.0273685826913751,0.0178087971045874,0.0195316645443811,0.0089242934533742,0.0089985697755416,0.0364888862549824,0.0591835142918336,0.0137940730180864,0.00441944892862,0.0327199916709483,0.0197751543237766,0.009419472850268,0.02298419037556,0.0137672992161828,0.0145624073849847,0.0405143636057459,0.032884597721319,0.0099107770051771,0.0186610349106603,0.0088541216334357,0.0144894261242797,0.0135285663141933,0.0087860252108096,0.032059069960908,0.0050739153686331,0.0183860059168256,0.0,0.0088075927475898,0.0276525641125103,0.00428892219925,0.0099943846376943,0.0,0.0128617994932356,0.0092396441149432,0.0,0.0231651004076459,0.0047171935172514,0.0173502360623978,0.0094214293351383,0.0265400005936951,0.0142516697394721
76561199159246290,0.055873127150787,0.0506154750495605,0.0479865159348564,0.0095409282329117,0.0095502451920999,0.0635867407552812,0.0102808312716113,0.0318826609547339,0.0041182582445382,0.026207558602958,0.0467573280718681,0.0272729307973465,0.0747492933812329,0.0055413343456236,0.0052653531041823,0.0083679430099797,0.0,0.0046304865346761,0.0292308013354324,0.0102808312716113,0.005015478167429,0.0119562878173592,0.0626840043932571,0.02281352072856,0.0247157770557382,0.0055413343456236,0.0225622680038333,0.0153927225372035,0.0204021128085388,0.0,0.0279149989661773,0.0306672951724737,0.0,0.0042755751287294,0.005015478167429,0.0042755751287294,0.0106506794363205,0.0,0.0040089108464762,0.0288487791867999,0.0353780199391795,0.0311849440369305,0.0217081342244467,0.0395952999808444,0.0206888162620647,0.0,0.0083679430099797,0.0,0.0062294584046038,0.0083679430099797
76561199159754169,0.0404665907726197,0.0525214105520682,0.0031693103156333,0.0621491440322029,0.0085550622473531,0.0066693892154972,0.0419469875779109,0.046976019601109,0.0111751133812744,0.0434197672429189,0.0139045969588528,0.0376632893657166,0.0033534242323893,0.0143444236969077,0.0199482107486028,0.0382771321801359,0.0247814883235905,0.0066284551961921,0.0225382559620362,0.0034929008085657,0.0425215909154933,0.0103102434704072,0.0230688863618881,0.0,0.0385627395706213,0.0,0.0466810769995936,0.0374574245386068,0.0235655909301222,0.0299833360014969,0.0103102434704072,0.0161934680361208,0.0167552285292168,0.0031693103156333,0.0118147899404428,0.0052931038696523,0.0170382411709168,0.031893350355124,0.0394454321090075,0.0,0.0088532515280829,0.0344464418844527,0.0070419818570828,0.0,0.0,0.0107017286453707,0.0178718662249236,0.0,0.0,0.0150397008637572
76561199160326290,0.057225370851667,0.0413837219631743,0.0142105961715635,0.0624910628808437,0.0412867916521435,0.0243576034402312,0.0269347452676723,0.0417554194271343,0.0190130055117035,0.0300017324743021,0.0165605268589345,0.0143871394586793,0.0044025930598814,0.0251289308500892,0.0428014289486622,0.0594624336676604,0.0149375160684097,0.0,0.0372501335081922,0.0247638470262226,0.0276013876966939,0.0358716022170025,0.0114674079750462,0.0124071138233073,0.0289746589356411,0.0205442497311735,0.0033540280634918,0.0,0.0121591025708162,0.0103582499290116,0.0151512339917432,0.0188904081520093,0.0329898895950704,0.0,0.0056064947640149,0.0,0.0095499265356217,0.0323459777607799,0.0,0.0,0.0188904081520093,0.0272791078063784,0.0103582499290116,0.0106048699898043,0.0234485527929697,0.0,0.0074720741650515,0.0,0.0263204063361828,0.0
76561199160469265,0.0611522094374882,0.0400138652159003,0.051225853114291,0.0419987527942964,0.0349887748141522,0.0412978714902706,0.0386331626492554,0.0159177846137717,0.0221985317189252,0.0150388208963098,0.0443708407475618,0.015059508812697,0.0089095267241769,0.0239907571615617,0.0190635346467209,0.0160793277372328,0.0120993070747003,0.0538745162261068,0.0173078714879859,0.0253319327119713,0.0162876738900677,0.0204595619984182,0.0124925990153648,0.0247387708833601,0.0115363770344316,0.0124136006782059,0.0300937174442911,0.0174770501506355,0.0039587257550199,0.0225192967727151,0.0129198666582686,0.0173622097735124,0.0191870219772346,0.015846191794048,0.0221926171171901,0.0262301546842143,0.0159686205036206,0.0032911477147098,0.0048942708097799,0.0228470982980572,0.0134819560166491,0.0162936988564854,0.0082013717615154,0.0,0.0069948092059155,0.0082619728138942,0.0032911477147098,0.0048942708097799,0.0033527240375066,0.0039587257550199
76561199161773396,0.0679235491754981,0.0348964179134527,0.0241766410774164,0.0587940873861596,0.0255946810092723,0.0289783428036078,0.0198335976348657,0.0110117500946996,0.0472132245673675,0.022038375479918,0.036277102925842,0.0108109382051781,0.0239729601127599,0.0421843744167093,0.0536162116936867,0.0645425647270803,0.011107710725874,0.0047087012518336,0.0402674508385638,0.010072863147395,0.0136066273549606,0.0423865509343683,0.0253428599853749,0.0,0.0110117500946996,0.0158275889092179,0.0047087012518336,0.0095678040392161,0.0,0.0172877291836261,0.031481516292196,0.0152265581224664,0.0166097129694503,0.0,0.010072863147395,0.0,0.0090139589080415,0.0164617048758309,0.0,0.0047087012518336,0.0091978483445888,0.0160531997430528,0.0070219355879766,0.0242930752810242,0.0315190194722428,0.0,0.0,0.0043688599503007,0.0262098891131209,0.0
76561199162150157,0.0620575842097391,0.0232833874980059,0.0373217371114555,0.0450263191610737,0.057530389368266,0.0680276473873878,0.0370269960803985,0.0141931076955896,0.0403464326961678,0.0282847755010911,0.0071380567381057,0.0234761287961548,0.007652306652816,0.0403464326961678,0.0481037581765751,0.0182077799112418,0.0201750739612575,0.0,0.059872192161382,0.0319425508161373,0.0087256875100506,0.0364011689278685,0.0095581370185279,0.0,0.0185693356088196,0.0283692537095537,0.0091897375697314,0.0230091852573179,0.0045816349625107,0.0150491660301347,0.0211109571398222,0.0222388393177445,0.0078203101344926,0.0095176573960086,0.0,0.0074663013361889,0.0034522261799134,0.0174396774145602,0.0040146722156521,0.0046150785139879,0.0068198571443387,0.0074288869351476,0.0036858305581923,0.0123335646068047,0.0158942263668568,0.0,0.0042976826586234,0.0185561795457212,0.0052604543599044,0.0045816349625107
76561199163724629,0.0557365488871512,0.0498608449458542,0.0285510853634736,0.0531775101850262,0.0381912617791183,0.0417999978391058,0.0354522627556242,0.0449430040858262,0.0254154179296523,0.0449788533319705,0.0139430550520551,0.0137654910182088,0.0035335192777443,0.0254154179296523,0.0392415723463733,0.0394562883131679,0.0140705862511797,0.0169722946410147,0.0433967152694253,0.0157861150207163,0.0260466978171024,0.0244344202574063,0.0118585383610345,0.0016811431720517,0.0320739937817528,0.0196091577029908,0.0297224913426345,0.0184243369372851,0.0,0.0156331416935698,0.0137886212757558,0.0138102040322237,0.0149851886799604,0.0081938318966216,0.0025577334634733,0.0025458856410694,0.0137218721805,0.0195806873504261,0.008012758760619,0.0031486604020688,0.0156490609375472,0.0229669432009715,0.0077427873831582,0.0,0.0124709956718427,0.0118585383610345,0.0057944674745577,0.0,0.0,0.0
76561199163970610,0.0550514594508194,0.0402646411141774,0.0038351703836795,0.0525097558980613,0.0322695312838041,0.0197369837480869,0.0519331063452074,0.0527255643605117,0.0198473666863595,0.0418462231057179,0.0176970231181054,0.0269962197079059,0.0091133626288375,0.0272265652401252,0.0412519539143472,0.0340605018176482,0.0182615107789767,0.0,0.0310941964460185,0.0149838349926694,0.0338365429720036,0.0146278671784028,0.0161573827870508,0.0,0.0328855106615591,0.0151476116034006,0.0294583221749851,0.0207414507161192,0.0104420214475879,0.0284894632081733,0.0100217400627259,0.010487107732967,0.026326024382778,0.0,0.0183635282075751,0.0,0.0034707009385784,0.0141351686470149,0.0344036466440346,0.0,0.014794879061739,0.025421484848194,0.0138908242944525,0.0,0.0134506014632225,0.0041410796227776,0.0044720279775292,0.0,0.0111131688633529,0.0030168734827148
76561199166182764,0.056123547286819,0.0803464760596135,0.0195546434871237,0.0360077374080177,0.009384673458628,0.0344476586455716,0.0256923792146629,0.0350758698518182,0.0212902525788644,0.0649108933955589,0.0665220266499449,0.0481861650820826,0.0440771906843056,0.0104176804835193,0.02488078654907,0.041515051065279,0.0115764848332376,0.0043719120494723,0.0119873383349343,0.0284707529239369,0.0138495295907285,0.0097399326260283,0.0626464421236857,0.039328317766449,0.0242889613081444,0.0,0.0077669271100983,0.0,0.0062257398376062,0.0181580053146883,0.0,0.0052790746903208,0.0,0.0,0.0042625208570218,0.0,0.0075459697353012,0.0248532515917902,0.0150847327281654,0.0,0.0,0.0030732725865229,0.0101492291623635,0.0363102635742073,0.0021549571238965,0.0,0.0202519247589603,0.0,0.0079656876339531,0.0062257398376062
76561199167276604,0.0463759126049658,0.0380433820073871,0.0227543774277768,0.07913514584322,0.0223215126176762,0.0105852386156377,0.0476541485346556,0.0434606798153287,0.0250505147059595,0.0487933052665705,0.0070219084126302,0.030848308841312,0.0104518256246066,0.0390927365296234,0.0499675941043723,0.0537039343936553,0.0486258013820125,0.0133306780203745,0.0151400057800269,0.007206721171205,0.015738719559663,0.0105814163641875,0.0113730651195851,0.0064241624943124,0.0229073799475015,0.0120005123185357,0.0029475308392927,0.0104059413886813,0.0029797178183988,0.0306715005239482,0.0120545150497116,0.0121160741076883,0.0263987258580469,0.011121944607721,0.0,0.0028261760509861,0.0068045199005485,0.0242146938864506,0.0407537244639965,0.007637707776345,0.0065996295367087,0.0200101396980322,0.0026935719827404,0.0,0.0061646090908209,0.0066543506984229,0.0212277979209787,0.0,0.0041484234792978,0.0029797178183988
76561199170689400,0.0261355895581634,0.0832165502077872,0.0119480572461022,0.0497106630667002,0.0126420730506681,0.008581371513986,0.0352252250205489,0.0726308808484378,0.0132135369025044,0.0456174886576572,0.048087918816309,0.0331811640849545,0.0,0.0086044247781061,0.005251946021658,0.0228471325246451,0.0241010315687062,0.0047875463732207,0.0078767590345102,0.0041825535670062,0.0590755527390315,0.0039733809526459,0.0137991962641848,0.0,0.057159573678179,0.005251946021658,0.0336315727729626,0.0210905643111681,0.0431583613144342,0.0095015582478387,0.0,0.0074253268578361,0.0,0.0044920909992339,0.0129424749703554,0.0038076947448131,0.0119150265705012,0.032181728309354,0.0375259316557531,0.0081043957703755,0.0082244038806158,0.0336979249524729,0.0112878731609409,0.0,0.0,0.0,0.0285905991617014,0.0,0.0039075520273576,0.0314133577949127
76561199171022045,0.0334393174944524,0.077615702164328,0.0089632864407204,0.0537853269830205,0.0191390573567563,0.0,0.016267666237816,0.0776431385565989,0.0329943186606787,0.0498046800429349,0.0152098608219108,0.0156959319181865,0.0250521850968546,0.0203149887965976,0.0280899293712821,0.0763733037965506,0.0080943780195138,0.0,0.0188505119407409,0.0030742239198901,0.0225082114155198,0.0205556443673349,0.009685802383008,0.0052384810024002,0.0591691485873484,0.0054719530694422,0.0085236836767236,0.0038999524844417,0.012329691793764,0.004220758937868,0.0196019849892922,0.0070706262797728,0.0086730828862109,0.0,0.0,0.003633509201735,0.0161174961002384,0.0622818336493686,0.0,0.0,0.0182588292094159,0.014782718588919,0.004220758937868,0.0,0.0040825089050692,0.0081138017980076,0.0560683859750237,0.0054719530694422,0.0156238477226046,0.0239875273503459
76561199172855668,0.0434857442728482,0.0551809558937148,0.0206997526959002,0.0793064550417628,0.021691215196184,0.0106036675884559,0.032886887911285,0.0417156946579646,0.0557273119562032,0.0229814414559209,0.0240329993862757,0.0281355076420777,0.0046383244607618,0.0525132290129896,0.0097557887981926,0.0144651173829887,0.0134736548827048,0.0044865037162909,0.0202998531820033,0.006117163872165,0.0530782506695822,0.0096772761831603,0.0255963075593895,0.0104008617307153,0.0205798563041005,0.0107958245682218,0.0387106318623012,0.0,0.0325934679901362,0.0184135334938459,0.0103082368043001,0.0314136294934585,0.0,0.0046383244607618,0.0233373307783906,0.0044865037162909,0.0,0.0160160391891063,0.016246730104207,0.0,0.0127908140966012,0.0619865330491375,0.0168331876680755,0.0,0.0,0.0,0.0,0.0,0.0094588275717746,0.0104405636997515
76561199175895006,0.0481679006846702,0.0299952186501428,0.007582500975646,0.0803045893440081,0.0250669775680438,0.0115616785045873,0.0550461409253633,0.0200240714610954,0.0601218117496346,0.0297131659055775,0.0188973392026409,0.0233230568526933,0.0061342528939469,0.0528437636659253,0.0357399818066211,0.0460873395961888,0.0359565879812787,0.0044651045059371,0.0334166024691269,0.0274652382729997,0.0242401130554805,0.0035803428773417,0.0291810743023563,0.0031647911516692,0.0168592803094262,0.0051260274880552,0.0090215005541607,0.02085088690704,0.0,0.0362486099352895,0.0035803428773417,0.0302306363689829,0.0298512486575098,0.0,0.0049055578424766,0.0,0.0052508441471662,0.0278169452273371,0.0234157748263689,0.003360369038926,0.0147346004029193,0.007345165239367,0.0072913970845373,0.0,0.0,0.0078995360015423,0.0080899807750237,0.003450114777478,0.0186141687308456,0.0039773684052285
76561199176943260,0.0396774407549161,0.0320920084482752,0.0140103330513369,0.0618493920328362,0.0247845660623211,0.0308186467702669,0.0651084058212556,0.0268901203334619,0.036185177130159,0.0287621947034524,0.0096707728946929,0.0181751962083229,0.0135151178443407,0.0309623882544334,0.0336378446191217,0.0277482708116037,0.024320691768258,0.0033688282257877,0.0324470216159154,0.0381566265551153,0.008888842828455,0.0,0.0276855104127093,0.0461420703998388,0.0103741026417708,0.0191668634938175,0.0036280733939194,0.0107086378696601,0.005310107110995,0.0345095469965218,0.0,0.0263234849587978,0.0251091945287816,0.0250132690816254,0.0107258191015887,0.0,0.0066872784302934,0.0141287352179889,0.0074244624882866,0.0071901915215136,0.0141989499394501,0.018922167875682,0.0257722877321858,0.0133399239320441,0.0082010214232298,0.0109186217542489,0.005310107110995,0.0035621181275942,0.0132674606111363,0.005310107110995
76561199177263814,0.0470713678116673,0.0499363676041551,0.0207928734915203,0.0794089495312264,0.0173035992787708,0.0208854868475621,0.0395987405583006,0.0362053167901236,0.0425431083538151,0.0335054807160563,0.0080709261136068,0.0174413789877522,0.0053885258457699,0.0527446519314876,0.0371156871450936,0.0387574283934969,0.0228895954593229,0.0068310943097346,0.0272457209029214,0.0043135648133826,0.0368877038714803,0.022866254104327,0.019735010681012,0.0,0.0267876507739359,0.0045672721561191,0.0224014820085362,0.0170498919360343,0.0098069748184286,0.0073890885118212,0.0072523909010968,0.014280173657788,0.0222737681190874,0.002821816355702,0.0087401379825706,0.010744070739909,0.0168509676862275,0.0272168771842049,0.0140268434220857,0.0,0.014280173657788,0.0270500302855392,0.0044211674497995,0.00432267497259,0.0,0.0187596878148852,0.0140853785655614,0.0029405916934302,0.0143920557642717,0.0
76561199177394627,0.0638923012360738,0.0494084402608087,0.0407250253483751,0.0723567947055126,0.015264436687154,0.0409684699256741,0.0368483647429807,0.0523202095326402,0.046716532385182,0.0233441730742794,0.0164586002311238,0.0087011139947327,0.013911744348652,0.0513296870662053,0.0442420277700874,0.0265091313386329,0.0441020713651465,0.0221679671682202,0.0158860189554558,0.0074792843408339,0.0138614523582962,0.0350271715957992,0.012576865394039,0.0,0.0107393654408482,0.0075818963149027,0.0074792843408339,0.0081043648974422,0.0042956461152022,0.0235342754047107,0.013152565245578,0.0068240728230439,0.0061409191258226,0.0080582073555347,0.0032264584366485,0.0198778752915167,0.0037625612403324,0.0160125895542302,0.0246360600843837,0.0055790270772847,0.0200914716844971,0.0177085917155863,0.0,0.0074386168268631,0.0182911821426021,0.003122086917448,0.0039967279563492,0.0031261832649834,0.003122086917448,0.0
76561199177732895,0.0337988938725317,0.0476594624412743,0.0177649899195727,0.0742422780133083,0.0109343864250925,0.0278044725150568,0.0461639826490665,0.0462435002507698,0.0439063606573936,0.0301429871733413,0.0357470436274794,0.033552093299592,0.0157362343984268,0.0477532997445837,0.019788598487399,0.0266090529859029,0.019860210946403,0.0039578852490445,0.0265991810358117,0.0102153427259219,0.0548295919360416,0.0255459664264647,0.0323991891620729,0.0037750542787874,0.0170916719369012,0.0,0.021621975698979,0.0034023182101524,0.0,0.0044620851171319,0.0327450049067454,0.0294679883386002,0.0144164774952545,0.0,0.0,0.0,0.0115872274235092,0.0087826477325792,0.0381972504410736,0.0,0.0158888252786608,0.0287411981751884,0.0045959576792346,0.0075514853555847,0.0045408847513515,0.0044940979779581,0.0084934628057222,0.0,0.0088893824540321,0.0
76561199177743352,0.0418801531074019,0.0633811672923296,0.0182160987049876,0.0887119806703844,0.0236612310005571,0.0171804351544869,0.0399974300199944,0.0675986771369359,0.0570242087706426,0.0389291008055973,0.013735304165632,0.022759252322805,0.0,0.0608155507105957,0.0219836871251042,0.0480140330826945,0.0151148177050893,0.0080788869510592,0.011019714281027,0.0,0.0376957214083484,0.0195285422526286,0.024421572927809,0.0,0.0374752622421677,0.0147859182799218,0.0047651816320617,0.0035215958987937,0.0,0.023941452802008,0.0101088495948371,0.0219963719575673,0.0133773794381228,0.0,0.0,0.0,0.01321915810272,0.0324364333947756,0.0246200003675259,0.0,0.011019714281027,0.0167065718069577,0.0060851984621093,0.0035329893353829,0.0034124642801227,0.0,0.0076375667857358,0.0,0.0116103257420505,0.0
76561199177799021,0.0420714031186989,0.0081426168704055,0.0374633186154688,0.0476649195301391,0.0470374954831376,0.057058859139795,0.0526960593153169,0.0209166102294465,0.0372801929826781,0.013553970829188,0.0034744269710312,0.0048506849898267,0.0068907400755487,0.0240456821339729,0.0586584573645691,0.022165135667564,0.0123836716610173,0.0171876755994309,0.0304855319406147,0.0207225061857452,0.0079508649361817,0.0399759406538491,0.0156651468519142,0.0085419662547887,0.0217737304981941,0.0414341301558559,0.0056955788013765,0.0239513577895877,0.0085384300068938,0.0237857054131134,0.0288497769823848,0.0081972067708446,0.0386414891743167,0.0,0.0028501043505205,0.009361329676679,0.0046122130731858,0.010992721220926,0.0115661852818265,0.004891980169888,0.0026633879052498,0.0087160809313059,0.0035003308404687,0.0023715205155543,0.0336038447880427,0.0091212484445304,0.0126618364303998,0.0343426732423926,0.0056258502003996,0.005367409935732
76561199177910149,0.0573072343842953,0.0290852989734941,0.0533798027144479,0.0287373342529684,0.0488502028095537,0.0356051027515588,0.0682699822140991,0.0306061269647555,0.0,0.0607067139903737,0.0038335735937174,0.0206654948415274,0.0206484374460451,0.0080417560020384,0.0340126915785719,0.0082158872495419,0.0081447530502318,0.0626627223942723,0.0198613596467116,0.0580492870634144,0.0,0.0,0.0113947925274839,0.0106578305808647,0.010609977596165,0.010609977596165,0.0280859908317943,0.0483597125293317,0.0135406461353652,0.0343002933096896,0.0,0.0,0.0171407088518405,0.0244491148959867,0.0333790241970274,0.0,0.0237478391361075,0.0144192166488176,0.0237211155296984,0.0083795751263519,0.0,0.0,0.0037610776330172,0.0,0.0097864753352497,0.0038216854110471,0.0,0.0,0.0,0.013151184206376
76561199178946434,0.0615843260719896,0.0569064589515497,0.0144114984830482,0.0523976325870516,0.0506139816387367,0.0481367655681744,0.0282796516987539,0.0416519009241804,0.0181492025139827,0.0315548521945827,0.0158016150506653,0.0,0.0138152361063542,0.0178119024958777,0.0185593026391386,0.036457252331428,0.0033160992433168,0.0108114213085151,0.0357106701917168,0.0316542423002489,0.0322869124101603,0.0170577897402548,0.0147459359878547,0.012007387649794,0.0350582950475875,0.0437904160040295,0.0258982378670626,0.0166764991803783,0.0140650650707398,0.005533257019512,0.0045713957860902,0.0194488417169976,0.0,0.0052781642890031,0.0152273743365876,0.005533257019512,0.0088143195363332,0.0234528415707692,0.0067708005635377,0.0,0.0188823740618951,0.0346691262855262,0.0067708005635377,0.0145835247694005,0.0092875387249394,0.0069758135268799,0.0068522544906469,0.0,0.0081377644816562,0.0
76561199181453644,0.0262548369728213,0.0402947513504608,0.0306544911069191,0.0632656160425102,0.0110566020382664,0.0231886737139873,0.0241413983488433,0.03220069556435,0.0807886864233622,0.012042742624061,0.03635770331327,0.01463059069622,0.0090020567661601,0.064160040102288,0.0136642786553567,0.0381514047376543,0.0054121784218828,0.0,0.043608903661998,0.0,0.0559949886746297,0.0308515695377335,0.0209545922810291,0.0107200871246019,0.0175212489672901,0.0055780956950373,0.0,0.0051274143172038,0.0,0.0203970175223729,0.0395776140276269,0.0601559292804116,0.0071239215623706,0.0,0.0,0.005592672807398,0.0,0.017865051069245,0.0115004068824639,0.0,0.0495848814199719,0.0137243087588728,0.0246326527299374,0.0090020567661601,0.0,0.0,0.0,0.0,0.0183780653268482,0.0068417747083819
76561199182477254,0.0325704101190905,0.0598847399891469,0.0252039475421489,0.0597273099513194,0.0274996153807898,0.0320273493898983,0.0228046648708434,0.0616987046744865,0.0215915361820374,0.0403899557752864,0.0123811503106947,0.0137663314373224,0.0115818240505833,0.0472097681676766,0.03632877100621,0.0579246730324273,0.017380580411924,0.0,0.0450328117989131,0.0154538692327569,0.0248621582633557,0.0141437544107015,0.0158704320797298,0.014563952487891,0.0398889500425604,0.0215927333680892,0.0090668067382728,0.0105678720405627,0.0060146540057987,0.0044685138003834,0.0134078291647561,0.017123022381654,0.0046685289611544,0.0141751549089634,0.0,0.0037893800909125,0.0,0.0296859104479113,0.0044685138003834,0.0,0.017123022381654,0.0221258078662143,0.0080190221039425,0.0136348915941709,0.0046685289611544,0.0046685289611544,0.029710217291465,0.0031660789742197,0.0050431213743887,0.0030246001749975
76561199183568045,0.0584929136461948,0.051321214859193,0.0356511754254901,0.0473917823638874,0.0304244651473287,0.0518250522749503,0.0259034163570337,0.0461998719395031,0.0281779448689391,0.0233377050205994,0.0362648963563602,0.037290532922589,0.0209074766654504,0.01679369415209,0.023588430107483,0.03085646582044,0.0293753237200131,0.0156171168826478,0.0311773913167154,0.0134327827705855,0.0168208023079301,0.0137549389774304,0.0172033063672712,0.0117002571726339,0.0293815782931099,0.0168052488687152,0.0083431175232445,0.0048306288554947,0.0,0.02275664222314,0.0165760034538123,0.0036799293703936,0.0204465948135446,0.0112232514067227,0.0086021539150907,0.0080052021404013,0.0106445166537893,0.0162823528782641,0.0155961917817213,0.0043674880478096,0.0,0.0171155527208734,0.0241205705943964,0.0126058211728154,0.0147577112247194,0.0088366773638095,0.0035030374650814,0.0080107717902889,0.0,0.0
76561199185923126,0.0781512055845019,0.0095465574592373,0.0798665902599784,0.0203408847661766,0.0348998209885783,0.0444206420361091,0.0450980300900514,0.004326393391041,0.0048327591807178,0.061702427578788,0.0394632793983952,0.0175635868727667,0.011108308476416,0.0,0.052598367011543,0.0164524814278953,0.0336428535367332,0.0752407539220582,0.0040822315735036,0.0204236022815253,0.0076176886424878,0.0040822315735036,0.004326393391041,0.0205214429999227,0.0,0.0035871713452562,0.0084599374887029,0.0265909600650224,0.0,0.0349452915058371,0.0266696570448271,0.0040989436072066,0.022472259963524,0.0310365402847707,0.0205727692535671,0.0102892565877052,0.038358699265096,0.0,0.0217386508016591,0.0245520671329414,0.0,0.0,0.0179171134843763,0.0,0.0032705424878878,0.0,0.0,0.0071763412370792,0.0036288726105264,0.004326393391041
76561199185957759,0.0518639838498826,0.0722487193083798,0.0309336381011844,0.0277149093377544,0.0661465480397087,0.0516117733788508,0.0101534362388515,0.0518804215036218,0.0226709820191678,0.0307173090934396,0.0211969935584004,0.0052078948082698,0.0206039954608757,0.0226709820191678,0.0107025584448201,0.0512339543887383,0.0307659252556849,0.0050823928128659,0.041069875751053,0.0201813874869589,0.0107095108469255,0.0276953351914017,0.0156699932981165,0.0,0.0463561399591663,0.02072261349952,0.0050823928128659,0.0050710434259856,0.0205792288228977,0.0050823928128659,0.0110749190462703,0.0116453324412808,0.0,0.0049502188948998,0.00519551407501,0.0050823928128659,0.0,0.036012040267886,0.0,0.0104175689858054,0.0,0.0152901109559261,0.0107627827844288,0.0104314920581431,0.021094019084016,0.0049325136081823,0.0256231561414842,0.0050710434259856,0.0052663168918036,0.0155242469985889
76561199186500350,0.0477738367513436,0.0573013212594607,0.0160187167989006,0.0895454261049472,0.0128857151218996,0.0040020851575071,0.0195038794077877,0.0521704790592491,0.0696158419614667,0.0277795647303713,0.0198474264396325,0.0117740098108749,0.0,0.05926345102425,0.0286196141890177,0.0521573481348682,0.0328198060700945,0.0073691571776516,0.0047392358399806,0.0145999633141169,0.033787485296839,0.0242891463262079,0.0144157736927196,0.0073560035007676,0.0261804355865144,0.0056417553085503,0.0040020851575071,0.0072439598133492,0.0,0.013837708623783,0.028552936938414,0.0223057306752868,0.0106778028400785,0.0088009011709969,0.0072439598133492,0.0,0.0071790006862733,0.0460339537998394,0.0042394877213725,0.0085301094171105,0.0271921651940391,0.0061365252594096,0.0183838638521361,0.0,0.00327219592164,0.0,0.0290918208400681,0.0,0.0078183142103256,0.0
76561199186714151,0.0463486374519372,0.0578902166798497,0.0241708041802006,0.0885412977753466,0.006274530917708,0.0138814877030023,0.0158704907442376,0.0283183011337035,0.0759141733350709,0.0288337385981575,0.0145354698963886,0.0102120975320107,0.0,0.0708330280976521,0.0330415068061883,0.0523161766536978,0.0246546343923151,0.0,0.0138397697668324,0.0028950553516391,0.0536593099823933,0.0303798633258466,0.0119453971455519,0.0028950553516391,0.0207623159531684,0.003105599211121,0.0107902857026279,0.0031689317065869,0.0,0.0078250815951752,0.0267049474817479,0.0351626502220639,0.0182357149255406,0.0055382250652465,0.0,0.0029573505331018,0.0110012360242121,0.0160360173087665,0.0157522872500036,0.007365619242491,0.0364998483307802,0.0068237993049405,0.0055382250652465,0.0083854311463487,0.0042712084707828,0.0031689317065869,0.0135828465219808,0.0,0.0300724044101094,0.0
76561199190983452,0.0459630099624077,0.0688625591554764,0.0410552320222164,0.0757322853500798,0.0069184454527153,0.0214817562773203,0.0238728124107802,0.0367225409702509,0.0486311062072639,0.0376720476573987,0.0297062223646276,0.0221709019800455,0.0199592815481073,0.0486003703477213,0.0188913598634958,0.0598288500131835,0.025183966088448,0.0079276774800555,0.0244138142887725,0.007091997248458,0.0158007411879048,0.0122641131265958,0.0223690351580021,0.0249466452159835,0.0211253336625757,0.0039165414698921,0.0034240146386273,0.0045808892188624,0.0034240146386273,0.0041006015633486,0.0137858758222646,0.0280172472674669,0.0034986425964512,0.0236697318935715,0.0074538359559542,0.0,0.0236376550956869,0.0262065290831655,0.0041006015633486,0.0,0.0144651389818474,0.0083819497981269,0.0,0.0260271196314387,0.0,0.0,0.0170955123452488,0.0,0.0170219933961824,0.0
76561199192245348,0.050225358746828,0.0334860941330006,0.0234457049584421,0.0215669528812977,0.0720826115250304,0.0381159037775927,0.0472997688594956,0.0249202798357626,0.0,0.0303733578445093,0.0151577831235031,0.021227945263724,0.0381137845942287,0.0041573079327748,0.026453333162531,0.0327793201649096,0.0032516749918093,0.0098474806767832,0.0505748165694483,0.0422247846499377,0.0079724029206694,0.011828318935302,0.0120259486501578,0.0299218006350722,0.0228360811365089,0.0267468433860949,0.0229049083871802,0.0310236254085546,0.0,0.0424138741947611,0.0240307603765649,0.0143172204442936,0.0246091124823139,0.009309917241114,0.0033339121373583,0.0058675105464234,0.0141852406297566,0.0185606797943144,0.0066391360908829,0.0180292209228289,0.0032558885890724,0.0,0.0224644129910621,0.008045978519798,0.0133473176258179,0.0145585441399312,0.0032516749918093,0.0032154051307465,0.0,0.0
76561199194402331,0.0384882654120729,0.0417022779578699,0.0150016088655723,0.0518324535614245,0.0246903470598289,0.0275268470653189,0.0559380591864863,0.0335680943988983,0.0359689313374498,0.0264102233787785,0.0222944804042646,0.0307787006470023,0.0190020656711491,0.0308736348870043,0.0210182274388404,0.0114912566081554,0.0,0.0045234714499415,0.0394179679486011,0.0337594776025508,0.033314686628896,0.0133486456760295,0.0232509173473868,0.0058209388778156,0.0193373402276341,0.011912422339742,0.0284695323610124,0.0141059228811978,0.0150792703117608,0.0301060088963018,0.0329252859520746,0.0298495085169757,0.0150016088655723,0.0118015704263667,0.0,0.0,0.0,0.0114912566081554,0.0336551052076054,0.007233186692282,0.0380021823471967,0.0246327315869856,0.0118015704263667,0.0168881368630895,0.0,0.0035344673256509,0.0,0.0,0.0041513127526901,0.0
76561199195416934,0.0376919834833981,0.059643730394094,0.0155385761034955,0.0572281311738455,0.0184426614237948,0.0301442580064351,0.0363771053746538,0.0615276856352779,0.0411460156301258,0.0294522426033176,0.0294531821536841,0.0276304992482407,0.009662424072229,0.0322952794764847,0.0163284684093065,0.0324938834271698,0.0276612867152814,0.0,0.0121557607470876,0.0299712892308142,0.0309699124446723,0.0052900995158305,0.0277107213945964,0.0,0.0611954930222697,0.0184426614237948,0.0193197692354238,0.007927701016071,0.0213629616307921,0.0127780099450858,0.0087605535218695,0.0173935711277644,0.0084528927826248,0.0,0.0261804419105381,0.0,0.0192087238982747,0.0327272342232183,0.0073977277974837,0.0,0.0067332637738642,0.0145287717112296,0.0101237587299124,0.0073092198473112,0.0047827449878456,0.0,0.0129635418679671,0.0,0.0036701477947791,0.0099256130880426
76561199195958449,0.0640156457388957,0.0352549958980287,0.0279882292910398,0.0707899870492003,0.00521667052668,0.0182733005431678,0.0284935107743101,0.02553259924827,0.0530012359162748,0.0338595767366397,0.0474303639715319,0.0181095192466449,0.0156201094454989,0.0291697546322098,0.0384925566888966,0.0204554111422403,0.0048506554234376,0.0,0.0228735839686373,0.0120347444417671,0.0518580388962662,0.028387825579299,0.0223988729133284,0.0150311106587665,0.0051023027765643,0.0,0.03268445065612,0.0103097835504367,0.0069490993198971,0.0239143008844878,0.0231609277000102,0.0175299525591545,0.0048506554234376,0.0105530045777188,0.0069490993198971,0.0054627787430858,0.0212644152278399,0.0101270897344293,0.0242792499642198,0.0,0.0228451669140188,0.0254077135183911,0.0197866335625699,0.005713297128812,0.0163296330222704,0.0,0.0,0.0,0.0176421466856054,0.0
76561199196035407,0.0715509321537369,0.0488906103074822,0.0608884547147649,0.0368397884638016,0.0,0.056801204747058,0.0182932104328235,0.0325383511096861,0.0324803432020507,0.0346975909925431,0.0473075329189891,0.0089794743864784,0.0205687647325391,0.0289821488582571,0.0441888915132875,0.0378167150071606,0.041484168792145,0.0113507030677582,0.0094221201333563,0.0,0.0048188830214748,0.0298308944815983,0.0395353759834343,0.0,0.0158073357962008,0.0,0.0205635932765217,0.0089794743864784,0.0,0.0228959726064311,0.0282741906276241,0.0,0.0238341645346177,0.0191692036574376,0.0,0.0093119096512044,0.0252267286739921,0.0045852676211544,0.0,0.0202417915458334,0.0,0.0144609877430991,0.004346280405382,0.02798787039482,0.0254512419461599,0.0,0.0062745476402771,0.0,0.0053232804723386,0.0
76561199199012410,0.0761559644592673,0.0665810739674347,0.0565415460100727,0.0510240195552708,0.0135390275730866,0.0355637406730702,0.0180248765959429,0.046177654882287,0.0379107900302365,0.0266840153004529,0.0353902416068071,0.0,0.0486245717839802,0.0379107900302365,0.0215804253556317,0.0455845000385153,0.0130244058106703,0.003925436180607,0.0117149080904861,0.0073108484212744,0.0333191206641053,0.0185351797692839,0.0359481164108519,0.0076704732541161,0.0259204567180203,0.0101287988091821,0.0115558615878645,0.0054089879885406,0.006703338721656,0.0,0.0040043587556284,0.0123494172180698,0.0037896210956082,0.0112423925270586,0.0073108484212744,0.0072380337714302,0.0091940931664109,0.0173152575636304,0.0,0.0173938953528989,0.0069410128174043,0.0175459608944045,0.0169536859426735,0.0289748173873278,0.0079862822583108,0.0,0.0024583255550659,0.0,0.0141394882621946,0.006703338721656
76561199200039007,0.0721041745474729,0.0551993073463222,0.0468342942298628,0.0268358334565899,0.0433911005243322,0.0611508238037881,0.0337881442395238,0.0457270974114051,0.0042705216121009,0.0455520736079151,0.0156884995999411,0.0176751536254482,0.0082579166162009,0.0042705216121009,0.0328103126957995,0.0239008811352499,0.0176722346600927,0.0091891533233271,0.0303729460758797,0.0475746463650088,0.0140850901098082,0.0096360613494917,0.0046578127318309,0.0401971785111483,0.033778955323497,0.0193088329029806,0.0083801336640662,0.0175162313184181,0.0131629200522733,0.0,0.0217103701397172,0.0090952097562086,0.010543063934578,0.0197943025604066,0.0172066782619303,0.0,0.0063581863753106,0.0240418389342447,0.0,0.0133732719955082,0.0090952097562086,0.0234203188305804,0.0098102827224158,0.0063581863753106,0.01078318176031,0.0055654115649121,0.0053962773436135,0.0,0.0044593572368669,0.0
76561199200202957,0.0443870010101327,0.0520574395841042,0.027246577482261,0.0864449573430793,0.0,0.0239402836201951,0.007874277767292,0.0188292820267256,0.0760825683901485,0.0310576414209189,0.0137620932686635,0.0226153503805494,0.01202420244135,0.0723708969752237,0.0440929491311925,0.0451229930365474,0.0049168216149062,0.0101218174856643,0.0236967992075627,0.0063665127816111,0.0494422399565893,0.0372019743828235,0.0153867763948904,0.0054914945782579,0.0144967363334114,0.0,0.0103962179703622,0.0008750182033532,0.0,0.01613255328661,0.0317147112601509,0.0349249420693213,0.0070104358273964,0.0008628726239602,0.0027812991761389,0.0049168216149062,0.0192603834099546,0.0144967363334114,0.0081203892834665,0.0139307371361843,0.0259467173916405,0.0156468510484407,0.0,0.0222626822656216,0.0110401410161475,0.0,0.0,0.0,0.0119751667161731,0.0026756367526578
76561199200353988,0.0532252628776309,0.0268083707924696,0.0259630532892162,0.0686104693959762,0.0115361378647798,0.018755941887806,0.0376854925477789,0.0327041207003494,0.04478972600433,0.0176539299897484,0.0400197585809073,0.0209356095677425,0.0,0.0331273884174456,0.0777498015528535,0.0349742574746476,0.0182870411085525,0.0092503003517095,0.0307126628147425,0.0258028506974485,0.0181718626597054,0.0261820297803913,0.0082525804313499,0.0130710782703077,0.0138286014161485,0.0036250546177415,0.0122506234695039,0.0093187032028119,0.0030153675222902,0.0206868038534599,0.0292475465720862,0.0288482176717545,0.0268200926977258,0.0076035081466203,0.0061898313883758,0.0092001311027152,0.0157632308659802,0.0151282112767784,0.0089084788238875,0.0063642111806174,0.0140887913094164,0.0140887913094164,0.0263921431636981,0.0,0.0097828578895299,0.0,0.0040137154100311,0.0,0.0143755286631438,0.0061898313883758
76561199201774235,0.0550135681127326,0.0464115599436494,0.0496874407242625,0.0438894425055415,0.026356754603564,0.0528603486765448,0.0285217513234902,0.0385089532894135,0.0371806145196102,0.0227060606965778,0.0321854087716114,0.0070988924064883,0.0261633498165327,0.0370000087808115,0.0202025125314649,0.023126842806133,0.0245038001651275,0.0097796203043578,0.0221926852863967,0.0214234760206259,0.0088833212233931,0.0379781458192845,0.0200947513510801,0.0035344257782167,0.0199069449719655,0.0207931918777096,0.0133834084778682,0.007132573103413,0.0082987597393157,0.0215006950129781,0.0191010055940397,0.0100633651811164,0.0170017315450038,0.0033550079465133,0.0091638679105405,0.0214423380380987,0.0031076107061234,0.0186006421034543,0.0069146232309135,0.0069873756135874,0.0033288665071116,0.0231601096785753,0.0154354543014502,0.0208994027176467,0.0149563823712828,0.0038037065963013,0.0,0.0163592013180783,0.0,0.0
76561199203270822,0.0383373152519447,0.030948647176779,0.0120330034941285,0.0583215362093754,0.0520317217081464,0.0285818609510969,0.0343573647622293,0.0377965287132034,0.024551768714582,0.0262811816853775,0.0081667517406096,0.0250046269872344,0.0108344737781025,0.0356835454549391,0.0422034828463568,0.0362919907681993,0.0075527081149251,0.0181399929117856,0.0403332862821572,0.0194574324718516,0.0143459100770974,0.0227058774147052,0.013714469752306,0.0066638766062311,0.0411264067674335,0.0288434585271724,0.019120435706265,0.0274127056967413,0.0068218162223568,0.019903510460988,0.0140589329333633,0.0153425936481431,0.032300328272758,0.0,0.0101122548496173,0.0025217998538445,0.0080745553361187,0.0286976895203899,0.0159871081145914,0.0020491787152695,0.007494995554327,0.0143311216531031,0.0078615590230129,0.0,0.017801651679536,0.0114431085347636,0.0128680637574385,0.0025531781700779,0.0033416019810542,0.0055925911482675
76561199205535040,0.0304273177285837,0.0545243430474975,0.0216840605122122,0.0720690696141663,0.0254077041502355,0.0146489723944564,0.0059552536817544,0.0480192861851778,0.0377154821721471,0.0296051999387224,0.0336045312659864,0.0161081300707278,0.0136709945411553,0.0437905633529912,0.0298926526501253,0.0465292265100855,0.0034621925202235,0.0028780449337648,0.0194859050561873,0.0035517899833223,0.0519732524595609,0.0406573668850746,0.0236519804648411,0.0059778465835034,0.0379677964464212,0.0244074060461327,0.0080254774467817,0.0053711060952956,0.0101054699748421,0.0040425303004559,0.0229885650162221,0.0256994379244662,0.0065221777749321,0.0,0.0035517899833223,0.0,0.0167150559141167,0.0321483119401265,0.0024930611615308,0.0053376073326768,0.0174862996996545,0.0228795878100719,0.0054890192264672,0.016387996621984,0.0031306774453625,0.0,0.01955047029731,0.0,0.0344089888393224,0.0
76561199205562180,0.0896537603875862,0.0752008090855753,0.0776876149698942,0.0382144335103587,0.022771015634189,0.0522349108961901,0.0161293348270931,0.0392505118581821,0.0198602044233415,0.0522730871971254,0.0305002492964628,0.0092584059111422,0.0255054369569159,0.0198602044233415,0.0174453320736838,0.0234518523100914,0.0185841475236057,0.0089610415081994,0.0160656956372448,0.0215076010079815,0.013269919176489,0.02297528005403,0.0247050512790911,0.0,0.0285792424353475,0.0117150472269783,0.0100451057976642,0.0,0.0089413029791999,0.0036166249401528,0.0083575261818581,0.0097303100214666,0.0045020810295096,0.0217759841838846,0.0151619417925476,0.0111645381290092,0.0089935631176261,0.0290915545721576,0.0,0.0178905396754292,0.0042309937874232,0.0153955319164325,0.022580219029936,0.01976171431475,0.009052117911875,0.0,0.0040481610089353,0.0,0.0,0.0
76561199209636789,0.053866402512118,0.0486941127977632,0.0318593738772791,0.0527797506683805,0.0554608560479345,0.0319188258491414,0.0521930135090964,0.0230234395085769,0.0307332223004831,0.0329305285335015,0.0112536471281684,0.0146525399699165,0.0114267796476325,0.0279427377162226,0.0132602713587856,0.0274952705011028,0.0183117982238514,0.0163003197830513,0.0423497384970661,0.0187977673104758,0.0331184026296082,0.0041632331757738,0.0109311068956243,0.0141630917585029,0.0187235101404427,0.0417640732402673,0.0247395543349419,0.0202583072560587,0.0075653724899857,0.0042999293681341,0.0041632331757738,0.031785033827162,0.0104084118418678,0.0175223800498771,0.0086928942759897,0.0,0.0112908831038413,0.0193278967418735,0.0077664587670406,0.0,0.0138159851970394,0.014601425044167,0.0027976870435276,0.0039902456867363,0.0084106903260115,0.0194772994807377,0.0045830042846993,0.0148503258171835,0.0,0.0115391683065828
76561199212301613,0.0692420641321883,0.0408556667539434,0.0487699769785161,0.0476600037510139,0.0172298197546891,0.0411621206016503,0.0354873602991714,0.0413235937230892,0.0316822993013415,0.0265316528707036,0.0335010450666294,0.0059687835257806,0.0165035649628257,0.0318499322928804,0.0390358360405612,0.0226561826830461,0.0118950751987996,0.0048451241254071,0.0184732103236227,0.0055392440984323,0.0274962504215183,0.0469289713776003,0.016025484516168,0.0,0.0170052496396617,0.014128684477707,0.0119458497874892,0.0055392440984323,0.0125730916567484,0.0240275670475337,0.0197696317261544,0.0106455903005925,0.0089450554064457,0.0297597485615891,0.0056107550921727,0.0182852910289122,0.0074319900851331,0.0145217091272749,0.0213421589004127,0.0272122600809153,0.0023993155662013,0.0399830524743649,0.0094364562917247,0.0030544929374405,0.008115567037339,0.0,0.0,0.0037815678438297,0.0,0.0038224080323445
76561199214725358,0.027020144265324,0.0377795651317173,0.0053351300124202,0.0966324364875525,0.0100816088566627,0.0050816997586017,0.0379727794703945,0.0339299673473749,0.0390208249986944,0.0343058020402193,0.0266857040308971,0.0341245421598734,0.0043676736911001,0.0502710223065233,0.0318297488154631,0.0404061565116123,0.0107411729825988,0.0,0.0165473924265715,0.0099978427672612,0.0472170123359504,0.0365487899243056,0.0154552746557309,0.0053067970634118,0.0234384102114941,0.0057495029206082,0.0174806247993624,0.0139464472372963,0.0068594102515789,0.0278984165333927,0.0206461130985012,0.0205348336823405,0.026263140094086,0.0,0.0068594102515789,0.0052029947135829,0.0151041825781101,0.0100976070305318,0.0339933496949252,0.0055240422804477,0.0071748245291262,0.0250818892306779,0.0091872762196691,0.0108591722928679,0.0052124666065622,0.0253813585489797,0.0043676736911001,0.0,0.0164777654629165,0.0
76561199214927585,0.0568235695940592,0.0481569417578303,0.0236090537458715,0.0521051819989024,0.0365378759914611,0.0423384878963338,0.0094773892691862,0.0329522266890114,0.0321844864123154,0.0378850080785214,0.0292008846277205,0.0304503971328065,0.0252107581954847,0.025165009440151,0.0326312318372545,0.025560036701651,0.0116303275638862,0.0028092671324725,0.0395929996961861,0.0065965625187579,0.018915198146647,0.0225227886888695,0.0149597461161727,0.0224053375118203,0.0120344810573907,0.0198463810322139,0.0117234668833319,0.0073404046706844,0.0,0.0,0.028139787065865,0.0212444270028589,0.0259222983417914,0.0061181670666789,0.0082760428938929,0.0084325807585414,0.0150598859759761,0.0205753340073646,0.0109322385773414,0.0,0.0167448149680607,0.0214191677268223,0.0,0.0154009249857961,0.0149046386276682,0.0146428156152994,0.0041956453450755,0.0070194769721643,0.026110608336731,0.0041956453450755
76561199217005171,0.0680268165328259,0.0503238434110946,0.0802175577592318,0.0753082498227572,0.0038611584154068,0.0522492467454258,0.0145434957711974,0.0272757780138522,0.0763411368323325,0.0154969182977672,0.0390476277035954,0.0060492200322256,0.0,0.0646259124669667,0.0309202204900169,0.0349452823004172,0.0474531649347585,0.0088083787462132,0.0078505671682924,0.0076809540179288,0.0179313933473512,0.0585087800327523,0.0134254833730042,0.0078020204150066,0.0,0.0,0.0038611584154068,0.0,0.0,0.0144831167071318,0.0392450883088254,0.0038611584154068,0.0,0.0083143202995065,0.0,0.0272027299914138,0.0215269828678137,0.0067567378676832,0.0049472203308063,0.0,0.0042254667212576,0.0156781044398826,0.0239108832756315,0.0134254833730042,0.0,0.0,0.0,0.0038683423558077,0.0,0.0
76561199217242920,0.0364523172351098,0.0411802952014025,0.0325549677702466,0.0701501923904849,0.0129883377046238,0.0155184409003841,0.0454531548150626,0.038885132603611,0.0660110359162008,0.0435295813762273,0.0149472019426965,0.031470621146439,0.0069253528443647,0.0607773906704041,0.029991573564966,0.0306376538000412,0.0189109645330357,0.0114133471995411,0.0056211289637992,0.0146890947287558,0.0358843347090692,0.0072883191879014,0.0095383571722382,0.0,0.0239988962250479,0.0195455959005591,0.0105122961910799,0.0133523497754728,0.0042942078495937,0.0347875722165713,0.0064485066990821,0.021075558577615,0.0173393997282323,0.0095278257154255,0.002631144994771,0.0061647830900493,0.0099484806533713,0.0212865581280106,0.0321114935536919,0.0076619228318019,0.0182577748339464,0.0263625222442283,0.003485124294126,0.0052981856162884,0.0041767985376758,0.0,0.0,0.0041767985376758,0.0131504640823605,0.0035869433467151
76561199218023441,0.0867205737917115,0.0632711106873511,0.0805170041568116,0.0318539715886071,0.0247703918564221,0.0736053019597197,0.0129105634673531,0.013583320307754,0.0379208841851584,0.0376404977057235,0.0491450531808755,0.0184600422793968,0.0125789525531373,0.03146550623937,0.0055840320836668,0.0064553779457884,0.0238044115651703,0.0,0.041380597392014,0.0068955324620792,0.0207667782015482,0.0558144375879309,0.0370792754727464,0.0066803333101624,0.0,0.0056562393057356,0.0055840320836668,0.0056107567752239,0.0,0.0,0.0358379078896437,0.0124694247001841,0.0060714390906787,0.0189506043555568,0.0,0.0060497664654883,0.0123161331919389,0.0064553779457884,0.0,0.0196884098808473,0.0,0.0063232474015673,0.0265375945120743,0.0178916686744026,0.0118596346292765,0.0112669960809595,0.0,0.0060714390906787,0.0064553779457884,0.0
76561199218251849,0.0629810321213962,0.0514920320908704,0.0514920320908704,0.0272540209295765,0.0321758433610941,0.0669275134664436,0.0180910714640397,0.0,0.0392674159636106,0.0731240545376397,0.0406885076012432,0.0405670582262096,0.0,0.0255732257166415,0.0216154035604868,0.0252583043008451,0.0436642971806812,0.019522034897569,0.060087186058404,0.0321758433610941,0.0011794561590681,0.0153272917169363,0.0302204293239171,0.0210574798583804,0.0,0.0,0.005527384842052,0.0,0.0,0.014993832509568,0.0153272917169363,0.0,0.0065269574101636,0.0413151727627993,0.0,9.461364075518122e-05,0.0203157612978878,0.0,0.014993832509568,0.0,0.005527384842052,0.0,0.0466307055750219,0.0,9.461364075518122e-05,0.0210574798583804,0.0,0.0,0.007853435407041,0.0
76561199218902109,0.036782468650556,0.0311187115308656,0.030358723659733,0.0378277458414754,0.0562415481671194,0.0383036436218126,0.0630673858252775,0.0351531789792491,0.0192167875181162,0.0236256420468673,0.0139257416682168,0.010888578875004,0.0243736517867523,0.0233749111808303,0.0141983693086105,0.0322970639965299,0.0182762118143529,0.0076446146255412,0.02595130346611,0.0302635363584519,0.0097047846264716,0.0033651252919932,0.0182985956995946,0.0090088246133691,0.0200794485152371,0.0223662159785296,0.027196239326189,0.0299972844119204,0.0164664058132628,0.0235866021438976,0.0101861378626563,0.0189225205723171,0.0074798384108948,0.0114453187008407,0.0092798658910101,0.0038745787620211,0.0126001583213489,0.0325022663497267,0.0115380383758514,0.0147057615530847,0.0184779271949714,0.0145555554667362,0.0071729586158013,0.0081406418229107,0.015774741148785,0.0042027694502109,0.0200137085577116,0.0165159417856728,0.0053411683088156,0.0043107575066934
76561199218919589,0.0263353166069924,0.0319842959681473,0.0,0.0577606077691737,0.0259497727638397,0.0214866636042173,0.0223790723368164,0.0528580631646428,0.0456442417469697,0.0185431630282941,0.0043257278910324,0.0325081881903003,0.0,0.0451174801223939,0.0304735787735069,0.036153142097027,0.0107410693536554,0.0,0.029454579018467,0.0042529899707231,0.0595171637239949,0.0153206522712128,0.0190209705348065,0.0,0.0312036609099,0.0114677610474676,0.0028709153817282,0.0068219773791325,0.0184380547338522,0.00839588185779,0.0153206522712128,0.0675797293575177,0.0376193374110104,0.0,0.0056336073700297,0.0,0.0034598459414713,0.007137313901872,0.0104342898583696,0.0094751776028666,0.0603498090956781,0.0461077883699509,0.0,0.0,0.0072069233173433,0.0,0.0079460031849508,0.0,0.0262665119537419,0.026438020117899
76561199221510423,0.0572737119631676,0.0276765560533915,0.0230491442585072,0.0715682586129633,0.0164748457744293,0.0260875494142316,0.0258495789567133,0.0372726733719624,0.0593200212335821,0.0171083803144147,0.0297681422117103,0.0117357827576279,0.0058594278643309,0.0475106132250101,0.0539384857457485,0.0221667725549422,0.0328904395541602,0.0140515107882212,0.0199470202507156,0.0079904326268501,0.034346790705201,0.0481432742703167,0.003824850214353,0.0048528819575211,0.0088242566173858,0.0123482338015278,0.0,0.0,0.0041266119729014,0.0174364566909762,0.0360567952733485,0.0200193967943908,0.0268002564653641,0.0128490319280866,0.0,0.0099507165347685,0.0192770672749872,0.0030403334277558,0.0198354339778513,0.0042065754890889,0.0244613773130352,0.0277500948214465,0.0135682813436666,0.0049830706171771,0.009140399289954,0.0034267599425688,0.0030403334277558,0.0034267599425688,0.0167246123733204,0.0
76561199221523939,0.0652426520683572,0.0513287558004088,0.023369114122332,0.0914968847722645,0.0131505520014354,0.0109763078680911,0.0247891805749117,0.063552223120067,0.057246655524339,0.031231620155745,0.0115570579642846,0.0068032698457843,0.0073651061487916,0.0532605865727375,0.0360229584221661,0.0459497964189835,0.0138390988962373,0.0072585656953093,0.0140763700758556,0.0,0.0342016951666004,0.0283742531833455,0.0122305764995798,0.0054419043433762,0.0261218228265825,0.0085152369894663,0.0063442712993991,0.0060694111912708,0.0,0.0217216574984657,0.0138234522545677,0.017859648670177,0.0078842561568971,0.0043596195461042,0.0,0.0057337145683924,0.0248503558778535,0.0389003081290549,0.0174303651750422,0.0053754747826249,0.006999482181127,0.0268910651808539,0.0115570579642846,0.0053754747826249,0.0131148686053228,0.0,0.0120144255521692,0.0028347684191873,0.0045131295836773,0.002944947523849
76561199222145594,0.0601693643047395,0.025453981438343,0.0445273878438976,0.0787023616184964,0.0264249155533922,0.022433944654235,0.0313582765120114,0.0347083674390567,0.0616722237951448,0.0230038673248811,0.0071056335732583,0.0277788979796938,0.0038580734647055,0.0590619863702758,0.0294630230091128,0.0386043068391735,0.0181384870553495,0.0191832257759524,0.0128604831002437,0.009177228298149,0.0115314953795128,0.01783606659802,0.0051118947812464,0.0032355357547245,0.0143312585464071,0.01598417869435,0.0094988693645334,0.0243824538094979,0.0,0.0251507670635687,0.019124036797527,0.0205160865047643,0.0226870076675821,0.0098133211314864,0.0070642856378085,0.009081140030466,0.0139557362166749,0.0192752814418907,0.0313223070573539,0.0072035808172054,0.0043586799599673,0.0232125166702999,0.0065708261977427,0.0079756035465529,0.0099961300734934,0.0076749675537174,0.0,0.0098543839241418,0.0095655528293504,0.0
76561199222262354,0.0350624223654185,0.0436260858617443,0.0193931818734415,0.0209889278402237,0.0800754501140883,0.0331197957537079,0.0478036142294336,0.0615035220187839,0.0155278363188592,0.0451163645930373,0.0,0.0061974199646069,0.0251017933738887,0.0188897705893486,0.0377052796565651,0.060071856706709,0.0088802828970632,0.0038351797999777,0.0420813741025007,0.0384236040152114,0.0,0.0034914610411146,0.0207537549197103,0.0229129045833795,0.0351888601520129,0.0503976331453608,0.0252028404380269,0.0142305677177649,0.0108038997885971,0.0149837964951389,0.0,0.0038351797999777,0.0042434639301893,0.0073568882948963,0.0108518387455996,0.0038351797999777,0.0065748894800675,0.0361372227784839,0.0,0.0111715586205212,0.0,0.0065931408308617,0.0074882509256318,0.0096191231542894,0.0082468278004369,0.0034914610411146,0.0218788262435629,0.0134457029087107,0.0,0.0038609652899613
76561199223548527,0.0547107802679351,0.0581880415115355,0.0054409282259138,0.0787759952604411,0.0192779265747547,0.0229926577816714,0.0297364619650667,0.058747947694784,0.0545414621748941,0.0340497719015326,0.0304362522887917,0.0043907915392646,0.0143123270016664,0.0545414621748941,0.0173428016358833,0.0308491779293561,0.0116907613626005,0.0,0.027132994794068,0.00896014653771,0.0447691435216193,0.0246173641705499,0.0081902351885694,0.0,0.0204563533131367,0.0138385197504171,0.0093642514704519,0.0,0.0139614951398574,0.0161494879166011,0.0091090250693028,0.0261564960220575,0.0115087911560259,0.0058340104798574,0.0084327956254649,0.0045362633234634,0.0043907915392646,0.0085356383551057,0.0116132245931376,0.0042897533045122,0.0386228591171248,0.0674310436943354,0.0141214730696907,0.0039004818840572,0.0,0.0140518136726312,0.0,0.0,0.0,0.0
76561199226176149,0.0344914653172298,0.0087361840791837,0.0351767130163126,0.0598288240652375,0.0396287335575301,0.0308751805597842,0.0927379627803528,0.0328263797865341,0.0283048353695918,0.0196963479641557,0.0,0.0234907795428997,0.0,0.0368832419137069,0.0439693784871618,0.0118391748427617,0.02486689440013,0.027290826471508,0.0146983039270779,0.0072859875293905,0.0144619234083298,0.016454513420585,0.0125805383184898,0.0248172038375994,0.0195429145239728,0.0198892799808706,0.0125805383184898,0.017429238546816,0.0,0.0584242605749184,0.016454513420585,0.0101820498375794,0.0459756958342888,0.0055165295611266,0.0019430578430477,0.0127062365314483,0.0098035092314917,0.0048408059654277,0.0362339552772543,0.0047634086006631,0.0053412438721516,0.034996112064176,0.0077358244856568,0.0,0.0120340936078823,0.0124189370379148,0.0,0.0048185839263091,0.0054278183623743,0.0
76561199229183744,0.0432995437121358,0.027944065598661,0.003367027820322,0.0787270180656072,0.0214046763747157,0.0148395622077084,0.0390412911373579,0.0335972289789935,0.0721348162830695,0.034926311040166,0.017573783868252,0.0185871670139918,0.0,0.0545245510970775,0.0285578819560076,0.0386427930150463,0.0114575374104941,0.0,0.0225441622164706,0.0,0.0534749186776312,0.0200902109684767,0.0154576169705431,0.0,0.0306067310112695,0.0158020224014758,0.018881699839022,0.0089696817935619,0.0043079531378338,0.0319056040632125,0.0120294209815338,0.0444955673961428,0.0214021775066077,0.0,0.0099120180454601,0.0,0.0064814065598512,0.0296936898051031,0.020404301290935,0.0,0.0345098743493597,0.0304400765242888,0.0035750094413166,0.0,0.003614674360157,0.0056026539732398,0.0039552492874193,0.0029589505478521,0.0102590732716274,0.0
76561199229382365,0.0461493660367705,0.0431654829640472,0.031123636473667,0.049342182325545,0.0039705215466706,0.0379091748901945,0.0349974193448148,0.0307931438986165,0.0339158212577202,0.0206006430253468,0.0431234288824108,0.0219503196031158,0.0330217844720572,0.0374121280817575,0.029712504302303,0.0,0.024210319071271,0.0100038537148768,0.0125160612130136,0.0147380448700903,0.0486446942864957,0.0333428054714187,0.0454187698578196,0.019208187625406,0.0,0.0,0.0258245974083389,0.0,0.0039705215466706,0.0033046824804485,0.0583316409690531,0.0088397174151539,0.0,0.0079243954977165,0.0,0.0033046824804485,0.0380520268737685,0.0076456501716276,0.0,0.0100038537148768,0.0093364092692996,0.0,0.013977246190721,0.048728803989341,0.0242757716503039,0.0,0.0033046824804485,0.0,0.0279050246463521,0.0
76561199231536128,0.0289980539569364,0.0364785173289817,0.0303001938343833,0.0604386497740026,0.0465177901168501,0.078419603756677,0.0443759384191484,0.0167234690921553,0.0541980418827755,0.0113929809799712,0.0355432216437622,0.0064243851503339,0.0054327035131624,0.0399416971225997,0.0058255911451707,0.0192465450375801,0.0051555143019559,0.021206619245821,0.0336577812196941,0.0161533203448435,0.0059602774668087,0.0125975220093487,0.011758270845847,0.0143531686851326,0.0171163567241635,0.0201787598303033,0.0210036373056031,0.0344846917026084,0.0165887827705172,0.0273110973953721,0.0052183730522322,0.010473701494178,0.005089104251052,0.0105882178151184,0.0,0.0104883625906645,0.013222776410324,0.005330488112184,0.0228771980805587,0.0,0.0107956798313237,0.022899032220731,0.0,0.011666528870953,0.0,0.0589434945054068,0.005330488112184,0.0181372927932231,0.0,0.0111560792573547
76561199233164979,0.044318886089927,0.0632094743824076,0.0043240315439268,0.0621776640543789,0.0108404068972365,0.0194536063365383,0.0376192055381489,0.0678720981428948,0.0268662908198595,0.0516770141980359,0.0515957849773572,0.0378214733952461,0.0062818223695798,0.0225165943905537,0.0181615956983856,0.0271640536868026,0.0080165382797329,0.0,0.0378434724807306,0.0047964128443847,0.0654814982492316,0.0180981650880888,0.0298122750683676,0.0,0.0305925154962653,0.0,0.0255582334559258,0.0039058148950953,0.0085522154023992,0.0124412273132455,0.0152951902607786,0.0181925628466269,0.0048024990238595,0.0,0.0042356579518471,0.0,0.0052369291200326,0.0262734557375132,0.0403611085743004,0.0042108688673392,0.0136884206734261,0.0188111273570439,0.0043240315439268,0.0062818223695798,0.0,0.0044826334647146,0.0122420168329964,0.0,0.0163143408157512,0.0082489634655153
76561199244382821,0.0581135981476533,0.0253262964017854,0.0648486151205125,0.0562486257325057,0.0259514426177333,0.0627621600587799,0.0420772465815781,0.0221594434464957,0.0464156242158794,0.0248081590863692,0.0247627596809015,0.0152415336649884,0.0042976632045349,0.0407596670376826,0.0268606826187791,0.0036582911547358,0.0273080419536289,0.0164297082338467,0.0278147752650564,0.0042091453630485,0.016805032087437,0.0390531236092267,0.0,0.0,0.0041925131354609,0.0179203226327297,0.0080621748595649,0.0139270580556735,0.0,0.0323603940520805,0.019494426183437,0.0166631457372392,0.0098419249059599,0.0086708547275859,0.0042759428033132,0.0278017998362973,0.0329500618538326,0.0056975548755639,0.0170180324602475,0.0,0.0188307132114628,0.0193746647443932,0.0134516547427995,0.0042976632045349,0.0130620784796784,0.0079756651826368,0.0,0.0227788093061628,0.0054409097261844,0.0
76561199250115440,0.0390295194716455,0.0691674163345582,0.0060582807708864,0.0849301016533567,0.0049155612390306,0.0065531264077012,0.0242792758908086,0.0598225432582324,0.0575136345972864,0.022173310829677,0.0266931917472429,0.0201345393401187,0.0121956863286658,0.0569585915100979,0.0196316755396204,0.0596296704072118,0.0,0.0,0.0157734095821447,0.0034562396013299,0.0336919933228074,0.0150921271661545,0.010899738881326,0.0049155612390306,0.0483866418460684,0.0138505076655991,0.0121051385017652,0.0147822286683115,0.013651590754543,0.0085158302477563,0.0150921271661545,0.0301129905375331,0.0027780199638581,0.0,0.0104000228537321,0.0,0.019072152024528,0.0493182422221026,0.0114179989119855,0.0038585804604577,0.0167969135629568,0.0257716724277414,0.0027780199638581,0.0038585804604577,0.0,0.011951387015512,0.0238373124146411,0.0,0.0034732915307884,0.0046755556807135
76561199252400135,0.0437562818434377,0.0391172817621192,0.0296742237488925,0.0375974630771705,0.0561136839848899,0.0346133927095096,0.0409042640838611,0.0305925151115788,0.0258439331283451,0.0317705531118062,0.0296619075007857,0.0078524248675457,0.0153161049527698,0.0243528672996238,0.0349011532114064,0.0408052468499631,0.0299352268008591,0.0,0.0518704561199978,0.0178896440761606,0.0167512460357128,0.0111552588294218,0.0115016223948425,0.0143368549675042,0.0163971371461725,0.0217936493463625,0.0043661459731156,0.0152835808591124,0.0034517147384086,0.007707612245298,0.0263788282668904,0.0114132871244041,0.0224536623360782,0.0143842893059424,0.0034517147384086,0.0,0.018267655560045,0.0354377287559216,0.0030911954343644,0.01758306851187,0.0153869815023998,0.0114132871244041,0.0146556767979851,0.0173217404999473,0.0,0.0,0.0100511828133526,0.0104911303893575,0.0154398233277798,0.0074653007341734
76561199256004350,0.0437085241233546,0.0543630017772524,0.0044029736205395,0.051313150001338,0.0327676088477365,0.03098900670423,0.0302128738848674,0.0385648871252611,0.0353165158317055,0.0316752274051847,0.0230081411482157,0.0174396198702918,0.0126391670033578,0.0454442351392468,0.0213017983357244,0.0391294229095148,0.0176699266939606,0.0044029736205395,0.028720457750414,0.0301985687091143,0.0276790863720845,0.0250950725240412,0.0360162032536063,0.0224366833415879,0.0240690266917961,0.0149592704862519,0.0074696949888753,0.0079061893387304,0.0,0.0,0.0264906242947548,0.0258770933116238,0.0170784018258049,0.0172669996776991,0.0139689517145997,0.0,0.0078138041048518,0.0290045533327392,0.0036268887654396,0.0,0.0198406098597613,0.0110911332215193,0.0133049559882342,0.0126391670033578,0.0044029736205395,0.0038655334681525,0.0149478483229831,0.0,0.0198811539891144,0.0
76561199262202976,0.0482781060276134,0.0418366790544629,0.0134686498841177,0.065277318782978,0.037300475741318,0.0285944606029997,0.0453117331532526,0.0443788719251976,0.04300640159008,0.0211577797126994,0.0185279278653067,0.0030268119742661,0.0,0.0461785955826395,0.0458295277694317,0.0406401290465843,0.0,0.0,0.0375774134355467,0.0084329233720531,0.0413230612492743,0.0336080385963188,0.008672884713627,0.0043917534622802,0.0228886772232871,0.0235177405219753,0.0130013721651845,0.0085987435245914,0.004402628640593,0.0232016968397569,0.0165064294297019,0.0252141153320295,0.0363253544262332,0.0,0.004402628640593,0.0055798106537753,0.0077759314052258,0.0211049002834802,0.0225520674747972,0.0,0.0138841106168578,0.0289963742852067,0.0045221740650788,0.0031721939925594,0.0142083363865986,0.0083258754967276,0.0,0.0,0.0149992950536969,0.0
76561199264732687,0.0373495885390501,0.0436905319728182,0.0378121964100602,0.0585520690505621,0.0358754147408873,0.0415069758371877,0.0277865376309015,0.0359764983344426,0.0372844292104618,0.0187662378611617,0.0271010076126266,0.0164179043982423,0.009014838429021,0.0405391350365116,0.0208248608295489,0.0375386291472048,0.0226788211284924,0.0217002676236192,0.03037539932294,0.028838877806385,0.0350212477565223,0.0317021116543014,0.0116436920647625,0.0073413793605923,0.0178432596343862,0.014040942777374,0.0118656330300923,0.0092218396917152,0.0018254985655149,0.0203293004461175,0.0160695753744317,0.0195390022651318,0.0076187964273159,0.0142309192151075,0.0,0.0135139727164604,0.0049469642565559,0.0160177610688713,0.0103175110659182,0.003710444848858,0.0149386711796819,0.0114854834681504,0.0169266760849925,0.0127988836041991,0.0019362652893114,0.003812114233111,0.0138741331092297,0.0028824763887114,0.017679999476337,0.0072352240241191
76561199266425816,0.050645668522591,0.0389867900846029,0.0218221735426855,0.04018868523135,0.0649808893104451,0.0544138895305225,0.03711905902049,0.0510401572927083,0.0164394665080665,0.018705519059534,0.0090572106491491,0.0111983103631093,0.0070275127457412,0.0231510151301031,0.0368745212372855,0.0468018221893877,0.0037190574598852,0.0067476509773046,0.0540802989746212,0.028382550616657,0.0039983475567577,0.0151577221254056,0.0104338118857118,0.0072764363870884,0.0433446699247373,0.031068245018524,0.0161191962252418,0.0250777136705063,0.0155719232034531,0.014340357123321,0.0059790801498557,0.0168075365489763,0.0180934732387404,0.0067115486220365,0.0128208912766603,0.0,0.0037190574598852,0.0359997067213794,0.006687084723193,0.0110980345620688,0.0085578755352841,0.0173837980548538,0.0089471074131636,0.0,0.0144032982712985,0.0044719300051827,0.0089050789427106,0.0035919893867285,0.0,0.0120518375209937
76561199267496067,0.0434215777306677,0.0456310086399313,0.025413486531351,0.0771039345175538,0.0326025745061428,0.0190544304197885,0.0522417159891525,0.0376780790661163,0.058536506889709,0.0184281591930875,0.0042961196060723,0.0,0.0079420126675544,0.0561068057153562,0.0375670054869399,0.0347499346098547,0.0135546523197697,0.0034820865482424,0.0164185453011447,0.0446022553487238,0.0195899666569379,0.016577520216234,0.0190040571154578,0.0449537320359038,0.0140567816327542,0.0078162181161785,0.0049439934786587,0.0059248911294014,0.0,0.0261229738469519,0.016577520216234,0.0291859581670631,0.0239515796009347,0.0036213763877838,0.0059248911294014,0.0,0.0,0.0180057540596234,0.0,0.0112358615879375,0.0149328454703382,0.0179531636010563,0.0247656126587647,0.0062918681092788,0.0139968533784921,0.0,0.0098619399043595,0.0,0.009581882303815,0.0062918681092788
76561199268363521,0.0322569974467451,0.0474351631625352,0.0165062265815371,0.0590906239177245,0.0154122366942908,0.0160531657690943,0.0510107472088733,0.0713024820104624,0.0465990188253331,0.025393077748577,0.0279305093313095,0.0099584218800305,0.0176190225543199,0.0425407492504974,0.0235606195829424,0.0435014307000668,0.0100239949764706,0.005675892426083,0.0082645661723636,0.0133895193518491,0.0602105536901697,0.0308675069074042,0.0174025270367312,0.0064850872867988,0.0358278252313946,0.0064850872867988,0.0133895193518491,0.0150506383573654,0.0034945283522386,0.0176405885389363,0.0211257703569834,0.0137823486881559,0.0,0.0057939996113282,0.0068514058135735,0.0,0.0042825294539474,0.0312479616673778,0.0295156821484148,0.0057939996113282,0.0095180529508893,0.0187642514785481,0.0182178279746641,0.0104326764514803,0.0,0.0111953294790778,0.0126671602319561,0.0,0.0104326764514803,0.0
76561199274384456,0.0423513696173802,0.0316880833011887,0.0186403146915836,0.0763048016354929,0.0290715976566618,0.0279493556513223,0.0343981824571131,0.0252170110647701,0.0746921779839346,0.0141526479760655,0.0229592221958219,0.0167236292242755,0.0,0.0655616523421506,0.0247027288745559,0.0533434326256388,0.0173225651232895,0.005479935589668,0.0357401382302352,0.011050771747417,0.0514108827465603,0.0278560731056507,0.0220191800481382,0.0043774956868452,0.0125277210968021,0.0089274299857221,0.0207263269381164,0.0192164120205401,0.0076034295948697,0.0092200122271829,0.0046229142437538,0.0405016857743631,0.0102173286186287,0.0021394139804991,0.0076034295948697,0.0116876450299965,0.0021394139804991,0.0125277210968021,0.0041676361691662,0.0,0.027664047854787,0.0186259996984497,0.0114208939546287,0.0,0.0247175681266552,0.0087014982492389,0.0,0.0,0.0020282221886671,0.0
76561199274730477,0.0563955805688717,0.0355359076824504,0.0748103738847126,0.0531767336050718,0.0222240551573306,0.0706550950386825,0.037632881461598,0.0292081212944189,0.0429845724405425,0.0196781529867797,0.0258918625192873,0.0043516483783745,0.0350309483798827,0.0429845724405425,0.0365966230604243,0.0172703888326058,0.0204841726609679,0.012854171764894,0.0,0.009963868989035,0.0097007551093069,0.0242370096652734,0.0215966265329608,0.0395917560798065,0.0095187048759526,0.0134029362772128,0.0041429532020783,0.0337054754183268,0.0,0.0276690124725629,0.0054297142422382,0.0,0.0137906694324197,0.0090196436065059,0.0043516483783745,0.0302635697512722,0.0,0.0046495708473623,0.0100941516156547,0.008525147670307,0.0120878790814777,0.022460779081913,0.0088736612556509,0.0126419650166211,0.0088391868389509,0.0049647068666946,0.0038266445643171,0.0088861009702841,0.0,0.0
76561199289397551,0.0481157393009274,0.0628070923093647,0.0149280820018455,0.0753177297131155,0.0107538139044548,0.0216985553837612,0.0359791785025489,0.0506978692596683,0.0613842077945839,0.0305380638965191,0.0487872953599608,0.0158579057198812,0.0,0.041626925930837,0.0281636973036534,0.0213061795796167,0.0133043954791714,0.0,0.0217076754114288,0.0,0.0642500606356256,0.0257835463081637,0.0,0.0,0.0218536390528531,0.0,0.0,0.0,0.011946709340196,0.0131351524342864,0.0226416035257266,0.0348165349572453,0.0076371497507442,0.0034897506455129,0.0,0.0041625936996342,0.0078857584024291,0.0193271375327376,0.0216463055885605,0.0069029243059475,0.0300954828264921,0.0325079912842108,0.0142761516838726,0.0038625639962637,0.0110396700204602,0.0164838811891057,0.0050998691611516,0.0,0.0181811168074403,0.0
76561199296937509,0.0396423428325673,0.0488969537405878,0.0178527820189179,0.0687300072579266,0.0236739604025834,0.014511545061142,0.0427065152776578,0.0650904748031167,0.051641952663309,0.0161961146506026,0.0297173607969775,0.0123560863847189,0.0,0.045220418676119,0.0354227987592672,0.0251870549931138,0.0075286904970455,0.0,0.0160313707736026,0.0042218071444021,0.0493186901398128,0.0291650752522975,0.0,0.0042218071444021,0.0312226181118936,0.0086163776949539,0.0,0.0,0.0,0.0357518623004382,0.0223613478732454,0.0442074874028645,0.0242960385814055,0.0036702125982197,0.0,0.0040011346858102,0.0,0.0071676571099411,0.028521121788983,0.0036702125982197,0.036444582156918,0.053135492711657,0.0206295724306738,0.0041933214861374,0.0,0.0,0.0078833853813032,0.0037020892270415,0.0090103804358609,0.0041812961542617
76561199305756354,0.0304518161654632,0.0237204819740755,0.0217509735713876,0.0610286226785718,0.0360655660337267,0.0391543898975212,0.0388891243773096,0.0488044146194582,0.0591065692547719,0.0148495920767157,0.0319988700142371,0.0190685849056565,0.0053420998982664,0.0538263673588668,0.0177909482811092,0.0306442684526775,0.0412476112862327,0.017190457491255,0.0134187421190578,0.008399499563907,0.0334004064378444,0.0409811448197731,0.0108812580417024,0.0,0.0239871668233653,0.0195131649871518,0.0048581476241064,0.0082222996967874,0.0079502909523019,0.0261560793555855,0.0370051826498935,0.0154477633462555,0.0104523742607128,0.0089629140842434,0.0042668376514589,0.0087586388264529,0.007543487935397,0.0162708758316337,0.0284333802873383,0.0,0.020520462743833,0.0242259202519091,0.0042138040553457,0.005539158143436,0.0,0.0073737143553222,0.0,0.0043362358655785,0.0,0.0079502909523019
76561199315863592,0.0759124385070388,0.0403835287556699,0.0394854898649687,0.0544470684970806,0.0524174901168068,0.0458781552380128,0.0214870144221999,0.0209784415462254,0.0452340423982696,0.0576369395269524,0.0155269313992842,0.0079118500038641,0.0082874725788305,0.0351378345137978,0.0372665029720427,0.0408451137805629,0.0258331557350318,0.0,0.0626644948360725,0.0043602715058457,0.0150505512390199,0.0247573178716755,0.0145681637532534,0.0,0.0100577095171521,0.0309626009152751,0.0,0.003783512847538,0.0077705562736497,0.010709607495166,0.0167666292709589,0.0212998039427186,0.0084408271954245,0.0044880617991094,0.0,0.0,0.0076406697413541,0.0236799794692497,0.0082743712845848,0.0051401058850875,0.0061571029350708,0.0101655112479893,0.0051401058850875,0.0169066541363195,0.0221974054341387,0.0,0.0,0.0161151715917938,0.0139556325086169,0.0042777115612072
76561199326716853,0.0400145122710065,0.0613638035046992,0.0324878792257716,0.0635219851897744,0.0122454498572045,0.0191699896570653,0.040159631973778,0.0505239837868144,0.0354143453432863,0.0432000502866587,0.0319295600595799,0.0190737143013782,0.0,0.0313059406049677,0.0429522015091008,0.0364718179371946,0.0130656752519353,0.0081400164182443,0.0143431802192476,0.0093341042735558,0.0304368025134239,0.0264275336621085,0.0202665291993579,0.0092562043738907,0.0286886261586748,0.0070014847832864,0.0052439650739181,0.0144187383588239,0.004901409354228,0.0222167031132188,0.0253738967626344,0.0049732301549215,0.0242636262970174,0.0049088340415361,0.0,0.0,0.031767709936605,0.0203387781467035,0.0260651690739934,0.0049078679665876,0.0049732301549215,0.0176375397456288,0.0098129088613784,0.0101380222506213,0.0079744509511824,0.0146039943678069,0.0137760689847295,0.0,0.0049088340415361,0.0
76561199336091998,0.0544126991959091,0.0550851838955445,0.0312220093709734,0.0608168897942737,0.0,0.0409055668858676,0.017352226021202,0.0119473240381583,0.0548859791701019,0.0285126442372214,0.0527351095093955,0.0205476523408457,0.0180361484954699,0.048687435601566,0.0055266488795077,0.0119378675278462,0.0273573673690814,0.0,0.0217071310221182,0.0,0.0799399735929755,0.0324599063210927,0.0146272103367693,0.0050321021275166,0.0056326914141054,0.0,0.0083220342230285,0.0,0.0114447427012404,0.0,0.0541178131326668,0.0311193551763608,0.0,0.0069132271940371,0.0055266488795077,0.0,0.0197921282032144,0.0063051761137407,0.0068395477698283,0.0056326914141054,0.0498322438496107,0.0077524053849842,0.0129898081856742,0.0180361484954699,0.0056326914141054,0.0184346303064484,0.0100261540648306,0.0,0.0162820949294972,0.0056326914141054
76561199337941690,0.0250798581793111,0.059121804616723,0.0042223534038535,0.0836651487351158,0.0133340814499193,0.0097831828592105,0.026948514002388,0.0587708135801563,0.0514619099248393,0.0148956428635537,0.0382465212519068,0.0289078362573862,0.0,0.0393080598554612,0.0103280547651368,0.0088614401492684,0.0,0.0037639230137762,0.0163439240014682,0.0,0.0887066984336317,0.0299303019401478,0.016425874263092,0.0,0.028928673147687,0.004586184725313,0.0174740877219745,0.0,0.0398940489958965,0.0111087294835624,0.021738073192348,0.0347666526631315,0.0103280547651368,0.0,0.008705979012231,0.0,0.0042223534038535,0.0095601180336083,0.0313636809875028,0.0118370578880578,0.0346560879344364,0.0550970873671081,0.0107448981621029,0.0,0.0,0.0,0.0143977378045196,0.0,0.0038399327013815,0.0186446184638011
76561199347967453,0.0533070480090687,0.0665112859749364,0.0186478351505028,0.0209410948916574,0.0599910432426926,0.0316380938658683,0.0337389782434995,0.0593723686277119,0.0127855097594753,0.0431812220093262,0.0176461543338562,0.0110507235231347,0.0260992353987353,0.0094101448475374,0.0227635328949369,0.0634686559248388,0.0226837534175261,0.0103682824212868,0.0448001084540671,0.0231259656580064,0.0022718450201641,0.0085707782003094,0.0155238784489685,0.0090820538648868,0.0529082065956484,0.0259643560481233,0.0090321968797142,0.0023434969357482,0.0284571966054135,0.0024983661538972,0.0085527171953019,0.0134008874234253,0.0,0.0070446538697296,0.0068159484720669,0.0,0.0103652183584142,0.0349811725016802,0.0049936682449219,0.0024953020910247,0.0085025216861849,0.0154831679266715,0.0,0.0061614769304924,0.0039076929153358,0.0,0.0445174840654332,0.0,0.0077599665418641,0.0168347103759126
76561199360923051,0.0485684235287881,0.0368922971444898,0.0513981881914162,0.0465006957686707,0.0384613713390881,0.0435456276252311,0.0200552053567503,0.0572128095805881,0.0027158709045494,0.0475677275418262,0.0047834445667588,0.0266404495834121,0.009426694955984,0.0027158709045494,0.0255928644871802,0.0454241299109456,0.0108681023075,0.0197191878993633,0.0071887828845993,0.0114524319103192,0.0190771948691941,0.0126434548335149,0.00644698133174,0.0369830555867651,0.0637418383622548,0.030744439753113,0.0084948067842452,0.0190612341387913,0.0157586135919562,0.0181365110533843,0.0249170650570666,0.0,0.0122552636057446,0.0158132779664416,0.0170495725202471,0.0056618031918087,0.009436961529563,0.0368922971444898,0.012442652208389,0.0168925123324616,0.0,0.0071887828845993,0.013502458477073,0.0,0.0039212002715744,0.0,0.026046373131542,0.0,0.0,0.0101614729820284
76561199362890720,0.0344343966599004,0.0209704666907048,0.0104896280417534,0.0618885199626571,0.0485313866837709,0.0208511101981024,0.0660319524104585,0.033666273158815,0.0178056710219138,0.0325361129165818,0.0080698659922318,0.0385746293782417,0.011796222394535,0.0170731246172109,0.0373144186946442,0.0347924128508678,0.0127171837520305,0.0199577486706605,0.0242116186113748,0.0318895933939768,0.019079083481996,0.0105972555791602,0.0268732605458475,0.0074265596135355,0.027041163770068,0.0160947927025263,0.0320401012041333,0.0305570584972921,0.0131839348221048,0.0304417127634788,0.0036238263776552,0.0107438513103073,0.0310961691329685,0.0,0.0187276803765641,0.0053126590917389,0.0184889637841425,0.0133932725066404,0.0134770980562005,0.0036238263776552,0.0054311922185684,0.0139864491885125,0.0,0.0,0.0140891872000028,0.0207903494342584,0.0093826142365977,0.0084372982874059,0.0077570639227536,0.0047012394174513
76561199365659108,0.0241526360719829,0.0320295004870296,0.0287247105843891,0.0439691829399207,0.0485135033032761,0.0500438283382855,0.0556953210328639,0.0355371713400505,0.0150437667221951,0.0253981863517852,0.0284228986668575,0.040569073017952,0.0106290030787632,0.0162098548303169,0.0353734523879952,0.0237212892898715,0.012377049171577,0.0105216768678676,0.0378502399153633,0.0123152147385671,0.0138893427333253,0.0282732132768423,0.0230534941525575,0.0,0.0227062618600476,0.0380872369766287,0.0253635508077177,0.0135481101499518,0.0123273670689964,0.0248919703805168,0.016810708163422,0.0077528382539778,0.0284312169506126,0.0,0.0063646331231225,0.0,0.011860728101937,0.0097486141973169,0.0310620747879025,0.0115495435441456,0.0,0.0123363992497826,0.0,0.0142165593258235,0.0148508281669693,0.0129029984674767,0.0050093523713237,0.0205473840550185,0.0,0.0073180146976726
76561199375667566,0.081746255816911,0.0544065036904863,0.0469369250015245,0.0444001664666179,0.0144995567346996,0.0474424081170714,0.022801291692176,0.0289120919019769,0.0405899600996716,0.0158265977192227,0.0566868816503145,0.0031613740825749,0.016441503305573,0.0267918506607603,0.0460777715630222,0.025483172851204,0.0254577211730798,0.0117427518170598,0.034742339851277,0.014598481701947,0.014103886204875,0.0357180839386476,0.0184008671679892,0.0038132993810105,0.003046382964516,0.0098169054155653,0.0159415888372816,0.0122448835448443,0.0,0.0273230872661609,0.0223207925308021,0.0173268363001014,0.0157781662377314,0.0117065940286545,0.0,0.0180427771584789,0.0292774029431362,0.003046382964516,0.0,0.0078318862025192,0.0082458570884912,0.0129344713562668,0.0120703155388265,0.0114023078061624,0.0180833994967795,0.0,0.0,0.0046826513191342,0.0036947102672014,0.004400858143135
76561199376134768,0.0450331786061718,0.058817936738781,0.0307786344899691,0.06375371991888,0.0358640931228888,0.0407272229715262,0.0377275443414753,0.0584028288410737,0.0455663419280339,0.0066092214558184,0.0263702845383958,0.0039259528250608,0.0,0.0418580640665912,0.0122371427870317,0.0208036451199622,0.013757486029316,0.0161239298531383,0.0190199198537521,0.0105555318868811,0.041436017399801,0.0175614398488693,0.0033322192294999,0.003706906993459,0.0166471190052907,0.0033836347355221,0.0033322192294999,0.0139892412721539,0.0059010484194235,0.0161221753699211,0.0242457086377974,0.0436945890083583,0.0066532697596831,0.0208884094464283,0.003706906993459,0.0042587725610273,0.0048001528353271,0.0074446959641388,0.0048001528353271,0.0055838730273485,0.0582312512330083,0.0493441690528134,0.0242002533658187,0.0,0.0038396779218589,0.0062345336918593,0.0038316409334763,0.0069602896180768,0.0079369522360035,0.0
76561199380289969,0.0748404653267073,0.0669307567616602,0.0317193368883724,0.0893631480995635,0.0073812965079897,0.044068056447012,0.0291828462144789,0.0396466457906368,0.0455505360092807,0.0457386479563862,0.0264792046830947,0.014348924052912,0.0,0.0380432156910026,0.0328762067422387,0.023973654832124,0.0110265857974592,0.0066025639657664,0.009059722544742,0.0134172195189905,0.0491625530684996,0.028353117841513,0.0060486011433682,0.0060359230110007,0.0134783612038072,0.0073812965079897,0.0,0.0,0.0,0.0104655572324496,0.0220669373783085,0.0256510895153247,0.015949170151016,0.0265522364668945,0.0116143168273847,0.0,0.0221813747646293,0.0134783612038072,0.0,0.0090270692037993,0.0155339707968065,0.009059722544742,0.0157891231816898,0.0,0.0153156705860498,0.0140106848511384,0.0,0.0,0.0125958286893616,0.0
76561199403138420,0.0561997580549752,0.0579333321906358,0.0469956649912389,0.0254810909822158,0.0341878170053422,0.0405532763646643,0.0202077470407919,0.0148481795911943,0.0103082881245543,0.0378691756141363,0.0394969259080357,0.0239673330429246,0.0560156284978124,0.0149953382995355,0.0300386132535188,0.0455664075698518,0.0043347910668816,0.0,0.0675761986017735,0.0,0.0059734970576726,0.0243936401522202,0.0419671998058178,0.0097132353895672,0.0128603150979461,0.0183094007229661,0.0071911157789497,0.0101532447022374,0.0,0.0059812749237283,0.0393480490934828,0.0103082881245543,0.0059812749237283,0.0050125079247939,0.0,0.0042150963940509,0.0141520769662864,0.0148481795911943,0.0,0.0207342918939421,0.0059734970576726,0.0109860049824666,0.0167585718212543,0.0475552990540083,0.0161703952031456,0.0,0.0084292388313558,0.0,0.0164087383068734,0.0
76561199418668383,0.0462518925406685,0.0315269693914574,0.0143469929783434,0.0732292799873646,0.041880055845227,0.0279274406926817,0.050659783477104,0.0385213136467207,0.0486249196341916,0.0304404972442836,0.0092096422913615,0.0119373049129904,0.0058554937543671,0.0505624478738828,0.0280067340719484,0.0453901374728092,0.0108229658450986,0.00295480491939,0.0318721563730131,0.012439620964337,0.0272004261019115,0.0119835863717555,0.0130501877164203,0.0059976673754207,0.0256390758633796,0.0206402480402547,0.0344925968381544,0.0148906535679185,0.0106920814729561,0.0236990827359167,0.0079561062455167,0.0224941925269582,0.0198463440641439,0.0,0.0106920814729561,0.0054535595156812,0.0,0.0103861586247187,0.0262843138642384,0.0,0.0221847675184933,0.0468290524729477,0.0,0.0,0.0124147676578617,0.0121195910263291,0.0,0.0,0.0,0.0025930050088244
76561199422202390,0.0444129045764236,0.0126947970612963,0.0512933723487681,0.047752881608287,0.044333487884418,0.046130266153932,0.0614866084695352,0.0230749567387366,0.0332739753549303,0.023315432118784,0.0104171737885876,0.01481022810784,0.0067044620276419,0.0332786848767129,0.0261158662097901,0.0146451051133721,0.0237833867060352,0.0255933420382333,0.0416669672076636,0.0142209648338576,0.0206532690072732,0.039150642649581,0.0097576777742161,0.0075240854910226,0.0110032445090442,0.0187932650913433,0.0167874314039818,0.0324495979645974,0.0,0.04089967597266,0.0202451621327797,0.0,0.0209299605427211,0.0052876478510883,0.0,0.0198521462821595,0.004230463654506,0.0027714065305838,0.0299455804136688,0.0214263128614685,0.003984477041224,0.0244096050868064,0.0056655474570049,0.0,0.0065326130100811,0.0153136575081669,0.0,0.0233816665391738,0.0,0.0
76561199433626235,0.032398739165117,0.0423421017365635,0.0115941315916536,0.0596018601055466,0.0311804941755843,0.0170820783387587,0.0279100545792747,0.0649832327235472,0.0676001183204975,0.027919676256229,0.0286795641985932,0.0230503908260376,0.0017727705754051,0.042090408715113,0.0116623280729397,0.0504113071849251,0.0271134959785915,0.0065071566056334,0.0364459580826821,0.0057333907494594,0.0518586926199589,0.0046492663504417,0.0016418128474535,0.0017727705754051,0.0527416951656195,0.0263427809667337,0.0038020614940032,0.002576730754469,0.0017954189007573,0.0204923408397617,0.000920538442745,0.0302228683425252,0.0025530450255232,0.0,0.0012253307395342,0.0065503553596346,0.0,0.0303918924692707,0.0277281934439727,0.0,0.0400579652787101,0.0514423665990812,0.0042491223176305,0.0,0.0032344460105368,0.0075061613248645,0.0101648861492135,0.0,0.0,0.0
76561199433753634,0.0357356106815482,0.0404284558621495,0.0313624320653671,0.0633803427501275,0.0067878843394994,0.0130262173925601,0.0207442442475373,0.0334456115589882,0.0442528708668822,0.0429686633717906,0.0220412594561432,0.0478828048600045,0.0,0.0432631761134227,0.0257491759127634,0.0261120238243352,0.0,0.0309750402729763,0.022312263361127,0.0067878843394994,0.06327664815805,0.0215631006175101,0.0195719895773321,0.0118853283804432,0.02568898749616,0.0,0.0067878843394994,0.0,0.0063648480113242,0.0145445084023276,0.0215631006175101,0.0515446713684879,0.0195248786499169,0.0116708659180318,0.0,0.0067878843394994,0.0200993717758839,0.0130998422219892,0.0139563599080378,0.0055835892734819,0.0300301715395393,0.0135786853376311,0.0054144097321956,0.0139562412314729,0.0072139920163061,0.0133476923144855,0.0193241394848358,0.0,0.0,0.0063648480113242
76561199441452962,0.05600912139322,0.0472106678884556,0.0456735417384192,0.0448704919284305,0.0254565624019402,0.030818858996058,0.01903003826196,0.0047377556228319,0.0318228761609659,0.0324244999809582,0.0363853133617361,0.0298435511506565,0.0365678889644271,0.0317826858465746,0.0196983452931745,0.0393230963835146,0.039159952110509,0.0047377556228319,0.0548796437824791,0.0060259030748189,0.0100301794768839,0.0349451073086949,0.0293737785815916,0.012263901066688,0.0054167161771127,0.0312837276138294,0.0,0.0,0.0,0.0118261558332845,0.0446677384408923,0.0073911139520824,0.0099899891624925,0.0,0.0,0.0051964572648262,0.0161996117758102,0.0095157015600553,0.00497060050785,0.0,0.0,0.0,0.0120896934467809,0.0379279034340678,0.0228510119380141,0.0064652281912662,0.0101544717999447,0.0059050247642709,0.0350773377395975,0.0
76561199441844249,0.0297926284955696,0.0214173086895604,0.0754475568347809,0.0324838565305024,0.0338541651558591,0.0427189701065938,0.0426146542464103,0.0304876455520299,0.012096220213234,0.0087664211431578,0.0052809860437929,0.0,0.0,0.0452972108445653,0.0274690102394184,0.0,0.0185220560967218,0.0,0.0081086772868302,0.0915188454074527,0.0326773407760355,0.0,0.0,0.0960483852233307,0.0158022423460475,0.0,0.0192673084251137,0.0189836390383753,0.0158022423460475,0.0307754719210923,0.0096627507333388,0.005945043514106,0.0263704358206147,0.0052809860437929,0.0280340540081892,0.0,0.0,0.0,0.0,0.0346096331584297,0.005945043514106,0.0239109196328777,0.0804396271228162,0.0,0.0,0.0087664211431578,0.0,0.0,0.0,0.0158022423460475
76561199442146005,0.0258189612290344,0.005081542785661,0.0737668109317346,0.04930691259726,0.0660329049417974,0.0410472039474522,0.0447020718130608,0.0130062960686876,0.0293890190127017,0.0039808001669087,0.0,0.0099790679361334,0.0045159761821708,0.0344691058240036,0.0197436350386411,0.0130421469178821,0.0131610760046581,0.0,0.0214547262687222,0.0901384365689726,0.0082784502714648,0.0178227626268465,0.0043979237747783,0.098756065234974,0.0039808001669087,0.0130785681975609,0.0094724037093309,0.017333173594629,0.0,0.0264839607604087,0.0081661255717716,0.0082435700232069,0.026702684691356,0.0354490090098811,0.0174633424504956,0.0,0.0,0.0,0.0039808001669087,0.0179155947565344,0.0138232582102029,0.0178040583771117,0.0620997570844502,0.005081542785661,0.0044893007474915,0.0042992343928891,0.005579688186996,0.0,0.005081542785661,0.005579688186996
76561199442822555,0.0440258988689291,0.0437214800115798,0.0107956534984224,0.0389437114336795,0.0213597433523925,0.0418827718960684,0.0362785070101649,0.0667346171483036,0.0233342827179647,0.0250282696437921,0.0230904237952432,0.0120570843556458,0.0140541383898735,0.0270724667378721,0.0200356678579839,0.0203937642790418,0.0185765990592558,0.0030709501947295,0.0302195271279865,0.0338548822280895,0.0518425008458157,0.0089736439105826,0.0272536618210181,0.0,0.0356096855753096,0.0074162378841657,0.0351670517785974,0.0063833557926804,0.0339434918221648,0.0029937578675064,0.0200050086199975,0.013459068998283,0.0,0.0075841763018272,0.0195102414949762,0.0,0.0111778471216234,0.0271658773809476,0.0087510217091538,0.0127213809092849,0.0228331847163577,0.0407526033317602,0.017873759293251,0.0089051723716468,0.0030709501947295,0.0,0.0075834087548684,0.0029937578675064,0.0,0.0114987140289253
76561199442878224,0.0476529116262275,0.05969782224334,0.0591784500863601,0.046415202347052,0.0146767675733853,0.039267864486734,0.0182149643463115,0.0341837370387351,0.0303254746970196,0.0346591399808381,0.0308235304684951,0.0117443046048369,0.0509316434644969,0.026190262380719,0.0124332866107079,0.0126260571652534,0.0082831075526928,0.0123034717471376,0.0288473189213854,0.0,0.0404849423709166,0.0338391654410044,0.0484791948703538,0.0081138809673008,0.0040610063762137,0.0,0.0040922863129088,0.0043063642702287,0.0094258804967586,0.0040302825632948,0.0271683717870237,0.0206855739009373,0.0085650507890397,0.0098479028671276,0.0,0.0,0.0119683550960775,0.0,0.0,0.0408177806814121,0.029532790038165,0.0380510753115625,0.0420885551247389,0.0196217452698538,0.0123034717471376,0.0,0.0040610063762137,0.0,0.0,0.0
76561199443514192,0.0555822830321557,0.0385975324708068,0.0207070406668562,0.0611832308164202,0.036630355118038,0.0341665605398339,0.0363522194819841,0.0277701657376546,0.0403952730496688,0.0323623075186046,0.0172920579116394,0.0263654272494942,0.0021574142368659,0.0280140938855568,0.0494641552507366,0.0380234890205736,0.0249748543732772,0.0094044171141726,0.0291232315719424,0.027360267291988,0.0292521732065735,0.0209986773234854,0.0112586172548983,0.0110885584694201,0.0234983226843735,0.0135435092566697,0.0096799581135882,0.0047961226629091,0.0046957451013524,0.0321925110557233,0.0143144171830009,0.0239944606042668,0.0316250894199279,0.0,0.0,0.0045865442572473,0.0026876661607512,0.0189237325353542,0.0208255480262748,0.0136044586441195,0.0139742571777508,0.0177022475705561,0.002866619261526,0.0023509510411219,0.0160387409641869,0.004805481335271,0.0067905940568855,0.0,0.0058837713389604,0.0020948489555331
76561199444606097,0.0486868612719289,0.0365430979474496,0.0065358927661447,0.0075431179731041,0.0902307518467585,0.0653487836618176,0.0511410830156336,0.0376995463963065,0.0192677792447172,0.0292597816067146,0.022660615798755,0.0206986620572267,0.0325307700246218,0.0051348127466127,0.0099862720152237,0.0333538455227625,0.0,0.0,0.0769722996075241,0.0473186248764641,0.0078352054224608,0.0131767161883318,0.0368392332291204,0.0020985277930371,0.0305259469994753,0.0468749940735095,0.0297806669614485,0.0370779591098067,0.0,0.0115015251387399,0.0064266223856426,0.0,0.0088076262192573,0.0,0.0102453440304386,0.0,0.001320630608079,0.0205773734147993,0.0090995089298544,0.0055661347030568,0.0046554783069982,0.0090258110376297,0.0010876746184123,0.0161504506895034,0.0069542288233067,0.0225853503247666,0.0109083806516279,0.0083145398620753,0.0016514720988544,0.0
76561199447044530,0.0326678216825421,0.0257296581840683,0.0276671388960941,0.0814847715525077,0.0123545330847902,0.0211717914765387,0.0495063510857905,0.0457486679701799,0.0713357446351679,0.0293775137476454,0.0195125835637553,0.0240728231374816,0.0049209819024212,0.0661206272690596,0.0367707964067957,0.0390274354248556,0.0263314571254264,0.0151914845443169,0.0135349119795104,0.0077281168507216,0.0184374990381457,0.016095561492324,0.0282977948995692,0.0047827206612467,0.0136407053501678,0.0133812454929733,0.0063405965801356,0.0038238658306142,0.0094091368953153,0.0393336110412412,0.0083054068381368,0.019904970855554,0.0283435846311383,0.013539243948234,0.0,0.0138629949982063,0.0107289507660944,0.0140483366260111,0.0161773286560224,0.0035885830756636,0.008078266630297,0.0222491602203352,0.0100934585224116,0.0102858121703978,0.0,0.0026076227603496,0.0,0.0026076227603496,0.0048309518373847,0.0069497569020094
76561199447952692,0.0445329474674746,0.0304765310473846,0.038549081970808,0.0607940544565504,0.0305420645390089,0.0220660878344374,0.0456783146697792,0.0528632541130376,0.0522344111134466,0.0296695583013986,0.0114440020570379,0.0127807520332972,0.0,0.060338867128695,0.0151263045650515,0.0314610594103179,0.0521264852617698,0.0199977363028691,0.0309726913873429,0.0,0.0108611701518403,0.0097512249896009,0.0114440020570379,0.0,0.0212346919882567,0.0072363567751764,0.0025878642581347,0.0101482655028241,0.0037947793207367,0.0321609554423565,0.0019097875576907,0.0228858994843215,0.0,0.0068926329851311,0.0037479095166494,0.0275231628974318,0.0081049833570756,0.0109074961559929,0.0312947868278812,0.0063357737747842,0.0145712735828147,0.0494372821489402,0.0064614433952355,0.0114440020570379,0.0,0.0118886550552655,0.0052426750384015,0.0199933719428695,0.0052426750384015,0.0052426750384015
76561199448991262,0.0656609661414222,0.0573101410483671,0.0357737446364911,0.037625390116191,0.0460163739861798,0.0573633150192156,0.0325984949039815,0.0318887429154607,0.0214559708336608,0.0524358552329243,0.0127071367836441,0.0182980789541945,0.0128942381555694,0.0138764689020752,0.027402348355173,0.019270456075241,0.0202288302004915,0.011945356046369,0.0609207774895313,0.0269424977477047,0.0136597510082651,0.0105237853067793,0.0212860906236193,0.0,0.0149571949999646,0.0351461124009406,0.01895812565892,0.0091752479584599,0.0072569173652927,0.010866609138238,0.0121432335537038,0.0147349493747894,0.0121852050733434,0.0102509679046974,0.0165108713043269,0.0,0.0069682379378962,0.0149919320615906,0.0038163980791558,0.0123906239049242,0.015859296463075,0.0126408218575704,0.0047673112944467,0.0088745767649064,0.011233138824446,0.004788922193433,0.0039849243290369,0.0149702480409987,0.0109878993285593,0.0034554237047304
76561199464469677,0.0230815446606757,0.0378498095781405,0.0120689782518475,0.0946335554888696,0.0167218458311186,0.026138820726171,0.0427401719397716,0.0437834825969955,0.0710744468770189,0.0238180093895563,0.0087363773160309,0.0268005546828938,0.0056388213453856,0.0708251934141609,0.0193853213409303,0.0384317832690108,0.0284088206743622,0.0,0.022909869992642,0.0150485772290845,0.0183745487178828,0.0310005068670426,0.0397423632731378,0.0107983268080447,0.013673589121705,0.0048937262972879,0.0171110154335703,0.0297682606565873,0.0,0.014264762358041,0.0182518978674198,0.0434889734802728,0.0102222159302878,0.0,0.0,0.0,0.0091362154309545,0.0239226950316809,0.0045114350825017,0.0,0.0128212952720524,0.018177851908568,0.0109692129266785,0.0,0.0,0.0059866051842866,0.0154086113726348,0.0044243361648728,0.0149555702098216,0.0
76561199469179667,0.0525194916665542,0.070335282968159,0.0186199315056248,0.087829143829732,0.0146620485209459,0.0127022092538452,0.0185227676319712,0.0547066577530595,0.0334666869340874,0.0442586582032588,0.0272152232560414,0.0208756124503529,0.0,0.0434535800259579,0.0320284275253016,0.0579580749010849,0.0251041813368602,0.0,0.0241831191419008,0.0,0.0622310508845462,0.0250664535551152,0.0119705974227397,0.0,0.0277272027578681,0.0050427381136528,0.0197249368728912,0.0037675975745315,0.0071062798402826,0.0098471943347679,0.0174436786808464,0.0150835006257116,0.0139994152237586,0.0044402991781813,0.0037016347698707,0.0,0.004758737519506,0.0372290729032613,0.0041532911550545,0.0,0.0109312797367209,0.0129128485127581,0.0079953734211287,0.0074771625926437,0.0,0.0041011125565194,0.0229755445360771,0.0,0.0184672552564148,0.0034046450704119
76561199470080023,0.0516201331863235,0.0440637238867974,0.0269876358346496,0.0831822914161585,0.0214003066931165,0.0261695961780525,0.0153910236114706,0.0667447986817793,0.0677457202734369,0.0051952722564946,0.0119392549720042,0.0079749594790108,0.0081206253826362,0.0677457202734369,0.0171230721782848,0.0529378308994987,0.0,0.0,0.0296397730491834,0.0316980598509773,0.0390713508508811,0.0127324476110068,0.0049257306419679,0.0069054358379892,0.020262004272812,0.0214003066931165,0.0071880849730144,0.0144443237291681,0.0047882118985659,0.0109072796703011,0.008154661453224,0.033404755154406,0.0100802547825044,0.0022895318400841,0.0181646578607216,0.0060545139453067,0.0026361988018837,0.0347777215401119,0.0,0.0084855877734814,0.0296397730491834,0.0287425573088227,0.0045337666851845,0.0,0.0100802547825044,0.0,0.0024797576448517,0.0100802547825044,0.0104803768293295,0.0016104014837584
76561199470418036,0.0184023402727084,0.0563590442407322,0.0109987301810126,0.0629438958802706,0.0174170785581854,0.0066773224029813,0.0256472331090489,0.0788451377876263,0.0441264460702316,0.0322867361190898,0.0259759767802289,0.0186290536738089,0.0,0.0399800236533417,0.0274885923323592,0.0460389534765958,0.0069875490227674,0.0036214843480121,0.0175440335705135,0.0042457225206889,0.0459216856391038,0.0113056723418613,0.0194248324059213,0.0042457225206889,0.0745994152669374,0.0072828640881825,0.0,0.0,0.0099143937408748,0.014327170970926,0.0043701857851732,0.0225612557222284,0.0102485036389247,0.0,0.0030558380549691,0.0069770401656529,0.0045701844398314,0.0281848934267947,0.0402240159340882,0.0,0.0351832243485506,0.0488156398103336,0.0040696124614896,0.0,0.0028224797987823,0.0,0.0349469437685115,0.0029126783030093,0.0099059996260839,0.0099143937408748
76561199470516845,0.0686619106248473,0.0374991634755901,0.0452336558605772,0.0689369051257111,0.008077275066811,0.0223376897190828,0.0312847442838468,0.033763721747608,0.0549459556161564,0.0244120360752824,0.0377987841741531,0.013058862720529,0.0,0.0566523672408896,0.041204915405923,0.0289061489881329,0.044770889102043,0.0092156585518287,0.010706678746047,0.0090153538349403,0.0286354191623906,0.016848620253728,0.005819084650637,0.006192579298258,0.0119349287215649,0.0043240775129183,0.0134251134294062,0.0104288033154515,0.0032391025931574,0.0100848442802262,0.0220775236479922,0.015739496999195,0.0160766664343424,0.0174606381380079,0.0032391025931574,0.0017711554196563,0.0291347584585861,0.0119349287215649,0.0268554150639152,0.012699278940424,0.0089355233263906,0.0175106524188514,0.0274399989379322,0.0,0.0094492610023585,0.0037531975538927,0.0,0.0045939299563386,0.0139131828096547,0.0
76561199471838775,0.032293573287369,0.0254530189678847,0.0170873960561937,0.0672510872006399,0.017057072440102,0.0169583561770782,0.038189114670579,0.0356374240977514,0.0149241175761984,0.0371071064425234,0.0266378207541155,0.0521120502735769,0.0116222709369769,0.0149241175761984,0.0092697667503388,0.0095115208022181,0.0198542535781307,0.0165684000028017,0.0086924422846264,0.017057072440102,0.0512031033063002,0.019974077452957,0.0158364753592882,0.0051877541328226,0.0451838281959765,0.0164950142902952,0.0338775297208503,0.026700899551919,0.052089642901119,0.021457524137842,0.0150280773720137,0.0043686756152309,0.0043237666693955,0.003728563605019,0.0556902590797059,0.0,0.0155560395924894,0.0173167256157974,0.0165646069395059,0.0114027860740716,0.0043686756152309,0.0,0.0106258822747081,0.0036772369825135,0.0036772369825135,0.008004561169902,0.0220490121815793,0.0037241754107978,0.0,0.0236798874547481
76561199478273259,0.0856079820249131,0.059587188630771,0.036565013907999,0.0464054376365592,0.0210529257077649,0.035141910800903,0.0146841619113953,0.0585635739772128,0.0313728206413518,0.0099977038192526,0.0393925275352236,0.0184850412465353,0.0250192413116193,0.0325092304255572,0.0283333690979736,0.0450776008891973,0.0041974466783959,0.0073712787032336,0.0219315392100904,0.0081783794414014,0.0244883810359266,0.036144346716208,0.0138579180509939,0.0,0.0223287641771124,0.0080784960323227,0.0116641605923413,0.0036076447537664,0.0045707346876349,0.0036076447537664,0.0157380605560128,0.0369997409808265,0.0,0.0,0.0,0.0100378903551394,0.0133612619618213,0.0231910408419708,0.0172583826492069,0.0,0.0267870827699909,0.0200690651066025,0.0067869256806675,0.0114595082127139,0.0,0.004714937889754,0.034851547448519,0.0,0.0086770492851683,0.012245041864181
76561199478662488,0.0706198345812991,0.0467107242110883,0.0312097949153672,0.0178377236630735,0.0737500074404743,0.057723177834008,0.0178380607907371,0.0391649708114235,0.0123308143557347,0.0462132075876987,0.0194598106981555,0.0102410815726693,0.0381181543165943,0.006461750125677,0.0295545159391868,0.0340156215750189,0.0118880115049892,0.0151412418172382,0.0520141982368839,0.031960036325314,0.0063620812276903,0.0118277207743776,0.0126412902478028,0.0352457910723082,0.0306720659576693,0.0389216151146225,0.006734630843696,0.0115753460394986,0.0,0.0162678517316036,0.0077073418978761,0.0,0.0036895404930587,0.0216833078855724,0.0101790392574132,0.002068050966782,0.0105455023329542,0.0252891335472032,0.0,0.0036895404930587,0.0,0.0087264880278157,0.0,0.020091507836788,0.0167421885736407,0.0,0.0104692601169667,0.0132589377532779,0.0101576732981273,0.0032013562075628
76561199479136443,0.0538648393971281,0.088356873653463,0.0132171625392174,0.0749647817382718,0.0131812053905798,0.004393477200231,0.0042695220980795,0.0072384446727507,0.0417458956809302,0.0181198874864326,0.0593517154100978,0.0203156298186321,0.0,0.016198088096257,0.0048685442567601,0.0280446358979441,0.0268932831600385,0.0,0.0238093560587549,0.0048685442567601,0.1049111301068214,0.0301275373743826,0.0138693267477871,0.0,0.0057345494511798,0.0157668741926185,0.0215366263585017,0.0031771338413204,0.0138882713681214,0.0,0.0412324891415842,0.0085336371374135,0.0076483549903802,0.0,0.0084352793182573,0.0,0.0255168499885182,0.0145064392413053,0.0281331941035651,0.0,0.0330594914500866,0.0215746803911849,0.0,0.0106228578247118,0.0068676096746659,0.0503357562722374,0.0057345494511798,0.0057628026433591,0.019322672118487,0.0
76561199480061465,0.0687759636577968,0.0570875351738718,0.0450041970298886,0.0538638421934068,0.0273659877058583,0.0724926173602032,0.0468956915303317,0.0368034710847294,0.0388013093522291,0.0266184363124813,0.0357946267805283,0.0041755806613933,0.0100772887103808,0.0388013093522291,0.0081138121571969,0.0029047485984995,0.0151316311999153,0.0162215420177368,0.0219752817494084,0.0182241617006527,0.035346641593673,0.0151014346162625,0.0,0.0224375726095398,0.020292615971244,0.0132928349095749,0.0089940217724186,0.004107223169877,0.0173939363586944,0.0106121865683725,0.0227670775999809,0.0288196603124998,0.0,0.0133885585867404,0.0072056009449562,0.0106121865683725,0.0160034106690635,0.0072056009449562,0.0,0.0,0.0301049524191445,0.0298210179155733,0.0154004598167189,0.0077647430936252,0.0,0.0063081043110111,0.0029009258725209,0.0,0.0029009258725209,0.0060892731739191
76561199483983127,0.034914551093104,0.0453248667012042,0.0234957399952256,0.0938170510392351,0.0128481002786889,0.0068945655191592,0.0262887714343725,0.0550788754470736,0.0554575382694736,0.018421900250185,0.0030827914042088,0.028594082380657,0.0025170567186631,0.0637613346697332,0.0376735914708817,0.0346216648164949,0.0288377600103368,0.019642850117383,0.0234244718775385,0.001065262318386,0.0438851710692509,0.0143099114754559,0.0031673834275075,0.0012712533867938,0.0365976708128384,0.0062702953699907,0.0035979102433664,0.0,0.0014303657294178,0.0222374685127064,0.0145189184908417,0.0269476249642771,0.016675983535776,0.0065174241743081,0.001065262318386,0.0090149026539807,0.0128395123952524,0.0197865568797511,0.0497409486080847,0.0036207761058072,0.0199702552302199,0.040323830608841,0.0112321923319042,0.0006404951443167,0.0011710428730982,0.0,0.0074255234734271,0.0020912745831413,0.0064568540598339,0.0014303657294178
76561199484238062,0.0695948341391861,0.042346804775723,0.0728953036034292,0.0377642729247468,0.0216757481043171,0.074680100964574,0.0166771450060697,0.0080918263357861,0.0282595731506285,0.0286335239181387,0.0581422473025036,0.0092783984000928,0.0224137263345083,0.0282595731506285,0.0149246709164875,0.0234857126190384,0.022715421926498,0.0111926564714512,0.0675229916689662,0.0061154878831594,0.0055441512241304,0.0398159378037683,0.0382596789114914,0.0094528705750942,0.0,0.0054844885346184,0.012461678624499,0.0,0.0,0.0111926564714512,0.0539754955616741,0.0116596391072899,0.0,0.0090780925501552,0.0,0.028774390528507,0.0098757509772604,0.0,0.0,0.0,0.0055441512241304,0.0101717031192357,0.0088262426418524,0.0429105254164789,0.0230241287323352,0.0,0.0,0.0,0.0092783984000928,0.0
76561199485777278,0.0376399791779682,0.0489734529683934,0.0226031441454076,0.0643688176240393,0.0304811619698696,0.0240547818680737,0.0141572064438709,0.0481358726859343,0.0316081741259847,0.0370119150813017,0.0219113957323191,0.0248243635683825,0.0288327759801635,0.0362774522609324,0.0281943043114338,0.0488365864190748,0.0234441284855899,0.0039790795566301,0.0333004579833711,0.021763699634779,0.021931603606236,0.0067606632046729,0.0103334472695081,0.0134312873957463,0.0331270444828478,0.0203672126673848,0.0,0.0048427920046145,0.0038071174691849,0.0,0.014376884106044,0.0177823698383228,0.0059793044914762,0.0036371413447409,0.0038159828827503,0.0,0.0215916843071532,0.0359296190323305,0.0056205421133034,0.0106937391619827,0.0263939470808858,0.0162795041888942,0.0143308805067236,0.0085582560485298,0.0108775834231977,0.0,0.0246620793317323,0.0039790795566301,0.0222640594320368,0.0082274250295485
76561199487796611,0.0614927108519697,0.0560337641211831,0.038972105943083,0.0469052874726862,0.0179118608127228,0.0576750129048111,0.030673946258445,0.0348619884752812,0.0383559523508932,0.0269061955015081,0.054353293289929,0.0132088899747189,0.0272298407956923,0.0292165325605769,0.0184245474001884,0.0038750534033186,0.004425407497415,0.0,0.0501794951097658,0.0090996892158894,0.0414197063900391,0.0262709890832664,0.0361767638347107,0.0046742817184743,0.0082732421212305,0.0098752122783954,0.0248928290046532,0.0080366485343274,0.0080726979930219,0.0091394197903162,0.0337041393980585,0.0123918403574737,0.0080366485343274,0.0084750548552581,0.00367450927511,0.0,0.0098145251486201,0.0038750534033186,0.0,0.0,0.0202426911338725,0.0249797610782917,0.0221629085748638,0.0335292329515884,0.0056200258510482,0.0080366485343274,0.0,0.0,0.004425407497415,0.0043981887179118
76561199488596444,0.0534040562478894,0.046712370959044,0.0348659513828184,0.0771082117761879,0.0059914918798782,0.0097412778793026,0.0162347523273936,0.0156428578287441,0.0446539851261546,0.0292337719637368,0.0400038440644449,0.0447509377694801,0.0090297846322378,0.0391411769401968,0.0446788055436096,0.0390100408981112,0.0355219120144642,0.0041500483788378,0.0216981910238536,0.0,0.0446020178920912,0.0275377230359385,0.0218431715625101,0.0,0.015760637977372,0.0,0.0090297846322378,0.0,0.0049793217745305,0.0121240198741765,0.0270574267260299,0.0318146134253028,0.0254319383535916,0.0,0.0,0.0,0.0378531132669737,0.015760637977372,0.0050810264047484,0.007684390261225,0.0097754613010256,0.0049044815823951,0.0250029534129831,0.0142557527157063,0.0228367545218091,0.0,0.0097691460974937,0.0,0.0153221585680997,0.0
76561199489499857,0.0538692160859824,0.038434094644266,0.0207721022115401,0.0753605052882531,0.0268985651657768,0.0372263967292351,0.0439816520104066,0.0456440264943844,0.0610565266749733,0.0302740495026969,0.0,0.0106610448408422,0.0072205142623421,0.0626340936970999,0.0405354594237101,0.0377280174517208,0.0281925384081586,0.010870503032709,0.0318674143683897,0.007608268369945,0.0106777221171389,0.0209652686797795,0.0035544031824183,0.0073557219935911,0.0235404110050242,0.0183077586807225,0.0111626715523634,0.0111393773112917,0.0032779317074308,0.0309779082005219,0.007988349373202,0.0291689836458396,0.0104596888926056,0.0098512991735005,0.0,0.0108621411011606,0.0065733674660697,0.030191164814547,0.0186680909692037,0.0,0.0069371176028025,0.0268655692272485,0.0,0.0,0.0064352080131277,0.0035544031824183,0.0067069117260581,0.0075289184847445,0.0064146232347553,0.0
76561199489520002,0.0465732090784692,0.0503449648074979,0.0206854151095758,0.0371384180797357,0.0812462473117301,0.0468428886993129,0.0241790092849945,0.0536844457206266,0.0356931518168736,0.0344552053600197,0.0075645580163902,0.0191776840752665,0.0150502678449068,0.0331974153970095,0.0089614624848978,0.0400682512779801,0.0213909470261553,0.003936398858905,0.0484799516188072,0.0308884879586063,0.0,0.0076137196698622,0.0166105677774059,0.0128312811690861,0.0237282632902226,0.0460159834567157,0.0138681464122481,0.0108716789434202,0.0060506943894478,0.0127311008767454,0.0039871810730712,0.0077706194687909,0.0065760117724753,0.0076118213222072,0.0220996814585315,0.0,0.0069237353755001,0.0280800894888089,0.0207271139876703,0.005792590468795,0.0,0.0198817800527703,0.0036649074825639,0.0110358290207066,0.003626538596791,0.0092638614731114,0.0053349238881067,0.0107614132149271,0.0109313916528077,0.0060506943894478
76561199491642775,0.0358154183629645,0.0329341959657111,0.0036085409843267,0.0681102080275783,0.0213136769227266,0.0078452358187475,0.0539587822406231,0.0570808952813743,0.0364502494990086,0.0385202450097259,0.0230893180250641,0.0350442703711659,0.0055439236848511,0.0445477483412532,0.0245115596538568,0.0100642202719223,0.0021633657718674,0.0025521140545618,0.0097543018410045,0.0124140267142679,0.058472331504043,0.0216538260755163,0.0113171213970777,0.0,0.0393558936039408,0.0200566052373925,0.0238980924869839,0.0198582995983849,0.0224532569576378,0.0355017075415207,0.0138296506553773,0.0154745740745697,0.0181377769287814,0.0,0.0258704367784322,0.0,0.0,0.0091243006699235,0.0445875496701379,0.0036085409843267,0.0106415803492162,0.0490548974312501,0.0,0.0033805579129837,0.0036085409843267,0.0067371092124578,0.0,0.0103456501967846,0.0026898894235279,0.0050195134828027
76561199499958759,0.0805033496244168,0.0598700732989931,0.050839454169349,0.03699517251167,0.033765384342523,0.0590896300101852,0.0242708956772518,0.0371316693045159,0.021947462994932,0.0358774652902632,0.0421030082776784,0.0121920577711873,0.0448976576785284,0.0156300168623181,0.0111402557259424,0.0282495170003861,0.0156300168623181,0.0,0.0440343222038664,0.0089436822494223,0.0061682303101239,0.0132381016775908,0.0412183774637763,0.0089436822494223,0.0220398328680458,0.0291567519263459,0.0060238274610634,0.0044655687427311,0.0092255033766764,0.0148440773332069,0.0125997869194031,0.0045563282747322,0.0,0.005351408355842,0.0046691751019442,0.005351408355842,0.0061682303101239,0.0112009312500318,0.0,0.0162835427541169,0.0045563282747322,0.0266911860764228,0.0261165149735427,0.0307627617777223,0.0164188780625283,0.0,0.0,0.0050111051137811,0.0058273691345017,0.0
76561199502416746,0.0210022048010847,0.0571451082016252,0.0041919929601471,0.0610035923697632,0.0235170984496665,0.0189799873147147,0.0184584282940594,0.0543001805653921,0.0648071190962283,0.0210053730572895,0.0258677425377548,0.0341605454883012,0.0227934923171043,0.0613382987151812,0.0090221376123817,0.0352810124874437,0.0041964244063395,0.0,0.0255834356188072,0.0086862043733904,0.0393982949570804,0.0269000179126814,0.0242665894292906,0.0,0.0331280182300372,0.0286183823715348,0.0138556061772891,0.0141798388766065,0.0055323064463526,0.0161228111096901,0.0183710815869433,0.0311524099076688,0.0088127054847461,0.0,0.0055323064463526,0.0077885030230466,0.0168529650345003,0.0295005822874412,0.0306608332825784,0.0,0.022715803803432,0.0213629708553391,0.0041919929601471,0.0,0.0,0.0097244399439806,0.0097274676627046,0.0,0.0102636935438796,0.0
76561199504742246,0.039663449515448,0.0160869700481986,0.0158207497641189,0.040723784732742,0.0718251770054704,0.0379885656827554,0.0755754292951089,0.044115068027139,0.0273808053793742,0.0361918089231753,0.0027097404946725,0.0163989027984574,0.0071210671663342,0.0212410571091273,0.0315983683983896,0.0382189896497662,0.0166937891939985,0.0,0.0454158655663947,0.025775131290812,0.0095200655284702,0.0113655329701004,0.0146204751911716,0.0026036097717774,0.0347420018985517,0.0401095122603906,0.0215302224128365,0.0252732249349729,0.0,0.0409886409932016,0.0069690531323199,0.0132726186574618,0.0227186770473457,0.0038106223117141,0.004235542076971,0.0,0.0073202449780199,0.0164399205546489,0.0257989134483082,0.0,0.0039542424971916,0.0232220335266669,0.0,0.0071210671663342,0.0150656915509718,0.0061127285287385,0.0,0.02067519223379,0.0119854462865594,0.0
76561199508808924,0.0935356405721942,0.0669138498128401,0.0429094735599624,0.0710118930540163,0.0111633224490232,0.0114659934952018,0.0079470817847371,0.0480649442933691,0.0159788580969278,0.0553232147338716,0.0403147399837149,0.0093016437427096,0.0085073374335866,0.0194205305757284,0.0432087884050423,0.0321074030894848,0.0118659022092892,0.0158754435389901,0.0111633224490232,0.0045054093059364,0.0522977712506438,0.0214917362597678,0.0052314968414945,0.0045054093059364,0.0150740161942047,0.0033549843984192,0.0194600715485316,0.0060608631213206,0.0252892448006712,0.0034416724788006,0.0067405927106208,0.0,0.0037112662135476,0.0085509643325455,0.0194600715485316,0.0087225048466417,0.0179952250477951,0.0321074030894848,0.0209639677382202,0.0106588435872405,0.0058291732521396,0.0317465414737822,0.0,0.0052050314586662,0.0159485234581912,0.0088286487623923,0.015735866045297,0.0,0.0051741443973225,0.0058291732521396
76561199509552956,0.0502023670832591,0.0941578294265204,0.0190175020320922,0.0640770487916602,0.0162545892666852,0.0199715424117432,0.0313028994999562,0.0675660189911088,0.0155237845835415,0.0462802431649361,0.046382824068212,0.0288777795194674,0.0033844448660053,0.0115670859181992,0.0033199453927245,0.0229541938056139,0.01378400232848,0.0,0.0204493048471538,0.007929421972674,0.0583162921495333,0.0,0.0103146700534766,0.0,0.03046193542313,0.0042032217253342,0.0238812260646225,0.0,0.0339011254655542,0.0183963733240774,0.0063537898140198,0.0112057232427293,0.0090947154151465,0.0068836219265473,0.0329468611927322,0.0067931648443459,0.0077002333616846,0.013835713291227,0.040263213073175,0.0144310641569415,0.0133492221701618,0.0518356163167387,0.0,0.0,0.0,0.0145472996350634,0.0,0.0,0.0,0.0082820893837239
76561199510293669,0.0399969830050988,0.0542769973552882,0.0097349904280883,0.0777500806165613,0.0172573208812358,0.0114983024388244,0.0356377088751087,0.0534545026830316,0.0453042712784001,0.0354991221037566,0.0164125825884235,0.0344597517883573,0.003270784785634,0.0453798859020411,0.0428426684945509,0.0502026963154096,0.0117777689736407,0.0089545586141109,0.0206072147826954,0.0131835929882198,0.0401499004426485,0.0058627598997368,0.0025880642266944,0.0097726383741895,0.0412269283630293,0.0141510219954841,0.016350369993339,0.0031062988857516,0.0103740128084767,0.0271412378182019,0.0119714043710584,0.0220806190656132,0.0218206520134864,0.0037399432418922,0.013784967422507,0.0,0.014550786306517,0.0294802214682567,0.0231913771585842,0.0,0.0090902728156144,0.0250070918159416,0.0055279151900363,0.0,0.0084883155039297,0.0,0.0058694526066696,0.0,0.0071719633138622,0.0
76561199512269509,0.0450128961401026,0.0421359899742256,0.0234890662945979,0.0712064187369955,0.0198502371548463,0.0153658954370111,0.0561199675021108,0.0531282444575109,0.045981135459359,0.0195977459778073,0.0261387733979722,0.0215826813415475,0.0,0.0379951446157023,0.0248206451432366,0.0116429533404328,0.018108877425491,0.0130145092237493,0.0287335300425673,0.0,0.045786144947523,0.0365362124699984,0.0064376358442728,0.0048230823295071,0.0217900979376699,0.0080903716440822,0.0106169845854661,0.0145011013880423,0.0,0.041762778536104,0.0268687033156987,0.0127921394988915,0.0276816054227829,0.0091740863396149,0.0044525158450059,0.0,0.0047832489584254,0.0,0.0383943071986722,0.0,0.0244031420393277,0.0343236757383936,0.0235313306551583,0.0,0.0120858773904008,0.0064376358442728,0.003595830353329,0.0036109496987635,0.003595830353329,0.0
76561199512376287,0.0125993560000368,0.0270319033845436,0.0015246519782171,0.0670016867610845,0.0420418315605514,0.0100714767064783,0.0314694525473802,0.0541515406164799,0.0269836577358268,0.0245154279292041,0.0033983459700554,0.0560432898654043,0.0,0.0287735617272174,0.0371972767116784,0.031157540181077,0.0050216200883838,0.0,0.014269038711436,0.003931779536127,0.0672622831211232,0.0122105125965699,0.0281733721062298,0.0073301255061824,0.0350099813555485,0.0130837813424601,0.0317584231467858,0.0072604545315383,0.0656294513087992,0.0097685921981181,0.0036469352568309,0.026061611850893,0.0157656677409225,0.0033983459700554,0.0089406003733545,0.0,0.0064792326809456,0.0166301334128366,0.0112867294751594,0.0215983559756652,0.0090974514763879,0.020214878621381,0.009877578651001,0.0,0.0015246519782171,0.0100399339914705,0.0256649052113553,0.0,0.0107479753243569,0.0443545967846277
76561199512732822,0.054828403504357,0.0294586433506166,0.0643731519073433,0.0425094947438356,0.0104695161435336,0.0563262350305524,0.0201804906341289,0.0221252221949755,0.0233242673094098,0.0225056151313317,0.0384630116644615,0.0088982891453314,0.0320203356749308,0.0276319977557068,0.024869233137403,0.0240118436777697,0.0257246414810214,0.0065992631163933,0.0141079554170101,0.031548965626936,0.003264320792482,0.0311323235749284,0.0303450493795364,0.0346487775620045,0.005441052365043,0.0070208323256258,0.0202876493891467,0.0136865101733301,0.0,0.0303276202303152,0.0215597522677936,0.0121540569754329,0.0227283920809477,0.0113164476126708,0.0031505792984855,0.0358707888433745,0.0034572367802884,0.0039402639901658,0.0,0.0078023838609399,0.0102758790168328,0.0341507895696972,0.0276761626359617,0.031023511340307,0.0070208323256258,0.0031505792984855,0.0,0.0031505792984855,0.005441052365043,0.0
76561199515983042,0.0564028776168896,0.0574318418524627,0.0084608781638401,0.0364810359521031,0.0322329172888614,0.0314111825067066,0.0296177800764834,0.0292109409685828,0.0240801808845706,0.044771595060528,0.0347636710972503,0.0289674581584849,0.0418170118883999,0.0160266787574811,0.0101710564958442,0.0474454477258201,0.0157984154380778,0.0,0.0258188917511932,0.013926180960508,0.0256531959741539,0.0,0.0284155310212541,0.0214871539606395,0.0379860151177873,0.0327891817158415,0.0151064134079626,0.0,0.0237110689291448,0.0,0.0102058874570241,0.0158140794782158,0.0,0.0039669591077543,0.0138115379740792,0.0,0.016885469503419,0.0239644732290962,0.0,0.0,0.0050007441937545,0.0099396206228776,0.0,0.0370466160319931,0.0051732538052078,0.01585768363389,0.0275523884421423,0.0,0.0300347686936392,0.0147619150560335
76561199517455475,0.0525569318417299,0.051702271106064,0.0220463048237213,0.0683851320070967,0.010056539271158,0.0153716484169089,0.0357751374854454,0.0493061215143337,0.039497540850471,0.053123513320219,0.0134758581818161,0.0114321097906084,0.0046556257535729,0.0423555277334073,0.049615420761142,0.0481675193419918,0.029422809832844,0.0033901247533648,0.0146303018051275,0.0104240325497074,0.0210980658301272,0.0208158019847495,0.0123602342456294,0.0057684067961345,0.0324869456304424,0.0033069708793153,0.0180936871427658,0.0088569222602961,0.009872403535786,0.0185383864746211,0.0109924639881214,0.0173529188745913,0.0238612482475409,0.0033901247533648,0.0048152761311243,0.0,0.0225570427793923,0.0221179803316174,0.0132553754888276,0.0,0.0069893352192146,0.0196388261174761,0.0100721776781109,0.0046556257535729,0.0042918113311566,0.0088569222602961,0.0225389598352981,0.0,0.0156602244815287,0.0123653908081663
76561199518636045,0.0225752143932466,0.0680753594158205,0.004357405585771,0.0672777184883519,0.0182912053980157,0.0238443191989326,0.0437132687645385,0.0582952737585468,0.0338152048684975,0.0115146990760877,0.0,0.016346274882056,0.0109507545281306,0.0434176632466256,0.0183982525851649,0.0553070374079785,0.0158379290847597,0.0040063379700047,0.0215049431973324,0.0205708397549285,0.0434341934108729,0.01555101044444,0.0155871889662027,0.0111083335473619,0.0475687747808627,0.0078874447338712,0.0175203756537198,0.0071628048009145,0.0255706645130653,0.0083588944186985,0.0,0.0382576819799967,0.0,0.004357405585771,0.0287814184566189,0.0,0.0070805383581924,0.0268539184456287,0.00250959366671,0.002591860109432,0.0288521389510761,0.0324226590204038,0.0,0.004357405585771,0.0113526286481217,0.0062926022186525,0.0214526319730473,0.0,0.0066591630570382,0.0203289670687385
76561199520743247,0.0604781174196755,0.0190676340069815,0.0407733811494187,0.0563099478715742,0.0354613428452866,0.0384979550158007,0.047965998379349,0.0090580712892761,0.0522574049565004,0.0158637355225277,0.0200356112049809,0.0068072144159666,0.0047186843805594,0.0453167989427112,0.0377740527551683,0.0232390524823364,0.0196114781904533,0.0199146630343043,0.0327323921230481,0.0150469916255209,0.0163593742096179,0.0345776335288212,0.0107236764699208,0.0018702416823512,0.0031868495095395,0.0248392522102794,0.0186767671954039,0.0124628282067233,0.0080889235744149,0.044124968996467,0.0254972363654727,0.0153802575940345,0.0191931962417693,0.0095360177393661,0.0080889235744149,0.0168038409819669,0.0047125624545877,0.008252628448142,0.0163199186927194,0.0043006388955608,0.0050836011256634,0.0286666945515752,0.0051410819387048,0.0047186843805594,0.0217528261078133,0.0095211142827075,0.0,0.0211897334299609,0.0,0.0
76561199521001438,0.0477986088615805,0.0624333672641302,0.0203707511087339,0.051141177050601,0.0226525896378039,0.0106280355484707,0.0325888301868791,0.0417644014384439,0.0346181598424239,0.0311648297147693,0.0379002693347333,0.0262637268183302,0.0096676239729604,0.0328713840259766,0.0338019865060149,0.0485555963706684,0.038403933912383,0.0148450627551054,0.0217193172589684,0.01441879198482,0.0315318130928133,0.0160613499725635,0.019051433384627,0.0031325377030594,0.0310394227331668,0.0066753946130437,0.0165503784472317,0.0205926142090843,0.0092997686795133,0.0150605853941491,0.0172538974517102,0.023027306235394,0.0102416195045743,0.0,0.0,0.0,0.0096676239729604,0.022276806794422,0.0167246151592745,0.0,0.0145240506361567,0.0119928516413062,0.0077575809361165,0.0131336067379342,0.0030417389092815,0.013134287274187,0.0173273976695165,0.0,0.0079931065746011,0.0092997686795133
76561199526209117,0.0586953504722103,0.0651577711853385,0.0417156212509217,0.0795519569303931,0.0212116732374711,0.0243284413253277,0.008464157808511,0.0251506117971252,0.0743640948524989,0.0192319696967345,0.0072268957389378,0.0089482219458055,0.0066460804842695,0.075765358560875,0.0315374481495367,0.0252996246168778,0.0157707010855306,0.0116533197089178,0.0158314734203977,0.0,0.0320161700481207,0.0557881890963656,0.0,0.0048922815344933,0.0034660617069159,0.0212116732374711,0.0,0.0,0.0,0.008464157808511,0.0571437690842544,0.0398876641050292,0.0167364136357712,0.0123224642304252,0.0,0.0070443256559583,0.0056596331533216,0.0078491654371494,0.0034724493819406,0.0,0.0485059981087934,0.0168705053795889,0.0085358658609071,0.0054711495594279,0.0157921048491502,0.0,0.0034240181496473,0.0034240181496473,0.0054711495594279,0.0
76561199526487450,0.0654250314091568,0.0443080565984763,0.0277752663936763,0.0615675338949156,0.0190016009412318,0.0124444085121626,0.0452365027879639,0.0376943002283003,0.0237180244063347,0.0254064480645874,0.0257957690860813,0.0229266978558617,0.0065252363812082,0.015130465807802,0.0530712586948682,0.0505915078999511,0.0312046385429838,0.0131121401847385,0.0310967868396768,0.0215795612185063,0.0313945875033228,0.0180817615449615,0.0052677898761057,0.0076063213777262,0.0242326422852101,0.0046744930373962,0.0204976172270105,0.0166245324661957,0.0124476636347614,0.0433723214484874,0.0074054176694177,0.0052750376516983,0.0496522762666586,0.0067753471223686,0.0155677920605091,0.0025021255986606,0.0075325516201027,0.0088345620296901,0.0127891073168726,0.0046744930373962,0.0,0.0107607957895617,0.0100543925399213,0.0034874435788756,0.0152593578217273,0.0052677898761057,0.0054974324557378,0.0076881651361944,0.0,0.003164946278838
76561199527406968,0.0689755572375339,0.0730438926789311,0.0266603963364404,0.0464053187344165,0.0120218134159779,0.042005994279529,0.0046077570713025,0.0223799384700026,0.0257121178915614,0.0507784758815742,0.0492252630843386,0.0305893637854993,0.0402822435734271,0.0286713297425647,0.0177493148697108,0.0326620681333002,0.0132459082135624,0.0,0.0477667513828848,0.0291084131754012,0.0202563624890539,0.008797031280032,0.0523613595376659,0.00977505323361,0.0219667495194952,0.0183258854807215,0.0147829950420392,0.0041067936030717,0.0,0.0,0.0106925014966415,0.0208720052193523,0.0047895910611688,0.0112301484576519,0.0165230660045807,0.0,0.0105161037577213,0.0268055986813226,0.0,0.0,0.0067457532391546,0.0,0.0037993019804325,0.0442330080155484,0.0047895910611688,0.0,0.0085880288671928,0.0,0.0181511540144142,0.0
76561199529575900,0.0607212712425245,0.0233833102591468,0.0492971716669738,0.0698121320671139,0.0188258259772602,0.0481004971511509,0.0362117496386536,0.0205363414459232,0.0598657666029458,0.0151796338617054,0.02293217161957,0.0056825744879475,0.00417236501989,0.063891121573151,0.0380293151202965,0.0168032500569798,0.0292510379661043,0.0208895634150111,0.0340244423610836,0.0074242677553097,0.0173302927229736,0.0368470194405558,0.0,0.0,0.008550080608889,0.0117641038186708,0.0,0.0,0.0,0.0422082108590316,0.019760045845263,0.0146305072534223,0.0168369347864787,0.0120533459008969,0.0,0.0354310424740368,0.0081179737863713,0.0104281553698244,0.0226654970373478,0.0030450044346143,0.0087490862477643,0.031266685271559,0.0118615470216741,0.00417236501989,0.0098998282923983,0.0,0.0026490859323489,0.0232670940314188,0.0034322845558266,0.0
76561199530756303,0.0264237489684886,0.0339901153960961,0.0031746786965082,0.1049151105713395,0.0238724703206557,0.0148051571410643,0.0603589043497706,0.0268556313521626,0.0213302022049831,0.0419474395875541,0.0092567453764435,0.0502380866446116,0.0,0.0284013745893683,0.0408187483815198,0.0232309577668954,0.0196198157984362,0.018435818459187,0.0256589082340532,0.0135342096389963,0.045770445041391,0.0038964936878769,0.0223751316335469,0.0026398723225802,0.0165047484357954,0.0046560872749725,0.0174129680816638,0.0281955134350181,0.0090026287906457,0.022451907930035,0.0,0.0167433191348156,0.0533348966197218,0.0031746786965082,0.0108943373164161,0.0,0.0199869368538444,0.0073024704049396,0.0513590046195895,0.0,0.0109871460133889,0.0288290555356105,0.0051879351842572,0.0,0.0099045714619161,0.0056263775115192,0.0,0.0045226923545725,0.0076930725049553,0.0046795856762833
76561199537429327,0.079549028125292,0.0742393357763227,0.0685471975805883,0.0279680170678838,0.0057547458300602,0.0517319321194307,0.0048852231869112,0.0154818132262181,0.0323240482459633,0.0263009445406501,0.0683584279025866,0.0248382505476025,0.0202097950130425,0.0289122805693471,0.0125749124704145,0.0190260508411183,0.0280155174500452,0.011265249221534,0.0468710609058469,0.0,0.0252702037050244,0.0304141994605539,0.0343659699225738,0.0,0.0,0.0,0.0133299958007811,0.0,0.0,0.0048852231869112,0.0355085057418101,0.0111467280452943,0.0,0.0114762076438004,0.0,0.0060002788026765,0.0279913357745821,0.0,0.0060002788026765,0.0052649704188574,0.0111467280452943,0.0108855019895877,0.0100758632405495,0.0473842407103751,0.0315720485564949,0.0057009193450893,0.0,0.0,0.0247269701862076,0.0
76561199539087405,0.0430962226475252,0.0668072635747906,0.0139855182215806,0.055030494045152,0.0173866925196907,0.0253098623786983,0.029494016325399,0.0742668786260273,0.0342184004666355,0.0483512136789815,0.017986911146095,0.0086296645241617,0.0150478319399722,0.0300965688612482,0.0397297909854709,0.0638208915589888,0.0098208728681245,0.0,0.018444099945447,0.0133462402370091,0.0111987517135703,0.0188533461651556,0.0202480158363457,0.0110466327344645,0.0478543550783567,0.0137092260685982,0.0,0.0037745676634773,0.0124808780171901,0.0128234518165233,0.0074159501329077,0.0132751086791086,0.0071467864511728,0.0,0.0036312212697575,0.0,0.0077412668619565,0.0447998895935999,0.0034517652092658,0.00632268985281,0.0196243980634349,0.0281497042482816,0.0155580983125403,0.0087854960163408,0.0061258516262175,0.0,0.0325067451534589,0.0,0.0186063688844654,0.0
76561199541793625,0.0524342864466711,0.062925749665669,0.0080764840760966,0.0524361813196457,0.0,0.0121444142833421,0.0149238160159482,0.0225724318267446,0.0289509386469286,0.0240546626722798,0.0208298436907943,0.0339755289244264,0.0039677159859525,0.0211600889447119,0.0201745989261429,0.0293446207290578,0.0428263196881994,0.0,0.0163943783964928,0.0129896297592027,0.0793888631246788,0.0066212827971953,0.0355685334382283,0.0,0.0122524982289434,0.0,0.023597460390034,0.0050204417023367,0.0381233874882476,0.0038697820941567,0.0181238267119066,0.0557450559352112,0.0166212850121752,0.0043348431334472,0.0197250570734651,0.0,0.0043348431334472,0.0184406744349819,0.0287299819502315,0.0038724033165688,0.0277590136903465,0.0289275368585687,0.0,0.0048952827064382,0.0039677159859525,0.0038697820941567,0.0237017807973266,0.0,0.041097359064573,0.0112296188390739
76561199543961855,0.056104147259692,0.0493020128411114,0.0270429931275234,0.0716820404997786,0.0145774011536635,0.0201192964237027,0.0706151747299699,0.0505225438639962,0.0,0.062234233411114,0.0158858160995886,0.0174888809412353,0.0,0.0079486558446837,0.0332038661075342,0.0063152209411609,0.0041673142726025,0.023147617611653,0.0027450693855692,0.0234565387757838,0.0685374494382573,0.0127135175318896,0.0123710885201308,0.01674503307145,0.025862574081974,0.0076665875558345,0.0270940763160019,0.0225834375680394,0.0383515068735762,0.0198341919529088,0.0208015451718429,0.002801601656457,0.0041054124719499,0.0086314745219352,0.0351618376157998,0.0,0.0181273253338069,0.0035689399901507,0.0158292032027754,0.0109759932511552,0.002801601656457,0.0127390123868983,0.0027655185933488,0.0045412913564712,0.0,0.0174635143454904,0.0148302076753906,0.0,0.0,0.0165372345696432
76561199544472375,0.0530457395254059,0.0483813263393917,0.0227064834917746,0.06193742719172,0.0,0.0168945026001367,0.0218769069718085,0.0557136226764392,0.0432678745880743,0.0139655148146076,0.0118966329259976,0.0116457137362411,0.0,0.0393919565403683,0.016635527848465,0.0494074760738264,0.009220030722364,0.0026367950418607,0.0247235468018974,0.0150815555739346,0.0402048582595256,0.0133563837564402,0.0062463978080419,0.0099444934739471,0.0443516342684397,0.0,0.0071940277403919,0.0070424232399526,0.0362316575177159,0.0050698582784604,0.0143898652535896,0.0365260491261157,0.0020741328659225,0.0071953650405627,0.0063044694048659,0.0125041084245475,0.0,0.0183028566182383,0.0,0.0215432735502027,0.0410244382661024,0.0363282063948375,0.0228243233974615,0.0017124835665032,0.0088793164334552,0.0,0.0347077306682265,0.0,0.005364618597256,0.0422483945848818
76561199545066123,0.0351854097746497,0.0315807789305207,0.0447681810506624,0.0463922109945446,0.027008794233619,0.040620839126947,0.0187045987797339,0.0121578405529369,0.0414970491473999,0.0221841295530531,0.0236184934146862,0.0094902684440009,0.0095372885083756,0.0413626485474502,0.0265091344083197,0.0223892413509749,0.047260718399722,0.0044662669889623,0.0381471824582545,0.0213764674173241,0.0158602845533593,0.0252618074494048,0.026445691277198,0.0203195054104425,0.0115997120315325,0.0231539705064335,0.0,0.0152439420737366,0.0050197049263844,0.0085420156465678,0.0456900809491564,0.014384319400504,0.0203053069204401,0.0281902520467455,0.0127704624428474,0.0042054125578124,0.0135715780936622,0.0071381356265525,0.0044662669889623,0.0210355398062654,0.0050197049263844,0.0050197049263844,0.0136701456861149,0.0249024813676591,0.0172830670160877,0.010077355018213,0.0087476328354563,0.0,0.027818377433553,0.0
76561199546266669,0.0636398897343084,0.0550172905667865,0.0541255088770356,0.0621773805011835,0.0287818949202192,0.0334997103828125,0.043668189440726,0.0338131814006814,0.014543111814939,0.0359403171602913,0.032888274949909,0.0221209211633906,0.0288322632421958,0.014543111814939,0.0185274184767249,0.0240485192972917,0.0328044001206268,0.0153554694915596,0.0,0.0044230953069411,0.0228175096004182,0.0192783360827762,0.0243393460675357,0.0,0.0212993103439519,0.0,0.0154479428808282,0.0081362332707273,0.0261338337762851,0.0231393637515914,0.0134284424655025,0.0053271838327289,0.0043044914793296,0.0231272846164392,0.0046725616421673,0.0087804542084897,0.0095923560913574,0.026762637467985,0.0093828962909004,0.0247455892317872,0.0053271838327289,0.0141076380412187,0.0093564106800025,0.0051692607844163,0.0109323741846185,0.0,0.0214891734942593,0.0,0.0044230953069411,0.0197291419124493
76561199551749900,0.0517551400592801,0.0584533401921163,0.0103681632065515,0.061675898194036,0.0122618516493213,0.0104313919473812,0.0361366585817646,0.0348199922393608,0.0557895697567069,0.0212208283082708,0.0424556190616951,0.0378672586492316,0.0131236597915543,0.0389580225341335,0.0064895696845367,0.0,0.0343184428119587,0.0052269031099232,0.0080832645254578,0.0242027808099463,0.0781248272891508,0.0125876159567823,0.0227768677001423,0.0193147363546538,0.0060887112521562,0.0070349485393981,0.0236757297759734,0.024695248460575,0.0062820837162239,0.0216472513450616,0.0177831244623112,0.0319512568150216,0.0,0.0053075697079931,0.0184065950163037,0.0,0.0157105793635809,0.0070349485393981,0.0121023001184231,0.005123822239388,0.0139971526137306,0.0133014198241065,0.012433388354122,0.0052443409671634,0.0,0.0255259478319676,0.0059138880882727,0.0,0.024297290554871,0.0
76561199552824101,0.0657936393617371,0.0943449624653274,0.0436094549044563,0.0685313932057268,0.0,0.0263492945395583,0.0132693615578,0.0322431984653437,0.0543452267903934,0.0411650832636068,0.0446736755539778,0.0086326442336886,0.0048382982474184,0.056666254651066,0.0212409703656594,0.0389838131322531,0.0150016652465028,0.0048382982474184,0.013592102970593,0.0,0.0548218852300767,0.0256567040024206,0.021555158371601,0.0,0.0110353616514313,0.0,0.0153854412057346,0.0,0.0150583546901838,0.0050167755532901,0.0197450429100413,0.0091102945496645,0.0106279465033106,0.009787214784269,0.0147920001539954,0.003918277258484,0.0173892197395911,0.0089417642425554,0.0041086209929088,0.0048382982474184,0.0147535443223324,0.0187492829475994,0.0218809185241146,0.0135659926844514,0.0048382982474184,0.0102475891143138,0.0070022832844295,0.0,0.0090543935858345,0.0
76561199553177714,0.0465697964857447,0.0573361635419941,0.0101889406081579,0.0677778035414453,0.0151963942825475,0.0083203911242336,0.0449965403374747,0.0599106307474202,0.0209644310798676,0.0551718720705791,0.0278733066190494,0.0363996627092733,0.0033137134222479,0.0177401122106859,0.0282171549678443,0.0328648752390636,0.0202738759864781,0.017470356038415,0.0127520919969776,0.015864720135684,0.0546118434237671,0.009048600323023,0.011309955635006,0.0,0.0272142574978552,0.0083058600002101,0.0325964439031068,0.0282565141902038,0.0105417312216033,0.0217596776769875,0.0,0.0101458149436303,0.0134301065978783,0.0033474519283045,0.0107805818876597,0.0,0.0129120501688316,0.0229124324854392,0.0533531314418936,0.0,0.0120311730040609,0.0171315962745387,0.012505852023792,0.0,0.0,0.0101294884617986,0.0128209047948533,0.0029452748182136,0.0,0.0027064241521572
76561199557398352,0.0510044176392965,0.0439260362640488,0.0344909787565504,0.0612305709083113,0.0190404503787175,0.0143032189897708,0.0279186120257539,0.0343812610214167,0.0324026671729896,0.0394247063201951,0.0302673123596802,0.0307568412318718,0.0,0.037402148099156,0.0370578830570217,0.0550567841132142,0.0129331490556054,0.0071112906851838,0.0326246490324479,0.0071394384796208,0.0431679753398645,0.0358882994587003,0.0156801583434164,0.0,0.0182671703116226,0.0040453511488525,0.0278585669387971,0.0222470046512716,0.0090278107365214,0.0064922951436443,0.0141592237977956,0.0155240477196781,0.0226173458625896,0.0036678614825128,0.0090278107365214,0.0,0.0233722505633374,0.0224017275669319,0.0097220032405823,0.0032297080969379,0.0155240477196781,0.0144981858646029,0.0121121025452704,0.0073923452172467,0.0117588870094099,0.0148472994739411,0.0089981054394186,0.0,0.0,0.0
76561199557989035,0.0563991554731208,0.0403908722402581,0.0356791499908035,0.0927944544532611,0.0159702929688159,0.0345381067142635,0.0432041840953138,0.0226540592032615,0.0532848761620187,0.017374280766782,0.0147134630625054,0.0095530960592392,0.0034315905222122,0.0584507704813186,0.0366109653293379,0.0114773154808968,0.0216125988226841,0.0160219694646389,0.0429046241988874,0.00619804664163,0.0377568279698795,0.0241916451739958,0.0070273961538975,0.0072556695363932,0.0,0.0117282675732071,0.0209224495323735,0.0197348421884228,0.0,0.0161084605654602,0.0199451252123039,0.0154904192303141,0.0293659051158772,0.0062766562226678,0.0,0.0161702507025605,0.0026231585816347,0.0075481076487874,0.0269292489311979,0.0,0.0154214030821038,0.042546614442111,0.0,0.0,0.0092831378354493,0.0221767418135877,0.0,0.0082338003565236,0.0,0.0
76561199559728739,0.0768425490711144,0.0292685869076483,0.0233242166863969,0.0360770947571999,0.0717196698518675,0.0504792315361963,0.0399889093615003,0.0223000758976107,0.0310697642823577,0.0194244335427549,0.0052694473177778,0.0104379478113057,0.0273561420849291,0.0267494735764098,0.0464682680975306,0.0355135014086647,0.0143559277402084,0.0188103619223321,0.0509829701121829,0.0308740991883939,0.0105949171861738,0.0242730334088507,0.0,0.0174000460834354,0.029189635939407,0.0416565870940298,0.0,0.0102886091823894,0.0216392322866374,0.0083724141110263,0.0152650850727493,0.0127002815108192,0.0084644629113652,0.0066893678285048,0.006533691596598,0.0,0.0032492328690444,0.0012666082862198,0.0117769541035412,0.0,0.0112803610000922,0.0190128945918465,0.002337624615983,0.001185041570206,0.0204912879258037,0.0006415561454698,0.0161699493623748,0.0136859165648319,0.006927206178704,0.0115953314195119
76561199559993324,0.0462287243794548,0.0692033982337756,0.0098511397105832,0.068825996255153,0.0256839461575624,0.0106879568887808,0.0112361786380362,0.0639046781278199,0.0278263881075095,0.0294909672135413,0.0349999485414405,0.0228123130175729,0.0,0.0340646519516028,0.0488478731408703,0.0730832259085131,0.00966047684292,0.0080086928080027,0.0193163595507067,0.0115391078922647,0.0511411604415528,0.0270150430752676,0.0120979155157201,0.0,0.0337046552243998,0.0140467051129427,0.0197515983186857,0.0050392616389242,0.0070586538767958,0.0146294896310797,0.0152276257361435,0.0076968922669727,0.0183887513907361,0.0090336489471515,0.0108271638021805,0.000822701814776,0.0086126262447736,0.0379463749159288,0.0048573078227556,0.0,0.018208931456864,0.0129044795973611,0.0143573461023531,0.0048106814747632,0.0024681558723481,0.0022480256528385,0.0098375902456058,0.0,0.0119951904549666,0.0
76561199568067378,0.0554292463277996,0.0446837112557418,0.0159071266128149,0.0595542193142118,0.0418266652165181,0.0184336755922881,0.0279346811627575,0.0545251814732674,0.0299491636252416,0.0322398723627135,0.012285308122277,0.0301635584501717,0.0032895578922564,0.0287640460030885,0.0589434995523726,0.0475588788726145,0.0143222404060164,0.0032369192434032,0.0334079662888752,0.011443982217509,0.0227612439606585,0.0212786254151917,0.0046268580880827,0.0,0.0366358286513287,0.0266463465568234,0.0071760359709612,0.0032895578922564,0.0071760359709612,0.0206994268088388,0.0138802889683186,0.0132265819869005,0.0229103483590841,0.0103105514932991,0.0075662268895477,0.0036218184905378,0.0072300619633746,0.0381572341200821,0.0206994268088388,0.012285308122277,0.00670668255024,0.0192838325251223,0.0148152903904338,0.0030376163310876,0.0184957424623946,0.0030376163310876,0.0038864780787047,0.0066594348216255,0.0,0.0
76561199571958168,0.0997063056304681,0.0793702754243511,0.0663134895170906,0.0331822812072594,0.0105545799029174,0.0472419273686295,0.026892683766297,0.0546888293559119,0.0382154198731139,0.0073844165323308,0.0858423350070228,0.0073844165323308,0.0052102620220893,0.0155293774824342,0.0236897042665513,0.0237407317861534,0.0167871706846962,0.0047968677258609,0.0105441367690131,0.0051176917057048,0.0312016490910565,0.0520766833753758,0.009123804678656,0.0047401659447893,0.0105545799029174,0.0,0.0,0.0051176917057048,0.0,0.027567463156391,0.0308344720392855,0.0115604958196707,0.0072963846384857,0.0230149248764573,0.0,0.0069696437985441,0.0215479761797159,0.0105545799029174,0.0087306453535516,0.0122900492390284,0.0,0.0052854902182123,0.0359435839873448,0.0150313696954349,0.0,0.0,0.0032477521305274,0.0051176917057048,0.0,0.0
76561199572634759,0.0315396349733325,0.0210247166472858,0.0045197283813474,0.045983552758025,0.0362963285054292,0.0195398054528675,0.0429282224355017,0.0491375437068221,0.0517075248110356,0.0249268627563022,0.0120599384747764,0.022501463485641,0.0180524944318804,0.0403814462314737,0.0123575617457516,0.0228243061319253,0.0017242717627043,0.0080214597710937,0.0293221149662406,0.0246725592722134,0.0528505094596181,0.0165936759012452,0.016062456040634,0.0057825710328704,0.029225563315199,0.0265794030052695,0.0279221725353131,0.0350000101904488,0.0144486106446404,0.0257440403331838,0.0267013517671417,0.0295880665574358,0.0097590042510815,0.0,0.023870513357218,0.0041891525153865,0.001769799270844,0.0116111502697826,0.0271320772318641,0.0,0.0255788172803805,0.0207767451167941,0.0,0.0,0.0,0.0147277452663038,0.0063755936811486,0.010579448641804,0.00770720194722,0.0099027836855207
76561199575139982,0.0426045044770109,0.0498998607196007,0.0234533754885609,0.0925759497142393,0.0143338253965143,0.0240023392890167,0.0342875158232416,0.0407469396389079,0.0381859617076132,0.0338875830895661,0.0063854349472824,0.0273337930700728,0.0079155449268104,0.0546960369377138,0.0332715970386055,0.0364934311737903,0.0199835854192678,0.0162209910263084,0.0254182815968375,0.0096877512518092,0.0250117267185728,0.0209586946704684,0.0031128816883056,0.0034632858769277,0.0379089190140296,0.0094043180532398,0.0084137731836692,0.0118657256216827,0.003740506146356,0.0140528219976132,0.0,0.0220412138310377,0.020231792949264,0.0073065307492914,0.0024839592285254,0.0139401057801723,0.0143330614987107,0.0224535448654045,0.0321498845531789,0.0,0.01238168191068,0.0251619650986745,0.0034632858769277,0.0,0.0105349200301171,0.0024839592285254,0.0191186709262042,0.0137479847963316,0.0064103876762657,0.0024400952970518
76561199579773295,0.0713341495136146,0.0384566553424139,0.0135706035282082,0.0744546381997735,0.0266046930039019,0.0057845957979634,0.0235381075943846,0.0324972461177237,0.0257875684198265,0.0501135904689588,0.0120573209980404,0.0158164302953327,0.0126576250955947,0.0278626971085158,0.0586394826536914,0.0614338953019258,0.0444965807320486,0.0060751381807004,0.0263999118065399,0.0,0.0198674331551578,0.0270242931965701,0.0064078535003069,0.0059594092246901,0.020354943973941,0.0206359652455962,0.0059594092246901,0.0099935683784143,0.0050676238184827,0.0159003142878529,0.018085345630473,0.0126836086367253,0.0421937992315718,0.0,0.0030708138057565,0.0,0.0176382711919406,0.0281578833330105,0.0141659009008139,0.0030708138057565,0.0075701101193439,0.0144576618391026,0.0094734379763631,0.0057169382355785,0.007483641947313,0.0090302230304467,0.0144384997155597,0.0,0.0225048757131615,0.0055064307222199
76561199581122905,0.0640901146715806,0.0767809580708872,0.0427799096818776,0.0423868143740863,0.0241835304523301,0.0489450103777199,0.0099598458040161,0.0399152738444968,0.024663597868515,0.023178651441696,0.0444152942274475,0.0111524348470109,0.0392179248818719,0.024663597868515,0.0124386453739998,0.0396367639110945,0.0227651105935933,0.0,0.0350710632964272,0.0108493251441797,0.0151357295023918,0.0174183679640314,0.0444279112299192,0.0,0.0288188581882838,0.0230321524594399,0.0063622563077788,0.0,0.0057867057288438,0.0072091415506884,0.0235910802210108,0.0210030419592463,0.0072091415506884,0.0052845711315713,0.0062452873158786,0.0052845711315713,0.0052295038233113,0.0130090486544192,0.0,0.011927786733655,0.0110431961552302,0.0260208837544848,0.0169996453438129,0.0321713627784675,0.0047901785392321,0.0,0.0104220334647976,0.0,0.0144836777798979,0.0
76561199587644940,0.0585541608856084,0.0440311451494157,0.0340612364469511,0.0683491973189149,0.0222716673967021,0.0082723631923629,0.0403829413432914,0.0163696393839141,0.0228368987370387,0.0347935779710433,0.0103605583523402,0.0180505342407169,0.0083350421071214,0.0307527695388885,0.0369849854214094,0.0433912797736154,0.0157430797765694,0.0403844153022278,0.0122685040918155,0.0163785318905117,0.0410684524848265,0.0165021944719959,0.0089087120050697,0.0053517800080004,0.0094519664816103,0.0053517800080004,0.0285521861645418,0.019777250938998,0.0070009934628944,0.0212607305399244,0.018510681170399,0.0236840590914828,0.015780298495439,0.0162983913253405,0.0127883984642717,0.005851221909068,0.0287861895995186,0.017607889391867,0.0141651315540719,0.0,0.0185442623493633,0.01926949755471,0.0096353231469936,0.0047403376493834,0.018310538046825,0.0104746866070281,0.0046068113686166,0.0066215643338731,0.0085261430554255,0.0
76561199589158503,0.0706263008902765,0.0759769743912317,0.0069986550766729,0.0938691784922046,0.0,0.0194057986746975,0.0361595303196079,0.0413045701305628,0.0521255948316617,0.0386618596034177,0.0365662165114823,0.0077443592950109,0.0,0.0431360297436834,0.0196272118759696,0.0118931323686981,0.0031739613808524,0.0066124533732339,0.0074711692346549,0.0,0.0780704615144014,0.0304322999518076,0.0049061439316786,0.0038906786989298,0.0152045975250566,0.0,0.0187873421777465,0.0,0.0187873421777465,0.0243271697060643,0.0231691142636055,0.0095877636167298,0.0099163846277659,0.0031739613808524,0.0214422554890873,0.0057055336343356,0.0136841783317131,0.0097108272482037,0.0142904874548998,0.0,0.012565885890323,0.0435210410386836,0.0151208448544033,0.0049061439316786,0.0083446359240601,0.020651680144641,0.0048046833165251,0.0,0.009212011234308,0.0044335357408322
76561199589538204,0.0380611540726069,0.0510011117452926,0.0060586144963069,0.0888103362942719,0.0,0.0,0.0188186446732366,0.0417804264035994,0.0271380510704837,0.0629073686898704,0.0226376989118092,0.0493462747499435,0.0053359824277129,0.03172340095004,0.0529403550017866,0.0614478945033905,0.0381629061616285,0.0152114101803077,0.0106633191443339,0.0024134527951751,0.0054879261638192,0.0,0.0261640721856134,0.0,0.0405174159559056,0.0,0.0,0.0,0.007856376109826,0.0160914325923725,0.0,0.0203905875268899,0.0391827161660878,0.0,0.0051339888258764,0.0070967254004588,0.0279459556981251,0.0494662693079488,0.0226882961537317,0.0,0.0102143862711516,0.0,0.0057941489443531,0.0,0.0215752007733536,0.0,0.0428527967291442,0.0,0.0243953627977009,0.0026879401258434
76561199592008364,0.076349056007151,0.0455174818224576,0.0304934443124436,0.0667847876327678,0.034157249293534,0.0361705302200254,0.0334023634957313,0.0337444077295786,0.0437561317740195,0.0471877839537746,0.0191055729016953,0.0205921967223898,0.0035210910257414,0.0336021927345706,0.0485752302764004,0.026234322884345,0.0385509024805267,0.0143689957538538,0.014862113892892,0.0104730916970645,0.0243751373497012,0.0124599255958097,0.0047400759504743,0.0,0.0212515116570636,0.0196197110738318,0.0106992673312677,0.0099721595450247,0.0117381887449074,0.0173534500477563,0.0091900128950763,0.0031559454917274,0.0250316527080167,0.0032069301022737,0.0163449699296485,0.0199728700831925,0.0161771637909036,0.0249055542922335,0.0146790433998828,0.0,0.0031559454917274,0.0167953349891884,0.0089714100853244,0.0029119293326471,0.004091690766551,0.0029468579116468,0.0049264234587128,0.0029468579116468,0.0063710210134173,0.0045600124393811
76561199608316668,0.0437755703100495,0.0708727508245201,0.0280734208726061,0.0522310030141171,0.0378104253694167,0.0207900563152095,0.0311274048989605,0.062088969494439,0.0504688893532474,0.0246164104872169,0.0198951974959729,0.0,0.0057145221196663,0.026756353830312,0.0287002707611404,0.054490424984395,0.0108580547704331,0.0069910459194764,0.0422681130647408,0.0100476260112825,0.0401012116994654,0.023784910616568,0.0093513975205001,0.0053115503352449,0.0257772719754959,0.0111606336370273,0.0143799047307803,0.0,0.0076803401817923,0.009488934981696,0.0150089702285702,0.0310000465129579,0.0147289202291804,0.0057145221196663,0.0,0.0128991547798991,0.0,0.0307352358313013,0.0151209391366841,0.0036368754008338,0.0216348173085933,0.0354489851611972,0.0086431059680256,0.0,0.0048915044336813,0.0101174657948889,0.0,0.0042540261344765,0.0115527653842695,0.0
76561199627864130,0.0452473715754453,0.0654589806902185,0.0263903620473495,0.0713735329451358,0.0151917410366437,0.0186844164178091,0.0181209061382759,0.0541509550381265,0.043909962499551,0.047325011545061,0.0141947387141847,0.0111106229774884,0.0,0.0414084043654232,0.0440503631448177,0.0460652344417569,0.0284758179280998,0.0077153747691686,0.0143614390142368,0.0022684868805614,0.0424950070475072,0.0163766848488121,0.0123966438078115,0.0025629046834978,0.0451285810514834,0.0032765255066093,0.0,0.0022684868805614,0.0113638313274191,0.0148887490147732,0.0083854971720343,0.019101975581468,0.0193932559345242,0.0,0.0078636435772441,0.0053773953129588,0.0268491143460659,0.0402677864712492,0.0134001073825633,0.0,0.015543684254035,0.0183066786102156,0.0,0.002878739784939,0.0089802372257013,0.0,0.0271022545577274,0.0055450123871707,0.0113298623432144,0.0034136187210576
76561199630639323,0.0679511848617139,0.043597672088343,0.0432369473124363,0.0464861204037985,0.0473838007379633,0.0310255389962416,0.0366868288222689,0.0535210956703821,0.0176517667013202,0.0246467784232874,0.0178911445009038,0.0,0.0085348583124482,0.0118229985103029,0.0311422024443093,0.0361060279167836,0.0154783058628053,0.0120828725824017,0.033703201765926,0.032983310278767,0.0124453841254525,0.0093984908363067,0.0025644984718986,0.0443341707917368,0.0292611697323875,0.0318122263976161,0.0026940125648548,0.0049921719152725,0.0048097883949798,0.0187674943078872,0.0148681559810834,0.0090172188391059,0.0130507201352356,0.02584343005782,0.0205733831110068,0.0,0.00820667156111,0.0315793239229602,0.0033441465728369,0.0230351983751481,0.015667777936582,0.0191162234549195,0.0140683237701098,0.0,0.0077368797294722,0.0034281652863465,0.0126425291404857,0.0,0.0,0.0048097883949798
76561199631745821,0.0422776310864588,0.0650441639435668,0.011553920311122,0.0666004145256854,0.0065332249670474,0.0194757419032045,0.0229811128452403,0.0472573977857132,0.0496501152869525,0.0418037809180781,0.0082387412690945,0.0348337552131906,0.0024686416053891,0.0430568842613008,0.007046464892121,0.0214293080185577,0.0242029057583745,0.0072581105610398,0.0283673987448141,0.0048490418456231,0.0798754385280149,0.0091448515957053,0.0,0.0024686416053891,0.030293729009226,0.0024686416053891,0.0291262263437943,0.0073647161340446,0.0162326541172861,0.0101815809323519,0.0162896938288379,0.0207866507486571,0.0101244038845392,0.0057012770901805,0.022453125736064,0.0,0.0052897099037284,0.0113822668126705,0.0368780149225747,0.0125478204647683,0.0347674599655456,0.0386275285440573,0.0148302478602319,0.0,0.0,0.0024686416053891,0.005065856431475,0.0,0.0044901859255947,0.0162118806619082
76561199638601866,0.0512145333907637,0.0789343816509516,0.0634888698406117,0.0352394168612493,0.0152922065531172,0.0404055527671673,0.0334623005669478,0.0453340558838743,0.0128748946779641,0.0680901488147604,0.0432683170355249,0.0340226943167733,0.0242253110873465,0.0110657211167224,0.0050031365612172,0.0191708860629147,0.0456576351131113,0.0163344692153628,0.0,0.0197501320073924,0.0,0.0055248353152747,0.02287919781218,0.006843318213835,0.0235634585984185,0.0110982012310832,0.0,0.022017248336109,0.0096628630229587,0.0178940333979333,0.0,0.0,0.0,0.0055248353152747,0.0101754606571056,0.0041573881011439,0.0269252725250596,0.0444847972488614,0.0104303323645304,0.0132755016131039,0.0,0.0043870093492667,0.0132755016131039,0.0227869328636761,0.0056440884996463,0.0052446647502755,0.0181362627951053,0.0,0.0072308061783177,0.0260033266739618
76561199639237662,0.0406973067921164,0.0371218887118713,0.0397921023079271,0.086415111390652,0.0125064395404779,0.0244793434738724,0.0347111468050247,0.0358209723318789,0.0743417775270568,0.0064247479858641,0.0205695729033252,0.0030201786880755,0.0,0.071688537079419,0.0198406394249327,0.0162853311875195,0.0,0.0,0.0140857890868625,0.0134472068173725,0.0674823395813321,0.049534262635672,0.0119221960712546,0.0134472068173725,0.0183914532957408,0.0043018788606141,0.0071690155276321,0.0,0.0057951425738546,0.0237550481556931,0.0463393341581309,0.0372910392257078,0.0105422694471167,0.0135670819964842,0.0081853137276832,0.0028253621644023,0.0057951425738546,0.0076648264492625,0.0165217694203329,0.0094182451569275,0.0205079534749556,0.0255805527223847,0.0211321623181693,0.0040364768881266,0.0040557238403071,0.0,0.0,0.0040557238403071,0.00943438702243,0.0
76561199642042062,0.0860716450303483,0.0122526279679574,0.0751391342985956,0.0387087280578964,0.0277313247859744,0.0222055921230353,0.0188795984670551,0.0049297759708028,0.014136438512592,0.044518353835099,0.0382927441806757,0.0261958472807635,0.035673394574227,0.0102307138320096,0.0534079616336396,0.0039057246805823,0.0102933445053204,0.0820034507175512,0.0176831525753731,0.0297253934164033,0.0061002554427594,0.0039057246805823,0.0121368554466976,0.0092733941085511,0.0,0.007589300721562,0.0283327576520549,0.0165006370455536,0.0038369451749715,0.0077869363801821,0.0084320652944315,0.0061002554427594,0.0349823358774072,0.0320311125735124,0.0084345813481797,0.0,0.0664864953963281,0.0,0.0036801882311718,0.0082999102717261,0.0061002554427594,0.0061002554427594,0.0076386826621235,0.0119392197880776,0.052326889129946,0.0,0.0,0.0,0.0,0.0
76561199645738773,0.0659287320919083,0.0475891034432957,0.0575215461954158,0.0505808970952179,0.0212979771638374,0.0299188995474556,0.0382103333045122,0.0438614371898862,0.0116347108979225,0.0390912164059119,0.0287703635965104,0.0305082628796574,0.0253075873107092,0.020719338302394,0.0390768564616231,0.0156777603922935,0.0390951963521438,0.0140870541846783,0.0047915158742228,0.0038035017071224,0.0050322474081095,0.0284347692338539,0.0193613121536427,0.0188374234263012,0.0186747377009575,0.0170594326999275,0.012096276688575,0.0,0.0042030496787537,0.0434363646053376,0.0284347692338539,0.0,0.0208967373292483,0.0052513050694463,0.0042030496787537,0.0042385444639099,0.0190170421396953,0.0115390330867555,0.0242075536478454,0.0215653761378709,0.0,0.0067659772704733,0.007334798920724,0.0179727883899852,0.0064899537223316,0.0,0.0118444380572683,0.0114276791809055,0.0,0.0042030496787537
76561199651398849,0.0888459814544176,0.0633287787400647,0.0567737102827973,0.0503948022654774,0.0127194624531915,0.0516719622604638,0.0218590868410625,0.0358118217368672,0.0337119436388856,0.0283660757800153,0.0629425201238214,0.015831856961309,0.0060990042912593,0.0256792995646177,0.027709996199731,0.025385616137747,0.0236640394634851,0.0,0.0239090332848172,0.0030559024880957,0.0311686568816251,0.0203775311913179,0.007033276481509,0.009154906779355,0.0125211742619139,0.0,0.0159183317191918,0.0118225349932148,0.0115153387212695,0.0148246119225325,0.0165864105224385,0.0134322311645632,0.0195301986699876,0.0073409938828867,0.0088850552376827,0.0061251291866169,0.026322295107126,0.0122523380086318,0.0032515055489268,0.0103968963709825,0.0133450135483448,0.0198967953466967,0.0179851458616099,0.0147751774052684,0.0030559024880957,0.007033276481509,0.0076883782485746,0.0,0.0,0.0
76561199651436954,0.0447780736277122,0.0354880798380736,0.0120798575070555,0.0643629241951957,0.0234526052034973,0.0144594851922113,0.0468179790273696,0.0740665192183332,0.0585297461657001,0.0239484764915567,0.0109933375307047,0.0127610130067979,0.0102911698082884,0.0537394973857496,0.0126648898608905,0.0323508989678542,0.002422737434185,0.0090352507910271,0.0222989752160041,0.0224339329381866,0.068379052004933,0.0166345718293733,0.002952221365102,0.0084011822362231,0.0220686109896884,0.0099199450512874,0.0057477996947457,0.0087000210598477,0.0,0.01279661256259,0.021177941942916,0.0379670766688806,0.0039686065960237,0.0050666441950034,0.0,0.0,0.0126216184103421,0.0196521447240997,0.0259110518840118,0.0,0.0624427605018598,0.043266416068816,0.0039686065960237,0.0,0.0,0.0051873880874116,0.013149671408397,0.0,0.0,0.0030446067160284
76561199653622095,0.0463151440866338,0.0413188955566163,0.0145787629667416,0.071310292039087,0.0148628890884466,0.021407617640956,0.0366109508972332,0.0596999102970607,0.0504533546795539,0.0242860293006023,0.0204520707439675,0.0218942610594306,0.0099819557158221,0.0482392477152656,0.0238547307852064,0.0469375763101369,0.0275316015286181,0.0107355693643129,0.0177096621142373,0.0057968087845241,0.0315973242677738,0.0038467816503038,0.0156023550045944,0.0,0.0377555807500807,0.006149444817233,0.0093425124098081,0.0035562441034452,0.0236236259507327,0.0259181647287061,0.0074303069791854,0.0195342492833778,0.008940159253148,0.0100431014255978,0.0093425124098081,0.0110499577489194,0.0028094579504062,0.0180466780316663,0.0281509969780101,0.0041525200347363,0.0196740302009815,0.0343416944202746,0.0089883173895881,0.0081805637213766,0.0,0.0,0.0147591473056689,0.003277786944449,0.0038467816503038,0.0160623739153688
76561199657362718,0.0540964246795001,0.0595296755416706,0.0236167078118376,0.0311283994613829,0.0406690964707428,0.0369846107496647,0.0493972379546268,0.0853039441528344,0.0146073675351627,0.0316836023695516,0.0207970891091542,0.0212415435792637,0.0082097211965174,0.0146073675351627,0.0242072096401963,0.0240498992847527,0.0097412295122575,0.0161679849949373,0.0113294470392108,0.0195591681930889,0.0189544070186778,0.0048047284141284,0.0223505378550424,0.0,0.0410751652844307,0.0227753949437305,0.0261362884675524,0.0120101213228207,0.0172143576766201,0.0314140794982209,0.005505579223828,0.0031527001232534,0.016736919976117,0.0,0.0259105981754331,0.0054133649892025,0.0090604559601876,0.0344526975149299,0.0298322683529233,0.0103103076379565,0.0088153790831969,0.0142009603998011,0.0,0.0,0.0109189442130305,0.0072215638171729,0.0178574778091778,0.0,0.0069479754310482,0.0
76561199680990806,0.0532257060359386,0.0724833663181589,0.0309793285915799,0.0544413215735328,0.0045896683721919,0.0401692112564017,0.022617234730931,0.0597227236888843,0.0134235355745498,0.0442431871704346,0.0355267311563767,0.01324512830049,0.0095314950030487,0.0131884748113128,0.0534357395060495,0.0498984099502605,0.0189918247221743,0.0132522068941827,0.0134545283319296,0.0095286902909321,0.0133321506881787,0.0396683859224046,0.0138298811309798,0.0094328144779768,0.0326659172816257,0.0045896683721919,0.0043975546235351,0.0,0.0043975546235351,0.0175790443165866,0.0396458580196975,0.0,0.0090251308766506,0.0130983961019505,0.0045896683721919,0.0044630993120969,0.0223708330801858,0.0325721703163079,0.0131056481394991,0.0087068906503684,0.0,0.0088709508006227,0.0180366296648222,0.0132429775764451,0.0089962653365339,0.0,0.0237076080787609,0.0,0.0093288353339541,0.0043975546235351
76561199682596889,0.0489948851074835,0.0364433179474165,0.017720042133049,0.0964831318479505,0.0065392038406818,0.0206079558775394,0.0308822195181202,0.0318332328842374,0.0381787337525068,0.0408260950286643,0.0278213254349137,0.0395583946184868,0.0221607299743032,0.0381787337525068,0.0409491210383241,0.0353682337850335,0.0225215463389473,0.0,0.0246206393690861,0.0064014883413346,0.015989857787865,0.0049861918727702,0.0378767517426839,0.0033805496125886,0.0213428807793079,0.0,0.0095601425694278,0.0095601425694278,0.0106381129976255,0.0117140584076478,0.0049861918727702,0.0271942666785319,0.0283860177081957,0.0081773356835798,0.0,0.0140687520368575,0.022690387119479,0.0260258560067504,0.0141987350996126,0.0023909653563544,0.0086545558143798,0.0242802676927069,0.0111429483338342,0.0058914163532776,0.0058462189007931,0.0095601425694278,0.0223745659105589,0.0,0.0060232324498539,0.0069704254831043
76561199687646290,0.0506079139188035,0.0338469664929862,0.0244830690896701,0.0446756333645949,0.0614197605325321,0.040525845584899,0.0358453047327003,0.053169446398026,0.0338878329803074,0.0299100247012148,0.0091706222056709,0.0224360118362314,0.0031562808364274,0.0269677121343456,0.0342911597958997,0.0245137708656393,0.0019129619728731,0.0083301068720969,0.0512100180694182,0.0243441256720115,0.0293366009708513,0.0321586153374217,0.0067749441299296,0.0047151947416058,0.0226876835646338,0.0330612442607583,0.0127338799909221,0.0190850622259851,0.0083970776955279,0.0184093819472704,0.0168817582189283,0.0145824920878559,0.0173130346228683,0.0074650622529513,0.0101468664680559,0.0024099076282335,0.0,0.0145369878245397,0.0199573482803826,0.0076931065964823,0.0121443502533205,0.0288163086904658,0.0021092147591313,0.0,0.016602728636178,0.004936518840331,0.002802655024565,0.0097550536164277,0.0073442114434908,0.0024381418345354
76561199688154793,0.0579711918657793,0.0738747791053025,0.0202093547305197,0.069451623356521,0.0052758390074221,0.0145875172857021,0.0114687204128852,0.0516412862982844,0.0515980036785531,0.0418114586502423,0.0280115512262472,0.0255098122186405,0.0040979905721608,0.0431307996147889,0.0273007994954286,0.0399322234469939,0.0164987324632117,0.0052758390074221,0.0098063519743894,0.0,0.0283424740109931,0.0154067565200024,0.0217388140401013,0.0,0.0292407544203267,0.0,0.0240482942331883,0.0052758390074221,0.0116302056300897,0.0122169736102464,0.0253168532403938,0.0149614053631173,0.0095124048042338,0.0059351550645732,0.0058953349863145,0.0040979905721608,0.0221867405945544,0.0198956712480982,0.015270670203613,0.0096514313428624,0.0319980797152297,0.0240734792886878,0.0323965052616627,0.0040979905721608,0.0,0.0,0.0236214312156958,0.0,0.0,0.0057348706437751
76561199696739033,0.0688649550427307,0.0740953832781634,0.0468038934429454,0.0464625433012522,0.0253670649903062,0.0371776179943354,0.0136392822017152,0.0444849721711691,0.0450752747395339,0.0452538710154252,0.0230303378323093,0.0042854562050105,0.0026040361705595,0.045067653214987,0.0400098169200131,0.0650393945126981,0.0210447204866521,0.0049513816548214,0.0283731505762414,0.0110321438016634,0.0209768117226742,0.0107277687295895,0.0,0.0,0.0327156597531791,0.0155515589961836,0.0076107531205661,0.0060812924791204,0.010095899502513,0.0057912170497009,0.0068592013699388,0.0149386982349688,0.0114413102003096,0.0139735534126446,0.0113990711998611,0.006242936852275,0.0143666441531969,0.0342592223181483,0.0096942054309716,0.0056534215398258,0.0058898978052688,0.024960968151428,0.0025608867124419,0.0,0.0056924094554627,0.0,0.0166110513625288,0.0,0.0090488004296999,0.0041938104649681
76561199697755740,0.0472132655026674,0.0522774160773087,0.024295971893759,0.0567057427043082,0.0108369605332381,0.0205109880369067,0.0638893072751864,0.0462835260163222,0.0032711530857298,0.044999120060409,0.0287829637669203,0.0332859931499308,0.0084628580126499,0.0235279974438676,0.0123638253647021,0.0289494093750403,0.041348345331413,0.0407465291169153,0.0032087781860829,0.0210091356288975,0.0237580268455137,0.003702985986544,0.0174902533817947,0.0,0.0344833947317995,0.0,0.0435808676537,0.0308755686885575,0.0101874512102199,0.0355400623010711,0.0,0.003702985986544,0.0,0.0149538612361415,0.023104517991133,0.00446611075181,0.023710938430989,0.0222488925917577,0.0535948788285639,0.0,0.0067448904266622,0.0123924441566498,0.0,0.0,0.0,0.0028931113852316,0.0063858895155971,0.0026221502490931,0.0075775184823829,0.0040139126059869
76561199698533340,0.0369796984388375,0.070055584756081,0.0219614927478284,0.0669035035661742,0.021542514823489,0.0232566037094988,0.024365256757361,0.0828502519365532,0.0279751908923754,0.0350785490690066,0.0257697867855118,0.0145934571454819,0.0108096671851596,0.0356415896589112,0.0282375109928892,0.0495643885469362,0.0140136757569131,0.0046772920697621,0.0085966911972257,0.0140402532389872,0.0272220727446418,0.0105847346462233,0.0244040164217599,0.0078610997747116,0.0562407135211212,0.0209177676195369,0.013040617237316,0.0100874638892131,0.0118839359663157,0.0106510873970243,0.0040666981582528,0.004276779146305,0.0,0.0031798211657895,0.0117217361941024,0.0067119181911355,0.0089684072789137,0.0355668867115124,0.0214113824821853,0.0075472235792646,0.0074504942529795,0.0258100294332559,0.0073022827711091,0.0125636980168568,0.0034805254210117,0.0033498550437866,0.023539806449797,0.0,0.0032459872108932,0.0
76561199699572362,0.0408752522141466,0.0312498283295924,0.0339922661699017,0.054572308473144,0.0297057909301973,0.0310054692887224,0.030657938552231,0.0599736198959464,0.0541096958173812,0.0182264377868709,0.0159147207693697,0.0090393415918664,0.0106006224030685,0.0435944689775687,0.0351207949001577,0.0196484288746015,0.0247152669808843,0.0198846512572424,0.0317192815924746,0.0111888147114575,0.0290561902892593,0.0282889291137166,0.0,0.0049097787562651,0.0284644883811699,0.03391141955587,0.0029712808525562,0.0029712808525562,0.0,0.0257481597959659,0.0323722214106979,0.0237409034098933,0.0148291539837273,0.002873360523106,0.0,0.0183778970043594,0.0,0.011315102361294,0.0294205314100854,0.003307755102636,0.0241323334016993,0.0380721005645372,0.0,0.0034237129248396,0.0064643856051227,0.0052056789005031,0.0041345243916947,0.012287162366299,0.0079266495253186,0.0
76561199729570190,0.0701389962377414,0.067138609053006,0.0921549477296485,0.0170440345662239,0.017651918621616,0.083551375500111,0.0161309253158423,0.0126137316550241,0.0181589868500133,0.0365159102975444,0.077972206641746,0.0260321934127114,0.0170106805776541,0.0141276606661894,0.0100836402462262,0.0062895340582003,0.0219004112583717,0.0043664593187352,0.0477685844280007,0.0230496202821652,0.0072160299944749,0.0369338047194758,0.0223745779593881,0.023606921895967,0.0,0.0,0.0076569157422538,0.0123374041563753,0.0,0.0,0.0565950043863266,0.0035575547749776,0.0,0.0147776777629083,0.004685938585677,0.0143334451740661,0.0193552399053924,0.0,0.0,0.0056044945948557,0.0,0.0044303029111997,0.0348094104644543,0.0277913638813664,0.0179439523158676,0.0,0.0,0.0,0.0062895340582003,0.0
76561199729773816,0.0547862424849574,0.0751259743685346,0.0235846257428488,0.0485391476391012,0.0283611004040414,0.0199029528675099,0.0245302334279709,0.0674216538133117,0.0345823487983614,0.0274694842352147,0.0424056017777277,0.0089513236990964,0.003575414401456,0.02434226831268,0.0200328509436586,0.0245107684576497,0.0273982546399431,0.0039405783083403,0.0177799855322152,0.006007464545233,0.0351540343072504,0.024380488040332,0.009366728321001,0.0033270847305909,0.0332084830527639,0.0097234963019161,0.014669837312539,0.0067153562492333,0.0339823754219783,0.0116521231028271,0.0234305887619341,0.0166620127204442,0.0114034054803033,0.0084423025805416,0.0111204999622836,0.0,0.0073695127938183,0.0078986780946268,0.0207368656002277,0.0053023607327643,0.0215412422122837,0.0429684994610988,0.0062522600111622,0.0039405783083403,0.0,0.0134686099230819,0.0192954708235908,0.0,0.003575414401456,0.0111634168917562
76561199738119259,0.0394295817181566,0.0606106384943188,0.015582537661836,0.0522942646255271,0.0352295632933604,0.0127331286752437,0.0254234003898917,0.0629027264246493,0.0379480406330799,0.0412696384116094,0.0121809068189833,0.0164136743456269,0.0037626419477504,0.0387344992964084,0.022943810122585,0.0428915512491509,0.0158747590206127,0.0097339862628391,0.0137915542306844,0.0,0.0319054186189976,0.0186100693208736,0.0084346905387926,0.0,0.0582052518230665,0.0173316464598664,0.018727962587474,0.0086119141417993,0.0178897687600119,0.0202341764384904,0.0107633125116588,0.0242556717547798,0.0147713623081558,0.0,0.0087255845134272,0.0,0.0047674885235938,0.0281556273969655,0.0297599905343501,0.0,0.0129143450873014,0.0399370453332415,0.0075579769002013,0.0075281953257814,0.0,0.0044545567024731,0.0221000507370645,0.0,0.015495772676524,0.0091112173827935
76561199739359982,0.0557269988813181,0.0413553168227601,0.0280073179472574,0.0716435743189399,0.0242411013228607,0.0362028169004708,0.031600685345711,0.0311072808295922,0.0484773607862061,0.0213351471368634,0.0208352918298834,0.0185976161959905,0.0052814853659275,0.0544218841606012,0.0381675438321829,0.0283666891112706,0.0092484334086399,0.0155875451373563,0.0198765287161469,0.0223693375721489,0.044451340463655,0.0262429244849917,0.0057172076705181,0.0347365415218439,0.0040770997109503,0.005944523374395,0.005944523374395,0.0,0.0113186459150631,0.0038578727284677,0.020470471766614,0.0239318399920585,0.0212926062829592,0.0173796060641339,0.0036590139842087,0.0,0.0077489635977555,0.0146449889145956,0.0056708634769567,0.0093911825814029,0.0345729014356874,0.0091363542784373,0.0302390177103424,0.0,0.0085030393401632,0.0092501212160131,0.0135084376489807,0.0,0.0,0.0058599568432811
76561199748150200,0.067163128825338,0.0311360532504225,0.0541628993733503,0.0613482995661703,0.0055996311119302,0.0564597148298821,0.0083252038422722,0.0084894409559104,0.0532879333595982,0.0085081588371822,0.0343390804073512,0.029551788502326,0.0110427568607513,0.0506363444810718,0.0382671414769958,0.0052711896786616,0.0514425295818769,0.0147989455009672,0.0180416877092544,0.0059373543701566,0.0125015895073499,0.0473520595450558,0.0084719523937256,0.0,0.0,0.0115369854820869,0.0,0.0018586249666484,0.0,0.0,0.025289791927108,0.0,0.0037632199182168,0.0084719523937256,0.0059373543701566,0.0683567856879076,0.0172079432293506,0.0,0.0276019428080115,0.0018364111937134,0.0024529316913006,0.0394394916159173,0.0073145675979643,0.0,0.0117290645475947,0.0428911983185271,0.0,0.0421768502841683,0.0,0.0
76561199750937606,0.0560619838085174,0.0472242277254998,0.0494722450703926,0.0728103108444106,0.0117226855117441,0.0121149968683209,0.0348529494655765,0.033492784477107,0.0345570577122513,0.0049875796280788,0.0506053014290246,0.0427274310553794,0.019038363235736,0.039661261954904,0.0102661470843998,0.0038641345372732,0.0263179237555476,0.0271172755372691,0.0172924655553646,0.0073150095240231,0.055718479318049,0.0507387814814571,0.0051241895376275,0.0,0.0,0.0,0.0165651101516076,0.0145180594103683,0.0074658455795357,0.0167936944038593,0.0278020549674025,0.0149648822334813,0.0064020125471266,0.0128468232401988,0.0146688954658809,0.0042438979402752,0.0217324624545436,0.0,0.0374886447003584,0.0140433357114997,0.0163228580384365,0.0081080324775484,0.0151372968746742,0.0063942039512397,0.0064020125471266,0.0051241895376275,0.0,0.0073020675320899,0.0051241895376275,0.0074658455795357
76561199752752935,0.0570135359179748,0.030968352801235,0.0485176950727175,0.0298384765356778,0.0344740358301417,0.0188962923424034,0.0679297037447743,0.0157095471131588,0.0077905473742823,0.0501871124554538,0.0188724040564159,0.0102676949923292,0.0230036297929727,0.0077905473742823,0.0367748549059963,0.0292736567354416,0.0162945099579007,0.0095056811204596,0.0278732019028161,0.030811417057455,0.0079843662841767,0.0231888601768794,0.0613630175516641,0.0132375074052441,0.0142058544583078,0.0117604769641574,0.0125084043187914,0.016825948367053,0.0082097108170192,0.0215042363327622,0.0119746583995857,0.0077905473742823,0.0353059283824582,0.0208238425776398,0.0294067638150964,0.0036269583745499,0.0142775248316187,0.0170191656784446,0.0137072128384186,0.0326205705685133,0.0,0.0075707435826462,0.0112710777528558,0.0103789697525748,0.0084329777805703,0.0036318201181319,0.0037958678848895,0.0,0.0057840905277776,0.0
76561199754121666,0.0780867766468114,0.0671157307809669,0.0836060925198738,0.0143450904649724,0.0227530415844866,0.0559113340514727,0.0111282606309159,0.0060917011746559,0.0415946504607886,0.0611358168307399,0.0560290286096223,0.0223327995351819,0.0266891676054189,0.0143450904649724,0.0118096298879896,0.0109075577628233,0.0223103250266603,0.0317552504716723,0.0310064308748031,0.0339707761116837,0.0202543296995364,0.0060917011746559,0.0108184440303323,0.0,0.0,0.0,0.0342752943544157,0.0184285990510564,0.0,0.0052139094043247,0.0190746751706802,0.0082533892903165,0.0055194708615723,0.0285066584718604,0.0059681549914196,0.0,0.0659937091413507,0.0,0.0,0.0104234086768036,0.0082533892903165,0.0082533892903165,0.0060917011746559,0.0105046930503508,0.0107288023318033,0.0072108645238592,0.0,0.0072108645238592,0.0,0.0
76561199755294671,0.0261628401815935,0.0175445054268665,0.0180060404406763,0.0302329447790639,0.0911394654597729,0.0222475990645226,0.0214344850391424,0.039799846713798,0.0154938208836696,0.0302850400044126,0.0042143506464219,0.0176408054550898,0.0015331754589104,0.0012723589470327,0.0113114147396844,0.0140810796604697,0.005104739855725,0.0322843961861803,0.0044729222950757,0.0648924972245606,0.0116333125597929,0.0035478344759759,0.0203543668550144,0.0080609169560409,0.0297209709202953,0.0355190975321145,0.043179053792625,0.0596806990317122,0.0483720442566018,0.0025166996429629,0.0,0.0012723589470327,0.0175805845881611,0.0287350860530106,0.0874248141350249,0.0,0.013296374117537,0.0246761194937182,0.0025166996429629,0.0172049541457194,0.0,0.0,0.0080609169560409,0.0,0.0035478344759759,0.0142761149348993,0.0182486833488952,0.0,0.0017560873684116,0.0296640473068035
76561199766435421,0.0585741842645805,0.0378621870239852,0.0598651894272348,0.0556288833325424,0.0102413888536695,0.0349001899673477,0.0527051637031191,0.0260886228405747,0.0488100435484859,0.0295867450192598,0.0414790005284406,0.0058059130649033,0.0,0.0208097744743405,0.0506886974664935,0.0396772184525177,0.0291002488497295,0.011897397726164,0.0207284161720724,0.0156196993222719,0.01790523251861,0.04624562720193,0.0100515097398584,0.0113121477546892,0.0084389925853196,0.0109410168694637,0.0033255475351979,0.0,0.0,0.0142039716372741,0.0605573750095116,0.0145475275334841,0.0233717367304898,0.0155010557094857,0.0027291385778459,0.0062022581275429,0.0211477524339401,0.0084389925853196,0.0029212644459589,0.0079112095509043,0.0069763833233311,0.0063374825005658,0.0063374825005658,0.0,0.0229753916678501,0.0090744377489784,0.0053644648525642,0.0,0.0033255475351979,0.0037874892863857
76561199780856085,0.0331344650176187,0.0221093982481365,0.0543449267629933,0.0287277312515648,0.0472548102058066,0.040470453691667,0.0388080966120839,0.0125399812528674,0.0124895678319885,0.0101589929679571,0.0170844916471741,0.0148968175827352,0.0225558804303859,0.0372984401123731,0.0380502016261948,0.009660846412319,0.0180206325566249,0.0,0.0239444183825717,0.0887973239470403,0.0069860962802264,0.0205521114612637,0.0248843735704636,0.0756959352466909,0.0050249066009624,0.0050249066009624,0.0100856449003622,0.016556651143177,0.0108050951030944,0.0283195688721677,0.0186260750980095,0.0125498156583423,0.0273008559607235,0.0,0.0231559306752634,0.0054285699277511,0.0,0.0050249066009624,0.0040057659687063,0.0391546456743734,0.0069860962802264,0.0126411767238392,0.0428678518511242,0.0170844916471741,0.0055637193781159,0.0,0.0,0.0,0.0053273322359129,0.0
76561199782026649,0.0399402787453246,0.0448800697718143,0.0084045355453242,0.058697911216581,0.0359322573405502,0.0251591964728843,0.0193158586885923,0.0547298103258933,0.0363194062300809,0.0212336637253338,0.044954760730579,0.0213379571455856,0.005245406452647,0.0209040343502882,0.0222346924527962,0.032068123661168,0.0198141554938187,0.0,0.0333991038651918,0.0087266544847293,0.0455279728007543,0.0187196368083077,0.0318382914637998,0.0,0.0371035718722914,0.0137746316786839,0.0240291886355576,0.0203361690605889,0.0121662523210367,0.0042250960806504,0.0218888942931324,0.0209026552166089,0.0129859512557411,0.0,0.013317082774457,0.0079034424115053,0.0073938543172135,0.0141530781662149,0.0161143417728724,0.0,0.0236932373758872,0.0457091427239061,0.0073793832678674,0.005245406452647,0.0034675559453116,0.0106816214636733,0.0070668630539244,0.0,0.0140119390342576,0.0070668630539244
76561199783971190,0.0467081969615332,0.0321703119308533,0.0269096783057621,0.065747563965346,0.0323063184746771,0.0234163417741084,0.0220215778412969,0.0482178297460512,0.0455454330667858,0.0310002813078098,0.0042703783502124,0.0239086844766778,0.0094141948554161,0.0526409156008327,0.0350136831114378,0.0378549428928506,0.0223869912374774,0.0082201784097176,0.0265996774536049,0.0065673535251298,0.0191204031160874,0.0341412350260426,0.0144673748901671,0.0093922267246112,0.0314729491877121,0.0248481753689898,0.0,0.0124983752421115,0.0037777404382332,0.0255318238861729,0.0096722897543486,0.0182877452807381,0.015888267230229,0.0033935957041128,0.0033516068186038,0.0146685066014176,0.0070452346806267,0.0194380512348839,0.0286904667784397,0.0,0.0065358224555458,0.0295561532715207,0.010374082860713,0.0111880118866723,0.0069687594822381,0.0030528538670436,0.0124914279437981,0.0090206669617882,0.0069176335364599,0.0072879864831092
76561199785196304,0.0509490000610676,0.0751300894316847,0.0063619984058099,0.045198720298528,0.0117465634932161,0.0134063776124559,0.0143829485630441,0.0731269173914091,0.032610041783838,0.0516609252230492,0.0324845127088317,0.0321427222942392,0.0075397193429003,0.0189922666233424,0.0129822757951261,0.0276903748839905,0.0353017421898708,0.0,0.0038862617945235,0.0060703845434717,0.0286520494793559,0.0031522039677357,0.0135982563980735,0.0,0.0361960864598732,0.0075397193429003,0.0,0.0212797157894811,0.0505912730548824,0.0137545404687926,0.0,0.0198450106465466,0.0091695362488998,0.0,0.006186348670615,0.0,0.0144804705215006,0.0382336144112082,0.0171295922016578,0.0122964019603719,0.0407746607149684,0.0265156179064947,0.0104683651700957,0.0092516351233354,0.004743234023851,0.0,0.0214434826536412,0.0028605901053976,0.0133378734077941,0.0268358788321265
76561199786534958,0.0410333268470096,0.0825281593160146,0.0151242237857609,0.0598273873635068,0.0257624013403497,0.0027198888020839,0.0371299858485759,0.0826897092435025,0.023145492911148,0.0490961322348623,0.0174740843446996,0.0402215705161134,0.0,0.0288418589527956,0.0078022347495838,0.0149800688917169,0.0087222366397766,0.0054639263600456,0.0145756791088086,0.0027198888020839,0.060827740789179,0.0026048488554552,0.0067121892066937,0.0084520558986193,0.0474055943762536,0.0109954033282144,0.0385073862497292,0.0176055790049118,0.0075136044337123,0.0167462787712634,0.0026048488554552,0.0026761768835531,0.0094283165565683,0.0084520558986193,0.0268010824726394,0.0,0.0079801978293197,0.0121586851055381,0.0710246011710677,0.0054051413855604,0.0057425791753508,0.0414960838793693,0.012227480948329,0.0,0.0027161273498745,0.0026048488554552,0.0064719856974229,0.0,0.0,0.004980850963405
76561199792770301,0.0316120368958918,0.0245424532940824,0.0173442116045704,0.0551825537767305,0.0494347302352725,0.0354234788319478,0.0520203345826197,0.0361580760814368,0.0307440685007313,0.020859995805009,0.0110186071944013,0.0296330208424429,0.0044848021395051,0.0308989851194054,0.0456913038149602,0.0296466776076229,0.007257055936464,0.0,0.0389729793077239,0.0172441696241492,0.0173297478162477,0.0412279721670588,0.0236602285448683,0.0,0.0261311207511729,0.030940163069898,0.0220139874423538,0.0295334413208271,0.011062919139307,0.0276985636990363,0.0159253314713236,0.0163678918638642,0.0318077124862935,0.0,0.002088498099013,0.0044015831511355,0.0,0.0102073799795298,0.021665292916079,0.0047636668859525,0.005605268313361,0.0192096906301165,0.0033049050042756,0.003702063921092,0.0233598962832392,0.0109344055055189,0.0031487201417132,0.0172064513836795,0.003702063921092,0.004831492896982
76561199795154363,0.0438745408316131,0.0698703042519432,0.0072175444426359,0.0690247162491401,0.0048737088811041,0.0158855039014391,0.0309132989940287,0.0704722473990305,0.0298181470883759,0.0515612717977811,0.0417577652119824,0.0127514588716242,0.0,0.0225221908209018,0.0132482205608987,0.0224278512615949,0.0105780703631891,0.0038403252283176,0.0156847313445628,0.0029363277242644,0.0907100504339191,0.0164092787958614,0.0059458673972624,0.0,0.0437342876170202,0.0048737088811041,0.027792339079618,0.0151023886896631,0.0233027982279719,0.0124230602133173,0.0079024279120801,0.0075149670963183,0.0082594392403743,0.0028748778633502,0.0186680296140123,0.0,0.013609519497433,0.0248726192603415,0.0470351004917783,0.0,0.0148109233637924,0.0452877643870729,0.0085680576338679,0.0,0.0,0.009452966143859,0.008654975211288,0.0,0.0,0.0029363277242644
76561199795377753,0.0365972480248114,0.0301442972646287,0.0200182251755368,0.0314757924716133,0.0601656127827979,0.0200986522198511,0.0524623753263464,0.0469400705643433,0.0286124287215102,0.0261267960436573,0.0140814481119131,0.0116763217780784,0.0134264694124139,0.0266225750594892,0.0405889444204336,0.0470777057400649,0.0086451680588856,0.0045528202483597,0.0279677718551243,0.0265384510620784,0.0212257561299275,0.022985772110135,0.0179213696091763,0.0043751970536303,0.0394256219245285,0.0272376129272049,0.0066458867708051,0.017864675047649,0.0033417473613219,0.030928067568838,0.0222763755287266,0.0177436011539004,0.0108989069738852,0.0088082764963267,0.0080973232343525,0.0,0.0045528202483597,0.0323058549875886,0.0242885507374362,0.0107285502949015,0.0082629543310256,0.023182418945093,0.0051801159229503,0.0043780793269329,0.0109092481090423,0.0125563718039324,0.0151773651839347,0.0043780793269329,0.0060965888841991,0.0044076376653234
76561199795834891,0.0349107749799513,0.0553027968078084,0.0500451739911879,0.0433630566453351,0.042432703588995,0.041830539016849,0.0238261827247333,0.0400395168700527,0.0383885631160681,0.0373441241006724,0.0157707606547573,0.0057442524701243,0.0065698034813605,0.0375720202712886,0.0163269359655355,0.0512820356220324,0.0067606374500886,0.0024666243161448,0.0234800546922812,0.018507005759464,0.0184876147928749,0.0351847709443371,0.0104277200617194,0.0411180939483259,0.0307198536449642,0.0330298501239235,0.0065698034813605,0.0237658964844189,0.0070626842251564,0.0097636646586128,0.0265816765932687,0.0084437918658614,0.0065098524853428,0.0117667721209585,0.0070481370517548,0.0038543811460475,0.0165449845566937,0.0270731890692828,0.0,0.0,0.0084437918658614,0.0151690423679137,0.0160273042356577,0.0064926714222911,0.0064264036455237,0.0097636646586128,0.012431861242914,0.0028362893592983,0.0064926714222911,0.0
76561199798719870,0.0698495170602169,0.0538905048317671,0.0197673180412118,0.0938594184186964,0.0080167106338809,0.0248789997679207,0.0149674868643985,0.0204381355320077,0.0447804519826394,0.0332403165930506,0.0375926665982137,0.0197434922574482,0.0020288348579768,0.0323140367363213,0.0629718392730029,0.0393343733580839,0.0078435384924638,0.0032980294784261,0.0242028354787252,0.0010453348030536,0.0393888304488958,0.0131612450641189,0.0097619846139428,0.0047602104210673,0.0161363005161404,0.0020288348579768,0.0109546507162463,0.0020288348579768,0.0078804810552158,0.0061391905245075,0.0101496723815792,0.0385709101824299,0.0407220839643546,0.0074147498053125,0.0078804810552158,0.0066913789342595,0.0231976113091427,0.0181651353741173,0.0009085289051874,0.0049433747344565,0.016289541553752,0.0228975053632164,0.0083150061165068,0.0,0.0184916634462799,0.0221452244447233,0.0084601338442804,0.0,0.0184525944495897,0.0
76561199801101431,0.055029221320908,0.0433371455062197,0.0306857082408464,0.0617475699483028,0.0226277826647508,0.0195483316408257,0.0359521786579814,0.0346264027071695,0.0321179248411718,0.0136900193472298,0.0310322910077134,0.0219690590929158,0.0,0.0386355145940791,0.0571263240082255,0.0141861361449008,0.0173238204439302,0.0252190983431981,0.0201598675258465,0.0452198278047062,0.0178138524327342,0.0237479883934189,0.0,0.0226252347607385,0.009650788072335,0.0097612777670011,0.0,0.0098632293110675,0.0072694976931971,0.0179640593801673,0.0171088101137622,0.0115549277880492,0.0371649617848924,0.0254645374270517,0.017948238287976,0.0,0.0084274884315604,0.0057732981569594,0.0035413880534086,0.0164645381382636,0.0090035733511403,0.0171712883151941,0.0410422937027319,0.0039571473659199,0.0244922942620895,0.0,0.0038774899153756,0.0102429359727466,0.0039571473659199,0.0038774899153756
76561199802479009,0.0505042960602057,0.0563321653467536,0.0199010652920722,0.0948447369391157,0.0,0.0182954323427422,0.0345260762946755,0.043421630060658,0.0499310003575366,0.038703436681269,0.0276628931708314,0.0325472819310717,0.0,0.0507479134131219,0.0239627813201556,0.0287480577631462,0.0086299979383481,0.0146916100066773,0.0122828812100112,0.0026644947891678,0.0711280699098275,0.0240033349460875,0.0097992598502074,0.0026644947891678,0.0206741739500994,0.0,0.0108879006940668,0.0,0.0176369464817696,0.0180916342739472,0.0158753511861494,0.0121918274157552,0.0269250251029718,0.0052489772083349,0.0089668359525959,0.0101889616886126,0.0146245652326151,0.0027942984126874,0.0416339818043171,0.0,0.006060756392629,0.0432516065483934,0.0235018422125918,0.0,0.0026581066169241,0.0,0.0027942984126874,0.0,0.0,0.0
76561199803381158,0.0632047154034791,0.053021999947576,0.0371133662432968,0.0545993035249065,0.0512519551093933,0.0286526452109046,0.0294529390445922,0.0292513797852324,0.0237361508280257,0.0251584317873012,0.0236588718869765,0.0250084868654163,0.0058656197409907,0.0146599688651399,0.0083505181532831,0.0083471542773905,0.0171711342535218,0.0251522344345347,0.0332271259060041,0.0038750148793001,0.0518673524812464,0.0083505181532831,0.0207308547111043,0.0050844558548837,0.0133259192510899,0.0265292309766834,0.0291297704137064,0.0176761700540916,0.0212690112017181,0.0130021284269203,0.0038783787551928,0.0077195874423441,0.0143982796935818,0.0180832204059113,0.0153252513630221,0.0044721393980903,0.0052487347924274,0.0038750148793001,0.0269681049789368,0.0155000433920803,0.0101017862982251,0.0463833744184428,0.0145546425634023,0.0,0.0038783787551928,0.0237558642878745,0.0,0.0041960681418447,0.0100616878828355,0.0038750148793001
76561199807197342,0.0650749914124391,0.0363754643974052,0.0382634297235673,0.0630111542859162,0.0305579441921173,0.0303527703121893,0.0523469616327868,0.0458633129479107,0.0222685723457508,0.0292684433132967,0.0273023496662354,0.0290773334914964,0.0028963619605872,0.0222685723457508,0.0500213612791862,0.05312146166811,0.0151380094648049,0.011563046022134,0.0137462914359717,0.0078909480567129,0.0251177747939452,0.0197959414714098,0.0216645952385606,0.0,0.019425343981148,0.0101120350845102,0.0145470373608308,0.0087244007493745,0.0223955866898654,0.0267643409510656,0.0109179546526452,0.0076701400715556,0.0261623886729786,0.0,0.0042204193562349,0.0,0.0040226245422012,0.023932400493247,0.0159888220890439,0.0206926012104961,0.0,0.0,0.018024607786123,0.010658607845829,0.0204149465101152,0.0036995253542265,0.0050122105298265,0.0024356699478829,0.0040226245422012,0.0071686201203119
76561199808319799,0.0577418996561207,0.0578681222544696,0.023275721475089,0.0611317013965099,0.0447837202098006,0.0187111273986021,0.0378377696005749,0.0198545749726387,0.0162510660954927,0.0514989165597721,0.0119124239574997,0.0221423781785264,0.0179934831651561,0.0141239718027564,0.0315031200447508,0.0211691841794196,0.0165615054792928,0.0157823805680261,0.0309036008255614,0.0239019139513783,0.0390261915491649,0.0142483634082343,0.0141418734369438,0.0162858150715859,0.0119447494557157,0.0249879219091703,0.0145373148349779,0.016180934208575,0.0054025563788963,0.019371444847934,0.012582015635772,0.015690605043492,0.0186674083279001,0.0034902946741794,0.0127978572463291,0.0,0.0261554776064425,0.0119447494557157,0.0100299142818181,0.0040422458284209,0.015690605043492,0.0267654741548553,0.016214231764687,0.0167673195178952,0.008173376797425,0.0072510908171488,0.0045494485882829,0.0,0.0181121383435053,0.0
76561199811370756,0.0459441326503985,0.0713248045101239,0.0267092804582837,0.0542773754119495,0.0071246742208685,0.0265465938034739,0.0200337851382239,0.0327524624091231,0.054469281976805,0.0521948613893128,0.0659115593587624,0.0299159044207839,0.0,0.0364738721820049,0.0134002318713589,0.0164021752388244,0.033659579646905,0.0,0.0153624762084969,0.0,0.0691087022978551,0.0098158394294264,0.0198798873988297,0.0036185646126124,0.0127370013010103,0.0,0.0051082886823368,0.0035104820343174,0.0051082886823368,0.0079407094147884,0.0100175372981918,0.0334324293823823,0.0140962533198131,0.0086459227384656,0.0051082886823368,0.0042416180418279,0.0211052344091751,0.0158116448823134,0.0299264023866322,0.0044043046966377,0.0257993668852301,0.0245622611276988,0.0188745991610969,0.0,0.0057834475486669,0.0077477276500839,0.0097003862978434,0.0,0.0214117607423892,0.0
76561199818269939,0.0583015383507842,0.0510824558559633,0.040674108512508,0.053076680349669,0.0129772321513174,0.0329263320668316,0.0178919762648776,0.0573775292757644,0.0353216356491184,0.0272790117588514,0.0459402751054502,0.0248088896715292,0.0213481126043684,0.0389121160596428,0.0276022445908635,0.0358385694053157,0.0337581163268176,0.0077913236598427,0.0067773537465891,0.0,0.0138317014094246,0.025572119172719,0.0222101601104044,0.0,0.021287881123273,0.0171120477964366,0.0111283373492455,0.0081594432419229,0.0164720616866224,0.0145142641259755,0.0239999161460823,0.0047817311030209,0.008626248548661,0.0056542121096392,0.0036666159878745,0.0099862822285639,0.0072022296294773,0.0072089832152588,0.021686887393376,0.007108545850464,0.0047817311030209,0.0412693701505344,0.01640985574839,0.0206117028035853,0.0033791879051988,0.0072236239350487,0.0113077247290585,0.0038459117961466,0.003704108996457,0.0075716131980119
76561199819516004,0.0710720023638257,0.0337347553119889,0.0236714679983672,0.0705888882410388,0.0127850374349049,0.0105362346314155,0.0213348683548787,0.0246320012060457,0.0354618458917832,0.0584123724681592,0.0274686918734584,0.0283534438804648,0.0065477938391542,0.041315592611758,0.0539611000851406,0.0392878308087463,0.0361857716777673,0.0142626408667758,0.0118074565058407,0.0094443384850053,0.0478379828301839,0.015564153279197,0.0069130304601682,0.0,0.0210385711759975,0.0056229407783831,0.018517656064701,0.0146130420708727,0.0112133921934161,0.0166017245173209,0.0149328237322372,0.0106954012239241,0.0145787110736973,0.0041431993425709,0.007966422067808,0.0039023507182948,0.0209865656378244,0.0196013489819978,0.0132756463320068,0.0154370739049152,0.0079051057875459,0.0153153569786992,0.0130301566036591,0.0019038205182319,0.0132510622864877,0.0,0.0162010109953279,0.003326078185314,0.0116650991925435,0.0030961385301528
76561199820531118,0.0589402521272291,0.0797714846138921,0.0044788045123995,0.0894133481452671,0.0044764909632373,0.0,0.0273010042216872,0.0642170967577293,0.0195117628357061,0.0628931214145587,0.0260131134121709,0.0520698111931474,0.0,0.0162444536164127,0.0297640851393738,0.0302151920263424,0.0311655762258748,0.0,0.01183133038576,0.0,0.0552794269768894,0.0,0.0141784455545357,0.0,0.0176430314403615,0.0,0.0169582814533387,0.0265034614940396,0.0082258809584251,0.0172384271809216,0.0,0.0071195890646152,0.0181231953825184,0.0,0.0198823069644278,0.0,0.0044788045123995,0.0231870437266823,0.0683458449971568,0.0,0.0161632528632686,0.0400629220962213,0.0104533802210153,0.0,0.0029379675834925,0.0068456213893167,0.013578165206989,0.0,0.0,0.0044880233425952
76561199828159495,0.0488582518972781,0.0621337278194191,0.0157970443917771,0.0586656327685624,0.0257408884546114,0.0155224607143635,0.0562219873746589,0.072580335923764,0.0192803750296472,0.0308596093484521,0.0100466456465849,0.0140335726319022,0.0,0.0446432214392994,0.0282126158198667,0.0224313884614904,0.0108758023356614,0.0290770515459032,0.0275988396723919,0.0138169413587273,0.0477510319110167,0.0130798815590365,0.0021252226996448,0.0110881255638155,0.0307925431079608,0.0143269954010625,0.0193108899529433,0.0027288157949117,0.0186483373963431,0.0223048018467509,0.0041633832624305,0.0217838010810135,0.0049921825509779,0.014053813440718,0.0121718683462297,0.0047191089618319,0.0061566933738294,0.0143465657141511,0.031982586840382,0.0,0.0209197132086976,0.0466457410531236,0.0049212420561157,0.0,0.0070061398733006,0.0049212420561157,0.0,0.0006035930952669,0.0034575954682084,0.0086016917497581
76561199835282867,0.0481410560224322,0.0426491448256295,0.0292269548125317,0.0496522420278452,0.0264947218476192,0.0324675132650107,0.0184546993470315,0.0200892636303563,0.0285581636164157,0.0305080756137815,0.0290838491701276,0.0239129934797981,0.009944185670929,0.0208570958110618,0.0439067973002011,0.035549798973838,0.0074915701927541,0.0032706279853012,0.0420949298378535,0.0255088257225043,0.0241794013940373,0.0333702850670348,0.0179345636854079,0.0343574824836741,0.0161305779098281,0.0152415951905523,0.0075248367845586,0.0037338154484479,0.0032706279853012,0.0236773989725206,0.0374916660454925,0.0160179571438735,0.0326326320071324,0.0070044434337492,0.0032706279853012,0.0,0.0031881845493739,0.0112914392426398,0.008571910245652,0.0,0.0131031231190064,0.0123193320285484,0.0304882991534196,0.020861274911522,0.0262511950245176,0.0037338154484479,0.0079978185566864,0.0,0.0152225590449482,0.0032706279853012
76561199835618401,0.0131774643086403,0.0379809119952536,0.0168305067114433,0.0339881140563767,0.057962945908018,0.0149679407700466,0.0233469876586168,0.0530446392779005,0.0374147168722659,0.0061950569870217,0.0139371450969125,0.0150342856466679,0.0300306628902398,0.0338659066813119,0.0175654897075548,0.0188165857215631,0.0162905595396107,0.0069641165977373,0.0039306002360605,0.0258067758192703,0.0405289556524118,0.0200503608356304,0.011732612967616,0.0107967252240401,0.0349590439433888,0.026443148230173,0.0076317439553379,0.0191644283408393,0.0296022698394969,0.0057466409320256,0.002836180293146,0.0271411120907757,0.008016835945405,0.003416471431987,0.0297219303106798,0.008614257628881,0.0040450600882278,0.0152208980994266,0.0040138931154629,0.0,0.0614856945541186,0.0434851303106625,0.0063666949142613,0.0105848449387013,0.0,0.0,0.0187951316822091,0.0,0.0324333550476591,0.040015167144922
76561199836896572,0.0451566715456963,0.0606700335000305,0.0,0.0901536877496414,0.0,0.0047979608900644,0.0244309536980885,0.0399176581476757,0.0855624022852224,0.0198927685595025,0.0406785736279705,0.0,0.0,0.0806869148350284,0.0048111635205097,0.0400818423097117,0.0255137805348755,0.0,0.0149905486096271,0.0,0.0762220141968299,0.0353303922445754,0.0153420949618516,0.0,0.0145431136491639,0.0,0.0050973771328977,0.0,0.0050973771328977,0.0193272887264212,0.0404478637303584,0.0456484852538019,0.0048111635205097,0.0,0.0050973771328977,0.0,0.0049265499780419,0.0299612844964619,0.0047980939735628,0.0050821934950142,0.0358739967550626,0.0246541601816212,0.0146787324454724,0.0,0.0,0.0,0.0100061852666721,0.0,0.0257092959122396,0.0
76561199870547222,0.0829218983231476,0.0561588529044378,0.0357354884100673,0.0309332429980053,0.011190753767508,0.0509019236194648,0.0204361640087364,0.028345766189753,0.0073368710561229,0.043429419079222,0.0377372109849612,0.0329375674005043,0.0501630402307365,0.0090007236366523,0.0105783089107054,0.003743581201165,0.0161006679641694,0.0061464552252,0.0252988553526412,0.0137549329303471,0.0112846447953565,0.009134763525865,0.0371163699171738,0.0377489783093979,0.0052623830747552,0.0,0.0061015764087204,0.0,0.0302459642050476,0.0071057662606256,0.0133534841396768,0.0090403202100063,0.0125373503426513,0.0334221762031638,0.005736978567197,0.0,0.0199171753224972,0.0070286129019367,0.0,0.0200867110616845,0.0262095536569864,0.0303178650495452,0.0295439601494627,0.0421022394484521,0.0,0.006303093028583,0.003743581201165,0.0,0.0238047280265005,0.0
76561199872409865,0.0665379611225627,0.0874194052271771,0.0545758775315599,0.037617833836867,0.0139806812463185,0.0367038970037622,0.0224393974385114,0.0477214328343293,0.0348580664136872,0.0371020476487384,0.0423483903450236,0.0158970796493112,0.010760555031584,0.0407765215620287,0.0184199474252592,0.0511852784699562,0.0073982470428413,0.0061571984541908,0.0170005331351426,0.0075876670578731,0.0272672145831149,0.0204950177791828,0.010760555031584,0.0189536561843848,0.0231812429688044,0.0141069678794241,0.0091380172812296,0.0,0.003994158881553,0.0063156372310802,0.0187979338699761,0.0119005470245928,0.0,0.0,0.0046068482308343,0.0,0.0238067870691279,0.0383428832697684,0.0,0.0101513573357438,0.0119005470245928,0.0024578052898767,0.0106862098929669,0.0254482212511624,0.0107168955881323,0.009296456058119,0.013540623142948,0.0,0.0042094980388054,0.0134369006162691
76561199873886387,0.0438404030116083,0.0450857972324566,0.0346244241967386,0.0550835118392179,0.0244675605368847,0.0403737301561063,0.0251260457741797,0.0461569785970777,0.0415434179993879,0.0235969800632544,0.0383925997112219,0.0180543836203602,0.0143782253515623,0.0310434803304865,0.0222358453569221,0.0406336402460544,0.0234399991760424,0.01086862325949,0.0281168154804346,0.0216298768343317,0.0286104824068966,0.0227351837346692,0.0080724561209647,0.0116368987220969,0.024219466598904,0.0198588194437437,0.0076987520435168,0.0160862813504297,0.0,0.0135821666286789,0.0320748330685306,0.0226619218080569,0.0042076015905281,0.0173793272671919,0.0,0.0019685445607129,0.0281900125411286,0.014288817567049,0.0076987520435168,0.0067373155080071,0.0268275689934232,0.0236977499692964,0.0065403497355514,0.0103556315768433,0.0096923145605912,0.0,0.0043606471551603,0.0,0.0021257662306915,0.0
76561199875437136,0.059802132914289,0.0298048725425701,0.0488495652267387,0.0413208104112265,0.0488188086304713,0.0696586032032305,0.0190418475738652,0.0239666889663735,0.0143638935247251,0.0453931403403999,0.0066755537348795,0.0258021698897435,0.0215419759292607,0.0207789447301822,0.0364156573128259,0.0247196445336063,0.0108467527877904,0.0070886397171091,0.0539849445397394,0.0295914842542358,0.0048303600817549,0.0218096108560963,0.014584168131937,0.0501793201970359,0.0072812861461,0.0230078282532114,0.0020875455399007,0.0141771217299597,0.0110210826798682,0.0050092794317881,0.0083198960929687,0.0191192044266814,0.0164799790449004,0.0154988700049275,0.0074002107750203,0.0,0.0141608304300311,0.0134187478901387,0.0067019071351789,0.0074002107750203,0.0092803351336738,0.0048303600817549,0.0173923609239341,0.018283354364626,0.0169065472787257,0.0139510512955175,0.0072812861461,0.001541561088709,0.0071000918000415,0.0024794615011331
76561199875754390,0.0661617688541857,0.0164974725122011,0.024307789574778,0.0785498982590112,0.0257877243998876,0.0234445434675024,0.032224499791746,0.0256923546797678,0.0675243799482155,0.0228392036326249,0.0139134280710966,0.0225400964053422,0.0004364196206422,0.0494534571708855,0.0599491701525513,0.0322801648853795,0.0047885613336095,0.005010207272102,0.0264275978460542,0.010895018098333,0.0223780868126181,0.0263729572566665,0.0077083955448422,0.0025850631975222,0.0155535061718845,0.0172356753614447,0.0005577471768813,0.006337972574345,0.0,0.0447785017064639,0.0140363437577734,0.0351241430199538,0.0258251033341239,0.0025850631975222,0.006337972574345,0.0047885613336095,0.0107811691084847,0.0263258531808773,0.0188101866543118,0.0099841831790126,0.0116965989410691,0.0168573250526314,0.0091768390716597,0.0004364196206422,0.0212677022913036,0.0,0.0047214994608752,0.010205829117505,0.0188075453257131,0.0
76561199879374518,0.0717310358427208,0.0584345914858504,0.0535433430003418,0.0332037155179132,0.0178693152948901,0.0650491014014819,0.0218339973802481,0.0213250796584305,0.0199710880526884,0.0404716624635569,0.0545004192833275,0.0054079470440502,0.0237191390360793,0.0199710880526884,0.0196728253469009,0.0172994484190305,0.0222174902997,0.0241490939135408,0.0350811087238096,0.0041346878720613,0.0178574252263188,0.0307656053755296,0.0272390349983322,0.0,0.0105073327023429,0.0,0.0150292206572618,0.0040668209538057,0.0041346878720613,0.0222957823085999,0.0282908187571207,0.0114444930763622,0.0,0.0033349332956381,0.0041346878720613,0.025178543596292,0.0206636194577267,0.0132326274652247,0.0,0.0192913844969559,0.0114444930763622,0.0073500925239758,0.0105241002424042,0.0306459415720711,0.021868822582185,0.0,0.0132326274652247,0.0137460384647686,0.0,0.0041346878720613
76561199882387137,0.036096139304248,0.0416494252711453,0.0696687916075736,0.0187552941316065,0.0201406586646905,0.0454235006452807,0.0096251688221364,0.0144252808124485,0.0187552941316065,0.0151710907569507,0.0423814564984918,0.0165331945838824,0.0392777662123296,0.0187552941316065,0.0050724651554522,0.010250820149479,0.0152825850989696,0.0048274354143874,0.0153768027235447,0.0346535235834138,0.0375982995308912,0.0335872976384081,0.0119388804733697,0.0703011407756929,0.0098886054529881,0.0090631950400938,0.0044652207178965,0.0211779383447503,0.0044652207178965,0.0,0.0562155094585548,0.0050724651554522,0.0339761841557839,0.0348738533554639,0.012209579017542,0.0,0.0152825850989696,0.0054233847350915,0.0043853113687371,0.0049202706074717,0.0185964744494802,0.0,0.028758719830865,0.0285220373808784,0.0220361187278825,0.0090631950400938,0.0054233847350915,0.0045549957971016,0.0116129239764107,0.0044652207178965
