steamid,genre__Action,genre__Indie,genre__Adventure,genre__Simulation,genre__RPG,genre__Strategy,genre__Casual,genre__Free To Play,genre__Massively Multiplayer,genre__Early Access,genre__Sports,genre__Racing
76561197960612825,0.27833974499594566,0.11601425702256524,0.21954732918586647,0.0610392072863581,0.14807422204703266,0.07849364134543776,0.0,0.030763583794521276,0.0,0.02277055481729725,0.022478729752487686,0.022478729752487686
76561197961222873,0.36635365173388507,0.11991189598296664,0.25430437217758367,0.06851684156015915,0.0605087733202369,0.012428487078741174,0.016083790159359432,0.06355245541955518,0.038339732567512795,0.0,0.0,0.0
76561197961774441,0.30948493271768557,0.06850421754872899,0.1644788400005997,0.01514752849412908,0.2164348855614223,0.12253030613777598,0.0,0.05732506335172286,0.018977765078460305,0.027116461109475493,0.0,0.0
76561197964052205,0.3201064491038235,0.06402711913047981,0.22082476135843793,0.08067562719192638,0.12078044682150998,0.010478182767933338,0.0,0.03844203558285073,0.027161962573175175,0.020502809182834137,0.058878628706920344,0.03812197758010851
76561197964909627,0.15694389728558378,0.1644009148453649,0.07649191362930263,0.0918590397449903,0.19178865156524036,0.1528984933448741,0.08402922814011607,0.08158786144452788,0.0,0.0,0.0,0.0
76561197970412468,0.39723638494219055,0.04795150005431902,0.10500308828407992,0.03249601887185587,0.08218818780325207,0.06645128719287563,0.0,0.13243810514216658,0.08004482806188412,0.03337219639510985,0.022818403252266462,0.0
76561197970935355,0.30245064125513066,0.09595559538524015,0.1986817931498368,0.06615769801881659,0.2441264250075104,0.07737706480847821,0.0,0.015250782374987091,0.0,0.0,0.0,0.0
76561197975515451,0.2669124255049705,0.1174976614380783,0.20596016900062847,0.06538167883638761,0.19376711428655963,0.0648427495948791,0.03425575350353449,0.038400286668372655,0.0,0.0129821611665894,0.0,0.0
76561197976062269,0.22767142106567112,0.12553323355118035,0.08019540410870289,0.057388838982879366,0.18205538415415387,0.18822454475971306,0.058233620542257176,0.04526041604617511,0.024005440468272406,0.011431696320994715,0.0,0.0
76561197977835402,0.0,0.0,0.0,0.0,0.0,0.0,0.0,0.0,0.0,0.0,0.0,0.0
76561197979876290,0.2034934041400933,0.0,0.22215446576050707,0.14611615643800957,0.21014004306687428,0.18112957418813785,0.03696635640637796,0.0,0.0,0.0,0.0,0.0
76561197984511411,0.36545138050636805,0.0787042299151048,0.1595638746241454,0.04750007095725381,0.10290708356859089,0.032784435107769024,0.03319862074490518,0.1475451440757127,0.03234516050015028,0.0,0.0,0.0
76561197986853412,0.3063199113545308,0.05926964585865,0.18532745192271916,0.04532773286520143,0.30739124432012505,0.043920090550439835,0.0,0.019036829108622463,0.019036829108622463,0.014370264911088679,0.0,0.0
76561197988181270,0.0,0.0,0.0,0.0,0.0,0.0,0.0,0.0,0.0,0.0,0.0,0.0
76561197989427343,0.2823274342270774,0.14969945973757398,0.06249751954979789,0.08781151893906539,0.10172796650804723,0.07223610824044148,0.06591519242812723,0.06369053368124208,0.03961217162078824,0.04291618415036514,0.0,0.03156591091747382
76561197990751243,0.17943023709718586,0.12237871153817305,0.05381184039914219,0.03580595853951772,0.26675461110907495,0.2639089682030922,0.016719471127786663,0.03963103557603419,0.0,0.021559166409993235,0.0,0.0
76561197991266305,0.2898245651037303,0.055294271661868254,0.1754615414379396,0.022397865536966564,0.07745873360352572,0.03698080416806265,0.07599298020510036,0.14496545747321748,0.05649684276200591,0.0,0.03744004200108699,0.02768689604649628
76561197992664926,0.39743819423548676,0.017006421743321284,0.13553805563298155,0.05573770741574822,0.14273610706812812,0.0348709484578511,0.01583432910853876,0.07679099958878947,0.05937640508358996,0.0,0.03224524308365161,0.03242558858191319
76561197994874800,0.3775715255964106,0.11962749827214761,0.07699469268498908,0.04776265520170702,0.12018522819283756,0.06801155047898975,0.04776265520170702,0.08750211597277355,0.014118056016564098,0.013702228514130776,0.01338089693387143,0.01338089693387143
76561197995444569,0.1980207077389786,0.0955621979860668,0.04858548905426514,0.14454750542541536,0.1667376981603544,0.3156974500279883,0.01359653058927883,0.01725242101765269,0.0,0.0,0.0,0.0
76561197995730646,0.4228941978377087,0.12259492907292313,0.22386445658528217,0.024237583693363644,0.10770997835968489,0.04189255114832355,0.0,0.04095400097727696,0.0,0.01585230232543693,0.0,0.0
76561197996331680,0.3626826061310273,0.05428482940490818,0.1788245393168756,0.013772784752090398,0.1515898124149129,0.06517617387608671,0.013772784752090398,0.1275493141287443,0.03234715522326411,0.0,0.0,0.0
76561198000672368,0.2891073290818705,0.014150710060716862,0.24829739828009903,0.0,0.3569249667335039,0.06176861278023866,0.0,0.01487549153178561,0.01487549153178561,0.0,0.0,0.0
76561198001075422,0.3883926968087036,0.10029992099036862,0.24401336001100477,0.04376666799524311,0.10373284545741503,0.0,0.023696429856131254,0.0524155635144857,0.014060295653444205,0.0,0.014811109856601909,0.014811109856601909
76561198001198569,0.27657611028914075,0.1049918434522917,0.1608484002278885,0.10593111403832248,0.11193384030920875,0.06289438813919553,0.022427683717909475,0.056098145698578766,0.05949990064769465,0.015430184859914688,0.009079921107354933,0.014288467512499929
76561198003022602,0.08957033636234664,0.10051862317798138,0.10471000592817553,0.20180213114310414,0.15640262277311134,0.3259457927555341,0.0,0.021050487859746902,0.0,0.0,0.0,0.0
76561198006572540,0.2333165786973395,0.0936881060337488,0.17280313488786853,0.09849597119377801,0.16214467896375986,0.08230437972268269,0.020403048516397414,0.025942206982840613,0.07122714427433798,0.0293546768725715,0.010320073854675286,0.0
76561198006847070,0.2742189408085323,0.05843777511761015,0.16079368745042916,0.12287789863246291,0.0507956731371879,0.03622476655789869,0.023868323750553016,0.08948898357225148,0.056600080404485074,0.015010301071821299,0.04044874054697368,0.07123482894979437
76561198007100949,0.3051662834130711,0.04339275046522847,0.22330453155027397,0.0,0.3218025433716971,0.029235605348106396,0.0,0.0,0.06325875388337752,0.013839531968245403,0.0,0.0
76561198008475336,0.23540033271377994,0.15893453798378837,0.12891945171640032,0.014462625211726922,0.1679388706154987,0.14955532673535707,0.05573888719009226,0.015690766664963177,0.033222674554148346,0.04013652661424496,0.0,0.0
76561198008608067,0.1605378980227893,0.07834099576319878,0.1502439748546739,0.19882935436607754,0.1692112845081931,0.16096095809348265,0.051550714807987716,0.0,0.0,0.0,0.0,0.030324819583596896
76561198008886047,0.2226240716122678,0.09381292132605884,0.13379099188283977,0.1495686575851237,0.07688444716277036,0.1138155673524926,0.03406044715346875,0.09651788612877832,0.042293414677593684,0.013866826059342913,0.013466520360528138,0.009298248698734909
76561198009000791,0.16304488884677854,0.0818940900334503,0.04375783979639729,0.25468187504838147,0.08156738763660414,0.2744468641588512,0.020700472610289677,0.045371975382254445,0.014542560705559341,0.01999204578143364,0.0,0.0
76561198010613920,0.39459200682065454,0.08289551107696505,0.10967181449831497,0.0323583599828716,0.12407281630657938,0.09643161833449786,0.014979516211886585,0.10333026863708741,0.022870829119874165,0.018797259011268306,0.0,0.0
76561198011617878,0.34741678751009303,0.06524233822760848,0.18889619803353755,0.025417704705856154,0.21628271253966122,0.05864588034353508,0.01468872494148716,0.03453007306147639,0.011527129166301824,0.024979003171993603,0.0123734482984496,0.0
76561198014439859,0.31964222419098304,0.01690954225664689,0.19325474348625643,0.0724138539209285,0.1859531145200702,0.08141104400151447,0.04517211048820549,0.04889436855588785,0.0,0.0,0.018174499289753572,0.018174499289753572
76561198014489715,0.1846354996840002,0.12070838826287746,0.08936605116828111,0.14117612680158179,0.08785018280443808,0.10296880956718019,0.07990445177947773,0.021107613769997074,0.038175095132414835,0.0,0.10793615419674205,0.026171626833009744
76561198014916777,0.2220766713772682,0.1657630516562527,0.20658054237726503,0.05647806351614753,0.2627808042120238,0.05097049589448401,0.035350370966558645,0.0,0.0,0.0,0.0,0.0
76561198014942184,0.0,0.0,0.0,0.0,0.0,0.0,0.0,0.0,0.0,0.0,0.0,0.0
76561198015886343,0.3473389631329682,0.027754272626070664,0.15287195143913232,0.0305682745300022,0.12308499754336888,0.03446264352917327,0.045974415454784194,0.14131699265515327,0.03284820055268317,0.01836538281341007,0.01836538281341007,0.027048522909843612
76561198016615227,0.2788799241382071,0.07979877090141067,0.18502397325762018,0.04581498618288025,0.208456954441315,0.0574744864927563,0.022400022762760742,0.05106546985054593,0.05908209358791651,0.01200331838458738,0.0,0.0
76561198017488621,0.31294673729613876,0.14442267325163588,0.11180713514362811,0.02979579174926174,0.18695077551823377,0.05979988804844144,0.040800295010229255,0.05878107390070891,0.038570187345051056,0.016125442736671203,0.0,0.0
76561198017725698,0.0,0.0,0.0,0.0,0.0,0.0,0.0,0.0,0.0,0.0,0.0,0.0
76561198021181507,0.21679941252461524,0.06195963922232287,0.05808327322736603,0.18433285199798333,0.09246738409415717,0.1931156505287198,0.0331468106771497,0.04400935079837312,0.07327778682039786,0.02876943558156998,0.014038404527344851,0.0
76561198021642939,0.2157393327626824,0.10216642688198882,0.17692860657891665,0.07933901126702657,0.15666732609106482,0.12917253438576667,0.03504635451488734,0.038522307388360565,0.012099097746091981,0.05431900238321406,0.0,0.0
76561198022647651,0.22104613940570114,0.17846721212495234,0.18653804790606335,0.132425724128697,0.03480044689718802,0.11589055794692645,0.05981159148030499,0.027508011936563614,0.01343064907267921,0.010385126122347285,0.009848246489288264,0.009848246489288264
76561198023268375,0.0,0.0,0.0,0.0,0.0,0.0,0.0,0.0,0.0,0.0,0.0,0.0
76561198023629256,0.19217903976422057,0.1415173391664,0.15394648475691275,0.12301960118629945,0.08948493136642031,0.04767701383630858,0.11294201201453524,0.055282182053207,0.02084550374992419,0.0318989024891914,0.01330494657005996,0.017902043046520575
76561198024043746,0.2922754912637305,0.08156986869675564,0.1249592441599357,0.1412691684669737,0.13280122829519275,0.0738853066304247,0.082797126031116,0.028719060232138147,0.02742758881012575,0.0,0.0,0.014295917413607098
76561198025419566,0.15702764822579568,0.22255316720391538,0.11932163859067085,0.12287071544219592,0.11183300654589004,0.056325670621930134,0.11854207634585438,0.0212290607296031,0.05178904501162945,0.0,0.01850797128251505,0.0
76561198025420677,0.24051046471969587,0.10515816892561022,0.16000459459896768,0.0747222361281354,0.11045495241473169,0.030407142619222133,0.06370731595916711,0.1405953743466063,0.05697319006763741,0.008901056789478407,0.0,0.008565503430747703
76561198025710872,0.16071610268770728,0.131693956094237,0.16682641481467153,0.09526289615593034,0.26154248809834374,0.10976530845990062,0.03575244655253098,0.0,0.013416691329740533,0.025023695806938,0.0,0.0
76561198026512221,0.20078532985355166,0.11375720597845067,0.1359520092709409,0.1149067519821024,0.20582990924179587,0.0623867149573186,0.0,0.04006413021814056,0.11157268068268626,0.014745267815013082,0.0,0.0
76561198027570687,0.20566163411848143,0.10432185855504775,0.1487417921486036,0.08173100325141708,0.17963666755891888,0.03591049520956627,0.012441251461981183,0.08016753828171559,0.08517979912513013,0.02153459041367497,0.0,0.04467336987546308
76561198028531972,0.18977514998515405,0.05698109522077651,0.07794138887299076,0.1547181323415776,0.16981034424022712,0.31782519605874693,0.0,0.013993821251198288,0.0189548720293288,0.0,0.0,0.0
76561198028843852,0.2778294224695629,0.012255953333150316,0.16135998977950453,0.06555219819802084,0.18630439311543032,0.01857819097584366,0.009168633598055491,0.07029734809342027,0.0834079953200155,0.0,0.03852070651135342,0.0767251686056426
76561198030076768,0.2651397404003493,0.12249308088175415,0.18993140912815773,0.07408778471139914,0.15858316944036752,0.07771204646934521,0.04843398147970714,0.04144135176871895,0.0,0.010646451992994438,0.0,0.011530983727206467
76561198030700598,0.24985251248643744,0.10228608587699457,0.07976468900708436,0.08019327010931127,0.10426398399199406,0.09144927987191089,0.02195967590035521,0.1328857113268425,0.10461137676831274,0.009453210590264194,0.011640102035246477,0.011640102035246477
76561198033159937,0.1729925621915973,0.10426092431471194,0.12916566408074262,0.07300449772281949,0.15321449475657978,0.06839700556177927,0.03670293034401083,0.13162782311159302,0.10960417950457887,0.021029918411587,0.0,0.0
76561198033904301,0.257551730102198,0.16201646716977997,0.2222387303100707,0.05797052691013553,0.23736438786450248,0.03497274486841773,0.015840758524438416,0.0,0.0,0.012044654250457292,0.0,0.0
76561198035576206,0.11422199867542662,0.11995099939788169,0.11415693953782935,0.1394244959555453,0.2060972375989149,0.2447177151277933,0.01301719483585166,0.0,0.018011539886983605,0.0304018789837735,0.0,0.0
76561198035678145,0.2931242086445113,0.17313854592388137,0.21769345689336705,0.03954938572315925,0.05256005629948995,0.04744033791413357,0.10012406298017196,0.05318340140233207,0.0,0.023186544218953654,0.0,0.0
76561198037116274,0.2273421267149576,0.12276270856233842,0.06756100130991516,0.16564735713282355,0.1293109510364672,0.1526363980117282,0.010789728810002674,0.04068002736957493,0.07199281908677109,0.011276881965421173,0.0,0.0
76561198038492608,0.207714283179173,0.07193079989478982,0.22335405360054267,0.11338888551386095,0.18487261897294113,0.14864202185201394,0.05009733698667847,0.0,0.0,0.0,0.0,0.0
76561198038973945,0.1704462386118096,0.1838510694613314,0.12098230756197387,0.08478213446443272,0.07406146539670985,0.05761277937162232,0.0762605405456268,0.06682970028885124,0.09275974080480066,0.038464132587730605,0.016489407822219564,0.017460483082891345
76561198040275236,0.23888785207723578,0.10102058897473781,0.1713543645397471,0.023874691891508093,0.2838847544392525,0.07451501418787249,0.03767868996406674,0.027876608694299587,0.02646523307366852,0.0,0.0,0.014442202157611448
76561198042424940,0.2361161182115027,0.12281865891794042,0.1350817017237605,0.1128204812151723,0.19875895641335867,0.047112593456799925,0.03723904659595997,0.023551312678294127,0.048379300812150326,0.025993715762353164,0.0,0.012128114212708135
76561198042752440,0.3364341718178566,0.17203619502526002,0.12554074865551756,0.08598825960581173,0.019675834273162374,0.021428188157739465,0.11086376592908145,0.06149311242291239,0.0,0.03500729658600648,0.021082752723637216,0.01044967480301472
76561198043309202,0.19437816540471647,0.1018159790973022,0.13837096056543444,0.020960430711158048,0.212442576155126,0.043182901684188243,0.0394009832499882,0.09147726843945753,0.15797073469262898,0.0,0.0,0.0
76561198044169133,0.2903740927020059,0.13016992270029962,0.08920479594644116,0.12593118027271616,0.010210997490169786,0.08113377163482254,0.021183052748557803,0.02635350099734863,0.098583581822083,0.0,0.051919176881951044,0.07493592680360452
76561198044695535,0.21705172137383497,0.07479767962745543,0.17134802050919526,0.07380199693760886,0.18357183360029372,0.09138620967118659,0.0,0.036183506765543,0.09206739190452502,0.04114380987877218,0.009323914865792532,0.009323914865792532
76561198046112241,0.1916420292278072,0.11150343764905217,0.09692369255540402,0.1329651530036007,0.12464743275096153,0.1898199037629151,0.028368815543045437,0.02737526368142739,0.03924700226509043,0.057507269560695934,0.0,0.0
76561198046544865,0.3548359316956557,0.07679668895258597,0.22853771261068306,0.02567314514375413,0.12567802067323341,0.014347094559944604,0.013118715873080722,0.07903795690798274,0.040097063509934416,0.014573863299331878,0.014573863299331878,0.012729943474481588
76561198047089807,0.19987679332959532,0.055186888281711685,0.11522871233753228,0.09298262661625935,0.1449360491712693,0.11689489869919747,0.055967245105467016,0.13489895166785415,0.02437983726417636,0.0,0.042455960902959965,0.017192036623977155
76561198047338373,0.0,0.0,0.0,0.0,0.0,0.0,0.0,0.0,0.0,0.0,0.0,0.0
76561198047882234,0.2481978857813707,0.07187467031042871,0.07996702399293457,0.15058258989426324,0.13566582427815607,0.22574470644446493,0.031474906538420895,0.0,0.04312785549435283,0.013364537265608212,0.0,0.0
76561198048967211,0.2946043902996949,0.056394831709939114,0.09689392479162844,0.10225805260330552,0.17084354571017837,0.16044187996879106,0.0,0.07569721409920267,0.028484276190091567,0.014381884627168528,0.0,0.0
76561198049192663,0.19200178172747137,0.14258635571539455,0.12051348992440811,0.020775095924609247,0.1779938116844241,0.09399349818427313,0.0617146431489898,0.13260704688718078,0.057814276803248896,0.0,0.0,0.0
76561198050935092,0.2537395606551353,0.13640508321929856,0.1034087501328845,0.12196046751734817,0.1752172633599354,0.09833996176960454,0.0402088165755942,0.05787349251686372,0.0128466042533355,0.0,0.0,0.0
76561198051250642,0.4074369757571656,0.09741009002445998,0.06550524991118013,0.042258655919033786,0.0614244458908373,0.0816302273065639,0.024782152203832723,0.19889847673099226,0.020653726255934396,0.0,0.0,0.0
76561198051389016,0.055760795752363944,0.024762917173607478,0.009510414467702543,0.2708467650323698,0.012188197968015803,0.38783699224235446,0.056995773006152196,0.0267944959912336,0.023427678880195403,0.005122922006210283,0.12675304747979463,0.0
76561198052549305,0.10241620676664966,0.06097477686848739,0.08681418137889574,0.26444925202348857,0.09164677318756687,0.38004642932611427,0.0,0.0,0.0,0.013652380448797434,0.0,0.0
76561198055294662,0.0,0.0,0.0,0.0,0.0,0.0,0.0,0.0,0.0,0.0,0.0,0.0
76561198055617328,0.0,0.0,0.0,0.0,0.0,0.0,0.0,0.0,0.0,0.0,0.0,0.0
76561198055682730,0.22163690189659088,0.044329481013102676,0.14114506041425584,0.10045898569661964,0.18075950792666828,0.18766870601366634,0.0,0.05612148199603345,0.06787987504306292,0.0,0.0,0.0
76561198055895597,0.03421466835424598,0.2333854670650187,0.06343648582989225,0.22751055796378977,0.029941601465530435,0.11125450834587512,0.2200527345704752,0.04669342429893616,0.018057691104799146,0.0,0.0,0.015452861001437307
76561198056078990,0.2211305993610564,0.08180382368946221,0.10256665158912763,0.16218489276415343,0.11995302569261929,0.20405828744274881,0.0,0.01525698016906651,0.0685816987727768,0.01262091615669339,0.011843124362295563,0.0
76561198058903842,0.27100696380783573,0.0876256929987653,0.07891283003093696,0.12360868598870188,0.1388725120824036,0.13155205771789694,0.02342961867283219,0.09698414325664582,0.018185638893516865,0.009769255441439641,0.020052601109024938,0.0
76561198059495299,0.30390136449530264,0.06483679531584645,0.27387524074544106,0.0,0.2576978702616452,0.04091210822888212,0.035410534088006033,0.0,0.011405960652081704,0.011960126212794752,0.0,0.0
76561198060883629,0.15400535106815727,0.08075066595078803,0.02965468338514236,0.17143380251073193,0.05142970494213042,0.4244291867405924,0.029320961008657612,0.029320961008657612,0.0,0.02965468338514236,0.0,0.0
76561198061178161,0.27844399122637314,0.09930160646066816,0.1864213825093369,0.049166102331888034,0.1214461574006748,0.12436323646522025,0.04952994046405821,0.05780683428252358,0.016760374429628477,0.0,0.016760374429628477,0.0
76561198061442799,0.0,0.0,0.0,0.0,0.0,0.0,0.0,0.0,0.0,0.0,0.0,0.0
76561198062256620,0.2953592667057392,0.06712737649089602,0.1393234446725974,0.01553329522124497,0.19224158221214868,0.09324956626713372,0.02801028672285315,0.11544927597371576,0.027623043981420025,0.026082861752251208,0.0,0.0
76561198063490669,0.14210061154116296,0.1095227505974629,0.08804883696989912,0.20335562943075614,0.16715924338002652,0.16571273432645037,0.03573144692525603,0.04053517047570526,0.03563899880238925,0.0,0.0,0.012194577550891523
76561198064339088,0.18786715657988204,0.15799447051994528,0.12440816508351749,0.22857290468605118,0.029974505888702162,0.10508344538105317,0.09269467655598315,0.020009917401953656,0.020009917401953656,0.0,0.011941541995441878,0.021443298505516236
76561198065931138,0.11557729844647964,0.07842970145522943,0.10171281912988542,0.17999345661763605,0.07368759679207086,0.00994386979333598,0.06832291201668193,0.08287807091820507,0.053771272987747046,0.06107021049196395,0.09718754241629698,0.07742524893446778
76561198066122279,0.20692201693831336,0.08852845651641515,0.09665845280932572,0.1468848807677961,0.0836821672073257,0.1565914290169956,0.03584190216246775,0.032981679204438424,0.07728302865617685,0.03355387711799245,0.02053605480137639,0.02053605480137639
76561198067067279,0.1430927819872074,0.11929875284370953,0.087582955550826,0.15290423471534795,0.19273789415291157,0.19486607565032407,0.0,0.02166546941722419,0.06717456696219959,0.020677268720249622,0.0,0.0
76561198067362761,0.2841707241038502,0.0484018255553459,0.24106924883590303,0.08304557816419326,0.13256276921971516,0.07161181567132027,0.009949739475938016,0.05353371370826413,0.05691021172821341,0.009949739475938016,0.008794634061318743,0.0
76561198069077998,0.34006789028423645,0.0809886529981659,0.27938609942638054,0.0687640671105133,0.09141726432122767,0.032931909336557076,0.024509831508326526,0.05229947024366642,0.029634814770926048,0.0,0.0,0.0
76561198069752493,0.0,0.0,0.0,0.0,0.0,0.0,0.0,0.0,0.0,0.0,0.0,0.0
76561198070374664,0.262745581331714,0.058414402789768075,0.1193920995871083,0.09512757764239176,0.085807503887988,0.02639697135152445,0.05236449161394207,0.0928393540406565,0.057177989170294354,0.0,0.10094479026805007,0.048789238316562594
76561198070384606,0.16290642068235836,0.2272139605368176,0.11064927618210627,0.08377662530232566,0.07696955987938141,0.14766181523787197,0.15683390016400073,0.033988442015137954,0.0,0.0,0.0,0.0
76561198070394564,0.12704268577654154,0.08525973642852142,0.0712631496779011,0.17138261143639522,0.27815366067157604,0.23151780810977646,0.0,0.021721208356562834,0.0,0.01365913954272546,0.0,0.0
76561198070426327,0.28107427284006503,0.12331613495594601,0.13261474477894175,0.05174963292720392,0.0716460811186452,0.06381817725896469,0.0435213058651079,0.13328711764496287,0.057339576857701094,0.03116196550618078,0.0,0.010470990246280716
76561198070463763,0.2624055263776419,0.01182329061451405,0.08402421600538484,0.06124635833443977,0.10316897178030512,0.1262597076570356,0.01960171173061715,0.2223572751215582,0.09866201499480516,0.010450927383698358,0.0,0.0
76561198070682954,0.0,0.0,0.0,0.0,0.0,0.0,0.0,0.0,0.0,0.0,0.0,0.0
76561198071154203,0.10197414713775983,0.22186120132316153,0.10594490741123834,0.16499447947337822,0.13098437895706697,0.08567882466685375,0.14316679446382552,0.02345278982144338,0.0,0.021942476745272364,0.0,0.0
76561198071193898,0.19177107818259553,0.10548389954481245,0.1295911088617185,0.07438329608142645,0.17707944826479988,0.09624523093809742,0.01963295686950408,0.060310217033158676,0.06313548393764026,0.04379071988031208,0.02993751994141489,0.00863904046451972
76561198072888615,0.09187628139634954,0.1592486082458251,0.12074138342165393,0.07691007974297451,0.1494714066570806,0.10234355071886789,0.11785434950270762,0.12415923071907747,0.05111381879293774,0.006281290802525498,0.0,0.0
76561198073067799,0.28461542148886954,0.05326866876871051,0.13718110459523097,0.0499978885035474,0.14736407927382392,0.0458495307886666,0.05100727006053849,0.11218827638552775,0.07413375554068821,0.009972686050549599,0.034421318543847085,0.0
76561198073458595,0.2436588259751394,0.13690635985692248,0.13187673561726065,0.1306451473942471,0.14866778574191888,0.07402108569546002,0.06873337485297722,0.029751641847410366,0.023508450632759352,0.012230592385904446,0.0,0.0
76561198074367777,0.28926478436155934,0.10612914287401969,0.06153923263382916,0.06729705674903766,0.15506614469099508,0.13967712786387038,0.0,0.09107330140652785,0.07547782108395472,0.0,0.0,0.014475388336206228
76561198075247829,0.38082572366382816,0.07580108747904124,0.12230106381621701,0.015553227906375184,0.16495174476309862,0.06766497647468993,0.0,0.12221377327463197,0.05068840262211778,0.0,0.0,0.0
76561198075601306,0.29657902329489005,0.09743008775381314,0.10703998179958964,0.05051088649577528,0.17623812111234685,0.06878700668655115,0.05123000733340808,0.09596142405557934,0.041102520529382285,0.015120940938664135,0.0,0.0
76561198076111958,0.37529681714854923,0.011649813872363177,0.15795078909268317,0.012129830015479253,0.15723949891085295,0.03774420791086037,0.0,0.15005194153366144,0.0761721324135386,0.0,0.010882484551005937,0.010882484551005937
76561198076319546,0.25927112630158167,0.14476304189188996,0.07835078629005998,0.06731646660233419,0.13042327304948753,0.0983546109754863,0.051207697855356865,0.0866127285567226,0.06401365133712038,0.01968661713996042,0.0,0.0
76561198078014024,0.1780875844520692,0.1367044275498931,0.10210991236449657,0.05636420183324472,0.08933526641140331,0.2277452176822498,0.06138701318674135,0.11503986702188171,0.018876997800364115,0.014349511697655982,0.0,0.0
76561198078165637,0.0,0.0,0.0,0.0,0.0,0.0,0.0,0.0,0.0,0.0,0.0,0.0
76561198078169237,0.44255385155505467,0.13096185311292965,0.13115214197557382,0.021476451514763056,0.1753976249741496,0.0,0.03732676792460269,0.06113130894292654,0.0,0.0,0.0,0.0
76561198078272251,0.22957171673454815,0.07770239983375488,0.14171310484525243,0.04046878490987154,0.2630988068230178,0.21125930980948454,0.0,0.03618587704407075,0.0,0.0,0.0,0.0
76561198078817922,0.24618111058816186,0.10420936315185053,0.1402243448746294,0.08444224852326594,0.0824155131870741,0.04705267060446759,0.025741168225809283,0.091761979580862,0.10340375271643135,0.01735639376019582,0.040592641487831475,0.016618813299420544
76561198078883021,0.22689849482966765,0.14071326722380895,0.18860006226503273,0.06365263663194264,0.20994504206945183,0.0904585899357447,0.009849755013171185,0.01237026196275721,0.012378697536650846,0.04513319253177234,0.0,0.0
76561198078942414,0.21826921070185484,0.154923956703838,0.1690387309387474,0.09632738227982329,0.08520204444479663,0.04327287497708693,0.09988759606598724,0.08502247444763754,0.018908209112977258,0.01351230737193854,0.01563521295531243,0.0
76561198079488752,0.37979672920113755,0.08577504172634796,0.12251424245272782,0.05122507846743573,0.15648679736420398,0.08186954226413459,0.039544583066784086,0.06924277322311867,0.01354521223410948,0.0,0.0,0.0
76561198079917174,0.2089272219015839,0.13432019333273643,0.14841265589892316,0.04932753503482207,0.1223312045165968,0.06371503979341901,0.07713355507721097,0.16719119671366878,0.0,0.013352518839262343,0.015288878891776572,0.0
76561198080951406,0.0,0.0,0.0,0.0,0.0,0.0,0.0,0.0,0.0,0.0,0.0,0.0
76561198080978566,0.18243133251095978,0.1572868468333875,0.11686740675011549,0.0912336120053563,0.12429776864677772,0.20618487063022145,0.03370953695558634,0.07476529585922735,0.01322332980836797,0.0,0.0,0.0
76561198081505083,0.0,0.0,0.0,0.0,0.0,0.0,0.0,0.0,0.0,0.0,0.0,0.0
76561198082199261,0.23699370667566516,0.11358762781091218,0.14085997416582122,0.10548438465985022,0.1824773614067772,0.09348556247124543,0.00983996231119836,0.05179034133998339,0.0246903690739212,0.03136887958690381,0.00942183049772175,0.0
76561198083275991,0.2789808723437655,0.166172953622686,0.12528936271687457,0.06286673840003293,0.10338459437805095,0.015390112056197993,0.0919900435332364,0.06286813658882301,0.048150703771503565,0.04490648258882926,0.0,0.0
76561198086717023,0.0,0.0,0.0,0.0,0.0,0.0,0.0,0.0,0.0,0.0,0.0,0.0
76561198086810047,0.13300148112061735,0.21366518934164472,0.10673674074734409,0.18507856528015817,0.12513837434388536,0.07692369424767839,0.08690862908009633,0.024634175173012175,0.010436321307103338,0.0148864564340194,0.0,0.02259037292444068
76561198087883574,0.06105968801626443,0.18521017921011093,0.05881274677446692,0.2571450356771501,0.053390279019562704,0.20940728233502348,0.06562226800984441,0.018875919718527374,0.012566458737487433,0.0108267608893618,0.03247980734429189,0.034603574267908555
76561198087896550,0.3197386916320921,0.14530711309862573,0.1774925603198592,0.05689998505100972,0.15263092147236218,0.011918514866122248,0.016254133253521274,0.05930956696156333,0.03322002301715771,0.027228490327686466,0.0,0.0
76561198088261628,0.0,0.0,0.0,0.0,0.0,0.0,0.0,0.0,0.0,0.0,0.0,0.0
76561198088724831,0.2063568477768865,0.07459033039900999,0.1714445969093729,0.10602013734799909,0.12893498941092485,0.15923682150704793,0.02169030252018911,0.0,0.010798880140269435,0.0,0.07201994936070515,0.04890714462759504
76561198089859684,0.19148552266838623,0.07500337127576566,0.17966343259408737,0.1283861541883371,0.15291000149386144,0.07909769311271742,0.1072883151724828,0.0401476480258557,0.02397736592784599,0.02204049554066032,0.0,0.0
76561198091122227,0.34975855562690006,0.12332009782569975,0.23386488962626187,0.02797617151737292,0.13502290390889046,0.028232309102000724,0.030531036140913223,0.020181591293503935,0.0,0.012579016904497508,0.01926671402697979,0.01926671402697979
76561198091140590,0.10105720835176131,0.18356638084883153,0.13633037274540932,0.1423520177308318,0.16819358257141276,0.2065703003906568,0.039321141362936074,0.011842467957522605,0.0,0.010766528040637798,0.0,0.0
76561198091232355,0.1968391098259885,0.11293448300541639,0.17282759791940933,0.04836914267101694,0.18580278403792422,0.21343996743507918,0.01431909660957193,0.0,0.01431909660957193,0.041148721886021526,0.0,0.0
76561198092225547,0.25024820333410513,0.10294130853538845,0.16960730045111996,0.07193811904213775,0.21137802287622756,0.05796172060465426,0.025749274001858464,0.016560810891457594,0.013826145861373432,0.014452301186495367,0.025442246014343316,0.03989454720083868
76561198092251510,0.2634878619737392,0.11474910316680656,0.18226187411037964,0.05111626388978204,0.1693207290498103,0.03100284323324858,0.010035510721476322,0.11292935648104595,0.020964667649894735,0.020336819091890848,0.012189070141218096,0.011605900490707532
76561198092612698,0.14495910269551443,0.15503936036567592,0.1314301913470233,0.08179410904537038,0.18458879011078924,0.17667538513966596,0.04752953355793025,0.03426910787087964,0.010368233548905792,0.023792075516422352,0.009554110801822868,0.0
76561198092647624,0.11014279120045309,0.18427983279317794,0.07201155348479607,0.178070068305339,0.1275427768768823,0.10626317347055825,0.1351496531114245,0.062042409049299974,0.0,0.012537918584287877,0.0,0.011959823123780982
76561198093260511,0.10741265679948854,0.23793881174548284,0.11927046684087532,0.18402556550239746,0.12819330193988965,0.14926121032068113,0.05251617563206053,0.0,0.0,0.021381811219124563,0.0,0.0
76561198093336856,0.3022535261306816,0.12700847840736837,0.14179950790183277,0.042030733541994575,0.08360089636413942,0.036569429841390916,0.047153083270740595,0.09067406738104823,0.10578761075974541,0.023122666401058097,0.0,0.0
76561198093697680,0.0,0.0,0.0,0.0,0.0,0.0,0.0,0.0,0.0,0.0,0.0,0.0
76561198095755900,0.21927361000281034,0.15750572955240813,0.17499797718457177,0.06362933235243676,0.16280439723650142,0.10547493486441988,0.039567594368375196,0.04744784991295148,0.01424437766583261,0.015054196859692354,0.0,0.0
76561198099004296,0.20762679389780456,0.11271302331269308,0.07873202918998322,0.1731640387146242,0.08440648557106215,0.09068072493193251,0.036386634600143575,0.07289361231728057,0.027332431225140712,0.010828634167489276,0.08745256988496637,0.0177830221868798
76561198099250072,0.24107551756019685,0.10188091799577072,0.1326526741596231,0.1464386847871506,0.03504794513450012,0.03729312459180218,0.00895237309374325,0.05870394882481881,0.07568849612515963,0.021575604887194576,0.03903540296416113,0.101655309875879
76561198099562777,0.20876964008594295,0.13265571167892942,0.15261128799432258,0.09707559851978483,0.1558608104844171,0.16961547108063657,0.009983499282011706,0.02674162218552891,0.010830453573598561,0.026310505645887654,0.009545399468939822,0.0
76561198099813068,0.0,0.0,0.0,0.0,0.0,0.0,0.0,0.0,0.0,0.0,0.0,0.0
76561198099985988,0.2458934148715504,0.07975602912252908,0.0778650896318108,0.27075946359898856,0.04469328472346768,0.1514977382693421,0.029833817528222634,0.058394452844219735,0.04130670940986903,0.0,0.0,0.0
76561198100098775,0.3185042086023455,0.03730795064575183,0.1660443039584554,0.023999045686898604,0.26509868331973463,0.12940154973764917,0.0,0.05964425804916474,0.0,0.0,0.0,0.0
76561198100808600,0.0,0.0,0.0,0.0,0.0,0.0,0.0,0.0,0.0,0.0,0.0,0.0
76561198103186740,0.19439730144012374,0.09793416486638144,0.19646915701371467,0.09655194920002581,0.20747413303348836,0.05487558594478051,0.032128251565649385,0.012430618492540112,0.06698044184910346,0.040758396594192434,0.0,0.0
76561198103234257,0.13324245347498545,0.2504476375756169,0.07353196603923745,0.11623256475597778,0.10668458533944891,0.1969355630709395,0.05131854766527166,0.013552692583662714,0.0,0.046532867208466014,0.011521122286393471,0.0
76561198103723769,0.0,0.0,0.0,0.0,0.0,0.0,0.0,0.0,0.0,0.0,0.0,0.0
76561198103942045,0.21726519441538844,0.09077660395875066,0.10300103064406957,0.2086738072677752,0.016934885133668125,0.07736744238988696,0.025000294744749928,0.11521979721451175,0.03963226481833389,0.013087758225639786,0.04066358915618066,0.05237733203104502
76561198104612711,0.2749396379209976,0.10157350686743148,0.14102885755486555,0.0810852259624589,0.11226317019072596,0.07556302970176502,0.009498698287471482,0.07917874710810156,0.10522762962668684,0.019641496779495757,0.0,0.0
76561198105432969,0.23223137146331768,0.11695326493968337,0.1345317737049852,0.05096554349767716,0.07505285242200463,0.10372635836395094,0.02245559685938201,0.07818034844306758,0.03680787163481313,0.00897827594275043,0.05930313640556918,0.08081360632279848
76561198107189063,0.2631833837077905,0.06759358605754334,0.10509743652694678,0.04103126372289308,0.19298641321593044,0.06157241916827773,0.015305277079345021,0.13724314427330644,0.08892946495436771,0.02705761129359893,0.0,0.0
76561198107786111,0.21102692256389843,0.0989950869447632,0.12894866389339416,0.09499106082454836,0.2043497639074347,0.05368003806359202,0.046375373902899884,0.08231473941902687,0.03512240371006111,0.02210172406314561,0.0220942227072357,0.0
76561198112849349,0.12183554002325978,0.16280879297544912,0.12152544309610899,0.1964593769146857,0.1535141532560788,0.10865414151777596,0.026220792807760705,0.014140326633106406,0.0,0.027143320683238752,0.06769811209253582,0.0
76561198114540370,0.28018919675587967,0.04378188056566216,0.16871905575931972,0.0,0.2734320806618514,0.17633373899923124,0.0,0.03186008564536841,0.012841980806343743,0.0,0.0,0.012841980806343743
76561198115422851,0.1976584767570976,0.14158125529587223,0.11752817457257467,0.05966101471001238,0.1265151849552056,0.09839768904141741,0.08836249835450524,0.12487094826818748,0.024763972048260113,0.020660785996867236,0.0,0.0
76561198117435171,0.34940482781488763,0.08594785296978677,0.13851346004757992,0.013209156125944086,0.12443663170645734,0.013624455003390417,0.027710919037947198,0.12236240637689734,0.08181923225167241,0.0,0.028159012186807858,0.014812046478628979
76561198117724596,0.28032998157209976,0.1379216614028908,0.14205528586077598,0.05487586886059266,0.17790315109793736,0.08299210681068066,0.037060128929124005,0.03915404335591593,0.026125248756039658,0.0,0.010791261676971628,0.010791261676971628
76561198117983678,0.24824452598713384,0.1153467722152156,0.20254571794759055,0.09324004599803493,0.09976851771792616,0.09896532285813511,0.0228143503608092,0.07140750120662996,0.04172145349728042,0.0,0.005945792211244187,0.0
76561198118672016,0.0,0.0,0.0,0.0,0.0,0.0,0.0,0.0,0.0,0.0,0.0,0.0
76561198119156573,0.34862499073458636,0.1555360706000928,0.13688662048121916,0.0492694666729169,0.06182762956773647,0.03337880060818692,0.041889467002367266,0.13381357072473854,0.02817819426070096,0.010595189347454723,0.0,0.0
76561198121971834,0.3209752905846029,0.05463558587043812,0.19878385711075508,0.07995627392460442,0.15350880554624022,0.013112678371566879,0.038960559994394225,0.04499109057354399,0.031321803543954675,0.025490816756833228,0.025320688054166297,0.012942549668899952
76561198122264375,0.308124447483568,0.07189601076256476,0.1739433860386904,0.02449788213831756,0.18508548190441443,0.1326870175715585,0.0,0.09074210002446856,0.013023674076417767,0.0,0.0,0.0
76561198122741582,0.34661695772115314,0.07712800568846084,0.05600926516690085,0.039685144735242164,0.06462041115101004,0.06547513218006203,0.023563460040786913,0.2986886141107419,0.028213009205642143,0.0,0.0,0.0
76561198122844648,0.26499898041875075,0.06884695803407437,0.12750226485716218,0.08811869744410031,0.1979454753938915,0.07655738276585317,0.012943226629714732,0.05112423691839212,0.0788315427670166,0.033131234771044106,0.0,0.0
76561198123084475,0.24903039757044448,0.10145427201165683,0.1550339547568384,0.04810985214505068,0.19876704581852972,0.09250788321048144,0.0,0.07256308611529004,0.029071151225352195,0.0534623571463561,0.0,0.0
76561198123843456,0.21753251739677967,0.10141662941156608,0.09963938038310953,0.12172114803053907,0.15853604024899795,0.19038082643624404,0.016339732924450547,0.04308402525688229,0.02786475362784826,0.023484946283582577,0.0,0.0
76561198123908949,0.29368588116389793,0.13730925993656448,0.2583787161308454,0.03826618963377448,0.09802002764269697,0.013143036816556278,0.08548195531443957,0.031342875984608096,0.018313694592599454,0.0,0.013029181392008642,0.013029181392008642
76561198124133723,0.0,0.0,0.0,0.0,0.0,0.0,0.0,0.0,0.0,0.0,0.0,0.0
76561198124421887,0.20553918234768234,0.10333722468232939,0.13598725359674066,0.06988819117497048,0.24616479360820245,0.09538108224046563,0.02799480278867132,0.05236445693594295,0.05179584752372336,0.011547165101271378,0.0,0.0
76561198126548553,0.2669197600700548,0.10291337551818529,0.17653120176329998,0.0780665983396167,0.1538155304994796,0.07766986278958249,0.0,0.09447936541576915,0.03802884047627955,0.011575465127732413,0.0,0.0
76561198127431044,0.40428866424620835,0.0,0.19238391074431838,0.03630591122486855,0.2016291232543113,0.015715391182012917,0.0,0.02288777879797752,0.0,0.0,0.054436163738953755,0.07235305681134932
76561198128667294,0.31280453469818115,0.13322367794684775,0.11839495738946786,0.011927024788341626,0.09619582746347538,0.05822632348471172,0.05392739637734549,0.1752629215188679,0.040037336332761166,0.0,0.0,0.0
76561198129247774,0.3441680261882436,0.023643616374648433,0.15850484416993282,0.040497889503488906,0.19006184713298696,0.04295292964954509,0.038920539010120866,0.10705284632544022,0.038920539010120866,0.0,0.0,0.015276922635472435
76561198130015375,0.3140129467453467,0.09450176993072198,0.085345133704657,0.08841753255809925,0.13378805950202605,0.08978905721218708,0.011365598622263278,0.10964641758574906,0.027212526425674215,0.0,0.023117012105456837,0.02280394560781861
76561198133585402,0.0,0.0,0.0,0.0,0.0,0.0,0.0,0.0,0.0,0.0,0.0,0.0
76561198134388656,0.15526843222798406,0.09083723787004601,0.1391855164594051,0.12032875210224876,0.1856295008477699,0.16355880120787258,0.029785716307525786,0.025362744509960577,0.0489821036204633,0.02633131875178161,0.014729876094942312,0.0
76561198134731689,0.22403205593766456,0.11019079073997395,0.11709119113342333,0.06990713611345765,0.12657231442974268,0.12094050034770548,0.016829260242793083,0.11045129609104994,0.07863562951737794,0.01206972628621189,0.006640049580299747,0.006640049580299747
76561198135384760,0.24124795813662725,0.0700675399032256,0.1986596501944135,0.05818113568525574,0.23804283640296262,0.08893677220628093,0.03109584971103335,0.04625274082622612,0.014670129700239683,0.012845387233735222,0.0,0.0
76561198135685349,0.29440016757935666,0.14191685369545995,0.08190586277401506,0.06907364903878027,0.031515225281669904,0.0,0.03654869184964147,0.1478506395712488,0.05587265842528457,0.08844039774749193,0.05247585403705132,0.0
76561198136484955,0.2800802250501155,0.1519410292183612,0.18536425645809446,0.061180243739157945,0.07847322769168495,0.04252820018079813,0.0647939876098927,0.10505997416907317,0.009800009812503521,0.010978836257814761,0.0,0.009800009812503521
76561198136577408,0.26355694908058774,0.14656661028543125,0.18986277433288304,0.030848812759236146,0.14870482800717547,0.030412398100032042,0.07762727625438537,0.06036737574747182,0.03427587378916802,0.009383584706584097,0.008393516937045037,0.0
76561198136985842,0.20109686566501786,0.08395502733594465,0.1692413217952696,0.08779635410908493,0.309795778982065,0.10650567495790483,0.014831930363187796,0.026777046791525372,0.0,0.0,0.0,0.0
76561198137180760,0.0,0.0,0.0,0.0,0.0,0.0,0.0,0.0,0.0,0.0,0.0,0.0
76561198137208244,0.2524608350086959,0.13548965489675374,0.11256030709806882,0.017009035511857798,0.07838591725144531,0.12674954249014603,0.08112415261630863,0.13596200298099503,0.02220814970313477,0.03805040244259385,0.0,0.0
76561198137264082,0.2964583483107052,0.015347693066335105,0.23624254847496282,0.05603728002364647,0.19585775819774792,0.08708047102796865,0.014536487538044679,0.05338748317737515,0.030484518033376342,0.0,0.0,0.01456741214983762
76561198138316742,0.3209203877044674,0.07576494897368972,0.2156043231446749,0.09351204367884984,0.061094984162097694,0.05568870763794154,0.01979367477670275,0.0947526503082486,0.06286827961332761,0.0,0.0,0.0
76561198139411198,0.2461190095954471,0.10988040170905203,0.10882541359110592,0.10050541642982264,0.16955568226436485,0.13381675202136295,0.01921959798648642,0.09285812841587163,0.01921959798648642,0.0,0.0,0.0
76561198139915980,0.19299335829351516,0.12123528441460027,0.05226895396833119,0.141806197352251,0.21205657310812237,0.1963200424709149,0.0,0.0,0.0,0.0,0.04165979519613254,0.04165979519613254
76561198142432184,0.2605631319407087,0.12577669259285482,0.1458410387329702,0.05590214919677621,0.07660715715213445,0.044107702294004764,0.04604378238594418,0.10127154812994368,0.0831986415138593,0.012378631682074656,0.018054444864504943,0.030255079514224223
76561198142871256,0.15130757934298136,0.11340163050001316,0.13786546925314455,0.21852385735345345,0.11597156550558109,0.08831185839439723,0.12363662383888091,0.0,0.013287673308429527,0.02576783098760953,0.0,0.011925911515509263
76561198142992067,0.2462779344724767,0.15618722438551122,0.12229536434365999,0.03980834363393402,0.11015898855099737,0.04333882327169697,0.0512047475272041,0.12768251384648188,0.04777679980065137,0.0,0.022729817181799523,0.03253944298558674
76561198143412503,0.2515455460683997,0.16003615985842456,0.11589584764608792,0.11559706494587646,0.0780790639562135,0.02989654260428798,0.06939949633458216,0.09467313728447775,0.028142110930421082,0.047188434207269064,0.0,0.009546596163960048
76561198144180358,0.2085349145313087,0.1455103893348775,0.1429981814226092,0.13203971541267462,0.0642106540709495,0.11548267679149829,0.09625439034979118,0.03831599448733256,0.01803274866856173,0.01448358524841234,0.024136749681984496,0.0
76561198144852786,0.21981128914133966,0.09483908569443708,0.13567361139339748,0.07598472787072633,0.1716192362435284,0.04422434610215317,0.030317783813094214,0.12595682280225037,0.1015730969390733,0.0,0.0,0.0
76561198145824277,0.2305014426416628,0.1232874476410411,0.12596517638226476,0.0666566263118369,0.14270476978639793,0.05890448770662137,0.021284619738584646,0.09474482250025348,0.10611175186944305,0.029838855421893993,0.0,0.0
76561198146396342,0.2455684778418463,0.11021666296639752,0.16581913931960549,0.04808707677301853,0.1803727974380395,0.061899680817118,0.06628453927074082,0.05491509098478472,0.02709190784797049,0.014370745963120924,0.012686940388678992,0.012686940388678992
76561198148262444,0.42204544012377454,0.119797446155994,0.1707729122724627,0.0,0.1679080038071587,0.014775375153053539,0.014775375153053539,0.07605855340230348,0.0,0.013866893932199498,0.0,0.0
76561198148591865,0.18793048905070073,0.11575431813695128,0.07200154901732611,0.14459360485825434,0.0989057240049194,0.15377360674168317,0.06951547542611353,0.10011404068123446,0.029064740309870676,0.02834645177294623,0.0,0.0
76561198149149071,0.2709760527294601,0.1734518097575334,0.12868836946452256,0.06513461483576838,0.07190879005868074,0.05559120125880965,0.07916685365317867,0.11873281124300225,0.0,0.011045500318115135,0.01265199834046455,0.01265199834046455
76561198149717332,0.314254777889352,0.06367919735206994,0.14099499096152088,0.04968425847922594,0.17568924992613522,0.17002751523465107,0.048123101915448344,0.03754690824159656,0.0,0.0,0.0,0.0
76561198151733556,0.4032277369971969,0.09280711584561241,0.11780557097835083,0.022309910134567654,0.1443355225938572,0.0,0.05376942843297381,0.1166030986804619,0.033079427446431366,0.016062188890547738,0.0,0.0
76561198154693814,0.3340811198847807,0.12328827262887733,0.1654011195737005,0.03644997320001237,0.1322171880754583,0.0260269799890698,0.03722844242947065,0.09226908989831256,0.0248299839833668,0.0,0.014103915168475548,0.014103915168475548
76561198155700223,0.29666815796919704,0.11057228442031902,0.16334950747555121,0.03901219374586008,0.11358477844310232,0.03999154450945346,0.05411336083470293,0.13003692943566356,0.05267124316615036,0.0,0.0,0.0
76561198158802282,0.0,0.0,0.0,0.0,0.0,0.0,0.0,0.0,0.0,0.0,0.0,0.0
76561198160310073,0.2659693233066935,0.06112070589856821,0.22369925467026677,0.05665399228887461,0.11548307276649303,0.023477900469955907,0.04231344719738948,0.04111554806837274,0.0766452666310565,0.0,0.04109219419756143,0.05242929450476785
76561198161403415,0.21248290106268558,0.12159713995975235,0.13596018924622394,0.07965847697391752,0.09446461391360404,0.06512586611274339,0.08315836837895711,0.11053638329197629,0.0382398831670899,0.03251751668705527,0.026258661205994637,0.0
76561198162182031,0.2709947150306204,0.0952242600386129,0.1855059765923164,0.0673169752526562,0.08810770684401148,0.02932958502151106,0.04004091282518862,0.10395887534685944,0.08897501355199851,0.012087820261773108,0.0,0.01845815923445194
76561198162456427,0.0,0.0,0.0,0.0,0.0,0.0,0.0,0.0,0.0,0.0,0.0,0.0
76561198162847888,0.0,0.0,0.0,0.0,0.0,0.0,0.0,0.0,0.0,0.0,0.0,0.0
76561198165565385,0.3511289420000198,0.1409923201407525,0.12572565225749927,0.04959200273054412,0.047128413352055615,0.08023920610084649,0.041744820372719746,0.08394434805591938,0.02357814726118728,0.055926147728455895,0.0,0.0
76561198166039566,0.4040281595259875,0.023738488106600317,0.10399430984736135,0.04034474743193604,0.12447811419174573,0.036128780300160326,0.03843932721086253,0.19152630925084538,0.020076334321211666,0.017245429813289224,0.0,0.0
76561198166226287,0.21339907599048077,0.17157077284823186,0.07243415702266698,0.11733900018048593,0.06324796452838842,0.10807142509738903,0.05642040409891913,0.10023846462889748,0.020203441845771154,0.022009258805811793,0.03841654765222843,0.016649487300729113
76561198167407399,0.08472230394170767,0.158375815057578,0.1637266417770323,0.1331127291442423,0.169425312649405,0.2613326630944202,0.00023707268444025727,0.0,0.0,0.020377479312055906,0.0,0.00868998233911835
76561198168362702,0.33034026511196535,0.11235405314748824,0.238572214062523,0.07010464079544276,0.08569805951897909,0.014078895390452494,0.028167083439630883,0.04985524495331513,0.028550994685994396,0.0,0.014088195767565424,0.028190353126643284
76561198169509065,0.1752918835036912,0.1564001677105529,0.06881469340907595,0.1177474046616254,0.24553374336103606,0.13252532991128,0.06360678359218504,0.01629611819015311,0.0,0.023783875660400352,0.0,0.0
76561198172594941,0.2502559120221479,0.17541508737344416,0.15748597441747356,0.0657448163958458,0.05506632705150331,0.02703502980528989,0.07473554956853887,0.05802285615996348,0.041483909081629695,0.011416556833968064,0.025067524215191397,0.05827045707500377
76561198175781507,0.23697234534004966,0.13987534653965822,0.1859223782911558,0.12961419877178004,0.06574775016932337,0.09193204248650497,0.06401075345187644,0.03975610431539085,0.02591904836184268,0.02025003227241811,0.0,0.0
76561198176903937,0.18704754136588525,0.16348871304377235,0.1920508091131134,0.0750646448346834,0.09666457391231809,0.05525004209091944,0.07202368632440688,0.06539695354158863,0.06548739440796036,0.013762820682676003,0.013762820682676003,0.0
76561198181134839,0.24679389692796286,0.2475088800280938,0.15204049647016396,0.04433653794698986,0.14472212517469954,0.029071693654304974,0.030422858465528512,0.06447732953485268,0.040626181797403675,0.0,0.0,0.0
76561198182434729,0.24338607159841952,0.17594617455841297,0.07357793029947353,0.11364572763643818,0.1596255412936289,0.08825616913063467,0.06108122168503537,0.07466229289399545,0.0,0.009818870903961378,0.0,0.0
76561198186851741,0.2939321828241169,0.15391761802531576,0.1291187777727091,0.05010673448300365,0.1449894703781026,0.0387850536224715,0.06851180489599563,0.08786660904556848,0.032771748952716256,0.0,0.0,0.0
76561198188197794,0.15342960467553154,0.1578179404427393,0.07364161924362651,0.1676011351099083,0.10136543970257662,0.1586584466948065,0.04750179264694661,0.06391155040946922,0.020965271169904036,0.021883719711609764,0.016611740096440817,0.016611740096440817
76561198192535273,0.2397382352424434,0.09743231457400679,0.1377488568763525,0.08054734115514857,0.14768009004078306,0.025332603337355642,0.04974174820657333,0.12048376621944851,0.011433778473330254,0.011433778473330254,0.03814702384164203,0.0402804635595856
76561198193941166,0.0,0.0,0.0,0.0,0.0,0.0,0.0,0.0,0.0,0.0,0.0,0.0
76561198193985237,0.11334172325618393,0.13996104795122608,0.09253679855468548,0.17836503005967652,0.10242895659421687,0.08364314354673216,0.09667643107434422,0.07210106504438761,0.020119818897210925,0.0,0.02819288046252722,0.07263310455880909
76561198195856567,0.30669954554086487,0.03419275773769535,0.16737968986061436,0.03155653481658679,0.1408621487976273,0.050344488961300386,0.021185504219391093,0.14253230774050563,0.09272702701591606,0.012519995309498185,0.0,0.0
76561198201869792,0.18255249953970862,0.2320573897329212,0.13137596189770653,0.08625750736422212,0.06113528707135797,0.03679696572439619,0.10003408991481381,0.07109388271820634,0.0293103576346686,0.04056530739155714,0.020413897283977828,0.008406853726463525
76561198202541610,0.21128589518657334,0.18544679934858319,0.14353936523528824,0.07127149660998482,0.06159737688470045,0.11607714258607896,0.05741101888513246,0.10274201708178297,0.03846384400335136,0.0,0.012165044178524346,0.0
76561198203294379,0.3968324683804704,0.06463920531165855,0.11295461505394147,0.038685039449190405,0.20326105003471162,0.09632738905642849,0.02447414711640543,0.03091784020577904,0.03190824539141456,0.0,0.0,0.0
76561198205514059,0.0,0.0,0.0,0.0,0.0,0.0,0.0,0.0,0.0,0.0,0.0,0.0
76561198206869732,0.218917165854113,0.11484383037474495,0.1213273893869056,0.05989748298434544,0.13863710475511534,0.09976677234646307,0.05437744342155467,0.10648486113545721,0.06570233688070531,0.0200456128605955,0.0,0.0
76561198210123867,0.2293430123465825,0.14287723294690366,0.11019606606167717,0.0595007339533447,0.10012066082311852,0.16928871047827865,0.027610603577871946,0.07177604209861632,0.013569809039731949,0.03511649696860391,0.020300315852635253,0.020300315852635253
76561198212109881,0.2843826561036804,0.08245165739705135,0.1367714289144262,0.021007165009201332,0.14799569545920185,0.020561418154369158,0.008974240688754642,0.18736575228300845,0.1104899859903067,0.0,0.0,0.0
76561198212143500,0.16706185464470474,0.2163789378664472,0.1053705644113979,0.11166784370212525,0.09308359980746637,0.07864948137742131,0.09316440701915046,0.09012199353638564,0.024079701300697,0.02042161633420404,0.0,0.0
76561198212519471,0.2849093080372407,0.12726151783155337,0.14759866934825297,0.034323396126206336,0.10663096576450709,0.0361583345566377,0.031146003398609092,0.1257473006941226,0.06973265911077506,0.03649184513209511,0.0,0.0
76561198213107237,0.2823565238219818,0.07972448221898806,0.13284931269204425,0.05277405637412678,0.06259169577109958,0.046563050863628226,0.04004490722576372,0.15953059187241728,0.0973084312842685,0.027786062832252406,0.009235442521714593,0.009235442521714593
76561198214234216,0.28457939256404474,0.11098046918913716,0.11850810148155405,0.09044106842630965,0.11197216259610776,0.06198820819977726,0.05297345364996283,0.10815626813479337,0.060400875758313176,0.0,0.0,0.0
76561198214300979,0.29912497799177445,0.10315194507849151,0.29000355022847624,0.08128433856309848,0.08887076749814168,0.0,0.05102442313654191,0.0,0.0,0.04653132310284106,0.02815513874576521,0.011853535654869537
76561198214648473,0.21023016892102533,0.1819892494300897,0.13158359809403625,0.10771114741711761,0.09648209079693484,0.10726110864822865,0.03262474901091609,0.0684539469999059,0.009901146440228095,0.043861647801289386,0.009901146440228095,0.0
76561198219075073,0.12083121687266005,0.10242851669967497,0.0961875126853035,0.26475876404705845,0.068417567846978,0.17348557158774028,0.04343796928315053,0.04359627811980077,0.03393218830938754,0.01636149727883791,0.011321634594850262,0.025241282674557823
76561198219470507,0.0,0.0,0.0,0.0,0.0,0.0,0.0,0.0,0.0,0.0,0.0,0.0
76561198220559105,0.17438327871857542,0.22765828382005876,0.1492734962304301,0.11456093278480661,0.05635699517277118,0.058440727991588504,0.14494821835452723,0.0504131947610882,0.0,0.013278379435676982,0.0,0.010686492730477058
76561198231347376,0.2501567157471971,0.11583399738043645,0.11040293831687631,0.12547080222941953,0.12181033521265615,0.0770962376051234,0.0,0.17112507160889812,0.0,0.0,0.011433512482766526,0.016670389416626397
76561198238420992,0.31297903642095276,0.03126990098426432,0.1479743855012123,0.037368499307730604,0.2610079705092397,0.06704151727297888,0.017854373042032932,0.09041265764063704,0.0340916593209515,0.0,0.0,0.0
76561198238846116,0.2634767083241538,0.13131394789743506,0.17596326968630552,0.021405996614722523,0.16474226321354368,0.03447109542569942,0.07820227579925901,0.04790875763605957,0.032626971384560645,0.02216426573727467,0.013862224140493058,0.013862224140493058
76561198246412594,0.3162427913956742,0.05220423063830505,0.24925351775993584,0.06416216808371254,0.0839889734318891,0.05126178984253046,0.05143165018499515,0.05338458756496427,0.0257248162692992,0.0,0.01459096626641283,0.03775450856228143
76561198248263124,0.35775449731574566,0.08599762208581513,0.18287003529610968,0.0623029370377919,0.09040708586433646,0.027236810583078894,0.04643183302538826,0.0813741737816364,0.06562500501009753,0.0,0.0,0.0
76561198249893146,0.196979045379074,0.14896784782977754,0.16351371636950665,0.059883896712407736,0.19165709731489478,0.0524439157540566,0.03548730721449315,0.03452529722564567,0.03788143730332282,0.011152540714255036,0.02639105515991795,0.041116843022648154
76561198251071604,0.29371527371838585,0.07742395728296245,0.15676940680186596,0.031233558882092727,0.19456871985950577,0.027136763064015038,0.0454791550375577,0.09279823085208584,0.06892713266666503,0.011947801834863724,0.0,0.0
76561198252530300,0.2696769924633147,0.10295987261023891,0.20328978990536556,0.04823923052472306,0.09519796642713432,0.02834442200978074,0.030101105195177707,0.08753260807206335,0.035718569893840625,0.023889999757356017,0.031319999308752455,0.043729443832252676
76561198256116084,0.37326322221859926,0.0648800985633781,0.25255203398664977,0.05485839416122255,0.024494446053640935,0.01711164089119182,0.08320317675740696,0.10500338698455403,0.013345818879846363,0.0,0.01128778150351036,0.0
76561198256822801,0.0,0.0,0.0,0.0,0.0,0.0,0.0,0.0,0.0,0.0,0.0,0.0
76561198262787729,0.2734301698314637,0.05888010397888235,0.19696764814079123,0.02107193730084299,0.2158886262079927,0.024999479639257503,0.00985942386376194,0.07352943167611616,0.07665644213742684,0.02682575066607942,0.00985942386376194,0.012031562693623295
76561198263694383,0.21121940930839878,0.21367404552320327,0.19457872468656423,0.06727657740123914,0.10437434537539021,0.08467507427196205,0.056893473323844,0.03522777318564561,0.02241780926484867,0.009662767658903912,0.0,0.0
76561198265883417,0.20823905484956312,0.1355752846414439,0.1400142489731563,0.15547415334892062,0.012230489887413279,0.0475377271643862,0.021091641942612416,0.10023586424064584,0.07158513564795056,0.03595463244142043,0.045922372040691245,0.026139394821796044
76561198268230924,0.28824720079132304,0.19553190258961742,0.13376367972977943,0.07043463931906004,0.12694031890425267,0.03812102550521945,0.05780865765615565,0.07710462844681008,0.0,0.01204794705778216,0.0,0.0
76561198268729880,0.2307988026622555,0.19602959762855485,0.10010263355148394,0.09674139162743993,0.12532199362272448,0.08280926697654686,0.06958520266400549,0.0709265573178604,0.0,0.027684553949128388,0.0,0.0
76561198268967656,0.1740564226280654,0.16708464815564017,0.16494117325104615,0.11670171008576989,0.12687970988073186,0.05279527748011044,0.05550100386853824,0.07153427906279362,0.05081725134737977,0.019688524239924503,0.0,0.0
76561198269218599,0.29683503221405527,0.043698299664702,0.20829013509161362,0.04083219541617239,0.07861079586686472,0.035172050531729886,0.05622224111328161,0.14078632517388592,0.09244606750286007,0.007106857424834432,0.0,0.0
76561198271318447,0.0,0.0,0.0,0.0,0.0,0.0,0.0,0.0,0.0,0.0,0.0,0.0
76561198271409027,0.308380396373614,0.06741740328809843,0.1852877871605903,0.03848816265353888,0.14867995776500106,0.038403825800526196,0.06510012181597129,0.11308369942039714,0.023914831729543347,0.0,0.0,0.011243813992719355
76561198271535585,0.22359127022734596,0.10203227003547076,0.1744357992363674,0.10691058406459217,0.1655175983751255,0.17824357984132244,0.016738826582574456,0.016262748124710808,0.0,0.016267323512490574,0.0,0.0
76561198272701149,0.09354061641073563,0.18135398530738225,0.0651177731706376,0.1718962813627892,0.13368322636491964,0.09585322605889969,0.052436880005427434,0.10478169065389255,0.018002424346578085,0.024902792680935308,0.029215551818901186,0.029215551818901186
76561198272738490,0.12642198610752492,0.16410152077601756,0.16809188130811514,0.1200757923459269,0.2727610980693652,0.04431581186312271,0.07866430788130925,0.016091759873961078,0.0,0.009475841774657283,0.0,0.0
76561198273177152,0.25349143256024204,0.11841437250208413,0.15443552590721552,0.12569012843434224,0.03963308325678843,0.04324421499324978,0.011352002568354506,0.04496735849817859,0.03286840818373902,0.010784438443869889,0.08328605107732348,0.08183298357461219
76561198273477765,0.27614125153486785,0.17065649478536896,0.13350697715177665,0.06504598863092131,0.07434381711067016,0.010938779771609411,0.0616553092826997,0.12969829390883159,0.021909371957045856,0.045674423738727925,0.010429292127480599,0.0
76561198273602004,0.29249734920551096,0.10258178506903168,0.2426243681171061,0.026526058283469992,0.1589640992402983,0.00881697671193567,0.029617894176863568,0.07460906483846423,0.027369990772397212,0.02031634977026461,0.016076063814657534,0.0
76561198274446234,0.37781154196789085,0.07527047011422575,0.19664054609750123,0.0605263512831904,0.09774439973650662,0.024998003067287174,0.013493323286312428,0.09964323410940061,0.04260188122086975,0.011270249116815323,0.0,0.0
76561198274842511,0.20238032471228845,0.14643454266922087,0.11620280636926601,0.1420757998887291,0.10465454345992194,0.12838035509133125,0.01245135204968745,0.06450473010348104,0.04217404767872798,0.040741497977345935,0.0,0.0
76561198275767100,0.2151162868685318,0.10859591317417211,0.12051654459770005,0.07385985192498173,0.14906446038687451,0.2795944533238634,0.0,0.037079340704997236,0.0,0.0,0.0,0.016173149018879087
76561198276820389,0.28786007253215795,0.12040582717349536,0.22231608828514876,0.034726749455128124,0.1784156457858687,0.058339739162739886,0.046757813331508954,0.033255101283519405,0.01792296299043277,0.0,0.0,0.0
76561198277899306,0.24915703394687433,0.07074573396882093,0.24309932649567367,0.19244107212375075,0.07875473646905631,0.10358554811276448,0.0,0.035239253385009696,0.01462528687023811,0.0,0.01235200862781163,0.0
76561198282596613,0.26491376246962534,0.10131708748878109,0.16448574516822465,0.1425699283107283,0.10540171010836905,0.022983177827676258,0.009494593682591502,0.0604709114063554,0.01250959251750741,0.036068427229696616,0.06706354110596366,0.012721522684480792
76561198283021088,0.2193552319573694,0.1755717311723584,0.15117606229537744,0.05612169023319897,0.15590485031465987,0.04680037186907987,0.04961787923439201,0.10762648493836964,0.010560646498600779,0.0,0.013632525743296877,0.013632525743296877
76561198283383463,0.3187581055548225,0.15068532967110979,0.1710458902980274,0.15729831640167488,0.013645227805728577,0.06539761438276162,0.06563338328923954,0.02673690487631185,0.018531260043177074,0.0,0.012267967677147069,0.0
76561198283397484,0.35471645922760653,0.043989797635944614,0.19221646754824628,0.03972687190643633,0.12392813558021046,0.014647841387855442,0.013296493962251004,0.06923243072945882,0.0850399872562869,0.01304745372854178,0.025079030518580892,0.025079030518580892
76561198286376504,0.027495285466413815,0.2079574218555639,0.07068223162513161,0.21042594467314654,0.11889811260547917,0.27618344842006665,0.04284692420420784,0.013956263557996432,0.0,0.022564148802326628,0.008990218789667525,0.0
76561198286525675,0.31567771444231296,0.11267419101574527,0.11701225683460466,0.04872685180239145,0.07700442547264646,0.0224873794858068,0.08619780491321188,0.1253976317140613,0.0353367433676387,0.01255960910935623,0.029742500475790343,0.017182891366434114
76561198286544260,0.25016623308296815,0.059749568253926015,0.09630014945040008,0.032344952871173026,0.10712425378856809,0.06748402684210651,0.05569472732391913,0.18822757809961688,0.11302347866325546,0.016800768149436922,0.0,0.013084263474629855
76561198288995710,0.0,0.0,0.0,0.0,0.0,0.0,0.0,0.0,0.0,0.0,0.0,0.0
76561198291180742,0.30947821201980585,0.15962044028240446,0.10747638693966889,0.05287331850384579,0.14589723789121095,0.022448033932885525,0.05080986010035067,0.11626570669772286,0.009859376105720226,0.014311597478003245,0.010959830048381624,0.0
76561198293954147,0.26290570400320423,0.10859902704625889,0.19844744928407043,0.14312017453140566,0.08863366951321468,0.06495282826544735,0.035123233428865225,0.042434372480597705,0.029429273103058515,0.0,0.026354268343877257,0.0
76561198295206449,0.24738445246830382,0.06532312472246653,0.11679106332271703,0.07374684615711595,0.18136471711017066,0.1367277891593019,0.024489819039046054,0.09486268450401585,0.03557944785703017,0.011308995258241415,0.0,0.012421060401590623
76561198302298927,0.26425998461024014,0.15440802680875895,0.14879838977456966,0.08744385840615627,0.18504162332670568,0.030872730001050654,0.05502863659748187,0.024648916726157225,0.011488671742118506,0.011488671742118506,0.011488671742118506,0.015031818522524347
76561198302636427,0.26067270288838496,0.1453119205814181,0.1544120307996961,0.04673992881552654,0.14927882550380142,0.09827638112798755,0.01852852913241875,0.08679600912297634,0.0399836720277903,0.0,0.0,0.0
76561198306886649,0.0,0.0,0.0,0.0,0.0,0.0,0.0,0.0,0.0,0.0,0.0,0.0
76561198307891464,0.33837720260735543,0.08781076203313608,0.22233160995419649,0.08294988067957829,0.0951840047531864,0.0,0.01351334581036557,0.06044955458556322,0.02339838726502984,0.03181214861052735,0.02406195336195652,0.0201111503391048
76561198307911644,0.17670942193657385,0.0331248359647498,0.105323925008113,0.13346556997256404,0.1757403284096754,0.362182171193058,0.0,0.0,0.01345374751526608,0.0,0.0,0.0
76561198311777128,0.268743894123943,0.1030764462061975,0.17778483195261438,0.04609283416748761,0.1346216634616428,0.027732980295462072,0.06178208203345998,0.10289183792407298,0.06253669085718652,0.014736738977933185,0.0,0.0
76561198313453043,0.2383426754033347,0.08862856100818481,0.09100682435072095,0.13442177428799226,0.22883968434629554,0.09390691727179554,0.013520472547705881,0.03457832113577651,0.01751854922191812,0.01394343970641855,0.04529278071985721,0.0
76561198314815990,0.21414254386340661,0.17052534873468633,0.11150897496971222,0.05645827687929264,0.1230890136368174,0.11013207319406235,0.06320596202029952,0.09160707004234812,0.02387454040234188,0.019338280298556162,0.008058957979238238,0.008058957979238238
76561198314983684,0.23402337634219714,0.0737310724903121,0.1657414480980816,0.021296072244537487,0.17710468081150446,0.08745997938286691,0.05138798306183899,0.11102772757683124,0.04384231852330993,0.012993440727566377,0.021391900740953766,0.0
76561198315234904,0.2617236839405309,0.14103973728863678,0.19618866768798235,0.044482691450951566,0.18559698908155836,0.06293031897706264,0.0237411682778426,0.03825910272672782,0.0,0.04603764056870697,0.0,0.0
76561198317130606,0.38532322460073476,0.06596254485646968,0.19461678351914502,0.036547875698538755,0.15492248905279787,0.05027963657967562,0.035630662426600665,0.04765139015212474,0.008355304885194245,0.006764436928923739,0.0,0.013945651299795022
76561198321474420,0.23191497568515093,0.10468861957482946,0.10310023206561557,0.08110612579100177,0.15264012026400572,0.046803057714601436,0.06780161638465197,0.10456855935185626,0.07922781718436407,0.017251475512789702,0.0,0.010897400471133089
76561198325641981,0.27860890063276506,0.17035038204481073,0.1929265784908034,0.04892150831273755,0.12408706547415292,0.026366848870916126,0.10493601788050838,0.04277361340720637,0.011029084886099503,0.0,0.0,0.0
76561198326689259,0.2631137968126951,0.14332629142179182,0.07197399822997952,0.0622007905756907,0.0250529647823034,0.09901081056866415,0.06373901242225265,0.09718023471036905,0.05106231436177257,0.023799564806773206,0.0651600904069323,0.03438013090077562
76561198328407838,0.31819991482162335,0.15556260665924618,0.18338837477993958,0.045725523941438036,0.10782186805092075,0.020236854841535853,0.035760321379106556,0.062151219793327876,0.04778002062028836,0.02337329511257359,0.0,0.0
76561198329030307,0.29869416439242,0.26262780211970216,0.1989771730133502,0.02473272233559187,0.10296544912632162,0.05736628790879184,0.035520439725967,0.009557980688927653,0.009557980688927653,0.0,0.0,0.0
76561198329860101,0.0,0.0,0.0,0.0,0.0,0.0,0.0,0.0,0.0,0.0,0.0,0.0
76561198330374062,0.18110829846166415,0.17597688181016086,0.22043560953653957,0.06698999833269965,0.19304880438702557,0.040919348311027115,0.09967065753346883,0.01092520081370715,0.01092520081370715,0.0,0.0,0.0
76561198332366336,0.2400250867551947,0.09882495966927436,0.09311197783841353,0.11473070871438328,0.11877667128339947,0.11116234626799079,0.051991519658556876,0.10749175850574662,0.03992214419140563,0.0,0.011981413557817386,0.011981413557817386
76561198335877752,0.3050680425864376,0.1461591650561473,0.2262863153346386,0.03883478043613095,0.10126052452758524,0.015757639669068853,0.024358046774253288,0.07958488999918148,0.04807086798245246,0.014619727634104095,0.0,0.0
76561198338123050,0.06298246275756879,0.15365337239532817,0.083744206528634,0.16706596181419625,0.1728620452541732,0.12501303321837703,0.1463862088337026,0.03835601073800258,0.01783684914425377,0.014263000171509832,0.01783684914425377,0.0
76561198338661363,0.3015223508734142,0.04262044930202894,0.16300959169213775,0.07213708082200253,0.14297122153610456,0.06927615848965614,0.03707358809617227,0.06012784500896614,0.037937513243362295,0.015364209752892807,0.05795999118326226,0.0
76561198339879556,0.32895657876921813,0.12717164595869182,0.1468436626709966,0.05822552835696729,0.10192595137640463,0.045509360891599494,0.053631890801096406,0.09224434343164507,0.0331872314403254,0.012303806303055172,0.0,0.0
76561198340169992,0.23660596894377267,0.16603025097921711,0.08038090432951091,0.12925451065250765,0.05659568047070049,0.12071413714665696,0.043386773131911645,0.07933785473872645,0.0681122656307192,0.01958165397627694,0.0,0.0
76561198341278283,0.20049957260670564,0.06757572262186912,0.08570384823157791,0.17943221978099574,0.1005653179621352,0.20059814314880958,0.02718848098223701,0.06875630915578053,0.04666790798357164,0.008161337918645574,0.0,0.014851139607671981
76561198341668214,0.0,0.0,0.0,0.0,0.0,0.0,0.0,0.0,0.0,0.0,0.0,0.0
76561198343083907,0.2647957336052261,0.2029533269268766,0.26858935186965965,0.057181953056887704,0.1419691980157355,0.005653251498240466,0.02139657757691003,0.015859110772822742,0.0,0.006612073441540121,0.0,0.014989423236101107
76561198344355760,0.0,0.0,0.0,0.0,0.0,0.0,0.0,0.0,0.0,0.0,0.0,0.0
76561198344803968,0.2742350892906694,0.161030845915336,0.08596891343213867,0.15886492534981822,0.01374796005702331,0.048120539401751844,0.05184301419198194,0.06957620732815109,0.0447529070170415,0.03912938526472057,0.028877142322368588,0.023853070428998775
76561198345413393,0.2487402819068962,0.13635601994890437,0.17400583898537436,0.09313961174481347,0.10796881417500657,0.019489953115448454,0.041637675570692194,0.0,0.026433003339082627,0.022012709211022864,0.09153321481637613,0.03868287718638276
76561198345645365,0.30169781077243985,0.11926015899055492,0.21103684688345806,0.06547717101792418,0.10598870388168005,0.0,0.04308198406854184,0.0882344477896364,0.058677729882982546,0.0,0.006545146712782191,0.0
76561198346465577,0.2154236213822956,0.10935504968481058,0.16941097992984872,0.08428710076367255,0.12256393249875222,0.08184578445929781,0.04961589173428546,0.10546878764718118,0.027950341382928345,0.017039255258463705,0.017039255258463705,0.0
76561198347406063,0.32384102625242667,0.13652707683672602,0.18166662403729636,0.07035999959218805,0.08175633445391921,0.05778625014786663,0.013746889823333821,0.058185440922447915,0.026132118544587007,0.04999823938920815,0.0,0.0
76561198347513175,0.3280250804127914,0.13052021808582384,0.20784374774540487,0.027809067491764528,0.09291859505084897,0.008886723565087174,0.007095658391785952,0.10345958072747365,0.07153691422647734,0.01426459395081676,0.0,0.007639820351725514
76561198349527228,0.28768879543536585,0.1110952304595903,0.13586732789489311,0.0585557608025006,0.08185029743626157,0.010323677359953442,0.017508852496149585,0.10552946900607146,0.10280696494453671,0.04117900645554701,0.0,0.04759461770913034
76561198350976816,0.37862335521337337,0.12753817877364532,0.1875540099469881,0.042125243402525527,0.07619008918095041,0.017240179380063267,0.014013674870239913,0.04331086991406629,0.0,0.044827449921134306,0.02779357028415513,0.04078337911285832
76561198351821528,0.21508208140582413,0.11628765384368205,0.1019186967069977,0.1197398590070164,0.0410660149049224,0.10789231601551545,0.10884809793857897,0.053779144724486194,0.0673588826638511,0.007925604040200507,0.04151497996476081,0.01858666878416421
76561198353246717,0.31730985448451454,0.0369101720543654,0.19703629184198376,0.015167422365216177,0.20508374361810192,0.05827335236078669,0.03935700774845051,0.07396009515553413,0.014386884639506315,0.0,0.015167422365216177,0.027347753366324383
76561198354464634,0.2838961691244836,0.14168355468700633,0.11422338892110678,0.06581421988724413,0.1446755134146404,0.0367513334454203,0.027857841118416313,0.10096253834843079,0.057510529717913865,0.02662491133533748,0.0,0.0
76561198355407343,0.2415901337826024,0.06831632601472326,0.14640367731508336,0.12577217284737663,0.10992098834916118,0.09529831055151763,0.052930547240799576,0.019311867181293484,0.013332003156833873,0.03040510006663234,0.026480121003378352,0.07023875249059786
76561198355821938,0.1769635731182033,0.036679359289617096,0.0592736582792881,0.2067798224177901,0.06164330060775588,0.26424096680182496,0.010325684124041253,0.05743997916088006,0.028217843999489158,0.0,0.08811012807706871,0.010325684124041253
76561198358134442,0.02610484247575501,0.12912324206241174,0.02861091469572082,0.24694181371885734,0.08921641840697754,0.34751459204330193,0.03838523518928875,0.012899359484766197,0.02610484247575501,0.055098739447165604,0.0,0.0
76561198358601039,0.26307423311572903,0.10618831745722544,0.19665701100403415,0.06070060496057681,0.17510104944659563,0.04524822841573145,0.010589799754961604,0.056151460851171765,0.06486693838908368,0.02142235660489044,0.0,0.0
76561198359999689,0.1265718459437678,0.09477857357989168,0.05864060827468829,0.25840104712473516,0.011913499436792731,0.08176414524576557,0.020732746557406385,0.013983853767744768,0.0,0.01775950826488315,0.21417427774983497,0.10127989405448946
76561198360775008,0.2746750820208511,0.20910539685936427,0.11674427119792749,0.07032228095435032,0.035761234491564556,0.07324389112585697,0.06685398155635403,0.05858608658964532,0.028895200522040334,0.04953266498356498,0.016279909698480432,0.0
76561198365702929,0.30550200413416323,0.14271728602013423,0.16906744258723966,0.061678298430821815,0.06613409047409213,0.0,0.10446022765521719,0.06688935150146127,0.016859009940754913,0.014570417176269303,0.035262862139091265,0.016859009940754913
76561198366069046,0.43604114677587674,0.02788485638803995,0.23993025079109095,0.030492221027676066,0.12651202441279116,0.044382797177170995,0.019689631456553,0.06062893989429437,0.0,0.0,0.014438132076506696,0.0
76561198369639036,0.20222591569925655,0.13320119102370626,0.2357798487881423,0.02278246768787098,0.22760328834995058,0.14390879099393622,0.0,0.010885283750067438,0.01175204607565903,0.011861167631410518,0.0,0.0
76561198371780990,0.0,0.0,0.0,0.0,0.0,0.0,0.0,0.0,0.0,0.0,0.0,0.0
76561198372595912,0.43725445690614373,0.07098922683358115,0.13445734214152544,0.0,0.1784081102755064,0.01640057215294194,0.0,0.12047582096814184,0.015615359584423385,0.02639911113773611,0.0,0.0
76561198375365129,0.30541743587348963,0.13810978511175442,0.20758006355799594,0.04873508150411199,0.1349497642235174,0.02816333052689561,0.02766606574653311,0.06450250066283074,0.044875972792871095,0.0,0.0,0.0
76561198376124646,0.1573501909734046,0.12234727374592899,0.1616284219337844,0.05043861866782385,0.10779054183587208,0.04299601053742351,0.1258764316582954,0.11494946941516676,0.05766555165759913,0.044338829789596995,0.0,0.014618659785104116
76561198376986116,0.0,0.0,0.0,0.0,0.0,0.0,0.0,0.0,0.0,0.0,0.0,0.0
76561198377061737,0.24241028484572424,0.0,0.16941234382233053,0.15281992413449352,0.19783681541441425,0.22014911762578285,0.0,0.017371514157254596,0.0,0.0,0.0,0.0
76561198377168031,0.30333134539635576,0.0996660396547179,0.15756411670520246,0.039397000729476356,0.1421629676943491,0.04488734139361721,0.023817637499943527,0.1279011563139877,0.040541052928170986,0.010453724821972436,0.01027761686220653,0.0
76561198380711412,0.268899249710145,0.09799682026595133,0.21397315347478718,0.04347763429496085,0.21607792946385307,0.047482195235995846,0.032614706255893876,0.031111618192891228,0.03649270910367389,0.011873984001847802,0.0,0.0
76561198388039360,0.13989471391034253,0.12144053976113144,0.12531264291634012,0.09010635152648214,0.13901194389047636,0.18722567242053026,0.061551418076939694,0.10762656179206255,0.0,0.01661241026648693,0.011217745439207904,0.0
76561198390714886,0.3618374766378307,0.1302258828874894,0.1248434823584664,0.041886826485734,0.170917656605418,0.012177474568041613,0.028199588293879134,0.08884470802801195,0.026462281497166038,0.014604622637962738,0.0,0.0
76561198391845269,0.27182421508986127,0.156614229430913,0.1772049760105231,0.06933771435504833,0.13830133030440872,0.09202117716912367,0.02952926323816708,0.02896618425435908,0.013946560505421798,0.02225434964217395,0.0,0.0
76561198392370761,0.36444337088571505,0.07813131432210053,0.1573834147845656,0.030575537373159944,0.0551240761341629,0.04868836539817688,0.05959306245781821,0.1531030011305935,0.03690118350405535,0.005108661506060712,0.0,0.010948012503591412
76561198395338546,0.2470571298505081,0.19923644408745497,0.07096532651882358,0.12268796079171666,0.07202559031678624,0.029047579980778716,0.09429471931848595,0.07764616387644702,0.019295563654110327,0.025022809190830553,0.03125941610459604,0.01146129630946191
76561198400702869,0.2624048252910234,0.19843821451626825,0.20043309343431503,0.09682579150305372,0.06889676669716194,0.04285219461099353,0.04739719113656473,0.04249890217591465,0.014092762220226231,0.010423825571352848,0.0,0.015736432843125786
76561198402329390,0.37760457862423596,0.07770314035766714,0.2850816521199057,0.0,0.13388117661728655,0.0562199077789592,0.016148945458874013,0.05336059904307135,0.0,0.0,0.0,0.0
76561198402363447,0.0,0.0,0.0,0.0,0.0,0.0,0.0,0.0,0.0,0.0,0.0,0.0
76561198403785238,0.18872975918467794,0.1813971743327025,0.13643193872338644,0.05287124083633252,0.2513300048850353,0.08043598227237014,0.035502293657249884,0.05660497822537187,0.016696627882873506,0.0,0.0,0.0
76561198407819907,0.2347491866205799,0.12102062374868555,0.17623695761954775,0.07385453312909919,0.12830002466624416,0.05756866731054076,0.0402192991039944,0.04454018484210282,0.04034923855495002,0.03265957047361261,0.015659144067227404,0.034842569863415426
76561198408126263,0.2623227693250846,0.1803427196143596,0.13211894287310763,0.09339219179965322,0.07820133152690059,0.05217387738806316,0.08340446752691273,0.06809673395638571,0.011412472205072516,0.038534493784460305,0.0,0.0
76561198408226782,0.15488192262982678,0.1639922842398719,0.07850761340194565,0.04901263845485999,0.1000686410350833,0.11874740241404379,0.0873677288370918,0.11874751322427714,0.059307614098944576,0.025578344226816485,0.03399450639647777,0.009793791040760802
76561198411775487,0.27473946304448765,0.09033831054606888,0.21027586737554485,0.09375921655110496,0.1162593909104767,0.0,0.022023683749247746,0.035770280828900575,0.04883485260808492,0.0216673994690342,0.04538817811156787,0.040943356805481675
76561198413767937,0.23391146010173966,0.09776768508521055,0.18613666837948217,0.058231342722981964,0.19280063344659445,0.07528627135616997,0.02946433044246662,0.05223859694115505,0.03922794170973373,0.013199506550320223,0.0,0.021735563264145528
76561198414097340,0.3043867120878471,0.07594020559563115,0.16175961203800557,0.08315054057311744,0.10313099194138879,0.05091938683718158,0.032842650777521624,0.1025780807015264,0.06541370632771715,0.01094296709655302,0.008935146023510445,0.0
76561198417236415,0.0,0.0,0.0,0.0,0.0,0.0,0.0,0.0,0.0,0.0,0.0,0.0
76561198417579142,0.18312161260265314,0.18064739026083362,0.14523050744677368,0.13540311972648902,0.13955088300053328,0.10204087632533128,0.04690009354636873,0.0450207407102449,0.011533485466968686,0.010551290913803557,0.0,0.0
76561198418235102,0.24452070846632498,0.1440860444830036,0.1460228073800075,0.1290331598324653,0.03422053443002869,0.03198403333073746,0.019202364383968024,0.0861716419618394,0.06420975143680625,0.033462149321966846,0.05333333859618466,0.013753466376667186
76561198423335954,0.3160041562546001,0.06001555299504205,0.1635736270663461,0.03977322761750684,0.1993616461246624,0.07777140472297082,0.057228730387463726,0.06644884650914859,0.019822808322259574,0.0,0.0,0.0
76561198423405088,0.2796668087709835,0.10698350542879105,0.20552757352122242,0.04248263170447837,0.15950701451462476,0.056508775027425844,0.02301829939764602,0.0973724652041669,0.028932926430661234,0.0,0.0,0.0
76561198424437575,0.22553572927378288,0.15845416902992818,0.15387489738653037,0.06508738641343846,0.12223469820161449,0.060941575366030315,0.06654090773659445,0.08292171477478724,0.036330862765033015,0.01390304516678464,0.006715118781216548,0.007459895104259484
76561198425842216,0.17304421203951573,0.297364066069763,0.21239410429752292,0.09747343286558703,0.04745974910477659,0.0351964441510627,0.11179713849765759,0.02527085297411451,0.0,0.0,0.0,0.0
76561198427245183,0.21206055359307285,0.09120025852734041,0.16923080966769455,0.0761068155908632,0.15569388194248374,0.10710077516090061,0.048661180342142056,0.10810541983688592,0.017761366221547056,0.014078939117069712,0.0,0.0
76561198427383896,0.3070572888181896,0.19505814630800078,0.09682882261369227,0.06626735137672579,0.06909224813781786,0.03679815690412725,0.07895793323450942,0.09350075384656596,0.030511449990986768,0.025927848769384282,0.0,0.0
76561198427779859,0.23782708297043725,0.13737635985770522,0.2114657463799049,0.09117441786537973,0.0709513786357447,0.05756681219958328,0.03510839284628103,0.05327267297415343,0.06232743217685398,0.018911796084071616,0.011132634634082393,0.012885273375802432
76561198428123404,0.25369378710245577,0.17225425758621402,0.1659169940410068,0.04463312766422436,0.10481528191450051,0.03698668416602638,0.04714788545688455,0.12768881452940786,0.029769910194062815,0.017093257345216818,0.0,0.0
76561198429193409,0.24007126081577634,0.09336230943563964,0.18730267376971815,0.06398298413800928,0.15012451542648528,0.051324012603625395,0.08275398685088946,0.09691492054120805,0.02187297355753489,0.012290362861113452,0.0,0.0
76561198429606249,0.28527556343198246,0.1788418626007611,0.2070875207684646,0.03893552786380905,0.10499647491773254,0.019905862204713937,0.05406468783448939,0.06734688878605712,0.022366045830841348,0.0,0.010589782880574264,0.010589782880574264
76561198432274758,0.21603824285069312,0.19688554781146791,0.12257398399008358,0.11347082848189362,0.07629423874690498,0.09572245286295797,0.05162924540521609,0.058456714666982185,0.011487801869477815,0.023560275306813976,0.03388066800750878,0.0
76561198432337304,0.27573925684049944,0.10089314795759573,0.216853392018053,0.06731840952472362,0.14550313216330257,0.012832746328675017,0.01919913770896874,0.09983487999529285,0.03267899484442268,0.0291469026184663,0.0,0.0
76561198433458297,0.37482320924300133,0.04724272027939168,0.20024574659309766,0.04400411048115081,0.09360408146610001,0.07846959563926967,0.025815169330628298,0.08723649966921566,0.03524814193969124,0.0,0.0,0.013310725358453677
76561198436639398,0.07838549136174917,0.1423617159958865,0.07353341630084048,0.3854636103610722,0.0,0.13807167130048492,0.08638030164264729,0.017452187395488154,0.0,0.022338533011115713,0.0,0.05601307263071563
76561198437664846,0.39002488130022483,0.07789912291187183,0.15070920477611588,0.06709326904711932,0.11054273335249815,0.09178375223784405,0.0,0.05205873726622105,0.04820582916414927,0.0,0.0,0.01168246994395548
76561198438587738,0.23974927907390325,0.11792720411711796,0.09541673969236646,0.13082984377265128,0.0569512799315739,0.0552375852077709,0.05249982346216756,0.09799753441803984,0.0799602947741361,0.02209699595791141,0.029999498368779753,0.021333921223581714
76561198439100835,0.19573633885780167,0.15045954473281523,0.17186058574743376,0.11729970773172917,0.11550133667496974,0.028503312852606814,0.058418534334051544,0.02241160336288511,0.05291491302956913,0.009044920903252483,0.04426312433788506,0.033586077435000264
76561198439220419,0.3184023114212736,0.12390215035551906,0.1272076269881482,0.03551481548181097,0.1929191115501279,0.04189017168191736,0.07159423767241824,0.042986604581255784,0.029800376719397434,0.015782593548131392,0.0,0.0
76561198439304389,0.29625974514055514,0.1342403758692537,0.028201935285950802,0.10038688768930698,0.033430224861086835,0.17663628119129143,0.0,0.08051519374561515,0.13280599397783818,0.017523362239101843,0.0,0.0
76561198442308189,0.21971224824613764,0.1652587612739462,0.14808220308262046,0.10433050845081833,0.08809250627073699,0.02546447595348851,0.06111340988033091,0.05678739165909188,0.024684431051624673,0.049230603346703705,0.019376481680526445,0.03786697910397428
76561198447217647,0.4147379436658041,0.0489246530747559,0.25575526478838845,0.015201876764802828,0.2501783849414459,0.0,0.0,0.015201876764802828,0.0,0.0,0.0,0.0
76561198448175035,0.3734177197305307,0.0421064566373176,0.17060767308578567,0.049534551538349174,0.0925060560396645,0.0,0.03086056119213228,0.10970607325092799,0.10199760329008008,0.0,0.0,0.029263305235212193
76561198448417314,0.11004413246332448,0.16053437758650008,0.1369509435389852,0.11660825913228716,0.08533932536827124,0.047190135674057776,0.13560029985020694,0.10172246375186127,0.045910484642678474,0.033270378413639376,0.017133163283940968,0.009696036294247144
76561198452163269,0.3923905058307836,0.09999465839036019,0.21267640108392108,0.02804747999987889,0.0897525179736407,0.02846670434214677,0.019511828985042685,0.12915990339422612,0.0,0.0,0.0,0.0
76561198706984079,0.23955600184067918,0.19243507152322323,0.2482577004046745,0.05068296485007771,0.10637422207752946,0.009348481835822089,0.029153207929448637,0.04708976525640602,0.0026151744694528946,0.07448740981268619,0.0,0.0
76561198742491552,0.4003387431913004,0.17343611004910497,0.21795348277330895,0.022213808870885397,0.014234189735052617,0.012838936940329487,0.0644673001637588,0.06813457264666889,0.0,0.026382855629590425,0.0,0.0
76561198752631782,0.0,0.0,0.0,0.0,0.0,0.0,0.0,0.0,0.0,0.0,0.0,0.0
76561198757776931,0.23031154438238402,0.19310507960895512,0.11470625963118052,0.19636511012491664,0.014147296636464302,0.021879130947078083,0.0756262416023378,0.06945695746823947,0.018340317809349947,0.021235274523805175,0.0023273455111840905,0.0424994417541048
76561198763852134,0.35699869579220794,0.17287836644454027,0.14552007494004282,0.07284093908596537,0.0,0.0,0.07793837830634967,0.14922821335170314,0.0245953320791907,0.0,0.0,0.0
76561198772090380,0.2195789525126713,0.22967052000973243,0.14969372397025976,0.06443830502880026,0.16089284629061215,0.10611464121518062,0.057322558519764207,0.0,0.0,0.0031177573943547356,0.002494582438651436,0.006676112619973154
76561198772743620,0.0,0.0,0.0,0.0,0.0,0.0,0.0,0.0,0.0,0.0,0.0,0.0
76561198778416827,0.24859798937003125,0.19018042384119713,0.2544497308406346,0.11810536528825226,0.058537611481093724,0.03830909407666459,0.03819086735990979,0.01404244145710407,0.01404244145710407,0.01334404585287665,0.0,0.01219998897513176
76561198792381604,0.044279101275018135,0.22317284849278501,0.14040753104719617,0.1824533725497749,0.04689782046463542,0.03717149358516963,0.19879143557824064,0.10547787586804867,0.02134852113913154,0.0,0.0,0.0
76561198796975770,0.23957169749375315,0.12533636733146494,0.15280613061899992,0.08708795255277157,0.07001500858022407,0.03049840930833998,0.023740077422791647,0.0562938384970235,0.11657709314242092,0.017854364583486933,0.0371524150982985,0.04306664537042496
76561198797617660,0.2498157698118079,0.06403782716248924,0.1924202388178201,0.10266162283316194,0.015132911013942336,0.010135676470276488,0.0565941803547353,0.08823738222096136,0.05656304275266508,0.04362678105686004,0.0712266249935601,0.04954794251172016
76561198798513564,0.0,0.0,0.0,0.0,0.0,0.0,0.0,0.0,0.0,0.0,0.0,0.0
76561198798566786,0.23274266301050447,0.1414826273508231,0.13295148972300141,0.09044784331957546,0.13160648763987073,0.07499493883846026,0.059247620192248385,0.07917009095849216,0.03585792175550222,0.010477113039178568,0.0,0.011021204172343346
76561198801499715,0.0,0.0,0.0,0.0,0.0,0.0,0.0,0.0,0.0,0.0,0.0,0.0
76561198802237869,0.2552676037439054,0.1673330184593296,0.15427681035855176,0.06815036234994255,0.029925967836177642,0.0,0.06642420316153125,0.11469093843923686,0.046180600241898066,0.019936311703526294,0.04268044435695717,0.035133739348943496
76561198804601630,0.275993747039311,0.1508963447306236,0.21681496865131572,0.08010197690950832,0.030225644415051277,0.02380708769263289,0.048780194768875594,0.04078531007483128,0.04541394375814902,0.0,0.05583058348887832,0.0313501984708229
76561198804680697,0.23937904544211233,0.14986886834494736,0.10043596262362207,0.09459816750361293,0.09480182616924915,0.03984533530721915,0.07480861755001375,0.0757893005649417,0.06853771655516301,0.022648470248343232,0.024731848127916314,0.014554841562859137
76561198807749950,0.23171451146218058,0.19187439739858628,0.11507550264242458,0.12805887381474773,0.10058515103721741,0.0637163431032313,0.025954068843795336,0.06560964295408166,0.013015337484189758,0.01269644633333452,0.02535866741333732,0.026341057512873467
76561198812864080,0.3179799521029565,0.08163236803743165,0.1956832425280119,0.06907187838811196,0.13205263414441612,0.04944320203716625,0.02653858639594948,0.09437849069296796,0.02312536369702563,0.010094281975962589,0.0,0.0
76561198816134762,0.3277452273285543,0.07632473662917934,0.12239882372515065,0.0706949707672091,0.061657150795537755,0.05819374890540237,0.05182860996895677,0.13936787086797797,0.01967874680015925,0.060287446147070343,0.011822668064802082,0.0
76561198816301919,0.23288025040308374,0.24172358381215667,0.16128085918005133,0.07941394252553874,0.049885321632037176,0.009233434140345092,0.10228373405467862,0.06140773990670721,0.030710720860310667,0.031180413485090666,0.0,0.0
76561198818769123,0.2175311945408558,0.09367881753804652,0.11300766466335288,0.046068010312244057,0.12839405478640792,0.03752732013421602,0.06704627932741747,0.15758444518390274,0.06334025561240762,0.047043428730475935,0.021571985597042577,0.007206543573630574
76561198822653847,0.23736772409882792,0.024296415083437616,0.158044307803851,0.023419628379287395,0.2075795835591339,0.06488516697147916,0.011319818490127259,0.14801971370899095,0.1019995909458022,0.011748232468935367,0.0,0.011319818490127259
76561198827623243,0.2189988275943747,0.202534034469511,0.12309255605971471,0.11077193938026544,0.09660197889761461,0.08413241078062261,0.028648842160597647,0.07062582877877918,0.01611327604255989,0.04192622543927926,0.0,0.00655408039668104
76561198829174449,0.13107340783514473,0.23744775131243567,0.186197655579235,0.09479248182950735,0.13730070956346227,0.1023245278814866,0.06510699675327054,0.0353361920443764,0.0,0.0,0.01042027720108151,0.0
76561198831192918,0.4011772782309303,0.02194756126242222,0.3032578678430998,0.03496915123544095,0.1203318480747623,0.0,0.0,0.04985723426893598,0.02230962574536511,0.0,0.013021589973018728,0.033127843366024506
76561198833276319,0.22597360024795576,0.09320088697247704,0.12704301272287952,0.11491755718255385,0.056979634470415604,0.020938625518709814,0.05064218339122762,0.06676677952289994,0.09381128410163705,0.06203907677689691,0.05346207642841095,0.034225282663936055
76561198833867588,0.458414747687271,0.015505086992993094,0.30952566823461886,0.0,0.12183282695081357,0.0,0.017597729371663796,0.04782135623189796,0.0,0.017021078364052755,0.0,0.012281506166688976
76561198833987527,0.3129294016124543,0.10777847604394336,0.21458224957357655,0.056313291474449176,0.11455762613977674,0.044253561884253056,0.04464650024212987,0.024182749161658783,0.024182749161658783,0.0,0.016195322772220303,0.04037807193387909
76561198837284017,0.3343291986793388,0.07247079353563222,0.17378641396437045,0.03316277575579249,0.14600103346124377,0.013521812750261854,0.03207700890779004,0.09266787301748171,0.04508793918847177,0.01351465260076272,0.014607579598264305,0.02877291854058983
76561198837631318,0.24634887978132292,0.19102244331788307,0.13439056095171245,0.04181489284777438,0.15072814297211717,0.06429022654146106,0.04321260956421977,0.07305133394079211,0.018193520747277498,0.03694738933543948,0.0,0.0
76561198838206590,0.20224781569549824,0.19185019534761122,0.10673560988544747,0.10705506510793152,0.04336518471944393,0.05978530096873771,0.08988258195289937,0.08277707148616119,0.048899780281592364,0.008197451432795265,0.029446418696745313,0.029757524425136583
76561198838823687,0.21761128669199417,0.19481584538631277,0.14783980103027036,0.12565868296635035,0.01183736135461126,0.05534673624730792,0.1310865630522893,0.08117760684018079,0.0,0.014716344849139749,0.010039671477068123,0.00987010010447528
76561198839966280,0.0,0.0,0.0,0.0,0.0,0.0,0.0,0.0,0.0,0.0,0.0,0.0
76561198842146094,0.21172251117083202,0.08116953801721392,0.18808980676886444,0.10697116708766927,0.10778508418109024,0.031445849580580894,0.08074155697391146,0.09615185285647126,0.047937638772077885,0.018808466121874496,0.0,0.02917652846941431
76561198843353774,0.30745220686816455,0.10786439533305506,0.13701171352931896,0.056452734787788006,0.13541616091197015,0.025232842462633197,0.0340740997033588,0.08925496416809468,0.0671571366956046,0.014634543804784277,0.012724600867613917,0.012724600867613917
76561198843437563,0.5076367438796033,0.0,0.07216977711524687,0.0,0.293278384370214,0.0,0.0,0.1269150946349358,0.0,0.0,0.0,0.0
76561198843783506,0.0,0.0,0.0,0.0,0.0,0.0,0.0,0.0,0.0,0.0,0.0,0.0
76561198843790470,0.2981013026386759,0.1456742873554406,0.13066703024515008,0.05664863688274568,0.09655514338841784,0.04435000586212192,0.04151474979943432,0.10869388914056047,0.05575774972538332,0.022037204962069925,0.0,0.0
76561198844902387,0.27012418281796413,0.04003599771855001,0.20579550454537948,0.029876305291858855,0.13538752327780668,0.03626364874882788,0.029876305291858855,0.12085834217531718,0.07169006075496019,0.011106575050801688,0.006715369024981275,0.04227018530169379
76561198845485546,0.2601503014061742,0.17020499140212292,0.14263018239073408,0.06214970503276819,0.15103584933521708,0.14299201695659233,0.0,0.04030683400874217,0.014705067316052018,0.015825052151596988,0.0,0.0
76561198845632839,0.2561443515365257,0.12138313183248792,0.17807324454465204,0.04438184141624449,0.16838634690703735,0.043474460359917186,0.0788996393719409,0.06049815163881255,0.048758832392381865,0.0,0.0,0.0
76561198845689870,0.16520196070755241,0.16901721759055027,0.09892621664748362,0.12301659157112624,0.1485335266959379,0.1425397396046824,0.05476380579855975,0.013060665182338066,0.03552876247288093,0.02014872888695719,0.029262784841931167,0.0
76561198845916760,0.0,0.0,0.0,0.0,0.0,0.0,0.0,0.0,0.0,0.0,0.0,0.0
76561198846183374,0.18061006814357713,0.14978085165046265,0.1611009465315151,0.1385454624137622,0.09436969939550029,0.04438025152980843,0.09838774193627317,0.0420965936344308,0.03080391963027579,0.0158005376738608,0.04412392746053368,0.0
76561198847297910,0.1205813533646259,0.19801966382173247,0.1486436483887483,0.14932177757906875,0.06904489486034308,0.07280485753293851,0.0923431002282341,0.05249373274779087,0.030773568085828793,0.05015213061393333,0.0,0.01582127277675581
76561198847593484,0.4087530329239963,0.03725018251604485,0.28711255358026305,0.05527705804671181,0.07405203941405122,0.04173033747507866,0.0186549372299071,0.02411377851295962,0.01905570072251319,0.0,0.0,0.03400037957847426
76561198847902117,0.3370158223257871,0.0383675652023164,0.27374350514221857,0.033400441019109176,0.13827288343217578,0.02887955926365251,0.03161651858813664,0.06915939829472847,0.036051659203050375,0.013492647528824975,0.0,0.0
76561198848316420,0.46625120533110453,0.04496727340684781,0.1576643525934461,0.01407999490846459,0.18699204423119178,0.0,0.04658332252578682,0.04987622745488441,0.018259634610692188,0.0,0.015325944937581767,0.0
76561198851738367,0.2308963841003484,0.20715317357895258,0.09252727999124626,0.00854915354806289,0.1441720938467547,0.05471727732857777,0.1263649252407704,0.07236114422339718,0.027260565543597653,0.03599800259829225,0.0,0.0
76561198852349730,0.0,0.0,0.0,0.0,0.0,0.0,0.0,0.0,0.0,0.0,0.0,0.0
76561198852781577,0.29370407998624204,0.09782763388124908,0.16283301808981654,0.04298380962555018,0.16386969145364425,0.07595557705528262,0.06018835894662439,0.06218294985725416,0.01705304863588652,0.023401832468450186,0.0,0.0
76561198853165772,0.2275684262765493,0.05961555366021725,0.11022631580997519,0.09553573363885146,0.11595802476837962,0.18887104931572027,0.023087344840074887,0.07998445671149305,0.09915309497873893,0.0,0.0,0.0
76561198853188317,0.21761817892974272,0.17880409844484466,0.16752174508180404,0.13466569369929068,0.08652796410707857,0.027975646610715773,0.07402901985259965,0.052692871685647,0.015452074548256717,0.044712707040020346,0.0,0.0
76561198858486665,0.0,0.0,0.0,0.0,0.0,0.0,0.0,0.0,0.0,0.0,0.0,0.0
76561198860104675,0.0,0.0,0.0,0.0,0.0,0.0,0.0,0.0,0.0,0.0,0.0,0.0
76561198862661273,0.29672286360718964,0.05488360995425986,0.1462215204796445,0.04709864827776455,0.14381512163538915,0.03969984569661056,0.05459039796590367,0.11485480111513814,0.07373942391711197,0.016557312043444107,0.0,0.01181645530754393
76561198865591103,0.27632170194349653,0.2574570868017295,0.21040764585393992,0.07302996858126198,0.07829878213385634,0.022218122776004542,0.03488397620492091,0.0342769955194971,0.01310572018529335,0.0,0.0,0.0
76561198867608134,0.3423071344211302,0.12225952716467656,0.1864580393345396,0.017446690469085337,0.26093619145773145,0.0,0.017107200837858348,0.04235347604717302,0.011131740267805593,0.0,0.0,0.0
76561198868323862,0.46332239456115,0.029796753243611272,0.26838244604531164,0.0,0.16472619641366842,0.0,0.01417870324903601,0.0,0.0,0.0,0.029796753243611272,0.029796753243611272
76561198869428936,0.2598756757844885,0.07888652254948482,0.1004304802711386,0.10774819676433937,0.16734973045456022,0.14303251370872286,0.011764455530090338,0.05403414134872095,0.04027814711488809,0.03660013647356628,0.0,0.0
76561198870279063,0.20439463613711845,0.13289392872921987,0.1258308094570792,0.13124173695945737,0.01052144842455478,0.05185968091750424,0.09259071220561428,0.07490815901602943,0.04377433632723523,0.017989191462993152,0.06158513603277613,0.0524102243304181
76561198870768812,0.3185805079855825,0.1144059393127406,0.16546675811456726,0.024044998535084534,0.18902388049184737,0.08410921837219824,0.026501212518706185,0.024331412513748183,0.02729998634987395,0.012004456935441325,0.01423162887020999,0.0
76561198870946600,0.19005559130578867,0.20865638041943077,0.11614091044159493,0.07505722518928504,0.139134954019081,0.09411741033965695,0.07099082006055074,0.08499561757793013,0.009995151373109593,0.010855939273572254,0.0,0.0
76561198871046795,0.0,0.0,0.0,0.0,0.0,0.0,0.0,0.0,0.0,0.0,0.0,0.0
76561198871845380,0.3203918503052044,0.12255996170110202,0.12657098002964395,0.09459404295794938,0.12007507684034291,0.05013543201551122,0.030067132923441275,0.053310795995409714,0.01205723076914526,0.0,0.029530424622930596,0.040707071839319396
76561198874472241,0.20670368556448465,0.157403179549218,0.12909259997925154,0.14717430282476665,0.008064508408392497,0.05346380881556541,0.10196119881270692,0.12658687468244684,0.027491184546877566,0.009199051344986548,0.016429802735651682,0.016429802735651682
76561198876451323,0.20746040202444,0.13988364911738219,0.1456628454153944,0.1123710891802827,0.0819942992301425,0.08067778753645573,0.06977168779701687,0.058852240333562865,0.028878347168487695,0.022604405086710837,0.011962924554300924,0.039880322555823376
76561198876615080,0.25628876713565657,0.2009368224013995,0.19583026430676237,0.05044399938192323,0.11840058353534724,0.00999408998449244,0.06257222111627202,0.030673146596091726,0.031225399049019886,0.022318022665169534,0.02131668382786566,0.0
76561198880142983,0.185185538400253,0.090191140123328,0.0799982516521681,0.23087237686909076,0.047574420915445864,0.1484038218781132,0.020570887438982638,0.0578070301846257,0.054213677917088005,0.011054335267930688,0.05273580742555774,0.021392711927416323
76561198881008111,0.18404430659002702,0.16308186135006952,0.14817225493999314,0.0727839573874429,0.06884109002743229,0.06331218275463636,0.1402078373733499,0.059069021469516814,0.048388178279781965,0.009866496029763555,0.030603554417410132,0.011629259380576342
76561198885046549,0.32546646950984104,0.13408594180409317,0.20518307803645797,0.0800489505460831,0.09189502697313276,0.022944653704347163,0.03691376894800372,0.04873779425898049,0.012603370276944664,0.029517575665171252,0.0,0.012603370276944664
76561198887083618,0.30009911575930404,0.06908004037881732,0.17880255121776734,0.12209508203957323,0.07491360486144054,0.04147806928181657,0.04332129640008577,0.0780010421986649,0.01797029615639102,0.0,0.01401883352698012,0.06022006817915924
76561198887943085,0.14304522954323554,0.24912341571369115,0.07928874715119673,0.14524747941724458,0.09821477917727454,0.11307564359026549,0.07832359020535253,0.04971471715123775,0.0,0.043966398050501614,0.0,0.0
76561198888074333,0.2901000353771752,0.13549561727121592,0.21851690548678682,0.034070248637009984,0.13301080437734092,0.044398032608999,0.049218413084447195,0.07807134271791985,0.017118600439105045,0.0,0.0,0.0
76561198900476414,0.21413598867638084,0.22369596676197773,0.08699026063476456,0.10790816122261657,0.0738354492911604,0.024364649443761585,0.05788218038104424,0.048940893254978114,0.020260194015939086,0.05476340610721754,0.03696994706853543,0.05025290314162389
76561198902671770,0.1294870481049513,0.1984502036066593,0.11813543659583765,0.1350656764212525,0.031518626749159374,0.12187594334654393,0.04034795997610843,0.10497954371640639,0.07020117070451291,0.029804395100852536,0.009609047568071924,0.010524948109643753
76561198906743730,0.29814829617848676,0.09593997796088066,0.15855045358011638,0.060406881392370285,0.2136380568371518,0.01438210480426258,0.06453214981701332,0.03756055266507527,0.02726315333164835,0.0,0.014789186716497338,0.014789186716497338
76561198907957525,0.17678501507641967,0.18568179450184477,0.1797688963054004,0.1254347188959488,0.05897216501777379,0.038774598368791324,0.10171157730465272,0.04868568729311825,0.010382644611304783,0.05779672504326582,0.008003088790739866,0.008003088790739866
76561198908664868,0.1723234825725837,0.05605269780933835,0.12821764572625807,0.06299652867276379,0.3006754808479746,0.24908105598771255,0.01532655419168447,0.01532655419168447,0.0,0.0,0.0,0.0
76561198931909013,0.2840785822364,0.10864333370487812,0.15464856960925277,0.06304505139410527,0.10534995029568996,0.0,0.04882172464187511,0.12263990521623519,0.035041285867967564,0.02459474815136966,0.041314921720410736,0.011821927161815326
76561198937925146,0.252391106733045,0.1148545474522376,0.22658655419267862,0.06076062764894574,0.15408862399154744,0.09355450116898067,0.055881639871435046,0.013951958383744188,0.0,0.027930440557385573,0.0,0.0
76561198950687868,0.3060583610775564,0.05689877516230167,0.1412829322283647,0.021948175635266385,0.12446578000854823,0.05127347841888621,0.07466299127933887,0.10824418102695826,0.05188509800126951,0.042488148463923806,0.020792078697585953,0.0
76561198954743459,0.2971969286491039,0.1573342388128886,0.1962081383494647,0.08227190488777848,0.08090493605346713,0.029744118499562492,0.01447882916067267,0.03958881920927582,0.06643884632790313,0.025709967718332106,0.0,0.01012327233155092
76561198961057393,0.47208201233149727,0.09621483846439977,0.21629198219755918,0.0,0.08359080564683898,0.0,0.0,0.08122718891633088,0.019498129571999426,0.014377515486816343,0.0,0.01671752738455804
76561198962774260,0.15181215268533318,0.17807739560124447,0.13916791251372101,0.04356056322359971,0.07990711183122803,0.059590917154551115,0.13655239492507218,0.09411532235448913,0.08840590299853467,0.0,0.024694235258769272,0.004116091453457009
76561198963902506,0.2346527414051151,0.14701989701369794,0.12880898413190697,0.07128878891937372,0.12965652983748843,0.023374931814707574,0.06021264108125746,0.12472090415347548,0.0506268574154817,0.020031591484689346,0.0,0.009606132742806117
76561198964730990,0.2713162355364095,0.10315393860388879,0.15706428753558768,0.07757476666100122,0.14557889695427495,0.0245146681470956,0.03623002049220213,0.0627124469096683,0.0905204840302064,0.015667127564832725,0.0,0.015667127564832725
76561198966274908,0.27422325304877543,0.19170197172063902,0.16840749653210935,0.05890213640574329,0.1688499177005855,0.04185019702533468,0.02201851056359401,0.05314769904516533,0.008761349375058736,0.012137468582994717,0.0,0.0
76561198966998552,0.1351367196442179,0.10278785732677513,0.1258481814482337,0.1057763197756567,0.17813567111764944,0.13734377915902743,0.05723358001233376,0.059833864902248186,0.06011533275554478,0.037788693858313085,0.0,0.0
76561198967733216,0.4043467198480534,0.06901607915221852,0.169629488444043,0.036830779050567086,0.12937864582544464,0.02024301566847381,0.07435157524885277,0.05277690876397302,0.019634079072103464,0.023792708926270154,0.0,0.0
76561198968237390,0.26135194519900706,0.12818568058431767,0.1682414963994994,0.0,0.3244744252227461,0.07293635287562089,0.016855339729268514,0.027954759989540327,0.0,0.0,0.0,0.0
76561198972795993,0.3623535733779574,0.13859531494960503,0.2773895725055649,0.08976263462699764,0.0551913290057577,0.0,0.03981828677660758,0.02063403908446922,0.01625524967304054,0.0,0.0,0.0
76561198974123949,0.2524559628818131,0.14011066596836122,0.14024351510940777,0.06555670854931522,0.12055759729248673,0.059666028977960445,0.06866666301148194,0.055270682428677116,0.049996047024141656,0.04747612875635479,0.0,0.0
76561198974989829,0.33284220648941715,0.03548066952814052,0.2201547763847589,0.0,0.286646220663822,0.016170041915800504,0.021694843215618934,0.04864286182314216,0.038368379979299844,0.0,0.0,0.0
76561198975067132,0.32510242019024044,0.1762267253655585,0.1746094679059262,0.023970774591719486,0.08090569743663052,0.03722882954566661,0.053290724206575234,0.10568286355956169,0.022982497198121236,0.0,0.0,0.0
76561198975990427,0.37430526038761924,0.1712458485036193,0.17586439208134053,0.0,0.11856813161616647,0.04464278970021403,0.013126956687597526,0.08372353842992832,0.0,0.01852308259351462,0.0,0.0
76561198976541186,0.09495974566843977,0.24827816499871172,0.20885944603069678,0.11065461842773244,0.18000545423636044,0.04034251224249139,0.05961866108561767,0.013760060715619287,0.0,0.043521336594330474,0.0,0.0
76561198976557185,0.2711634331171846,0.1658745881891766,0.16181514422046692,0.12735309504974288,0.03382725707869161,0.015328460194309836,0.048891267645980556,0.07482657927585668,0.03824900907846757,0.03411851668218991,0.0164831816196749,0.012069467848257864
76561198981659881,0.2514873362848458,0.08797823122375746,0.13211242070488838,0.08024028558333976,0.10564958989519183,0.010461715190726039,0.04383532876690457,0.07092443591090271,0.06692645898369529,0.06981732654581164,0.054879065327082775,0.025687805582853728
76561198982027831,0.25415608083405133,0.1339502978111759,0.15991455308470515,0.07353413601857611,0.07905927845193829,0.03816745036767022,0.05652183380398764,0.11059414815781735,0.07671545730038794,0.006839400222399411,0.010547363947290805,0.0
76561198984355584,0.29421962395673495,0.0781711799974097,0.18909895314564107,0.03470034418874067,0.23089020416643813,0.06043150267147891,0.012044708270757758,0.04892591995510119,0.027991121579141378,0.023526442068556152,0.0,0.0
76561198985222961,0.30271410924943204,0.11693902461184248,0.2007356803763183,0.022399647083184968,0.16680555943059058,0.04216407180138172,0.03216723878488587,0.08274207711081764,0.01136267539960468,0.010607240752337077,0.0,0.01136267539960468
76561198986771778,0.4094948110495271,0.041570867916818265,0.29743675764785127,0.01432929417089145,0.1442371557643507,0.0,0.01384720937095306,0.04417299942703516,0.02208498954187387,0.0,0.0,0.012825915110698959
76561198986772742,0.23318503469578508,0.13410036388124152,0.22593263760671237,0.06393082548791648,0.12501869114383649,0.0663478467779444,0.03610536169004707,0.0,0.05093554636343143,0.04866631646318481,0.015777375889900257,0.0
76561198988021642,0.1955847458699927,0.17440470738200875,0.10010753164544714,0.20663970273481258,0.012678353834004317,0.09744829986959543,0.06727757751715649,0.03876907221965352,0.017674391313971385,0.04872403335710417,0.00794434332474986,0.03274724093150374
76561198989511606,0.27599693896097405,0.08405328241999592,0.20810603655212576,0.07909135138154003,0.11912616577504041,0.048283622908498566,0.05749641962872088,0.08514209113517335,0.0,0.0,0.012319499296349228,0.030384591941581808
76561198992122481,0.24803572146652553,0.13975656495919087,0.09049202758655493,0.14055268946999433,0.048123238642757464,0.053084896689713654,0.05523642023308542,0.09166781313514767,0.08441313329149427,0.022591391514586525,0.0,0.02604610301094951
76561198993588247,0.2209803855386111,0.1543690803395977,0.14304061671595103,0.1089769046631186,0.09029096378681657,0.12257245573521129,0.04177862834642684,0.04675145801481618,0.06195242756675715,0.0048117976011576155,0.0,0.004475281691535757
76561198993810829,0.0,0.0,0.0,0.0,0.0,0.0,0.0,0.0,0.0,0.0,0.0,0.0
76561198995117447,0.2443936655132297,0.16979990733165998,0.09758246597887213,0.169763084036453,0.09273093927624323,0.09784464313161713,0.033752614819373083,0.01588219213951271,0.0,0.05186340254335899,0.013954452318837976,0.012432632910842251
76561198995486953,0.21981554910495193,0.20136555002513692,0.15669141516541726,0.0941861975364595,0.07820645998441958,0.024584541009476872,0.14194348043145016,0.046135339040974846,0.0,0.03707146770171291,0.0,0.0
76561198999705859,0.25286169514117873,0.1465491156902513,0.1564562039563824,0.12089614355275607,0.05667587369137292,0.032045285710438125,0.06435942397100858,0.097924095491471,0.025085887943256818,0.022196604476984755,0.010932008388422896,0.014017661986476275
76561199002493106,0.316544561714679,0.13002133094750865,0.25359191730225483,0.09911523376057645,0.0605219246557593,0.02541261763554664,0.056508266479528196,0.041856880812988065,0.0,0.016427266691158994,0.0,0.0
76561199003329860,0.22206750466975325,0.06727396422056273,0.15390977482835727,0.13456817208032584,0.060773466745444725,0.0200643393205227,0.016677569951368643,0.10821304722093365,0.05093450174508061,0.040626884267827595,0.11536019545364581,0.009530579496176986
76561199003463982,0.0,0.0,0.0,0.0,0.0,0.0,0.0,0.0,0.0,0.0,0.0,0.0
76561199003732668,0.24184441543120663,0.09028734677641953,0.24053095006868422,0.08698122227495109,0.1798203044953314,0.07587887189711512,0.05160159334552869,0.0,0.015442628210771242,0.0,0.0,0.017612667499992143
76561199006086136,0.0993109024158406,0.17104943116805915,0.05690270398608666,0.2709904674149349,0.03153811870280092,0.14576384873729106,0.08288718385201999,0.05951103808786304,0.025487210542769544,0.03937171593384921,0.0,0.017187379158484967
76561199008988100,0.32604365517688655,0.20755194897981943,0.08246863265878032,0.05669930657590673,0.024369583237365433,0.015239951757375072,0.1764399551344095,0.07641509355528814,0.0,0.01578320631268253,0.0,0.01898866661148619
76561199010475789,0.3918337917584382,0.13488912599013175,0.14065253814273534,0.04649801341695149,0.03686103943254607,0.06452156064650093,0.04610199358373572,0.08414917320800182,0.015541935347611488,0.0,0.019475414236673587,0.019475414236673587
76561199010548373,0.33048443723193094,0.20519019864207963,0.14933454047788022,0.059987812217311524,0.056772872362165654,0.028873716230122543,0.05904421705295742,0.03163902914798341,0.0,0.03266367707080526,0.046009499566763354,0.0
76561199011315469,0.1263492307202611,0.2371750039356683,0.08919300605297381,0.19328544570544226,0.05686741506894417,0.05168758056962481,0.08737251388338718,0.037326737345607854,0.05043644006679641,0.02015580586249113,0.019669859110605526,0.030480961678197336
76561199013537219,0.19880732019463804,0.14123735313991126,0.1387011497542292,0.08210357381259549,0.12945764993853548,0.10810173693850919,0.061830292378975145,0.09289894234148496,0.035160952272285446,0.0,0.011701029228835815,0.0
76561199015330455,0.3152745057640246,0.11269479465237037,0.11402026117035303,0.07145727128498552,0.07437555781499257,0.017775219485661926,0.04404662809408158,0.15974904678351365,0.0,0.014994772507972771,0.04237645396888921,0.03323548847315497
76561199016522989,0.3275666632125615,0.08804832299959915,0.18137247371723325,0.14542046829968017,0.11920802071012837,0.013660240282870635,0.010990219118715339,0.019184570272146526,0.0,0.02484588298941363,0.019041277543224145,0.050661860854427164
76561199016903214,0.0,0.0,0.0,0.0,0.0,0.0,0.0,0.0,0.0,0.0,0.0,0.0
76561199017224533,0.41405249370628483,0.0,0.2145160419491142,0.017943242172832177,0.16415561459402528,0.0390704794191386,0.024134022411798798,0.06992491497309782,0.056203190773708306,0.0,0.0,0.0
76561199017665090,0.2841571289388268,0.1494000307993024,0.15446394560081453,0.06395473523630427,0.11146763768898431,0.012629343456733336,0.04148797407342131,0.092699782180202,0.042539734688154335,0.04719968733725665,0.0,0.0
76561199019851662,0.355053283587336,0.0720374506736369,0.12810005014150236,0.08702415885206786,0.04267244675304794,0.026214019644118767,0.04177968252099867,0.08622453182832568,0.0356473095759557,0.03557668668510204,0.03802705235093157,0.05164332738697656
76561199021482467,0.20623960753735104,0.175504948343871,0.14791568005699196,0.09031612847871918,0.09830481813216654,0.03715214862968802,0.05088207606411223,0.061326231261032337,0.036605901836442724,0.0707569371077488,0.014315617199350022,0.010679905352526213
76561199023588691,0.19777829267803104,0.14858690860149482,0.1175063299873742,0.08631930373936827,0.10440570320191495,0.05156645971753199,0.06714735061351068,0.10387193878784569,0.05422746552221046,0.04410095115617751,0.016063573155855212,0.008425722838685258
76561199024416168,0.3527302548689154,0.13532344267708743,0.15706746749137326,0.03756820009751905,0.10008978801626225,0.025446212283721858,0.038492490699422434,0.09678724076979153,0.0,0.025300987668958965,0.011832582056645927,0.019361333370302134
76561199025426416,0.1582409284590503,0.17788363494982695,0.1324554664768663,0.15723076199997846,0.06247301537130943,0.010155493294476903,0.02296156760349514,0.05691915586359873,0.034017273122529265,0.039855993921054725,0.09378334698100088,0.054023361956812864
76561199028361033,0.2396803277727158,0.111659535448348,0.07508202348891908,0.21459560847262213,0.0,0.049350345763273275,0.02185354939593436,0.10277376837228926,0.0434918673446869,0.033375238130159746,0.028900643437701636,0.07923709237334976
76561199028905855,0.3940220128649494,0.02414861121190717,0.28921105434030114,0.01595433476831591,0.06156372726882693,0.0,0.02414861121190717,0.07631796472594854,0.026587263052841235,0.0,0.04490161316367897,0.04314480739132334
76561199031051001,0.2667339328637292,0.09954174469339216,0.17288871067732783,0.13615138592822135,0.12346441202352394,0.12939522162674963,0.013305813796767648,0.0304730329150172,0.015199121627619622,0.012846623847651468,0.0,0.0
76561199032352779,0.2925185454841675,0.14594229758181415,0.1996589674299554,0.05089241643769057,0.059177988846290865,0.009756652358988285,0.03456721570372411,0.08741942307921326,0.04956254555341827,0.05013123576888371,0.01129327841086963,0.009079433344984206
76561199032380262,0.3451259528679034,0.1463321896044368,0.209021514571302,0.058431731566410176,0.11498950128572322,0.016939529509068133,0.042917179759509115,0.05263927731491042,0.0,0.0,0.0,0.013603123520736804
76561199034135760,0.0,0.0,0.0,0.0,0.0,0.0,0.0,0.0,0.0,0.0,0.0,0.0
76561199034190035,0.20954679947899874,0.2691738313129369,0.23830856736029385,0.0787480549579883,0.010264484204924392,0.0472875483240722,0.06535327780959549,0.026483697424507055,0.010264484204924392,0.04456925492175856,0.0,0.0
76561199034795612,0.3614112467962041,0.17779566373273048,0.13190161674293702,0.08886572376164657,0.05484467317016255,0.04830098714068452,0.08804706214926111,0.03707230206146201,0.0,0.011760724444911616,0.0,0.0
76561199035465216,0.0,0.0,0.0,0.0,0.0,0.0,0.0,0.0,0.0,0.0,0.0,0.0
76561199035689662,0.2729283004364142,0.21147119149599033,0.1598647057694822,0.04917084041826603,0.0,0.027438966951406348,0.08053953421163196,0.07857111145769019,0.05162791966355614,0.04859772156810476,0.0,0.019789708027458004
76561199037612036,0.15223023653659953,0.05705540462360301,0.10600804059441571,0.19264992095498437,0.08147174060750038,0.09959526556103478,0.027637023200154695,0.03066928411125466,0.0,0.014534285264347862,0.13502145255570824,0.10312734599039668
76561199039143583,0.2931387587296588,0.18892561612685635,0.07715344708566345,0.10301615280779805,0.041735085574497385,0.03773000992137986,0.09584215385267793,0.13850250851030146,0.012299909084707808,0.011656358306458907,0.0,0.0
76561199040500135,0.0,0.0,0.0,0.0,0.0,0.0,0.0,0.0,0.0,0.0,0.0,0.0
76561199041231560,0.33049417051327323,0.15093389388369363,0.21268434597315503,0.10501921867880691,0.02703438741397699,0.009510486132851749,0.035378689675402565,0.04412948700816051,0.009355965767158574,0.05192750071742197,0.010506083594869507,0.013025770641229504
76561199042135432,0.3475742891042422,0.13989865244691968,0.1213615260339977,0.057214420793198634,0.07086914027514975,0.03887000141165449,0.06703186017286879,0.11999801498704002,0.01099076413688916,0.026191330638039474,0.0,0.0
76561199044097396,0.15096910863081886,0.11954081514095763,0.11003472355437609,0.1544782979475341,0.02365910536789553,0.04455873761847337,0.008743628630166495,0.07633963189364275,0.06847669022967431,0.028533273553913743,0.09635611158900874,0.11830987584353828
76561199044103584,0.0,0.0,0.0,0.0,0.0,0.0,0.0,0.0,0.0,0.0,0.0,0.0
76561199049721392,0.19774227329888702,0.09448372135175229,0.055932301707307924,0.17611973091295727,0.019849559165479543,0.11697733536023319,0.01805700359129354,0.12499611822275265,0.07439650675595595,0.008064969806917588,0.06236126944165172,0.051019210384811324
76561199049965144,0.14651841125193663,0.2583356750949777,0.1791730139726056,0.13927269324500638,0.0070995053128066095,0.010190647416263804,0.10571519112625159,0.08749798469649675,0.03957991274540393,0.02661696513825094,0.0,0.0
76561199050075632,0.3331812669496159,0.10381885639723032,0.2021620626056428,0.06016376049612825,0.1222792363576243,0.02209051007946486,0.0,0.052885070128776426,0.0412457563636045,0.03217950325552163,0.01727462632881734,0.012719351037573556
76561199051043192,0.2580421582966188,0.13512552706710163,0.15188820657599633,0.09289740748145853,0.012570605550230875,0.0,0.09766577488507892,0.14052057888006503,0.02276341775223474,0.027379087036995195,0.04292176818397551,0.018225468290244334
76561199056252159,0.16062215656061546,0.14903847103924128,0.1489190947927978,0.22087254024409725,0.014451231727873829,0.03681852531829398,0.05800647434826261,0.11980128018058601,0.03803124536528861,0.021612100075401812,0.0,0.03182688034754133
76561199056820731,0.19192717579061563,0.12430020047697496,0.16272096969248592,0.13302379992558788,0.07092860445067879,0.05541279907406834,0.09991496513184633,0.0697609450390548,0.014886076952978413,0.049470544715816675,0.0,0.027653918749892203
76561199057510412,0.2467384440132388,0.1791931903132424,0.16335208752048003,0.01768856051919004,0.12466958065229831,0.04262983671144397,0.061397904736470436,0.09517826230939154,0.032848506169695126,0.007110283008245324,0.018151813527274664,0.011041530519029341
76561199058171615,0.28128201215839127,0.09922476268725756,0.19306784548726075,0.12649613329171774,0.021943373552145234,0.019550919877187725,0.0989115390129311,0.06225460516865874,0.016765738836352743,0.04433903502407753,0.016765738836352743,0.019398296067666698
76561199058351895,0.3188065060628936,0.14549440813336376,0.10929940881915248,0.026370804725774875,0.1011925937301184,0.07825732275459173,0.05239138279437916,0.111997696638934,0.027113113469235207,0.029076762871556774,0.0,0.0
76561199059594777,0.0,0.0,0.0,0.0,0.0,0.0,0.0,0.0,0.0,0.0,0.0,0.0
76561199059767033,0.23605454696993863,0.1055639115573452,0.154506483795562,0.09041209983457026,0.17104673193706313,0.03457610921527284,0.05694889128903449,0.05480974598715741,0.027542744972200807,0.01026242078662308,0.03514916975252844,0.023127143902703727
76561199061202498,0.22967474939404786,0.10111887149780796,0.154486686074456,0.09173982815594785,0.12646922325546545,0.049395189663461764,0.03515444728582251,0.08294221491929997,0.011333060050810029,0.010025527645500899,0.06899687811202741,0.03866332394535258
76561199061428348,0.30773092693053844,0.11195580771904255,0.21746287920564875,0.0629363629777756,0.06833217810057446,0.021230686308614386,0.04163895796272924,0.09134188199814161,0.06553992482351767,0.011830393973417416,0.0,0.0
76561199062295989,0.0,0.0,0.0,0.0,0.0,0.0,0.0,0.0,0.0,0.0,0.0,0.0
76561199062711136,0.0,0.0,0.0,0.0,0.0,0.0,0.0,0.0,0.0,0.0,0.0,0.0
76561199064718165,0.2385196078765568,0.12092094635682979,0.15985879353127794,0.11358848655690222,0.07730375303954662,0.08734825309318175,0.07219572861600235,0.09122849666438068,0.010900280335477564,0.028135653929844524,0.0,0.0
76561199065212767,0.2129981489132671,0.15248196033632777,0.09475886986304556,0.09337783334463536,0.06315718549531264,0.034016280963048165,0.09603878806267875,0.10829211612743868,0.043499614471447984,0.028087283534570507,0.05080895323781235,0.022482965650415115
76561199068146505,0.5302213115297608,0.07149244173753563,0.11889359919827074,0.07098600062638435,0.03854020769329555,0.04153777087374876,0.0294482297526356,0.060514559472183864,0.01982760618040412,0.0,0.0,0.018538272935780604
76561199070380893,0.26050190207005575,0.11467580120572292,0.17563321635789234,0.019479142128112803,0.10990438112690448,0.04477122940401244,0.07262979965239451,0.12737557160269594,0.05824520527069702,0.007663296278649698,0.009120454902862144,0.0
76561199071386893,0.15773655852358195,0.18135410970498816,0.112996760609567,0.18673388338541613,0.057483367963903194,0.028357985608938617,0.05513422395808726,0.0584118713240169,0.07992259165281652,0.03132307365873109,0.01322316992757769,0.03732240368237541
76561199071636074,0.3041372567832153,0.09347264062866728,0.15097958549204163,0.05890285789470983,0.06422285325039723,0.07334142594844012,0.016587740136614095,0.09680745960776788,0.10954903202579469,0.013623745153557156,0.018375403078794886,0.0
76561199071908460,0.10903746579317514,0.13078998758561247,0.1028194188945477,0.19340287536020787,0.014532467397750529,0.009468317521020038,0.13645842535838654,0.05392919756937967,0.049893796987759274,0.0323716223566193,0.07826824725487612,0.08902817792066542
76561199073816082,0.28381891044520086,0.17113903017316479,0.11650622843657517,0.0364760331620855,0.08760640910372089,0.00694691315110235,0.09097855611301778,0.10358824283867121,0.032476307527691296,0.03337160731088438,0.037091761737885774,0.0
76561199076389886,0.27015768875412377,0.04978419185484387,0.14842606198878974,0.07898987279892634,0.15134433894976435,0.11666594710622727,0.0,0.03879209180790782,0.015960797119676285,0.011293647140092159,0.051188630031005634,0.06739673244864258
76561199080519974,0.2312394463704099,0.22837770276198535,0.19995880854509565,0.14580948066191604,0.0620909659315515,0.05196095012250498,0.009311537922225246,0.03706465673728416,0.009378653064523856,0.02480779788250321,0.0,0.0
76561199080871410,0.0,0.0,0.0,0.0,0.0,0.0,0.0,0.0,0.0,0.0,0.0,0.0
76561199080918647,0.19809413825174296,0.1399728715680538,0.10391509323482216,0.12542444664222502,0.015635689142909245,0.030902751184117453,0.16020775866113665,0.11342636103038935,0.03295196479399158,0.034277506953579666,0.025222257763249635,0.0199691607737823
76561199081710235,0.3754390492621958,0.14167906857680548,0.14130244419043636,0.052777045921659785,0.15658457037640447,0.04014851518045839,0.011925536963805593,0.04218545235625819,0.01297089958064423,0.02498741759133166,0.0,0.0
76561199082377284,0.2471695913018509,0.1426293186641364,0.08084380705707547,0.1931267459680361,0.020225992790124426,0.17656645265989102,0.035575564517100255,0.04943083371263363,0.03825821273248917,0.00872910266093917,0.0,0.007444377935723433
76561199082847964,0.27169850117465755,0.14270534157140186,0.14395907646730055,0.05722945383646195,0.10520910485100644,0.08098193233732584,0.03150950986494633,0.09937452470112225,0.013741371749183455,0.02650600885081131,0.02708517459578264,0.0
76561199083912200,0.229550469358956,0.099411840499104,0.11745550209655366,0.158152341778263,0.07632380842860265,0.13344498166792282,0.043037784867245264,0.09466513492743837,0.047958136375914284,0.0,0.0,0.0
76561199085212273,0.4094051239332963,0.11633408650476953,0.2648430968049947,0.07462421636083871,0.05659035015602192,0.027741963364793232,0.014045866818710024,0.022690930028122416,0.0,0.01372436602845333,0.0,0.0
76561199085366031,0.0,0.0,0.0,0.0,0.0,0.0,0.0,0.0,0.0,0.0,0.0,0.0
76561199085433040,0.21765542119349834,0.08764463067534192,0.08153528949379496,0.17483198888919285,0.08055130498305153,0.23452013392195245,0.01118487159434794,0.05134576134059926,0.038360854719524905,0.01118487159434794,0.01118487159434794,0.0
76561199086185329,0.0,0.0,0.0,0.0,0.0,0.0,0.0,0.0,0.0,0.0,0.0,0.0
76561199086355854,0.0,0.0,0.0,0.0,0.0,0.0,0.0,0.0,0.0,0.0,0.0,0.0
76561199086769864,0.24845687799378283,0.11345116018816032,0.04853166982337157,0.09001958186269937,0.10240186873099158,0.15079271972430694,0.06301896224477925,0.08026567980148169,0.06964421137854074,0.01106709990053346,0.0,0.02235016835135234
76561199087372221,0.2090045086475901,0.08778423980892719,0.0871654375096519,0.09057364587287937,0.07040908080542084,0.017881642512569844,0.07644214413897239,0.175567630208974,0.05862726190203502,0.033097246764695366,0.07276407032888556,0.020683091499398513
76561199096657132,0.0,0.0,0.0,0.0,0.0,0.0,0.0,0.0,0.0,0.0,0.0,0.0
76561199097156418,0.282566958766491,0.14880096710869062,0.14705809895589783,0.0695484640493168,0.06800997462202253,0.0068939186246757085,0.09312784134166839,0.10909272419588681,0.03182244060366435,0.03644001996265324,0.0,0.00663859176903268
76561199097247135,0.20716741917926385,0.19341854916561577,0.15229325748232303,0.07361721249936985,0.06616757538441224,0.048519838968308505,0.10752787956703616,0.0413623464091741,0.021550163545823123,0.0706662620274445,0.0,0.017709495771228795
76561199097271657,0.27198692124360857,0.11020034603812,0.20489341424776694,0.08842630748013751,0.1627263910720357,0.07581602404589086,0.01706212460660334,0.043794614510435384,0.0,0.02509385675540183,0.0,0.0
76561199103998320,0.23061387020994478,0.073936339469016,0.1907031587958341,0.12924935593894724,0.040732773863506745,0.039443369625595026,0.0427942742988148,0.06314376374260446,0.04041245893980793,0.0,0.06334441822672575,0.08562621688920298
76561199104391040,0.23355213605276218,0.168257725004782,0.10918150892771883,0.11577818253553708,0.022182996233008793,0.024156344883769342,0.15990231893375928,0.11488304633234782,0.025971437839891094,0.017020543563438247,0.0,0.009113759692985267
76561199104812024,0.30669006402604854,0.09662238065612266,0.1431469021208997,0.09441788228464093,0.08857269555135644,0.05541910672925794,0.018200389465613205,0.09202081034437316,0.05659470042337388,0.01008687443307058,0.014161980242913028,0.024066213722329883
76561199105469404,0.2698653506184499,0.16519140663244544,0.20663815520511294,0.05046552954373978,0.044269378102682694,0.01294029008724444,0.0897704474432813,0.09098846950251285,0.018977222189878806,0.010297650450858517,0.031916528484772985,0.008679571739020288
76561199108308292,0.3196056602599752,0.20002861216605694,0.13449160265513965,0.07858858226211976,0.03624302981117043,0.02678513036435904,0.10590900086799386,0.046236579579285286,0.0,0.05211180203389986,0.0,0.0
76561199111379022,0.17866888417115445,0.22075079666488956,0.17741673587035536,0.10164805110539611,0.09619502331772412,0.02369051121317177,0.08370717442024724,0.04940992324722595,0.02376911820071114,0.021514860816995898,0.0,0.023228920972128343
76561199113407300,0.38533346074350994,0.08073510551746231,0.17393843308712206,0.06458717153802518,0.13347136404642282,0.0203895382549629,0.021349198202116778,0.047653794115271646,0.038629381386025285,0.022848435080945514,0.0,0.0110641180281356
76561199114607305,0.15595649831647526,0.10166031882393606,0.13162994866186625,0.2152803966093094,0.06421753247829728,0.05211644943101121,0.10589985353251055,0.06198715855226288,0.022367384626779563,0.0,0.0888844589675516,0.0
76561199116914150,0.3283938864660846,0.07621514274964084,0.2287195567870241,0.03949944313201611,0.1569106209876941,0.025820432287072936,0.025653493704276217,0.07880958512690286,0.01476465446129663,0.012042353614347976,0.0,0.013170830683643948
76561199120414873,0.2868262546748306,0.1462432209906429,0.19525641257570087,0.023205669427786037,0.08760135891262451,0.02982325053148473,0.0440514168669389,0.08005053835728274,0.09503945035981758,0.007092718646363632,0.0,0.00480970865652758
76561199120639628,0.22124609745627502,0.11587699916801296,0.1203100579432725,0.1745251874434145,0.06702192052476445,0.10931924498216711,0.01065331551546952,0.06107271468579072,0.07625863190976064,0.043715830371072545,0.0,0.0
76561199121565961,0.39885286514016927,0.08227448001940935,0.1654035731771436,0.029476036235290663,0.07878870895904055,0.0,0.05187504734118847,0.14519849115983052,0.015665049043237195,0.01865476173263684,0.0,0.01381098719205347
76561199122736062,0.15536824417582368,0.2154587164611584,0.1558156521987361,0.05923745805886871,0.13599441570447546,0.11355145346552512,0.1026721276929955,0.03319360037322461,0.011346551040527966,0.017361780828664474,0.0,0.0
76561199122977950,0.24289513783492417,0.1635994260765027,0.11226031342128323,0.15570741556132717,0.09324176005472035,0.15278473150528737,0.009675985952605421,0.06005051078307325,0.0,0.009784718810276477,0.0,0.0
76561199124943008,0.26294750289379804,0.17969993943083168,0.16554059677649066,0.10584826892249896,0.027453436727869394,0.011937514472619757,0.11524233290167424,0.06336537588278833,0.021821877872454515,0.02432127624651997,0.010001912070046415,0.011819965802408102
76561199126132515,0.0,0.0,0.0,0.0,0.0,0.0,0.0,0.0,0.0,0.0,0.0,0.0
76561199126787166,0.2217273363364969,0.21750830066474064,0.18088529666109723,0.10686098109365512,0.05799816513620773,0.033734381491047426,0.045497533678818265,0.05975038360903953,0.03134734414378933,0.027850097028315115,0.0,0.01684018015679284
76561199132474887,0.0,0.0,0.0,0.0,0.0,0.0,0.0,0.0,0.0,0.0,0.0,0.0
76561199133897762,0.3413956336718751,0.14096029227009796,0.20040908436106156,0.062210215252905994,0.06105793584291958,0.0,0.04867339687820138,0.06744321998448959,0.027393714693331156,0.014211798337406663,0.0,0.036244708707711
76561199135584637,0.0,0.0,0.0,0.0,0.0,0.0,0.0,0.0,0.0,0.0,0.0,0.0
76561199135781565,0.23444955909251175,0.17154502603632438,0.052630880381873295,0.11202864117650543,0.009732425161758543,0.04236355971959013,0.1375074449406993,0.16576150324882108,0.0739809602419161,0.0,0.0,0.0
76561199136746247,0.27506381675952674,0.2287671053319375,0.19537772489419408,0.011148319725525345,0.055523749657091365,0.02364656193247001,0.06326431775772715,0.11262023667181656,0.01675313772150386,0.01783502954820734,0.0,0.0
76561199136855449,0.18218107873793593,0.14780021413289277,0.1457206187103491,0.13013324097551343,0.10636989216261865,0.17386471853969523,0.03181780418138089,0.05292157105667346,0.020229014332329574,0.008961847170610807,0.0,0.0
76561199138247965,0.4146186761315468,0.18059172956635228,0.11881099299278908,0.06475583321773075,0.07306650461649142,0.004633778585422441,0.016007033062223487,0.08038302571718563,0.006347826453470476,0.0407845996567877,0.0,0.0
76561199138513253,0.23117847739884628,0.12915636465700062,0.23643672832708088,0.10232374181463214,0.09773848728993159,0.0186061606754116,0.05185840962321685,0.05253396720218552,0.0592204373913221,0.020947225620372514,0.0,0.0
76561199140016913,0.3260821332159413,0.1297567536919118,0.2491820537778452,0.0524447819640596,0.1001760044890401,0.008227568453488036,0.05677931180586733,0.025553577033825575,0.019884625294312824,0.0,0.015956595136854195,0.015956595136854195
76561199141759033,0.17889940384238195,0.12910212975206853,0.12205325024964434,0.1304101009451266,0.046194673173572724,0.07722356793961381,0.09593486765444618,0.11143893932226709,0.04208761379961844,0.00792961014054052,0.046039262272066096,0.012686580908653699
76561199142951886,0.27389838289159424,0.12629825988073068,0.24662031283017238,0.04855896773209652,0.10028749991429152,0.022571169994876728,0.0396851793408567,0.029084689901550973,0.038222035389144905,0.013686421816286194,0.023433278172530072,0.037653802135869
76561199142956823,0.18523374796398098,0.18820756944971978,0.06728585624578357,0.24241467573834719,0.0,0.03378146468983096,0.050678171458572334,0.06068946506460665,0.07686552703683297,0.0182925754623997,0.02634833626287663,0.0502026106270493
76561199143159259,0.23378830987247,0.11794992486890069,0.13784966188263728,0.14744177506886436,0.024789845935595113,0.01579146624617894,0.07307702713802651,0.11717183533335615,0.05457285745289579,0.01071543590257617,0.030064938169819613,0.03678692212867936
76561199143328855,0.2826198205851094,0.1416549942290834,0.11493408129062818,0.11838756169924008,0.09450427357235237,0.06606034104265106,0.01575395290665846,0.06299500558919821,0.06408708586014997,0.0390028832249287,0.0,0.0
76561199145933358,0.34983649556758367,0.09158022013368505,0.15409463591792089,0.07873824932562612,0.03327385065361751,0.0,0.03848176770092844,0.10445912342003943,0.04968258468390996,0.06444037366431046,0.0,0.03541269893237839
76561199148191143,0.16904133360355167,0.12131079311748431,0.15940211835177534,0.16382690601533761,0.04550321235283847,0.033819984905933013,0.05257606830852739,0.013472699108778841,0.03982138796549405,0.050907329435186235,0.041455731282000474,0.10886243555309247
76561199148448392,0.23292838392266918,0.13109590446763617,0.184350611764497,0.09565594004105733,0.18612272972156207,0.09339255674611477,0.030800043443030632,0.017975884795407782,0.004085382718313603,0.006258789325095696,0.012488616104114397,0.004845156950501315
76561199148775972,0.3513834200100885,0.06051271206272718,0.32269733781434284,0.02741193505968297,0.17470163507494488,0.03899574192925198,0.02429721804896173,0.0,0.0,0.0,0.0,0.0
76561199149640219,0.1798779192573711,0.21570684252766945,0.09256326862978054,0.08127992739590006,0.04182485149138011,0.03554119271869288,0.16144408098323856,0.12098669516479517,0.04132502479299616,0.009381026726225749,0.00998612471904837,0.01008304559290186
76561199150096251,0.26013653461500025,0.12064048267437177,0.08849481388510799,0.09153235655806895,0.017841863027422872,0.06575055050377401,0.07138168196015633,0.12761021813063358,0.0671126098925891,0.041178995627776896,0.01940026762489494,0.028919625500203345
76561199153422953,0.34221540054357935,0.15637848247973637,0.14012346121862915,0.08125884078078634,0.008381396820846428,0.02464481001150654,0.07507116020346295,0.10238698637844958,0.043022248744243874,0.0,0.026517212818759517,0.0
76561199154157581,0.24710244018177552,0.20746590999949358,0.17362935733429624,0.06693343637593946,0.09255498516833156,0.03289980730542026,0.0445011101329152,0.07828651997782565,0.03250694260515742,0.024119490918845153,0.0,0.0
76561199156024770,0.19409633238216956,0.24090244261390673,0.10614543074577465,0.09784681720559726,0.11178994404046463,0.06346938985845393,0.06297256563229342,0.0636313729055532,0.0,0.05914570461578661,0.0,0.0
76561199159246290,0.27412002114858636,0.03163534823951036,0.12216253628957496,0.06584375500727259,0.23259837901011202,0.17709822413106416,0.038395655569450196,0.035519764567938386,0.011164349807670958,0.011461966228819892,0.0,0.0
76561199159754169,0.17726941403783375,0.16436956807371642,0.13378598014651802,0.15596548130058432,0.0,0.07151929456330673,0.07901498830439278,0.07517722426211289,0.02386784944892098,0.02442088970035177,0.03476664645185308,0.059842663710409284
76561199160326290,0.24615908358972524,0.18435390312953293,0.15915074394401446,0.055110827865974876,0.13420759866525908,0.05478033174111879,0.03971888773833327,0.06631811913434593,0.029811987101966798,0.017716606587274787,0.0,0.012671910502453776
76561199160469265,0.1921267530540407,0.08934192092643074,0.2932120285297447,0.08234317376946272,0.060560470720463534,0.11281548554715086,0.07015757106993628,0.06460015089715644,0.0,0.0,0.017421222742807104,0.017421222742807104
76561199161773396,0.41395170379946944,0.14561955790641193,0.11450653051118116,0.02943354624483367,0.15426711819936928,0.0,0.015191645019516862,0.09640239495955581,0.015191645019516862,0.015435858340145103,0.0,0.0
76561199162150157,0.34159324007131703,0.18878995657008948,0.1759031960409002,0.02719931703813927,0.0963616052591996,0.06314895058759586,0.013550203800172815,0.051956177587667185,0.0,0.041497353044918646,0.0,0.0
76561199163724629,0.28066772686995206,0.230558705474073,0.19287269611258961,0.06643220746422542,0.04843411642019291,0.02482932334029758,0.042340780248373955,0.07593370382424104,0.015038914882488078,0.00785291048107821,0.0,0.015038914882488078
76561199163970610,0.22584061881602455,0.19449056391810265,0.12411773706538223,0.1664966467801307,0.02264046800083845,0.05843861785461498,0.05878640905942735,0.05802310028984541,0.028088195492258577,0.052479441307860426,0.010598201415514711,0.0
76561199166182764,0.23276675265340085,0.07819167226295477,0.17808959841126604,0.06506527136944205,0.13236240437489089,0.032825543746684185,0.05062159885334656,0.11698526138835393,0.052544166279607854,0.024426868104536953,0.014119855402732353,0.022001007152783497
76561199167276604,0.25506895398072715,0.2225771640269576,0.20827588957430135,0.07153795658731585,0.014015841057744867,0.0,0.09557899605825981,0.0628167742927219,0.0,0.04393425018884065,0.0,0.026194174233130786
76561199170689400,0.13125304886714606,0.17569952109233458,0.1051139229884455,0.2799047510596752,0.011325422240023371,0.10598403807941684,0.07857726061449154,0.031155625120722036,0.03270093185751951,0.02595946920638398,0.0,0.022326008873841306
76561199171022045,0.18531760107492393,0.10885106977565481,0.16247455787403955,0.11305126817018624,0.13455312799962288,0.0677429258391977,0.041787197170008415,0.0659060585516068,0.07925593248902389,0.0,0.007998846977087859,0.0330614140786478
76561199172855668,0.2318445834968572,0.12137483095172479,0.07475086924981918,0.14167564905557892,0.0601836527401122,0.013943946153549755,0.04989414457890833,0.19602410086248062,0.04763836152115792,0.013135582286046684,0.026559943780412217,0.022974335323351937
76561199175895006,0.2752577445400889,0.19017135503455593,0.09146022719940888,0.030507968658826226,0.06629722600187188,0.04081061804916141,0.07739831164181776,0.1121304968377063,0.07161320215820627,0.023106317410163297,0.012030731934699494,0.009215800533493659
76561199176943260,0.23380068172971946,0.12837097414525736,0.16130030459640812,0.028523522134953815,0.07691677636096682,0.06004285033343419,0.09765334358390775,0.12257431767518086,0.015364066704835623,0.046949399620013245,0.015364066704835623,0.013139696410487164
76561199177263814,0.2778127292416314,0.17962488278096658,0.16450737547649996,0.09069731916478628,0.031862597650845384,0.02590670299895354,0.041147715170396226,0.08326434460072732,0.0558587874311628,0.01738807131144395,0.014779893735654224,0.017149580436932384
76561199177394627,0.2818957631282369,0.1683580097531901,0.16062135019322743,0.12616064472824826,0.03355559209777923,0.07173316711334073,0.0637649752572734,0.04147298167117054,0.0,0.014408119413254455,0.026218758028766696,0.011810638615512242
76561199177732895,0.31557164516807806,0.12256673262908516,0.1530372455588304,0.09292318539809036,0.05271660346125802,0.046860338704149324,0.05076815081771737,0.06648186050411002,0.011708072005868457,0.04955977113147408,0.012740419234075423,0.025065975387263222
76561199177743352,0.254859619894473,0.1588687889649983,0.21029009658315617,0.0751710663513154,0.07199819112457194,0.0,0.08833652285556216,0.06684904629069092,0.04038634095075448,0.03324032698447746,0.0,0.0
76561199177799021,0.23578184348195314,0.3053643557701305,0.116401755264358,0.06112779099307018,0.03758827115323803,0.06381945947672922,0.09800158591541906,0.051128525512624194,0.0,0.030786412432477605,0.0,0.0
76561199177910149,0.14434304783565768,0.284075620765116,0.20513170426207986,0.0992924172893511,0.04939853894269204,0.03660399004197229,0.15976331753216813,0.0,0.010592977556502306,0.010798385774460465,0.0,0.0
76561199178946434,0.22026605469109714,0.17583428550788194,0.16788315934414758,0.05661232275659195,0.12513302578853328,0.06351378521447758,0.04644039664744442,0.0808736598114085,0.041753947699290944,0.0,0.007043802359655808,0.01464556017947093
76561199178978453,0.0,0.0,0.0,0.0,0.0,0.0,0.0,0.0,0.0,0.0,0.0,0.0
76561199181453644,0.31780176681289046,0.05437243662051768,0.07487576909965839,0.0671100593698718,0.1351606919073945,0.05312780533870444,0.025987672758023505,0.16345786659172554,0.08094669330243306,0.02715923819878068,0.0,0.0
76561199182477254,0.27094408002781534,0.18530716297036925,0.19309293548076867,0.0727676014662501,0.13120530958747828,0.02552630462458407,0.026367098300481104,0.06718818727115328,0.01938486931498182,0.00821645095611799,0.0,0.0
76561199183568045,0.2733474237495305,0.12944551185286546,0.1526354091161597,0.06839302676779643,0.10629348665964393,0.0,0.04777672613622288,0.09037845308110848,0.0360178803702687,0.06059842080308102,0.021777619137993285,0.013336042325329775
76561199185923126,0.22633657378934768,0.1959335931735804,0.31461294028695896,0.06467963523580629,0.0698661382445069,0.019342420384774496,0.08309947340135655,0.00999930479662553,0.0,0.016129920687043137,0.0,0.0
76561199185957759,0.23832183500800713,0.20891483552462967,0.1256526618555796,0.08572137896930494,0.15788317469722074,0.08480621180383525,0.02367344488077951,0.01194272483426951,0.03845148499134976,0.024632247435023895,0.0,0.0
76561199186500350,0.2557197940429012,0.1545924177657958,0.2046916791949585,0.05337218013355915,0.04778407311557276,0.009839146836573547,0.05616706223829211,0.0973591399282325,0.0980008639035877,0.007815957241381632,0.0,0.014657685599145124
76561199186714151,0.32726323535660584,0.09239091752707965,0.1646542128733785,0.08672367525312426,0.08465614020449388,0.028313977696955994,0.0,0.10743128217348533,0.09870093506120528,0.009865623853671271,0.0,0.0
76561199190983452,0.29832073735134895,0.09930377422430528,0.2488496875831255,0.036907029564910696,0.07337598787051187,0.03278331996527421,0.033442783637682494,0.10175548748485402,0.049926953978178534,0.025334238339808537,0.0,0.0
76561199192245348,0.2491245239837266,0.21218001346710247,0.18595914922633133,0.03388835242300005,0.1506045577803014,0.09921400516451113,0.05980998122355192,0.0,0.009219416731475095,0.0,0.0,0.0
76561199194402331,0.2352593458665869,0.15882771315320993,0.11541868438849374,0.07272619248169003,0.12061007042296187,0.0503797591591831,0.12201838060289322,0.08451114817110945,0.04024870575387174,0.0,0.0,0.0
76561199195416934,0.22439034669516247,0.13425391346760007,0.16857981258651408,0.11572571868247239,0.07866602480187772,0.03247482727823526,0.07231506805902511,0.07693456582685769,0.026915818560129055,0.03008241911577158,0.027138463302452995,0.012523021623901693
76561199195958449,0.34577169577122047,0.08617634991323934,0.23110081500973798,0.0811509501976231,0.04648593528677638,0.0,0.04306542876919194,0.04290132190659499,0.031563445636888975,0.012040118254488764,0.06387934131782595,0.01586459793641217
76561199196035407,0.36704289241415733,0.048506998165972155,0.2974778516078784,0.06463892991409376,0.17227193750752157,0.019663325049909496,0.013715843726988997,0.016682221613478293,0.0,0.0,0.0,0.0
76561199199012410,0.2049381476544354,0.11561665355884758,0.17600204438634992,0.07975927945464037,0.19225748894868275,0.07572528439400607,0.04234171834207122,0.0765777151563417,0.0,0.027207050133657446,0.0,0.009574617970967486
76561199200039007,0.19867571527428815,0.15717948465298057,0.17086652470832672,0.08211016731698417,0.2023101356787761,0.06864872272110868,0.06454824156085287,0.03327906470346183,0.009456297540286554,0.0,0.0,0.012925645842934324
76561199200202957,0.3511982830691501,0.08819662819495591,0.2142910282828711,0.045173947899096706,0.11165438842456378,0.026296995397852647,0.0022340435205559298,0.09448469640070037,0.05936894407841892,0.0,0.007101044731834505,0.0
76561199200353988,0.33671880721007286,0.11933652260450955,0.18261318643861976,0.0445772550659823,0.06788102913152755,0.019209722067391417,0.05424259776362877,0.12644178534502543,0.03663702960534743,0.012342064767895036,0.0,0.0
76561199201774235,0.3059798921272343,0.15514574847614498,0.1669681923151645,0.07176227705685445,0.15841933141759637,0.042378651620910195,0.03177913306105281,0.04675777732553485,0.0,0.02080899659950754,0.0,0.0
76561199203270822,0.2472514857873826,0.23138813509880107,0.1398660790672394,0.09229305604453968,0.05775480930897201,0.04912582079769573,0.0686793212186644,0.0636804425697251,0.02028317338012211,0.02967767672685802,0.0,0.0
76561199205535040,0.22892048660414532,0.1444307594988492,0.15193561754101526,0.09617439962103137,0.12655648510760564,0.02220720891806605,0.027521841616676236,0.08466966550731046,0.02229537327281916,0.04024439791160687,0.0550437644008744,0.0
76561199205562180,0.2880026846468008,0.15721486741169965,0.2513624272514253,0.06002023852967058,0.16474357026784636,0.024404077489653404,0.02301443685567849,0.03123769754722542,0.0,0.0,0.0,0.0
76561199209636789,0.22807339993867176,0.19581692347338323,0.17660026727897285,0.07033998822549611,0.07287760403251924,0.022565149037388137,0.046096476174912,0.10815085001026788,0.0,0.02055809987931926,0.013844717783496989,0.04507652416557251
76561199212301613,0.2667663423059073,0.17556261740898135,0.2007783246808154,0.14878755183698555,0.087202308153171,0.03916925353814724,0.03121549055879028,0.03562122758035546,0.014896883936846463,0.0,0.0,0.0
76561199214007024,0.0,0.0,0.0,0.0,0.0,0.0,0.0,0.0,0.0,0.0,0.0,0.0
76561199214725358,0.26211317394000994,0.19563292464355833,0.11698976923606917,0.10629660559178813,0.055335478991291216,0.0,0.0901392875031226,0.04748092429707845,0.015155365399833056,0.012911769841221497,0.05464047074361684,0.043304229812410916
76561199214927585,0.302740729348696,0.09645215019946478,0.1310623444855555,0.05504743298291239,0.06943668982375432,0.04567168850320921,0.032041181701109964,0.09591474948568392,0.05924628738323185,0.024715136279352626,0.04383580490351474,0.04383580490351474
76561199217005171,0.5050090698855446,0.03298695110288822,0.30128361442767576,0.0,0.07867515453160259,0.015180494501732724,0.015017872851434542,0.024866137391171324,0.0,0.0,0.0,0.02698070530795022
76561199217242920,0.27716670863552595,0.10895353556246838,0.11300153669044122,0.11765032966046896,0.05753755818894119,0.04177451851145514,0.05150154422762119,0.12309726704599429,0.06836791248816002,0.01865520458914315,0.0,0.02229388439978066
76561199218023441,0.4168894314544346,0.08325552113717612,0.19328762073418157,0.0,0.21635229237738318,0.03668865143261264,0.018848071596859275,0.018848071596859275,0.0,0.0,0.0158303396704934,0.0
76561199218251849,0.43719401332279706,0.12177169967896312,0.2025143690238373,0.0,0.056160531507703726,0.0,0.0,0.13007244607931806,0.0,0.052286940387380895,0.0,0.0
76561199218355105,0.0,0.0,0.0,0.0,0.0,0.0,0.0,0.0,0.0,0.0,0.0,0.0
76561199218902109,0.14141945664453795,0.16275234531534213,0.14362251155975578,0.11518024642516847,0.09792906235544978,0.0703004627870224,0.110054495670798,0.11571688031611943,0.043024538925805995,0.0,0.0,0.0
76561199218919589,0.23275053724990838,0.14102853136679966,0.07897667811030812,0.13776637986318568,0.09280928695361029,0.14612891811485706,0.04427692662795731,0.0633760821895179,0.04060925457178728,0.022277404952068428,0.0,0.0
76561199221510423,0.33854593945664546,0.1625893172932443,0.13671172711058185,0.08812066601551313,0.04121187781064417,0.04165589701162969,0.04720218488515276,0.07873255702267602,0.05198797109544687,0.0,0.0,0.013241862298465645
76561199221523939,0.2552546142050937,0.13059883676564424,0.19878221902902238,0.0893118317434554,0.06859160712024136,0.0,0.053789364740136444,0.11616728328116928,0.03438282978208294,0.027444801198376896,0.01482075338226336,0.010855858752513875
76561199222145594,0.30497990072882275,0.20685031674159923,0.15364951508965155,0.07654831150806168,0.0778667768079748,0.023895119372175082,0.06608213460031868,0.044315428590835135,0.037118644811064486,0.0,0.0,0.00869385174949657
76561199222262354,0.16150835103999464,0.21616950832937104,0.20337849039910308,0.08812370494424293,0.1341442960740286,0.07914753156622585,0.06830494976108425,0.0310520291384467,0.008690805977702729,0.009480332769800377,0.0,0.0
76561199223548527,0.30705455875661547,0.13191372310743038,0.12764990096670376,0.07150887505622852,0.12607386632730141,0.055862713868608666,0.05425708773489913,0.06934371868501069,0.0,0.0,0.01639431866755708,0.039941236829644955
76561199223661728,0.0,0.0,0.0,0.0,0.0,0.0,0.0,0.0,0.0,0.0,0.0,0.0
76561199226176149,0.20816822546392055,0.18848768089749604,0.11955852308189399,0.10835585261611456,0.013903593834518013,0.02511101858103931,0.1833945912455534,0.0810455725030276,0.027605834354540004,0.02856220890365979,0.015806898518236672,0.0
76561199229183744,0.24486467788785002,0.1628922633011948,0.08988000520630691,0.10052161755910881,0.060633988816604756,0.027561232568837385,0.05196155308059201,0.11191013987979037,0.08617033739624266,0.04240284641296069,0.013537081664311001,0.007664256226200676
76561199229382365,0.3962093917446021,0.04076921144165545,0.2233908389909225,0.008652455183569786,0.20981588683869656,0.020345655307126856,0.03211675625808566,0.04554782075040436,0.023151983484936745,0.0,0.0,0.0
76561199231536128,0.2668687682065539,0.1831832530284266,0.1256175079547756,0.048507812695767566,0.07155105631404342,0.05176567449867043,0.10036037726900739,0.016684952735140875,0.0,0.01587411500517702,0.02590601370058958,0.09368046859184768
76561199233164979,0.20995179406896872,0.12824876584420858,0.12520510422836068,0.1732855721294116,0.06429340552112874,0.06820143164251692,0.013608457393953,0.0657786802434877,0.03723051253121024,0.06322177217835223,0.03703719260106104,0.013937311617340544
76561199233790996,0.0,0.0,0.0,0.0,0.0,0.0,0.0,0.0,0.0,0.0,0.0,0.0
76561199234936599,0.0,0.0,0.0,0.0,0.0,0.0,0.0,0.0,0.0,0.0,0.0,0.0
76561199241168041,0.0,0.0,0.0,0.0,0.0,0.0,0.0,0.0,0.0,0.0,0.0,0.0
76561199244382821,0.3951393965395333,0.17355374133923163,0.21264372989786218,0.03670389020349003,0.04896179957052968,0.0,0.03670389020349003,0.024694280762985285,0.0,0.046581871325552096,0.0,0.025017400157325793
76561199244845825,0.0,0.0,0.0,0.0,0.0,0.0,0.0,0.0,0.0,0.0,0.0,0.0
76561199250115440,0.2286637215913789,0.1391161016196261,0.1671515816296175,0.09566583529918651,0.06091025893681133,0.05536683391189828,0.049354065785618816,0.0892105474431001,0.06668007701566586,0.02139503583152214,0.0,0.02648594093557438
76561199252400135,0.2179448008080628,0.16651606917812012,0.15235383919123624,0.08137203253141975,0.12263063247066643,0.06896851728995138,0.03722034706207151,0.08287255805663368,0.04467555837080122,0.025445645041037027,0.0,0.0
76561199256004350,0.2575007609446762,0.18815034583600004,0.1679570440912625,0.03196909456473849,0.09017859687221258,0.01607926546695714,0.05347008796674023,0.07648284849061462,0.07670897669545289,0.041502979071345175,0.0,0.0
76561199262202976,0.2868167446699328,0.1961470613230502,0.12321699053864524,0.09888367408316472,0.0955408158097801,0.011299377784601083,0.0596996658886444,0.03788561499573459,0.02488205316715953,0.03370948647947392,0.011907777878212438,0.02001073738160107
76561199264732687,0.23770604356564312,0.13027812525211657,0.15382798750113502,0.05660510147091715,0.08153826577678464,0.06206555549452852,0.05481354300395523,0.11063656760383393,0.085400268080842,0.0,0.019202669377466994,0.007925872872776855
76561199266425816,0.22905309949713096,0.20411687522556898,0.16508736851147912,0.09162952906724077,0.09801540046960615,0.0689408844428067,0.02997046009120838,0.07120098634095078,0.03149827888437952,0.010487117469628594,0.0,0.0
76561199267496067,0.15816423413741387,0.17710910181871614,0.1623123011772349,0.08362856258213382,0.0862938401629143,0.042311540013852185,0.12523000684595462,0.10522376369234934,0.022752033300741402,0.017755521537437494,0.009900460141908122,0.009318634589343844
76561199268363521,0.2343737553740419,0.10123934175438758,0.13405133715640327,0.10665942389820994,0.0628068890239591,0.04027777919676997,0.06417312731280374,0.10591814670098061,0.05290348365615159,0.04515079724022597,0.007853178529938118,0.04459274015612815
76561199274384456,0.2998669825639092,0.12749465754973502,0.130858345540412,0.06046224556572679,0.03470017672494796,0.015001448918971831,0.05032996308768372,0.1554063680782105,0.1011836634275564,0.006850845525970661,0.0,0.017845303016875827
76561199274730477,0.3076962696336559,0.14219326222080345,0.22377259280681416,0.024078449207529416,0.2152288442447439,0.03699055839909676,0.0500400234873564,0.0,0.0,0.0,0.0,0.0
76561199274993293,0.0,0.0,0.0,0.0,0.0,0.0,0.0,0.0,0.0,0.0,0.0,0.0
76561199279081053,0.0,0.0,0.0,0.0,0.0,0.0,0.0,0.0,0.0,0.0,0.0,0.0
76561199289397551,0.2566093041430382,0.10606417999497139,0.15087311188866132,0.13123250214923074,0.03985852978951432,0.03803545561503115,0.008439611467583836,0.053275211096535185,0.0834437493383667,0.04109006061125562,0.010102849133751377,0.08097543477206023
76561199290213981,0.0,0.0,0.0,0.0,0.0,0.0,0.0,0.0,0.0,0.0,0.0,0.0
76561199296937509,0.29287336238760886,0.11376009439536348,0.1503772206522704,0.13224934224012508,0.08123685298013239,0.07556363206839693,0.046328265290386125,0.03414562282239533,0.02760613855116584,0.030616077922572968,0.0,0.015243390689582676
76561199305756354,0.3179865067953204,0.12810028713495908,0.1130920860195787,0.11660504866344822,0.08282387254894459,0.04483394529080373,0.068150239555042,0.08904703369749291,0.026141052563481246,0.013219927730929127,0.0,0.0
76561199309848738,0.0,0.0,0.0,0.0,0.0,0.0,0.0,0.0,0.0,0.0,0.0,0.0
76561199315863592,0.3319426217835598,0.2531617123148539,0.11345303755716579,0.045509158006902514,0.09395408771284387,0.05841992362392422,0.0,0.03808533161484387,0.01659100214155871,0.04888312524434733,0.0,0.0
76561199326716853,0.30718038067082637,0.1484255651491241,0.24683038309392644,0.06909426929879119,0.07025630642956568,0.012848938233780046,0.056050168937974806,0.013037214903879974,0.016494270836470124,0.023449476830490937,0.024537113628308748,0.011795911986861491
76561199336091998,0.37499556091004094,0.025803336016343856,0.14792485101092467,0.0667614189023536,0.10567454102435613,0.02418141484930952,0.027472985818699006,0.08843923156337215,0.053072063855881584,0.0,0.04121333601307219,0.04446126003564618
76561199337941690,0.22310261224131767,0.11316878115531971,0.09508590273380554,0.19180858190065983,0.010559691451584972,0.06977944652465169,0.021476957792722788,0.08592068384632355,0.053354053344081685,0.05155062572404437,0.031242859791038618,0.05294980349444959
76561199347967453,0.18773983954456083,0.2174121191522246,0.17690891936654038,0.11713804637648104,0.1027662103395174,0.12149373080895508,0.034571326162488224,0.030122875081101078,0.0,0.011846933168131377,0.0,0.0
76561199349057212,0.0,0.0,0.0,0.0,0.0,0.0,0.0,0.0,0.0,0.0,0.0,0.0
76561199360923051,0.1553803926898188,0.2012900222608494,0.23048998150772848,0.11851870328690471,0.1583315799433232,0.037351659916410165,0.04349873927274111,0.03426993886332502,0.01302783552410972,0.007841146734789299,0.0,0.0
76561199362890720,0.1742799598734562,0.22232786226172677,0.14840084072558732,0.12024683314466407,0.023025604960761527,0.025655458001533616,0.12823006047452593,0.09189523977099189,0.030008323626878074,0.02412095220786618,0.0,0.011808864952008708
76561199365659108,0.2549139415792883,0.22375813010102139,0.13733851445547066,0.08303968548414223,0.07695552531533856,0.06236116284735929,0.05839478363444533,0.030449916279207005,0.0,0.06371920707389127,0.009069133229835906,0.0
76561199375667566,0.4792207812663509,0.05157835130401708,0.22589734415899906,0.019665781109823366,0.1042410111999823,0.019665781109823366,0.03670598292822509,0.06302496692277866,0.0,0.0,0.0,0.0
76561199376134768,0.24365463407344515,0.11440183375517247,0.17220833448381082,0.08632435228577338,0.07042219543883634,0.15177052811925407,0.031638727194955654,0.04817515487526711,0.03690797475701586,0.0,0.0,0.044496265016469125
76561199380289969,0.35213224019109307,0.12452654191181999,0.22667090128283224,0.08636463850492866,0.08253554359453495,0.010715066040976017,0.01527876286933687,0.0229329221348283,0.0,0.012197636464053037,0.01748907565141208,0.04915667135418483
76561199389419785,0.0,0.0,0.0,0.0,0.0,0.0,0.0,0.0,0.0,0.0,0.0,0.0
76561199403138420,0.29644993448912865,0.1097675006776336,0.20671041387614097,0.025726386357630027,0.20589853500085104,0.10395012133909419,0.0,0.026771016009538372,0.0,0.024726092249983195,0.0,0.0
76561199403272332,0.0,0.0,0.0,0.0,0.0,0.0,0.0,0.0,0.0,0.0,0.0,0.0
76561199418668383,0.3011808880736243,0.22063723008498953,0.0707847554398025,0.11486267236169238,0.03646551115093617,0.027458844479160714,0.10582063482343403,0.0828261425988212,0.00821507923598606,0.015254100813132974,0.008372861611455312,0.008121279326964822
76561199420955153,0.0,0.0,0.0,0.0,0.0,0.0,0.0,0.0,0.0,0.0,0.0,0.0
76561199422202390,0.26807497343658143,0.30514444942101826,0.2146542210894964,0.06294832288514565,0.022192201827069935,0.016734774960836467,0.0764910754317839,0.0,0.0,0.023588909865924084,0.010171071082143822,0.0
76561199433626235,0.25418141467870303,0.15889705804628187,0.11044127325846925,0.08811715878049853,0.08509873281460686,0.012593362826726781,0.06831491048549601,0.14155085914387855,0.060814422902922466,0.0,0.00716307385575429,0.012827733206662261
76561199433753634,0.3245518197634676,0.0998878004747245,0.23948525234749873,0.05760236734628555,0.08184263239171234,0.04562637932490435,0.023925577923535463,0.08103930279914098,0.021948528023560464,0.0,0.012045169802585087,0.012045169802585087
76561199439557760,0.0,0.0,0.0,0.0,0.0,0.0,0.0,0.0,0.0,0.0,0.0,0.0
76561199441452962,0.33346210586219066,0.14731793999941153,0.22644701245194426,0.011390078384412694,0.1488324316066258,0.011390078384412694,0.014861169802613683,0.05733762560066798,0.01495231925455373,0.03400923865316698,0.0,0.0
76561199441844249,0.04045298291420528,0.09840683922405657,0.3065655734750462,0.10335639332151976,0.05222286943623816,0.024723198773889885,0.26850022069927665,0.02066850226360978,0.0,0.0,0.042551709946078875,0.042551709946078875
76561199442146005,0.10508612883605574,0.2960515919471675,0.17384688933990625,0.044240715684129746,0.09480853927689915,0.03455809011970836,0.23637416044131251,0.015033884354820795,0.0,0.0,0.0,0.0
76561199442822555,0.21133993860568306,0.09070495180794678,0.1648513938316373,0.1579679079551484,0.07046465116370741,0.09403289528427271,0.07818345344689323,0.08075857478380453,0.036537415220357805,0.0,0.015158817900548656,0.0
76561199442878224,0.27224660932185923,0.07645800820772443,0.16747443108894375,0.042596311406126325,0.17894576913863178,0.12961418726370866,0.009542473370863763,0.05717688944913944,0.04646062415420997,0.009542473370863763,0.0,0.0099422232279291
76561199443514192,0.23581707629304585,0.18928770824085367,0.12212674520426543,0.10737204466658236,0.043385837083726043,0.050122817525975756,0.01621781119535056,0.09848244829749753,0.03558125593023615,0.045346163206239874,0.0,0.056260092356226775
76561199444606097,0.2689646990067135,0.2204720696827317,0.10863307784592824,0.03560675922706245,0.09146999883871086,0.09353295835972697,0.06885812211462712,0.07781545795941222,0.012454526907222398,0.022192330057864536,0.0,0.0
76561199447044530,0.235793960925175,0.14910029981274722,0.12424140133853737,0.05421754351624039,0.09735869129372103,0.05038553015866276,0.11042954973777129,0.12531273998770912,0.04057881461676193,0.01258146861267375,0.0,0.0
76561199447952692,0.24443299416158012,0.1773592811592604,0.08182361008717048,0.11528032303024609,0.07116499897317809,0.10126545160120488,0.1306821545062047,0.05297184252305915,0.0114159995675721,0.013603344390524037,0.0,0.0
76561199448991262,0.2449068836591924,0.20480633738055695,0.1782411256264671,0.05581580402190118,0.11922420991545878,0.06397062831094394,0.03607505904973887,0.04427997345462108,0.023612684742594016,0.02906729383852575,0.0,0.0
76561199464469677,0.3263973804556325,0.12970754270788612,0.225355270994204,0.0,0.09698295441585611,0.016946387476705245,0.025088029709115785,0.09435109989238905,0.06159526638056081,0.011532863641114704,0.0,0.012043204326535701
76561199469179667,0.2454319240394238,0.14691733636882626,0.1760249975380326,0.17446127450084184,0.060332564986488015,0.0,0.0,0.04941618796612706,0.0,0.048906720945905355,0.05193389047523454,0.046575103179120586
76561199469292362,0.0,0.0,0.0,0.0,0.0,0.0,0.0,0.0,0.0,0.0,0.0,0.0
76561199470080023,0.24904610479287,0.13602602609323236,0.10503122183405428,0.09213479392790407,0.10854130618148648,0.014046485793010117,0.06161533494284652,0.15094527046217854,0.05343416784799286,0.007502869729685277,0.021676418394739376,0.0
76561199470418036,0.22267310955890698,0.16763681506872607,0.09509654633558044,0.20538671668806718,0.0438293612094996,0.06663628881132048,0.04020708649459215,0.03802059347009111,0.06598319865745997,0.05453028370575595,0.0,0.0
76561199470516845,0.3565618639989657,0.12906028148127938,0.2418907912248247,0.04519437175601991,0.05031031819445956,0.0,0.04802733947175602,0.0830110054597197,0.022608990996440884,0.023335037416534116,0.0,0.0
76561199471838775,0.1764544980120425,0.18427303590493524,0.09652025889290103,0.21585999427707492,0.03742161842631388,0.03478882440387347,0.15623652424204423,0.060696267563525405,0.012281459335461448,0.02546751894182775,0.0,0.0
76561199476865533,0.0,0.0,0.0,0.0,0.0,0.0,0.0,0.0,0.0,0.0,0.0,0.0
76561199478273259,0.27460841589700385,0.1117576078631707,0.14746034118576548,0.14844780513817468,0.11617704397865825,0.09523434598249526,0.009320893612259774,0.03233748719962017,0.032683851915674224,0.03197220722717759,0.0,0.0
76561199478662488,0.25770450705546993,0.26066736804536506,0.1936719778958704,0.01881841281058606,0.14855020091535673,0.04236055846881485,0.03667724780578807,0.026990004319298048,0.0,0.01455972268345084,0.0,0.0
76561199479136443,0.2641548276055056,0.09895096511639082,0.09524147224244332,0.15265577080466633,0.03318182216344138,0.0,0.047081645891075705,0.014342190153175786,0.02341488660474753,0.012643342377038728,0.11807438153667268,0.14025869550484207
76561199479939042,0.0,0.0,0.0,0.0,0.0,0.0,0.0,0.0,0.0,0.0,0.0,0.0
76561199480061465,0.30344925170055226,0.08117707961163075,0.21864178555184166,0.05145615842636524,0.08066506229631912,0.07793812174516494,0.04189824940791958,0.0698439952473859,0.044482678188695356,0.0,0.012006839115167433,0.018440778708957557
76561199480220778,0.0,0.0,0.0,0.0,0.0,0.0,0.0,0.0,0.0,0.0,0.0,0.0
76561199483983127,0.3211710458228551,0.17796430416313738,0.10114960153791874,0.10674895585230945,0.03419347697657661,0.042100422886736315,0.043240192426055195,0.06518782239527521,0.05296352177136596,0.020665100709084977,0.017307777729342465,0.017307777729342465
76561199484238062,0.5055452691095453,0.04008470602991426,0.1934549759174642,0.0,0.19768253431475077,0.04203307463603127,0.0,0.021199439992294084,0.0,0.0,0.0,0.0
76561199485777278,0.26098299057994895,0.16923229693411243,0.1959707023924782,0.030278241129852782,0.13959563934740543,0.06275104006783462,0.03977250758351028,0.05663383340707609,0.016424405724369116,0.028358342833412185,0.0,0.0
76561199487796611,0.42439617326010837,0.0905791562431254,0.22554365189539846,0.047336773071059296,0.06716494126316261,0.013219674810836706,0.014049529989656117,0.05055553622742749,0.03968412817224921,0.0,0.0,0.02747043506697635
76561199488596444,0.39433092875079906,0.08771435918727398,0.2283399133279632,0.04048173197819373,0.09650231924148038,0.012789556476021592,0.0,0.06683111109990619,0.0,0.0730100799383619,0.0,0.0
76561199489499857,0.2825179991856223,0.17485074235464929,0.1275692265791467,0.06730056731260908,0.09034548567538017,0.044642578137975696,0.05186433214386755,0.09181633119204918,0.029689905232919502,0.03062437273739375,0.008778459448386676,0.0
76561199489520002,0.22499209081862162,0.21529352885698105,0.15453808978824188,0.05958143931852167,0.13098625915303413,0.06497615516547361,0.0403508572674266,0.10928157963169943,0.0,0.0,0.0,0.0
76561199491642775,0.14511981259697207,0.20896746739029498,0.04143783681650614,0.2192256176517153,0.015781454768749332,0.03646156181396111,0.1375744020443337,0.07621575625076256,0.02366341343361012,0.03967989448445656,0.01325914364425756,0.04261363910438073
76561199499958759,0.3043703622666223,0.12299717860311705,0.13989637099981625,0.03191333961846002,0.23570561738726778,0.05935392075019553,0.012455102629462388,0.03371877540396216,0.01828990038292272,0.02637092220600365,0.0,0.014928509752170166
76561199502416746,0.3197281236358197,0.18875548413299922,0.12029142216364326,0.06830638470351558,0.06500585252503442,0.021365912177122644,0.022212640138377017,0.12017544691231641,0.03672719236634278,0.02412374129991724,0.013307799944911661,0.0
76561199504742246,0.2518371223364808,0.2527359348409851,0.09972444250483427,0.06265830969396295,0.06400683889840098,0.03503554977223068,0.10057703019547885,0.07698233582137853,0.009647955912448911,0.04679448002379879,0.0,0.0
76561199508808924,0.2546936716851562,0.16871988929331713,0.26379372423900066,0.1731057661660334,0.010372797887358795,0.02402384382680983,0.027404157553828263,0.0,0.023985878101962795,0.0,0.02695013562326653,0.02695013562326653
76561199509552956,0.11321109664405149,0.1788731405490235,0.0831843443049573,0.21803807658360796,0.02371971318358661,0.05162535384559719,0.08455658382924142,0.0292009534299283,0.049827045445053356,0.0404865373569454,0.03271497156112052,0.09456218326688699
76561199510293669,0.2165832289816718,0.19915692235444823,0.15674675816124223,0.11430452659411752,0.057514682516447306,0.00871153057625015,0.04878951185114111,0.07747472382654447,0.022298196280137194,0.059441382135769646,0.0,0.03897853672223046
76561199511405134,0.0,0.0,0.0,0.0,0.0,0.0,0.0,0.0,0.0,0.0,0.0,0.0
76561199512269509,0.2744602778074566,0.1516415956915971,0.1252083241219188,0.13717482319840382,0.012717298969218775,0.04455561553046775,0.05519895536248793,0.035394468578038504,0.0712098716021622,0.04558259802539398,0.013020429577298296,0.033835741535556414
76561199512376287,0.135597756566327,0.15253220395915168,0.10192954632632352,0.22288186749684386,0.010696011090914333,0.0971798643591908,0.04902778235276313,0.08125425621860902,0.021343276020979008,0.023672787371429607,0.10182692738530945,0.0020577208521588503
76561199512732822,0.3074545725470212,0.057551487504705845,0.16341939935438635,0.0,0.2917453260088088,0.05529395433310419,0.10954419086459799,0.014991069387375622,0.0,0.0,0.0,0.0
76561199514742019,0.0,0.0,0.0,0.0,0.0,0.0,0.0,0.0,0.0,0.0,0.0,0.0
76561199515983042,0.21627444513984148,0.12242028680752803,0.15442102104659405,0.08669250789718944,0.1401978049767112,0.06882405449894723,0.07175964996478211,0.06597805148112593,0.033418765812362715,0.009196648211367639,0.010265703895592802,0.020551060267957274
76561199517455475,0.259653270126122,0.1749861026176977,0.16025674332585754,0.1265332239195771,0.0622224184749102,0.06557596851567477,0.03066745258975786,0.03254955715743564,0.03191845257801972,0.04609563555325322,0.0,0.00954117514169421
76561199518636045,0.1318150471273151,0.10318510355966956,0.12493087331700922,0.1392610603149515,0.07030146161349057,0.11679463031501058,0.06681726783521263,0.08588066478118031,0.07602027622644372,0.03781874365867877,0.03663217585578758,0.01054269539525058
76561199520743247,0.36842237398163274,0.2176641417337884,0.08015305713132563,0.06914447293943436,0.03731749714997184,0.0,0.06475062326691876,0.10728612161271663,0.028662932323734992,0.008244336052618088,0.0,0.01835444380785857
76561199521001438,0.26807449010741197,0.14494540484218987,0.16005073511235562,0.11795979072872372,0.06013108693309091,0.05078513580500395,0.020743042250285237,0.08097218247506187,0.04450902790336293,0.04226462119543393,0.009564482647080014,0.0
76561199526209117,0.4279000030518218,0.09252837254921063,0.1693089877435784,0.06429350500397765,0.027424005407606342,0.053089822361275615,0.028461698854027294,0.08211957196083879,0.054874033067663475,0.0,0.0,0.0
76561199526487450,0.20781268514444876,0.238462776556066,0.11937112292061249,0.13871608565196475,0.06880552733382507,0.018052851968783576,0.07715439601970808,0.02189164122884575,0.00743471273256752,0.0605695304786373,0.0,0.04172866996454082
76561199527406968,0.24003207664061957,0.14475893617041416,0.1502607668932031,0.07663736258381454,0.11804192640873688,0.014249518766226058,0.06384695471794624,0.10192310441353311,0.03228674854034807,0.020667366895735416,0.023045719203196927,0.014249518766226058
76561199529575900,0.39461059316805236,0.2042130176067385,0.16332113032422496,0.031343196805866634,0.06587895661266022,0.012080314283004724,0.04699503944213946,0.08155775175731332,0.0,0.0,0.0,0.0
76561199529590961,0.0,0.0,0.0,0.0,0.0,0.0,0.0,0.0,0.0,0.0,0.0,0.0
76561199530756303,0.20276111562101523,0.22114686799560523,0.10985297625771592,0.10738379287800018,0.016571621901510434,0.006900053710790979,0.06855306955349826,0.0818104728673042,0.046532229479742664,0.04825785590128446,0.02292179936918785,0.06730814446434451
76561199537429327,0.4596456361589462,0.015938052115177025,0.2275049586983158,0.01663884286359266,0.19072869084364608,0.0,0.0,0.028608303035619065,0.01663884286359266,0.01663884286359266,0.0,0.027657830557517922
76561199538031995,0.0,0.0,0.0,0.0,0.0,0.0,0.0,0.0,0.0,0.0,0.0,0.0
76561199539087405,0.26034510237466324,0.14963230537151465,0.20033759454795386,0.07371498870622897,0.1516007822620075,0.07524137209017534,0.021656961369614997,0.0251941617689959,0.00852062114963483,0.021313115399491385,0.0,0.012442994959719266
76561199541793625,0.13022066411085423,0.1304005932449103,0.052563873689936,0.2218783554264391,0.03971947639718177,0.1553139440209375,0.026169503273011863,0.01641433508416626,0.027266924159179314,0.028236249388773442,0.0920904237879846,0.07972565741662552
76561199543961855,0.12811366514889208,0.1958750897058312,0.13349179750519188,0.1902729818457011,0.04673019522337977,0.05012906842810267,0.13084903100958564,0.01770757939390618,0.03245720331576529,0.0,0.029626621289520264,0.0447467671341239
76561199544472375,0.22798356619541219,0.10359141910798562,0.16108984271216464,0.16914734052782324,0.004650313964767511,0.11979983689641327,0.04095453519538962,0.09881593143964033,0.05702968310666792,0.0,0.00995970860224319,0.006977822251492381
76561199545066123,0.3296885808619012,0.1461498196311066,0.1572270786530881,0.06551753631497624,0.18588855025097586,0.0586116931325939,0.029290327060587623,0.0,0.0,0.02762641409477047,0.0,0.0
76561199546266669,0.2209572833944614,0.128219648630497,0.25207962627608144,0.07674532487251608,0.1321733573832967,0.05607167747610516,0.06994105380341427,0.026214319340528248,0.0,0.03759770882309952,0.0,0.0
76561199551749900,0.23233216574285445,0.07486881803389413,0.16335148696953816,0.09540050290405293,0.028316759029270607,0.041719873727440376,0.08595987112118313,0.12827384619292034,0.04441821465074829,0.02139115308773609,0.0418211348865409,0.042146173653820666
76561199552824101,0.2860195754595547,0.052777617521975226,0.21924386046722877,0.08891771101026087,0.12461184802801062,0.03951348767287388,0.012267967325050817,0.052443430206595205,0.022130412455429,0.010047176230351219,0.046798182143610506,0.04522873147905936
76561199553177714,0.18216459035832713,0.1982595170021647,0.14397838171249244,0.1792394899030311,0.01610185421217904,0.045244701644454176,0.07602569914996174,0.056929674444507215,0.026448016885445076,0.047421398702041394,0.0,0.02818667598539597
76561199557398352,0.30346767983730555,0.14513908071652648,0.22147545701440208,0.06557471154044354,0.05635162147254027,0.019393850426487665,0.0570196065353986,0.07074545079725963,0.03142675256925791,0.019000310651619633,0.0,0.010405478438758706
76561199557989035,0.31404012273276516,0.16307768280867513,0.12170457965261036,0.10065384574764714,0.015219768458186008,0.01113140448708829,0.043786163076126074,0.05453455577439682,0.006620846143090131,0.03853416139724127,0.04296402022056062,0.08773284950161299
76561199559728739,0.24124842447017233,0.25389167747640157,0.13028228412711398,0.11063528043769084,0.0404583061511309,0.07798962027272639,0.04593300883944829,0.07271867546594458,0.026842722759371128,0.0,0.0,0.0
76561199559993324,0.22009331599171672,0.12129980385988,0.13481087198507433,0.14936675918584794,0.09337076995437286,0.021710674398819522,0.020894551342167705,0.08055073626228804,0.0818468209356186,0.05834843498559215,0.011890088319595668,0.005817172779026536
76561199568067378,0.252403214952162,0.21634566574731787,0.17040751768395063,0.09995345794964457,0.08165505574990103,0.02952306306351589,0.05661423972573709,0.03322141609857244,0.023310272699518526,0.03656609632968,0.0,0.0
76561199571958168,0.3488006465946669,0.05708786562872668,0.3115667394266705,0.04855908181551282,0.03384897700874805,0.007849437320965888,0.04326819579591983,0.05671320816426461,0.031109395887048516,0.036965613152313045,0.011456427085326388,0.012774412119837
76561199572634759,0.21637920015503287,0.2277271519526729,0.033755110697416345,0.15919633618845044,0.023849608039819857,0.08753130787086873,0.08328491526128588,0.08330790356154359,0.0414872225457095,0.019224779543314672,0.01556361769158267,0.00869284649230254
76561199575139982,0.2685319742000127,0.18288827225093773,0.13516994299806215,0.12338314478120717,0.03797398282003267,0.03752092551687967,0.007608642153001317,0.10360951204684565,0.05898040703213956,0.021517075511021347,0.0,0.02281612068985995
76561199579773295,0.264751880939822,0.15720245077331857,0.16632297963001821,0.07017042234241044,0.06857188356259206,0.0570728520447953,0.0657940037231852,0.06230269433475351,0.017753670602473317,0.05947796122132541,0.0,0.01057920082530601
76561199581122905,0.3116062349978239,0.08819371359909565,0.15867889755702158,0.055916474070826075,0.1947230615725617,0.06986245099514224,0.011376010605479176,0.09826714599657049,0.0,0.011376010605479176,0.0,0.0
76561199587644940,0.24222294708430156,0.1688140147556163,0.21587696701293624,0.07658282373463873,0.020115915301972882,0.03957150068124386,0.085514153823416,0.08676941015909674,0.03253929415058201,0.01195077822021578,0.0,0.020042195075980027
76561199589158503,0.26720830632952597,0.0803999423871363,0.1983314570759906,0.14259305666288954,0.020039840107397445,0.020052008534684727,0.03443308389520214,0.02594185995432802,0.03756220709550347,0.008926916642781899,0.04928127450599254,0.11523004680856729
76561199589538204,0.22700399110264752,0.18612360740445721,0.17762388863631154,0.0307741253368349,0.08008766573443644,0.04764196695799485,0.039455374740018145,0.04471063635311683,0.045202570656134894,0.12137617307804778,0.0,0.0
76561199589647383,0.0,0.0,0.0,0.0,0.0,0.0,0.0,0.0,0.0,0.0,0.0,0.0
76561199592008364,0.2644329124228864,0.21670467843919716,0.16370275546318233,0.1075316194002749,0.09331030366333387,0.02824296967277063,0.042291917145891186,0.03302407074096985,0.00942959714302006,0.031899578765453726,0.00942959714302006,0.0
76561199608316668,0.2287202644384706,0.14516608139832593,0.11619913574805903,0.1290613866383494,0.10076561362912531,0.09164882148329732,0.01327023846114708,0.03840570888062419,0.02984125176154077,0.0357918732559598,0.014574460638259271,0.0565551636668413
76561199627864130,0.21094432116008113,0.17925049101621054,0.16553400602715826,0.1266943704870318,0.09478429407996833,0.03149086140130514,0.03400547398862182,0.026501503467730943,0.020250078268144806,0.09502776694093762,0.007006638096538819,0.008510195066270768
76561199630639323,0.180301886167285,0.1944035046161374,0.1678782617864066,0.09765739663497952,0.08817021792454802,0.013609024475329919,0.09481816242561505,0.06804278946419014,0.034708513178062256,0.009228532117638688,0.02797205180167892,0.023209659408128466
76561199631745821,0.18481270435064084,0.13642144994610864,0.11584417178821953,0.2067818787425956,0.028233024237066036,0.07995531554441232,0.07876866614194837,0.07082165719502785,0.04179339195165425,0.04997677589431075,0.006590964208015679,0.0
76561199638601866,0.2274839459359262,0.1116153447115952,0.20313802282262847,0.1379712051165727,0.14744334357178343,0.08292921663064351,0.06101146729274189,0.015710405843873138,0.0,0.012697048074235606,0.0,0.0
76561199639237662,0.3605983847610306,0.11799508366970081,0.24038004312771832,0.05626842821806937,0.0860412302910166,0.0,0.05784392206950436,0.035685430910510796,0.03199680051200067,0.0,0.0,0.013190676440448513
76561199642042062,0.20407036761188582,0.2118952728635963,0.3303735205148119,0.02273663917064654,0.046651737188109686,0.0,0.12992418937672184,0.05434827327422778,0.0,0.0,0.0,0.0
76561199645738773,0.25464133545508405,0.11857502941796347,0.2055504010249162,0.06528631895568439,0.13774483914081778,0.03850091835192023,0.06373786305412017,0.045287558640117444,0.027014168748331926,0.026259027758684928,0.0071828630281124605,0.01021967642424709
76561199651398849,0.3695927554031708,0.08847280384054275,0.2704127076831054,0.06211475656790169,0.055111973175785985,0.016538360750960525,0.02817983124544153,0.05451956430337054,0.03745461314427403,0.0,0.0,0.01760263388544672
76561199651436954,0.2293922023564329,0.18608353085075435,0.08226916056624337,0.11956647139790762,0.07666352203942083,0.10613707194700991,0.05830646238920128,0.07203182590897725,0.028199259807693052,0.041350492736359545,0.0,0.0
76561199653622095,0.215710217678979,0.136533047548284,0.07917723639390332,0.15781865442076473,0.07672407105877986,0.10598003951455456,0.08920792415345728,0.0638493935906484,0.011995714596043358,0.04733833283565323,0.0,0.015665368208932037
76561199657362718,0.11701216838278711,0.18529405567956506,0.17059517475798086,0.1806402254374792,0.07251937180304045,0.03643170055891165,0.13500071239435923,0.0860753417752632,0.0,0.0,0.008215624605306632,0.008215624605306632
76561199680990806,0.28618195915201916,0.1350320966413748,0.23870580351885923,0.07093725594518437,0.14518353551162064,0.02317335375020449,0.024810495765051382,0.0,0.03887374120883015,0.025188268558982596,0.0,0.011913489947873257
76561199681279488,0.0,0.0,0.0,0.0,0.0,0.0,0.0,0.0,0.0,0.0,0.0,0.0
76561199682596889,0.230070424939278,0.18574462264729893,0.12135588080290337,0.09303874288251265,0.06623613583472607,0.03170685688400626,0.061766068436987905,0.12040737236360698,0.03086192990251173,0.05881196530616789,0.0,0.0
76561199687646290,0.26959283383820143,0.21714494576730575,0.14075049471253104,0.09620184523329071,0.061222999361844006,0.040821424200641866,0.0755772315265889,0.07047943073034886,0.01543862609511036,0.01277016853413721,0.0,0.0
76561199688154793,0.2770547729221998,0.10278478413529211,0.17783449769698392,0.13746656213664096,0.07819562947555646,0.047199865319045714,0.03855898686174874,0.038937206858467986,0.03710692581188807,0.026924402696043653,0.019745527862494623,0.01819083822363793
76561199696739033,0.3008317572905707,0.16853991102960506,0.2026902215794501,0.10213926835793635,0.09685194861279342,0.023873746525106643,0.0,0.06880888121302407,0.029860222693664736,0.006404042697848978,0.0,0.0
76561199697755740,0.2544023112565863,0.13797566955987464,0.20187091595046963,0.1507535552860263,0.021860908170798075,0.06041875332481402,0.074843686188866,0.02116333161203639,0.02116333161203639,0.014510645663061858,0.008026535398573615,0.03301035597685675
76561199698533340,0.18008289211502207,0.1836474004692888,0.13299685169356887,0.1385423808407722,0.1480650889754416,0.04905548580469022,0.03024417333297485,0.03404773782253989,0.024454258416381783,0.04844187812991367,0.0,0.030421852399406053
76561199699572362,0.2744667368295371,0.2004547622245824,0.08931047900163558,0.10831810121697606,0.07923079829262528,0.04412158711107133,0.06570788515689975,0.0903675218299484,0.0133118758257311,0.03471025251099316,0.0,0.0
76561199729570190,0.41098952536257266,0.057543072436151234,0.2812841047903322,0.0,0.19266352668230943,0.0,0.034721628054104184,0.022798142674530217,0.0,0.0,0.0,0.0
76561199729773816,0.1986945772431448,0.21488348029196094,0.13145615085812834,0.18940539636649964,0.021994629496138236,0.1093841936600073,0.0364531744000255,0.04128256997913957,0.022533062817751928,0.009978324642826192,0.0,0.023934440244377745
76561199738119259,0.22278370871863476,0.18020871761716994,0.09769762653158338,0.16515422315398426,0.07508605710647859,0.07242667540604282,0.06158353053046746,0.06070015829214225,0.03672913400638575,0.027630168637110902,0.0,0.0
76561199739359982,0.2470812039785257,0.17315052343048407,0.16008731162606127,0.05919753665013725,0.04350533022854119,0.06697972179315585,0.10083682590641807,0.10296013909797927,0.0,0.011902820153398934,0.010595986467729187,0.023702600667569188
76561199748150200,0.3595647658130548,0.09486610416994613,0.14926600676787474,0.09600393496911241,0.051816262973944344,0.0,0.04083229312509517,0.0064995210643491175,0.0,0.0,0.03753511932906174,0.16361599178756148
76561199750937606,0.3550560731015493,0.09824266236446566,0.1903948311575591,0.10835705872573456,0.09891759453372222,0.027912015203514086,0.04622902686657029,0.046093953104801626,0.015008617502739713,0.013788167439343595,0.0,0.0
76561199752752935,0.1598472433620588,0.19889163878507563,0.20286923586055156,0.09954202501590038,0.10350045652415758,0.06921082765976896,0.07143907930812823,0.052328914772287925,0.034498447673994806,0.0,0.007872131038076066,0.0
76561199754121666,0.43164400551154836,0.037117577860178885,0.36735603790657373,0.0,0.12289354784288818,0.0,0.019112781645341727,0.021876049233469096,0.0,0.0,0.0,0.0
76561199755294671,0.09179616526960585,0.2825392019260877,0.13632995712864687,0.1849341588862545,0.06276781962118674,0.02253447418897058,0.18039920074736207,0.009462804594928572,0.02253447418897058,0.006701743447986322,0.0,0.0
76561199766435421,0.39396872348922696,0.13322023072166836,0.21236553573663938,0.020348276950091698,0.06610642914203138,0.028898531070461662,0.0750439683022182,0.032103175401761774,0.011927246886481231,0.0,0.0,0.02601788229941933
76561199780856085,0.16450204872744928,0.1205763537162218,0.19062790666341833,0.11031598026400269,0.08676214999539995,0.03197670897805102,0.18124701099684762,0.06443494846136404,0.022254000483301218,0.027302891713944233,0.0,0.0
76561199782026649,0.2769527114101524,0.12814697711967457,0.10246660830901559,0.13489070845362489,0.04760858578235178,0.049384699728922545,0.029738890472161137,0.10112575044640208,0.06054173954451095,0.007895418037434097,0.019932558447882606,0.04131535224786762
76561199783971190,0.29831019547127663,0.17567315477998408,0.17439829630994524,0.05630830666026783,0.10627470647752957,0.022780531031778514,0.07668547412980252,0.051103527866788845,0.0,0.038465807272626835,0.0,0.0
76561199785196304,0.1636334307087091,0.19514904731602836,0.08631819355646667,0.2190489222727457,0.040774902334041935,0.15699373642284847,0.04993152539765587,0.020525468517478825,0.008967979153472081,0.05865679432055303,0.0,0.0
76561199786534958,0.10757798638700533,0.20750233130304202,0.07442140623851974,0.3184820457103967,0.033557711483622014,0.05340024679534369,0.045568259006823514,0.023293803449427254,0.02306713660252094,0.06829998414845437,0.0,0.044829088874844485
76561199792770301,0.26947938094183954,0.24657037366218934,0.08758472298291514,0.09793917677412409,0.0462524862726302,0.06209501063810807,0.0624212117023384,0.054003647884722346,0.0069440347266886485,0.05881361547909209,0.007896338935352102,0.0
76561199795154363,0.2029186029623728,0.12447038509455413,0.11414862042981447,0.2674289470798158,0.009351572271982201,0.021582182167383068,0.0248732868468306,0.06653447378673687,0.02323605153631032,0.027963725816209328,0.05342404533654278,0.06406810667144769
76561199795377753,0.21486347097249633,0.19684437426899334,0.16026242441459154,0.12721843620173218,0.0770976585211051,0.03510055823104759,0.07054274687093108,0.07498941215240891,0.037348087759144735,0.005732830607549119,0.0,0.0
76561199795834891,0.26598404925404157,0.1548230959789936,0.22448782455999539,0.045238909561777965,0.1674163007650473,0.02160424445336566,0.04594058444850313,0.05589481648772521,0.012656291407448566,0.0059538830831015604,0.0,0.0
76561199798719870,0.29648864495864424,0.14941780064789045,0.1727144037482453,0.10538897133441771,0.025537032746721016,0.03797809283856025,0.022586563148172163,0.053009828722037834,0.004325899075185742,0.021653875100052334,0.04644917746374924,0.06444971021632367
76561199801101431,0.1989516995350785,0.23906548516196444,0.23667975744338518,0.08315832735674995,0.06819986122547826,0.0,0.09303343714451986,0.04176886258947191,0.013479355123079394,0.0,0.0,0.025663214420272452
76561199802479009,0.22647361849710676,0.1885254842369944,0.1232923414374442,0.21660240171180428,0.0,0.02793250731945311,0.04900683856176925,0.02891649719966635,0.0,0.05932196533249462,0.0,0.07992834570326704
76561199803381158,0.14746475846904417,0.1889702189270173,0.10575062627163255,0.1561955250529115,0.060597827581601794,0.03248920135908597,0.058861263092574216,0.07182575670454122,0.046417497808308845,0.0,0.04870571981065848,0.082721604922624
76561199807197342,0.18693038110347834,0.20164914511720158,0.17296181555528756,0.14208742079535747,0.08133912643926527,0.04968854325021278,0.06227454218972635,0.0496149159829465,0.013285735156473197,0.040168374410051035,0.0,0.0
76561199808319799,0.22348814218190094,0.18773601755682168,0.1524777814767503,0.08258336351783876,0.05312535580314349,0.02355715646612561,0.06077504017040693,0.09495020430773694,0.01097648578751813,0.027481607826909088,0.0429402242235862,0.039908620681262004
76561199810023508,0.0,0.0,0.0,0.0,0.0,0.0,0.0,0.0,0.0,0.0,0.0,0.0
76561199811355494,0.0,0.0,0.0,0.0,0.0,0.0,0.0,0.0,0.0,0.0,0.0,0.0
76561199811370756,0.3162669404167377,0.11303380805114774,0.12096963236372249,0.10422177816534584,0.02401547490167988,0.03605735521409928,0.02534157696051245,0.08730538041371803,0.04122309151919864,0.06507719142279866,0.038226416490327,0.028261354080712255
76561199818269939,0.2945329678847138,0.11482016615471763,0.15768319159108765,0.12144671433956561,0.12225676352379107,0.07556179855189121,0.049888449989004525,0.022883889936194276,0.0,0.024897015511441495,0.0,0.016029042517592764
76561199819516004,0.2870727098884104,0.1761252550955907,0.20082161582277988,0.11942450605674505,0.02746619826441624,0.017489404314501487,0.05697601366612282,0.05903062776079465,0.0,0.029225701387075146,0.02636796774356365,0.0
76561199820531118,0.1599481802330881,0.1519658275619805,0.12122581526753365,0.2046365184579604,0.009966080445766919,0.012535989410832223,0.055673774648986964,0.02507594339776507,0.04254387127951103,0.08203709163994714,0.04998252751871801,0.08440838013791008
76561199828159495,0.2347870222904567,0.18912580346105543,0.158025457295124,0.1667238586595646,0.04081662699433466,0.04832014999003826,0.073993309577532,0.05559663614914223,0.01485148942125698,0.0,0.002384348449746021,0.015375297711749085
76561199835282867,0.279841778481943,0.16290384307845415,0.10963567376721968,0.047060644829072164,0.11927328946648115,0.023455589775265646,0.0954737732761621,0.09083782185260401,0.014795362313876154,0.04527265718634177,0.0,0.011449565972580233
76561199835618401,0.1105202411377784,0.11629184396178298,0.04799736846983868,0.1603921962918525,0.06562653017707128,0.1300637869881703,0.09416066467579869,0.17556511642833464,0.08472101348065218,0.014661238388720356,0.0,0.0
76561199836896572,0.3690060276639462,0.09150257028701002,0.13067450234703146,0.09289511130702333,0.03849879205503019,0.05409024925232976,0.01257780019923889,0.09299909292735853,0.10517897840686646,0.0,0.0,0.012576875554165246
76561199870547222,0.23523444307076255,0.0696086403271564,0.1661870011362561,0.07888382761614109,0.13932250269072569,0.11836829372964493,0.02923862118323163,0.046789422040124574,0.046789422040124574,0.0247003241731725,0.030527473878253317,0.014350028114406763
76561199872409865,0.28545365990957366,0.085910127273154,0.22778962770317673,0.05851794816716684,0.16067932378841668,0.06313984046890385,0.042982821379566355,0.04045430494907099,0.03507234636097101,0.0,0.0,0.0
76561199873886387,0.3236026868253084,0.12407715901147343,0.20660840161709193,0.022027190954071234,0.1429400415739242,0.022027190954071234,0.02667262495207998,0.07864186388734858,0.029852143768000272,0.0,0.017375731093957746,0.006174965362672909
76561199875437136,0.2749855275209482,0.23069911822134045,0.15723356537492922,0.047978705990466226,0.10584702935099524,0.07043024638329377,0.061785787777472984,0.05104001938055389,0.0,0.0,0.0,0.0
76561199875754390,0.34425793502877833,0.19257036943469963,0.09668599049240607,0.10396782457092585,0.08822856083027081,0.006971838678728849,0.03487875990214138,0.08830584013555079,0.003622455068116992,0.03892023951283134,0.0,0.001590186345550057
76561199879374518,0.3641844666575032,0.09722849288357872,0.23155383004118105,0.03778833068311673,0.173806740975448,0.01486989676705367,0.04148939622868042,0.026433704415352772,0.012645141348085394,0.0,0.0,0.0
76561199882387137,0.371949400430088,0.054101835453442645,0.27108966369189774,0.015030857387504796,0.19795648537178526,0.03400992092388603,0.029792723361812455,0.02606911337958311,0.0,0.0,0.0,0.0
