steamid,genre__Action,genre__Indie,genre__Adventure,genre__Simulation,genre__RPG,genre__Strategy,genre__Casual,genre__Free To Play,genre__Massively Multiplayer,genre__Early Access,genre__Sports,genre__Racing
76561197960612825,0.2783397449959456,0.1160142570225652,0.2195473291858664,0.0610392072863581,0.1480742220470326,0.0784936413454377,0.0,0.0307635837945212,0.0,0.0227705548172972,0.0224787297524876,0.0224787297524876
76561197961222873,0.366353651733885,0.1199118959829666,0.2543043721775836,0.0685168415601591,0.0605087733202369,0.0124284870787411,0.0160837901593594,0.0635524554195551,0.0383397325675127,0.0,0.0,0.0
76561197961774441,0.3094849327176855,0.0685042175487289,0.1644788400005997,0.015147528494129,0.2164348855614223,0.1225303061377759,0.0,0.0573250633517228,0.0189777650784603,0.0271164611094754,0.0,0.0
76561197964052205,0.3201064491038235,0.0640271191304798,0.2208247613584379,0.0806756271919263,0.1207804468215099,0.0104781827679333,0.0,0.0384420355828507,0.0271619625731751,0.0205028091828341,0.0588786287069203,0.0381219775801085
76561197964909627,0.1569438972855837,0.1644009148453649,0.0764919136293026,0.0918590397449903,0.1917886515652403,0.1528984933448741,0.084029228140116,0.0815878614445278,0.0,0.0,0.0,0.0
76561197970412468,0.3972363849421905,0.047951500054319,0.1050030882840799,0.0324960188718558,0.082188187803252,0.0664512871928756,0.0,0.1324381051421665,0.0800448280618841,0.0333721963951098,0.0228184032522664,0.0
76561197970935355,0.3024506412551306,0.0959555953852401,0.1986817931498368,0.0661576980188165,0.2441264250075104,0.0773770648084782,0.0,0.015250782374987,0.0,0.0,0.0,0.0
76561197975515451,0.2669124255049705,0.1174976614380783,0.2059601690006284,0.0653816788363876,0.1937671142865596,0.0648427495948791,0.0342557535035344,0.0384002866683726,0.0,0.0129821611665894,0.0,0.0
76561197976062269,0.2276714210656711,0.1255332335511803,0.0801954041087028,0.0573888389828793,0.1820553841541538,0.188224544759713,0.0582336205422571,0.0452604160461751,0.0240054404682724,0.0114316963209947,0.0,0.0
76561197979876290,0.2034934041400933,0.0,0.222154465760507,0.1461161564380095,0.2101400430668742,0.1811295741881378,0.0369663564063779,0.0,0.0,0.0,0.0,0.0
76561197984511411,0.365451380506368,0.0787042299151048,0.1595638746241454,0.0475000709572538,0.1029070835685908,0.032784435107769,0.0331986207449051,0.1475451440757127,0.0323451605001502,0.0,0.0,0.0
76561197986853412,0.3063199113545308,0.05926964585865,0.1853274519227191,0.0453277328652014,0.307391244320125,0.0439200905504398,0.0,0.0190368291086224,0.0190368291086224,0.0143702649110886,0.0,0.0
76561197989427343,0.2823274342270774,0.1496994597375739,0.0624975195497978,0.0878115189390653,0.1017279665080472,0.0722361082404414,0.0659151924281272,0.063690533681242,0.0396121716207882,0.0429161841503651,0.0,0.0315659109174738
76561197990751243,0.1794302370971858,0.122378711538173,0.0538118403991421,0.0358059585395177,0.2667546111090749,0.2639089682030922,0.0167194711277866,0.0396310355760341,0.0,0.0215591664099932,0.0,0.0
76561197991266305,0.2898245651037303,0.0552942716618682,0.1754615414379396,0.0223978655369665,0.0774587336035257,0.0369808041680626,0.0759929802051003,0.1449654574732174,0.0564968427620059,0.0,0.0374400420010869,0.0276868960464962
76561197992664926,0.3974381942354867,0.0170064217433212,0.1355380556329815,0.0557377074157482,0.1427361070681281,0.0348709484578511,0.0158343291085387,0.0767909995887894,0.0593764050835899,0.0,0.0322452430836516,0.0324255885819131
76561197994874800,0.3775715255964106,0.1196274982721476,0.076994692684989,0.047762655201707,0.1201852281928375,0.0680115504789897,0.047762655201707,0.0875021159727735,0.014118056016564,0.0137022285141307,0.0133808969338714,0.0133808969338714
76561197995444569,0.1980207077389786,0.0955621979860668,0.0485854890542651,0.1445475054254153,0.1667376981603544,0.3156974500279883,0.0135965305892788,0.0172524210176526,0.0,0.0,0.0,0.0
76561197995730646,0.4228941978377087,0.1225949290729231,0.2238644565852821,0.0242375836933636,0.1077099783596848,0.0418925511483235,0.0,0.0409540009772769,0.0,0.0158523023254369,0.0,0.0
76561197996331680,0.3626826061310273,0.0542848294049081,0.1788245393168756,0.0137727847520903,0.1515898124149129,0.0651761738760867,0.0137727847520903,0.1275493141287443,0.0323471552232641,0.0,0.0,0.0
76561198000672368,0.2891073290818705,0.0141507100607168,0.248297398280099,0.0,0.3569249667335039,0.0617686127802386,0.0,0.0148754915317856,0.0148754915317856,0.0,0.0,0.0
76561198001075422,0.3883926968087036,0.1002999209903686,0.2440133600110047,0.0437666679952431,0.103732845457415,0.0,0.0236964298561312,0.0524155635144857,0.0140602956534442,0.0,0.0148111098566019,0.0148111098566019
76561198001198569,0.2765761102891407,0.1049918434522917,0.1608484002278885,0.1059311140383224,0.1119338403092087,0.0628943881391955,0.0224276837179094,0.0560981456985787,0.0594999006476946,0.0154301848599146,0.0090799211073549,0.0142884675124999
76561198003022602,0.0895703363623466,0.1005186231779813,0.1047100059281755,0.2018021311431041,0.1564026227731113,0.3259457927555341,0.0,0.0210504878597469,0.0,0.0,0.0,0.0
76561198006572540,0.2333165786973395,0.0936881060337488,0.1728031348878685,0.098495971193778,0.1621446789637598,0.0823043797226826,0.0204030485163974,0.0259422069828406,0.0712271442743379,0.0293546768725715,0.0103200738546752,0.0
76561198006847070,0.2742189408085323,0.0584377751176101,0.1607936874504291,0.1228778986324629,0.0507956731371879,0.0362247665578986,0.023868323750553,0.0894889835722514,0.056600080404485,0.0150103010718212,0.0404487405469736,0.0712348289497943
76561198007100949,0.3051662834130711,0.0433927504652284,0.2233045315502739,0.0,0.3218025433716971,0.0292356053481063,0.0,0.0,0.0632587538833775,0.0138395319682454,0.0,0.0
76561198008475336,0.2354003327137799,0.1589345379837883,0.1289194517164003,0.0144626252117269,0.1679388706154987,0.149555326735357,0.0557388871900922,0.0156907666649631,0.0332226745541483,0.0401365266142449,0.0,0.0
76561198008608067,0.1605378980227893,0.0783409957631987,0.1502439748546739,0.1988293543660775,0.1692112845081931,0.1609609580934826,0.0515507148079877,0.0,0.0,0.0,0.0,0.0303248195835968
76561198008886047,0.2226240716122678,0.0938129213260588,0.1337909918828397,0.1495686575851237,0.0768844471627703,0.1138155673524926,0.0340604471534687,0.0965178861287783,0.0422934146775936,0.0138668260593429,0.0134665203605281,0.0092982486987349
76561198009000791,0.1630448888467785,0.0818940900334503,0.0437578397963972,0.2546818750483814,0.0815673876366041,0.2744468641588512,0.0207004726102896,0.0453719753822544,0.0145425607055593,0.0199920457814336,0.0,0.0
76561198010613920,0.3945920068206545,0.082895511076965,0.1096718144983149,0.0323583599828716,0.1240728163065793,0.0964316183344978,0.0149795162118865,0.1033302686370874,0.0228708291198741,0.0187972590112683,0.0,0.0
76561198011617878,0.347416787510093,0.0652423382276084,0.1888961980335375,0.0254177047058561,0.2162827125396612,0.058645880343535,0.0146887249414871,0.0345300730614763,0.0115271291663018,0.0249790031719936,0.0123734482984496,0.0
76561198014439859,0.319642224190983,0.0169095422566468,0.1932547434862564,0.0724138539209285,0.1859531145200702,0.0814110440015144,0.0451721104882054,0.0488943685558878,0.0,0.0,0.0181744992897535,0.0181744992897535
76561198014489715,0.1846354996840002,0.1207083882628774,0.0893660511682811,0.1411761268015817,0.087850182804438,0.1029688095671801,0.0799044517794777,0.021107613769997,0.0381750951324148,0.0,0.107936154196742,0.0261716268330097
76561198014916777,0.2220766713772682,0.1657630516562527,0.206580542377265,0.0564780635161475,0.2627808042120238,0.050970495894484,0.0353503709665586,0.0,0.0,0.0,0.0,0.0
76561198015886343,0.3473389631329682,0.0277542726260706,0.1528719514391323,0.0305682745300022,0.1230849975433688,0.0344626435291732,0.0459744154547841,0.1413169926551532,0.0328482005526831,0.01836538281341,0.01836538281341,0.0270485229098436
76561198016615227,0.2788799241382071,0.0797987709014106,0.1850239732576201,0.0458149861828802,0.208456954441315,0.0574744864927563,0.0224000227627607,0.0510654698505459,0.0590820935879165,0.0120033183845873,0.0,0.0
76561198017488621,0.3129467372961387,0.1444226732516358,0.1118071351436281,0.0297957917492617,0.1869507755182337,0.0597998880484414,0.0408002950102292,0.0587810739007089,0.038570187345051,0.0161254427366712,0.0,0.0
76561198021181507,0.2167994125246152,0.0619596392223228,0.058083273227366,0.1843328519979833,0.0924673840941571,0.1931156505287198,0.0331468106771497,0.0440093507983731,0.0732777868203978,0.0287694355815699,0.0140384045273448,0.0
76561198021642939,0.2157393327626824,0.1021664268819888,0.1769286065789166,0.0793390112670265,0.1566673260910648,0.1291725343857666,0.0350463545148873,0.0385223073883605,0.0120990977460919,0.054319002383214,0.0,0.0
76561198022647651,0.2210461394057011,0.1784672121249523,0.1865380479060633,0.132425724128697,0.034800446897188,0.1158905579469264,0.0598115914803049,0.0275080119365636,0.0134306490726792,0.0103851261223472,0.0098482464892882,0.0098482464892882
76561198023629256,0.1921790397642205,0.1415173391664,0.1539464847569127,0.1230196011862994,0.0894849313664203,0.0476770138363085,0.1129420120145352,0.055282182053207,0.0208455037499241,0.0318989024891914,0.0133049465700599,0.0179020430465205
76561198024043746,0.2922754912637305,0.0815698686967556,0.1249592441599357,0.1412691684669737,0.1328012282951927,0.0738853066304247,0.082797126031116,0.0287190602321381,0.0274275888101257,0.0,0.0,0.014295917413607
76561198025419566,0.1570276482257956,0.2225531672039153,0.1193216385906708,0.1228707154421959,0.11183300654589,0.0563256706219301,0.1185420763458543,0.0212290607296031,0.0517890450116294,0.0,0.018507971282515,0.0
76561198025420677,0.2405104647196958,0.1051581689256102,0.1600045945989676,0.0747222361281354,0.1104549524147316,0.0304071426192221,0.0637073159591671,0.1405953743466063,0.0569731900676374,0.0089010567894784,0.0,0.0085655034307477
76561198025710872,0.1607161026877072,0.131693956094237,0.1668264148146715,0.0952628961559303,0.2615424880983437,0.1097653084599006,0.0357524465525309,0.0,0.0134166913297405,0.025023695806938,0.0,0.0
76561198026512221,0.2007853298535516,0.1137572059784506,0.1359520092709409,0.1149067519821024,0.2058299092417958,0.0623867149573186,0.0,0.0400641302181405,0.1115726806826862,0.014745267815013,0.0,0.0
76561198027570687,0.2056616341184814,0.1043218585550477,0.1487417921486036,0.081731003251417,0.1796366675589188,0.0359104952095662,0.0124412514619811,0.0801675382817155,0.0851797991251301,0.0215345904136749,0.0,0.044673369875463
76561198028531972,0.189775149985154,0.0569810952207765,0.0779413888729907,0.1547181323415776,0.1698103442402271,0.3178251960587469,0.0,0.0139938212511982,0.0189548720293288,0.0,0.0,0.0
76561198028843852,0.2778294224695629,0.0122559533331503,0.1613599897795045,0.0655521981980208,0.1863043931154303,0.0185781909758436,0.0091686335980554,0.0702973480934202,0.0834079953200155,0.0,0.0385207065113534,0.0767251686056426
76561198030076768,0.2651397404003493,0.1224930808817541,0.1899314091281577,0.0740877847113991,0.1585831694403675,0.0777120464693452,0.0484339814797071,0.0414413517687189,0.0,0.0106464519929944,0.0,0.0115309837272064
76561198030700598,0.2498525124864374,0.1022860858769945,0.0797646890070843,0.0801932701093112,0.104263983991994,0.0914492798719108,0.0219596759003552,0.1328857113268425,0.1046113767683127,0.0094532105902641,0.0116401020352464,0.0116401020352464
76561198033159937,0.1729925621915973,0.1042609243147119,0.1291656640807426,0.0730044977228194,0.1532144947565797,0.0683970055617792,0.0367029303440108,0.131627823111593,0.1096041795045788,0.021029918411587,0.0,0.0
76561198033904301,0.257551730102198,0.1620164671697799,0.2222387303100707,0.0579705269101355,0.2373643878645024,0.0349727448684177,0.0158407585244384,0.0,0.0,0.0120446542504572,0.0,0.0
76561198035576206,0.1142219986754266,0.1199509993978816,0.1141569395378293,0.1394244959555453,0.2060972375989149,0.2447177151277933,0.0130171948358516,0.0,0.0180115398869836,0.0304018789837735,0.0,0.0
76561198035678145,0.2931242086445113,0.1731385459238813,0.217693456893367,0.0395493857231592,0.0525600562994899,0.0474403379141335,0.1001240629801719,0.053183401402332,0.0,0.0231865442189536,0.0,0.0
76561198037116274,0.2273421267149576,0.1227627085623384,0.0675610013099151,0.1656473571328235,0.1293109510364672,0.1526363980117282,0.0107897288100026,0.0406800273695749,0.071992819086771,0.0112768819654211,0.0,0.0
76561198038492608,0.207714283179173,0.0719307998947898,0.2233540536005426,0.1133888855138609,0.1848726189729411,0.1486420218520139,0.0500973369866784,0.0,0.0,0.0,0.0,0.0
76561198038973945,0.1704462386118096,0.1838510694613314,0.1209823075619738,0.0847821344644327,0.0740614653967098,0.0576127793716223,0.0762605405456268,0.0668297002888512,0.0927597408048006,0.0384641325877306,0.0164894078222195,0.0174604830828913
76561198040275236,0.2388878520772357,0.1010205889747378,0.1713543645397471,0.023874691891508,0.2838847544392525,0.0745150141878724,0.0376786899640667,0.0278766086942995,0.0264652330736685,0.0,0.0,0.0144422021576114
76561198042424940,0.2361161182115027,0.1228186589179404,0.1350817017237605,0.1128204812151723,0.1987589564133586,0.0471125934567999,0.0372390465959599,0.0235513126782941,0.0483793008121503,0.0259937157623531,0.0,0.0121281142127081
76561198042752440,0.3364341718178566,0.17203619502526,0.1255407486555175,0.0859882596058117,0.0196758342731623,0.0214281881577394,0.1108637659290814,0.0614931124229123,0.0,0.0350072965860064,0.0210827527236372,0.0104496748030147
76561198043309202,0.1943781654047164,0.1018159790973022,0.1383709605654344,0.020960430711158,0.212442576155126,0.0431829016841882,0.0394009832499882,0.0914772684394575,0.1579707346926289,0.0,0.0,0.0
76561198044169133,0.2903740927020059,0.1301699227002996,0.0892047959464411,0.1259311802727161,0.0102109974901697,0.0811337716348225,0.0211830527485578,0.0263535009973486,0.098583581822083,0.0,0.051919176881951,0.0749359268036045
76561198044695535,0.2170517213738349,0.0747976796274554,0.1713480205091952,0.0738019969376088,0.1835718336002937,0.0913862096711865,0.0,0.036183506765543,0.092067391904525,0.0411438098787721,0.0093239148657925,0.0093239148657925
76561198046112241,0.1916420292278072,0.1115034376490521,0.096923692555404,0.1329651530036007,0.1246474327509615,0.1898199037629151,0.0283688155430454,0.0273752636814273,0.0392470022650904,0.0575072695606959,0.0,0.0
76561198046544865,0.3548359316956557,0.0767966889525859,0.228537712610683,0.0256731451437541,0.1256780206732334,0.0143470945599446,0.0131187158730807,0.0790379569079827,0.0400970635099344,0.0145738632993318,0.0145738632993318,0.0127299434744815
76561198047089807,0.1998767933295953,0.0551868882817116,0.1152287123375322,0.0929826266162593,0.1449360491712693,0.1168948986991974,0.055967245105467,0.1348989516678541,0.0243798372641763,0.0,0.0424559609029599,0.0171920366239771
76561198047882234,0.2481978857813707,0.0718746703104287,0.0799670239929345,0.1505825898942632,0.135665824278156,0.2257447064444649,0.0314749065384208,0.0,0.0431278554943528,0.0133645372656082,0.0,0.0
76561198048967211,0.2946043902996949,0.0563948317099391,0.0968939247916284,0.1022580526033055,0.1708435457101783,0.160441879968791,0.0,0.0756972140992026,0.0284842761900915,0.0143818846271685,0.0,0.0
76561198049192663,0.1920017817274713,0.1425863557153945,0.1205134899244081,0.0207750959246092,0.1779938116844241,0.0939934981842731,0.0617146431489898,0.1326070468871807,0.0578142768032488,0.0,0.0,0.0
76561198050935092,0.2537395606551353,0.1364050832192985,0.1034087501328845,0.1219604675173481,0.1752172633599354,0.0983399617696045,0.0402088165755942,0.0578734925168637,0.0128466042533355,0.0,0.0,0.0
76561198051250642,0.4074369757571656,0.0974100900244599,0.0655052499111801,0.0422586559190337,0.0614244458908373,0.0816302273065639,0.0247821522038327,0.1988984767309922,0.0206537262559343,0.0,0.0,0.0
76561198051389016,0.0557607957523639,0.0247629171736074,0.0095104144677025,0.2708467650323698,0.0121881979680158,0.3878369922423544,0.0569957730061521,0.0267944959912336,0.0234276788801954,0.0051229220062102,0.1267530474797946,0.0
76561198052549305,0.1024162067666496,0.0609747768684873,0.0868141813788957,0.2644492520234885,0.0916467731875668,0.3800464293261142,0.0,0.0,0.0,0.0136523804487974,0.0,0.0
76561198055682730,0.2216369018965908,0.0443294810131026,0.1411450604142558,0.1004589856966196,0.1807595079266682,0.1876687060136663,0.0,0.0561214819960334,0.0678798750430629,0.0,0.0,0.0
76561198055895597,0.0342146683542459,0.2333854670650187,0.0634364858298922,0.2275105579637897,0.0299416014655304,0.1112545083458751,0.2200527345704752,0.0466934242989361,0.0180576911047991,0.0,0.0,0.0154528610014373
76561198056078990,0.2211305993610564,0.0818038236894622,0.1025666515891276,0.1621848927641534,0.1199530256926192,0.2040582874427488,0.0,0.0152569801690665,0.0685816987727768,0.0126209161566933,0.0118431243622955,0.0
76561198058903842,0.2710069638078357,0.0876256929987653,0.0789128300309369,0.1236086859887018,0.1388725120824036,0.1315520577178969,0.0234296186728321,0.0969841432566458,0.0181856388935168,0.0097692554414396,0.0200526011090249,0.0
76561198059495299,0.3039013644953026,0.0648367953158464,0.273875240745441,0.0,0.2576978702616452,0.0409121082288821,0.035410534088006,0.0,0.0114059606520817,0.0119601262127947,0.0,0.0
76561198060883629,0.1540053510681572,0.080750665950788,0.0296546833851423,0.1714338025107319,0.0514297049421304,0.4244291867405924,0.0293209610086576,0.0293209610086576,0.0,0.0296546833851423,0.0,0.0
76561198061178161,0.2784439912263731,0.0993016064606681,0.1864213825093369,0.049166102331888,0.1214461574006748,0.1243632364652202,0.0495299404640582,0.0578068342825235,0.0167603744296284,0.0,0.0167603744296284,0.0
76561198062256620,0.2953592667057392,0.067127376490896,0.1393234446725974,0.0155332952212449,0.1922415822121486,0.0932495662671337,0.0280102867228531,0.1154492759737157,0.02762304398142,0.0260828617522512,0.0,0.0
76561198063490669,0.1421006115411629,0.1095227505974629,0.0880488369698991,0.2033556294307561,0.1671592433800265,0.1657127343264503,0.035731446925256,0.0405351704757052,0.0356389988023892,0.0,0.0,0.0121945775508915
76561198064339088,0.187867156579882,0.1579944705199452,0.1244081650835174,0.2285729046860511,0.0299745058887021,0.1050834453810531,0.0926946765559831,0.0200099174019536,0.0200099174019536,0.0,0.0119415419954418,0.0214432985055162
76561198065931138,0.1155772984464796,0.0784297014552294,0.1017128191298854,0.179993456617636,0.0736875967920708,0.0099438697933359,0.0683229120166819,0.082878070918205,0.053771272987747,0.0610702104919639,0.0971875424162969,0.0774252489344677
76561198066122279,0.2069220169383133,0.0885284565164151,0.0966584528093257,0.1468848807677961,0.0836821672073257,0.1565914290169956,0.0358419021624677,0.0329816792044384,0.0772830286561768,0.0335538771179924,0.0205360548013763,0.0205360548013763
76561198067067279,0.1430927819872074,0.1192987528437095,0.087582955550826,0.1529042347153479,0.1927378941529115,0.194866075650324,0.0,0.0216654694172241,0.0671745669621995,0.0206772687202496,0.0,0.0
76561198067362761,0.2841707241038502,0.0484018255553459,0.241069248835903,0.0830455781641932,0.1325627692197151,0.0716118156713202,0.009949739475938,0.0535337137082641,0.0569102117282134,0.009949739475938,0.0087946340613187,0.0
76561198069077998,0.3400678902842364,0.0809886529981659,0.2793860994263805,0.0687640671105133,0.0914172643212276,0.032931909336557,0.0245098315083265,0.0522994702436664,0.029634814770926,0.0,0.0,0.0
76561198070374664,0.262745581331714,0.058414402789768,0.1193920995871083,0.0951275776423917,0.085807503887988,0.0263969713515244,0.052364491613942,0.0928393540406565,0.0571779891702943,0.0,0.10094479026805,0.0487892383165625
76561198070384606,0.1629064206823583,0.2272139605368176,0.1106492761821062,0.0837766253023256,0.0769695598793814,0.1476618152378719,0.1568339001640007,0.0339884420151379,0.0,0.0,0.0,0.0
76561198070394564,0.1270426857765415,0.0852597364285214,0.0712631496779011,0.1713826114363952,0.278153660671576,0.2315178081097764,0.0,0.0217212083565628,0.0,0.0136591395427254,0.0,0.0
76561198070426327,0.281074272840065,0.123316134955946,0.1326147447789417,0.0517496329272039,0.0716460811186452,0.0638181772589646,0.0435213058651079,0.1332871176449628,0.057339576857701,0.0311619655061807,0.0,0.0104709902462807
76561198070463763,0.2624055263776419,0.011823290614514,0.0840242160053848,0.0612463583344397,0.1031689717803051,0.1262597076570356,0.0196017117306171,0.2223572751215582,0.0986620149948051,0.0104509273836983,0.0,0.0
76561198071154203,0.1019741471377598,0.2218612013231615,0.1059449074112383,0.1649944794733782,0.1309843789570669,0.0856788246668537,0.1431667944638255,0.0234527898214433,0.0,0.0219424767452723,0.0,0.0
76561198071193898,0.1917710781825955,0.1054838995448124,0.1295911088617185,0.0743832960814264,0.1770794482647998,0.0962452309380974,0.019632956869504,0.0603102170331586,0.0631354839376402,0.043790719880312,0.0299375199414148,0.0086390404645197
76561198072888615,0.0918762813963495,0.1592486082458251,0.1207413834216539,0.0769100797429745,0.1494714066570806,0.1023435507188678,0.1178543495027076,0.1241592307190774,0.0511138187929377,0.0062812908025254,0.0,0.0
76561198073067799,0.2846154214888695,0.0532686687687105,0.1371811045952309,0.0499978885035474,0.1473640792738239,0.0458495307886666,0.0510072700605384,0.1121882763855277,0.0741337555406882,0.0099726860505495,0.034421318543847,0.0
76561198073458595,0.2436588259751394,0.1369063598569224,0.1318767356172606,0.1306451473942471,0.1486677857419188,0.07402108569546,0.0687333748529772,0.0297516418474103,0.0235084506327593,0.0122305923859044,0.0,0.0
76561198074367777,0.2892647843615593,0.1061291428740196,0.0615392326338291,0.0672970567490376,0.155066144690995,0.1396771278638703,0.0,0.0910733014065278,0.0754778210839547,0.0,0.0,0.0144753883362062
76561198075247829,0.3808257236638281,0.0758010874790412,0.122301063816217,0.0155532279063751,0.1649517447630986,0.0676649764746899,0.0,0.1222137732746319,0.0506884026221177,0.0,0.0,0.0
76561198075601306,0.29657902329489,0.0974300877538131,0.1070399817995896,0.0505108864957752,0.1762381211123468,0.0687870066865511,0.051230007333408,0.0959614240555793,0.0411025205293822,0.0151209409386641,0.0,0.0
76561198076111958,0.3752968171485492,0.0116498138723631,0.1579507890926831,0.0121298300154792,0.1572394989108529,0.0377442079108603,0.0,0.1500519415336614,0.0761721324135386,0.0,0.0108824845510059,0.0108824845510059
76561198076319546,0.2592711263015816,0.1447630418918899,0.0783507862900599,0.0673164666023341,0.1304232730494875,0.0983546109754863,0.0512076978553568,0.0866127285567226,0.0640136513371203,0.0196866171399604,0.0,0.0
76561198078014024,0.1780875844520692,0.1367044275498931,0.1021099123644965,0.0563642018332447,0.0893352664114033,0.2277452176822498,0.0613870131867413,0.1150398670218817,0.0188769978003641,0.0143495116976559,0.0,0.0
76561198078169237,0.4425538515550546,0.1309618531129296,0.1311521419755738,0.021476451514763,0.1753976249741496,0.0,0.0373267679246026,0.0611313089429265,0.0,0.0,0.0,0.0
76561198078272251,0.2295717167345481,0.0777023998337548,0.1417131048452524,0.0404687849098715,0.2630988068230178,0.2112593098094845,0.0,0.0361858770440707,0.0,0.0,0.0,0.0
76561198078817922,0.2461811105881618,0.1042093631518505,0.1402243448746294,0.0844422485232659,0.0824155131870741,0.0470526706044675,0.0257411682258092,0.091761979580862,0.1034037527164313,0.0173563937601958,0.0405926414878314,0.0166188132994205
76561198078883021,0.2268984948296676,0.1407132672238089,0.1886000622650327,0.0636526366319426,0.2099450420694518,0.0904585899357447,0.0098497550131711,0.0123702619627572,0.0123786975366508,0.0451331925317723,0.0,0.0
76561198078942414,0.2182692107018548,0.154923956703838,0.1690387309387474,0.0963273822798232,0.0852020444447966,0.0432728749770869,0.0998875960659872,0.0850224744476375,0.0189082091129772,0.0135123073719385,0.0156352129553124,0.0
76561198079488752,0.3797967292011375,0.0857750417263479,0.1225142424527278,0.0512250784674357,0.1564867973642039,0.0818695422641345,0.039544583066784,0.0692427732231186,0.0135452122341094,0.0,0.0,0.0
76561198079917174,0.2089272219015839,0.1343201933327364,0.1484126558989231,0.049327535034822,0.1223312045165968,0.063715039793419,0.0771335550772109,0.1671911967136687,0.0,0.0133525188392623,0.0152888788917765,0.0
76561198080978566,0.1824313325109597,0.1572868468333875,0.1168674067501154,0.0912336120053563,0.1242977686467777,0.2061848706302214,0.0337095369555863,0.0747652958592273,0.0132233298083679,0.0,0.0,0.0
76561198082199261,0.2369937066756651,0.1135876278109121,0.1408599741658212,0.1054843846598502,0.1824773614067772,0.0934855624712454,0.0098399623111983,0.0517903413399833,0.0246903690739212,0.0313688795869038,0.0094218304977217,0.0
76561198083275991,0.2789808723437655,0.166172953622686,0.1252893627168745,0.0628667384000329,0.1033845943780509,0.0153901120561979,0.0919900435332364,0.062868136588823,0.0481507037715035,0.0449064825888292,0.0,0.0
76561198086810047,0.1330014811206173,0.2136651893416447,0.106736740747344,0.1850785652801581,0.1251383743438853,0.0769236942476783,0.0869086290800963,0.0246341751730121,0.0104363213071033,0.0148864564340194,0.0,0.0225903729244406
76561198087883574,0.0610596880162644,0.1852101792101109,0.0588127467744669,0.2571450356771501,0.0533902790195627,0.2094072823350234,0.0656222680098444,0.0188759197185273,0.0125664587374874,0.0108267608893618,0.0324798073442918,0.0346035742679085
76561198087896550,0.3197386916320921,0.1453071130986257,0.1774925603198592,0.0568999850510097,0.1526309214723621,0.0119185148661222,0.0162541332535212,0.0593095669615633,0.0332200230171577,0.0272284903276864,0.0,0.0
76561198088724831,0.2063568477768865,0.0745903303990099,0.1714445969093729,0.106020137347999,0.1289349894109248,0.1592368215070479,0.0216903025201891,0.0,0.0107988801402694,0.0,0.0720199493607051,0.048907144627595
76561198089859684,0.1914855226683862,0.0750033712757656,0.1796634325940873,0.1283861541883371,0.1529100014938614,0.0790976931127174,0.1072883151724828,0.0401476480258557,0.0239773659278459,0.0220404955406603,0.0,0.0
76561198091122227,0.3497585556269,0.1233200978256997,0.2338648896262618,0.0279761715173729,0.1350229039088904,0.0282323091020007,0.0305310361409132,0.0201815912935039,0.0,0.0125790169044975,0.0192667140269797,0.0192667140269797
76561198091140590,0.1010572083517613,0.1835663808488315,0.1363303727454093,0.1423520177308318,0.1681935825714127,0.2065703003906568,0.039321141362936,0.0118424679575226,0.0,0.0107665280406377,0.0,0.0
76561198091232355,0.1968391098259885,0.1129344830054163,0.1728275979194093,0.0483691426710169,0.1858027840379242,0.2134399674350791,0.0143190966095719,0.0,0.0143190966095719,0.0411487218860215,0.0,0.0
76561198092225547,0.2502482033341051,0.1029413085353884,0.1696073004511199,0.0719381190421377,0.2113780228762275,0.0579617206046542,0.0257492740018584,0.0165608108914575,0.0138261458613734,0.0144523011864953,0.0254422460143433,0.0398945472008386
76561198092251510,0.2634878619737392,0.1147491031668065,0.1822618741103796,0.051116263889782,0.1693207290498103,0.0310028432332485,0.0100355107214763,0.1129293564810459,0.0209646676498947,0.0203368190918908,0.012189070141218,0.0116059004907075
76561198092612698,0.1449591026955144,0.1550393603656759,0.1314301913470233,0.0817941090453703,0.1845887901107892,0.1766753851396659,0.0475295335579302,0.0342691078708796,0.0103682335489057,0.0237920755164223,0.0095541108018228,0.0
76561198092647624,0.110142791200453,0.1842798327931779,0.072011553484796,0.178070068305339,0.1275427768768823,0.1062631734705582,0.1351496531114245,0.0620424090492999,0.0,0.0125379185842878,0.0,0.0119598231237809
76561198093260511,0.1074126567994885,0.2379388117454828,0.1192704668408753,0.1840255655023974,0.1281933019398896,0.1492612103206811,0.0525161756320605,0.0,0.0,0.0213818112191245,0.0,0.0
76561198093336856,0.3022535261306816,0.1270084784073683,0.1417995079018327,0.0420307335419945,0.0836008963641394,0.0365694298413909,0.0471530832707405,0.0906740673810482,0.1057876107597454,0.023122666401058,0.0,0.0
76561198095755900,0.2192736100028103,0.1575057295524081,0.1749979771845717,0.0636293323524367,0.1628043972365014,0.1054749348644198,0.0395675943683751,0.0474478499129514,0.0142443776658326,0.0150541968596923,0.0,0.0
76561198099004296,0.2076267938978045,0.112713023312693,0.0787320291899832,0.1731640387146242,0.0844064855710621,0.0906807249319325,0.0363866346001435,0.0728936123172805,0.0273324312251407,0.0108286341674892,0.0874525698849663,0.0177830221868798
76561198099250072,0.2410755175601968,0.1018809179957707,0.1326526741596231,0.1464386847871506,0.0350479451345001,0.0372931245918021,0.0089523730937432,0.0587039488248188,0.0756884961251596,0.0215756048871945,0.0390354029641611,0.101655309875879
76561198099562777,0.2087696400859429,0.1326557116789294,0.1526112879943225,0.0970755985197848,0.1558608104844171,0.1696154710806365,0.0099834992820117,0.0267416221855289,0.0108304535735985,0.0263105056458876,0.0095453994689398,0.0
76561198099985988,0.2458934148715504,0.079756029122529,0.0778650896318108,0.2707594635989885,0.0446932847234676,0.1514977382693421,0.0298338175282226,0.0583944528442197,0.041306709409869,0.0,0.0,0.0
76561198100098775,0.3185042086023455,0.0373079506457518,0.1660443039584554,0.0239990456868986,0.2650986833197346,0.1294015497376491,0.0,0.0596442580491647,0.0,0.0,0.0,0.0
76561198103186740,0.1943973014401237,0.0979341648663814,0.1964691570137146,0.0965519492000258,0.2074741330334883,0.0548755859447805,0.0321282515656493,0.0124306184925401,0.0669804418491034,0.0407583965941924,0.0,0.0
76561198103234257,0.1332424534749854,0.2504476375756169,0.0735319660392374,0.1162325647559777,0.1066845853394489,0.1969355630709395,0.0513185476652716,0.0135526925836627,0.0,0.046532867208466,0.0115211222863934,0.0
76561198103942045,0.2172651944153884,0.0907766039587506,0.1030010306440695,0.2086738072677752,0.0169348851336681,0.0773674423898869,0.0250002947447499,0.1152197972145117,0.0396322648183338,0.0130877582256397,0.0406635891561806,0.052377332031045
76561198104612711,0.2749396379209976,0.1015735068674314,0.1410288575548655,0.0810852259624589,0.1122631701907259,0.075563029701765,0.0094986982874714,0.0791787471081015,0.1052276296266868,0.0196414967794957,0.0,0.0
76561198105432969,0.2322313714633176,0.1169532649396833,0.1345317737049852,0.0509655434976771,0.0750528524220046,0.1037263583639509,0.022455596859382,0.0781803484430675,0.0368078716348131,0.0089782759427504,0.0593031364055691,0.0808136063227984
76561198107189063,0.2631833837077905,0.0675935860575433,0.1050974365269467,0.041031263722893,0.1929864132159304,0.0615724191682777,0.015305277079345,0.1372431442733064,0.0889294649543677,0.0270576112935989,0.0,0.0
76561198107786111,0.2110269225638984,0.0989950869447632,0.1289486638933941,0.0949910608245483,0.2043497639074347,0.053680038063592,0.0463753739028998,0.0823147394190268,0.0351224037100611,0.0221017240631456,0.0220942227072357,0.0
76561198112849349,0.1218355400232597,0.1628087929754491,0.1215254430961089,0.1964593769146857,0.1535141532560788,0.1086541415177759,0.0262207928077607,0.0141403266331064,0.0,0.0271433206832387,0.0676981120925358,0.0
76561198114540370,0.2801891967558796,0.0437818805656621,0.1687190557593197,0.0,0.2734320806618514,0.1763337389992312,0.0,0.0318600856453684,0.0128419808063437,0.0,0.0,0.0128419808063437
76561198115422851,0.1976584767570976,0.1415812552958722,0.1175281745725746,0.0596610147100123,0.1265151849552056,0.0983976890414174,0.0883624983545052,0.1248709482681874,0.0247639720482601,0.0206607859968672,0.0,0.0
76561198117435171,0.3494048278148876,0.0859478529697867,0.1385134600475799,0.013209156125944,0.1244366317064573,0.0136244550033904,0.0277109190379471,0.1223624063768973,0.0818192322516724,0.0,0.0281590121868078,0.0148120464786289
76561198117724596,0.2803299815720997,0.1379216614028908,0.1420552858607759,0.0548758688605926,0.1779031510979373,0.0829921068106806,0.037060128929124,0.0391540433559159,0.0261252487560396,0.0,0.0107912616769716,0.0107912616769716
76561198117983678,0.2482445259871338,0.1153467722152156,0.2025457179475905,0.0932400459980349,0.0997685177179261,0.0989653228581351,0.0228143503608092,0.0714075012066299,0.0417214534972804,0.0,0.0059457922112441,0.0
76561198119156573,0.3486249907345863,0.1555360706000928,0.1368866204812191,0.0492694666729169,0.0618276295677364,0.0333788006081869,0.0418894670023672,0.1338135707247385,0.0281781942607009,0.0105951893474547,0.0,0.0
76561198121971834,0.3209752905846029,0.0546355858704381,0.198783857110755,0.0799562739246044,0.1535088055462402,0.0131126783715668,0.0389605599943942,0.0449910905735439,0.0313218035439546,0.0254908167568332,0.0253206880541662,0.0129425496688999
76561198122264375,0.308124447483568,0.0718960107625647,0.1739433860386904,0.0244978821383175,0.1850854819044144,0.1326870175715585,0.0,0.0907421000244685,0.0130236740764177,0.0,0.0,0.0
76561198122741582,0.3466169577211531,0.0771280056884608,0.0560092651669008,0.0396851447352421,0.06462041115101,0.065475132180062,0.0235634600407869,0.2986886141107419,0.0282130092056421,0.0,0.0,0.0
76561198122844648,0.2649989804187507,0.0688469580340743,0.1275022648571621,0.0881186974441003,0.1979454753938915,0.0765573827658531,0.0129432266297147,0.0511242369183921,0.0788315427670166,0.0331312347710441,0.0,0.0
76561198123084475,0.2490303975704444,0.1014542720116568,0.1550339547568384,0.0481098521450506,0.1987670458185297,0.0925078832104814,0.0,0.07256308611529,0.0290711512253521,0.0534623571463561,0.0,0.0
76561198123843456,0.2175325173967796,0.101416629411566,0.0996393803831095,0.121721148030539,0.1585360402489979,0.190380826436244,0.0163397329244505,0.0430840252568822,0.0278647536278482,0.0234849462835825,0.0,0.0
76561198123908949,0.2936858811638979,0.1373092599365644,0.2583787161308454,0.0382661896337744,0.0980200276426969,0.0131430368165562,0.0854819553144395,0.031342875984608,0.0183136945925994,0.0,0.0130291813920086,0.0130291813920086
76561198124421887,0.2055391823476823,0.1033372246823293,0.1359872535967406,0.0698881911749704,0.2461647936082024,0.0953810822404656,0.0279948027886713,0.0523644569359429,0.0517958475237233,0.0115471651012713,0.0,0.0
76561198126548553,0.2669197600700548,0.1029133755181852,0.1765312017632999,0.0780665983396167,0.1538155304994796,0.0776698627895824,0.0,0.0944793654157691,0.0380288404762795,0.0115754651277324,0.0,0.0
76561198127431044,0.4042886642462083,0.0,0.1923839107443183,0.0363059112248685,0.2016291232543113,0.0157153911820129,0.0,0.0228877787979775,0.0,0.0,0.0544361637389537,0.0723530568113493
76561198128667294,0.3128045346981811,0.1332236779468477,0.1183949573894678,0.0119270247883416,0.0961958274634753,0.0582263234847117,0.0539273963773454,0.1752629215188679,0.0400373363327611,0.0,0.0,0.0
76561198129247774,0.3441680261882436,0.0236436163746484,0.1585048441699328,0.0404978895034889,0.1900618471329869,0.042952929649545,0.0389205390101208,0.1070528463254402,0.0389205390101208,0.0,0.0,0.0152769226354724
76561198130015375,0.3140129467453467,0.0945017699307219,0.085345133704657,0.0884175325580992,0.133788059502026,0.089789057212187,0.0113655986222632,0.109646417585749,0.0272125264256742,0.0,0.0231170121054568,0.0228039456078186
76561198134388656,0.155268432227984,0.090837237870046,0.1391855164594051,0.1203287521022487,0.1856295008477699,0.1635588012078725,0.0297857163075257,0.0253627445099605,0.0489821036204633,0.0263313187517816,0.0147298760949423,0.0
76561198134731689,0.2240320559376645,0.1101907907399739,0.1170911911334233,0.0699071361134576,0.1265723144297426,0.1209405003477054,0.016829260242793,0.1104512960910499,0.0786356295173779,0.0120697262862118,0.0066400495802997,0.0066400495802997
76561198135384760,0.2412479581366272,0.0700675399032256,0.1986596501944135,0.0581811356852557,0.2380428364029626,0.0889367722062809,0.0310958497110333,0.0462527408262261,0.0146701297002396,0.0128453872337352,0.0,0.0
76561198135685349,0.2944001675793566,0.1419168536954599,0.081905862774015,0.0690736490387802,0.0315152252816699,0.0,0.0365486918496414,0.1478506395712488,0.0558726584252845,0.0884403977474919,0.0524758540370513,0.0
76561198136484955,0.2800802250501155,0.1519410292183612,0.1853642564580944,0.0611802437391579,0.0784732276916849,0.0425282001807981,0.0647939876098927,0.1050599741690731,0.0098000098125035,0.0109788362578147,0.0,0.0098000098125035
76561198136577408,0.2635569490805877,0.1465666102854312,0.189862774332883,0.0308488127592361,0.1487048280071754,0.030412398100032,0.0776272762543853,0.0603673757474718,0.034275873789168,0.009383584706584,0.008393516937045,0.0
76561198136985842,0.2010968656650178,0.0839550273359446,0.1692413217952696,0.0877963541090849,0.309795778982065,0.1065056749579048,0.0148319303631877,0.0267770467915253,0.0,0.0,0.0,0.0
76561198137208244,0.2524608350086959,0.1354896548967537,0.1125603070980688,0.0170090355118577,0.0783859172514453,0.126749542490146,0.0811241526163086,0.135962002980995,0.0222081497031347,0.0380504024425938,0.0,0.0
76561198137264082,0.2964583483107052,0.0153476930663351,0.2362425484749628,0.0560372800236464,0.1958577581977479,0.0870804710279686,0.0145364875380446,0.0533874831773751,0.0304845180333763,0.0,0.0,0.0145674121498376
76561198138316742,0.3209203877044674,0.0757649489736897,0.2156043231446749,0.0935120436788498,0.0610949841620976,0.0556887076379415,0.0197936747767027,0.0947526503082486,0.0628682796133276,0.0,0.0,0.0
76561198139411198,0.2461190095954471,0.109880401709052,0.1088254135911059,0.1005054164298226,0.1695556822643648,0.1338167520213629,0.0192195979864864,0.0928581284158716,0.0192195979864864,0.0,0.0,0.0
76561198139915980,0.1929933582935151,0.1212352844146002,0.0522689539683311,0.141806197352251,0.2120565731081223,0.1963200424709149,0.0,0.0,0.0,0.0,0.0416597951961325,0.0416597951961325
76561198142432184,0.2605631319407087,0.1257766925928548,0.1458410387329702,0.0559021491967762,0.0766071571521344,0.0441077022940047,0.0460437823859441,0.1012715481299436,0.0831986415138593,0.0123786316820746,0.0180544448645049,0.0302550795142242
76561198142871256,0.1513075793429813,0.1134016305000131,0.1378654692531445,0.2185238573534534,0.115971565505581,0.0883118583943972,0.1236366238388809,0.0,0.0132876733084295,0.0257678309876095,0.0,0.0119259115155092
76561198142992067,0.2462779344724767,0.1561872243855112,0.1222953643436599,0.039808343633934,0.1101589885509973,0.0433388232716969,0.0512047475272041,0.1276825138464818,0.0477767998006513,0.0,0.0227298171817995,0.0325394429855867
76561198143412503,0.2515455460683997,0.1600361598584245,0.1158958476460879,0.1155970649458764,0.0780790639562135,0.0298965426042879,0.0693994963345821,0.0946731372844777,0.028142110930421,0.047188434207269,0.0,0.00954659616396
76561198144180358,0.2085349145313087,0.1455103893348775,0.1429981814226092,0.1320397154126746,0.0642106540709495,0.1154826767914982,0.0962543903497911,0.0383159944873325,0.0180327486685617,0.0144835852484123,0.0241367496819844,0.0
76561198144852786,0.2198112891413396,0.094839085694437,0.1356736113933974,0.0759847278707263,0.1716192362435284,0.0442243461021531,0.0303177838130942,0.1259568228022503,0.1015730969390733,0.0,0.0,0.0
76561198145824277,0.2305014426416628,0.1232874476410411,0.1259651763822647,0.0666566263118369,0.1427047697863979,0.0589044877066213,0.0212846197385846,0.0947448225002534,0.106111751869443,0.0298388554218939,0.0,0.0
76561198146396342,0.2455684778418463,0.1102166629663975,0.1658191393196054,0.0480870767730185,0.1803727974380395,0.061899680817118,0.0662845392707408,0.0549150909847847,0.0270919078479704,0.0143707459631209,0.0126869403886789,0.0126869403886789
76561198148262444,0.4220454401237745,0.119797446155994,0.1707729122724627,0.0,0.1679080038071587,0.0147753751530535,0.0147753751530535,0.0760585534023034,0.0,0.0138668939321994,0.0,0.0
76561198148591865,0.1879304890507007,0.1157543181369512,0.0720015490173261,0.1445936048582543,0.0989057240049194,0.1537736067416831,0.0695154754261135,0.1001140406812344,0.0290647403098706,0.0283464517729462,0.0,0.0
76561198149149071,0.2709760527294601,0.1734518097575334,0.1286883694645225,0.0651346148357683,0.0719087900586807,0.0555912012588096,0.0791668536531786,0.1187328112430022,0.0,0.0110455003181151,0.0126519983404645,0.0126519983404645
76561198149717332,0.314254777889352,0.0636791973520699,0.1409949909615208,0.0496842584792259,0.1756892499261352,0.170027515234651,0.0481231019154483,0.0375469082415965,0.0,0.0,0.0,0.0
76561198151733556,0.4032277369971969,0.0928071158456124,0.1178055709783508,0.0223099101345676,0.1443355225938572,0.0,0.0537694284329738,0.1166030986804619,0.0330794274464313,0.0160621888905477,0.0,0.0
76561198154693814,0.3340811198847807,0.1232882726288773,0.1654011195737005,0.0364499732000123,0.1322171880754583,0.0260269799890698,0.0372284424294706,0.0922690898983125,0.0248299839833668,0.0,0.0141039151684755,0.0141039151684755
76561198155700223,0.296668157969197,0.110572284420319,0.1633495074755512,0.03901219374586,0.1135847784431023,0.0399915445094534,0.0541133608347029,0.1300369294356635,0.0526712431661503,0.0,0.0,0.0
76561198160310073,0.2659693233066935,0.0611207058985682,0.2236992546702667,0.0566539922888746,0.115483072766493,0.0234779004699559,0.0423134471973894,0.0411155480683727,0.0766452666310565,0.0,0.0410921941975614,0.0524292945047678
76561198161403415,0.2124829010626855,0.1215971399597523,0.1359601892462239,0.0796584769739175,0.094464613913604,0.0651258661127433,0.0831583683789571,0.1105363832919762,0.0382398831670899,0.0325175166870552,0.0262586612059946,0.0
76561198162182031,0.2709947150306204,0.0952242600386129,0.1855059765923164,0.0673169752526562,0.0881077068440114,0.029329585021511,0.0400409128251886,0.1039588753468594,0.0889750135519985,0.0120878202617731,0.0,0.0184581592344519
76561198165565385,0.3511289420000198,0.1409923201407525,0.1257256522574992,0.0495920027305441,0.0471284133520556,0.0802392061008464,0.0417448203727197,0.0839443480559193,0.0235781472611872,0.0559261477284558,0.0,0.0
76561198166039566,0.4040281595259875,0.0237384881066003,0.1039943098473613,0.040344747431936,0.1244781141917457,0.0361287803001603,0.0384393272108625,0.1915263092508453,0.0200763343212116,0.0172454298132892,0.0,0.0
76561198166226287,0.2133990759904807,0.1715707728482318,0.0724341570226669,0.1173390001804859,0.0632479645283884,0.108071425097389,0.0564204040989191,0.1002384646288974,0.0202034418457711,0.0220092588058117,0.0384165476522284,0.0166494873007291
76561198167407399,0.0847223039417076,0.158375815057578,0.1637266417770323,0.1331127291442423,0.169425312649405,0.2613326630944202,0.0002370726844402,0.0,0.0,0.0203774793120559,0.0,0.0086899823391183
76561198168362702,0.3303402651119653,0.1123540531474882,0.238572214062523,0.0701046407954427,0.085698059518979,0.0140788953904524,0.0281670834396308,0.0498552449533151,0.0285509946859943,0.0,0.0140881957675654,0.0281903531266432
76561198169509065,0.1752918835036912,0.1564001677105529,0.0688146934090759,0.1177474046616254,0.245533743361036,0.13252532991128,0.063606783592185,0.0162961181901531,0.0,0.0237838756604003,0.0,0.0
76561198172594941,0.2502559120221479,0.1754150873734441,0.1574859744174735,0.0657448163958458,0.0550663270515033,0.0270350298052898,0.0747355495685388,0.0580228561599634,0.0414839090816296,0.011416556833968,0.0250675242151913,0.0582704570750037
76561198175781507,0.2369723453400496,0.1398753465396582,0.1859223782911558,0.12961419877178,0.0657477501693233,0.0919320424865049,0.0640107534518764,0.0397561043153908,0.0259190483618426,0.0202500322724181,0.0,0.0
76561198176903937,0.1870475413658852,0.1634887130437723,0.1920508091131134,0.0750646448346834,0.096664573912318,0.0552500420909194,0.0720236863244068,0.0653969535415886,0.0654873944079603,0.013762820682676,0.013762820682676,0.0
76561198181134839,0.2467938969279628,0.2475088800280938,0.1520404964701639,0.0443365379469898,0.1447221251746995,0.0290716936543049,0.0304228584655285,0.0644773295348526,0.0406261817974036,0.0,0.0,0.0
76561198182434729,0.2433860715984195,0.1759461745584129,0.0735779302994735,0.1136457276364381,0.1596255412936289,0.0882561691306346,0.0610812216850353,0.0746622928939954,0.0,0.0098188709039613,0.0,0.0
76561198186851741,0.2939321828241169,0.1539176180253157,0.1291187777727091,0.0501067344830036,0.1449894703781026,0.0387850536224715,0.0685118048959956,0.0878666090455684,0.0327717489527162,0.0,0.0,0.0
76561198188197794,0.1534296046755315,0.1578179404427393,0.0736416192436265,0.1676011351099083,0.1013654397025766,0.1586584466948065,0.0475017926469466,0.0639115504094692,0.020965271169904,0.0218837197116097,0.0166117400964408,0.0166117400964408
76561198192535273,0.2397382352424434,0.0974323145740067,0.1377488568763525,0.0805473411551485,0.147680090040783,0.0253326033373556,0.0497417482065733,0.1204837662194485,0.0114337784733302,0.0114337784733302,0.038147023841642,0.0402804635595856
76561198193985237,0.1133417232561839,0.139961047951226,0.0925367985546854,0.1783650300596765,0.1024289565942168,0.0836431435467321,0.0966764310743442,0.0721010650443876,0.0201198188972109,0.0,0.0281928804625272,0.072633104558809
76561198195856567,0.3066995455408648,0.0341927577376953,0.1673796898606143,0.0315565348165867,0.1408621487976273,0.0503444889613003,0.021185504219391,0.1425323077405056,0.092727027015916,0.0125199953094981,0.0,0.0
76561198201869792,0.1825524995397086,0.2320573897329212,0.1313759618977065,0.0862575073642221,0.0611352870713579,0.0367969657243961,0.1000340899148138,0.0710938827182063,0.0293103576346686,0.0405653073915571,0.0204138972839778,0.0084068537264635
76561198202541610,0.2112858951865733,0.1854467993485831,0.1435393652352882,0.0712714966099848,0.0615973768847004,0.1160771425860789,0.0574110188851324,0.1027420170817829,0.0384638440033513,0.0,0.0121650441785243,0.0
76561198203294379,0.3968324683804704,0.0646392053116585,0.1129546150539414,0.0386850394491904,0.2032610500347116,0.0963273890564284,0.0244741471164054,0.030917840205779,0.0319082453914145,0.0,0.0,0.0
76561198206869732,0.218917165854113,0.1148438303747449,0.1213273893869056,0.0598974829843454,0.1386371047551153,0.099766772346463,0.0543774434215546,0.1064848611354572,0.0657023368807053,0.0200456128605955,0.0,0.0
76561198210123867,0.2293430123465825,0.1428772329469036,0.1101960660616771,0.0595007339533447,0.1001206608231185,0.1692887104782786,0.0276106035778719,0.0717760420986163,0.0135698090397319,0.0351164969686039,0.0203003158526352,0.0203003158526352
76561198212109881,0.2843826561036804,0.0824516573970513,0.1367714289144262,0.0210071650092013,0.1479956954592018,0.0205614181543691,0.0089742406887546,0.1873657522830084,0.1104899859903067,0.0,0.0,0.0
76561198212143500,0.1670618546447047,0.2163789378664472,0.1053705644113979,0.1116678437021252,0.0930835998074663,0.0786494813774213,0.0931644070191504,0.0901219935363856,0.024079701300697,0.020421616334204,0.0,0.0
76561198212519471,0.2849093080372407,0.1272615178315533,0.1475986693482529,0.0343233961262063,0.106630965764507,0.0361583345566377,0.031146003398609,0.1257473006941226,0.069732659110775,0.0364918451320951,0.0,0.0
76561198213107237,0.2823565238219818,0.079724482218988,0.1328493126920442,0.0527740563741267,0.0625916957710995,0.0465630508636282,0.0400449072257637,0.1595305918724172,0.0973084312842685,0.0277860628322524,0.0092354425217145,0.0092354425217145
76561198214234216,0.2845793925640447,0.1109804691891371,0.118508101481554,0.0904410684263096,0.1119721625961077,0.0619882081997772,0.0529734536499628,0.1081562681347933,0.0604008757583131,0.0,0.0,0.0
76561198214300979,0.2991249779917744,0.1031519450784915,0.2900035502284762,0.0812843385630984,0.0888707674981416,0.0,0.0510244231365419,0.0,0.0,0.046531323102841,0.0281551387457652,0.0118535356548695
76561198214648473,0.2102301689210253,0.1819892494300897,0.1315835980940362,0.1077111474171176,0.0964820907969348,0.1072611086482286,0.032624749010916,0.0684539469999059,0.009901146440228,0.0438616478012893,0.009901146440228,0.0
76561198219075073,0.12083121687266,0.1024285166996749,0.0961875126853035,0.2647587640470584,0.068417567846978,0.1734855715877402,0.0434379692831505,0.0435962781198007,0.0339321883093875,0.0163614972788379,0.0113216345948502,0.0252412826745578
76561198220559105,0.1743832787185754,0.2276582838200587,0.1492734962304301,0.1145609327848066,0.0563569951727711,0.0584407279915885,0.1449482183545272,0.0504131947610882,0.0,0.0132783794356769,0.0,0.010686492730477
76561198231347376,0.2501567157471971,0.1158339973804364,0.1104029383168763,0.1254708022294195,0.1218103352126561,0.0770962376051234,0.0,0.1711250716088981,0.0,0.0,0.0114335124827665,0.0166703894166263
76561198238420992,0.3129790364209527,0.0312699009842643,0.1479743855012123,0.0373684993077306,0.2610079705092397,0.0670415172729788,0.0178543730420329,0.090412657640637,0.0340916593209515,0.0,0.0,0.0
76561198238846116,0.2634767083241538,0.131313947897435,0.1759632696863055,0.0214059966147225,0.1647422632135436,0.0344710954256994,0.078202275799259,0.0479087576360595,0.0326269713845606,0.0221642657372746,0.013862224140493,0.013862224140493
76561198246412594,0.3162427913956742,0.052204230638305,0.2492535177599358,0.0641621680837125,0.0839889734318891,0.0512617898425304,0.0514316501849951,0.0533845875649642,0.0257248162692992,0.0,0.0145909662664128,0.0377545085622814
76561198248263124,0.3577544973157456,0.0859976220858151,0.1828700352961096,0.0623029370377919,0.0904070858643364,0.0272368105830788,0.0464318330253882,0.0813741737816364,0.0656250050100975,0.0,0.0,0.0
76561198249893146,0.196979045379074,0.1489678478297775,0.1635137163695066,0.0598838967124077,0.1916570973148947,0.0524439157540566,0.0354873072144931,0.0345252972256456,0.0378814373033228,0.011152540714255,0.0263910551599179,0.0411168430226481
76561198251071604,0.2937152737183858,0.0774239572829624,0.1567694068018659,0.0312335588820927,0.1945687198595057,0.027136763064015,0.0454791550375577,0.0927982308520858,0.068927132666665,0.0119478018348637,0.0,0.0
76561198252530300,0.2696769924633147,0.1029598726102389,0.2032897899053655,0.048239230524723,0.0951979664271343,0.0283444220097807,0.0301011051951777,0.0875326080720633,0.0357185698938406,0.023889999757356,0.0313199993087524,0.0437294438322526
76561198256116084,0.3732632222185992,0.0648800985633781,0.2525520339866497,0.0548583941612225,0.0244944460536409,0.0171116408911918,0.0832031767574069,0.105003386984554,0.0133458188798463,0.0,0.0112877815035103,0.0
76561198262787729,0.2734301698314637,0.0588801039788823,0.1969676481407912,0.0210719373008429,0.2158886262079927,0.0249994796392575,0.0098594238637619,0.0735294316761161,0.0766564421374268,0.0268257506660794,0.0098594238637619,0.0120315626936232
76561198263694383,0.2112194093083987,0.2136740455232032,0.1945787246865642,0.0672765774012391,0.1043743453753902,0.084675074271962,0.056893473323844,0.0352277731856456,0.0224178092648486,0.0096627676589039,0.0,0.0
76561198265883417,0.2082390548495631,0.1355752846414439,0.1400142489731563,0.1554741533489206,0.0122304898874132,0.0475377271643862,0.0210916419426124,0.1002358642406458,0.0715851356479505,0.0359546324414204,0.0459223720406912,0.026139394821796
76561198268230924,0.288247200791323,0.1955319025896174,0.1337636797297794,0.07043463931906,0.1269403189042526,0.0381210255052194,0.0578086576561556,0.07710462844681,0.0,0.0120479470577821,0.0,0.0
76561198268729880,0.2307988026622555,0.1960295976285548,0.1001026335514839,0.0967413916274399,0.1253219936227244,0.0828092669765468,0.0695852026640054,0.0709265573178604,0.0,0.0276845539491283,0.0,0.0
76561198268967656,0.1740564226280654,0.1670846481556401,0.1649411732510461,0.1167017100857698,0.1268797098807318,0.0527952774801104,0.0555010038685382,0.0715342790627936,0.0508172513473797,0.0196885242399245,0.0,0.0
76561198269218599,0.2968350322140552,0.043698299664702,0.2082901350916136,0.0408321954161723,0.0786107958668647,0.0351720505317298,0.0562222411132816,0.1407863251738859,0.09244606750286,0.0071068574248344,0.0,0.0
76561198271409027,0.308380396373614,0.0674174032880984,0.1852877871605903,0.0384881626535388,0.148679957765001,0.0384038258005261,0.0651001218159712,0.1130836994203971,0.0239148317295433,0.0,0.0,0.0112438139927193
76561198271535585,0.2235912702273459,0.1020322700354707,0.1744357992363674,0.1069105840645921,0.1655175983751255,0.1782435798413224,0.0167388265825744,0.0162627481247108,0.0,0.0162673235124905,0.0,0.0
76561198272701149,0.0935406164107356,0.1813539853073822,0.0651177731706376,0.1718962813627892,0.1336832263649196,0.0958532260588996,0.0524368800054274,0.1047816906538925,0.018002424346578,0.0249027926809353,0.0292155518189011,0.0292155518189011
76561198272738490,0.1264219861075249,0.1641015207760175,0.1680918813081151,0.1200757923459269,0.2727610980693652,0.0443158118631227,0.0786643078813092,0.016091759873961,0.0,0.0094758417746572,0.0,0.0
76561198273177152,0.253491432560242,0.1184143725020841,0.1544355259072155,0.1256901284343422,0.0396330832567884,0.0432442149932497,0.0113520025683545,0.0449673584981785,0.032868408183739,0.0107844384438698,0.0832860510773234,0.0818329835746121
76561198273477765,0.2761412515348678,0.1706564947853689,0.1335069771517766,0.0650459886309213,0.0743438171106701,0.0109387797716094,0.0616553092826997,0.1296982939088315,0.0219093719570458,0.0456744237387279,0.0104292921274805,0.0
76561198273602004,0.2924973492055109,0.1025817850690316,0.2426243681171061,0.0265260582834699,0.1589640992402983,0.0088169767119356,0.0296178941768635,0.0746090648384642,0.0273699907723972,0.0203163497702646,0.0160760638146575,0.0
76561198274446234,0.3778115419678908,0.0752704701142257,0.1966405460975012,0.0605263512831904,0.0977443997365066,0.0249980030672871,0.0134933232863124,0.0996432341094006,0.0426018812208697,0.0112702491168153,0.0,0.0
76561198274842511,0.2023803247122884,0.1464345426692208,0.116202806369266,0.1420757998887291,0.1046545434599219,0.1283803550913312,0.0124513520496874,0.064504730103481,0.0421740476787279,0.0407414979773459,0.0,0.0
76561198275767100,0.2151162868685318,0.1085959131741721,0.1205165445977,0.0738598519249817,0.1490644603868745,0.2795944533238634,0.0,0.0370793407049972,0.0,0.0,0.0,0.016173149018879
76561198276820389,0.2878600725321579,0.1204058271734953,0.2223160882851487,0.0347267494551281,0.1784156457858687,0.0583397391627398,0.0467578133315089,0.0332551012835194,0.0179229629904327,0.0,0.0,0.0
76561198277899306,0.2491570339468743,0.0707457339688209,0.2430993264956736,0.1924410721237507,0.0787547364690563,0.1035855481127644,0.0,0.0352392533850096,0.0146252868702381,0.0,0.0123520086278116,0.0
76561198282596613,0.2649137624696253,0.101317087488781,0.1644857451682246,0.1425699283107283,0.105401710108369,0.0229831778276762,0.0094945936825915,0.0604709114063554,0.0125095925175074,0.0360684272296966,0.0670635411059636,0.0127215226844807
76561198283021088,0.2193552319573694,0.1755717311723584,0.1511760622953774,0.0561216902331989,0.1559048503146598,0.0468003718690798,0.049617879234392,0.1076264849383696,0.0105606464986007,0.0,0.0136325257432968,0.0136325257432968
76561198283383463,0.3187581055548225,0.1506853296711097,0.1710458902980274,0.1572983164016748,0.0136452278057285,0.0653976143827616,0.0656333832892395,0.0267369048763118,0.018531260043177,0.0,0.012267967677147,0.0
76561198283397484,0.3547164592276065,0.0439897976359446,0.1922164675482462,0.0397268719064363,0.1239281355802104,0.0146478413878554,0.013296493962251,0.0692324307294588,0.0850399872562869,0.0130474537285417,0.0250790305185808,0.0250790305185808
76561198286376504,0.0274952854664138,0.2079574218555639,0.0706822316251316,0.2104259446731465,0.1188981126054791,0.2761834484200666,0.0428469242042078,0.0139562635579964,0.0,0.0225641488023266,0.0089902187896675,0.0
76561198286525675,0.3156777144423129,0.1126741910157452,0.1170122568346046,0.0487268518023914,0.0770044254726464,0.0224873794858068,0.0861978049132118,0.1253976317140613,0.0353367433676387,0.0125596091093562,0.0297425004757903,0.0171828913664341
76561198286544260,0.2501662330829681,0.059749568253926,0.0963001494504,0.032344952871173,0.107124253788568,0.0674840268421065,0.0556947273239191,0.1882275780996168,0.1130234786632554,0.0168007681494369,0.0,0.0130842634746298
76561198291180742,0.3094782120198058,0.1596204402824044,0.1074763869396688,0.0528733185038457,0.1458972378912109,0.0224480339328855,0.0508098601003506,0.1162657066977228,0.0098593761057202,0.0143115974780032,0.0109598300483816,0.0
76561198293954147,0.2629057040032042,0.1085990270462588,0.1984474492840704,0.1431201745314056,0.0886336695132146,0.0649528282654473,0.0351232334288652,0.0424343724805977,0.0294292731030585,0.0,0.0263542683438772,0.0
76561198295206449,0.2473844524683038,0.0653231247224665,0.116791063322717,0.0737468461571159,0.1813647171101706,0.1367277891593019,0.024489819039046,0.0948626845040158,0.0355794478570301,0.0113089952582414,0.0,0.0124210604015906
76561198302298927,0.2642599846102401,0.1544080268087589,0.1487983897745696,0.0874438584061562,0.1850416233267056,0.0308727300010506,0.0550286365974818,0.0246489167261572,0.0114886717421185,0.0114886717421185,0.0114886717421185,0.0150318185225243
76561198302636427,0.2606727028883849,0.1453119205814181,0.1544120307996961,0.0467399288155265,0.1492788255038014,0.0982763811279875,0.0185285291324187,0.0867960091229763,0.0399836720277903,0.0,0.0,0.0
76561198307891464,0.3383772026073554,0.087810762033136,0.2223316099541964,0.0829498806795782,0.0951840047531864,0.0,0.0135133458103655,0.0604495545855632,0.0233983872650298,0.0318121486105273,0.0240619533619565,0.0201111503391048
76561198307911644,0.1767094219365738,0.0331248359647498,0.105323925008113,0.133465569972564,0.1757403284096754,0.362182171193058,0.0,0.0,0.013453747515266,0.0,0.0,0.0
76561198311777128,0.268743894123943,0.1030764462061975,0.1777848319526143,0.0460928341674876,0.1346216634616428,0.027732980295462,0.0617820820334599,0.1028918379240729,0.0625366908571865,0.0147367389779331,0.0,0.0
76561198313453043,0.2383426754033347,0.0886285610081848,0.0910068243507209,0.1344217742879922,0.2288396843462955,0.0939069172717955,0.0135204725477058,0.0345783211357765,0.0175185492219181,0.0139434397064185,0.0452927807198572,0.0
76561198314815990,0.2141425438634066,0.1705253487346863,0.1115089749697122,0.0564582768792926,0.1230890136368174,0.1101320731940623,0.0632059620202995,0.0916070700423481,0.0238745404023418,0.0193382802985561,0.0080589579792382,0.0080589579792382
76561198314983684,0.2340233763421971,0.0737310724903121,0.1657414480980816,0.0212960722445374,0.1771046808115044,0.0874599793828669,0.0513879830618389,0.1110277275768312,0.0438423185233099,0.0129934407275663,0.0213919007409537,0.0
76561198315234904,0.2617236839405309,0.1410397372886367,0.1961886676879823,0.0444826914509515,0.1855969890815583,0.0629303189770626,0.0237411682778426,0.0382591027267278,0.0,0.0460376405687069,0.0,0.0
76561198317130606,0.3853232246007347,0.0659625448564696,0.194616783519145,0.0365478756985387,0.1549224890527978,0.0502796365796756,0.0356306624266006,0.0476513901521247,0.0083553048851942,0.0067644369289237,0.0,0.013945651299795
76561198321474420,0.2319149756851509,0.1046886195748294,0.1031002320656155,0.0811061257910017,0.1526401202640057,0.0468030577146014,0.0678016163846519,0.1045685593518562,0.079227817184364,0.0172514755127897,0.0,0.010897400471133
76561198325641981,0.278608900632765,0.1703503820448107,0.1929265784908034,0.0489215083127375,0.1240870654741529,0.0263668488709161,0.1049360178805083,0.0427736134072063,0.0110290848860995,0.0,0.0,0.0
76561198326689259,0.2631137968126951,0.1433262914217918,0.0719739982299795,0.0622007905756907,0.0250529647823034,0.0990108105686641,0.0637390124222526,0.097180234710369,0.0510623143617725,0.0237995648067732,0.0651600904069323,0.0343801309007756
76561198328407838,0.3181999148216233,0.1555626066592461,0.1833883747799395,0.045725523941438,0.1078218680509207,0.0202368548415358,0.0357603213791065,0.0621512197933278,0.0477800206202883,0.0233732951125735,0.0,0.0
76561198329030307,0.29869416439242,0.2626278021197021,0.1989771730133502,0.0247327223355918,0.1029654491263216,0.0573662879087918,0.035520439725967,0.0095579806889276,0.0095579806889276,0.0,0.0,0.0
76561198330374062,0.1811082984616641,0.1759768818101608,0.2204356095365395,0.0669899983326996,0.1930488043870255,0.0409193483110271,0.0996706575334688,0.0109252008137071,0.0109252008137071,0.0,0.0,0.0
76561198332366336,0.2400250867551947,0.0988249596692743,0.0931119778384135,0.1147307087143832,0.1187766712833994,0.1111623462679907,0.0519915196585568,0.1074917585057466,0.0399221441914056,0.0,0.0119814135578173,0.0119814135578173
76561198335877752,0.3050680425864376,0.1461591650561473,0.2262863153346386,0.0388347804361309,0.1012605245275852,0.0157576396690688,0.0243580467742532,0.0795848899991814,0.0480708679824524,0.014619727634104,0.0,0.0
76561198338123050,0.0629824627575687,0.1536533723953281,0.083744206528634,0.1670659618141962,0.1728620452541732,0.125013033218377,0.1463862088337026,0.0383560107380025,0.0178368491442537,0.0142630001715098,0.0178368491442537,0.0
76561198338661363,0.3015223508734142,0.0426204493020289,0.1630095916921377,0.0721370808220025,0.1429712215361045,0.0692761584896561,0.0370735880961722,0.0601278450089661,0.0379375132433622,0.0153642097528928,0.0579599911832622,0.0
76561198339879556,0.3289565787692181,0.1271716459586918,0.1468436626709966,0.0582255283569672,0.1019259513764046,0.0455093608915994,0.0536318908010964,0.092244343431645,0.0331872314403254,0.0123038063030551,0.0,0.0
76561198340169992,0.2366059689437726,0.1660302509792171,0.0803809043295109,0.1292545106525076,0.0565956804707004,0.1207141371466569,0.0433867731319116,0.0793378547387264,0.0681122656307192,0.0195816539762769,0.0,0.0
76561198341278283,0.2004995726067056,0.0675757226218691,0.0857038482315779,0.1794322197809957,0.1005653179621352,0.2005981431488095,0.027188480982237,0.0687563091557805,0.0466679079835716,0.0081613379186455,0.0,0.0148511396076719
76561198343083907,0.2647957336052261,0.2029533269268766,0.2685893518696596,0.0571819530568877,0.1419691980157355,0.0056532514982404,0.02139657757691,0.0158591107728227,0.0,0.0066120734415401,0.0,0.0149894232361011
76561198344803968,0.2742350892906694,0.161030845915336,0.0859689134321386,0.1588649253498182,0.0137479600570233,0.0481205394017518,0.0518430141919819,0.069576207328151,0.0447529070170415,0.0391293852647205,0.0288771423223685,0.0238530704289987
76561198345413393,0.2487402819068962,0.1363560199489043,0.1740058389853743,0.0931396117448134,0.1079688141750065,0.0194899531154484,0.0416376755706921,0.0,0.0264330033390826,0.0220127092110228,0.0915332148163761,0.0386828771863827
76561198345645365,0.3016978107724398,0.1192601589905549,0.211036846883458,0.0654771710179241,0.10598870388168,0.0,0.0430819840685418,0.0882344477896364,0.0586777298829825,0.0,0.0065451467127821,0.0
76561198346465577,0.2154236213822956,0.1093550496848105,0.1694109799298487,0.0842871007636725,0.1225639324987522,0.0818457844592978,0.0496158917342854,0.1054687876471811,0.0279503413829283,0.0170392552584637,0.0170392552584637,0.0
76561198347406063,0.3238410262524266,0.136527076836726,0.1816666240372963,0.070359999592188,0.0817563344539192,0.0577862501478666,0.0137468898233338,0.0581854409224479,0.026132118544587,0.0499982393892081,0.0,0.0
76561198347513175,0.3280250804127914,0.1305202180858238,0.2078437477454048,0.0278090674917645,0.0929185950508489,0.0088867235650871,0.0070956583917859,0.1034595807274736,0.0715369142264773,0.0142645939508167,0.0,0.0076398203517255
76561198349527228,0.2876887954353658,0.1110952304595903,0.1358673278948931,0.0585557608025006,0.0818502974362615,0.0103236773599534,0.0175088524961495,0.1055294690060714,0.1028069649445367,0.041179006455547,0.0,0.0475946177091303
76561198350976816,0.3786233552133733,0.1275381787736453,0.1875540099469881,0.0421252434025255,0.0761900891809504,0.0172401793800632,0.0140136748702399,0.0433108699140662,0.0,0.0448274499211343,0.0277935702841551,0.0407833791128583
76561198351821528,0.2150820814058241,0.116287653843682,0.1019186967069977,0.1197398590070164,0.0410660149049224,0.1078923160155154,0.1088480979385789,0.0537791447244861,0.0673588826638511,0.0079256040402005,0.0415149799647608,0.0185866687841642
76561198353246717,0.3173098544845145,0.0369101720543654,0.1970362918419837,0.0151674223652161,0.2050837436181019,0.0582733523607866,0.0393570077484505,0.0739600951555341,0.0143868846395063,0.0,0.0151674223652161,0.0273477533663243
76561198354464634,0.2838961691244836,0.1416835546870063,0.1142233889211067,0.0658142198872441,0.1446755134146404,0.0367513334454203,0.0278578411184163,0.1009625383484307,0.0575105297179138,0.0266249113353374,0.0,0.0
76561198355407343,0.2415901337826024,0.0683163260147232,0.1464036773150833,0.1257721728473766,0.1099209883491611,0.0952983105515176,0.0529305472407995,0.0193118671812934,0.0133320031568338,0.0304051000666323,0.0264801210033783,0.0702387524905978
76561198355821938,0.1769635731182033,0.036679359289617,0.0592736582792881,0.2067798224177901,0.0616433006077558,0.2642409668018249,0.0103256841240412,0.05743997916088,0.0282178439994891,0.0,0.0881101280770687,0.0103256841240412
76561198358134442,0.026104842475755,0.1291232420624117,0.0286109146957208,0.2469418137188573,0.0892164184069775,0.3475145920433019,0.0383852351892887,0.0128993594847661,0.026104842475755,0.0550987394471656,0.0,0.0
76561198358601039,0.263074233115729,0.1061883174572254,0.1966570110040341,0.0607006049605768,0.1751010494465956,0.0452482284157314,0.0105897997549616,0.0561514608511717,0.0648669383890836,0.0214223566048904,0.0,0.0
76561198359999689,0.1265718459437678,0.0947785735798916,0.0586406082746882,0.2584010471247351,0.0119134994367927,0.0817641452457655,0.0207327465574063,0.0139838537677447,0.0,0.0177595082648831,0.2141742777498349,0.1012798940544894
76561198360775008,0.2746750820208511,0.2091053968593642,0.1167442711979274,0.0703222809543503,0.0357612344915645,0.0732438911258569,0.066853981556354,0.0585860865896453,0.0288952005220403,0.0495326649835649,0.0162799096984804,0.0
76561198365702929,0.3055020041341632,0.1427172860201342,0.1690674425872396,0.0616782984308218,0.0661340904740921,0.0,0.1044602276552171,0.0668893515014612,0.0168590099407549,0.0145704171762693,0.0352628621390912,0.0168590099407549
76561198366069046,0.4360411467758767,0.0278848563880399,0.2399302507910909,0.030492221027676,0.1265120244127911,0.0443827971771709,0.019689631456553,0.0606289398942943,0.0,0.0,0.0144381320765066,0.0
76561198369639036,0.2022259156992565,0.1332011910237062,0.2357798487881423,0.0227824676878709,0.2276032883499505,0.1439087909939362,0.0,0.0108852837500674,0.011752046075659,0.0118611676314105,0.0,0.0
76561198372595912,0.4372544569061437,0.0709892268335811,0.1344573421415254,0.0,0.1784081102755064,0.0164005721529419,0.0,0.1204758209681418,0.0156153595844233,0.0263991111377361,0.0,0.0
76561198375365129,0.3054174358734896,0.1381097851117544,0.2075800635579959,0.0487350815041119,0.1349497642235174,0.0281633305268956,0.0276660657465331,0.0645025006628307,0.044875972792871,0.0,0.0,0.0
76561198376124646,0.1573501909734046,0.1223472737459289,0.1616284219337844,0.0504386186678238,0.107790541835872,0.0429960105374235,0.1258764316582954,0.1149494694151667,0.0576655516575991,0.0443388297895969,0.0,0.0146186597851041
76561198377061737,0.2424102848457242,0.0,0.1694123438223305,0.1528199241344935,0.1978368154144142,0.2201491176257828,0.0,0.0173715141572545,0.0,0.0,0.0,0.0
76561198377168031,0.3033313453963557,0.0996660396547179,0.1575641167052024,0.0393970007294763,0.1421629676943491,0.0448873413936172,0.0238176374999435,0.1279011563139877,0.0405410529281709,0.0104537248219724,0.0102776168622065,0.0
76561198380711412,0.268899249710145,0.0979968202659513,0.2139731534747871,0.0434776342949608,0.216077929463853,0.0474821952359958,0.0326147062558938,0.0311116181928912,0.0364927091036738,0.0118739840018478,0.0,0.0
76561198388039360,0.1398947139103425,0.1214405397611314,0.1253126429163401,0.0901063515264821,0.1390119438904763,0.1872256724205302,0.0615514180769396,0.1076265617920625,0.0,0.0166124102664869,0.0112177454392079,0.0
76561198390714886,0.3618374766378307,0.1302258828874894,0.1248434823584664,0.041886826485734,0.170917656605418,0.0121774745680416,0.0281995882938791,0.0888447080280119,0.026462281497166,0.0146046226379627,0.0,0.0
76561198391845269,0.2718242150898612,0.156614229430913,0.1772049760105231,0.0693377143550483,0.1383013303044087,0.0920211771691236,0.029529263238167,0.028966184254359,0.0139465605054217,0.0222543496421739,0.0,0.0
76561198392370761,0.364443370885715,0.0781313143221005,0.1573834147845656,0.0305755373731599,0.0551240761341629,0.0486883653981768,0.0595930624578182,0.1531030011305935,0.0369011835040553,0.0051086615060607,0.0,0.0109480125035914
76561198395338546,0.2470571298505081,0.1992364440874549,0.0709653265188235,0.1226879607917166,0.0720255903167862,0.0290475799807787,0.0942947193184859,0.077646163876447,0.0192955636541103,0.0250228091908305,0.031259416104596,0.0114612963094619
76561198400702869,0.2624048252910234,0.1984382145162682,0.200433093434315,0.0968257915030537,0.0688967666971619,0.0428521946109935,0.0473971911365647,0.0424989021759146,0.0140927622202262,0.0104238255713528,0.0,0.0157364328431257
76561198402329390,0.3776045786242359,0.0777031403576671,0.2850816521199057,0.0,0.1338811766172865,0.0562199077789592,0.016148945458874,0.0533605990430713,0.0,0.0,0.0,0.0
76561198403785238,0.1887297591846779,0.1813971743327025,0.1364319387233864,0.0528712408363325,0.2513300048850353,0.0804359822723701,0.0355022936572498,0.0566049782253718,0.0166966278828735,0.0,0.0,0.0
76561198407819907,0.2347491866205799,0.1210206237486855,0.1762369576195477,0.0738545331290991,0.1283000246662441,0.0575686673105407,0.0402192991039944,0.0445401848421028,0.04034923855495,0.0326595704736126,0.0156591440672274,0.0348425698634154
76561198408126263,0.2623227693250846,0.1803427196143596,0.1321189428731076,0.0933921917996532,0.0782013315269005,0.0521738773880631,0.0834044675269127,0.0680967339563857,0.0114124722050725,0.0385344937844603,0.0,0.0
76561198408226782,0.1548819226298267,0.1639922842398719,0.0785076134019456,0.0490126384548599,0.1000686410350833,0.1187474024140437,0.0873677288370918,0.1187475132242771,0.0593076140989445,0.0255783442268164,0.0339945063964777,0.0097937910407608
76561198411775487,0.2747394630444876,0.0903383105460688,0.2102758673755448,0.0937592165511049,0.1162593909104767,0.0,0.0220236837492477,0.0357702808289005,0.0488348526080849,0.0216673994690342,0.0453881781115678,0.0409433568054816
76561198413767937,0.2339114601017396,0.0977676850852105,0.1861366683794821,0.0582313427229819,0.1928006334465944,0.0752862713561699,0.0294643304424666,0.052238596941155,0.0392279417097337,0.0131995065503202,0.0,0.0217355632641455
76561198414097340,0.3043867120878471,0.0759402055956311,0.1617596120380055,0.0831505405731174,0.1031309919413887,0.0509193868371815,0.0328426507775216,0.1025780807015264,0.0654137063277171,0.010942967096553,0.0089351460235104,0.0
76561198417579142,0.1831216126026531,0.1806473902608336,0.1452305074467736,0.135403119726489,0.1395508830005332,0.1020408763253312,0.0469000935463687,0.0450207407102449,0.0115334854669686,0.0105512909138035,0.0,0.0
76561198418235102,0.2445207084663249,0.1440860444830036,0.1460228073800075,0.1290331598324653,0.0342205344300286,0.0319840333307374,0.019202364383968,0.0861716419618394,0.0642097514368062,0.0334621493219668,0.0533333385961846,0.0137534663766671
76561198423335954,0.3160041562546001,0.060015552995042,0.1635736270663461,0.0397732276175068,0.1993616461246624,0.0777714047229708,0.0572287303874637,0.0664488465091485,0.0198228083222595,0.0,0.0,0.0
76561198423405088,0.2796668087709835,0.106983505428791,0.2055275735212224,0.0424826317044783,0.1595070145146247,0.0565087750274258,0.023018299397646,0.0973724652041669,0.0289329264306612,0.0,0.0,0.0
76561198424437575,0.2255357292737828,0.1584541690299281,0.1538748973865303,0.0650873864134384,0.1222346982016144,0.0609415753660303,0.0665409077365944,0.0829217147747872,0.036330862765033,0.0139030451667846,0.0067151187812165,0.0074598951042594
76561198425842216,0.1730442120395157,0.297364066069763,0.2123941042975229,0.097473432865587,0.0474597491047765,0.0351964441510627,0.1117971384976575,0.0252708529741145,0.0,0.0,0.0,0.0
76561198427245183,0.2120605535930728,0.0912002585273404,0.1692308096676945,0.0761068155908632,0.1556938819424837,0.1071007751609006,0.048661180342142,0.1081054198368859,0.017761366221547,0.0140789391170697,0.0,0.0
76561198427383896,0.3070572888181896,0.1950581463080007,0.0968288226136922,0.0662673513767257,0.0690922481378178,0.0367981569041272,0.0789579332345094,0.0935007538465659,0.0305114499909867,0.0259278487693842,0.0,0.0
76561198427779859,0.2378270829704372,0.1373763598577052,0.2114657463799049,0.0911744178653797,0.0709513786357447,0.0575668121995832,0.035108392846281,0.0532726729741534,0.0623274321768539,0.0189117960840716,0.0111326346340823,0.0128852733758024
76561198428123404,0.2536937871024557,0.172254257586214,0.1659169940410068,0.0446331276642243,0.1048152819145005,0.0369866841660263,0.0471478854568845,0.1276888145294078,0.0297699101940628,0.0170932573452168,0.0,0.0
76561198429193409,0.2400712608157763,0.0933623094356396,0.1873026737697181,0.0639829841380092,0.1501245154264852,0.0513240126036253,0.0827539868508894,0.096914920541208,0.0218729735575348,0.0122903628611134,0.0,0.0
76561198429606249,0.2852755634319824,0.1788418626007611,0.2070875207684646,0.038935527863809,0.1049964749177325,0.0199058622047139,0.0540646878344893,0.0673468887860571,0.0223660458308413,0.0,0.0105897828805742,0.0105897828805742
76561198432274758,0.2160382428506931,0.1968855478114679,0.1225739839900835,0.1134708284818936,0.0762942387469049,0.0957224528629579,0.051629245405216,0.0584567146669821,0.0114878018694778,0.0235602753068139,0.0338806680075087,0.0
76561198432337304,0.2757392568404994,0.1008931479575957,0.216853392018053,0.0673184095247236,0.1455031321633025,0.012832746328675,0.0191991377089687,0.0998348799952928,0.0326789948444226,0.0291469026184663,0.0,0.0
76561198433458297,0.3748232092430013,0.0472427202793916,0.2002457465930976,0.0440041104811508,0.0936040814661,0.0784695956392696,0.0258151693306282,0.0872364996692156,0.0352481419396912,0.0,0.0,0.0133107253584536
76561198436639398,0.0783854913617491,0.1423617159958865,0.0735334163008404,0.3854636103610722,0.0,0.1380716713004849,0.0863803016426472,0.0174521873954881,0.0,0.0223385330111157,0.0,0.0560130726307156
76561198437664846,0.3900248813002248,0.0778991229118718,0.1507092047761158,0.0670932690471193,0.1105427333524981,0.091783752237844,0.0,0.052058737266221,0.0482058291641492,0.0,0.0,0.0116824699439554
76561198438587738,0.2397492790739032,0.1179272041171179,0.0954167396923664,0.1308298437726512,0.0569512799315739,0.0552375852077709,0.0524998234621675,0.0979975344180398,0.0799602947741361,0.0220969959579114,0.0299994983687797,0.0213339212235817
76561198439100835,0.1957363388578016,0.1504595447328152,0.1718605857474337,0.1172997077317291,0.1155013366749697,0.0285033128526068,0.0584185343340515,0.0224116033628851,0.0529149130295691,0.0090449209032524,0.044263124337885,0.0335860774350002
76561198439220419,0.3184023114212736,0.123902150355519,0.1272076269881482,0.0355148154818109,0.1929191115501279,0.0418901716819173,0.0715942376724182,0.0429866045812557,0.0298003767193974,0.0157825935481313,0.0,0.0
76561198439304389,0.2962597451405551,0.1342403758692537,0.0282019352859508,0.1003868876893069,0.0334302248610868,0.1766362811912914,0.0,0.0805151937456151,0.1328059939778381,0.0175233622391018,0.0,0.0
76561198442308189,0.2197122482461376,0.1652587612739462,0.1480822030826204,0.1043305084508183,0.0880925062707369,0.0254644759534885,0.0611134098803309,0.0567873916590918,0.0246844310516246,0.0492306033467037,0.0193764816805264,0.0378669791039742
76561198447217647,0.4147379436658041,0.0489246530747559,0.2557552647883884,0.0152018767648028,0.2501783849414459,0.0,0.0,0.0152018767648028,0.0,0.0,0.0,0.0
76561198448175035,0.3734177197305307,0.0421064566373176,0.1706076730857856,0.0495345515383491,0.0925060560396645,0.0,0.0308605611921322,0.1097060732509279,0.10199760329008,0.0,0.0,0.0292633052352121
76561198448417314,0.1100441324633244,0.1605343775865,0.1369509435389852,0.1166082591322871,0.0853393253682712,0.0471901356740577,0.1356002998502069,0.1017224637518612,0.0459104846426784,0.0332703784136393,0.0171331632839409,0.0096960362942471
76561198452163269,0.3923905058307836,0.0999946583903601,0.212676401083921,0.0280474799998788,0.0897525179736407,0.0284667043421467,0.0195118289850426,0.1291599033942261,0.0,0.0,0.0,0.0
76561198706984079,0.2395560018406791,0.1924350715232232,0.2482577004046745,0.0506829648500777,0.1063742220775294,0.009348481835822,0.0291532079294486,0.047089765256406,0.0026151744694528,0.0744874098126861,0.0,0.0
76561198742491552,0.4003387431913004,0.1734361100491049,0.2179534827733089,0.0222138088708853,0.0142341897350526,0.0128389369403294,0.0644673001637588,0.0681345726466688,0.0,0.0263828556295904,0.0,0.0
76561198757776931,0.230311544382384,0.1931050796089551,0.1147062596311805,0.1963651101249166,0.0141472966364643,0.021879130947078,0.0756262416023378,0.0694569574682394,0.0183403178093499,0.0212352745238051,0.002327345511184,0.0424994417541048
76561198763852134,0.3569986957922079,0.1728783664445402,0.1455200749400428,0.0728409390859653,0.0,0.0,0.0779383783063496,0.1492282133517031,0.0245953320791907,0.0,0.0,0.0
76561198772090380,0.2195789525126713,0.2296705200097324,0.1496937239702597,0.0644383050288002,0.1608928462906121,0.1061146412151806,0.0573225585197642,0.0,0.0,0.0031177573943547,0.0024945824386514,0.0066761126199731
76561198778416827,0.2485979893700312,0.1901804238411971,0.2544497308406346,0.1181053652882522,0.0585376114810937,0.0383090940766645,0.0381908673599097,0.014042441457104,0.014042441457104,0.0133440458528766,0.0,0.0121999889751317
76561198792381604,0.0442791012750181,0.223172848492785,0.1404075310471961,0.1824533725497749,0.0468978204646354,0.0371714935851696,0.1987914355782406,0.1054778758680486,0.0213485211391315,0.0,0.0,0.0
76561198796975770,0.2395716974937531,0.1253363673314649,0.1528061306189999,0.0870879525527715,0.070015008580224,0.0304984093083399,0.0237400774227916,0.0562938384970235,0.1165770931424209,0.0178543645834869,0.0371524150982985,0.0430666453704249
76561198797617660,0.2498157698118079,0.0640378271624892,0.1924202388178201,0.1026616228331619,0.0151329110139423,0.0101356764702764,0.0565941803547353,0.0882373822209613,0.056563042752665,0.04362678105686,0.0712266249935601,0.0495479425117201
76561198798566786,0.2327426630105044,0.1414826273508231,0.1329514897230014,0.0904478433195754,0.1316064876398707,0.0749949388384602,0.0592476201922483,0.0791700909584921,0.0358579217555022,0.0104771130391785,0.0,0.0110212041723433
76561198802237869,0.2552676037439054,0.1673330184593296,0.1542768103585517,0.0681503623499425,0.0299259678361776,0.0,0.0664242031615312,0.1146909384392368,0.046180600241898,0.0199363117035262,0.0426804443569571,0.0351337393489434
76561198804601630,0.275993747039311,0.1508963447306236,0.2168149686513157,0.0801019769095083,0.0302256444150512,0.0238070876926328,0.0487801947688755,0.0407853100748312,0.045413943758149,0.0,0.0558305834888783,0.0313501984708229
76561198804680697,0.2393790454421123,0.1498688683449473,0.100435962623622,0.0945981675036129,0.0948018261692491,0.0398453353072191,0.0748086175500137,0.0757893005649417,0.068537716555163,0.0226484702483432,0.0247318481279163,0.0145548415628591
76561198807749950,0.2317145114621805,0.1918743973985862,0.1150755026424245,0.1280588738147477,0.1005851510372174,0.0637163431032313,0.0259540688437953,0.0656096429540816,0.0130153374841897,0.0126964463333345,0.0253586674133373,0.0263410575128734
76561198812864080,0.3179799521029565,0.0816323680374316,0.1956832425280119,0.0690718783881119,0.1320526341444161,0.0494432020371662,0.0265385863959494,0.0943784906929679,0.0231253636970256,0.0100942819759625,0.0,0.0
76561198816134762,0.3277452273285543,0.0763247366291793,0.1223988237251506,0.0706949707672091,0.0616571507955377,0.0581937489054023,0.0518286099689567,0.1393678708679779,0.0196787468001592,0.0602874461470703,0.011822668064802,0.0
76561198816301919,0.2328802504030837,0.2417235838121566,0.1612808591800513,0.0794139425255387,0.0498853216320371,0.009233434140345,0.1022837340546786,0.0614077399067072,0.0307107208603106,0.0311804134850906,0.0,0.0
76561198818769123,0.2175311945408558,0.0936788175380465,0.1130076646633528,0.046068010312244,0.1283940547864079,0.037527320134216,0.0670462793274174,0.1575844451839027,0.0633402556124076,0.0470434287304759,0.0215719855970425,0.0072065435736305
76561198822653847,0.2373677240988279,0.0242964150834376,0.158044307803851,0.0234196283792873,0.2075795835591339,0.0648851669714791,0.0113198184901272,0.1480197137089909,0.1019995909458022,0.0117482324689353,0.0,0.0113198184901272
76561198827623243,0.2189988275943747,0.202534034469511,0.1230925560597147,0.1107719393802654,0.0966019788976146,0.0841324107806226,0.0286488421605976,0.0706258287787791,0.0161132760425598,0.0419262254392792,0.0,0.006554080396681
76561198829174449,0.1310734078351447,0.2374477513124356,0.186197655579235,0.0947924818295073,0.1373007095634622,0.1023245278814866,0.0651069967532705,0.0353361920443764,0.0,0.0,0.0104202772010815,0.0
76561198831192918,0.4011772782309303,0.0219475612624222,0.3032578678430998,0.0349691512354409,0.1203318480747623,0.0,0.0,0.0498572342689359,0.0223096257453651,0.0,0.0130215899730187,0.0331278433660245
76561198833276319,0.2259736002479557,0.093200886972477,0.1270430127228795,0.1149175571825538,0.0569796344704156,0.0209386255187098,0.0506421833912276,0.0667667795228999,0.093811284101637,0.0620390767768969,0.0534620764284109,0.034225282663936
76561198833867588,0.458414747687271,0.015505086992993,0.3095256682346188,0.0,0.1218328269508135,0.0,0.0175977293716637,0.0478213562318979,0.0,0.0170210783640527,0.0,0.0122815061666889
76561198833987527,0.3129294016124543,0.1077784760439433,0.2145822495735765,0.0563132914744491,0.1145576261397767,0.044253561884253,0.0446465002421298,0.0241827491616587,0.0241827491616587,0.0,0.0161953227722203,0.040378071933879
76561198837284017,0.3343291986793388,0.0724707935356322,0.1737864139643704,0.0331627757557924,0.1460010334612437,0.0135218127502618,0.03207700890779,0.0926678730174817,0.0450879391884717,0.0135146526007627,0.0146075795982643,0.0287729185405898
76561198837631318,0.2463488797813229,0.191022443317883,0.1343905609517124,0.0418148928477743,0.1507281429721171,0.064290226541461,0.0432126095642197,0.0730513339407921,0.0181935207472774,0.0369473893354394,0.0,0.0
76561198838206590,0.2022478156954982,0.1918501953476112,0.1067356098854474,0.1070550651079315,0.0433651847194439,0.0597853009687377,0.0898825819528993,0.0827770714861611,0.0488997802815923,0.0081974514327952,0.0294464186967453,0.0297575244251365
76561198838823687,0.2176112866919941,0.1948158453863127,0.1478398010302703,0.1256586829663503,0.0118373613546112,0.0553467362473079,0.1310865630522893,0.0811776068401807,0.0,0.0147163448491397,0.0100396714770681,0.0098701001044752
76561198842146094,0.211722511170832,0.0811695380172139,0.1880898067688644,0.1069711670876692,0.1077850841810902,0.0314458495805808,0.0807415569739114,0.0961518528564712,0.0479376387720778,0.0188084661218744,0.0,0.0291765284694143
76561198843353774,0.3074522068681645,0.107864395333055,0.1370117135293189,0.056452734787788,0.1354161609119701,0.0252328424626331,0.0340740997033588,0.0892549641680946,0.0671571366956046,0.0146345438047842,0.0127246008676139,0.0127246008676139
76561198843437563,0.5076367438796033,0.0,0.0721697771152468,0.0,0.293278384370214,0.0,0.0,0.1269150946349358,0.0,0.0,0.0,0.0
76561198843790470,0.2981013026386759,0.1456742873554406,0.13066703024515,0.0566486368827456,0.0965551433884178,0.0443500058621219,0.0415147497994343,0.1086938891405604,0.0557577497253833,0.0220372049620699,0.0,0.0
76561198844902387,0.2701241828179641,0.04003599771855,0.2057955045453794,0.0298763052918588,0.1353875232778066,0.0362636487488278,0.0298763052918588,0.1208583421753171,0.0716900607549601,0.0111065750508016,0.0067153690249812,0.0422701853016937
76561198845485546,0.2601503014061742,0.1702049914021229,0.142630182390734,0.0621497050327681,0.151035849335217,0.1429920169565923,0.0,0.0403068340087421,0.014705067316052,0.0158250521515969,0.0,0.0
76561198845632839,0.2561443515365257,0.1213831318324879,0.178073244544652,0.0443818414162444,0.1683863469070373,0.0434744603599171,0.0788996393719409,0.0604981516388125,0.0487588323923818,0.0,0.0,0.0
76561198845689870,0.1652019607075524,0.1690172175905502,0.0989262166474836,0.1230165915711262,0.1485335266959379,0.1425397396046824,0.0547638057985597,0.013060665182338,0.0355287624728809,0.0201487288869571,0.0292627848419311,0.0
76561198846183374,0.1806100681435771,0.1497808516504626,0.1611009465315151,0.1385454624137622,0.0943696993955002,0.0443802515298084,0.0983877419362731,0.0420965936344308,0.0308039196302757,0.0158005376738608,0.0441239274605336,0.0
76561198847297910,0.1205813533646259,0.1980196638217324,0.1486436483887483,0.1493217775790687,0.069044894860343,0.0728048575329385,0.0923431002282341,0.0524937327477908,0.0307735680858287,0.0501521306139333,0.0,0.0158212727767558
76561198847593484,0.4087530329239963,0.0372501825160448,0.287112553580263,0.0552770580467118,0.0740520394140512,0.0417303374750786,0.0186549372299071,0.0241137785129596,0.0190557007225131,0.0,0.0,0.0340003795784742
76561198847902117,0.3370158223257871,0.0383675652023164,0.2737435051422185,0.0334004410191091,0.1382728834321757,0.0288795592636525,0.0316165185881366,0.0691593982947284,0.0360516592030503,0.0134926475288249,0.0,0.0
76561198848316420,0.4662512053311045,0.0449672734068478,0.1576643525934461,0.0140799949084645,0.1869920442311917,0.0,0.0465833225257868,0.0498762274548844,0.0182596346106921,0.0,0.0153259449375817,0.0
76561198851738367,0.2308963841003484,0.2071531735789525,0.0925272799912462,0.0085491535480628,0.1441720938467547,0.0547172773285777,0.1263649252407704,0.0723611442233971,0.0272605655435976,0.0359980025982922,0.0,0.0
76561198852781577,0.293704079986242,0.097827633881249,0.1628330180898165,0.0429838096255501,0.1638696914536442,0.0759555770552826,0.0601883589466243,0.0621829498572541,0.0170530486358865,0.0234018324684501,0.0,0.0
76561198853165772,0.2275684262765493,0.0596155536602172,0.1102263158099751,0.0955357336388514,0.1159580247683796,0.1888710493157202,0.0230873448400748,0.079984456711493,0.0991530949787389,0.0,0.0,0.0
76561198853188317,0.2176181789297427,0.1788040984448446,0.167521745081804,0.1346656936992906,0.0865279641070785,0.0279756466107157,0.0740290198525996,0.052692871685647,0.0154520745482567,0.0447127070400203,0.0,0.0
76561198862661273,0.2967228636071896,0.0548836099542598,0.1462215204796445,0.0470986482777645,0.1438151216353891,0.0396998456966105,0.0545903979659036,0.1148548011151381,0.0737394239171119,0.0165573120434441,0.0,0.0118164553075439
76561198865591103,0.2763217019434965,0.2574570868017295,0.2104076458539399,0.0730299685812619,0.0782987821338563,0.0222181227760045,0.0348839762049209,0.0342769955194971,0.0131057201852933,0.0,0.0,0.0
76561198867608134,0.3423071344211302,0.1222595271646765,0.1864580393345396,0.0174466904690853,0.2609361914577314,0.0,0.0171072008378583,0.042353476047173,0.0111317402678055,0.0,0.0,0.0
76561198868323862,0.46332239456115,0.0297967532436112,0.2683824460453116,0.0,0.1647261964136684,0.0,0.014178703249036,0.0,0.0,0.0,0.0297967532436112,0.0297967532436112
76561198869428936,0.2598756757844885,0.0788865225494848,0.1004304802711386,0.1077481967643393,0.1673497304545602,0.1430325137087228,0.0117644555300903,0.0540341413487209,0.040278147114888,0.0366001364735662,0.0,0.0
76561198870279063,0.2043946361371184,0.1328939287292198,0.1258308094570792,0.1312417369594573,0.0105214484245547,0.0518596809175042,0.0925907122056142,0.0749081590160294,0.0437743363272352,0.0179891914629931,0.0615851360327761,0.0524102243304181
76561198870768812,0.3185805079855825,0.1144059393127406,0.1654667581145672,0.0240449985350845,0.1890238804918473,0.0841092183721982,0.0265012125187061,0.0243314125137481,0.0272999863498739,0.0120044569354413,0.0142316288702099,0.0
76561198870946600,0.1900555913057886,0.2086563804194307,0.1161409104415949,0.075057225189285,0.139134954019081,0.0941174103396569,0.0709908200605507,0.0849956175779301,0.0099951513731095,0.0108559392735722,0.0,0.0
76561198871845380,0.3203918503052044,0.122559961701102,0.1265709800296439,0.0945940429579493,0.1200750768403429,0.0501354320155112,0.0300671329234412,0.0533107959954097,0.0120572307691452,0.0,0.0295304246229305,0.0407070718393193
76561198874472241,0.2067036855644846,0.157403179549218,0.1290925999792515,0.1471743028247666,0.0080645084083924,0.0534638088155654,0.1019611988127069,0.1265868746824468,0.0274911845468775,0.0091990513449865,0.0164298027356516,0.0164298027356516
76561198876451323,0.20746040202444,0.1398836491173821,0.1456628454153944,0.1123710891802827,0.0819942992301425,0.0806777875364557,0.0697716877970168,0.0588522403335628,0.0288783471684876,0.0226044050867108,0.0119629245543009,0.0398803225558233
76561198876615080,0.2562887671356565,0.2009368224013995,0.1958302643067623,0.0504439993819232,0.1184005835353472,0.0099940899844924,0.062572221116272,0.0306731465960917,0.0312253990490198,0.0223180226651695,0.0213166838278656,0.0
76561198880142983,0.185185538400253,0.090191140123328,0.0799982516521681,0.2308723768690907,0.0475744209154458,0.1484038218781132,0.0205708874389826,0.0578070301846257,0.054213677917088,0.0110543352679306,0.0527358074255577,0.0213927119274163
76561198881008111,0.184044306590027,0.1630818613500695,0.1481722549399931,0.0727839573874429,0.0688410900274322,0.0633121827546363,0.1402078373733499,0.0590690214695168,0.0483881782797819,0.0098664960297635,0.0306035544174101,0.0116292593805763
76561198885046549,0.325466469509841,0.1340859418040931,0.2051830780364579,0.0800489505460831,0.0918950269731327,0.0229446537043471,0.0369137689480037,0.0487377942589804,0.0126033702769446,0.0295175756651712,0.0,0.0126033702769446
76561198887083618,0.300099115759304,0.0690800403788173,0.1788025512177673,0.1220950820395732,0.0749136048614405,0.0414780692818165,0.0433212964000857,0.0780010421986649,0.017970296156391,0.0,0.0140188335269801,0.0602200681791592
76561198887943085,0.1430452295432355,0.2491234157136911,0.0792887471511967,0.1452474794172445,0.0982147791772745,0.1130756435902654,0.0783235902053525,0.0497147171512377,0.0,0.0439663980505016,0.0,0.0
76561198888074333,0.2901000353771752,0.1354956172712159,0.2185169054867868,0.0340702486370099,0.1330108043773409,0.044398032608999,0.0492184130844471,0.0780713427179198,0.017118600439105,0.0,0.0,0.0
76561198900476414,0.2141359886763808,0.2236959667619777,0.0869902606347645,0.1079081612226165,0.0738354492911604,0.0243646494437615,0.0578821803810442,0.0489408932549781,0.020260194015939,0.0547634061072175,0.0369699470685354,0.0502529031416238
76561198902671770,0.1294870481049513,0.1984502036066593,0.1181354365958376,0.1350656764212525,0.0315186267491593,0.1218759433465439,0.0403479599761084,0.1049795437164063,0.0702011707045129,0.0298043951008525,0.0096090475680719,0.0105249481096437
76561198906743730,0.2981482961784867,0.0959399779608806,0.1585504535801163,0.0604068813923702,0.2136380568371518,0.0143821048042625,0.0645321498170133,0.0375605526650752,0.0272631533316483,0.0,0.0147891867164973,0.0147891867164973
76561198907957525,0.1767850150764196,0.1856817945018447,0.1797688963054004,0.1254347188959488,0.0589721650177737,0.0387745983687913,0.1017115773046527,0.0486856872931182,0.0103826446113047,0.0577967250432658,0.0080030887907398,0.0080030887907398
76561198908664868,0.1723234825725837,0.0560526978093383,0.128217645726258,0.0629965286727637,0.3006754808479746,0.2490810559877125,0.0153265541916844,0.0153265541916844,0.0,0.0,0.0,0.0
76561198931909013,0.2840785822364,0.1086433337048781,0.1546485696092527,0.0630450513941052,0.1053499502956899,0.0,0.0488217246418751,0.1226399052162351,0.0350412858679675,0.0245947481513696,0.0413149217204107,0.0118219271618153
76561198937925146,0.252391106733045,0.1148545474522376,0.2265865541926786,0.0607606276489457,0.1540886239915474,0.0935545011689806,0.055881639871435,0.0139519583837441,0.0,0.0279304405573855,0.0,0.0
76561198950687868,0.3060583610775564,0.0568987751623016,0.1412829322283647,0.0219481756352663,0.1244657800085482,0.0512734784188862,0.0746629912793388,0.1082441810269582,0.0518850980012695,0.0424881484639238,0.0207920786975859,0.0
76561198954743459,0.2971969286491039,0.1573342388128886,0.1962081383494647,0.0822719048877784,0.0809049360534671,0.0297441184995624,0.0144788291606726,0.0395888192092758,0.0664388463279031,0.0257099677183321,0.0,0.0101232723315509
76561198961057393,0.4720820123314972,0.0962148384643997,0.2162919821975591,0.0,0.0835908056468389,0.0,0.0,0.0812271889163308,0.0194981295719994,0.0143775154868163,0.0,0.016717527384558
76561198962774260,0.1518121526853331,0.1780773956012444,0.139167912513721,0.0435605632235997,0.079907111831228,0.0595909171545511,0.1365523949250721,0.0941153223544891,0.0884059029985346,0.0,0.0246942352587692,0.004116091453457
76561198963902506,0.2346527414051151,0.1470198970136979,0.1288089841319069,0.0712887889193737,0.1296565298374884,0.0233749318147075,0.0602126410812574,0.1247209041534754,0.0506268574154817,0.0200315914846893,0.0,0.0096061327428061
76561198964730990,0.2713162355364095,0.1031539386038887,0.1570642875355876,0.0775747666610012,0.1455788969542749,0.0245146681470956,0.0362300204922021,0.0627124469096683,0.0905204840302064,0.0156671275648327,0.0,0.0156671275648327
76561198966274908,0.2742232530487754,0.191701971720639,0.1684074965321093,0.0589021364057432,0.1688499177005855,0.0418501970253346,0.022018510563594,0.0531476990451653,0.0087613493750587,0.0121374685829947,0.0,0.0
76561198966998552,0.1351367196442179,0.1027878573267751,0.1258481814482337,0.1057763197756567,0.1781356711176494,0.1373437791590274,0.0572335800123337,0.0598338649022481,0.0601153327555447,0.037788693858313,0.0,0.0
76561198967733216,0.4043467198480534,0.0690160791522185,0.169629488444043,0.036830779050567,0.1293786458254446,0.0202430156684738,0.0743515752488527,0.052776908763973,0.0196340790721034,0.0237927089262701,0.0,0.0
76561198968237390,0.261351945199007,0.1281856805843176,0.1682414963994994,0.0,0.3244744252227461,0.0729363528756208,0.0168553397292685,0.0279547599895403,0.0,0.0,0.0,0.0
76561198972795993,0.3623535733779574,0.138595314949605,0.2773895725055649,0.0897626346269976,0.0551913290057577,0.0,0.0398182867766075,0.0206340390844692,0.0162552496730405,0.0,0.0,0.0
76561198974123949,0.2524559628818131,0.1401106659683612,0.1402435151094077,0.0655567085493152,0.1205575972924867,0.0596660289779604,0.0686666630114819,0.0552706824286771,0.0499960470241416,0.0474761287563547,0.0,0.0
76561198974989829,0.3328422064894171,0.0354806695281405,0.2201547763847589,0.0,0.286646220663822,0.0161700419158005,0.0216948432156189,0.0486428618231421,0.0383683799792998,0.0,0.0,0.0
76561198975067132,0.3251024201902404,0.1762267253655585,0.1746094679059262,0.0239707745917194,0.0809056974366305,0.0372288295456666,0.0532907242065752,0.1056828635595616,0.0229824971981212,0.0,0.0,0.0
76561198975990427,0.3743052603876192,0.1712458485036193,0.1758643920813405,0.0,0.1185681316161664,0.044642789700214,0.0131269566875975,0.0837235384299283,0.0,0.0185230825935146,0.0,0.0
76561198976541186,0.0949597456684397,0.2482781649987117,0.2088594460306967,0.1106546184277324,0.1800054542363604,0.0403425122424913,0.0596186610856176,0.0137600607156192,0.0,0.0435213365943304,0.0,0.0
76561198976557185,0.2711634331171846,0.1658745881891766,0.1618151442204669,0.1273530950497428,0.0338272570786916,0.0153284601943098,0.0488912676459805,0.0748265792758566,0.0382490090784675,0.0341185166821899,0.0164831816196749,0.0120694678482578
76561198981659881,0.2514873362848458,0.0879782312237574,0.1321124207048883,0.0802402855833397,0.1056495898951918,0.010461715190726,0.0438353287669045,0.0709244359109027,0.0669264589836952,0.0698173265458116,0.0548790653270827,0.0256878055828537
76561198982027831,0.2541560808340513,0.1339502978111759,0.1599145530847051,0.0735341360185761,0.0790592784519382,0.0381674503676702,0.0565218338039876,0.1105941481578173,0.0767154573003879,0.0068394002223994,0.0105473639472908,0.0
76561198984355584,0.2942196239567349,0.0781711799974097,0.189098953145641,0.0347003441887406,0.2308902041664381,0.0604315026714789,0.0120447082707577,0.0489259199551011,0.0279911215791413,0.0235264420685561,0.0,0.0
76561198985222961,0.302714109249432,0.1169390246118424,0.2007356803763183,0.0223996470831849,0.1668055594305905,0.0421640718013817,0.0321672387848858,0.0827420771108176,0.0113626753996046,0.010607240752337,0.0,0.0113626753996046
76561198986771778,0.4094948110495271,0.0415708679168182,0.2974367576478512,0.0143292941708914,0.1442371557643507,0.0,0.013847209370953,0.0441729994270351,0.0220849895418738,0.0,0.0,0.0128259151106989
76561198986772742,0.233185034695785,0.1341003638812415,0.2259326376067123,0.0639308254879164,0.1250186911438364,0.0663478467779444,0.036105361690047,0.0,0.0509355463634314,0.0486663164631848,0.0157773758899002,0.0
76561198988021642,0.1955847458699927,0.1744047073820087,0.1001075316454471,0.2066397027348125,0.0126783538340043,0.0974482998695954,0.0672775775171564,0.0387690722196535,0.0176743913139713,0.0487240333571041,0.0079443433247498,0.0327472409315037
76561198989511606,0.275996938960974,0.0840532824199959,0.2081060365521257,0.07909135138154,0.1191261657750404,0.0482836229084985,0.0574964196287208,0.0851420911351733,0.0,0.0,0.0123194992963492,0.0303845919415818
76561198992122481,0.2480357214665255,0.1397565649591908,0.0904920275865549,0.1405526894699943,0.0481232386427574,0.0530848966897136,0.0552364202330854,0.0916678131351476,0.0844131332914942,0.0225913915145865,0.0,0.0260461030109495
76561198993588247,0.2209803855386111,0.1543690803395977,0.143040616715951,0.1089769046631186,0.0902909637868165,0.1225724557352112,0.0417786283464268,0.0467514580148161,0.0619524275667571,0.0048117976011576,0.0,0.0044752816915357
76561198995117447,0.2443936655132297,0.1697999073316599,0.0975824659788721,0.169763084036453,0.0927309392762432,0.0978446431316171,0.033752614819373,0.0158821921395127,0.0,0.0518634025433589,0.0139544523188379,0.0124326329108422
76561198995486953,0.2198155491049519,0.2013655500251369,0.1566914151654172,0.0941861975364595,0.0782064599844195,0.0245845410094768,0.1419434804314501,0.0461353390409748,0.0,0.0370714677017129,0.0,0.0
76561198999705859,0.2528616951411787,0.1465491156902513,0.1564562039563824,0.120896143552756,0.0566758736913729,0.0320452857104381,0.0643594239710085,0.097924095491471,0.0250858879432568,0.0221966044769847,0.0109320083884228,0.0140176619864762
76561199002493106,0.316544561714679,0.1300213309475086,0.2535919173022548,0.0991152337605764,0.0605219246557593,0.0254126176355466,0.0565082664795281,0.041856880812988,0.0,0.0164272666911589,0.0,0.0
76561199003329860,0.2220675046697532,0.0672739642205627,0.1539097748283572,0.1345681720803258,0.0607734667454447,0.0200643393205227,0.0166775699513686,0.1082130472209336,0.0509345017450806,0.0406268842678275,0.1153601954536458,0.0095305794961769
76561199003732668,0.2418444154312066,0.0902873467764195,0.2405309500686842,0.086981222274951,0.1798203044953314,0.0758788718971151,0.0516015933455286,0.0,0.0154426282107712,0.0,0.0,0.0176126674999921
76561199006086136,0.0993109024158406,0.1710494311680591,0.0569027039860866,0.2709904674149349,0.0315381187028009,0.145763848737291,0.0828871838520199,0.059511038087863,0.0254872105427695,0.0393717159338492,0.0,0.0171873791584849
76561199008988100,0.3260436551768865,0.2075519489798194,0.0824686326587803,0.0566993065759067,0.0243695832373654,0.015239951757375,0.1764399551344095,0.0764150935552881,0.0,0.0157832063126825,0.0,0.0189886666114861
76561199010475789,0.3918337917584382,0.1348891259901317,0.1406525381427353,0.0464980134169514,0.036861039432546,0.0645215606465009,0.0461019935837357,0.0841491732080018,0.0155419353476114,0.0,0.0194754142366735,0.0194754142366735
76561199010548373,0.3304844372319309,0.2051901986420796,0.1493345404778802,0.0599878122173115,0.0567728723621656,0.0288737162301225,0.0590442170529574,0.0316390291479834,0.0,0.0326636770708052,0.0460094995667633,0.0
76561199011315469,0.1263492307202611,0.2371750039356683,0.0891930060529738,0.1932854457054422,0.0568674150689441,0.0516875805696248,0.0873725138833871,0.0373267373456078,0.0504364400667964,0.0201558058624911,0.0196698591106055,0.0304809616781973
76561199013537219,0.198807320194638,0.1412373531399112,0.1387011497542292,0.0821035738125954,0.1294576499385354,0.1081017369385091,0.0618302923789751,0.0928989423414849,0.0351609522722854,0.0,0.0117010292288358,0.0
76561199015330455,0.3152745057640246,0.1126947946523703,0.114020261170353,0.0714572712849855,0.0743755578149925,0.0177752194856619,0.0440466280940815,0.1597490467835136,0.0,0.0149947725079727,0.0423764539688892,0.0332354884731549
76561199016522989,0.3275666632125615,0.0880483229995991,0.1813724737172332,0.1454204682996801,0.1192080207101283,0.0136602402828706,0.0109902191187153,0.0191845702721465,0.0,0.0248458829894136,0.0190412775432241,0.0506618608544271
76561199017224533,0.4140524937062848,0.0,0.2145160419491142,0.0179432421728321,0.1641556145940252,0.0390704794191386,0.0241340224117987,0.0699249149730978,0.0562031907737083,0.0,0.0,0.0
76561199017665090,0.2841571289388268,0.1494000307993024,0.1544639456008145,0.0639547352363042,0.1114676376889843,0.0126293434567333,0.0414879740734213,0.092699782180202,0.0425397346881543,0.0471996873372566,0.0,0.0
76561199019851662,0.355053283587336,0.0720374506736369,0.1281000501415023,0.0870241588520678,0.0426724467530479,0.0262140196441187,0.0417796825209986,0.0862245318283256,0.0356473095759557,0.035576686685102,0.0380270523509315,0.0516433273869765
76561199021482467,0.206239607537351,0.175504948343871,0.1479156800569919,0.0903161284787191,0.0983048181321665,0.037152148629688,0.0508820760641122,0.0613262312610323,0.0366059018364427,0.0707569371077488,0.01431561719935,0.0106799053525262
76561199023588691,0.197778292678031,0.1485869086014948,0.1175063299873742,0.0863193037393682,0.1044057032019149,0.0515664597175319,0.0671473506135106,0.1038719387878456,0.0542274655222104,0.0441009511561775,0.0160635731558552,0.0084257228386852
76561199024416168,0.3527302548689154,0.1353234426770874,0.1570674674913732,0.037568200097519,0.1000897880162622,0.0254462122837218,0.0384924906994224,0.0967872407697915,0.0,0.0253009876689589,0.0118325820566459,0.0193613333703021
76561199025426416,0.1582409284590503,0.1778836349498269,0.1324554664768663,0.1572307619999784,0.0624730153713094,0.0101554932944769,0.0229615676034951,0.0569191558635987,0.0340172731225292,0.0398559939210547,0.0937833469810008,0.0540233619568128
76561199028361033,0.2396803277727158,0.111659535448348,0.075082023488919,0.2145956084726221,0.0,0.0493503457632732,0.0218535493959343,0.1027737683722892,0.0434918673446869,0.0333752381301597,0.0289006434377016,0.0792370923733497
76561199028905855,0.3940220128649494,0.0241486112119071,0.2892110543403011,0.0159543347683159,0.0615637272688269,0.0,0.0241486112119071,0.0763179647259485,0.0265872630528412,0.0,0.0449016131636789,0.0431448073913233
76561199031051001,0.2667339328637292,0.0995417446933921,0.1728887106773278,0.1361513859282213,0.1234644120235239,0.1293952216267496,0.0133058137967676,0.0304730329150172,0.0151991216276196,0.0128466238476514,0.0,0.0
76561199032352779,0.2925185454841675,0.1459422975818141,0.1996589674299554,0.0508924164376905,0.0591779888462908,0.0097566523589882,0.0345672157037241,0.0874194230792132,0.0495625455534182,0.0501312357688837,0.0112932784108696,0.0090794333449842
76561199032380262,0.3451259528679034,0.1463321896044368,0.209021514571302,0.0584317315664101,0.1149895012857232,0.0169395295090681,0.0429171797595091,0.0526392773149104,0.0,0.0,0.0,0.0136031235207368
76561199034190035,0.2095467994789987,0.2691738313129369,0.2383085673602938,0.0787480549579883,0.0102644842049243,0.0472875483240722,0.0653532778095954,0.026483697424507,0.0102644842049243,0.0445692549217585,0.0,0.0
76561199034795612,0.3614112467962041,0.1777956637327304,0.131901616742937,0.0888657237616465,0.0548446731701625,0.0483009871406845,0.0880470621492611,0.037072302061462,0.0,0.0117607244449116,0.0,0.0
76561199035689662,0.2729283004364142,0.2114711914959903,0.1598647057694822,0.049170840418266,0.0,0.0274389669514063,0.0805395342116319,0.0785711114576901,0.0516279196635561,0.0485977215681047,0.0,0.019789708027458
76561199037612036,0.1522302365365995,0.057055404623603,0.1060080405944157,0.1926499209549843,0.0814717406075003,0.0995952655610347,0.0276370232001546,0.0306692841112546,0.0,0.0145342852643478,0.1350214525557082,0.1031273459903966
76561199039143583,0.2931387587296588,0.1889256161268563,0.0771534470856634,0.103016152807798,0.0417350855744973,0.0377300099213798,0.0958421538526779,0.1385025085103014,0.0122999090847078,0.0116563583064589,0.0,0.0
76561199041231560,0.3304941705132732,0.1509338938836936,0.212684345973155,0.1050192186788069,0.0270343874139769,0.0095104861328517,0.0353786896754025,0.0441294870081605,0.0093559657671585,0.0519275007174219,0.0105060835948695,0.0130257706412295
76561199042135432,0.3475742891042422,0.1398986524469196,0.1213615260339977,0.0572144207931986,0.0708691402751497,0.0388700014116544,0.0670318601728687,0.11999801498704,0.0109907641368891,0.0261913306380394,0.0,0.0
76561199044097396,0.1509691086308188,0.1195408151409576,0.110034723554376,0.1544782979475341,0.0236591053678955,0.0445587376184733,0.0087436286301664,0.0763396318936427,0.0684766902296743,0.0285332735539137,0.0963561115890087,0.1183098758435382
76561199049721392,0.197742273298887,0.0944837213517522,0.0559323017073079,0.1761197309129572,0.0198495591654795,0.1169773353602331,0.0180570035912935,0.1249961182227526,0.0743965067559559,0.0080649698069175,0.0623612694416517,0.0510192103848113
76561199049965144,0.1465184112519366,0.2583356750949777,0.1791730139726056,0.1392726932450063,0.0070995053128066,0.0101906474162638,0.1057151911262515,0.0874979846964967,0.0395799127454039,0.0266169651382509,0.0,0.0
76561199050075632,0.3331812669496159,0.1038188563972303,0.2021620626056428,0.0601637604961282,0.1222792363576243,0.0220905100794648,0.0,0.0528850701287764,0.0412457563636045,0.0321795032555216,0.0172746263288173,0.0127193510375735
76561199051043192,0.2580421582966188,0.1351255270671016,0.1518882065759963,0.0928974074814585,0.0125706055502308,0.0,0.0976657748850789,0.140520578880065,0.0227634177522347,0.0273790870369951,0.0429217681839755,0.0182254682902443
76561199056252159,0.1606221565606154,0.1490384710392412,0.1489190947927978,0.2208725402440972,0.0144512317278738,0.0368185253182939,0.0580064743482626,0.119801280180586,0.0380312453652886,0.0216121000754018,0.0,0.0318268803475413
76561199056820731,0.1919271757906156,0.1243002004769749,0.1627209696924859,0.1330237999255878,0.0709286044506787,0.0554127990740683,0.0999149651318463,0.0697609450390548,0.0148860769529784,0.0494705447158166,0.0,0.0276539187498922
76561199057510412,0.2467384440132388,0.1791931903132424,0.16335208752048,0.01768856051919,0.1246695806522983,0.0426298367114439,0.0613979047364704,0.0951782623093915,0.0328485061696951,0.0071102830082453,0.0181518135272746,0.0110415305190293
76561199058171615,0.2812820121583912,0.0992247626872575,0.1930678454872607,0.1264961332917177,0.0219433735521452,0.0195509198771877,0.0989115390129311,0.0622546051686587,0.0167657388363527,0.0443390350240775,0.0167657388363527,0.0193982960676666
76561199058351895,0.3188065060628936,0.1454944081333637,0.1092994088191524,0.0263708047257748,0.1011925937301184,0.0782573227545917,0.0523913827943791,0.111997696638934,0.0271131134692352,0.0290767628715567,0.0,0.0
76561199059767033,0.2360545469699386,0.1055639115573452,0.154506483795562,0.0904120998345702,0.1710467319370631,0.0345761092152728,0.0569488912890344,0.0548097459871574,0.0275427449722008,0.010262420786623,0.0351491697525284,0.0231271439027037
76561199061202498,0.2296747493940478,0.1011188714978079,0.154486686074456,0.0917398281559478,0.1264692232554654,0.0493951896634617,0.0351544472858225,0.0829422149192999,0.01133306005081,0.0100255276455008,0.0689968781120274,0.0386633239453525
76561199061428348,0.3077309269305384,0.1119558077190425,0.2174628792056487,0.0629363629777756,0.0683321781005744,0.0212306863086143,0.0416389579627292,0.0913418819981416,0.0655399248235176,0.0118303939734174,0.0,0.0
76561199064718165,0.2385196078765568,0.1209209463568297,0.1598587935312779,0.1135884865569022,0.0773037530395466,0.0873482530931817,0.0721957286160023,0.0912284966643806,0.0109002803354775,0.0281356539298445,0.0,0.0
76561199065212767,0.2129981489132671,0.1524819603363277,0.0947588698630455,0.0933778333446353,0.0631571854953126,0.0340162809630481,0.0960387880626787,0.1082921161274386,0.0434996144714479,0.0280872835345705,0.0508089532378123,0.0224829656504151
76561199068146505,0.5302213115297608,0.0714924417375356,0.1188935991982707,0.0709860006263843,0.0385402076932955,0.0415377708737487,0.0294482297526356,0.0605145594721838,0.0198276061804041,0.0,0.0,0.0185382729357806
76561199070380893,0.2605019020700557,0.1146758012057229,0.1756332163578923,0.0194791421281128,0.1099043811269044,0.0447712294040124,0.0726297996523945,0.1273755716026959,0.058245205270697,0.0076632962786496,0.0091204549028621,0.0
76561199071386893,0.1577365585235819,0.1813541097049881,0.112996760609567,0.1867338833854161,0.0574833679639031,0.0283579856089386,0.0551342239580872,0.0584118713240169,0.0799225916528165,0.031323073658731,0.0132231699275776,0.0373224036823754
76561199071636074,0.3041372567832153,0.0934726406286672,0.1509795854920416,0.0589028578947098,0.0642228532503972,0.0733414259484401,0.016587740136614,0.0968074596077678,0.1095490320257946,0.0136237451535571,0.0183754030787948,0.0
76561199071908460,0.1090374657931751,0.1307899875856124,0.1028194188945477,0.1934028753602078,0.0145324673977505,0.00946831752102,0.1364584253583865,0.0539291975693796,0.0498937969877592,0.0323716223566193,0.0782682472548761,0.0890281779206654
76561199073816082,0.2838189104452008,0.1711390301731647,0.1165062284365751,0.0364760331620855,0.0876064091037208,0.0069469131511023,0.0909785561130177,0.1035882428386712,0.0324763075276912,0.0333716073108843,0.0370917617378857,0.0
76561199076389886,0.2701576887541237,0.0497841918548438,0.1484260619887897,0.0789898727989263,0.1513443389497643,0.1166659471062272,0.0,0.0387920918079078,0.0159607971196762,0.0112936471400921,0.0511886300310056,0.0673967324486425
76561199080519974,0.2312394463704099,0.2283777027619853,0.1999588085450956,0.145809480661916,0.0620909659315515,0.0519609501225049,0.0093115379222252,0.0370646567372841,0.0093786530645238,0.0248077978825032,0.0,0.0
76561199080918647,0.1980941382517429,0.1399728715680538,0.1039150932348221,0.125424446642225,0.0156356891429092,0.0309027511841174,0.1602077586611366,0.1134263610303893,0.0329519647939915,0.0342775069535796,0.0252222577632496,0.0199691607737823
76561199081710235,0.3754390492621958,0.1416790685768054,0.1413024441904363,0.0527770459216597,0.1565845703764044,0.0401485151804583,0.0119255369638055,0.0421854523562581,0.0129708995806442,0.0249874175913316,0.0,0.0
76561199082377284,0.2471695913018509,0.1426293186641364,0.0808438070570754,0.1931267459680361,0.0202259927901244,0.176566452659891,0.0355755645171002,0.0494308337126336,0.0382582127324891,0.0087291026609391,0.0,0.0074443779357234
76561199082847964,0.2716985011746575,0.1427053415714018,0.1439590764673005,0.0572294538364619,0.1052091048510064,0.0809819323373258,0.0315095098649463,0.0993745247011222,0.0137413717491834,0.0265060088508113,0.0270851745957826,0.0
76561199083912200,0.229550469358956,0.099411840499104,0.1174555020965536,0.158152341778263,0.0763238084286026,0.1334449816679228,0.0430377848672452,0.0946651349274383,0.0479581363759142,0.0,0.0,0.0
76561199085212273,0.4094051239332963,0.1163340865047695,0.2648430968049947,0.0746242163608387,0.0565903501560219,0.0277419633647932,0.01404586681871,0.0226909300281224,0.0,0.0137243660284533,0.0,0.0
76561199085433040,0.2176554211934983,0.0876446306753419,0.0815352894937949,0.1748319888891928,0.0805513049830515,0.2345201339219524,0.0111848715943479,0.0513457613405992,0.0383608547195249,0.0111848715943479,0.0111848715943479,0.0
76561199086769864,0.2484568779937828,0.1134511601881603,0.0485316698233715,0.0900195818626993,0.1024018687309915,0.1507927197243069,0.0630189622447792,0.0802656798014816,0.0696442113785407,0.0110670999005334,0.0,0.0223501683513523
76561199087372221,0.2090045086475901,0.0877842398089271,0.0871654375096519,0.0905736458728793,0.0704090808054208,0.0178816425125698,0.0764421441389723,0.175567630208974,0.058627261902035,0.0330972467646953,0.0727640703288855,0.0206830914993985
76561199097156418,0.282566958766491,0.1488009671086906,0.1470580989558978,0.0695484640493168,0.0680099746220225,0.0068939186246757,0.0931278413416683,0.1090927241958868,0.0318224406036643,0.0364400199626532,0.0,0.0066385917690326
76561199097247135,0.2071674191792638,0.1934185491656157,0.152293257482323,0.0736172124993698,0.0661675753844122,0.0485198389683085,0.1075278795670361,0.0413623464091741,0.0215501635458231,0.0706662620274445,0.0,0.0177094957712287
76561199097271657,0.2719869212436085,0.11020034603812,0.2048934142477669,0.0884263074801375,0.1627263910720357,0.0758160240458908,0.0170621246066033,0.0437946145104353,0.0,0.0250938567554018,0.0,0.0
76561199103998320,0.2306138702099447,0.073936339469016,0.1907031587958341,0.1292493559389472,0.0407327738635067,0.039443369625595,0.0427942742988148,0.0631437637426044,0.0404124589398079,0.0,0.0633444182267257,0.0856262168892029
76561199104391040,0.2335521360527621,0.168257725004782,0.1091815089277188,0.115778182535537,0.0221829962330087,0.0241563448837693,0.1599023189337592,0.1148830463323478,0.025971437839891,0.0170205435634382,0.0,0.0091137596929852
76561199104812024,0.3066900640260485,0.0966223806561226,0.1431469021208997,0.0944178822846409,0.0885726955513564,0.0554191067292579,0.0182003894656132,0.0920208103443731,0.0565947004233738,0.0100868744330705,0.014161980242913,0.0240662137223298
76561199105469404,0.2698653506184499,0.1651914066324454,0.2066381552051129,0.0504655295437397,0.0442693781026826,0.0129402900872444,0.0897704474432813,0.0909884695025128,0.0189772221898788,0.0102976504508585,0.0319165284847729,0.0086795717390202
76561199108308292,0.3196056602599752,0.2000286121660569,0.1344916026551396,0.0785885822621197,0.0362430298111704,0.026785130364359,0.1059090008679938,0.0462365795792852,0.0,0.0521118020338998,0.0,0.0
76561199111379022,0.1786688841711544,0.2207507966648895,0.1774167358703553,0.1016480511053961,0.0961950233177241,0.0236905112131717,0.0837071744202472,0.0494099232472259,0.0237691182007111,0.0215148608169958,0.0,0.0232289209721283
76561199113407300,0.3853334607435099,0.0807351055174623,0.173938433087122,0.0645871715380251,0.1334713640464228,0.0203895382549629,0.0213491982021167,0.0476537941152716,0.0386293813860252,0.0228484350809455,0.0,0.0110641180281356
76561199114607305,0.1559564983164752,0.101660318823936,0.1316299486618662,0.2152803966093094,0.0642175324782972,0.0521164494310112,0.1058998535325105,0.0619871585522628,0.0223673846267795,0.0,0.0888844589675516,0.0
76561199116914150,0.3283938864660846,0.0762151427496408,0.2287195567870241,0.0394994431320161,0.1569106209876941,0.0258204322870729,0.0256534937042762,0.0788095851269028,0.0147646544612966,0.0120423536143479,0.0,0.0131708306836439
76561199120414873,0.2868262546748306,0.1462432209906429,0.1952564125757008,0.023205669427786,0.0876013589126245,0.0298232505314847,0.0440514168669389,0.0800505383572827,0.0950394503598175,0.0070927186463636,0.0,0.0048097086565275
76561199120639628,0.221246097456275,0.1158769991680129,0.1203100579432725,0.1745251874434145,0.0670219205247644,0.1093192449821671,0.0106533155154695,0.0610727146857907,0.0762586319097606,0.0437158303710725,0.0,0.0
76561199121565961,0.3988528651401692,0.0822744800194093,0.1654035731771436,0.0294760362352906,0.0787887089590405,0.0,0.0518750473411884,0.1451984911598305,0.0156650490432371,0.0186547617326368,0.0,0.0138109871920534
76561199122736062,0.1553682441758236,0.2154587164611584,0.1558156521987361,0.0592374580588687,0.1359944157044754,0.1135514534655251,0.1026721276929955,0.0331936003732246,0.0113465510405279,0.0173617808286644,0.0,0.0
76561199122977950,0.2428951378349241,0.1635994260765027,0.1122603134212832,0.1557074155613271,0.0932417600547203,0.1527847315052873,0.0096759859526054,0.0600505107830732,0.0,0.0097847188102764,0.0,0.0
76561199124943008,0.262947502893798,0.1796999394308316,0.1655405967764906,0.1058482689224989,0.0274534367278693,0.0119375144726197,0.1152423329016742,0.0633653758827883,0.0218218778724545,0.0243212762465199,0.0100019120700464,0.0118199658024081
76561199126787166,0.2217273363364969,0.2175083006647406,0.1808852966610972,0.1068609810936551,0.0579981651362077,0.0337343814910474,0.0454975336788182,0.0597503836090395,0.0313473441437893,0.0278500970283151,0.0,0.0168401801567928
76561199133897762,0.3413956336718751,0.1409602922700979,0.2004090843610615,0.0622102152529059,0.0610579358429195,0.0,0.0486733968782013,0.0674432199844895,0.0273937146933311,0.0142117983374066,0.0,0.036244708707711
76561199135781565,0.2344495590925117,0.1715450260363243,0.0526308803818732,0.1120286411765054,0.0097324251617585,0.0423635597195901,0.1375074449406993,0.165761503248821,0.0739809602419161,0.0,0.0,0.0
76561199136746247,0.2750638167595267,0.2287671053319375,0.195377724894194,0.0111483197255253,0.0555237496570913,0.02364656193247,0.0632643177577271,0.1126202366718165,0.0167531377215038,0.0178350295482073,0.0,0.0
76561199136855449,0.1821810787379359,0.1478002141328927,0.1457206187103491,0.1301332409755134,0.1063698921626186,0.1738647185396952,0.0318178041813808,0.0529215710566734,0.0202290143323295,0.0089618471706108,0.0,0.0
76561199138247965,0.4146186761315468,0.1805917295663522,0.118810992992789,0.0647558332177307,0.0730665046164914,0.0046337785854224,0.0160070330622234,0.0803830257171856,0.0063478264534704,0.0407845996567877,0.0,0.0
76561199138513253,0.2311784773988462,0.1291563646570006,0.2364367283270808,0.1023237418146321,0.0977384872899315,0.0186061606754116,0.0518584096232168,0.0525339672021855,0.0592204373913221,0.0209472256203725,0.0,0.0
76561199140016913,0.3260821332159413,0.1297567536919118,0.2491820537778452,0.0524447819640596,0.1001760044890401,0.008227568453488,0.0567793118058673,0.0255535770338255,0.0198846252943128,0.0,0.0159565951368541,0.0159565951368541
76561199141759033,0.1788994038423819,0.1291021297520685,0.1220532502496443,0.1304101009451266,0.0461946731735727,0.0772235679396138,0.0959348676544461,0.111438939322267,0.0420876137996184,0.0079296101405405,0.046039262272066,0.0126865809086536
76561199142951886,0.2738983828915942,0.1262982598807306,0.2466203128301723,0.0485589677320965,0.1002874999142915,0.0225711699948767,0.0396851793408567,0.0290846899015509,0.0382220353891449,0.0136864218162861,0.02343327817253,0.037653802135869
76561199142956823,0.1852337479639809,0.1882075694497197,0.0672858562457835,0.2424146757383471,0.0,0.0337814646898309,0.0506781714585723,0.0606894650646066,0.0768655270368329,0.0182925754623997,0.0263483362628766,0.0502026106270493
76561199143159259,0.23378830987247,0.1179499248689006,0.1378496618826372,0.1474417750688643,0.0247898459355951,0.0157914662461789,0.0730770271380265,0.1171718353333561,0.0545728574528957,0.0107154359025761,0.0300649381698196,0.0367869221286793
76561199143328855,0.2826198205851094,0.1416549942290834,0.1149340812906281,0.11838756169924,0.0945042735723523,0.066060341042651,0.0157539529066584,0.0629950055891982,0.0640870858601499,0.0390028832249287,0.0,0.0
76561199145933358,0.3498364955675836,0.091580220133685,0.1540946359179208,0.0787382493256261,0.0332738506536175,0.0,0.0384817677009284,0.1044591234200394,0.0496825846839099,0.0644403736643104,0.0,0.0354126989323783
76561199148191143,0.1690413336035516,0.1213107931174843,0.1594021183517753,0.1638269060153376,0.0455032123528384,0.033819984905933,0.0525760683085273,0.0134726991087788,0.039821387965494,0.0509073294351862,0.0414557312820004,0.1088624355530924
76561199148448392,0.2329283839226691,0.1310959044676361,0.184350611764497,0.0956559400410573,0.186122729721562,0.0933925567461147,0.0308000434430306,0.0179758847954077,0.0040853827183136,0.0062587893250956,0.0124886161041143,0.0048451569505013
76561199148775972,0.3513834200100885,0.0605127120627271,0.3226973378143428,0.0274119350596829,0.1747016350749448,0.0389957419292519,0.0242972180489617,0.0,0.0,0.0,0.0,0.0
76561199149640219,0.1798779192573711,0.2157068425276694,0.0925632686297805,0.0812799273959,0.0418248514913801,0.0355411927186928,0.1614440809832385,0.1209866951647951,0.0413250247929961,0.0093810267262257,0.0099861247190483,0.0100830455929018
76561199150096251,0.2601365346150002,0.1206404826743717,0.0884948138851079,0.0915323565580689,0.0178418630274228,0.065750550503774,0.0713816819601563,0.1276102181306335,0.0671126098925891,0.0411789956277768,0.0194002676248949,0.0289196255002033
76561199153422953,0.3422154005435793,0.1563784824797363,0.1401234612186291,0.0812588407807863,0.0083813968208464,0.0246448100115065,0.0750711602034629,0.1023869863784495,0.0430222487442438,0.0,0.0265172128187595,0.0
76561199154157581,0.2471024401817755,0.2074659099994935,0.1736293573342962,0.0669334363759394,0.0925549851683315,0.0328998073054202,0.0445011101329152,0.0782865199778256,0.0325069426051574,0.0241194909188451,0.0,0.0
76561199156024770,0.1940963323821695,0.2409024426139067,0.1061454307457746,0.0978468172055972,0.1117899440404646,0.0634693898584539,0.0629725656322934,0.0636313729055532,0.0,0.0591457046157866,0.0,0.0
76561199159246290,0.2741200211485863,0.0316353482395103,0.1221625362895749,0.0658437550072725,0.232598379010112,0.1770982241310641,0.0383956555694501,0.0355197645679383,0.0111643498076709,0.0114619662288198,0.0,0.0
76561199159754169,0.1772694140378337,0.1643695680737164,0.133785980146518,0.1559654813005843,0.0,0.0715192945633067,0.0790149883043927,0.0751772242621128,0.0238678494489209,0.0244208897003517,0.034766646451853,0.0598426637104092
76561199160326290,0.2461590835897252,0.1843539031295329,0.1591507439440144,0.0551108278659748,0.134207598665259,0.0547803317411187,0.0397188877383332,0.0663181191343459,0.0298119871019667,0.0177166065872747,0.0,0.0126719105024537
76561199160469265,0.1921267530540407,0.0893419209264307,0.2932120285297447,0.0823431737694627,0.0605604707204635,0.1128154855471508,0.0701575710699362,0.0646001508971564,0.0,0.0,0.0174212227428071,0.0174212227428071
76561199161773396,0.4139517037994694,0.1456195579064119,0.1145065305111811,0.0294335462448336,0.1542671181993692,0.0,0.0151916450195168,0.0964023949595558,0.0151916450195168,0.0154358583401451,0.0,0.0
76561199162150157,0.341593240071317,0.1887899565700894,0.1759031960409002,0.0271993170381392,0.0963616052591996,0.0631489505875958,0.0135502038001728,0.0519561775876671,0.0,0.0414973530449186,0.0,0.0
76561199163724629,0.280667726869952,0.230558705474073,0.1928726961125896,0.0664322074642254,0.0484341164201929,0.0248293233402975,0.0423407802483739,0.075933703824241,0.015038914882488,0.0078529104810782,0.0,0.015038914882488
76561199163970610,0.2258406188160245,0.1944905639181026,0.1241177370653822,0.1664966467801307,0.0226404680008384,0.0584386178546149,0.0587864090594273,0.0580231002898454,0.0280881954922585,0.0524794413078604,0.0105982014155147,0.0
76561199166182764,0.2327667526534008,0.0781916722629547,0.178089598411266,0.065065271369442,0.1323624043748908,0.0328255437466841,0.0506215988533465,0.1169852613883539,0.0525441662796078,0.0244268681045369,0.0141198554027323,0.0220010071527834
76561199167276604,0.2550689539807271,0.2225771640269576,0.2082758895743013,0.0715379565873158,0.0140158410577448,0.0,0.0955789960582598,0.0628167742927219,0.0,0.0439342501888406,0.0,0.0261941742331307
76561199170689400,0.131253048867146,0.1756995210923345,0.1051139229884455,0.2799047510596752,0.0113254222400233,0.1059840380794168,0.0785772606144915,0.031155625120722,0.0327009318575195,0.0259594692063839,0.0,0.0223260088738413
76561199171022045,0.1853176010749239,0.1088510697756548,0.1624745578740395,0.1130512681701862,0.1345531279996228,0.0677429258391977,0.0417871971700084,0.0659060585516068,0.0792559324890238,0.0,0.0079988469770878,0.0330614140786478
76561199172855668,0.2318445834968572,0.1213748309517247,0.0747508692498191,0.1416756490555789,0.0601836527401122,0.0139439461535497,0.0498941445789083,0.1960241008624806,0.0476383615211579,0.0131355822860466,0.0265599437804122,0.0229743353233519
76561199175895006,0.2752577445400889,0.1901713550345559,0.0914602271994088,0.0305079686588262,0.0662972260018718,0.0408106180491614,0.0773983116418177,0.1121304968377063,0.0716132021582062,0.0231063174101632,0.0120307319346994,0.0092158005334936
76561199176943260,0.2338006817297194,0.1283709741452573,0.1613003045964081,0.0285235221349538,0.0769167763609668,0.0600428503334341,0.0976533435839077,0.1225743176751808,0.0153640667048356,0.0469493996200132,0.0153640667048356,0.0131396964104871
76561199177263814,0.2778127292416314,0.1796248827809665,0.1645073754764999,0.0906973191647862,0.0318625976508453,0.0259067029989535,0.0411477151703962,0.0832643446007273,0.0558587874311628,0.0173880713114439,0.0147798937356542,0.0171495804369323
76561199177394627,0.2818957631282369,0.1683580097531901,0.1606213501932274,0.1261606447282482,0.0335555920977792,0.0717331671133407,0.0637649752572734,0.0414729816711705,0.0,0.0144081194132544,0.0262187580287666,0.0118106386155122
76561199177732895,0.315571645168078,0.1225667326290851,0.1530372455588304,0.0929231853980903,0.052716603461258,0.0468603387041493,0.0507681508177173,0.06648186050411,0.0117080720058684,0.049559771131474,0.0127404192340754,0.0250659753872632
76561199177743352,0.254859619894473,0.1588687889649983,0.2102900965831561,0.0751710663513154,0.0719981911245719,0.0,0.0883365228555621,0.0668490462906909,0.0403863409507544,0.0332403269844774,0.0,0.0
76561199177799021,0.2357818434819531,0.3053643557701305,0.116401755264358,0.0611277909930701,0.037588271153238,0.0638194594767292,0.098001585915419,0.0511285255126241,0.0,0.0307864124324776,0.0,0.0
76561199177910149,0.1443430478356576,0.284075620765116,0.2051317042620798,0.0992924172893511,0.049398538942692,0.0366039900419722,0.1597633175321681,0.0,0.0105929775565023,0.0107983857744604,0.0,0.0
76561199178946434,0.2202660546910971,0.1758342855078819,0.1678831593441475,0.0566123227565919,0.1251330257885332,0.0635137852144775,0.0464403966474444,0.0808736598114085,0.0417539476992909,0.0,0.0070438023596558,0.0146455601794709
76561199181453644,0.3178017668128904,0.0543724366205176,0.0748757690996583,0.0671100593698718,0.1351606919073945,0.0531278053387044,0.0259876727580235,0.1634578665917255,0.080946693302433,0.0271592381987806,0.0,0.0
76561199182477254,0.2709440800278153,0.1853071629703692,0.1930929354807686,0.0727676014662501,0.1312053095874782,0.025526304624584,0.0263670983004811,0.0671881872711532,0.0193848693149818,0.0082164509561179,0.0,0.0
76561199183568045,0.2733474237495305,0.1294455118528654,0.1526354091161597,0.0683930267677964,0.1062934866596439,0.0,0.0477767261362228,0.0903784530811084,0.0360178803702687,0.060598420803081,0.0217776191379932,0.0133360423253297
76561199185923126,0.2263365737893476,0.1959335931735804,0.3146129402869589,0.0646796352358062,0.0698661382445069,0.0193424203847744,0.0830994734013565,0.0099993047966255,0.0,0.0161299206870431,0.0,0.0
76561199185957759,0.2383218350080071,0.2089148355246296,0.1256526618555796,0.0857213789693049,0.1578831746972207,0.0848062118038352,0.0236734448807795,0.0119427248342695,0.0384514849913497,0.0246322474350238,0.0,0.0
76561199186500350,0.2557197940429012,0.1545924177657958,0.2046916791949585,0.0533721801335591,0.0477840731155727,0.0098391468365735,0.0561670622382921,0.0973591399282325,0.0980008639035877,0.0078159572413816,0.0,0.0146576855991451
76561199186714151,0.3272632353566058,0.0923909175270796,0.1646542128733785,0.0867236752531242,0.0846561402044938,0.0283139776969559,0.0,0.1074312821734853,0.0987009350612052,0.0098656238536712,0.0,0.0
76561199190983452,0.2983207373513489,0.0993037742243052,0.2488496875831255,0.0369070295649106,0.0733759878705118,0.0327833199652742,0.0334427836376824,0.101755487484854,0.0499269539781785,0.0253342383398085,0.0,0.0
76561199192245348,0.2491245239837266,0.2121800134671024,0.1859591492263313,0.033888352423,0.1506045577803014,0.0992140051645111,0.0598099812235519,0.0,0.009219416731475,0.0,0.0,0.0
76561199194402331,0.2352593458665869,0.1588277131532099,0.1154186843884937,0.07272619248169,0.1206100704229618,0.0503797591591831,0.1220183806028932,0.0845111481711094,0.0402487057538717,0.0,0.0,0.0
76561199195416934,0.2243903466951624,0.1342539134676,0.168579812586514,0.1157257186824723,0.0786660248018777,0.0324748272782352,0.0723150680590251,0.0769345658268576,0.026915818560129,0.0300824191157715,0.0271384633024529,0.0125230216239016
76561199195958449,0.3457716957712204,0.0861763499132393,0.2311008150097379,0.0811509501976231,0.0464859352867763,0.0,0.0430654287691919,0.0429013219065949,0.0315634456368889,0.0120401182544887,0.0638793413178259,0.0158645979364121
76561199196035407,0.3670428924141573,0.0485069981659721,0.2974778516078784,0.0646389299140937,0.1722719375075215,0.0196633250499094,0.0137158437269889,0.0166822216134782,0.0,0.0,0.0,0.0
76561199199012410,0.2049381476544354,0.1156166535588475,0.1760020443863499,0.0797592794546403,0.1922574889486827,0.075725284394006,0.0423417183420712,0.0765777151563417,0.0,0.0272070501336574,0.0,0.0095746179709674
76561199200039007,0.1986757152742881,0.1571794846529805,0.1708665247083267,0.0821101673169841,0.2023101356787761,0.0686487227211086,0.0645482415608528,0.0332790647034618,0.0094562975402865,0.0,0.0,0.0129256458429343
76561199200202957,0.3511982830691501,0.0881966281949559,0.2142910282828711,0.0451739478990967,0.1116543884245637,0.0262969953978526,0.0022340435205559,0.0944846964007003,0.0593689440784189,0.0,0.0071010447318345,0.0
76561199200353988,0.3367188072100728,0.1193365226045095,0.1826131864386197,0.0445772550659823,0.0678810291315275,0.0192097220673914,0.0542425977636287,0.1264417853450254,0.0366370296053474,0.012342064767895,0.0,0.0
76561199201774235,0.3059798921272343,0.1551457484761449,0.1669681923151645,0.0717622770568544,0.1584193314175963,0.0423786516209101,0.0317791330610528,0.0467577773255348,0.0,0.0208089965995075,0.0,0.0
76561199203270822,0.2472514857873826,0.231388135098801,0.1398660790672394,0.0922930560445396,0.057754809308972,0.0491258207976957,0.0686793212186644,0.0636804425697251,0.0202831733801221,0.029677676726858,0.0,0.0
76561199205535040,0.2289204866041453,0.1444307594988492,0.1519356175410152,0.0961743996210313,0.1265564851076056,0.022207208918066,0.0275218416166762,0.0846696655073104,0.0222953732728191,0.0402443979116068,0.0550437644008744,0.0
76561199205562180,0.2880026846468008,0.1572148674116996,0.2513624272514253,0.0600202385296705,0.1647435702678463,0.0244040774896534,0.0230144368556784,0.0312376975472254,0.0,0.0,0.0,0.0
76561199209636789,0.2280733999386717,0.1958169234733832,0.1766002672789728,0.0703399882254961,0.0728776040325192,0.0225651490373881,0.046096476174912,0.1081508500102678,0.0,0.0205580998793192,0.0138447177834969,0.0450765241655725
76561199212301613,0.2667663423059073,0.1755626174089813,0.2007783246808154,0.1487875518369855,0.087202308153171,0.0391692535381472,0.0312154905587902,0.0356212275803554,0.0148968839368464,0.0,0.0,0.0
76561199214725358,0.2621131739400099,0.1956329246435583,0.1169897692360691,0.1062966055917881,0.0553354789912912,0.0,0.0901392875031226,0.0474809242970784,0.015155365399833,0.0129117698412214,0.0546404707436168,0.0433042298124109
76561199214927585,0.302740729348696,0.0964521501994647,0.1310623444855555,0.0550474329829123,0.0694366898237543,0.0456716885032092,0.0320411817011099,0.0959147494856839,0.0592462873832318,0.0247151362793526,0.0438358049035147,0.0438358049035147
76561199217005171,0.5050090698855446,0.0329869511028882,0.3012836144276757,0.0,0.0786751545316025,0.0151804945017327,0.0150178728514345,0.0248661373911713,0.0,0.0,0.0,0.0269807053079502
76561199217242920,0.2771667086355259,0.1089535355624683,0.1130015366904412,0.1176503296604689,0.0575375581889411,0.0417745185114551,0.0515015442276211,0.1230972670459942,0.06836791248816,0.0186552045891431,0.0,0.0222938843997806
76561199218023441,0.4168894314544346,0.0832555211371761,0.1932876207341815,0.0,0.2163522923773831,0.0366886514326126,0.0188480715968592,0.0188480715968592,0.0,0.0,0.0158303396704934,0.0
76561199218251849,0.437194013322797,0.1217716996789631,0.2025143690238373,0.0,0.0561605315077037,0.0,0.0,0.130072446079318,0.0,0.0522869403873808,0.0,0.0
76561199218902109,0.1414194566445379,0.1627523453153421,0.1436225115597557,0.1151802464251684,0.0979290623554497,0.0703004627870224,0.110054495670798,0.1157168803161194,0.0430245389258059,0.0,0.0,0.0
76561199218919589,0.2327505372499083,0.1410285313667996,0.0789766781103081,0.1377663798631856,0.0928092869536102,0.146128918114857,0.0442769266279573,0.0633760821895179,0.0406092545717872,0.0222774049520684,0.0,0.0
76561199221510423,0.3385459394566454,0.1625893172932443,0.1367117271105818,0.0881206660155131,0.0412118778106441,0.0416558970116296,0.0472021848851527,0.078732557022676,0.0519879710954468,0.0,0.0,0.0132418622984656
76561199221523939,0.2552546142050937,0.1305988367656442,0.1987822190290223,0.0893118317434554,0.0685916071202413,0.0,0.0537893647401364,0.1161672832811692,0.0343828297820829,0.0274448011983768,0.0148207533822633,0.0108558587525138
76561199222145594,0.3049799007288227,0.2068503167415992,0.1536495150896515,0.0765483115080616,0.0778667768079748,0.023895119372175,0.0660821346003186,0.0443154285908351,0.0371186448110644,0.0,0.0,0.0086938517494965
76561199222262354,0.1615083510399946,0.216169508329371,0.203378490399103,0.0881237049442429,0.1341442960740286,0.0791475315662258,0.0683049497610842,0.0310520291384467,0.0086908059777027,0.0094803327698003,0.0,0.0
76561199223548527,0.3070545587566154,0.1319137231074303,0.1276499009667037,0.0715088750562285,0.1260738663273014,0.0558627138686086,0.0542570877348991,0.0693437186850106,0.0,0.0,0.016394318667557,0.0399412368296449
76561199226176149,0.2081682254639205,0.188487680897496,0.1195585230818939,0.1083558526161145,0.013903593834518,0.0251110185810393,0.1833945912455534,0.0810455725030276,0.02760583435454,0.0285622089036597,0.0158068985182366,0.0
76561199229183744,0.24486467788785,0.1628922633011948,0.0898800052063069,0.1005216175591088,0.0606339888166047,0.0275612325688373,0.051961553080592,0.1119101398797903,0.0861703373962426,0.0424028464129606,0.013537081664311,0.0076642562262006
76561199229382365,0.3962093917446021,0.0407692114416554,0.2233908389909225,0.0086524551835697,0.2098158868386965,0.0203456553071268,0.0321167562580856,0.0455478207504043,0.0231519834849367,0.0,0.0,0.0
76561199231536128,0.2668687682065539,0.1831832530284266,0.1256175079547756,0.0485078126957675,0.0715510563140434,0.0517656744986704,0.1003603772690073,0.0166849527351408,0.0,0.015874115005177,0.0259060137005895,0.0936804685918476
76561199233164979,0.2099517940689687,0.1282487658442085,0.1252051042283606,0.1732855721294116,0.0642934055211287,0.0682014316425169,0.013608457393953,0.0657786802434877,0.0372305125312102,0.0632217721783522,0.037037192601061,0.0139373116173405
76561199244382821,0.3951393965395333,0.1735537413392316,0.2126437298978621,0.03670389020349,0.0489617995705296,0.0,0.03670389020349,0.0246942807629852,0.0,0.046581871325552,0.0,0.0250174001573257
76561199250115440,0.2286637215913789,0.1391161016196261,0.1671515816296175,0.0956658352991865,0.0609102589368113,0.0553668339118982,0.0493540657856188,0.0892105474431001,0.0666800770156658,0.0213950358315221,0.0,0.0264859409355743
76561199252400135,0.2179448008080628,0.1665160691781201,0.1523538391912362,0.0813720325314197,0.1226306324706664,0.0689685172899513,0.0372203470620715,0.0828725580566336,0.0446755583708012,0.025445645041037,0.0,0.0
76561199256004350,0.2575007609446762,0.188150345836,0.1679570440912625,0.0319690945647384,0.0901785968722125,0.0160792654669571,0.0534700879667402,0.0764828484906146,0.0767089766954528,0.0415029790713451,0.0,0.0
76561199262202976,0.2868167446699328,0.1961470613230502,0.1232169905386452,0.0988836740831647,0.0955408158097801,0.011299377784601,0.0596996658886444,0.0378856149957345,0.0248820531671595,0.0337094864794739,0.0119077778782124,0.020010737381601
76561199264732687,0.2377060435656431,0.1302781252521165,0.153827987501135,0.0566051014709171,0.0815382657767846,0.0620655554945285,0.0548135430039552,0.1106365676038339,0.085400268080842,0.0,0.0192026693774669,0.0079258728727768
76561199266425816,0.2290530994971309,0.2041168752255689,0.1650873685114791,0.0916295290672407,0.0980154004696061,0.0689408844428067,0.0299704600912083,0.0712009863409507,0.0314982788843795,0.0104871174696285,0.0,0.0
76561199267496067,0.1581642341374138,0.1771091018187161,0.1623123011772349,0.0836285625821338,0.0862938401629143,0.0423115400138521,0.1252300068459546,0.1052237636923493,0.0227520333007414,0.0177555215374374,0.0099004601419081,0.0093186345893438
76561199268363521,0.2343737553740419,0.1012393417543875,0.1340513371564032,0.1066594238982099,0.0628068890239591,0.0402777791967699,0.0641731273128037,0.1059181467009806,0.0529034836561515,0.0451507972402259,0.0078531785299381,0.0445927401561281
76561199274384456,0.2998669825639092,0.127494657549735,0.130858345540412,0.0604622455657267,0.0347001767249479,0.0150014489189718,0.0503299630876837,0.1554063680782105,0.1011836634275564,0.0068508455259706,0.0,0.0178453030168758
76561199274730477,0.3076962696336559,0.1421932622208034,0.2237725928068141,0.0240784492075294,0.2152288442447439,0.0369905583990967,0.0500400234873564,0.0,0.0,0.0,0.0,0.0
76561199289397551,0.2566093041430382,0.1060641799949713,0.1508731118886613,0.1312325021492307,0.0398585297895143,0.0380354556150311,0.0084396114675838,0.0532752110965351,0.0834437493383667,0.0410900606112556,0.0101028491337513,0.0809754347720602
76561199296937509,0.2928733623876088,0.1137600943953634,0.1503772206522704,0.132249342240125,0.0812368529801323,0.0755636320683969,0.0463282652903861,0.0341456228223953,0.0276061385511658,0.0306160779225729,0.0,0.0152433906895826
76561199305756354,0.3179865067953204,0.128100287134959,0.1130920860195787,0.1166050486634482,0.0828238725489445,0.0448339452908037,0.068150239555042,0.0890470336974929,0.0261410525634812,0.0132199277309291,0.0,0.0
76561199315863592,0.3319426217835598,0.2531617123148539,0.1134530375571657,0.0455091580069025,0.0939540877128438,0.0584199236239242,0.0,0.0380853316148438,0.0165910021415587,0.0488831252443473,0.0,0.0
76561199326716853,0.3071803806708263,0.1484255651491241,0.2468303830939264,0.0690942692987911,0.0702563064295656,0.01284893823378,0.0560501689379748,0.0130372149038799,0.0164942708364701,0.0234494768304909,0.0245371136283087,0.0117959119868614
76561199336091998,0.3749955609100409,0.0258033360163438,0.1479248510109246,0.0667614189023536,0.1056745410243561,0.0241814148493095,0.027472985818699,0.0884392315633721,0.0530720638558815,0.0,0.0412133360130721,0.0444612600356461
76561199337941690,0.2231026122413176,0.1131687811553197,0.0950859027338055,0.1918085819006598,0.0105596914515849,0.0697794465246516,0.0214769577927227,0.0859206838463235,0.0533540533440816,0.0515506257240443,0.0312428597910386,0.0529498034944495
76561199347967453,0.1877398395445608,0.2174121191522246,0.1769089193665403,0.117138046376481,0.1027662103395174,0.121493730808955,0.0345713261624882,0.030122875081101,0.0,0.0118469331681313,0.0,0.0
76561199360923051,0.1553803926898188,0.2012900222608494,0.2304899815077284,0.1185187032869047,0.1583315799433232,0.0373516599164101,0.0434987392727411,0.034269938863325,0.0130278355241097,0.0078411467347892,0.0,0.0
76561199362890720,0.1742799598734562,0.2223278622617267,0.1484008407255873,0.120246833144664,0.0230256049607615,0.0256554580015336,0.1282300604745259,0.0918952397709918,0.030008323626878,0.0241209522078661,0.0,0.0118088649520087
76561199365659108,0.2549139415792883,0.2237581301010213,0.1373385144554706,0.0830396854841422,0.0769555253153385,0.0623611628473592,0.0583947836344453,0.030449916279207,0.0,0.0637192070738912,0.0090691332298359,0.0
76561199375667566,0.4792207812663509,0.051578351304017,0.225897344158999,0.0196657811098233,0.1042410111999823,0.0196657811098233,0.036705982928225,0.0630249669227786,0.0,0.0,0.0,0.0
76561199376134768,0.2436546340734451,0.1144018337551724,0.1722083344838108,0.0863243522857733,0.0704221954388363,0.151770528119254,0.0316387271949556,0.0481751548752671,0.0369079747570158,0.0,0.0,0.0444962650164691
76561199380289969,0.352132240191093,0.1245265419118199,0.2266709012828322,0.0863646385049286,0.0825355435945349,0.010715066040976,0.0152787628693368,0.0229329221348283,0.0,0.012197636464053,0.017489075651412,0.0491566713541848
76561199403138420,0.2964499344891286,0.1097675006776336,0.2067104138761409,0.02572638635763,0.205898535000851,0.1039501213390941,0.0,0.0267710160095383,0.0,0.0247260922499831,0.0,0.0
76561199418668383,0.3011808880736243,0.2206372300849895,0.0707847554398025,0.1148626723616923,0.0364655111509361,0.0274588444791607,0.105820634823434,0.0828261425988212,0.008215079235986,0.0152541008131329,0.0083728616114553,0.0081212793269648
76561199422202390,0.2680749734365814,0.3051444494210182,0.2146542210894964,0.0629483228851456,0.0221922018270699,0.0167347749608364,0.0764910754317839,0.0,0.0,0.023588909865924,0.0101710710821438,0.0
76561199433626235,0.254181414678703,0.1588970580462818,0.1104412732584692,0.0881171587804985,0.0850987328146068,0.0125933628267267,0.068314910485496,0.1415508591438785,0.0608144229029224,0.0,0.0071630738557542,0.0128277332066622
76561199433753634,0.3245518197634676,0.0998878004747245,0.2394852523474987,0.0576023673462855,0.0818426323917123,0.0456263793249043,0.0239255779235354,0.0810393027991409,0.0219485280235604,0.0,0.012045169802585,0.012045169802585
76561199441452962,0.3334621058621906,0.1473179399994115,0.2264470124519442,0.0113900783844126,0.1488324316066258,0.0113900783844126,0.0148611698026136,0.0573376256006679,0.0149523192545537,0.0340092386531669,0.0,0.0
76561199441844249,0.0404529829142052,0.0984068392240565,0.3065655734750462,0.1033563933215197,0.0522228694362381,0.0247231987738898,0.2685002206992766,0.0206685022636097,0.0,0.0,0.0425517099460788,0.0425517099460788
76561199442146005,0.1050861288360557,0.2960515919471675,0.1738468893399062,0.0442407156841297,0.0948085392768991,0.0345580901197083,0.2363741604413125,0.0150338843548207,0.0,0.0,0.0,0.0
76561199442822555,0.211339938605683,0.0907049518079467,0.1648513938316373,0.1579679079551484,0.0704646511637074,0.0940328952842727,0.0781834534468932,0.0807585747838045,0.0365374152203578,0.0,0.0151588179005486,0.0
76561199442878224,0.2722466093218592,0.0764580082077244,0.1674744310889437,0.0425963114061263,0.1789457691386317,0.1296141872637086,0.0095424733708637,0.0571768894491394,0.0464606241542099,0.0095424733708637,0.0,0.0099422232279291
76561199443514192,0.2358170762930458,0.1892877082408536,0.1221267452042654,0.1073720446665823,0.043385837083726,0.0501228175259757,0.0162178111953505,0.0984824482974975,0.0355812559302361,0.0453461632062398,0.0,0.0562600923562267
76561199444606097,0.2689646990067135,0.2204720696827317,0.1086330778459282,0.0356067592270624,0.0914699988387108,0.0935329583597269,0.0688581221146271,0.0778154579594122,0.0124545269072223,0.0221923300578645,0.0,0.0
76561199447044530,0.235793960925175,0.1491002998127472,0.1242414013385373,0.0542175435162403,0.097358691293721,0.0503855301586627,0.1104295497377712,0.1253127399877091,0.0405788146167619,0.0125814686126737,0.0,0.0
76561199447952692,0.2444329941615801,0.1773592811592604,0.0818236100871704,0.115280323030246,0.071164998973178,0.1012654516012048,0.1306821545062047,0.0529718425230591,0.0114159995675721,0.013603344390524,0.0,0.0
76561199448991262,0.2449068836591924,0.2048063373805569,0.1782411256264671,0.0558158040219011,0.1192242099154587,0.0639706283109439,0.0360750590497388,0.044279973454621,0.023612684742594,0.0290672938385257,0.0,0.0
76561199464469677,0.3263973804556325,0.1297075427078861,0.225355270994204,0.0,0.0969829544158561,0.0169463874767052,0.0250880297091157,0.094351099892389,0.0615952663805608,0.0115328636411147,0.0,0.0120432043265357
76561199469179667,0.2454319240394238,0.1469173363688262,0.1760249975380326,0.1744612745008418,0.060332564986488,0.0,0.0,0.049416187966127,0.0,0.0489067209459053,0.0519338904752345,0.0465751031791205
76561199470080023,0.24904610479287,0.1360260260932323,0.1050312218340542,0.092134793927904,0.1085413061814864,0.0140464857930101,0.0616153349428465,0.1509452704621785,0.0534341678479928,0.0075028697296852,0.0216764183947393,0.0
76561199470418036,0.2226731095589069,0.167636815068726,0.0950965463355804,0.2053867166880671,0.0438293612094996,0.0666362888113204,0.0402070864945921,0.0380205934700911,0.0659831986574599,0.0545302837057559,0.0,0.0
76561199470516845,0.3565618639989657,0.1290602814812793,0.2418907912248247,0.0451943717560199,0.0503103181944595,0.0,0.048027339471756,0.0830110054597197,0.0226089909964408,0.0233350374165341,0.0,0.0
76561199471838775,0.1764544980120425,0.1842730359049352,0.096520258892901,0.2158599942770749,0.0374216184263138,0.0347888244038734,0.1562365242420442,0.0606962675635254,0.0122814593354614,0.0254675189418277,0.0,0.0
76561199478273259,0.2746084158970038,0.1117576078631707,0.1474603411857654,0.1484478051381746,0.1161770439786582,0.0952343459824952,0.0093208936122597,0.0323374871996201,0.0326838519156742,0.0319722072271775,0.0,0.0
76561199478662488,0.2577045070554699,0.260667368045365,0.1936719778958704,0.018818412810586,0.1485502009153567,0.0423605584688148,0.036677247805788,0.026990004319298,0.0,0.0145597226834508,0.0,0.0
76561199479136443,0.2641548276055056,0.0989509651163908,0.0952414722424433,0.1526557708046663,0.0331818221634413,0.0,0.0470816458910757,0.0143421901531757,0.0234148866047475,0.0126433423770387,0.1180743815366726,0.140258695504842
76561199480061465,0.3034492517005522,0.0811770796116307,0.2186417855518416,0.0514561584263652,0.0806650622963191,0.0779381217451649,0.0418982494079195,0.0698439952473859,0.0444826781886953,0.0,0.0120068391151674,0.0184407787089575
76561199483983127,0.3211710458228551,0.1779643041631373,0.1011496015379187,0.1067489558523094,0.0341934769765766,0.0421004228867363,0.0432401924260551,0.0651878223952752,0.0529635217713659,0.0206651007090849,0.0173077777293424,0.0173077777293424
76561199484238062,0.5055452691095453,0.0400847060299142,0.1934549759174642,0.0,0.1976825343147507,0.0420330746360312,0.0,0.021199439992294,0.0,0.0,0.0,0.0
76561199485777278,0.2609829905799489,0.1692322969341124,0.1959707023924782,0.0302782411298527,0.1395956393474054,0.0627510400678346,0.0397725075835102,0.056633833407076,0.0164244057243691,0.0283583428334121,0.0,0.0
76561199487796611,0.4243961732601083,0.0905791562431254,0.2255436518953984,0.0473367730710592,0.0671649412631626,0.0132196748108367,0.0140495299896561,0.0505555362274274,0.0396841281722492,0.0,0.0,0.0274704350669763
76561199488596444,0.394330928750799,0.0877143591872739,0.2283399133279632,0.0404817319781937,0.0965023192414803,0.0127895564760215,0.0,0.0668311110999061,0.0,0.0730100799383619,0.0,0.0
76561199489499857,0.2825179991856223,0.1748507423546492,0.1275692265791467,0.067300567312609,0.0903454856753801,0.0446425781379756,0.0518643321438675,0.0918163311920491,0.0296899052329195,0.0306243727373937,0.0087784594483866,0.0
76561199489520002,0.2249920908186216,0.215293528856981,0.1545380897882418,0.0595814393185216,0.1309862591530341,0.0649761551654736,0.0403508572674266,0.1092815796316994,0.0,0.0,0.0,0.0
76561199491642775,0.145119812596972,0.2089674673902949,0.0414378368165061,0.2192256176517153,0.0157814547687493,0.0364615618139611,0.1375744020443337,0.0762157562507625,0.0236634134336101,0.0396798944844565,0.0132591436442575,0.0426136391043807
76561199499958759,0.3043703622666223,0.122997178603117,0.1398963709998162,0.03191333961846,0.2357056173872677,0.0593539207501955,0.0124551026294623,0.0337187754039621,0.0182899003829227,0.0263709222060036,0.0,0.0149285097521701
76561199502416746,0.3197281236358197,0.1887554841329992,0.1202914221636432,0.0683063847035155,0.0650058525250344,0.0213659121771226,0.022212640138377,0.1201754469123164,0.0367271923663427,0.0241237412999172,0.0133077999449116,0.0
76561199504742246,0.2518371223364808,0.2527359348409851,0.0997244425048342,0.0626583096939629,0.0640068388984009,0.0350355497722306,0.1005770301954788,0.0769823358213785,0.0096479559124489,0.0467944800237987,0.0,0.0
76561199508808924,0.2546936716851562,0.1687198892933171,0.2637937242390006,0.1731057661660334,0.0103727978873587,0.0240238438268098,0.0274041575538282,0.0,0.0239858781019627,0.0,0.0269501356232665,0.0269501356232665
76561199509552956,0.1132110966440514,0.1788731405490235,0.0831843443049573,0.2180380765836079,0.0237197131835866,0.0516253538455971,0.0845565838292414,0.0292009534299283,0.0498270454450533,0.0404865373569454,0.0327149715611205,0.0945621832668869
76561199510293669,0.2165832289816718,0.1991569223544482,0.1567467581612422,0.1143045265941175,0.0575146825164473,0.0087115305762501,0.0487895118511411,0.0774747238265444,0.0222981962801371,0.0594413821357696,0.0,0.0389785367222304
76561199512269509,0.2744602778074566,0.1516415956915971,0.1252083241219188,0.1371748231984038,0.0127172989692187,0.0445556155304677,0.0551989553624879,0.0353944685780385,0.0712098716021622,0.0455825980253939,0.0130204295772982,0.0338357415355564
76561199512376287,0.135597756566327,0.1525322039591516,0.1019295463263235,0.2228818674968438,0.0106960110909143,0.0971798643591908,0.0490277823527631,0.081254256218609,0.021343276020979,0.0236727873714296,0.1018269273853094,0.0020577208521588
76561199512732822,0.3074545725470212,0.0575514875047058,0.1634193993543863,0.0,0.2917453260088088,0.0552939543331041,0.1095441908645979,0.0149910693873756,0.0,0.0,0.0,0.0
76561199515983042,0.2162744451398414,0.122420286807528,0.154421021046594,0.0866925078971894,0.1401978049767112,0.0688240544989472,0.0717596499647821,0.0659780514811259,0.0334187658123627,0.0091966482113676,0.0102657038955928,0.0205510602679572
76561199517455475,0.259653270126122,0.1749861026176977,0.1602567433258575,0.1265332239195771,0.0622224184749102,0.0655759685156747,0.0306674525897578,0.0325495571574356,0.0319184525780197,0.0460956355532532,0.0,0.0095411751416942
76561199518636045,0.1318150471273151,0.1031851035596695,0.1249308733170092,0.1392610603149515,0.0703014616134905,0.1167946303150105,0.0668172678352126,0.0858806647811803,0.0760202762264437,0.0378187436586787,0.0366321758557875,0.0105426953952505
76561199520743247,0.3684223739816327,0.2176641417337884,0.0801530571313256,0.0691444729394343,0.0373174971499718,0.0,0.0647506232669187,0.1072861216127166,0.0286629323237349,0.008244336052618,0.0,0.0183544438078585
76561199521001438,0.2680744901074119,0.1449454048421898,0.1600507351123556,0.1179597907287237,0.0601310869330909,0.0507851358050039,0.0207430422502852,0.0809721824750618,0.0445090279033629,0.0422646211954339,0.00956448264708,0.0
76561199526209117,0.4279000030518218,0.0925283725492106,0.1693089877435784,0.0642935050039776,0.0274240054076063,0.0530898223612756,0.0284616988540272,0.0821195719608387,0.0548740330676634,0.0,0.0,0.0
76561199526487450,0.2078126851444487,0.238462776556066,0.1193711229206124,0.1387160856519647,0.068805527333825,0.0180528519687835,0.077154396019708,0.0218916412288457,0.0074347127325675,0.0605695304786373,0.0,0.0417286699645408
76561199527406968,0.2400320766406195,0.1447589361704141,0.1502607668932031,0.0766373625838145,0.1180419264087368,0.014249518766226,0.0638469547179462,0.1019231044135331,0.032286748540348,0.0206673668957354,0.0230457192031969,0.014249518766226
76561199529575900,0.3946105931680523,0.2042130176067385,0.1633211303242249,0.0313431968058666,0.0658789566126602,0.0120803142830047,0.0469950394421394,0.0815577517573133,0.0,0.0,0.0,0.0
76561199530756303,0.2027611156210152,0.2211468679956052,0.1098529762577159,0.1073837928780001,0.0165716219015104,0.0069000537107909,0.0685530695534982,0.0818104728673042,0.0465322294797426,0.0482578559012844,0.0229217993691878,0.0673081444643445
76561199537429327,0.4596456361589462,0.015938052115177,0.2275049586983158,0.0166388428635926,0.190728690843646,0.0,0.0,0.028608303035619,0.0166388428635926,0.0166388428635926,0.0,0.0276578305575179
76561199539087405,0.2603451023746632,0.1496323053715146,0.2003375945479538,0.0737149887062289,0.1516007822620075,0.0752413720901753,0.0216569613696149,0.0251941617689959,0.0085206211496348,0.0213131153994913,0.0,0.0124429949597192
76561199541793625,0.1302206641108542,0.1304005932449103,0.052563873689936,0.2218783554264391,0.0397194763971817,0.1553139440209375,0.0261695032730118,0.0164143350841662,0.0272669241591793,0.0282362493887734,0.0920904237879846,0.0797256574166255
76561199543961855,0.128113665148892,0.1958750897058312,0.1334917975051918,0.1902729818457011,0.0467301952233797,0.0501290684281026,0.1308490310095856,0.0177075793939061,0.0324572033157652,0.0,0.0296266212895202,0.0447467671341239
76561199544472375,0.2279835661954121,0.1035914191079856,0.1610898427121646,0.1691473405278232,0.0046503139647675,0.1197998368964132,0.0409545351953896,0.0988159314396403,0.0570296831066679,0.0,0.0099597086022431,0.0069778222514923
76561199545066123,0.3296885808619012,0.1461498196311066,0.1572270786530881,0.0655175363149762,0.1858885502509758,0.0586116931325939,0.0292903270605876,0.0,0.0,0.0276264140947704,0.0,0.0
76561199546266669,0.2209572833944614,0.128219648630497,0.2520796262760814,0.076745324872516,0.1321733573832967,0.0560716774761051,0.0699410538034142,0.0262143193405282,0.0,0.0375977088230995,0.0,0.0
76561199551749900,0.2323321657428544,0.0748688180338941,0.1633514869695381,0.0954005029040529,0.0283167590292706,0.0417198737274403,0.0859598711211831,0.1282738461929203,0.0444182146507482,0.021391153087736,0.0418211348865409,0.0421461736538206
76561199552824101,0.2860195754595547,0.0527776175219752,0.2192438604672287,0.0889177110102608,0.1246118480280106,0.0395134876728738,0.0122679673250508,0.0524434302065952,0.022130412455429,0.0100471762303512,0.0467981821436105,0.0452287314790593
76561199553177714,0.1821645903583271,0.1982595170021647,0.1439783817124924,0.1792394899030311,0.016101854212179,0.0452447016444541,0.0760256991499617,0.0569296744445072,0.026448016885445,0.0474213987020413,0.0,0.0281866759853959
76561199557398352,0.3034676798373055,0.1451390807165264,0.221475457014402,0.0655747115404435,0.0563516214725402,0.0193938504264876,0.0570196065353986,0.0707454507972596,0.0314267525692579,0.0190003106516196,0.0,0.0104054784387587
76561199557989035,0.3140401227327651,0.1630776828086751,0.1217045796526103,0.1006538457476471,0.015219768458186,0.0111314044870882,0.043786163076126,0.0545345557743968,0.0066208461430901,0.0385341613972412,0.0429640202205606,0.0877328495016129
76561199559728739,0.2412484244701723,0.2538916774764015,0.1302822841271139,0.1106352804376908,0.0404583061511309,0.0779896202727263,0.0459330088394482,0.0727186754659445,0.0268427227593711,0.0,0.0,0.0
76561199559993324,0.2200933159917167,0.12129980385988,0.1348108719850743,0.1493667591858479,0.0933707699543728,0.0217106743988195,0.0208945513421677,0.080550736262288,0.0818468209356186,0.0583484349855921,0.0118900883195956,0.0058171727790265
76561199568067378,0.252403214952162,0.2163456657473178,0.1704075176839506,0.0999534579496445,0.081655055749901,0.0295230630635158,0.056614239725737,0.0332214160985724,0.0233102726995185,0.03656609632968,0.0,0.0
76561199571958168,0.3488006465946669,0.0570878656287266,0.3115667394266705,0.0485590818155128,0.033848977008748,0.0078494373209658,0.0432681957959198,0.0567132081642646,0.0311093958870485,0.036965613152313,0.0114564270853263,0.012774412119837
76561199572634759,0.2163792001550328,0.2277271519526729,0.0337551106974163,0.1591963361884504,0.0238496080398198,0.0875313078708687,0.0832849152612858,0.0833079035615435,0.0414872225457095,0.0192247795433146,0.0155636176915826,0.0086928464923025
76561199575139982,0.2685319742000127,0.1828882722509377,0.1351699429980621,0.1233831447812071,0.0379739828200326,0.0375209255168796,0.0076086421530013,0.1036095120468456,0.0589804070321395,0.0215170755110213,0.0,0.0228161206898599
76561199579773295,0.264751880939822,0.1572024507733185,0.1663229796300182,0.0701704223424104,0.068571883562592,0.0570728520447953,0.0657940037231852,0.0623026943347535,0.0177536706024733,0.0594779612213254,0.0,0.010579200825306
76561199581122905,0.3116062349978239,0.0881937135990956,0.1586788975570215,0.055916474070826,0.1947230615725617,0.0698624509951422,0.0113760106054791,0.0982671459965704,0.0,0.0113760106054791,0.0,0.0
76561199587644940,0.2422229470843015,0.1688140147556163,0.2158769670129362,0.0765828237346387,0.0201159153019728,0.0395715006812438,0.085514153823416,0.0867694101590967,0.032539294150582,0.0119507782202157,0.0,0.02004219507598
76561199589158503,0.2672083063295259,0.0803999423871363,0.1983314570759906,0.1425930566628895,0.0200398401073974,0.0200520085346847,0.0344330838952021,0.025941859954328,0.0375622070955034,0.0089269166427818,0.0492812745059925,0.1152300468085672
76561199589538204,0.2270039911026475,0.1861236074044572,0.1776238886363115,0.0307741253368349,0.0800876657344364,0.0476419669579948,0.0394553747400181,0.0447106363531168,0.0452025706561348,0.1213761730780477,0.0,0.0
76561199592008364,0.2644329124228864,0.2167046784391971,0.1637027554631823,0.1075316194002749,0.0933103036633338,0.0282429696727706,0.0422919171458911,0.0330240707409698,0.00942959714302,0.0318995787654537,0.00942959714302,0.0
76561199608316668,0.2287202644384706,0.1451660813983259,0.116199135748059,0.1290613866383494,0.1007656136291253,0.0916488214832973,0.013270238461147,0.0384057088806241,0.0298412517615407,0.0357918732559598,0.0145744606382592,0.0565551636668413
76561199627864130,0.2109443211600811,0.1792504910162105,0.1655340060271582,0.1266943704870318,0.0947842940799683,0.0314908614013051,0.0340054739886218,0.0265015034677309,0.0202500782681448,0.0950277669409376,0.0070066380965388,0.0085101950662707
76561199630639323,0.180301886167285,0.1944035046161374,0.1678782617864066,0.0976573966349795,0.088170217924548,0.0136090244753299,0.094818162425615,0.0680427894641901,0.0347085131780622,0.0092285321176386,0.0279720518016789,0.0232096594081284
76561199631745821,0.1848127043506408,0.1364214499461086,0.1158441717882195,0.2067818787425956,0.028233024237066,0.0799553155444123,0.0787686661419483,0.0708216571950278,0.0417933919516542,0.0499767758943107,0.0065909642080156,0.0
76561199638601866,0.2274839459359262,0.1116153447115952,0.2031380228226284,0.1379712051165727,0.1474433435717834,0.0829292166306435,0.0610114672927418,0.0157104058438731,0.0,0.0126970480742356,0.0,0.0
76561199639237662,0.3605983847610306,0.1179950836697008,0.2403800431277183,0.0562684282180693,0.0860412302910166,0.0,0.0578439220695043,0.0356854309105107,0.0319968005120006,0.0,0.0,0.0131906764404485
76561199642042062,0.2040703676118858,0.2118952728635963,0.3303735205148119,0.0227366391706465,0.0466517371881096,0.0,0.1299241893767218,0.0543482732742277,0.0,0.0,0.0,0.0
76561199645738773,0.254641335455084,0.1185750294179634,0.2055504010249162,0.0652863189556843,0.1377448391408177,0.0385009183519202,0.0637378630541201,0.0452875586401174,0.0270141687483319,0.0262590277586849,0.0071828630281124,0.010219676424247
76561199651398849,0.3695927554031708,0.0884728038405427,0.2704127076831054,0.0621147565679016,0.0551119731757859,0.0165383607509605,0.0281798312454415,0.0545195643033705,0.037454613144274,0.0,0.0,0.0176026338854467
76561199651436954,0.2293922023564329,0.1860835308507543,0.0822691605662433,0.1195664713979076,0.0766635220394208,0.1061370719470099,0.0583064623892012,0.0720318259089772,0.028199259807693,0.0413504927363595,0.0,0.0
76561199653622095,0.215710217678979,0.136533047548284,0.0791772363939033,0.1578186544207647,0.0767240710587798,0.1059800395145545,0.0892079241534572,0.0638493935906484,0.0119957145960433,0.0473383328356532,0.0,0.015665368208932
76561199657362718,0.1170121683827871,0.185294055679565,0.1705951747579808,0.1806402254374792,0.0725193718030404,0.0364317005589116,0.1350007123943592,0.0860753417752632,0.0,0.0,0.0082156246053066,0.0082156246053066
76561199680990806,0.2861819591520191,0.1350320966413748,0.2387058035188592,0.0709372559451843,0.1451835355116206,0.0231733537502044,0.0248104957650513,0.0,0.0388737412088301,0.0251882685589825,0.0,0.0119134899478732
76561199682596889,0.230070424939278,0.1857446226472989,0.1213558808029033,0.0930387428825126,0.066236135834726,0.0317068568840062,0.0617660684369879,0.1204073723636069,0.0308619299025117,0.0588119653061678,0.0,0.0
76561199687646290,0.2695928338382014,0.2171449457673057,0.140750494712531,0.0962018452332907,0.061222999361844,0.0408214242006418,0.0755772315265889,0.0704794307303488,0.0154386260951103,0.0127701685341372,0.0,0.0
76561199688154793,0.2770547729221998,0.1027847841352921,0.1778344976969839,0.1374665621366409,0.0781956294755564,0.0471998653190457,0.0385589868617487,0.0389372068584679,0.037106925811888,0.0269244026960436,0.0197455278624946,0.0181908382236379
76561199696739033,0.3008317572905707,0.168539911029605,0.2026902215794501,0.1021392683579363,0.0968519486127934,0.0238737465251066,0.0,0.068808881213024,0.0298602226936647,0.0064040426978489,0.0,0.0
76561199697755740,0.2544023112565863,0.1379756695598746,0.2018709159504696,0.1507535552860263,0.021860908170798,0.060418753324814,0.074843686188866,0.0211633316120363,0.0211633316120363,0.0145106456630618,0.0080265353985736,0.0330103559768567
76561199698533340,0.180082892115022,0.1836474004692888,0.1329968516935688,0.1385423808407722,0.1480650889754416,0.0490554858046902,0.0302441733329748,0.0340477378225398,0.0244542584163817,0.0484418781299136,0.0,0.030421852399406
76561199699572362,0.2744667368295371,0.2004547622245824,0.0893104790016355,0.108318101216976,0.0792307982926252,0.0441215871110713,0.0657078851568997,0.0903675218299484,0.0133118758257311,0.0347102525109931,0.0,0.0
76561199729570190,0.4109895253625726,0.0575430724361512,0.2812841047903322,0.0,0.1926635266823094,0.0,0.0347216280541041,0.0227981426745302,0.0,0.0,0.0,0.0
76561199729773816,0.1986945772431448,0.2148834802919609,0.1314561508581283,0.1894053963664996,0.0219946294961382,0.1093841936600073,0.0364531744000255,0.0412825699791395,0.0225330628177519,0.0099783246428261,0.0,0.0239344402443777
76561199738119259,0.2227837087186347,0.1802087176171699,0.0976976265315833,0.1651542231539842,0.0750860571064785,0.0724266754060428,0.0615835305304674,0.0607001582921422,0.0367291340063857,0.0276301686371109,0.0,0.0
76561199739359982,0.2470812039785257,0.173150523430484,0.1600873116260612,0.0591975366501372,0.0435053302285411,0.0669797217931558,0.100836825906418,0.1029601390979792,0.0,0.0119028201533989,0.0105959864677291,0.0237026006675691
76561199748150200,0.3595647658130548,0.0948661041699461,0.1492660067678747,0.0960039349691124,0.0518162629739443,0.0,0.0408322931250951,0.0064995210643491,0.0,0.0,0.0375351193290617,0.1636159917875614
76561199750937606,0.3550560731015493,0.0982426623644656,0.1903948311575591,0.1083570587257345,0.0989175945337222,0.027912015203514,0.0462290268665702,0.0460939531048016,0.0150086175027397,0.0137881674393435,0.0,0.0
76561199752752935,0.1598472433620588,0.1988916387850756,0.2028692358605515,0.0995420250159003,0.1035004565241575,0.0692108276597689,0.0714390793081282,0.0523289147722879,0.0344984476739948,0.0,0.007872131038076,0.0
76561199754121666,0.4316440055115483,0.0371175778601788,0.3673560379065737,0.0,0.1228935478428881,0.0,0.0191127816453417,0.021876049233469,0.0,0.0,0.0,0.0
76561199755294671,0.0917961652696058,0.2825392019260877,0.1363299571286468,0.1849341588862545,0.0627678196211867,0.0225344741889705,0.180399200747362,0.0094628045949285,0.0225344741889705,0.0067017434479863,0.0,0.0
76561199766435421,0.3939687234892269,0.1332202307216683,0.2123655357366393,0.0203482769500916,0.0661064291420313,0.0288985310704616,0.0750439683022182,0.0321031754017617,0.0119272468864812,0.0,0.0,0.0260178822994193
76561199780856085,0.1645020487274492,0.1205763537162218,0.1906279066634183,0.1103159802640026,0.0867621499953999,0.031976708978051,0.1812470109968476,0.064434948461364,0.0222540004833012,0.0273028917139442,0.0,0.0
76561199782026649,0.2769527114101524,0.1281469771196745,0.1024666083090155,0.1348907084536248,0.0476085857823517,0.0493846997289225,0.0297388904721611,0.101125750446402,0.0605417395445109,0.007895418037434,0.0199325584478826,0.0413153522478676
76561199783971190,0.2983101954712766,0.175673154779984,0.1743982963099452,0.0563083066602678,0.1062747064775295,0.0227805310317785,0.0766854741298025,0.0511035278667888,0.0,0.0384658072726268,0.0,0.0
76561199785196304,0.1636334307087091,0.1951490473160283,0.0863181935564666,0.2190489222727457,0.0407749023340419,0.1569937364228484,0.0499315253976558,0.0205254685174788,0.008967979153472,0.058656794320553,0.0,0.0
76561199786534958,0.1075779863870053,0.207502331303042,0.0744214062385197,0.3184820457103967,0.033557711483622,0.0534002467953436,0.0455682590068235,0.0232938034494272,0.0230671366025209,0.0682999841484543,0.0,0.0448290888748444
76561199792770301,0.2694793809418395,0.2465703736621893,0.0875847229829151,0.097939176774124,0.0462524862726302,0.062095010638108,0.0624212117023384,0.0540036478847223,0.0069440347266886,0.058813615479092,0.0078963389353521,0.0
76561199795154363,0.2029186029623728,0.1244703850945541,0.1141486204298144,0.2674289470798158,0.0093515722719822,0.021582182167383,0.0248732868468306,0.0665344737867368,0.0232360515363103,0.0279637258162093,0.0534240453365427,0.0640681066714476
76561199795377753,0.2148634709724963,0.1968443742689933,0.1602624244145915,0.1272184362017321,0.0770976585211051,0.0351005582310475,0.070542746870931,0.0749894121524089,0.0373480877591447,0.0057328306075491,0.0,0.0
76561199795834891,0.2659840492540415,0.1548230959789936,0.2244878245599953,0.0452389095617779,0.1674163007650473,0.0216042444533656,0.0459405844485031,0.0558948164877252,0.0126562914074485,0.0059538830831015,0.0,0.0
76561199798719870,0.2964886449586442,0.1494178006478904,0.1727144037482453,0.1053889713344177,0.025537032746721,0.0379780928385602,0.0225865631481721,0.0530098287220378,0.0043258990751857,0.0216538751000523,0.0464491774637492,0.0644497102163236
76561199801101431,0.1989516995350785,0.2390654851619644,0.2366797574433851,0.0831583273567499,0.0681998612254782,0.0,0.0930334371445198,0.0417688625894719,0.0134793551230793,0.0,0.0,0.0256632144202724
76561199802479009,0.2264736184971067,0.1885254842369944,0.1232923414374442,0.2166024017118042,0.0,0.0279325073194531,0.0490068385617692,0.0289164971996663,0.0,0.0593219653324946,0.0,0.079928345703267
76561199803381158,0.1474647584690441,0.1889702189270173,0.1057506262716325,0.1561955250529115,0.0605978275816017,0.0324892013590859,0.0588612630925742,0.0718257567045412,0.0464174978083088,0.0,0.0487057198106584,0.082721604922624
76561199807197342,0.1869303811034783,0.2016491451172015,0.1729618155552875,0.1420874207953574,0.0813391264392652,0.0496885432502127,0.0622745421897263,0.0496149159829465,0.0132857351564731,0.040168374410051,0.0,0.0
76561199808319799,0.2234881421819009,0.1877360175568216,0.1524777814767503,0.0825833635178387,0.0531253558031434,0.0235571564661256,0.0607750401704069,0.0949502043077369,0.0109764857875181,0.027481607826909,0.0429402242235862,0.039908620681262
76561199811370756,0.3162669404167377,0.1130338080511477,0.1209696323637224,0.1042217781653458,0.0240154749016798,0.0360573552140992,0.0253415769605124,0.087305380413718,0.0412230915191986,0.0650771914227986,0.038226416490327,0.0282613540807122
76561199818269939,0.2945329678847138,0.1148201661547176,0.1576831915910876,0.1214467143395656,0.122256763523791,0.0755617985518912,0.0498884499890045,0.0228838899361942,0.0,0.0248970155114414,0.0,0.0160290425175927
76561199819516004,0.2870727098884104,0.1761252550955907,0.2008216158227798,0.119424506056745,0.0274661982644162,0.0174894043145014,0.0569760136661228,0.0590306277607946,0.0,0.0292257013870751,0.0263679677435636,0.0
76561199820531118,0.1599481802330881,0.1519658275619805,0.1212258152675336,0.2046365184579604,0.0099660804457669,0.0125359894108322,0.0556737746489869,0.025075943397765,0.042543871279511,0.0820370916399471,0.049982527518718,0.08440838013791
76561199828159495,0.2347870222904567,0.1891258034610554,0.158025457295124,0.1667238586595646,0.0408166269943346,0.0483201499900382,0.073993309577532,0.0555966361491422,0.0148514894212569,0.0,0.002384348449746,0.015375297711749
76561199835282867,0.279841778481943,0.1629038430784541,0.1096356737672196,0.0470606448290721,0.1192732894664811,0.0234555897752656,0.0954737732761621,0.090837821852604,0.0147953623138761,0.0452726571863417,0.0,0.0114495659725802
76561199835618401,0.1105202411377784,0.1162918439617829,0.0479973684698386,0.1603921962918525,0.0656265301770712,0.1300637869881703,0.0941606646757986,0.1755651164283346,0.0847210134806521,0.0146612383887203,0.0,0.0
76561199836896572,0.3690060276639462,0.09150257028701,0.1306745023470314,0.0928951113070233,0.0384987920550301,0.0540902492523297,0.0125778001992388,0.0929990929273585,0.1051789784068664,0.0,0.0,0.0125768755541652
76561199870547222,0.2352344430707625,0.0696086403271564,0.1661870011362561,0.078883827616141,0.1393225026907256,0.1183682937296449,0.0292386211832316,0.0467894220401245,0.0467894220401245,0.0247003241731725,0.0305274738782533,0.0143500281144067
76561199872409865,0.2854536599095736,0.085910127273154,0.2277896277031767,0.0585179481671668,0.1606793237884166,0.0631398404689038,0.0429828213795663,0.0404543049490709,0.035072346360971,0.0,0.0,0.0
76561199873886387,0.3236026868253084,0.1240771590114734,0.2066084016170919,0.0220271909540712,0.1429400415739242,0.0220271909540712,0.0266726249520799,0.0786418638873485,0.0298521437680002,0.0,0.0173757310939577,0.0061749653626729
76561199875437136,0.2749855275209482,0.2306991182213404,0.1572335653749292,0.0479787059904662,0.1058470293509952,0.0704302463832937,0.0617857877774729,0.0510400193805538,0.0,0.0,0.0,0.0
76561199875754390,0.3442579350287783,0.1925703694346996,0.096685990492406,0.1039678245709258,0.0882285608302708,0.0069718386787288,0.0348787599021413,0.0883058401355507,0.0036224550681169,0.0389202395128313,0.0,0.00159018634555
76561199879374518,0.3641844666575032,0.0972284928835787,0.231553830041181,0.0377883306831167,0.173806740975448,0.0148698967670536,0.0414893962286804,0.0264337044153527,0.0126451413480853,0.0,0.0,0.0
76561199882387137,0.371949400430088,0.0541018354534426,0.2710896636918977,0.0150308573875047,0.1979564853717852,0.034009920923886,0.0297927233618124,0.0260691133795831,0.0,0.0,0.0,0.0
