steamid,tag__Atmospheric,tag__Open World,tag__Story Rich,tag__First-Person,tag__2D,tag__Great Soundtrack,tag__Funny,tag__Sandbox,tag__Shooter,tag__Exploration,tag__Third Person,tag__3D,tag__Fantasy,tag__FPS,tag__Horror,tag__Survival,tag__Sci-fi,tag__Puzzle,tag__Difficult,tag__Cute,tag__Realistic,tag__Gore,tag__Character Customization,tag__Anime,tag__Building,tag__Pixel Graphics,tag__Family Friendly,tag__Colorful,tag__Management,tag__Comedy
76561197960612825,41.314730021273945,46.299372101032034,29.25679673665639,29.518280891378772,0.0,29.35587633851242,19.4410968391828,29.28347821407096,12.7714059293906,51.45114592142224,29.59591531088675,18.07385371628352,23.435265315246664,25.580367371145492,24.87014466314843,32.044801238491466,30.97091378520807,7.946738716556211,11.00452137612055,7.755603387954817,7.512821783783515,9.198512958054373,28.681520539646584,0.0,23.1190019794948,0.0,12.571025019736531,3.021400020302569,6.980749295202983,4.272211768666675
76561197961222873,34.477934302049604,31.385209866200302,14.32347312387607,45.16504833684339,6.682336641621198,11.277781244046572,0.0,22.200828738654018,29.589696180157862,28.336952757511018,18.91444353540947,12.601493493988599,5.078916801512662,28.119471957958837,20.14162647646557,29.57882511868323,20.00777012223287,5.725543966437714,15.556911908717758,5.725543966437714,16.82397589059529,13.624516660993319,2.3978952727983707,9.369887160585773,16.926291900771385,4.001315112906908,2.681021528714291,3.044522437723423,0.0,0.0
76561197961774441,28.356101241728773,42.63563612733947,30.585969690583948,25.636698390652192,4.844344554374829,14.1737930925229,5.1243805592884755,19.338906282705075,21.49599113616357,19.184362663271074,28.46157984205344,9.115003715821363,46.007389969604596,11.770353164627346,13.984010177014387,14.381683198539077,14.228405559541004,0.0,27.144907569246563,0.0,26.812731456292052,19.98548113818911,51.368305258134235,0.0,4.6798137289838575,0.0,4.557239652230542,0.0,5.160204064418402,0.0
76561197964052205,51.5812052070551,75.2204728707656,16.695716484163103,92.24725409200373,0.0,13.123814045316642,10.498279456687504,34.424028420937034,67.59004791393426,37.87403174454505,22.124465482338273,16.425915549278756,4.344714099789901,62.488176304861256,19.68640818349765,44.04529726416672,16.179155974203102,0.0,11.67766160064874,0.0,49.37891565480017,26.95376196676206,32.44468248905639,0.0,24.84862231137698,0.0,14.56162777996541,0.0,4.414251781968619,15.468656341085541
76561197964909627,23.077214765439866,41.72011588268318,25.614727852389795,18.819941290914894,66.1575919357173,31.927697036844634,11.259647234691801,43.1474888823382,23.026515573101964,32.3421431178343,23.942695553207272,24.663584448036957,48.50809758402823,14.100996090667959,0.0,48.86885060640108,28.318827097294545,34.9035785372881,23.31435931307299,5.584435717023635,0.0,10.010150068223936,34.00998198691077,10.495061525413703,40.668532682158684,21.01200481662443,32.37189998785116,21.112252753159357,14.227530156837215,4.624188191823853
76561197970412468,39.5521087514307,47.90540308836244,21.017120642299293,51.4076719503063,0.0,14.743313639375621,6.395831385672211,26.70601731886849,51.25430648220917,26.68152796450793,12.444240993995617,6.608421589309881,9.141790616584506,51.25430648220917,22.346266266706042,31.823795386867832,12.848858700256326,2.667228206581955,24.848472860265957,0.0,25.07619791359753,11.715322478125893,24.454824479447634,0.0,8.331999377638645,2.2512917986064953,0.0,0.0,0.0,7.7021583828744875
76561197970935355,54.36244852127033,65.12044143624667,26.251568316125088,31.25624689140588,15.52774070732944,28.377560657709754,14.288845159513153,36.84865030598172,27.373551154601195,48.04338739029581,39.818342096617386,11.292250451807089,11.342684657185186,20.382720089137436,15.592626131007979,52.04033269218659,43.099924191476354,4.633563260489309,33.38504908146098,4.887940214078852,11.71830192330589,0.0,34.18201670920181,0.0,26.156769236694423,0.0,11.342684657185186,0.0,15.356690928849085,4.942356453342962
76561197975515451,68.13207387492334,78.8995455760497,28.392665388976265,32.133987861827165,25.338839381197978,28.580353361534115,0.0,48.239884751040904,23.177803094809555,55.02858686727572,36.980552886354864,5.554121700101795,19.66706229594107,27.873705222061634,9.505884648641572,67.15922271556668,45.09050295817135,4.222004585374694,23.98171675637559,4.823341395675743,9.146050939813378,0.0,29.70881932986022,9.554270940251381,39.18445492249083,11.035267592603226,9.776126285476488,4.207673247529104,15.908286350833887,0.0
76561197976062269,41.80757073637413,7.932986869430252,29.91376832017683,12.402933531842923,30.03636665774412,34.516119826763074,8.111068515841264,4.202451303547952,16.862258504289827,9.580951820124975,17.049721095259823,12.33038142214659,67.21000866729048,8.200482228294971,12.398273705037855,4.753159063701541,8.468455386876016,0.0,42.20512049304746,3.908617212293313,0.0,13.395564133993979,22.279613323636863,4.337552144572052,9.458080578106232,16.635355516213245,4.050392674692918,5.248601774302104,5.046131129781096,0.0
76561197977835402,0.0,0.0,0.0,0.0,0.0,0.0,0.0,0.0,0.0,0.0,0.0,0.0,0.0,0.0,0.0,0.0,0.0,0.0,0.0,0.0,0.0,0.0,0.0,0.0,0.0,0.0,0.0,0.0,0.0,0.0
76561197979876290,51.839302163269664,39.33047656442437,45.41667404076338,0.0,0.0,44.99692902212995,16.034080813805204,34.13415261100028,4.405498990859024,26.9203137363071,18.645593145195804,18.606429872523613,27.24925595354261,0.0,0.0,15.54281509124014,7.991121399907903,8.638880595098335,3.590990953294811,5.026180505431718,21.060261319236922,4.409520198982804,27.24925595354261,0.0,37.72514356429509,0.0,25.293642923476234,9.927280668017318,41.400684453969845,0.0
76561197984511411,61.206982018878996,47.70338260314719,29.107177467308134,72.83564749165625,16.512974452970226,19.665833215490057,27.32012940238404,36.30376139550386,66.92175956588238,31.263317141689686,10.271804167492657,5.545841286587624,10.895202543449624,72.83564749165625,13.907147250222172,41.858871796053975,56.13006020137044,10.134454596367616,26.04726235143653,0.0,20.721196651717378,4.561949483533528,26.530574020660136,0.0,26.63176406855496,16.512974452970226,0.0,0.0,5.877231452946558,21.116946321631318
76561197986853412,68.66121756154301,73.78966436245916,57.89068351693651,37.760528404358475,4.664853188149265,48.680591781767994,0.0,42.57798026335913,27.67072654861075,40.264332117909355,49.82559945678526,10.810382683665914,36.39500544089082,26.619425318605035,19.01535319755652,44.92918530605862,36.89591424158781,0.0,10.662898015976603,0.0,33.64303385242015,18.581665241023224,34.51788860609784,9.557024178309163,19.240020845465065,4.676746384477314,6.073044534100405,0.0,0.0,0.0
76561197988181270,0.0,0.0,0.0,0.0,0.0,0.0,0.0,0.0,0.0,0.0,0.0,0.0,0.0,0.0,0.0,0.0,0.0,0.0,0.0,0.0,0.0,0.0,0.0,0.0,0.0,0.0,0.0,0.0,0.0,0.0
76561197989427343,39.10772663324659,25.243309470288114,11.553524590176963,79.41318664757416,0.0,21.230394518652997,42.819942136134465,47.725287762924324,57.797931316528384,18.82872549111986,21.284654659216223,6.380132706339582,11.343472412383163,56.70449712353901,14.04318053063922,26.196459036350998,9.90772214995938,3.2300135692786567,21.53390516006527,9.675886895567402,19.0605876101841,3.1730412885244013,11.343472412383163,5.409411414053624,17.505001049156615,0.0,0.0,6.971722637037125,3.367985247456042,19.266019769932193
76561197990751243,44.84286720799357,38.1769314020805,49.83053336327153,33.61567602514976,18.169136455277492,45.93545515697373,20.50868231777074,30.54034146504585,34.01749455897825,12.683714585935494,16.680651297253636,18.41248495841961,52.2715387938259,25.43057711559898,8.026610947473962,3.9314333989479695,30.3435402687904,4.613832559066744,9.805864580288025,4.279440045898781,5.0795392727434665,8.027591243601872,33.7508212924951,9.491000548520535,11.627775011930627,3.9203879217597737,4.279440045898781,0.0,7.0139424528638825,12.541647112319481
76561197991266305,25.41793586183248,37.15829607096484,10.151736563890399,35.14185239625634,6.990088898972551,20.32418681067991,22.244592932921606,16.580995975855263,28.419802518916764,12.838628734227717,31.09309319046567,16.199335924222567,20.5737888423199,26.12199722334648,4.3056854014171595,14.481431013701581,9.8792351767773,0.0,21.906762037895334,7.642522023918925,22.127620810111583,20.222661152550547,40.866642561729364,28.865413230719486,3.6488384045767526,5.630387069079425,4.065945087700403,0.0,8.374519010588195,5.389756426864818
76561197992664926,25.828179495306966,28.976921867901616,15.190214159025672,52.09411234151479,5.406364270631171,26.775607655166844,16.211314675201045,20.729299280830787,59.624247416023515,9.64634199191433,22.07858889711901,5.783609774515756,0.0,47.192000510818836,0.0,10.625023423839627,10.477266380864148,0.0,10.899047326728098,0.0,32.77662215594,21.865526115914147,5.3063847376257955,0.0,5.170881643238353,0.0,0.0,0.0,5.170881643238353,15.088435405956517
76561197994874800,34.75657554574991,31.829616073907452,4.465678207169493,49.13443787784341,13.80811923815579,36.66136317999331,29.81567768088817,23.80626388916058,43.93548520853902,13.531186460578168,24.320838118412524,9.595779899936026,18.967120635466884,38.88655039604656,18.9110238516429,29.078871735277687,12.426253127575276,0.0,46.9526827590352,4.857250987196899,11.387882498928022,14.053772864446,15.524170100258337,9.56523045399614,12.53973450226646,9.14110164884162,0.0,0.0,4.8496837630384935,13.701087447634222
76561197995444569,30.645714642710473,19.96981322401044,31.957608056226437,15.19369421248986,26.223937955100116,55.1442050191935,4.605869941102364,52.17395334474575,4.167130231947748,0.0,15.962116468514012,9.102682719919649,40.614875526281956,4.167130231947748,8.929605167399142,8.720554746901438,23.725842055576997,0.0,31.816962758243672,4.605869941102364,6.1402077758459415,4.148674906767148,36.18505790587156,0.0,4.007696755496428,8.573778040799537,4.9355524879719,4.88189241820353,36.01795679841673,0.0
76561197995730646,74.36084894959072,35.952522054051705,63.49054323300676,44.00683903043339,20.893391648239973,46.3417492592078,8.765158361633294,0.0,61.268185899673824,15.579469284876208,18.712587514220026,13.045060698102127,4.510639702141858,40.14358618937467,47.77776038787885,48.95412228510623,36.78255137825897,10.220373786682025,35.57172844974362,0.0,11.52385424767629,43.1983318184511,0.0,0.0,6.638934214171274,7.301534640607468,0.0,12.782028744337572,0.0,0.0
76561197996331680,65.4818739859955,74.19936091274245,40.795796392417685,27.21454572072371,13.708433690937767,46.532350327729326,11.025528647397543,22.607236412300182,35.772079498001645,37.61826500496492,51.12139882162823,12.038433644927936,36.51247263892733,27.21454572072371,0.0,27.286784478546004,27.160771064300153,0.0,48.39828458943436,4.1655793631505516,10.690911570094665,4.284689401784925,46.556263967480156,0.0,9.542854327787214,9.542854327787214,5.651857401791282,0.0,4.545101659521972,6.662430022609181
76561198000672368,50.40959846229845,78.03782246170006,90.27082063539589,29.34612177244073,0.0,44.501721018420405,16.931639992485792,22.827240710813975,29.05352043009657,45.49695829889734,56.52953671787442,10.647870190811116,50.58809439052429,23.119842053158134,0.0,27.729581096072422,33.736252355860614,6.271933165041461,0.0,5.273666003106907,11.393915214093195,17.889066348677837,67.88324983786069,16.23695106142369,0.0,0.0,6.271933165041461,0.0,0.0,5.164214382024556
76561198001075422,54.095803200750176,49.252448346269,30.45385441485308,43.69096517983086,0.0,29.714902197145896,3.671987586443718,14.800856715482428,62.1638619781193,27.723091153530106,27.618421185062267,10.257872592645185,3.6019589820832345,43.69096517983086,20.283879756731487,34.65383094003777,34.05127685141458,3.3024814087229974,14.924075785539497,9.476805439721456,21.387253408483875,18.47388884083363,11.539160740000886,0.0,12.751305168337653,3.3221541743217022,10.850683246191782,16.689734017930512,10.850683246191782,8.039867654305187
76561198001198569,34.39280778855317,50.300522502804206,3.1471649773142003,41.002448071388116,16.01786902437776,4.1219597292550745,4.1219597292550745,52.27817167200471,48.89670895116196,17.887579798025843,27.91289197104488,6.869230643510566,6.690661391494474,39.20220632160825,29.55838524462936,73.38694740845997,4.692723082995953,0.0,27.68504416593195,4.1219597292550745,37.79146788311637,20.287260353029605,21.290579681715315,4.056642695038089,29.051601441397736,3.5328102684640474,7.186751538740561,0.0,2.747270914255491,0.0
76561198003022602,60.556192659942,67.75416980687254,35.56072692334395,27.963176177958943,22.21288099029993,54.97445207717309,10.447672193232435,81.25948432606721,10.069063959432603,39.19764741244409,25.807468007340045,5.370033194089637,26.554080063446296,11.384442052684156,28.70336143950181,42.82703250836458,17.28243642222145,4.8445807097661735,24.900846194937653,0.0,10.617055000495682,0.0,39.62310881896741,0.0,33.18827642538649,4.838501663689791,0.0,0.0,34.023351027324615,10.447672193232435
76561198006572540,39.18236376089254,98.88311447643576,27.817327937055367,41.7660602141039,0.0,29.58871785306928,10.443723090761399,74.7927876496097,13.615463038065668,68.27097935890176,36.6317401624591,18.21536845524799,38.88376972130267,27.44981527922576,15.77434675388224,73.9572472802073,32.172899395888855,0.0,10.099589677956436,0.0,22.05171209064135,15.720092009416646,26.291438318380017,20.104740542823855,58.411107579162575,0.0,0.0,9.380393022597373,10.284369348663725,5.282543612431996
76561198006847070,43.503768032562796,47.79210529353207,8.825689838090799,65.85952256614672,2.7459880404426023,11.5716778785334,30.601878176968846,39.26303926740622,34.710720296690766,26.683880675490474,31.995743076081958,14.891042372972933,13.070101690275848,31.171955822957585,2.8746939451769347,10.306899487659765,7.592204743838886,3.914021008090819,17.652480787963125,1.7578579175523736,41.294293830991464,10.732858582534725,39.68638198067368,0.0,8.451105737968808,0.0,14.124059975950464,8.16175060780948,1.9837562915454279,12.034808791445005
76561198007100949,64.12314655910728,88.23842969295431,46.520757053087436,20.88392109348498,4.799502655448181,33.33847215270334,0.0,39.8645596487556,4.850623024222136,51.422955233695134,57.29626102065377,16.83155632680652,50.27183336923881,4.850623024222136,0.0,23.857540321326326,9.449976324888663,0.0,27.075797582243247,4.704110133842995,5.334793933358054,4.535069558308602,73.59373191567978,9.692541804615566,19.00691729710419,4.799502655448181,6.838051440532346,0.0,0.0,0.0
76561198008475336,10.92245588779543,15.674153315267084,29.180794826570175,6.4236527253569005,26.51441405982259,8.839566503657949,2.4948569806411682,5.85753307446212,2.833213344056216,11.043002829615599,15.700142074004413,29.815517041586396,44.12444283031015,2.833213344056216,0.0,3.0243197304059035,11.175689402628409,0.0,6.203655537504215,4.733387483788845,9.532442711547525,6.837815530777456,16.20658102936728,17.2185703211624,3.0243197304059035,30.192595703635714,3.851848282392076,12.825151655534334,5.1894841614112375,0.0
76561198008608067,73.21839711563084,70.09252907887353,26.424179237263555,55.24099127059327,0.0,43.364484881826336,10.306631883055397,60.51054158442272,17.202868769909387,19.295966152528393,57.88326234286554,27.59385581090298,21.8880376376859,13.119079721626802,4.485598050847247,32.9574543618136,32.41368125413537,9.793648858120028,0.0,5.34924809521658,45.1775846823059,8.582938122049146,32.17778740661736,4.083789048282584,45.548490188292064,0.0,36.682393805454275,9.564843358923063,48.90157606043566,4.900671607492004
76561198008886047,37.274188447730324,47.14356309294632,11.31155873506563,55.9996326434942,3.9406104622800586,20.924507159213604,15.08704472491004,54.770501764887754,45.03756339739718,17.948518684569517,20.22997197045042,4.116106054003613,18.095975859289503,37.78361542177195,12.47538864594539,43.529226559569345,24.960518014786505,2.8763855159214247,24.591829327135674,7.864166703521878,41.54351026603443,11.357511745694353,30.852034830728314,0.0,32.664376871738185,3.9406104622800586,10.970938670906428,10.109241910398378,16.29653944156401,9.314989750836165
76561198009000791,51.264022954065254,49.70682090824626,6.130465330309764,40.17852425669308,0.0,44.68564426916561,7.786207062626013,68.26486067151485,17.247812515018623,0.0,20.789055120027314,20.259816991033368,4.898436636733773,13.684496283880033,0.0,11.817017051379253,0.0,0.0,7.554030953570269,0.0,59.091431622908935,6.130465330309764,14.998659370611444,0.0,43.79282891932964,0.0,24.696591923735088,0.0,70.31780850784169,0.0
76561198010613920,46.89680415319067,22.521850761359907,33.879086229744836,37.338324296047716,18.242942377636446,61.5573393229652,7.61118486396559,15.605828689674281,50.17679477301202,14.424417392526973,28.197124671968947,14.054785436124172,8.861400435585821,46.22433173697883,25.73249868253845,19.435166867129535,41.49985509319417,4.144720769547168,24.669876728177798,3.134189016701007,0.0,17.21133706761364,27.268429664417162,0.0,11.29226906403171,10.948910246606987,9.501220400511173,0.0,7.057727871316326,3.134189016701007
76561198011617878,60.807790071838376,36.15949123291574,22.570226628170758,36.68488720694076,8.545420933432752,26.880469825385834,22.112800026623496,26.577464929867286,26.824311184878244,26.228404522890578,26.930475700066737,21.99710332037807,38.68467165963488,26.561801060357258,23.23859144132668,30.658195950188706,22.32720792813586,0.0,20.274625387800484,8.545420933432752,9.66123622995736,13.523109988745592,41.64125180569932,4.421607859758004,8.23535576569267,0.0,4.394696037774544,4.150724895658208,4.384523514872469,7.978255397531699
76561198014439859,16.966833885589818,11.986602060920198,7.531490750354866,55.35737212277705,33.519162438099684,34.655640451041506,12.216683243507537,4.389870788696931,46.2639931865629,12.25843483906643,3.949318790171843,4.137563681342077,32.20737265490902,50.40155686790497,21.421154655780864,7.61056066852389,28.735333616999988,12.01124290758135,22.97222527456151,0.0,4.137563681342077,28.7867254587294,10.206641491001571,0.0,0.0,41.66786866309465,0.0,0.0,0.0,8.340909370754511
76561198014489715,28.81471662525977,30.36081397928161,18.53477756800493,9.484269352736373,21.753054790671722,48.58757917112749,16.291414448646744,19.413149003138443,9.484269352736373,14.02523761303209,9.08810534590067,5.618333512823718,4.281791848878036,9.484269352736373,0.0,4.806313497022634,4.806313497022634,4.281791848878036,20.08785850627039,10.29771995940558,4.784570814354383,4.5944125293351314,9.08810534590067,6.1904178596209745,15.640526749529002,11.197589010716584,15.276394674222718,0.0,37.88795340906391,4.442062848117941
76561198014916777,64.8837636726052,28.09142410044958,65.87762722784785,18.666971307794306,36.86756336546942,62.929867068432586,18.44429986449127,18.93533742602216,9.467928827323442,14.113808888605487,9.551927540714589,0.0,36.128340497964544,9.467928827323442,22.052156983398703,28.641716247033138,0.0,17.325376145002302,33.03237007597832,17.871222414095005,14.870696295227944,22.288043531050526,8.99305221930689,9.96669753530729,9.383409885307572,14.11605182425871,8.518252909716402,5.038574662785497,10.061004374829285,13.445534742965501
76561198014942184,0.0,0.0,0.0,0.0,0.0,0.0,0.0,0.0,0.0,0.0,0.0,0.0,0.0,0.0,0.0,0.0,0.0,0.0,0.0,0.0,0.0,0.0,0.0,0.0,0.0,0.0,0.0,0.0,0.0,0.0
76561198015886343,40.27967468201309,35.94039625923211,15.04669362411159,63.52366103172196,8.465250928599485,22.532832380317974,29.31053137501206,23.166770373423553,58.244095164611224,8.794097678784405,8.828279046273462,4.736899956665986,11.573699760290907,43.69359314051156,8.896864480829091,16.07648854592945,19.816389885156777,0.0,19.112219453385645,0.0,12.977424660366985,9.580195884324631,15.70860475277367,6.0067717911751295,4.784403646182813,4.784403646182813,0.0,3.6808472824166723,0.0,17.07713948777232
76561198016615227,52.77566489906195,85.86678522256094,35.46700164927003,29.407412597425804,11.732262356138467,30.0122781553086,11.772127284174836,52.23918913502824,29.31366632301119,35.107602395083696,39.87087640408032,5.932430846604856,40.401463102760715,35.950779599321685,23.35069863827264,45.8801943529802,23.099435666500895,0.0,17.711933787987093,0.0,5.782377981793872,28.048295196176728,51.86245401543488,0.0,29.410314744334528,5.782809281862172,11.715240128467027,0.0,0.0,6.119681844908736
76561198017488621,39.57629638523293,29.309028847528346,24.304486103242965,33.98707827575343,39.50917937915267,36.43557768906584,28.58938402404008,24.904426444928504,42.380005256003784,32.7828738869175,34.227477406712204,3.7436043538031827,22.859413648878267,37.73068262955661,0.0,24.15871720791546,36.18239032769684,3.7773481021015445,17.532387393342063,8.816023935829527,17.694708396579447,11.510249701907055,23.20442267292463,4.117409835153096,24.904426444928504,23.618196074889553,0.0,6.619673126509016,0.0,17.85230106237797
76561198017725698,0.0,0.0,0.0,0.0,0.0,0.0,0.0,0.0,0.0,0.0,0.0,0.0,0.0,0.0,0.0,0.0,0.0,0.0,0.0,0.0,0.0,0.0,0.0,0.0,0.0,0.0,0.0,0.0,0.0,0.0
76561198021181507,53.97667774141869,50.56657346945221,15.343876011484955,67.1228203910329,10.12279501947801,45.790048123665976,29.38592911906094,75.5224954619868,67.6339502813595,30.567198541812218,30.97160446630118,0.0,5.021707108063305,57.10039365366072,10.552650324139433,26.08476380171372,39.346126712015895,0.0,5.13167228913909,0.0,45.1540699553789,4.877713239597068,36.715022057978814,5.00071962930888,28.169233768187453,0.0,11.239697887808454,0.0,17.029603196059824,18.15680924979657
76561198021642939,18.727194010630278,47.49153529001208,14.732799543625282,44.10168066322003,19.103459820223364,5.12574810119676,15.558308684301656,48.81180770448586,14.539997860225242,33.79013658021161,10.080919005571833,33.59309413150257,35.361423300324795,23.778280583058017,14.287574314619548,52.88570646733404,28.590297720890245,0.0,21.930778479738795,0.0,13.719356736149281,20.145447921573172,26.356535304566385,0.0,33.76020537671229,4.98579600408261,0.0,0.0,9.935831676049936,0.0
76561198022647651,40.893088535680945,31.95836052665578,17.675543296554252,40.93714285171549,39.467658461079836,28.467596948034632,27.684013886462985,45.03313433691319,26.928070248347005,8.62527249781078,10.25599731915468,12.275503402797817,3.9333930311643384,19.505398241852905,24.842062032509688,39.05453133932667,4.736373871603436,28.703795402308433,28.959780062149154,12.795398668479177,52.395895586334554,39.33376013836593,0.0,4.19675071805349,25.432384604946215,8.268338293152976,16.607601338625113,3.9333930311643384,8.185408582679752,16.096688510493042
76561198023268375,0.0,0.0,0.0,0.0,0.0,0.0,0.0,0.0,0.0,0.0,0.0,0.0,0.0,0.0,0.0,0.0,0.0,0.0,0.0,0.0,0.0,0.0,0.0,0.0,0.0,0.0,0.0,0.0,0.0,0.0
76561198023629256,38.143017222535434,45.271649894803076,17.81227918100434,66.82457682660423,16.024759056415974,17.83972995731714,56.25616232096581,53.85405560999915,38.49597996764565,19.81851270726728,21.073061598989817,10.021647657004241,28.973557919147947,32.10564299649286,24.53792606984897,12.750788073766282,25.11316937737118,2.9418039315284354,8.550601874318724,31.56300303439109,33.348902444029505,22.660702576345187,25.005968527775153,10.443705644322545,14.036516745504947,10.470681879179098,22.38263690122978,18.82614919379438,0.0,32.75768840929928
76561198024043746,66.10710138596586,52.432926699338125,35.74935201639928,61.87331548909991,4.917935038807335,44.46120051201077,37.32551319236243,67.07172924481489,62.852329090225936,29.180931268226175,55.04453683447383,4.611152257665639,0.0,58.92603906665237,30.720885054670113,42.24519194660778,26.81311453273694,0.0,7.533977092151967,0.0,33.80455114858939,31.445000301505875,21.988757053729945,8.372828125906826,36.89847655100074,0.0,23.807605378843164,8.89128458465818,19.492190067431654,29.599420969917745
76561198025419566,46.173069466579854,31.451540647164723,32.25601704116186,8.868202113728344,66.68532221407183,27.505123023856772,55.329606209280556,32.0706395435496,4.344454561766125,28.560377796012485,11.209042068976437,5.56874518683569,9.832037396181862,2.302585092994046,21.29452950900827,41.166452236814706,12.744843098570172,22.516985003860476,25.93914619662624,31.047025919843797,0.0,12.740199682299924,13.477649124337574,5.236508449981331,28.585139733042073,49.840970432825515,27.960679360430603,32.42964717859956,9.463143946428346,25.078855627681524
76561198025420677,37.352488167395364,50.05385417646303,18.395236874009356,53.599430627022606,7.615175118828801,10.920073436749032,4.168214410788556,34.216947897673705,41.373491270045704,35.37008964366401,36.027565863657685,35.95096577648615,10.890630643258524,38.5027554866664,21.70443916353181,15.26928555968921,42.31825099598911,0.0,16.48120650243755,6.2350771702615315,9.30536537475777,2.0856720914304723,10.890630643258524,17.956576563169783,5.517934708085688,3.9908341858524357,0.0,0.0,5.517934708085688,0.0
76561198025710872,58.657579637371676,68.79587661422072,50.94711529269041,31.476558613180398,31.54744508410614,21.810907564546685,18.417795340165014,48.860034414334024,13.674545923772218,47.633982041718504,9.366031285035016,13.620434981655869,22.476512259592546,21.923797357767906,4.197502654324727,45.61680486292226,35.77666818379134,0.0,13.448793264010282,4.14106910239497,18.569970425240008,4.308514638737202,45.52584375896966,4.14106910239497,31.097683943558685,21.98139804949553,0.0,0.0,13.511275694852092,0.0
76561198026512221,31.98695153231996,132.4560769334751,9.844360994935961,62.62750768918329,0.0,20.48808164078967,9.704769895319245,100.03401679264381,32.434766891009346,59.97776586907801,52.72164654437927,10.625090548630586,45.00961908685793,48.56485206717973,15.962315608808323,77.5145501301735,30.183412910894255,4.867765193063229,16.53231514696508,4.808274281964574,17.222462771811095,6.360818768203788,44.08882635914554,9.759767090048262,43.85883967349186,0.0,10.625090548630586,0.0,4.877865516131549,0.0
76561198027570687,64.1728229342931,107.0890179468331,22.659632822066193,59.125241228506496,16.505055093237377,41.30108848749736,5.585486807626805,72.70989781517883,21.351973177765093,55.28851381843097,43.44674053630456,16.11102849974228,59.227253425073314,19.99995501391236,5.903998521326706,46.183153473894244,25.933468787518922,5.004080525125581,38.07293910878578,9.800321826564364,32.91569318459412,0.0,52.944257606898304,4.6659830253846035,42.6940505261591,16.505055093237377,11.590518800610493,0.0,11.245444830475162,0.0
76561198028531972,81.60692097932326,50.246298049833825,37.7536886982949,32.43158439113238,0.0,68.37838691040086,11.532938054536514,70.72446349013126,9.350391802880276,33.06461537870863,32.288603628253064,4.482663511495295,55.76796090971351,9.350391802880276,4.761147767442444,13.722063838971675,21.235953559535567,0.0,19.239000851872905,0.0,17.27928591727246,0.0,34.21053186865175,0.0,20.86513138870712,0.0,10.54860200150215,5.418630532058045,39.50441066857923,0.0
76561198028843852,38.58539878472574,54.281023957273746,28.27452125457323,31.79168505374663,0.0,28.544708548861173,4.494462064003669,25.611450703073395,15.142150714548034,33.73072502752753,26.80317541717511,4.248923721667427,24.79280786356694,7.798851272221736,2.785011242238338,11.132781727840007,12.357139472309697,3.685122405236224,4.248923721667427,0.0,18.710818685162195,8.087550978320822,29.41778067685121,0.0,8.210929953380097,0.0,7.934046126903651,0.0,5.425918711141758,0.0
76561198030076768,41.74507885219201,52.02291360060197,36.69766064483988,30.444594873675182,38.66565976272106,53.20578356879266,9.653601717615338,37.589574290441234,35.58438533199498,9.96458790117661,25.69362721801047,24.826772679454916,17.891448034546322,25.496189656115064,5.608482294801877,25.136889573662625,10.213921150008108,0.0,50.745621828246016,26.123420990841648,15.914872078887,11.213364820803196,26.78073445204608,26.04062449082954,20.225617903853244,33.99642437761846,0.0,15.926769288359607,9.363946526433551,4.948405217560121
76561198030700598,54.12720793675338,88.18431723758928,14.363495221078495,69.64665829106758,4.885827643502908,25.307585253880738,23.10485444624928,67.38065129523892,56.936737707296146,42.64130191143615,30.813844860341085,0.0,28.659080157494632,56.026832091926345,0.0,36.94775402006121,40.28428710656537,0.0,18.471880377946878,0.0,34.65955690931487,4.557239652230542,35.41262409861858,0.0,28.124407767270057,4.444062025593334,0.0,0.0,14.406187851991778,11.91509019949877
76561198033159937,13.926141783495702,36.97180007357408,10.238153501659,20.65752144005714,17.361755574691692,8.465202306400492,17.379605438360535,22.234321669484103,22.974389847108455,18.834582610213758,20.335365298580914,5.491537649210889,22.21646601459342,16.45163550310213,5.184196367443337,40.26412653851142,4.300680995219929,8.42906773953011,20.60370049595874,8.42906773953011,32.60057963802093,0.0,20.15309487799849,16.336942569801906,18.028435732529097,6.794116145491083,13.660604072387795,4.300680995219929,9.437422269812693,8.42906773953011
76561198033904301,61.78756946566689,70.5159571254157,35.55646301398429,43.62724686942457,23.03825612398343,31.625803947694255,7.94301426386502,50.58335368326883,13.851770307665607,55.51845360077909,43.659966379100375,4.25731339050024,37.43354547153408,22.135990480891955,19.909528784638496,52.390355198993355,26.677925341298685,3.7653774250866614,20.570116700433857,3.916413353729439,3.708682081410116,23.88197955909038,28.31953207757393,4.2287297569205435,29.65725015625465,10.573227775197417,8.022690815586902,3.916413353729439,0.0,0.0
76561198035576206,55.24311125723046,55.749828613501045,51.68446120529384,20.068658455157202,16.07035581928454,35.51003882296663,13.959861135432213,59.78383336800224,9.66140904863714,33.149301798320714,15.771100977109771,4.127940511650616,69.69792879287192,13.95896652668457,0.0,45.294978230925494,35.37554643369978,0.0,0.0,0.0,13.780641148479088,4.297557478047431,41.22909220919426,4.422688616392771,48.18662152444327,4.390738575275903,4.195998215948601,5.436687035812809,41.75135590749624,4.4146148242670336
76561198035678145,62.85893064722386,33.02663952426208,60.52846149953619,84.58141310642068,6.42441835510852,38.77742534243031,38.32410268587708,24.83634779532405,45.92133628124012,28.334674857538538,8.441713863999958,4.050044303325521,8.441713863999958,54.08106618948847,32.588047848948825,17.656446953196177,66.71706986316181,27.487774363413923,9.781347163388517,3.6301904577652566,6.276041804606284,17.952899718912768,8.441713863999958,0.0,16.967092544216513,3.6301904577652566,12.138466583977642,9.90766312269659,2.8075938314384716,30.20442875459753
76561198037116274,33.63786980680312,79.82720861617884,19.94620190831806,55.3337906042545,10.149754818070353,18.78191851485486,9.898773810288649,70.22582277499085,51.34182367337845,23.47118769976066,23.41496037326229,4.668895876868636,12.654979556661537,43.45303565268716,4.504244267398131,38.91332867649624,5.053247684900132,0.0,6.128875902930942,0.0,61.28944052756704,9.344681246881503,14.964046622751084,0.0,43.78967038280912,0.0,4.6257568195964796,0.0,14.316448251034998,4.876341706312883
76561198038492608,63.08556212258085,57.44216788166118,62.351654866745086,11.403817195247203,8.17098555924161,59.52015601894285,11.683461210304966,45.795374529928296,5.685134680283718,14.513376778198433,42.13813129249168,10.863187603860823,27.02017535207256,2.847812143477369,5.921788585225043,15.60206838675107,34.842219856268734,12.00733464207061,10.6998212450444,0.0,7.228680498909115,3.087399462079815,23.097672479151253,4.759177998467439,21.04703053426879,8.17098555924161,8.80512548256071,0.0,24.06256543511896,2.8081971497071487
76561198038973945,12.906518685172157,32.48702259790038,6.32814684380789,38.5720395963653,7.26226700360018,1.0715836162801904,19.74622396960931,32.74834121211599,7.787666600097673,10.165914543113217,5.956758810092968,11.927554815655421,2.057962510002712,18.180865472867936,17.07121930136011,37.22261966865215,15.205185303144116,5.718721003802289,10.955622903882091,7.065124426461473,14.367072614233981,7.609580399566091,8.977726215791987,0.0,21.6177624631574,0.0,8.994843566437808,8.013527025936078,6.483679958128905,7.984029214770439
76561198040275236,48.71911884271852,66.62691073853554,55.418983829188925,39.686811359335685,24.44516067365376,28.19350218909235,13.46218786350347,37.70033119424091,18.806809886818044,23.74940759431092,24.625073552642128,13.437906656010998,32.91867020411684,19.61934468790587,4.875044639789907,36.9999668444995,18.37694899249215,4.368181227851829,18.676780823188533,8.989599880998268,9.748040178197137,9.216509662707665,32.70211099679437,0.0,18.85984752400901,19.81891416206375,8.816355695796489,0.0,4.341465022917759,0.0
76561198042424940,41.31936834711096,71.76668312974303,32.30828343805105,36.43478927121712,3.6938669956249757,33.73265464840499,19.282827044426142,38.60181165908598,25.552397596341915,36.08089221292861,38.90368792153277,7.883194343493904,20.924486141156727,20.974227277806214,4.399620943074833,32.086058787381866,34.671439256446746,0.0,7.767158148649244,3.6938669956249757,29.7432326982983,5.630853294633443,38.38676486836895,4.456438132187692,25.868382796941077,0.0,12.092061967258028,0.0,7.635623835070335,7.768102933489814
76561198042752440,35.19755480374645,29.203089317564874,26.328173915667143,48.20991236908332,23.940347950472365,33.751313899128064,48.9894176644765,31.84190035482619,46.07538865301344,14.058241361971454,21.616130213330234,11.144425055010736,0.0,39.18992653012124,27.318351737597972,15.272782691143465,27.38586222395167,3.638375321940168,17.450343584293353,7.631066661016797,13.761433217055295,17.043037666342364,7.344268371212024,13.884689822029049,13.761433217055295,0.0,13.427504890688262,11.348323462086663,0.0,17.4911426263139
76561198043309202,29.469187695921047,50.10176096927495,32.1601625486041,16.50193623854626,8.858720880248903,14.54393530546989,14.96746014725775,25.86395216823919,2.503073953743449,48.37657897385866,42.08769425414388,30.20475043181891,66.48331805678406,7.89232101065501,2.503073953743449,6.644969505692282,4.972210424175723,8.891503585901464,13.110275726498617,3.091951131294534,4.224348908792687,2.5817308344235403,50.43445745530434,12.655172347346738,10.86931841448497,3.379973745210529,9.113652377721312,10.494724648404464,4.224348908792687,8.6692346916873
76561198044169133,39.11367853420731,53.30675530881366,15.09026772712544,82.57027984098444,0.0,37.46879981385311,22.292616388359555,48.79105675203458,63.390543541804504,9.18451295724135,34.92621217266373,0.0,0.0,72.71039738827749,20.10399369050783,19.658773367970625,5.649396684129609,0.0,13.898272594309859,0.0,72.39395614918605,35.291776282714466,5.127529045567755,0.0,8.740399844739475,0.0,10.028532357606132,0.0,14.657223738635569,9.785658155805088
76561198044695535,17.73459229118572,66.8266863838369,11.861188117868636,22.901323348015563,0.0,9.190493703310196,0.0,49.08678017472707,15.668693356983436,36.787911920128934,43.033008913066,4.043402083484526,29.017351900402534,20.206182764330528,3.647275904258861,52.97589195674692,30.339732090823354,0.0,25.612866179506433,0.0,8.196502961197016,17.8334742676543,32.66630608438144,5.290748797048084,40.19375192370624,0.0,0.0,0.0,0.0,0.0
76561198046112241,32.36117037097864,56.600646102104655,18.424008203888235,18.33099237940869,22.70884313035545,18.73913871852845,4.802134019518916,69.74391266909402,18.319109667364497,42.69216442430506,19.21140288424955,14.872683002721038,42.94454822892769,18.33099237940869,13.578778389835623,47.182801739372614,22.916656809622612,0.0,28.869204197728312,0.0,10.618754174504604,13.996379394581055,33.479962446290266,0.0,39.77001061822992,14.444882798446816,0.0,4.375379591952088,40.63194949792978,4.802134019518916
76561198046544865,45.25748984826202,37.642551309252205,32.02559857561126,36.17537470501395,0.0,15.055653265915772,8.709760253316936,11.030735158815567,31.420373744040774,22.33530206691408,31.45235417675223,17.029460369668136,3.279782759771722,19.653175974206977,18.441638290366335,16.550405797358493,37.16419272253265,5.5836184817694035,3.119276459645446,2.6004649904222727,24.941344519633148,14.038282638847885,17.495892651875277,4.2034978761186235,0.0,2.9871959425317045,0.0,5.499135551133133,0.0,2.6878474937846906
76561198047089807,34.395353194244436,39.58701409210738,23.657701778984926,43.47109166017151,12.511645231588663,35.916116485704606,15.386121262854068,9.632227497592263,28.350322196730446,19.855631161475426,18.895698798970045,18.21918680630624,26.84320634819598,33.08364028319509,9.80187339937947,9.80187339937947,9.683972815354469,0.0,23.44185101787366,0.0,24.24732371565927,9.587753434914017,19.051831530079824,12.978668264374422,10.38709124894029,7.245747787974898,10.922649902530662,0.0,36.189930545809645,0.0
76561198047338373,0.0,0.0,0.0,0.0,0.0,0.0,0.0,0.0,0.0,0.0,0.0,0.0,0.0,0.0,0.0,0.0,0.0,0.0,0.0,0.0,0.0,0.0,0.0,0.0,0.0,0.0,0.0,0.0,0.0,0.0
76561198047882234,52.44604646245977,67.97377707119973,21.320167861381456,69.86708146046169,5.538711271268774,30.9409875245407,6.608297477317535,69.03196960169053,42.664455732365816,32.82713446781245,32.752097009463505,10.1254191697548,30.946455449809413,53.007416779534296,0.0,20.91031981290901,30.878021764789246,0.0,17.009698474262965,0.0,53.45104626647778,5.157732585734163,16.068418130649754,0.0,16.784355666269622,5.538711271268774,0.0,0.0,5.1112646353781805,6.608297477317535
76561198048967211,34.38797088189244,48.88186907054281,24.089574404391865,52.5622371729314,0.0,31.86308724488803,0.0,62.84029379802294,52.94814579313267,20.702440657345864,33.28437928822725,4.6613614656378335,8.98965679244878,48.35227944500803,0.0,19.493352464817086,29.989651622799506,0.0,10.17430489653752,0.0,28.58304377362206,18.430784448265836,20.136333313101563,0.0,4.86267651592981,0.0,0.0,0.0,17.653319654559297,0.0
76561198049192663,12.001294890745417,26.167217165057572,5.371660760772246,26.42471331509467,49.225019607061604,30.25909361548529,35.29728849437537,32.09185755072402,35.7427309060979,15.795571810767608,25.577184046802394,16.580550286484073,70.62762153893746,31.06496102769546,15.009975396299701,42.267817154483375,0.0,0.0,39.574990740913584,10.025547075416542,6.885069900548754,5.752826574835123,26.458888705362565,21.221711914996128,47.14850863267434,49.98155409945676,26.913310875818382,21.07157735856515,4.61690110886379,14.244575829990191
76561198050935092,70.2937010619514,54.12580602894861,29.77702201805677,68.40969529507862,31.51605425668351,47.466103774260354,18.54530729294558,67.25169639679335,55.96383356006659,51.82881880804895,34.07049379381284,17.349122915469586,11.033714943668206,61.55143760501329,21.78682462802262,75.93636508023675,75.72738529256743,0.0,23.064019156172513,0.0,0.0,11.658317065821969,22.76227579757562,5.774240938304763,46.934435022052966,18.00760550103692,0.0,0.0,35.78389277612007,5.148250005283415
76561198051250642,28.685857303663113,3.7630588522881876,19.183250165381487,70.87552124383744,9.841968117368612,23.492976019530605,39.669702525742885,12.707928131600326,70.22650221434112,5.705015048058747,3.112181086197238,0.0,11.325951539472554,70.87552124383744,15.510226923160351,25.08751367006522,25.69842096336635,6.571806905120864,31.861518750105652,6.120335879749787,18.535448720580007,10.063985448160093,18.755641566759568,0.0,9.468073900346933,5.8187615829798505,0.0,0.0,0.0,23.817690035989788
76561198051389016,9.172470980779499,13.974057266803856,8.685301940909495,1.7649924064529732,12.841747237195344,13.019110379959965,8.466864560433399,6.243622869210312,2.2657676943654623,4.019082077721554,0.5007752879124893,14.435661827521303,5.34723261039468,1.7649924064529732,0.7784070245107688,9.306974038086006,5.567205783145716,0.0,5.084792315047066,0.0,7.890776169833416,2.242510832201195,2.541346055203332,0.6780335427498971,12.571051190360983,0.0,3.407179453339703,4.381651564343798,22.803505668370075,0.6780335427498971
76561198052549305,51.92526305647164,46.94235844442929,16.344819183386694,5.251382979358823,4.919469846344143,46.43862796606898,11.58106169564519,90.67669745816279,0.0,36.14053523430632,10.94431967352719,21.28487099400141,5.782193081947429,0.0,0.0,23.734943436209235,51.77449438208498,0.0,11.6663866823157,0.0,5.251382979358823,5.154851071522756,11.899256372255454,0.0,50.47957192607201,6.851449442771043,0.0,0.0,93.4473689983719,6.472392661277568
76561198055294662,0.0,0.0,0.0,0.0,0.0,0.0,0.0,0.0,0.0,0.0,0.0,0.0,0.0,0.0,0.0,0.0,0.0,0.0,0.0,0.0,0.0,0.0,0.0,0.0,0.0,0.0,0.0,0.0,0.0,0.0
76561198055617328,0.0,0.0,0.0,0.0,0.0,0.0,0.0,0.0,0.0,0.0,0.0,0.0,0.0,0.0,0.0,0.0,0.0,0.0,0.0,0.0,0.0,0.0,0.0,0.0,0.0,0.0,0.0,0.0,0.0,0.0
76561198055682730,71.36224002155537,52.840973117801695,25.85479324891466,37.96032564922155,0.0,38.96055485637135,13.625535021336592,41.526327860275416,37.947802123030705,25.60846059715175,25.322849585794874,13.002521612994432,57.55863653975214,31.793899899725904,6.636890991456515,13.314212059340928,24.353465537748534,0.0,13.423433424394155,0.0,43.716294997534,19.20138670865938,59.10819839221263,0.0,6.629125444449791,0.0,6.9533307577734265,0.0,14.15151034914357,0.0
76561198055895597,31.657460760537152,15.275328449477641,5.627800953633573,47.370404594729294,52.33954543400583,15.389347027878582,44.188322158755355,108.88593956035217,0.0,20.366475092995117,0.0,27.85717966683753,0.0,0.0,14.619212644746106,9.558602695848283,10.441249635438528,24.01832605964013,14.953906629411694,41.64143564900866,54.200512556307395,0.0,5.023683132945513,22.77278237729418,106.06307152607073,37.83877349327004,63.85996993770752,24.26693582167121,89.02686055062308,21.255270535785048
76561198056078990,48.958193777325555,51.44073476302733,16.21718178932705,52.437207153034336,0.0,45.556777261259064,9.099773549213204,62.0378575289009,44.446306292853365,15.024837709545169,26.032384033310954,9.554531129740038,4.073291153024268,54.87603630172236,8.21565773576923,23.706221183463963,6.43955801727177,0.0,14.12844962600506,0.0,50.02365857579491,25.902816913013947,23.197337172973725,8.96736681174092,18.167572221133334,0.0,0.0,0.0,31.90385058632968,4.078892457663179
76561198058903842,24.98933450152353,33.469939976822715,20.91805937471679,24.772509775373543,7.0427288779082655,13.76754634609084,8.647108521030347,29.191423773020105,17.39188588969253,5.029784112935016,23.342452877557477,10.659801432857448,12.601920949553934,17.09914554792873,10.97528319548098,18.228488529594113,12.806511510846423,5.3316227725642,12.266364576750053,4.362698544767023,13.864644998938646,8.601495828079008,18.43781297316051,9.39248265770204,9.945042224982346,1.2725655957915476,2.7067159780890733,1.2725655957915476,9.977841030265175,3.4863225364081147
76561198059495299,58.57547134673922,38.62000700419356,78.24326967556226,16.516330529663545,14.544588711636663,31.560715379174738,19.114662076292003,10.592796918096138,5.838517309520205,20.79976538413364,42.6503505403019,27.44208086044629,49.577599633989664,5.838517309520205,14.0300449212038,9.275765312627868,10.29788820805459,0.0,27.491161208644485,9.999354413728248,16.59196337975361,28.983318949513695,32.8605621205595,20.964241691478037,5.818657582682612,10.539653334176293,6.297330289993392,10.39130450021949,0.0,4.771362360852162
76561198060883629,26.667953519401046,22.65031001721059,3.901972669574645,7.8496660371680225,17.19297457720531,23.151776431054707,5.137150463826479,41.084075984852106,4.034594557816327,9.09759263788434,5.195619968309694,13.867913740306257,27.000611443943548,7.8496660371680225,0.0,28.39967733587173,4.282482504337495,0.0,20.237494856040733,0.0,13.188435475261766,3.8150714793516958,9.419632968163974,0.0,42.50289594522419,0.0,5.137150463826479,0.0,51.208477209548434,5.137150463826479
76561198061178161,30.590025935582613,18.807744446864497,27.50985651819255,20.709162936589742,24.665160176460965,40.313497192862116,43.84726043849642,11.434454227465396,24.778276053888,19.922369340756724,19.443273363604362,3.589611452455267,20.576372860143955,17.119551484134476,3.675540889674756,3.675540889674756,11.334265459428284,11.247619188961728,22.66670345500407,20.12528223851026,5.703615794099102,3.675540889674756,16.54993898471797,7.5909265653621745,7.513867991376763,4.761147767442444,15.406790780141083,20.05698904115102,7.513867991376763,26.776895081793846
76561198061442799,0.0,0.0,0.0,0.0,0.0,0.0,0.0,0.0,0.0,0.0,0.0,0.0,0.0,0.0,0.0,0.0,0.0,0.0,0.0,0.0,0.0,0.0,0.0,0.0,0.0,0.0,0.0,0.0,0.0,0.0
76561198062256620,34.509295151326114,39.96328790971739,28.250215297970986,29.563972827575892,10.06260178211541,26.838880621770627,17.63458450362849,11.264924653449473,24.22058394804703,17.151385158736048,37.79954548055071,28.050307078858367,46.761016609246866,18.713911847658224,10.351488909790124,5.233405442370894,7.670414529555482,0.0,50.6392834316959,10.33778192499311,11.043497318102741,5.443629097708091,47.04233796350406,0.0,0.0,4.823662939086874,5.939960704240867,0.0,0.0,0.0
76561198063490669,66.39039142670049,111.79314631091505,38.34203643816206,43.78842542989013,0.0,43.963958807701246,0.0,95.26180824235662,32.096519688659114,38.25194124832038,39.17934670672662,20.024191259357366,21.570241757666523,11.647870700397815,5.299716387461744,64.40861384771169,47.27156529199708,0.0,0.0,0.0,36.33378216809645,10.189701109747027,33.475218945751124,0.0,72.81731422955203,0.0,15.955627077145383,0.0,57.053846869743424,0.0
76561198064339088,45.37431918721525,38.67792326823061,11.164039881115263,29.229764479602967,5.6304570167711345,26.759440721326783,26.927651242083893,40.14556987678826,22.580160524421416,29.911641006414484,18.062904979800656,14.700585877873769,3.2315945972759756,12.915880876755967,12.439849088486223,7.446791378930764,38.397186043099374,3.2947251371516386,6.281921079683343,20.471182201958513,20.24777399221437,12.84348346626038,9.394516458067146,0.0,8.36217488531013,0.0,33.66933096879497,16.196008769973435,7.109167199668986,16.673355524411427
76561198065931138,44.07771462375093,57.05076184269104,9.195522560963449,64.80425681211173,3.586292865338835,18.07102897860085,15.225311480848392,42.47332115416778,10.903120919789874,38.83641303452385,35.283682209547365,38.23315867188533,5.591928701131872,13.918655820640044,10.06953411923887,18.931829719815376,3.6035938598315758,12.098703876087948,0.0,11.590765514776127,57.909320525422,0.0,27.16694472244884,4.605370165990758,14.002000526894285,0.0,30.033137211043723,3.627801604605346,24.901623058285338,0.0
76561198066122279,26.949803024929007,72.23477497571326,18.0681620929933,54.00136412263587,4.518740457989703,14.224629620106079,16.19148707685698,60.51178713287708,44.5142113073397,28.183953069191944,40.44499322171629,19.454568960689606,17.747752382839366,43.629940570952215,10.870012422689978,19.410157994921544,9.18969926245201,0.0,20.45333761416318,10.620359013589578,53.23598448276292,0.0,31.81338340816335,6.101618555599874,14.316323237591018,4.518740457989703,4.518740457989703,0.0,9.275601157218226,0.0
76561198067067279,42.186033640410116,85.05890202512307,26.35865099265851,25.726332538844332,0.0,29.835979857515852,9.756305955473952,94.6436050010545,16.214105983296825,37.59534460790931,20.323286176446803,6.001711863559532,35.78082584883155,12.03442880211128,6.088432443050445,53.90744205162508,14.806405260854948,0.0,21.700728104764053,0.0,21.71305717994006,0.0,44.2207432837652,0.0,59.4461147943331,0.0,0.0,0.0,47.74830633203469,5.091170188318427
76561198067362761,52.471125338871545,77.6261439906444,36.93539215071029,45.35114445663355,3.259249719006474,29.50167591833064,0.0,43.89539099620316,8.507072226805958,45.98125284402979,30.737549993061037,17.279329473103456,30.006805032221227,13.645338205205768,21.23792415645311,30.937275866441194,26.39823029455131,4.011506283913096,28.961618435053715,0.0,25.075153878832733,22.677995584200158,24.927785302504407,0.0,19.135674147531414,0.0,8.848544567354091,8.766291620182884,2.523325759691945,0.0
76561198069077998,40.057863172809824,43.60594994809878,28.868695181947416,38.965034280945666,2.3194422100604686,16.531403444121207,8.74266267565005,21.789135242030838,18.869566265442078,21.85785426406973,28.37743618430153,9.156066800972821,8.260164790873066,11.653063554881728,28.047477250734868,27.214065413636312,5.278672666780649,3.5931942039795284,7.638844410716127,8.74266267565005,18.79071095725031,25.71309056326394,10.887004936549733,5.286345994766816,7.769917796614872,0.0,8.004779640894954,0.0,6.970361935269882,0.0
76561198069752493,0.0,0.0,0.0,0.0,0.0,0.0,0.0,0.0,0.0,0.0,0.0,0.0,0.0,0.0,0.0,0.0,0.0,0.0,0.0,0.0,0.0,0.0,0.0,0.0,0.0,0.0,0.0,0.0,0.0,0.0
76561198070374664,32.8609299738399,31.554068722823445,4.088996955895506,53.471295655519576,3.9693480720474157,23.278354129078306,18.689256115498285,21.420705405065256,39.457530619687375,4.313747793920587,32.2002360503248,22.227872085766776,17.828539196708263,33.666959014958785,8.823444189290427,21.544924263827653,5.707342795850958,0.0,28.877529255892778,0.0,51.63123318055902,23.987228235098595,23.731227173425395,0.0,4.313747793920587,4.1725394098071575,15.35862536367156,4.3766371373894435,10.465298170069918,15.081880385016007
76561198070384606,24.746152342181507,15.462381107884244,17.673664831562153,26.764346322231056,46.980749117621265,33.36369262596412,39.742015404364494,28.96956702078643,12.104473856365786,14.513378282165245,6.821623151702804,26.437137739267786,9.877882599329595,8.487627605151681,14.82699765742415,25.857351820755063,9.603318755412214,6.391799183491071,29.017937120079175,23.967738693506725,12.417083267230483,7.159253801427784,10.305066089702674,4.3965457207730845,17.811138328150168,17.841318387316836,22.739038369032613,18.79755452483993,5.816687260606757,13.749296844178357
76561198070394564,53.573248643765055,78.71078845386239,61.766918569412034,25.437207525172628,13.876004952675645,52.77266743496383,4.09150720740194,87.41232955349584,9.530323144424079,24.33931612616337,36.06558695338049,20.280088306951946,31.404853703355798,9.530323144424079,0.0,26.477547418485365,15.484007939695182,0.0,18.801958298931048,0.0,20.729819250882038,3.949318790171843,64.02725937308531,0.0,31.652272250531595,4.09150720740194,5.918490547149309,0.0,45.48808764507064,4.09150720740194
76561198070426327,27.066852678834575,53.27105715160614,11.11209971985555,94.41370787348173,4.483906098495052,17.840890025562928,53.30907440458432,44.013457881759635,94.42880564013916,16.567633784688418,25.23316778529079,23.973987624753686,14.842246577645616,84.17532874836469,10.83531807400476,46.437649445556836,38.10047649566838,5.117814155560866,17.41183605634518,4.483906098495052,28.52001256232259,4.344065128386763,26.333899579640253,0.0,39.04980579650443,0.0,5.609361899036709,4.071246510976124,4.219066431358547,27.0196587372447
76561198070463763,11.168296854152283,17.81522240421858,6.736568715093745,11.496416027088394,2.8413915756744466,10.811621910213551,8.18715606550964,9.927197771903867,13.430873022082402,0.0295588022415444,13.711969284090305,0.0,15.121334653750163,11.496416027088394,1.9572739077056285,5.2687134632894566,3.2012594843045434,0.0,15.911745106297587,1.9572739077056285,8.801217542554024,4.749884886660665,18.037054617259145,4.243432447706897,8.873091742520039,0.0,4.086480387165299,0.0,5.444131358271533,0.7275486072772778
76561198070682954,0.0,0.0,0.0,0.0,0.0,0.0,0.0,0.0,0.0,0.0,0.0,0.0,0.0,0.0,0.0,0.0,0.0,0.0,0.0,0.0,0.0,0.0,0.0,0.0,0.0,0.0,0.0,0.0,0.0,0.0
76561198071154203,30.413114058222522,28.088491631129255,21.73868412896254,25.3416860195138,53.262938890827314,21.59148681550692,29.020952630400394,32.40333753352338,8.347595146355319,19.25927717554243,15.564126748575589,34.24198535592801,33.305046050436424,3.893247850101812,11.063906484158359,25.46325130150057,18.146774998418792,10.561460380891281,16.233044506504424,24.76413943750477,19.572797561054745,3.8093256071898036,23.57085790964052,18.01296438376328,41.75580977836447,35.02835094667427,8.842094586150964,31.814272295481757,26.834178445760053,7.2545808769685545
76561198071193898,61.82394563623671,67.36954052538316,26.271472809008927,11.81262186265375,28.78227730272112,31.0418652234979,21.05966622580124,42.24063490916465,0.0,53.91936705398409,22.873665024917184,8.979107061621106,70.23151234984216,4.519394408966687,8.729898695362913,37.417367504726926,7.854177464635622,0.0,41.581765467962626,14.582935037644178,19.629983126168394,10.355426111558703,51.05633662952007,5.519859636495273,24.4689910461608,12.593281444429872,7.506128705835549,9.988079652934683,13.498130050422736,7.399904010374553
76561198072888615,36.07210749142486,48.51347899984613,18.458960530906012,17.679427472312028,95.01227197093374,21.714450048292488,24.770946408725205,44.56578642284076,12.576395328949808,35.446224029982005,10.273800188963286,12.856981908790821,63.40467229472791,12.576395328949808,11.245883107267641,24.403651403182057,0.0,19.17639700018773,45.34581817576415,60.25731107025829,13.447531418825779,0.0,41.71815052455408,6.700386646783289,36.995445204151174,52.225322972613924,11.24317495805148,33.465903291692534,14.620973836337503,0.0
76561198073067799,24.730687774536687,39.165214905886145,23.04972753532947,36.89011554988255,3.5854614949154477,17.23493335322736,9.545822296972096,14.347835643356106,24.038010730774577,18.874142337526717,31.081507338808716,32.736053351541564,30.524871543804473,27.73312073463915,0.0,32.84287026223161,9.65547080592122,0.0,29.881115442953096,0.0,36.51398264341363,8.603027525963116,40.97412140338318,5.6051400825272015,7.319450274314837,8.936630051764537,20.165607891596892,0.0,3.6144252681889886,3.5854614949154477
76561198073458595,40.11701360711293,70.6948118318627,26.167984126969888,36.73402207581609,37.50594632618704,39.55505944377879,45.595992710634285,73.03879191697835,33.53844603933879,32.49235631873988,36.35829992282464,3.9243467551169777,8.63939142572225,28.304546488891248,9.246619840831158,39.428986883133874,22.485008946654855,8.062359167694328,9.246619840831158,15.159843941105944,10.980361220281186,4.392224459650327,44.410311568042566,0.0,41.22289878486343,15.159843941105944,11.590789764712117,11.718511305021604,31.493726613324228,31.77750981923294
76561198074367777,60.086960717015835,46.65525846687825,20.034815367355456,70.50278713240338,4.135486505553276,38.47513029462955,22.262318831046304,30.360744800646042,54.99209813982782,10.422971714734775,21.83125637922443,12.730381621080326,32.774411883813876,55.6963011158901,12.545944436783305,13.391360702527626,0.0,0.0,36.150328488732086,0.0,37.01335356182674,23.86007126083619,27.35765014334014,0.0,13.515643474314487,0.0,4.103139109903596,0.0,4.103139109903596,19.018575926801404
76561198075247829,41.58824313969774,51.21191455641245,9.196526356296403,40.031556269041,9.642966069104219,24.036564646516787,0.0,20.167824114496444,29.464429715922634,28.80997198618402,20.807288600319158,18.6571156909479,31.277529948709887,29.64930291247897,3.8010914447208646,33.20699098403598,31.72397669855465,0.0,46.27476950209073,16.0530904844288,16.86017999551469,0.0,25.25074652147755,11.33801701904692,19.95020960466138,0.0,5.512016459034247,0.0,9.567956248099351,0.0
76561198075601306,35.22326032423833,51.63047501212933,30.807189170781772,36.17820307711461,23.282645862153423,24.655853960276442,18.771418645239464,40.09302278077994,32.36094127001492,30.67380211440347,38.60997209091834,6.196749580120879,49.17283810720818,42.141285527544845,9.88724241187394,34.77118011701633,13.310277176517546,4.7641378170837365,49.54650738304066,8.799068939745965,9.048485927541654,8.413428202228825,35.83134028774951,0.0,35.147601791667284,12.780075973363918,0.0,0.0,0.0,14.192592434590974
76561198076111958,60.76706204102142,61.935435108483134,21.8993333919362,53.110358579342375,0.0,32.310543418021325,8.98515949672623,10.193714858132187,30.313175977686594,37.80536134216513,46.49136548024223,17.545222222344123,41.48348876255322,40.19814471049284,4.17638527255831,15.644369608510203,24.920980046392195,0.0,52.7267263452914,0.0,15.319123777493623,8.347227805753135,52.03859206985467,4.381151251637927,0.0,0.0,5.8886009116487426,0.0,0.0,4.17638527255831
76561198076319546,53.06892770364393,55.97673149484023,5.15779013141106,86.61829241296145,10.787860777009541,17.75833997850069,26.204206618110952,59.19760608644175,82.93071049070325,23.876406321049842,31.693664948735336,9.905861931466156,4.879387007486302,77.64716577028899,34.92506330557325,51.69843657148437,10.316098024950758,0.0,11.749270376809193,5.312811812698489,43.098816411831415,39.980276849733464,36.85204809316288,6.231622528581321,27.78797301338312,6.122536668201702,0.0,5.312811812698489,0.0,20.271104081335828
76561198078014024,18.157994599274627,4.070734696582967,16.05394347118353,21.92215492067318,29.220086580022365,18.905128696866463,16.180683962530022,12.053278041150175,25.904077053480993,12.18031909445955,0.0,13.081972495025212,38.55721147221685,21.92215492067318,0.0,19.768131071697365,32.15520945369195,0.0,43.10534562769699,7.6480445997991335,26.051006964014476,5.635789103502333,21.44072763567107,3.8819760840758493,14.159016637609673,3.8318969609488613,10.560366883945509,10.560366883945509,14.016681347653005,3.66612246699132
76561198078165637,0.0,0.0,0.0,0.0,0.0,0.0,0.0,0.0,0.0,0.0,0.0,0.0,0.0,0.0,0.0,0.0,0.0,0.0,0.0,0.0,0.0,0.0,0.0,0.0,0.0,0.0,0.0,0.0,0.0,0.0
76561198078169237,31.847727566440312,22.56167252738402,18.76127128419563,56.58875994042185,31.36265112361346,48.34670063596679,30.15364863267074,6.685985783221071,52.87299488653108,26.283825837149315,5.139497469539173,0.0,0.0,52.298574509413555,26.50679589809628,29.49270661023934,5.8650506222523235,0.0,48.21767495802004,9.442604000667618,13.872145227674206,33.81298726096819,0.0,0.0,6.685985783221071,16.902568630367593,0.0,0.0,0.0,22.838463510270856
76561198078272251,68.7904017387411,52.06191831499393,60.60975115319642,23.882250619055764,8.57177606918653,38.50872566135774,8.965374435026467,19.014089635787727,14.510886129256303,27.71451718898907,23.946719404606736,14.224141002983599,76.73897209880644,14.510886129256303,9.141476510024287,23.201882387965934,18.9195449246504,0.0,23.250492983551666,0.0,22.719353665054378,9.119265561319938,59.146921162745,0.0,14.549461233801365,0.0,5.114274328855742,7.604829737679972,14.549461233801365,0.0
76561198078817922,25.621777802556288,81.02006784572615,6.864325721054801,64.6580209810881,6.864325721054801,14.084598943848459,19.04657476369494,46.21662343934632,33.75723478834704,21.075092405541383,34.61957419148495,31.00967921081968,24.379406505221972,33.233357504089696,10.35008591871702,66.2228432954473,8.816984105044888,0.0,38.81401885166081,0.0,40.00129086500697,27.84247199192129,31.94561554249664,5.63700144096585,46.91091123215844,4.8004902285677025,33.21365196770773,4.343805421853684,7.986812405731984,14.248326305319466
76561198078883021,52.23282904225559,70.43560425958505,22.44954748639552,22.669034073326493,13.306385297960116,30.732358190025185,9.224401548643248,56.43336917363388,9.462916193255221,52.20060469712463,27.911883223785416,28.490879646640348,27.694917828753752,5.005086595165839,22.669034073326493,43.39295152364359,35.94469191533447,0.0,18.387927356350353,13.162881487276321,8.503158970825753,4.045329372736371,22.9734240151977,17.03906089737313,33.63993198335787,21.605033722424874,4.7482310288287435,8.942506402910713,4.17638527255831,0.0
76561198078942414,38.459709815043375,13.553150119381964,36.260086616509454,43.31679065684294,46.97058161769026,24.285807413943246,49.13243843391735,27.478274813248824,23.432785422491776,25.09989441299782,5.291796149557771,5.383485378917915,11.67505142666627,23.432785422491776,50.918535628301086,42.24695441140965,9.519724854229338,9.82724118795786,25.563796907690186,13.516161483558289,26.09300397869029,31.426326065621364,10.915080820549033,38.0312728705953,15.068689147577219,27.609184031359373,9.690923156600725,22.847581240432394,4.302712827954156,41.714568880742405
76561198079488752,40.925738609926206,52.114356212053956,33.200438898510335,77.6751167386331,0.0,26.874619402538933,24.243886823555567,33.87658981235367,50.225528936831,39.36556031090677,43.11511759759506,18.26577693661827,39.228175727558266,71.3327590550341,30.849740718465487,26.33552457447336,14.79865333780404,0.0,39.55985706614634,6.069859744535355,43.45774936622979,32.35281172809764,50.124827995225324,6.069859744535355,12.481726207132848,0.0,5.6777806721172,0.0,0.0,12.010291310971775
76561198079917174,22.038428921776486,28.31956372485228,26.789882288939275,26.434415978806413,24.71242671675653,20.619177379854598,23.49245221605944,16.46301407144279,24.043839992562273,14.706338084826903,28.05600770429935,21.242823449441968,35.60932306258429,16.795214661540946,7.748805089465578,6.894125210189916,11.1419508743933,14.056457661177792,38.81160296150597,20.670962884217033,19.41426629095753,7.023667766253206,12.127060593007435,21.9707266623535,11.79755956045599,15.943100476405863,3.9689702858698963,3.9689702858698963,7.991219073056735,0.0
76561198080951406,0.0,0.0,0.0,0.0,0.0,0.0,0.0,0.0,0.0,0.0,0.0,0.0,0.0,0.0,0.0,0.0,0.0,0.0,0.0,0.0,0.0,0.0,0.0,0.0,0.0,0.0,0.0,0.0,0.0,0.0
76561198080978566,43.60407866924267,33.402398049683,25.3531720526246,24.782318719050018,27.207212392386612,42.774967569344454,18.363599841795548,30.640967178456737,20.694159915915,28.388100385331914,15.167077166306086,4.0881588031350145,27.264923760118677,20.694159915915,6.451765002454753,19.612074955104834,16.96899317945766,16.217976025946818,15.361610768639203,3.120159851929043,21.256840936877524,4.895224442584928,5.996576458994158,0.0,8.33692544411096,13.843344384288493,9.201353359482857,9.398644828810497,10.832951876910421,3.5254777821724925
76561198081505083,0.0,0.0,0.0,0.0,0.0,0.0,0.0,0.0,0.0,0.0,0.0,0.0,0.0,0.0,0.0,0.0,0.0,0.0,0.0,0.0,0.0,0.0,0.0,0.0,0.0,0.0,0.0,0.0,0.0,0.0
76561198082199261,60.78332843145806,46.68402164416786,36.306297935751545,50.25748517871479,13.865175442264006,35.18134484330554,9.032133928477226,49.42299405622434,25.92587301568961,29.536660220196406,37.8727380669875,3.095577608523707,15.643522962239722,22.928641866011883,29.7695583824297,42.53968630256806,19.0190639822819,2.822568654544802,34.641563132377335,0.0,23.639790731556335,20.298013786264956,40.621782672911145,0.0,18.304268824539445,0.0,0.0,0.0,12.382146314441417,8.67427898814193
76561198083275991,34.937577006838374,21.463545253305632,19.924388448465116,40.001644712380696,21.709981440381043,30.13407552691339,41.98520131198,21.60653146748081,22.8815243572708,24.898214583261414,24.840300151020756,21.029620914720276,13.223504960749775,23.927903191345322,28.67395874876117,21.508145177062396,23.786145935613707,3.1726224403507386,18.206783455516437,24.086828318947745,3.2300135692786567,15.905508687553652,23.225800084166252,13.166853008169458,11.90549788560843,5.061328408411774,11.897331316169845,18.872846236976308,3.432372999130605,15.004062914373069
76561198086717023,0.0,0.0,0.0,0.0,0.0,0.0,0.0,0.0,0.0,0.0,0.0,0.0,0.0,0.0,0.0,0.0,0.0,0.0,0.0,0.0,0.0,0.0,0.0,0.0,0.0,0.0,0.0,0.0,0.0,0.0
76561198086810047,59.14484434810902,90.06068521779954,25.159275607623456,42.254034023000415,43.17218250870882,14.800709853291558,15.671261574601417,61.211130607653665,15.337512075374828,34.56866488379794,31.31929562941722,22.11595667467198,16.92588052062103,11.626243360040446,23.334986226863343,41.03926034799606,5.513146448258161,0.0,12.146316844929258,27.55770914279781,44.74978254915808,10.347821340687343,26.90580265087635,12.667080889211066,45.3928484045676,36.57815295936693,29.32522062014473,24.404261509025584,47.927999523040484,9.386791649010307
76561198087883574,38.567464952435316,68.05409655599892,6.043938394368685,14.732679717076227,27.91118199564869,42.5281500694353,26.91020945293438,85.4273030106891,11.274512108830201,27.79112021040067,15.352844640619784,9.710735587670376,0.0,10.394474361951197,3.315276319154516,27.03129360128515,15.365190032046208,7.516486402702768,22.487451450422014,0.0,46.23265949257278,0.0,9.338663531520323,0.0,72.02684782419493,3.8148510936758724,22.317468790520177,5.204281374621442,82.15243949028141,8.26544080724665
76561198087896550,38.247674659066156,28.31125289910503,21.84441736510923,42.931258184603195,33.98476690278096,43.03262322102679,26.059239058257052,26.88623608968775,28.162276114034935,26.894929334765436,15.002960419928018,0.0,7.110398119396496,31.967826874952564,28.96897034346653,25.63440319378342,10.468133361250908,0.0,27.836611122910323,6.896796045357682,19.42197892991359,20.183911522145298,9.139540797956093,3.2752561583043085,18.896595643553713,20.86185758789162,5.304398836863904,8.579654995168212,0.0,14.328996015071217
76561198088261628,0.0,0.0,0.0,0.0,0.0,0.0,0.0,0.0,0.0,0.0,0.0,0.0,0.0,0.0,0.0,0.0,0.0,0.0,0.0,0.0,0.0,0.0,0.0,0.0,0.0,0.0,0.0,0.0,0.0,0.0
76561198088724831,48.49741578162101,42.68725371352367,28.40054677695193,14.735173346516241,29.83943072401974,32.552545664556675,10.316144523754502,17.0940212731341,2.767576180416237,22.236138942697398,8.685234164329573,30.269277274700976,16.340033593474256,0.0,15.745396460777126,12.205183618222481,10.170377214429095,12.85639477596758,14.472141533573376,5.075148814921322,12.427600712011156,9.56408355349626,15.876047560716266,19.94347092902208,7.139768973996981,0.0,12.265484872853332,11.75720913130188,11.90134443914921,4.440649253819643
76561198089859684,36.559245748298565,41.87154248163496,37.31942993962871,47.25251604789488,0.0,37.703077268170354,22.648130430265812,66.76523236718053,20.116877794713574,37.774412201522665,29.48744457174749,29.698594676379848,29.300630908947586,20.116877794713574,3.755369195382769,12.858454688750339,12.1268910019412,8.047471122528664,0.0,11.575770131016782,36.448401266671674,3.5967641652061304,56.16142319096751,4.6290820060344045,33.99732748821181,0.0,41.81109753915975,19.84549122286085,11.73522917431588,11.76579768967376
76561198091122227,67.37061126220486,74.50221873453056,49.21598903821163,28.67505035134978,35.25125335376189,63.20737022162805,24.416172419086728,34.27722575860108,25.27088241432947,36.67213159920246,50.547144064091434,10.292223586739993,40.37284406513841,19.562918068062764,20.15182230791741,15.59743677331557,13.355472696201868,26.177801397640852,40.73478134734121,32.09820755794817,16.25839969369226,21.61190197561276,28.36487361946361,5.1545624629028985,11.679338821333928,18.03087005391675,27.479936499774645,3.865560131017805,3.865560131017805,4.419081542624893
76561198091140590,47.75419605753849,47.6662004043911,55.27867902951296,18.12819210795799,54.76895533114388,45.586209216828756,42.05981565863248,34.160999513984805,3.3463891451671604,35.0590018680262,16.126255514875517,5.467975749388594,33.05036014561976,0.0,8.107927751184997,16.842724041716952,32.002393379208364,4.118711918670395,30.81709794603891,32.25250115355196,9.613963544762534,7.020154961471048,37.53596212908616,4.33033852551513,31.61397424522466,27.28941166633481,4.145987795373939,5.687991788749877,25.601525701118746,3.9045954895993495
76561198091232355,23.187145049770688,34.57284039203066,17.09894616679298,4.813646700258897,14.456563560047238,30.235028031517764,7.306215912937418,19.243035461669063,2.9349201341572337,18.55688916963286,22.72818649960291,22.42728523187605,39.2671008857196,0.0,0.0,18.469763830679987,20.04251054249539,6.094838941732548,28.972346890858237,10.868113905290564,5.979442571880657,0.0,27.34371635410067,14.486946553853878,18.815002749807853,11.198467022025756,9.63274218120118,4.261693475213995,9.638144141214179,0.0
76561198092225547,65.6859523920255,30.145302008422068,41.986271988983795,17.910125348429883,18.906465718882476,33.02138054536271,11.995528850729425,19.140754365331297,19.767337489371364,42.115441297578286,20.50170024331936,26.631257292555382,22.06662874269791,14.071318405332997,17.531212280119007,11.203942899180822,22.046340324615915,4.395682961121367,31.73811004218914,18.557759715598777,17.801785762201543,7.996386252983752,23.850091270384013,8.109203449099347,9.227015269885165,4.0151209634317135,13.236856412093427,0.0,9.227015269885165,4.0980045230535875
76561198092251510,46.90159574135678,61.26039105262169,8.203303315051258,20.95295328228133,16.122459751812404,16.463493593822694,18.345993083680412,39.55163701039748,32.95789285880451,32.4923975609117,36.45931195823347,0.0,26.499649856658166,25.876073566482688,9.070687423660956,35.614794200461915,11.168583696650956,0.0,29.32791211462568,16.84449931683842,18.420727679423365,9.160316797468855,35.08158481206347,9.111888889442668,22.19064825808275,12.115126566579931,3.779177092094717,0.0,3.779177092094717,20.503505507384872
76561198092612698,38.34315899761734,52.28127917627445,40.583007101146265,21.93213427648201,41.4045899531901,41.67203202735334,6.764831342769345,33.63049901656105,16.746425854316627,18.38990448168541,24.83796079666142,22.5033407195224,89.86699522690924,16.746425854316627,0.0,26.311021382651006,34.782591876343545,0.0,23.362759323490025,0.0,10.32197733675902,11.282525731123851,35.69329680895882,16.831210570782716,22.05037384322526,13.14890829098649,6.764831342769345,13.037047577383994,36.393939411846524,0.0
76561198092647624,41.297923388204815,49.30254740776253,20.164283053628687,51.8902673387945,33.30958267919169,47.601450887788964,55.16867600687371,71.56955112137703,27.655075341046427,22.83394450157111,35.05697446655272,22.780299908613966,16.745368680341628,23.391269337759976,12.484992094716057,18.97605371810002,10.047294732329345,8.940617136580286,12.781632169346032,43.613986533610124,24.98520428129729,11.634777690233339,26.60247101777107,22.153852198482603,36.580880863264824,28.548263810713667,29.336564452598758,5.856732433906941,22.635865325388625,24.780188088762223
76561198093260511,50.60539789517491,100.2917204047834,37.699387113326985,27.665376322471026,40.45077081991476,17.34405214420392,10.194981976233292,95.65027527580966,8.757466923789774,74.25304230528121,13.444485640853982,4.923478451981633,22.3921835259235,13.442187388535874,4.186163807313259,76.7003033274074,66.77003202425729,4.028382806544341,24.25236813324014,8.801428455442942,8.730709202334832,0.0,26.619608948062748,0.0,90.99491172509725,32.99624071821471,0.0,12.536588611307852,35.278241636319116,6.14111224657691
76561198093336856,44.72477030109137,50.62862293050724,20.328889915149123,70.48726814141553,15.25749496348676,20.45224548941537,30.145096982631962,28.076462039990467,72.0960832898123,14.024913035568675,34.24618184237277,5.451124286791795,35.48780503552575,58.24542547954414,22.13332297226382,40.218817929166626,20.278144844604956,0.0,30.829296935303937,16.663700913162746,34.14589958846293,19.693405718361856,33.47219612735774,11.67418903893887,15.212659102774905,10.651325277165586,10.06307145705891,6.043938394368685,0.0,18.08756575579039
76561198093697680,0.0,0.0,0.0,0.0,0.0,0.0,0.0,0.0,0.0,0.0,0.0,0.0,0.0,0.0,0.0,0.0,0.0,0.0,0.0,0.0,0.0,0.0,0.0,0.0,0.0,0.0,0.0,0.0,0.0,0.0
76561198095755900,52.55884650625445,54.02687021778853,33.362456038450084,30.82981189155332,33.81568079034611,43.28242800306152,13.377341507725266,40.35922266888673,25.50091081462534,28.956534698307834,26.516326320606712,8.55338866005147,34.84583650947772,21.494487133775706,25.164241755503586,40.72555509878607,8.218806023348012,3.591817741270805,46.63847401726645,16.764936471272613,17.313868030597938,11.145829044885385,19.219463745226726,8.491179264274141,18.97099609561584,8.97956584115781,4.706552800276694,8.892813336342721,4.706552800276694,0.0
76561198099004296,21.55546425861291,44.614572819344275,17.982556980751397,66.50493155247368,4.007696755496428,42.99514714441973,45.772552080551954,56.79776709226431,45.31571247363462,26.956247480261915,41.74214210068299,19.50844829039853,19.38055896595322,41.59654632691581,0.0,17.03889794267733,8.812729498455415,0.0,16.589411866206646,3.680090948080857,46.34538126526689,0.0,43.38377921155176,6.276323889402844,31.98037040580017,0.0,19.48371125401669,11.407052149408559,24.09796625088788,22.472786499449416
76561198099250072,41.91129788809139,84.3023728325781,9.129508065151269,95.09608216595348,0.0,18.317003507519082,14.939490476303554,55.582063577937994,30.357954299475693,29.808437775987603,34.482063415631444,14.986133263501948,4.249209272783016,35.49210431980982,7.394398204129526,25.246697506596842,0.0,0.0,25.085835373710147,0.0,81.25881644554937,18.426871092388005,9.38335929311714,0.0,24.652645675507095,0.0,4.387387240915977,0.0,10.778701157346488,5.526567855230391
76561198099562777,50.18452102333631,65.95488266150078,46.859751455571256,47.52952220674721,37.978419070542564,23.26456259423613,5.10096338692012,56.973962584158215,43.02986150698677,36.67828672915224,6.407341925563456,5.32593253358101,37.77248311806625,42.939502903292194,14.824627338363772,31.531746170551525,11.989247909636289,0.0,24.537724443608788,0.0,35.06955521456304,23.95727158160403,34.361416271469444,4.8742808728544365,17.84459090578593,0.0,0.0,9.508815667472433,23.34663389083736,0.0
76561198099813068,0.0,0.0,0.0,0.0,0.0,0.0,0.0,0.0,0.0,0.0,0.0,0.0,0.0,0.0,0.0,0.0,0.0,0.0,0.0,0.0,0.0,0.0,0.0,0.0,0.0,0.0,0.0,0.0,0.0,0.0
76561198099985988,31.245809149891336,63.830793577894745,3.006672213592325,45.02012754343199,7.782737231208712,5.990138668519309,12.472260825351494,67.3949997320551,32.76538756369552,19.236694011410467,22.056571692700754,6.912712969301365,0.0,33.539148391139484,0.0,24.96450062146581,13.609083645964011,0.0,20.326051112198037,0.0,65.92231435619873,5.705547582602867,11.894424144902283,0.0,32.487443316581285,0.0,16.096147973163756,11.699418507407113,25.23457806418124,2.8361502037295256
76561198100098775,29.34977656864026,27.374018685715694,43.537141438885534,6.1428327881115266,6.367476127433052,29.673570411639265,3.050220458838061,14.223513140918374,6.1428327881115266,15.14975346480282,27.711727313606133,15.010054188785425,49.95237342931263,6.1428327881115266,0.0,3.727378753264546,0.0,0.0,24.19583569395177,9.20135629574862,6.1428327881115266,9.429685830699633,27.746358673174214,22.3393482042222,3.727378753264546,0.0,4.802134019518916,13.637413248099287,3.5967641652061304,0.0
76561198100808600,0.0,0.0,0.0,0.0,0.0,0.0,0.0,0.0,0.0,0.0,0.0,0.0,0.0,0.0,0.0,0.0,0.0,0.0,0.0,0.0,0.0,0.0,0.0,0.0,0.0,0.0,0.0,0.0,0.0,0.0
76561198103186740,74.81256866584542,144.82626967997737,61.44739417438199,51.176612496910785,6.7731147000092395,40.93077171124969,14.159244420048237,151.2481145949793,21.119378872578814,96.01943141285145,60.78240354915116,6.208429047345477,61.792643550635304,30.30618292227309,8.030816248052556,104.54660824786853,37.73999485318691,0.0,19.480753593559832,7.7606162081965095,20.05347632915223,14.558042051866355,69.982643949296,0.0,76.52670088842089,6.7731147000092395,13.969045255541985,6.089090225892422,18.721934229498434,6.398628211851728
76561198103234257,43.75033283974841,22.96864230766309,20.980424841314004,28.06150923583069,35.784907508338904,27.693480903453068,16.10896347261735,13.307646590614397,19.05294326528111,10.850244983902927,5.348535082708654,11.480695762093436,7.497576262143886,16.800890359226592,15.125955663474663,45.503268622026745,26.156492026707703,7.931218463963542,35.23552928511402,3.1875915348284343,23.757651959659583,3.5751506887855933,11.579206276063795,0.0,21.476432546027077,24.943791506287408,6.5169348127226066,3.329343277894172,18.46937969206261,12.688934498624967
76561198103723769,0.0,0.0,0.0,0.0,0.0,0.0,0.0,0.0,0.0,0.0,0.0,0.0,0.0,0.0,0.0,0.0,0.0,0.0,0.0,0.0,0.0,0.0,0.0,0.0,0.0,0.0,0.0,0.0,0.0,0.0
76561198103942045,55.59456070864641,45.55609032194671,18.223953795133152,34.974976510994665,9.487331069819682,20.46345793903729,22.1519044323129,42.478412081638865,24.17706940863262,21.044216414326723,31.299052556843186,18.368141134286347,9.48328301808953,17.338223740814882,10.80893684116838,11.7368322531051,16.777194387835863,9.246867407743542,21.626935529914434,2.9269179575536315,50.200128897695684,3.3232358401924436,2.9269179575536315,0.0,21.150715249292745,0.0,18.217791470381222,7.0999113183349465,12.195776590601323,7.250670216761328
76561198104612711,51.890524966299964,80.95559841614092,18.091417842921494,66.6240551086569,9.117342358054948,30.18169255602367,4.5635145107192585,66.5726055605654,58.872705105797685,42.531756271757,29.05238010513176,9.037282621322314,10.58426920916071,62.44583523782949,36.867898553673335,58.99648389533488,57.77196399346696,0.0,21.62146930680431,4.82647204242293,34.795084340237175,18.083352503133867,33.64402362339308,0.0,31.126134765686018,9.117342358054948,0.0,0.0,5.873384592375492,4.419442836059304
76561198105432969,49.959484657925955,46.06662733388872,18.41352516413022,60.79150456531936,14.576365332043197,24.47223584174038,25.391185778396814,25.769400818450652,29.140662403705793,13.564449007866985,19.23136971664467,6.23582149482139,24.958621608600087,29.140662403705793,23.737324764455494,37.29023390516097,15.492374139865529,0.0,36.04272208455096,2.767576180416237,19.42300487315537,15.402600838302085,28.031618907659066,0.0,14.986908248575569,0.0,15.52174672232998,6.17872389293156,4.969118613893322,8.874710420533196
76561198107189063,40.5500262829349,53.84937962263036,40.128889409405424,33.41659972887753,8.612852328509703,43.753087565960485,4.1956970564823886,25.627980518068412,28.69435057380965,27.10677169455773,69.23622535499717,28.62028914237751,47.58634330325942,24.552327576270805,5.102606572635066,32.12165112768031,25.92730430000208,3.953548752256644,41.94396580685517,4.305010592025198,20.183423701947305,5.102606572635066,65.01020768940768,21.167499890223603,17.347465458575194,4.305010592025198,5.955837369464831,3.9646154555473165,0.0,9.298303629117456
76561198107786111,74.7330510451607,78.80253813378111,56.091440796573025,77.6562970442191,35.17378943010416,48.55642645011476,37.44529768272574,86.0303085362588,59.602948619001026,52.537349233592636,59.992569022346125,20.69167198445047,28.884460229015097,51.446365934272585,20.65615771647937,59.16968493001929,24.933278153183828,3.89630004496291,30.34033041637147,8.227361850941756,27.972984777232476,20.744512452460995,51.33946271621825,4.486611849863956,23.916648868293123,12.088243690944532,8.227361850941756,4.260282639765531,4.943925528623873,26.64784669583117
76561198112849349,46.83252393013438,48.740754893236904,38.43222245048802,18.839129095896528,38.293169767322325,34.41393368075159,41.17531126117285,58.91775323586065,9.852027454763983,17.905242458542325,23.8507851084389,4.703928958011355,22.84353540323291,9.852027454763983,17.181251897711263,28.21291611065812,5.007630785075957,0.0,22.81319514982276,19.611963541037923,46.23967016985231,18.419062523771824,37.66058552152921,15.267150936908514,48.322750134091244,18.956834947013306,20.90694936931886,4.354398467556408,33.345669510948184,9.00493463387247
76561198114540370,70.35998897365552,43.273917645432995,45.96333584222885,29.532616512873226,4.26507138131118,38.08237648006391,5.667567905188549,13.81606732456898,20.424660572317297,10.382732647588174,34.34221893038052,20.483265580234075,78.41298661973912,15.683212768036658,10.15145315196601,5.236867404231814,15.059054658658937,0.0,14.481097898077822,0.0,15.683212768036658,10.446345363804841,41.242465722185614,0.0,0.0,0.0,9.303832900853482,6.765926702589228,0.0,0.0
76561198115422851,39.80591573996625,25.351843017871037,13.369202719690872,44.58402695310682,36.75991155762604,10.7078262935205,28.270259412242623,11.709172867728546,24.145878378707586,14.376905348376315,17.548784245048793,12.132233361276626,46.50241829705671,32.76967519280385,29.279112852567877,26.051767155421487,5.0605676628444645,0.0,37.459781837335434,11.358017795031571,17.222682324430703,27.880905336117657,27.032811183014367,6.262216612336917,12.49002167552123,26.910332212812246,4.102973888920155,16.823078974959685,12.789226144453494,10.858466517359602
76561198117435171,43.944232676855755,48.97369804852263,18.817055239076712,45.34631406287462,9.03022259307891,33.36686887990953,9.245862175667693,31.964100230834475,41.388903896579755,15.013544011572659,39.570588941724004,15.535994225765567,14.394230683543634,35.999740846732145,5.459457846420514,38.90053450929946,9.276278419569575,0.0,47.05316375285965,4.4298639640880415,21.959494823377785,14.311428496275244,25.445940815771976,8.94060225939148,19.095760881074035,9.236058020013783,14.369514820276086,0.0,0.0,5.459457846420514
76561198117724596,70.12767561506537,68.20216617601866,52.94561820802647,23.07020390472168,41.32390946020625,76.88524278868672,46.79746007507875,44.97320245652765,27.47671810884765,43.73965145653234,52.687938913850616,26.129759799639174,23.612798455095447,23.140735412675177,20.412129344639247,30.578095949890365,23.7430555143095,4.883180638743141,50.81980889965412,19.616691625257133,4.471410195808567,10.640104468853771,47.49806038754472,9.71378234354938,10.109942785256651,21.179559566708814,15.22715135743315,8.646721311627928,6.083929774780075,17.64466386230872
76561198117983678,46.789112401259416,52.452107839261295,25.585997912744304,27.06283601141626,24.908972401535493,28.092625068890175,14.363999408172864,33.989161962856656,12.221806180286901,42.32440665567644,11.49980590086086,0.0,22.895504081849836,16.20242197718066,25.965796485492707,38.42727693181977,6.1530071251297365,5.400919080208756,47.790136310478715,19.865043894481666,12.925541526727391,16.24461927454798,18.06570461405799,2.9932291433358724,23.03552658868564,2.6623552418400807,2.3683728335320486,3.1945831322991562,5.143449095980785,0.0
76561198118672016,0.0,0.0,0.0,0.0,0.0,0.0,0.0,0.0,0.0,0.0,0.0,0.0,0.0,0.0,0.0,0.0,0.0,0.0,0.0,0.0,0.0,0.0,0.0,0.0,0.0,0.0,0.0,0.0,0.0,0.0
76561198119156573,45.17504938632695,38.53151959646473,7.875280233499142,78.57256731537355,13.114219199192632,12.265622199776736,33.36497747917469,31.305786381262866,66.7733112949523,19.745099672793817,35.80337979448067,8.420890529264202,3.8686978806897723,66.06203845613578,22.249462374289976,49.93607590546173,26.377129136039247,3.8188106237059674,32.13022846070899,4.873440054918411,32.29610427783038,14.165769786697005,17.696695162729043,3.6584202466292277,18.589141893866604,9.491212489229405,0.0,4.056469609793174,3.544431549748063,24.80081714307962
76561198121971834,73.94802511526055,78.94374053060228,51.55457118833287,85.23197113361282,0.0,36.74311160154911,16.75589453518763,41.46484738023109,68.71922539602448,50.4574984221595,35.31579408319102,4.219066431358547,11.667902114447763,62.60323312243977,20.354640706700373,36.7543699482805,37.75764237423184,0.0,4.989956282887855,0.0,36.69762336774663,32.75107041482121,25.941242462766755,4.025887261577193,12.910503371777697,0.0,0.0,0.0,4.264790324535862,24.670534363239813
76561198122264375,33.553134923797295,31.600818585200003,42.09174876182337,33.5175347377723,17.028555929270553,22.08707820348219,13.928175542257978,4.031582240485785,29.519931756679263,20.454955722689867,13.231582115938856,19.336997442863655,38.476191109236765,33.439526027603726,12.166955681244392,12.293942432130828,17.675711038267995,0.0,22.95995979941892,3.9045954895993495,30.068821246386154,13.203164007763426,45.721971802874755,0.0,8.819323952023039,13.123960439671203,4.608664075242347,0.0,8.819323952023039,0.0
76561198122741582,15.646410606789313,9.291084106423693,7.482904090371196,34.50023767252697,11.220850765341968,16.0599954101163,15.722743151174877,8.791055729836737,33.98768531742346,3.051729735972775,3.871685763396416,11.477215713215339,5.604925211382834,32.39104899682657,6.274137126035592,18.95274772558272,2.479843855445538,3.6330125588458912,18.191239303338765,5.713189159571914,16.048157498969626,1.4106454519837217,3.5642820910762842,9.954686201460255,1.3937663759585914,0.0,2.578700529074361,1.3787660946990992,0.0,11.584200814634226
76561198122844648,54.056894832618,70.90849946702781,32.64169813801648,50.22648876212472,9.956757496064952,27.02651959036878,15.982729012099178,52.8844052469919,28.410096539089533,49.62167848545155,36.336535171585695,16.36635833189158,48.247825808969665,33.34298648456094,15.587502811988433,35.84383739405712,27.81884982130178,0.0,32.89709778899963,0.0,27.275789506799374,25.081984970949648,28.784466253001042,0.0,20.006257071167177,0.0,0.0,0.0,9.671818424050029,0.0
76561198123084475,28.82383037125357,47.639331830003925,18.144716771499784,20.8690703770204,17.5137467823329,31.075251537748887,3.723763855967438,19.2165577141719,21.594266196185135,19.240931834341186,24.87413769246557,9.953917780589055,31.713084982287164,30.742226311870038,13.335763288229206,24.670517157393117,3.8383764652598478,3.8383764652598478,29.680662238489184,0.0,12.519752739131306,4.441474093317302,23.387380484579552,0.0,24.777026304744442,0.0,13.398772795942833,4.775503503469979,9.714653153150662,0.0
76561198123843456,39.20530342844102,28.128217611123716,15.729170823959457,27.329521887070015,25.903500597035936,15.970819234158192,20.486983664253405,36.460642191988796,23.292629899596,19.31711202214086,4.8181017722258845,19.49032580944522,32.4737065449851,27.329521887070015,14.164634506259072,38.2848794834919,16.110736030257602,0.0,25.00848197904964,6.279646494601414,13.664903918557531,8.832517230152783,32.215067885343096,0.0,20.904971281704842,0.0,0.0,12.981852530670292,22.60994365472476,0.0
76561198123908949,61.64165435228848,53.12240379336623,47.928606274737355,53.08835744622247,4.491105229700119,30.980413426346576,45.05005566908054,18.775561371654906,21.285283691373074,29.69867531682615,37.28667515472735,13.924357350703886,9.55934204351527,17.001903962950962,40.10588837488087,23.315240584702,29.515408233885367,20.75593437266238,8.304375296551335,20.437480403984114,8.78485172417249,35.64689018109159,20.663692204631474,19.646841034483657,8.511395617917856,0.0,10.638148394759451,8.356665360717923,0.0,13.23308947854676
76561198124133723,0.0,0.0,0.0,0.0,0.0,0.0,0.0,0.0,0.0,0.0,0.0,0.0,0.0,0.0,0.0,0.0,0.0,0.0,0.0,0.0,0.0,0.0,0.0,0.0,0.0,0.0,0.0,0.0,0.0,0.0
76561198124421887,46.833857922525446,44.60628203339273,41.92960369217348,48.802400441750656,13.850414077155078,34.215123502883465,14.69280278888942,40.02666185062758,37.07482186035395,25.01008560476262,35.32079789429882,8.838227792858323,38.10395296313476,32.67201268649754,9.435914056124268,19.259236105560877,15.06507125014145,0.0,23.30537487576985,4.402809173856411,20.152895155222517,4.207375584184147,55.39442916290733,9.333212427687133,15.18103711662025,13.850414077155078,0.0,5.22853847194012,15.911223186700067,5.22853847194012
76561198126548553,62.537224375323824,83.9202133113949,28.502588249951962,37.09825232616148,38.53242585614255,38.17330665769592,22.12796586598091,53.36790434868249,28.48937041360453,43.76080882119018,32.64960178773038,11.535670378122454,41.9413552165003,40.07601667578594,15.660258157956969,54.540190368448,19.120749118838532,0.0,45.53343026907302,4.714741822417382,30.0798652600151,20.659401073821904,60.12933667511373,5.98476716966025,36.46397651663882,15.879564695622395,5.550903208462204,4.714741822417382,5.596123022170668,4.925077405734609
76561198127431044,58.63000915960868,49.031836793118195,48.78064518991046,61.53066670463194,0.0,55.90733976954565,15.511883006333722,18.3551494860763,40.72820826854167,28.581557023211936,39.46757912407683,0.0,15.265381286281299,31.391251765592365,9.947250549266567,14.341707853886586,9.947250549266567,5.002939087461785,25.037235672616735,0.0,35.35841455717377,33.44500905050247,20.02670015475932,9.680342851221257,0.0,0.0,4.942499198329286,0.0,0.0,0.0
76561198128667294,35.853874956267916,35.71298034770929,20.26837031027603,48.08850709114678,39.670405208053175,24.991719976052014,30.409993256602082,29.355226890600626,33.48960143693702,17.0655040012657,7.691521471185174,11.279405950549293,17.015761567906107,37.05969735506099,28.44622293860963,47.66563631613335,11.237296308221751,9.009525666145036,41.78809436181474,16.506536032044536,16.157043043182682,19.87800864221599,16.367964819874864,14.364293589125671,6.319058199778656,16.550934800672433,9.135997787687801,6.74111728955752,0.0,18.23682543550733
76561198129247774,39.180422834413505,48.168893391011665,26.31705552926901,20.068942053360058,0.0,32.26780558587184,18.54434818064366,12.513876412201752,33.18727422582502,32.20709321822651,48.25135137343123,4.0280266811844525,34.86576506001162,20.068942053360058,17.887127414724475,27.50906314147146,10.097153768810252,8.503016860389803,18.812235155679957,0.0,9.857695854470737,26.641434111713927,33.39209497473069,4.0280266811844525,9.830513283651776,0.0,0.0,0.0,0.0,7.6559669938566515
76561198130015375,49.73237986491273,66.6724402328844,31.135031992245796,97.93840069724395,12.738818056767432,48.21835350123878,36.80486980202904,60.2566426924087,76.52329526565806,18.243956877684347,43.478749226597664,24.594296164932953,32.80073854869336,68.5638123146489,0.0,37.38547317853029,19.05454936433128,0.0,32.594278848330056,0.0,67.39565007069868,16.94252523399677,38.111892939118235,0.0,24.17316301577597,12.738818056767432,12.227375632018504,7.611016143389057,0.0,23.52855208684026
76561198133585402,0.0,0.0,0.0,0.0,0.0,0.0,0.0,0.0,0.0,0.0,0.0,0.0,0.0,0.0,0.0,0.0,0.0,0.0,0.0,0.0,0.0,0.0,0.0,0.0,0.0,0.0,0.0,0.0,0.0,0.0
76561198134388656,46.37551461211526,54.12070392575057,18.749877663870777,19.519390375085536,20.551141527842322,36.581148456973615,26.097775047461752,46.84741296106732,0.0,35.837626013211136,0.0,0.0,34.27490101910687,20.305997436193778,10.909263733358344,34.388269038620685,15.299310532160257,0.0,4.43022138352355,4.43022138352355,4.532599493153256,13.22531892476284,36.06043677013965,5.754855744840202,36.9769984551372,16.018542034689066,5.706113089994483,4.43022138352355,32.381100319641,5.754855744840202
76561198134731689,28.431614985392976,46.083460581923894,6.0040833441392385,29.7406783542754,13.00999926199053,19.997463662557198,13.439897663402716,33.08171368317883,25.67622902427162,15.35948192114549,17.502491529202945,0.0,34.46158175226565,33.35413743134893,11.998354167776426,40.288548585064994,7.408162317280877,2.157559320943788,21.738803136135875,0.0,16.249212301838348,10.14313598189673,34.24315112699394,0.0,33.08171368317883,0.0,0.0,2.5915163848462583,10.231689509477524,2.277267285009756
76561198135384760,49.72172552897723,63.741669805397166,45.665045558072904,32.08276829251969,3.8862948568554145,40.48270508459716,17.421456815742886,31.358956045571,19.755629370095427,41.06411700984038,37.55585983665698,9.75045032925266,41.231048206982464,28.902373923117338,10.126876137827061,26.638902965687613,23.597229911227025,3.8416005411316,17.349117181746514,12.524199662563474,4.297285406218791,0.0,51.979744775371294,13.76650089743788,17.599106214884245,3.8862948568554145,9.08520998048584,4.288127958229824,0.0,3.8416005411316
76561198135685349,11.93956710752,19.447477482151985,0.0,55.522257526848826,9.85498026835238,5.442043614582607,23.10692540624616,31.323329160472333,30.960749403757927,6.079737523779293,14.608008954731481,19.40514084907778,6.837797299070694,30.616714394755014,15.838700562475317,30.727437779250796,12.02746838860795,0.0,18.079405555363664,2.6078614738467776,22.84905735147831,20.754211467807668,18.841887540098213,2.6078614738467776,16.432181865675737,2.4915511925066687,13.895288211727351,5.143649886535898,3.2744997286161976,9.939335338809656
76561198136484955,47.99598054584259,42.30388706957921,21.89653534751532,47.25057321277352,27.949033733550046,46.334742559015076,37.78397264729964,48.385684396425816,43.89827028109223,36.1790045519515,23.41761934177501,11.273750133898863,18.047340173664136,37.48838934128107,18.606747301740462,28.875666772278773,18.82690967230775,8.160968431843601,30.878717534052083,13.780701280233263,10.55516097935191,18.798111786933546,25.63274655306976,6.249187093914319,18.271768422163248,17.432569851679208,6.946496165498566,10.441487426447082,5.854587277560553,38.04964377211989
76561198136577408,37.40266654537879,47.914992377986394,15.006634116718743,10.036773790112607,25.86542190748592,27.967025705191322,26.368818210272178,23.267498169215354,5.563815561275921,38.559561041330966,45.83022742787801,25.679520580775904,55.575685633307714,2.776954179749421,7.259819610363186,21.769483348433546,2.995732273553991,0.0,21.000691221469435,39.596281825247004,2.776954179749421,5.543026695776807,47.17552513456139,46.646417331332614,26.63843226331988,18.652014489222456,19.198237322358576,18.609367707301864,0.0,11.039527366281357
76561198136985842,58.72278391868951,68.34301377564005,65.12198795473181,48.505212749572244,3.6584202466292277,34.725958757281546,19.84146413760339,46.422479862971784,15.439135992598557,42.2781364553939,39.67255409323466,3.874943997186725,51.335183247662314,20.302430698796105,7.297589187280159,17.209457026914354,34.33694902126516,3.983413001514819,16.015145510738865,7.533364243815953,20.41844063256337,10.891472801723426,31.250208596398423,3.6584202466292277,9.912738287243823,0.0,7.910422806541789,3.874943997186725,4.035478809355064,9.752203475075483
76561198137180760,0.0,0.0,0.0,0.0,0.0,0.0,0.0,0.0,0.0,0.0,0.0,0.0,0.0,0.0,0.0,0.0,0.0,0.0,0.0,0.0,0.0,0.0,0.0,0.0,0.0,0.0,0.0,0.0,0.0,0.0
76561198137208244,23.63773696651864,26.233629267599657,18.0183628479231,45.55479336538755,59.81824811706251,29.96081156367546,43.621690616164194,31.628258292875245,57.80806023558626,20.229351203905978,16.412511316830233,15.19806389841677,25.73954095680696,45.55479336538755,8.27882878842295,32.288957592375354,15.608420134898171,0.0,43.38608590827953,15.855547627776229,24.123134977833917,3.775057150354989,15.79758375369578,9.81526642591258,23.901338790349694,27.69031614395112,7.64357609870981,18.20924903152122,0.0,21.627220476096152
76561198137264082,59.68111085393141,63.813874526057454,52.183809371349824,15.35290581931205,0.0,59.18033121691871,13.139097980181521,24.540203368062496,20.17254201542066,20.9424474945573,55.61550876057496,18.981438457005826,36.59683970370509,10.639060616698302,0.0,0.0,8.88523828946506,7.949637062244424,19.35407046791532,9.615757678941891,20.910643030282102,6.54388306817231,33.065005695383206,23.103337400047728,9.033913586826575,0.0,19.385981450577237,18.42907449743248,9.296410264241459,4.713845202613747
76561198138316742,44.530157736145334,55.819893603260596,15.846102312716633,71.85902611174002,3.3523572162426816,7.0521179262137235,6.578010025389906,47.01872510815025,57.5712745825134,26.166543920315785,25.428893307323822,11.7573029719961,12.803340724705599,56.565019012909005,3.2335673736111907,42.95959908641426,8.863613835267834,0.0,23.20694034052823,0.0,49.38009990679471,14.1514371496698,23.691096467961067,0.0,25.32602356209924,0.0,16.996219656020134,3.805995600782616,25.847389401001138,0.0
76561198139411198,47.35644770052501,65.05169888704904,39.3873585999805,18.2988696001202,29.38220184825161,42.479612964024994,12.972538961122204,51.256367201479314,23.170842835034346,45.70193107268385,35.982683258433134,21.16983990777525,40.19418156077949,28.56716780429229,5.915339156718491,34.39328022473015,42.58270052947507,0.0,27.662502719467255,16.827126607121183,0.0,0.0,57.01555516654628,31.35859782106369,27.34099873709903,0.0,5.38779237297564,6.998144278709818,29.59738729600094,0.0
76561198139915980,41.77422731049379,52.9678155490254,41.33761447491171,23.51110239465753,24.42386507797345,52.93043010137658,11.39953861765185,52.57131492661962,15.32390482353889,4.294151248171873,34.71313735659137,7.644335442463553,38.01171424779771,8.856920638372404,11.409574966872956,17.812162799675217,16.698201856010172,6.660116658064656,15.441617318499414,0.0,18.757752574642826,8.809011009868422,24.279253893442736,7.644335442463553,17.029974255638436,0.0,0.0,0.0,25.26671252902735,0.0
76561198142432184,25.916684611201617,39.863919950203176,9.58316792233511,48.253308978248604,7.422433472063618,20.70176957284975,28.863063092313013,52.36375504022096,55.03742064774251,13.830681628804289,18.186421966474047,11.18666558487046,7.207949867382718,47.21100179640544,17.328315535805622,44.977639799303915,13.964529906393045,3.49559805708364,20.55131987946114,5.342716953844721,28.143642662557177,27.99189046491734,10.52286288044786,5.342716953844721,33.90620339776055,0.0,7.3414812600072406,3.5765502691400166,5.176432178557913,8.547998284675565
76561198142871256,49.44642361981856,67.53691996291252,37.36587091196846,49.26327835588214,13.44238246017499,60.22765378159465,71.06250597204713,84.07513041844888,8.551876607356379,47.1451814129954,33.494375900234495,27.439965479198204,28.655360913044806,16.164360937353887,3.3792925462741055,0.0,23.85320552344206,19.720880854274444,6.128069337004953,14.301852861097764,39.62038013383393,0.0,38.64633926378483,0.0,34.658785271552425,3.7669972333778885,66.85647705600864,36.314247801560136,29.672752729348908,30.640902439286968
76561198142992067,20.648798344413784,25.924529215790415,5.1300170511163365,59.66931702558596,41.48256208719141,37.53588390167439,69.01343606416764,32.103244802543735,56.46983017636528,14.68393447910298,17.798022008461807,18.221424873707754,9.359475087145611,48.77608129685685,15.064101935747335,40.01129096156443,10.20839397181487,3.7042605561522386,36.80648430106024,12.995213073641452,21.180551830939947,5.964863865310803,23.544144469483598,4.505128831807865,23.760429570580524,16.165806786995752,17.007573889302385,16.811049124521976,8.962923979330318,27.752798724142583
76561198143412503,40.35894942982651,58.655331114256064,3.4170707308184456,64.12782782356138,22.688766467156643,3.3304171996011083,31.51873286435211,50.71861768583242,54.48768930579428,29.43036498112046,17.196599190882633,17.832998993564207,3.5826852577075323,55.30094458979893,14.26031673993483,47.238812953223984,38.10609171573902,0.0,12.29610054422001,6.074632213162886,34.14380956680355,7.5176567652792565,16.54543638350207,0.0,39.93189706966812,8.505716707784128,2.6727683869575705,8.085326522737578,6.6820664913001995,21.21705358682195
76561198144180358,36.567750670018455,43.059780984915534,24.81577977495923,32.502544387485905,13.312025368398498,20.14038634669315,25.431430407721326,35.406752839621106,35.751629304810564,16.05125942212191,27.661591609280514,3.2445435716167785,6.091925077421616,28.076740130466135,8.798579724933443,24.250588959474566,15.259813123676278,0.0,13.713022540499283,2.8112082932048366,35.780569101581214,9.788608256693747,12.304674237915625,9.226114094122623,29.1598294010408,6.5664375217644375,16.193175511574793,0.0,25.749954381139837,8.037070052207355
76561198144852786,38.25662122897975,73.1324807064054,20.38548810166404,7.827737349475132,20.78322840513554,28.41624679880455,11.127934962741818,34.55170944030971,12.588036526916897,43.56057592814493,46.86540101999486,13.450335957973685,42.47710062361581,11.852448724825766,10.816329040602405,24.170895063695294,7.521911685891895,4.163559631243574,25.512137233554164,17.55440224941417,8.323090686972165,15.949424269799938,41.34503459282489,13.160776623105033,27.961813694016964,10.380814376614413,17.619605988907786,7.8991088070204505,0.0,0.0
76561198145824277,26.488319316276495,74.17867474061116,8.12002375884515,34.52043936810791,28.890431818924554,31.10887686930909,8.789699984564264,56.70383015891362,29.451532143008656,25.4165334630748,22.102508853780144,13.799585945281152,30.71819686577351,35.98415634172061,16.295769746312445,46.85812978108042,14.075578572707139,0.0,13.009837559330437,9.203125960579865,19.608310997082096,10.273929908244128,33.39947431288651,18.980808015047554,42.25621103616964,9.81855256381413,4.537105455073962,4.729774349212622,0.0,8.428993668861132
76561198146396342,40.5409067467742,50.99021277927542,36.591570411868865,33.89220545064894,5.43620799388748,39.87326089326265,14.342189783809694,35.51188351014011,22.16650150613803,23.12583422103444,34.93970323362375,18.592512290957153,19.251347015147026,13.923593171974382,10.208612352262112,18.57022886946763,8.94610017905466,3.786006164844659,9.240402688209977,5.854728023534511,13.835480927940864,0.0,27.684454219173162,24.902136779324834,19.163354710125137,5.43620799388748,14.259172619785886,0.0,8.394282773171508,4.6437175956003305
76561198148262444,70.31234255889646,60.7998709038502,40.32841293525799,27.824324630297337,35.15097821033721,66.73287496206083,3.893247850101812,15.858450472383643,33.58955638664453,24.97394752331124,52.719478527224545,14.801698394239548,23.851923793077333,23.63588274469612,10.267428492574549,25.107024835986152,9.86119314642476,0.0,66.72918076463999,15.018734549266304,17.49014636109493,27.59821042231472,35.34431005126331,8.114177181816505,10.72253439519443,25.59620257666169,9.972659517984798,4.275554390163365,0.0,0.0
76561198148591865,33.5102696177001,59.077323756389845,17.206300078398346,41.812053177194336,13.673997192843316,22.032583226795218,26.368205054217775,92.74693644869856,27.71444943195513,31.24824352246423,16.809827158020067,9.661089887214816,22.91392306452531,27.71444943195513,13.088606832207804,29.37244346188682,20.986094911382786,0.0,11.076092012010385,6.0554482268495295,26.569321709728932,4.091340053201802,25.808733122809286,4.196449785159254,30.499340232113955,4.499809670330265,10.289264834358224,6.0554482268495295,32.36377807345481,12.413377144715943
76561198149149071,49.2692202160298,39.97952353164687,15.193424340223359,62.35449304744993,35.93523585373716,13.985268673151,40.01854020503844,53.51049872867173,40.556845589642336,33.70634459515678,15.20660963851113,16.975768187121382,10.33632847996974,41.56737134800791,32.7465538557293,54.554481022392295,25.74688627371205,0.0,38.994760365065325,13.444583241188408,35.32373078362953,26.417173917885396,19.645351342801305,4.69866052907543,31.30378700623391,15.784366047931664,4.957445465582136,6.946466246852749,16.133369748464162,22.325299346250834
76561198149717332,31.66317496089332,14.417698196991815,26.424589643432252,43.1117418773414,9.102667896909754,46.599205260849224,22.720632918391615,30.719451716465045,36.43532851789551,14.749748437222607,19.992759198824306,25.990386624290345,22.499191201258533,32.17688294499299,9.599582936633492,18.97893684433032,25.98901342609082,4.721796997919811,18.665545393068548,4.692539832124998,15.055697351771986,24.92397075457809,20.686571160237424,10.278502319099662,9.62388150767326,4.4101280647847565,4.692539832124998,11.373436732869743,4.721796997919811,6.5070836637080385
76561198151733556,66.64172640621531,49.10092004701221,28.361739828251917,73.62473439526403,19.745388630689504,37.95133452801715,20.451930395268175,31.04813746396939,69.14490070058724,31.103434103182874,33.32898037669565,14.60611547083149,36.761985390763115,69.14490070058724,22.532408850646956,28.599714912801726,9.315380426291757,0.0,54.802951561858634,0.0,38.25882576890315,27.72020859364085,23.28209755217759,0.0,12.537764536986202,19.745388630689504,4.967240548443732,0.0,0.0,11.809083781104713
76561198154693814,49.620401575304534,56.18813932975726,50.97705991448605,35.93682910306252,20.059994031231156,49.66011948848433,17.4023402724087,16.94615945485307,31.729098521339292,27.54919884866781,45.75201909760039,29.77462575110476,33.64875291227921,31.03439454745852,8.994861819359482,17.562569420911668,16.85616729027637,3.734808386002336,56.748890009101935,15.910832947378953,18.32979231185419,16.50936813080164,21.887302101882767,31.47454886604973,13.25528199807646,8.716846858971698,17.654698193089665,12.37812534950831,0.0,17.26019320087757
76561198155700223,48.30967907291814,58.93631637292105,30.583021127414472,43.01062841670752,29.18744556545728,42.81012296628307,24.18191910633086,27.837343477520662,39.62671155970278,30.196030693806375,31.51286617106876,14.271762846864707,29.48683307948248,34.81274018411635,8.203467194429887,18.111621530166072,18.05406831433426,0.0,24.316696688793037,23.388310098559266,20.12127963012457,13.680572352562535,29.743615476626164,8.09615955017066,19.452774899541964,20.06459419360541,4.927108747117963,6.215107973463843,3.559055466277736,4.813971375586425
76561198158802282,0.0,0.0,0.0,0.0,0.0,0.0,0.0,0.0,0.0,0.0,0.0,0.0,0.0,0.0,0.0,0.0,0.0,0.0,0.0,0.0,0.0,0.0,0.0,0.0,0.0,0.0,0.0,0.0,0.0,0.0
76561198160310073,29.219649655203433,56.13655486648335,14.799260449354735,29.757789827495692,2.559550192783766,14.443738821074543,12.858494065532977,22.43526143147854,21.317662657405513,18.690813809424935,36.309477003203305,2.9739977814079848,9.084449971674648,11.61630347354129,17.321452333382712,36.187951400262975,16.165274627813222,8.497378431694461,6.419849803610571,4.745891667857951,13.05904543066045,18.70696345522869,12.0811112732397,0.0,22.43526143147854,3.913621726791843,9.084449971674648,4.946476434211563,0.0,3.445852022202587
76561198161403415,31.095059708653775,30.42632033331055,16.043210186143497,59.25486020025987,23.071357761083,21.174004133865218,30.954201456558483,26.368466879670866,38.76324391026442,22.814309089331122,12.299732752895267,20.318943715262815,8.833441291918907,39.33280527539102,18.003848113989378,33.16695918947118,17.461292227451004,0.0,19.76302232270672,8.628009723908027,31.407030704616744,13.572705037189108,19.04084054343066,0.0,21.159257862676952,4.70247836845509,21.067580617356324,3.5380565643793527,6.468993539645295,3.5700959181239695
76561198162182031,27.65088159621615,60.6599348569909,7.5625227926102525,89.05802243337752,3.9415818076696905,2.6297282343267403,17.79213285680948,28.372856670827634,64.17917129854615,33.31136068776558,13.602961839525594,10.471871628149525,8.30950951796407,62.40317859679383,28.053742660409643,59.559527768815805,4.016743316198549,2.341805806147327,5.232284395943599,0.0,29.68273108132599,19.554145799756448,16.90064351490505,7.5693834122750365,23.140572274884036,3.9415818076696905,3.9415818076696905,8.30950951796407,3.579901291544191,3.86974161317154
76561198162456427,0.0,0.0,0.0,0.0,0.0,0.0,0.0,0.0,0.0,0.0,0.0,0.0,0.0,0.0,0.0,0.0,0.0,0.0,0.0,0.0,0.0,0.0,0.0,0.0,0.0,0.0,0.0,0.0,0.0,0.0
76561198162847888,0.0,0.0,0.0,0.0,0.0,0.0,0.0,0.0,0.0,0.0,0.0,0.0,0.0,0.0,0.0,0.0,0.0,0.0,0.0,0.0,0.0,0.0,0.0,0.0,0.0,0.0,0.0,0.0,0.0,0.0
76561198165565385,38.730494458964024,18.603651878127494,6.060360747255744,38.34100352528541,11.507886035348024,2.2438960966453663,19.159182911397092,14.83711717944795,15.941639298320906,23.826032745220964,1.252762968495368,15.510533512066687,21.356082558679883,17.683608103045945,19.83002264562552,24.46757136443279,10.18566519009425,0.0,4.868918108144241,1.252762968495368,13.77594627778548,16.432182990500475,11.634294245088258,0.0,17.08101327609332,5.543144128693388,3.7665346986795405,12.02510265391038,2.2438960966453663,2.9807709084138305
76561198166039566,49.29171123909186,43.01662780078293,20.18362652220688,58.876634273439485,3.5496173867804286,37.43164434576884,22.272310727541445,7.495538888324033,55.418301186752736,12.440335901187055,24.388197319936843,25.555361294929032,22.47421714335528,51.22676333229414,11.115420187934808,23.723401328627666,48.5700987383053,0.0,22.841757534535986,0.0,14.664793090386375,7.535548672832495,28.792587186198773,3.928486731458811,0.0,0.0,4.833102254034098,3.5496173867804286,4.009694032601592,7.375675865199369
76561198166226287,31.24967975963642,30.32811363095807,12.588400765926348,34.1969007226326,16.820607691435708,32.527378867899536,37.50285803288811,35.48455173447262,27.12302451680495,13.427478535766204,21.762799119574552,37.15043367994859,21.45127129279479,27.153717463204355,6.365652931525524,13.179114817410817,8.953900593671367,16.103521893906816,30.449056555782878,9.37146330324169,26.157129738203796,0.0,15.217145237572245,3.3141860046725258,21.28305036583791,2.719978771967484,18.5836804480003,22.336001665324055,11.238797524447087,9.505562084771572
76561198167407399,30.905892641108842,45.404059608765685,37.604490069141484,6.578092830233807,20.09019202916697,21.740020323663206,1.8372107321319724,22.420427122920486,0.0,13.442755858458153,6.342823636896979,5.6837042493863885,27.49502902460769,2.3813962734183356,18.572308326435387,25.78132902242004,16.420594876757605,0.3920420877760237,11.496947869081236,0.048790164169432,0.0,7.487908253490656,20.713016722144644,0.0,25.373458419906406,7.351349427662768,0.048790164169432,0.3488947566197701,25.5582436917273,0.048790164169432
76561198168362702,68.22727850576767,67.92780580777955,36.79621544401802,55.23449426408329,15.708256431311243,41.95072086878673,20.83850848058542,36.6982852425427,44.76504011614256,36.702771286493416,36.507490519806616,10.47128672505557,10.466569554775273,34.28976519085775,20.874436550800446,25.956166475305757,15.705909880260615,20.809124275373097,13.047965268765086,15.595920364379033,29.030192359506263,34.33747721171307,20.72850826006443,20.721482408965482,26.064704265554006,15.708256431311243,20.823283272988355,0.0,5.23457852558103,10.470061476398836
76561198169509065,76.2304757923859,51.39280374713013,59.68149712922781,22.931875402546112,39.87486089510812,66.02299051356519,33.715968996425424,52.69330784366237,8.519340604074365,36.822406191319544,36.167716322145566,13.61342732651584,51.512162928168415,8.519340604074365,13.751550976152986,23.210192515033228,14.716334478897299,0.0,18.688466129980572,14.801666961813265,9.124027721729249,8.706136211192327,38.278622873695014,19.316773592445777,19.104357256078984,25.840639259213408,19.22983472168704,16.53378080407231,12.196141011631317,30.06843250584587
76561198172594941,41.92256792904829,47.937815009696685,11.580164782546477,58.0892703276999,21.84493763246239,16.480306068216983,37.09344563436134,45.67346443877898,20.502069108388962,24.216706551230676,22.77926634592807,20.977296551451175,3.7333746940004877,24.982809215998877,28.44041020562726,42.18717314696173,12.323688842269718,0.0,22.932796575276086,18.950543230852674,34.440033723361076,23.81562331365202,9.165785523183056,7.881932166494597,18.013513482712963,7.697958659620018,17.111372217655237,12.781402291698036,4.217741440366026,15.11044149855238
76561198175781507,43.68847346954842,60.780446645972376,11.034289600024831,37.274386566314476,15.482783891675219,20.646415419254815,38.069289587637016,63.672549096658955,42.88253149254973,35.36762306376186,23.264619409728702,14.649565201095648,9.065184186798225,30.283131393389237,0.0,31.934993963653444,20.799617877602266,8.222279863007676,4.37449836825309,9.065184186798225,17.885360938826057,5.314043067009519,8.645826588420368,0.0,42.01427673308796,15.309529344810167,9.065184186798225,10.193499907768771,21.58390374723874,22.985426905178915
76561198176903937,46.984104888536095,40.49493598472154,9.10300429117396,39.40028438795173,27.089434096982718,17.606028806885305,29.407130593565153,46.14685181858677,22.60823465235679,20.14099648064195,5.622299424631905,5.9319613275349505,12.348693610047276,26.63054601167906,21.088656902633566,34.4327682348075,9.001171116034103,9.547624846500005,14.733177285335897,9.63052229949739,12.234376782367379,14.731435752791903,2.958549482426275,11.53387605736697,25.12445333901522,17.816462252021626,0.0,11.607261188327868,12.269076161429936,19.771432299075137
76561198181134839,33.086506515108844,40.101518382860725,33.94641833617276,15.953350172051021,47.62573274920285,30.664188977865777,16.22637313705786,14.749159784648473,16.870663329141667,19.983476458461265,1.9643112344262046,0.0,20.640775950787233,11.252869806258605,1.9459101490553132,12.122191593622606,14.367891986494993,6.454623492358119,21.893238722868787,20.954405342671883,0.0,9.051782293822281,9.712162152124613,2.799108932049177,14.749159784648473,17.259880512702043,9.53113954399653,12.217428674379544,0.0,13.323853245226047
76561198182434729,61.23304604551761,54.65147861055798,33.60649680049434,63.70627220440193,47.75880323700855,38.587116543506625,37.83539889211669,77.41451366906307,42.651433924624136,38.825454977359236,39.566057154564035,13.259563429312626,22.99918020628142,44.310153316258344,37.492328794601825,67.63813902104566,42.34056890615352,4.89447593955597,37.66365283111759,10.004062802048875,23.9536182824415,28.948060854263446,34.12691039565888,15.584749629468128,46.08865011550374,31.071287525123726,4.703475874772215,0.0,23.783698662649783,35.47681046115777
76561198186851741,42.320559617307154,28.898988809889293,23.298285801029827,55.798522549601735,16.751128610513423,27.440910210186296,33.05570534692288,18.242312910911902,42.664299600645336,15.000283102065382,14.087689422493575,5.516046285160748,24.95630683905633,47.34113907332379,37.561103084783944,27.64961147003055,19.551510186313223,4.225811324964407,20.152489554522763,17.406420538853762,14.998014171254322,32.502769856155496,28.32952308307409,27.598018815744222,20.028055185681563,11.423835135728869,10.616790511262437,5.898581419627926,5.898581419627926,25.07084766855887
76561198188197794,24.35238864512572,38.841034825936504,11.063978905212293,41.320529240779805,21.48168917746315,39.69121059312296,30.998561576865793,58.10328663108804,26.451556973763523,15.644650112229598,12.687618084130577,12.220878508886024,23.44640099687408,26.451556973763523,12.050886737501562,11.871270615037847,7.161426095465078,3.5986811861957873,11.01002330085923,5.045358730154642,45.507005539875834,4.113656873254474,19.82377883937452,4.2417583141109265,39.86028524797279,13.650597761652351,13.962945853044026,8.177229153546588,41.549584599907845,4.363480717386783
76561198192535273,60.73519016241476,65.41486772857294,26.611903045175524,87.25420814921145,11.916715123629839,28.080684916139653,35.927148788426734,53.2236539425027,63.67993284142178,38.66263365125061,27.547907180773596,22.278852137249906,16.107252716878783,55.80895903449306,10.27745056933906,39.22918019642544,21.37394134532869,0.0,23.433016944341766,4.921949789263568,45.206394471503955,6.136322180023647,43.24679908456189,9.612838850654196,22.74183600889819,11.916715123629839,16.084440751660438,5.055417436868149,5.5661665612460975,16.38849905247585
76561198193941166,0.0,0.0,0.0,0.0,0.0,0.0,0.0,0.0,0.0,0.0,0.0,0.0,0.0,0.0,0.0,0.0,0.0,0.0,0.0,0.0,0.0,0.0,0.0,0.0,0.0,0.0,0.0,0.0,0.0,0.0
76561198193985237,51.214788547839106,59.210538381731965,11.818527927199444,52.70330783973538,19.923095455478663,21.346365943952375,28.876774396117497,54.27550961841633,21.153100142313793,31.639263147320904,16.41246036086843,23.020187966745848,14.59485922138512,13.280711915220813,10.921666806668638,12.21123369676365,28.779437818731815,4.334017415487521,3.835789699428557,0.0,50.827319882035695,12.435855382416253,3.797285327957723,9.719051397554505,26.695333317618115,12.881667778942461,12.09015511946885,10.765897310128294,27.08817206832198,14.689796148951466
76561198195856567,33.77999048679704,36.0915144686646,13.21241459147201,75.0937252374672,0.0,15.064462701991005,15.225511696918609,27.865836821405992,66.97414995209783,22.703145083208405,33.03923678496821,18.88210934036584,21.72469826055797,72.95401316683841,0.0,34.133135443001976,15.268052497261252,0.0,22.282006357033467,0.0,44.7567245154627,5.053503194323431,28.596408151493527,0.0,8.288051788899985,0.0,3.6921241842788253,4.644583188344926,0.0,0.0
76561198201869792,45.44195946841006,65.78569462010424,25.984207825874435,69.32891894957073,54.98556309367687,29.36516255225892,75.50234920212384,80.91160036448215,29.636362910777574,52.671729733771144,16.760893360242168,24.973379250182454,8.337934004776594,38.34744708636946,36.08590794945076,51.97439496990407,30.26384405272705,8.783154977037569,39.12186700206785,18.33905833814715,9.488897483313462,10.725611856072808,6.7015917477026115,5.715117984319947,47.53584889455042,44.12118962219893,15.451068354332733,19.669615313007302,7.874089332353127,51.695410058766335
76561198202541610,65.95418095749564,39.91946435747214,18.458100002264473,33.979813832197344,45.783792791234205,46.64872114840272,34.641557130511096,29.797585658019106,22.149723698163186,38.603176070064876,26.04573321118221,15.652995312510452,34.2524980754998,21.438919893889796,21.40119707589048,45.57597470641979,8.771970051887955,4.319885238136032,58.330086037395695,33.078127177551266,16.57680249053147,6.991701128707412,33.45290270412474,4.83723383467686,26.97817536944966,9.46062159112476,9.805179973014218,14.14312409511791,8.654510408754444,12.630162553908384
76561198203294379,42.20338239219287,42.071708904251636,38.05953789579901,33.07388558221457,6.757988923941415,34.3908649062903,3.0601145324832593,21.089326375788637,30.4991652356055,31.423804527606517,34.6402137496509,6.404179312829108,13.10923936152605,28.101269962807127,7.160500806751503,21.27544882589332,18.741760500531992,2.3978952727983707,14.366021118831972,3.0601145324832593,10.145517402024016,7.013484741050865,25.90212456552348,3.0601145324832593,7.540709745689973,0.0,5.659613217631463,2.1258479144939915,2.767576180416237,0.0
76561198205514059,0.0,0.0,0.0,0.0,0.0,0.0,0.0,0.0,0.0,0.0,0.0,0.0,0.0,0.0,0.0,0.0,0.0,0.0,0.0,0.0,0.0,0.0,0.0,0.0,0.0,0.0,0.0,0.0,0.0,0.0
76561198206869732,29.31718555168287,55.008772479803156,17.993251255506856,39.05888861126273,17.813312417611805,19.6631133491837,12.500421442043091,40.95376814412587,26.779540750581404,18.841502829855727,18.70586051811005,8.974790226161605,22.29880846772577,28.910459844856483,1.4036429994545037,27.379371560745483,8.835912940966914,0.0,24.892604713365678,5.1961185142277895,25.769853323878475,4.818743286285651,18.24407136009845,0.0,32.57770953047391,7.252701084727578,5.1961185142277895,0.0,23.606751679524237,2.0320878452963655
76561198210123867,36.51448614167877,19.5221634112429,14.42970288347377,26.320832776315246,24.498982545889486,57.18443658256719,8.94935099192181,20.856514227886876,28.402163632522694,16.299565769935757,23.781227306986512,16.82067847096987,21.446180629560516,23.641272571537826,10.922672546980547,21.918204248029454,13.48606663734313,3.9527809979003137,33.0041582683348,9.589182204963905,16.11260590711308,7.683693970407507,17.771440208244456,0.0,21.489053538237478,7.689047302250007,8.030826787152911,6.430931001912139,15.669087429590853,3.073618812211062
76561198212109881,31.468719996858688,43.16134281588992,12.325176570614554,42.28309331522378,0.0,7.968221018709299,4.323072491830211,15.436352522494525,37.19692802615796,20.626980257099294,12.97510791702933,6.454429557038733,27.94287507533525,41.68151012099745,17.652196676585348,21.463293763423536,6.455217431086654,0.0,22.56510110825179,0.0,14.713940842755047,4.750871844575575,24.90888408966417,3.0339909856710814,10.913151899373684,3.0339909856710814,0.0,4.323072491830211,0.0,0.0
76561198212143500,39.89291935947309,49.28248210112284,17.723538151148958,30.63030393522989,95.43443899640565,44.5393945891373,34.181062859863054,38.17896955212268,9.851261581235391,52.783336943315206,17.15288128478418,20.35263347815781,35.44143209828955,9.851261581235391,16.102876561502352,62.396745304081236,50.96067599504564,0.0,28.67474411266225,9.737102364566226,0.0,6.172159782157353,27.37451992523075,16.65417617207985,41.447655328237005,42.03669576842768,9.669306176699305,15.982042447743565,30.68976182973844,15.61263178385326
76561198212519471,53.703342152076615,55.706261118622045,8.523452938256163,71.63681898852379,26.626073264991966,14.239759676165985,15.149474180698167,49.25679260169872,60.110620445697265,35.26848180611492,29.740898885711147,11.910769402929926,17.388658041673065,49.21964472563832,22.091018000962425,66.77020296526872,36.79909353481411,0.0,32.79146062714645,4.04917284357538,39.07615730112056,12.538309246641738,26.220362884200775,4.04917284357538,40.624388479654,16.01059961636978,0.0,9.544861527905297,0.0,4.535284058523925
76561198213107237,18.847035247461413,32.78458859000171,6.153997851502438,67.06383862105717,0.0,0.0,14.397882669151418,24.592059957952884,46.828139651035904,6.664511055960924,19.747304155474442,18.840376826711566,12.109250643954,47.64757800964113,13.46453315366279,35.631977302440134,13.004582820114376,2.5400259490090797,20.576953018690464,0.0,30.79906326467935,21.918112950681962,19.18636997476505,9.191637367297387,10.002880386952864,0.0,0.0,7.631335394181662,0.0,11.783582132231935
76561198214234216,40.11297395278705,59.55554030139244,12.231718498471832,92.20904199821726,8.51819269174932,12.22405990054456,25.537364633654512,61.475952392314596,75.87805857733906,20.003402980816368,13.791751403223032,8.369595791865212,11.589305609640892,70.96373070089479,13.06961768435418,40.97762498125808,14.778960740683047,0.0,23.340253939773348,8.058928391715872,36.489913536888146,7.626342792519878,11.589305609640892,3.8104331496665127,27.944639679901744,8.51819269174932,0.0,0.0,0.0,22.161958444312415
76561198214300979,56.923836357409044,43.843239599049035,23.459933449362985,49.707000451539486,0.0,15.321174737766091,7.230573236631447,23.751746727737792,27.464446573879773,43.33942350281712,45.62001823208828,19.340828251425663,11.985488990371648,19.75899237955496,40.13769528404706,42.332605681318306,15.016017682950741,8.694143687855203,13.917660153650576,5.871960312287802,21.951314858959257,20.577737767639096,24.059598421043553,5.9255493454471555,6.873870209929237,3.778948651202804,6.633553931864197,0.0,0.0,9.629423992417792
76561198214648473,44.17652348877024,39.73224334244281,7.7381198629742975,45.567787649140996,44.15427024067229,27.571490155245048,38.66172419273721,53.19064612173383,35.16820823082464,38.54742075101227,18.480853715380515,12.719798172166463,7.759618843518657,26.136536761104054,26.523152586134266,63.49379011402368,43.19785659119608,0.0,28.223575788464256,9.018538862084096,22.933359838707112,4.353755752706852,26.389607410396007,3.9150185144079446,52.93003782717938,20.505351620459837,4.0973400712018995,5.159342614257448,16.501400841729062,21.266729326198806
76561198219075073,49.20638060540429,59.14296356151381,19.1189248360867,28.153079374462134,3.4216533902295376,52.412455481363416,28.25452439820027,66.76082431699669,18.273527067812914,36.805030834637925,32.31798925393237,23.042172451380175,0.0,3.4216533902295376,4.630155438682,6.482793846662213,21.573958304288016,3.559055466277736,3.1170645587215158,8.051808828911538,54.37100776858608,4.762857461823685,3.2039652121324464,8.051808828911538,47.65696677447739,6.552790300789732,22.57662480350254,0.0,61.79604047011908,13.795392733088118
76561198219470507,0.0,0.0,0.0,0.0,0.0,0.0,0.0,0.0,0.0,0.0,0.0,0.0,0.0,0.0,0.0,0.0,0.0,0.0,0.0,0.0,0.0,0.0,0.0,0.0,0.0,0.0,0.0,0.0,0.0,0.0
76561198220559105,36.077320065314495,45.28601415430394,23.983035698460434,50.89739637236628,23.57859337047087,19.405162491434048,53.90994918117574,53.19137793912256,26.571862013898887,33.02793165567486,18.27571095437333,14.116135680032006,11.049296329638894,31.042465910208946,19.17949536410261,16.12888597236369,11.71223854796347,6.6642599020899755,17.60301819566407,25.488894697874393,19.980651086683693,7.015010558440754,15.289345418819417,9.731021133945854,30.62738936342194,24.393217126155967,11.817018964165555,20.210438917297083,24.61301098177355,32.90397185637983
76561198231347376,5.823352253291429,11.900800967930433,0.9549728384664988,14.601239110881771,6.446404505569409,3.2636101562083715,3.747473884721417,10.948371189440405,12.558883039517672,7.081835042109677,2.167580256984772,0.7275486072772778,0.4574248470388754,11.04757848831694,11.393423842424005,12.641997297435092,1.8206257987559937,0.6562757057840406,19.479952756058374,1.1849734543161532,8.205016543723394,2.568261164600009,0.0,1.643839339151433,2.481765722235434,0.0,0.7275486072772778,0.0,2.923806533982402,0.735056583637155
76561198238420992,43.73169825000376,35.441978093605314,34.765914527196735,33.65572081640759,0.0,30.413944937446008,5.364339162090034,14.744550410530952,30.724790774114293,12.455649767164108,41.98722451459125,19.434950456888842,15.070202688400979,30.38862641926891,0.0,18.77989325152319,24.001869384814505,0.0,24.7774556984167,0.0,19.83953791456686,8.609753703437523,39.99211877788791,13.893463071803861,4.0280266811844525,0.0,5.6155703770900525,3.9636662385799846,10.227054027639621,0.0
76561198238846116,24.6891573785576,45.19344900584692,12.13364128169828,47.24555040399337,22.985183419199217,27.43459981006096,49.02851785757332,53.59825019919865,52.21406725776048,24.269854281575142,21.010517459118653,14.032951241021403,7.771320111833213,47.06082675110258,5.027492411162679,38.41985545439555,19.76807236351091,0.0,24.398341163835195,5.027492411162679,18.469090966092395,4.807947751349428,18.675601485507972,5.027492411162679,25.249652035082075,17.685577678416355,8.80140324337464,0.0,0.0,20.186492824435135
76561198246412594,65.08569941719101,92.34616915701575,41.967923255029426,42.17955163094047,4.940570419647969,50.361428849960944,50.997957873197834,73.34751810316237,45.527215414590785,38.172822886971396,57.87027125755316,0.0,34.7397081418796,36.67739586413623,4.650334737942465,27.052685040092527,15.769650511657034,9.821677452694775,0.0,6.7678378245156,25.280707638125723,27.532825470144363,27.145010441927454,21.625252740443955,23.29187145799935,11.7760237868747,21.924550226693572,5.600161186405912,5.335034949483199,15.376840342640723
76561198248263124,50.86612410520501,60.5203227365816,18.25676508995832,41.49408090440677,4.936988753927957,31.52799190496304,11.03676555384843,38.99192810849109,21.24715048728453,22.849114165981746,44.493064320017474,23.94153441108182,20.52786091740205,26.428259652927025,16.51093442274869,42.53317851015643,8.05586303858793,0.0,46.4148038310239,4.52417702677856,21.97623820205854,27.339287932103154,29.490455526345055,3.7032753343976688,30.633020584190803,0.0,10.17879591415754,7.148011175359638,7.842163886421602,14.657527684839113
76561198249893146,34.280722780882044,73.29362324455799,35.87880866594482,59.95565691114042,29.661426845961238,41.36121717634285,41.452517656843725,38.275746365669455,9.088047261203538,38.30817761818613,34.902145369798916,10.174080674587715,21.060479255401503,24.9934117139088,19.68996248528989,33.45455632237536,28.811294402512253,9.950651585747176,4.340292766189574,10.711670322420353,4.764990477435532,9.288664779602009,30.788747504328715,18.05696608038486,34.29661446509552,15.420441469107779,5.891146850593115,14.835338210780076,10.013052843722129,15.834614520170081
76561198251071604,60.225545788687825,65.64177135695877,36.63298370031635,74.82777909104935,4.115290326737563,27.621573208694887,13.437661610943064,47.98079026665535,71.50438497023853,35.978326328698834,29.299219980596355,8.938358470956636,14.58213795476042,65.06261037267012,27.491092675704888,48.78764068920298,26.54356244030107,4.131640346965797,11.382161257298304,4.109561528026961,28.522425478695055,10.8354876758349,22.416901815529698,0.0,28.924897228580004,9.72593359665014,5.610643269912577,0.0,5.541655625147766,9.328100082916102
76561198252530300,54.21095060527361,61.499306411143955,18.524929019976188,39.005978595440695,9.562016062445291,15.839647622906973,10.20497691452818,27.13911105705146,23.263240657000246,35.184585656694736,30.73874200833702,16.951830477587198,25.876427492448585,17.63644722387218,16.198817458439375,32.115818806106624,30.312966204947283,3.0411835364579085,18.77045496961879,3.0411835364579085,25.947113791270016,10.592258393877852,29.44838060558002,6.055424776066859,23.49679923875386,12.625214704287448,2.916689066213538,6.033409670682612,3.482777368654578,0.0
76561198256116084,41.92755584001151,22.49568729124944,33.77373735240174,41.859183170535445,9.066507344859211,23.940674100046433,20.066822089672698,23.334029575933595,31.791549347862368,7.410884092089289,18.680127330242065,7.789299445608909,6.126047012162298,29.688243193248457,19.531211156465975,15.009244349203115,22.513950153682806,23.024324075781347,18.830758303747956,7.634559006006437,22.04173853364768,17.131827799153132,3.49559805708364,3.448987045498004,7.0355539793309845,1.5085119938441398,7.839844939920641,8.049544993961744,1.4883995840570443,14.861388274901582
76561198256822801,0.0,0.0,0.0,0.0,0.0,0.0,0.0,0.0,0.0,0.0,0.0,0.0,0.0,0.0,0.0,0.0,0.0,0.0,0.0,0.0,0.0,0.0,0.0,0.0,0.0,0.0,0.0,0.0,0.0,0.0
76561198262787729,42.85088199400107,64.3766603402493,25.171933673317206,30.658955616517563,16.913703435995178,26.479427176732397,8.152954168972503,45.3465161663224,16.470520042107538,20.016852273660035,33.75799718923669,19.28820721670005,39.771797135588166,8.37002408359961,0.0,26.104894627642203,11.8504512285798,0.0,21.78940557837651,5.164500218813697,11.989553459578753,15.202758286059415,43.82655422001842,12.903235524066414,32.9400792137895,10.078518849847876,0.0,5.134739052571217,0.0,8.152954168972503
76561198263694383,43.67571197281122,33.11550329931187,21.023699231324912,48.94906889081811,45.30078150713365,31.834715704724367,45.939587155818955,34.651358932153606,27.38446182057283,43.76863574115391,24.40599960321993,17.42539246313784,14.16077935780154,19.98059572266587,46.3192379698379,39.539621000600306,10.459572345038069,3.173878458937465,33.46699112806879,28.29663539015135,12.50230964982752,12.91330955791835,25.756335183919777,18.08809083894552,23.91627716757165,28.085156519416174,0.0,6.42080632525982,0.0,17.264995014390806
76561198265883417,40.03850320581491,61.56112239937256,3.720862499966987,72.40404884280466,3.551053137206533,3.720862499966987,23.55215556837841,37.64646561325119,42.09669723613187,25.90682462044935,29.388066553159945,11.038388964006677,0.0,39.085141067124255,19.912724257252766,29.981417227454745,19.68401617279697,0.0,10.657684676215284,0.0,61.861478005922436,22.685902572260705,8.646801393382342,3.9630962756121466,17.372128074265262,0.0,22.56553552282845,8.057983070123196,11.862314239437264,11.354031740469143
76561198268230924,56.054768269253174,44.55223601086691,44.46674857740388,71.10010130841745,46.83221839289058,60.14991142584205,70.31227876507978,44.03604115796436,34.57920386925973,35.142953821483715,9.295772285603345,0.0,4.186619838331271,61.359671801264184,30.62601571946436,51.662014588069404,29.588473297632866,18.498682211046162,34.95258733022607,30.05046975359046,16.230577458278763,30.076073467658052,5.948739701647985,10.334045924670473,38.394117218945446,30.6952826625306,14.422800732163271,14.895323412221831,0.0,48.77855468842887
76561198268729880,29.317060566677625,23.42818584566652,18.406739006373662,9.204109450037977,59.768943679276134,33.22636782048762,17.836722409641617,22.87510399523407,9.204109450037977,9.713216173476683,9.271671003332749,14.427720808296593,23.099386893938266,9.204109450037977,14.37425029959745,14.15651484233377,4.620551288026394,0.0,37.676292167595136,8.521383619296703,13.2987872900502,14.794522727978173,13.951438858708048,13.413010126810756,27.29647985456763,28.264097458717863,9.474102044229841,12.587798906814594,17.888820695401275,8.519413724207464
76561198268967656,57.441723630251566,62.495032910487275,12.742963870963077,43.345648593229726,40.96189035061481,22.632801822341033,35.40605298515312,54.66086195674397,25.559443893210968,31.233511142744693,32.77556897386747,8.342574769152755,25.037733094943157,25.11453555458182,26.075442922971153,55.07611010975458,27.582570280145262,3.590990953294811,29.876481898982263,16.398580282180017,15.510179792898022,21.607676284319627,46.24607060159274,11.574531011640177,48.01742499598424,20.761053931932857,3.590990953294811,7.555606408842127,14.915580510836193,8.86471241335655
76561198269218599,19.992883145591655,19.822912454402392,7.191056142940857,29.090919549403097,1.916922612182061,9.878903636725546,14.47894162939195,10.294947994580957,27.473281893645296,6.190578690862738,23.30886567596097,2.211565694606877,14.7011394856347,24.785434399860605,19.770685289348908,13.787654809439395,7.095049203042649,2.307572634505085,9.977915248572721,4.495019326041242,14.950970961577273,14.800869969421091,14.7011394856347,5.986751960293436,11.128200390155921,0.0,4.168547172754613,6.134200324119941,0.0,0.0
76561198271318447,0.0,0.0,0.0,0.0,0.0,0.0,0.0,0.0,0.0,0.0,0.0,0.0,0.0,0.0,0.0,0.0,0.0,0.0,0.0,0.0,0.0,0.0,0.0,0.0,0.0,0.0,0.0,0.0,0.0,0.0
76561198271409027,40.230044497602684,57.03396070553062,35.35487997754941,23.312649857829413,15.705946391127261,28.746788818285918,29.56832502394458,12.443419708503244,14.307923199243263,28.311207392020357,50.28956762036301,22.713159586482334,29.515261224430695,10.352266156795054,9.122256900498577,17.880456997707235,17.994588831887505,3.2969473602883563,17.767550574895267,8.766133229729654,3.955657042448207,12.578942082033446,38.95428677366213,30.822601172686483,7.640382754385737,8.334759028282427,11.640279400534666,4.313881617942199,4.020877410340228,12.003694876646934
76561198271535585,68.77885888747352,84.70627672089294,40.91611682674615,10.466141281253002,27.254821954733025,59.35556980913143,5.162497643405501,54.2581895632767,9.830720227467216,41.99296477806524,51.165647832858184,26.929036308821267,16.13485080286305,5.199159795014818,0.0,36.35534309005096,49.20359981686437,4.8892206722058225,16.272032081256242,5.893107229491114,0.0,5.404162764631377,22.439116773215776,0.0,37.43504996540715,11.15864310651477,5.663203506158285,5.105460507838699,39.32565969403973,0.0
76561198272701149,12.40571581767538,27.048867206588817,11.336606780665367,8.096068210044184,24.390419961248522,28.157209930174794,18.12706646194162,41.216625108821695,6.464907178077764,4.419638482181243,2.327277705584417,11.258430953090066,15.89843021253836,6.514630613430195,2.4595888418037104,22.096511113030715,0.9162907318741551,0.0,10.732638671271477,11.636230558760673,20.340643127458755,4.274971976433232,19.64426289590024,6.500679123834315,32.77943151073327,14.106732220620872,10.461495902835628,6.662598453691938,18.73527492052071,10.224826172797469
76561198272738490,33.880411436156734,23.130760794595773,43.629232930594014,11.482731312922233,30.08878062707624,28.932733870541377,31.595990759942012,12.453175101312377,2.307572634505085,19.14835564356876,8.108797559514691,13.25703742454116,20.881539289192744,0.0,9.631354658632157,6.068819029354524,8.376391663859609,21.366865505323858,8.337056211495671,17.52165053237811,5.93656475712632,3.6958550678503617,14.903521294846632,13.54515746853355,9.185509112274744,20.320101818641493,5.801224925009607,16.227179078980612,3.3178157727231046,8.985067809926118
76561198273177152,42.4599754558484,64.1276891879053,7.497798895052799,77.81879208619821,4.877103901471733,33.077047854804476,31.539458583331854,40.086123490806855,43.311511204661095,18.889586042505663,29.2807686162909,24.435756486591146,7.017649949804855,33.269365438634495,25.933495603857345,27.152464925232692,23.642113278097533,10.577693277566022,25.539872876096613,0.0,50.418542661848775,27.579355122844987,19.887492881717932,0.0,24.488337902403842,4.877103901471733,30.895241197210126,7.338032016988076,13.211899472419534,20.245349201375642
76561198273477765,46.37913914528049,48.20543832229223,11.626270003722993,96.95299825897659,7.214967882891853,16.201360160341746,38.99780070617343,52.56748346184418,101.97095091999884,26.551803452155056,14.712952582948471,15.053335414346305,0.0,80.6215864732596,35.25431292424449,43.53562520690419,49.53648363747543,4.399989335048054,11.681985634483581,9.801878939680273,24.602429191054306,12.911155198562696,14.562230057940248,5.728247419055714,35.55859953821329,7.214967882891853,4.073631520624559,4.073631520624559,4.668895876868636,21.02908848238701
76561198273602004,38.86901378875895,41.8828710957655,23.084385976933735,28.530598987392775,21.301509054088026,25.46138466781802,12.397276591629014,18.69266176163334,19.2316772049082,21.553662995211457,25.58176062729975,11.443922778256537,22.985169302151462,19.2316772049082,10.221107699956653,19.865313168471285,18.81869422442915,0.0,28.21227596933577,17.731596365541005,17.511783183080677,16.714705910018147,20.315619390212987,13.401098303560632,6.759759783746793,8.737678653138325,5.047288611744291,6.289156973363993,3.2809112157876537,0.0
76561198274446234,51.621007923775515,60.13363763835258,19.12883012953155,33.49933292154249,13.662787839488079,36.33985435603378,9.419474293098489,38.19225610712717,39.81445601210083,23.897234127853835,55.46869807976178,13.947399605304794,26.050228392718623,28.835620749244796,17.83410327776061,32.22860769274264,19.577196401310456,0.0,16.971624774472303,14.829641790729479,27.5958199601719,20.761199968343757,30.441871614127166,17.83772412500029,16.693717005855497,4.158101528024852,0.0,0.0,0.0,0.0
76561198274842511,46.954263454336264,73.87120730172245,26.560201224656296,44.191047830572785,25.533920137839907,20.846972437011296,14.148465212459026,65.02230475016984,37.665854911426955,49.269542903295005,15.61249031375544,5.2560881323303,8.841182699083515,47.798000344693456,14.113398081428752,60.67428617323308,33.511294558977326,0.0,25.51752087226529,0.0,29.45869298020262,13.383389681047445,13.176902649209218,0.0,53.19278863737702,5.5302224235308195,0.0,4.6709579265260945,34.869473215459685,0.0
76561198275767100,67.48831004573948,52.336296070713246,38.744751764560306,26.786191724262835,22.154804597548427,55.17857609735087,15.371369128035273,27.454268898053694,28.949049153436174,9.050991002347654,21.422024750779066,19.410352629248884,27.12873979966891,14.883897972668812,14.914135681050022,35.89391964065872,5.029457048336844,9.524835441559645,19.86614850771229,0.0,27.893292947041367,14.533084365343512,10.611824901102612,0.0,14.953993670014363,0.0,0.0,0.0,24.70626103225674,4.698205051955281
76561198276820389,20.75117484037559,37.5074609009256,15.713935304958849,32.27414772062591,12.108933715342225,21.849153091370738,12.281353618734803,24.46446185514388,25.00955219864614,21.46927712544035,29.640986210487267,15.875923221974638,25.517357149161384,27.848183916026564,3.893247850101812,29.33857533430184,8.351439860406114,0.0,10.13750006214104,11.966743054621615,7.868317409336415,3.9189986191645714,17.101565371201552,13.550905473586592,16.75628606055001,12.108933715342225,4.562262684976814,4.562262684976814,4.400234854322551,0.0
76561198277899306,73.53362457313403,92.8697491637059,34.085290176817516,65.30326796861021,3.192531849528599,29.480440895242324,11.862823739061888,80.92875751107316,18.358387181025677,55.608417733483094,52.364555051631434,12.113294084074177,18.236315484044372,18.358387181025677,14.46662525165363,53.93288504500196,22.291562714494745,3.9670792111762245,10.347075864703456,3.4657359027997265,37.64188956008876,19.557510942952906,7.134285090440413,0.0,55.74419339825038,0.0,9.075756997641454,3.9116229254068062,24.471933691705743,0.0
76561198282596613,30.15519201965882,55.367595269858484,4.365897252743998,54.587997632832675,15.600749199232773,18.557698996984485,15.059405691475284,42.02382398336723,29.40898197353988,32.97415662047733,21.510612421950484,14.659846237703125,8.211586115029764,30.686213448576847,6.562791490971416,38.28968244591563,8.190348136411398,3.6171148878846253,16.374061388245376,7.950869973884807,59.011926193905595,14.522297699777377,35.93213196777467,7.7311543241384655,37.65715924797661,7.921985131964188,18.45408020594121,4.061649179383958,4.007333185232471,3.6171148878846253
76561198283021088,49.4951530362082,39.93165957334272,28.192880537049685,15.943815319044944,62.05759429622429,62.38354325083592,10.953450767081137,29.249639004673625,16.101259760869866,35.44147158711163,29.31976167246176,8.42837662241113,33.89681569913377,5.6115940836612985,15.172930016209378,40.530511460645826,9.982000809657766,0.0,62.025741222367834,14.32248068183326,5.6115940836612985,15.187982984838339,9.611970803768777,11.675513762062016,24.634221502233984,40.62746829054544,9.126462987987075,3.9987510089379703,24.582250122407473,4.96563792816552
76561198283383463,45.649200462276276,44.014815271955044,35.38541947804432,70.2048065977068,13.459729236426082,34.281285974609176,52.925251465552364,56.406644654489526,50.38644566240686,28.512961988665577,18.6331553672724,14.242919924567929,6.550608795314591,53.32983145558863,33.36407711370573,24.003558974874274,23.02096843861987,9.264531638184147,13.823442636028824,9.569569194987789,33.0569725017463,39.77128793531064,9.984041780806848,0.0,25.497537483305432,9.63482658638626,15.341331593816061,16.879939429476384,3.590990953294811,31.862787867759312
76561198283397484,43.4010226824644,62.760798373185615,29.188114104563716,41.00913180013948,0.0,33.514961389018374,13.54035510095219,29.22164535397186,26.81991697174013,43.25785714322094,33.84285543302933,9.445385110381526,15.862263579712934,22.524265552812995,0.0,19.808747166691973,13.778084698076153,0.0,37.70639032596512,0.0,30.9339522859718,22.59207373903274,29.99196147211638,0.0,15.681290253019668,0.0,5.272845700574368,0.0,0.0,8.724680907196355
76561198286376504,19.487828837976625,31.722702841666703,26.445687582760254,6.360348654953146,54.5524031914822,41.9388585887265,18.794490140238917,59.93497201967164,3.502549875922443,6.794586580876499,4.289774274968795,10.795104719523504,28.824064329167165,0.0,10.343389147616573,20.6251335814442,14.376777071570663,9.744474456299358,34.20957256850071,11.75390170075203,9.18239114587169,0.0,24.17716398877109,4.665512414994253,48.29109788203037,17.97532875195219,8.456932249710174,7.780360169438406,56.80144379759961,0.0
76561198286525675,46.369034413630814,37.17208735686137,15.19170923991858,73.77941121886256,14.258011127782819,30.48003522714182,33.78462965256055,28.5609853138798,65.88226517477452,5.132439862170015,30.583985616816758,29.86789570262672,15.24298018761101,65.88226517477452,20.704903932119755,33.02096774624285,11.716893462080824,0.0,29.71423351695511,18.397131304085423,37.69850141983008,25.52941096041041,30.160848975369404,33.36469137742228,9.228948747221493,4.419081542624893,9.070467152409947,8.965705719946502,0.0,16.82637698889616
76561198286544260,12.372024031406903,25.67271994073255,11.985726831436828,28.78314510823976,3.2268439945173775,3.4506222649896783,0.0,4.886208990720391,21.241395158317463,7.369235179244184,19.572466917911342,13.991893318421026,13.153545035993917,23.830661823429704,8.383615966427142,16.11199667503339,2.589266665112243,2.589266665112243,12.729737764748373,0.0,11.501574548273455,15.898378111517518,9.252604890358427,7.604261673559625,0.0,3.2268439945173775,0.0,0.0,0.0,3.4506222649896783
76561198288995710,0.0,0.0,0.0,0.0,0.0,0.0,0.0,0.0,0.0,0.0,0.0,0.0,0.0,0.0,0.0,0.0,0.0,0.0,0.0,0.0,0.0,0.0,0.0,0.0,0.0,0.0,0.0,0.0,0.0,0.0
76561198291180742,53.42238035197645,59.26215503978596,14.79998133139502,63.20817874771812,38.864096296931024,49.44802230810114,32.87332312022816,50.92025388711568,76.24041369936106,23.932487719945204,49.476444737731356,22.549036512456738,27.58223948106729,63.86382880574422,17.000187664135876,55.31495525434684,16.10209399030262,0.0,44.72372757563222,23.017664071001548,30.714599229620614,10.215074708046092,37.66560570533015,10.06438294981842,40.48602156089464,32.40811187893357,11.382806859300654,5.120386158055375,0.0,14.384772775190495
76561198293954147,57.157576113864856,86.40785048204968,32.428615246975305,44.38062199552149,9.289213879478433,46.021563331761755,16.080539022732417,66.17481823542617,33.150014160640225,35.57620409015815,38.74277410947442,14.409830458408308,16.882001115528418,32.483001308923676,0.0,38.96426682339353,20.84422321213794,8.354255727286237,27.2138981101948,0.0,37.39823437723529,20.021528742838086,21.82592664415229,0.0,24.255935588953687,0.0,32.9213521999474,0.0,28.634528494916516,4.283862385886651
76561198295206449,45.920844531294904,49.75662592182715,23.128009983114694,32.6850532281134,14.654780894558158,31.430340200260172,8.390108403284252,49.345906407732265,23.483559583285032,30.652784212024045,36.18697240759827,14.07867070555583,40.726261936659924,23.483559583285032,4.81112688587948,27.7572813430362,4.569750240756831,0.0,36.70806551918093,8.375938795886714,18.913809342528204,9.17892781328938,40.26324964966554,0.0,27.393984296241587,10.596063509979208,8.845959096105787,4.500142948120385,12.60425889188188,9.142517904584782
76561198302298927,44.1171591377364,45.88303342506747,51.806388032921966,73.0787526055795,28.05870576920088,38.70189506147618,33.31668878277706,49.05217915818855,54.023778095696024,25.962434716402058,27.093852848767497,9.38406310630127,20.285496801039205,58.03666783153962,17.143424341455898,24.404321013227854,18.543068397684813,0.0,30.259867040761968,0.0,32.2649729509685,28.38358911785938,15.609426899207651,26.308724332810858,22.35977741157199,28.05870576920088,7.223091428215734,3.4949912609485163,3.728100167267218,22.346517028019502
76561198302636427,39.90354142652034,50.54210592482636,16.449536165058618,25.962755093902658,37.045658883669304,40.67178431342541,19.023075240590046,50.040091487195696,33.35411881761487,25.748489224974936,14.638683825283483,21.001431091265975,29.98414248340444,21.349319163497533,0.0,44.427591208823344,27.95012547026723,0.0,32.65493990916703,10.134686353041314,4.613435930405124,0.0,22.17255351998501,0.0,44.96540042567756,27.65428323592211,15.774596305487062,14.430950718016975,17.74111999545571,0.0
76561198306886649,0.0,0.0,0.0,0.0,0.0,0.0,0.0,0.0,0.0,0.0,0.0,0.0,0.0,0.0,0.0,0.0,0.0,0.0,0.0,0.0,0.0,0.0,0.0,0.0,0.0,0.0,0.0,0.0,0.0,0.0
76561198307891464,49.76478229527389,69.4394223258128,25.355548269535248,53.09722189987731,0.0,14.748859697628232,32.968777385848206,36.27477605698403,41.557157343059465,27.63454828339456,58.924035574649444,12.385362966015867,6.611735074053371,34.37604232600639,15.804852446803084,30.01931248517996,12.694441412062037,18.153546910902513,19.940257907066922,3.4183822064162563,32.9564002448064,17.515524024371082,17.1084903290115,0.0,9.659961909193473,0.0,31.178413768228772,0.0,13.077344794574875,25.364257726269308
76561198307911644,62.54132968830897,36.79397795633845,37.66591944138553,13.158871408159403,0.0,56.25116688280035,5.050368696314856,36.917171751223776,13.336810738493632,14.72658478943504,26.528336042914507,3.8312466954008584,39.10139030509686,4.1260047149499695,3.9948924832504407,9.257479039842679,25.370926845454882,3.9948924832504407,8.223185017982281,0.0,27.559385752239304,7.735415170516216,29.839780262734237,0.0,0.0,0.0,0.0,0.0,10.272331880733566,0.0
76561198311777128,55.20872407439012,55.91667243810939,36.39432108948838,54.34971901965667,20.411172648936905,46.326544897329185,16.632426773912965,41.52414895532033,49.80635313995468,26.732968961560196,31.46824377247836,11.949792255460741,10.30888015801604,39.5839668644145,14.38909580506694,19.27924634205165,14.808134012698037,0.0,39.61111757256851,5.0447146077491185,30.700177248371453,19.704601880585017,25.855767933122642,10.157003555571874,16.721283471284845,10.04164877966734,5.185988181574117,0.0,0.0,16.37938842912164
76561198313453043,45.80306055606383,49.126137242389916,42.590452546819165,60.20259296607405,5.0976077814408045,43.80549717444785,9.278127600968215,40.815448338906975,32.01998568804875,15.847561057159089,37.73338570609992,26.161272601168925,26.13143635299895,28.003242371850202,16.950474796015282,12.86064443890044,22.19256223871345,0.0,8.480861102168834,9.199755155725926,38.22226213240039,8.657611613913334,58.66023872139753,13.706228390672909,14.622718016509168,5.0976077814408045,4.653960350157523,5.228323994727502,21.222883320450713,3.7871398232814557
76561198314815990,35.1397032895384,25.945346281626367,17.782728347797793,24.44517555640695,39.786617278294514,22.630113140237075,6.78784610970466,10.559671042847246,24.69421228971442,16.276653297375614,3.2180755046974316,3.1432898379116057,34.44192416864989,24.69421228971442,3.6041382256588457,10.559671042847246,7.614524260116122,6.511039285506222,50.02969012223704,3.8809450498572846,15.549657060913235,9.899672188281823,16.89677396839219,6.050190897758981,11.260750519260377,13.716205340229395,7.099020554554716,14.401948169955912,11.340292951772147,11.592113025848409
76561198314983684,13.06893751805885,13.886261858441173,35.62245549284673,18.770725918732786,20.070908390149384,39.37458358944657,13.23583878988923,0.0,22.115352948906548,4.86845710160515,16.832146852444506,26.03555907753572,36.736316094586485,22.115352948906548,0.0,9.355525962354811,16.63940198421031,0.0,38.993196717440156,15.191296449610148,16.82548328931065,0.0,37.26404664171669,31.08016448873202,0.0,7.8399492808247935,3.461978853922014,25.52433858581801,0.0,3.461978853922014
76561198315234904,32.26140931338282,48.83073919458912,29.861374015697663,33.29414414400391,12.987501656749739,20.152999959360876,9.580602489904841,33.50029966335591,25.253506493678458,32.794589210927136,21.432915177217865,18.72487523894506,22.74700977630023,18.159502379764476,10.343936868468244,36.57354359271348,16.797338821185715,8.989148580738508,24.453800098054362,2.833213344056216,15.601213191604916,4.880909223469994,19.929808853684303,4.20960590255719,36.97474750675766,9.850703942917145,13.791422462004899,2.833213344056216,8.37135437216966,6.70629321624927
76561198317130606,26.419385985147706,28.099351856663365,18.558627538487112,16.978149010104282,7.642493975504751,21.864871760925347,8.885188339802916,14.285731677221182,13.954351229119442,17.44751622410817,25.936386116408706,11.146207089063253,27.03572436157293,8.948621949857616,5.719470767320516,19.84218307322808,4.094154544169815,0.0,15.393414386338257,0.0,10.027643229048556,15.037399865024213,19.31045285672411,6.664726724978988,10.890535600754871,1.3029127521808397,5.003460281814595,4.063713518668578,1.7047480922384253,4.821474821134338
76561198321474420,26.567257146795896,15.638325796815602,16.112402255693656,8.595544136854382,0.0,7.89697774150913,1.1568811967920856,6.262050911893616,15.520621092191826,9.447437668615521,20.77166301840037,2.42063475976786,13.738108683569466,11.345126570557857,4.970592509801734,5.0917550092812425,14.11838111150319,0.0,4.0086853615389915,0.0,11.005779338543658,6.990875388133098,8.54336576198688,0.0,2.018895041811802,0.0,0.0,2.559550192783766,0.0,0.0
76561198325641981,54.72041922216159,43.71805731486501,50.985566112404676,37.995339441201786,24.130425214889897,29.834239869236516,28.66031024877743,27.29984711809706,14.375983520302327,21.251206908790934,32.86841540003716,7.373506353922551,19.7131224297487,17.61150386503426,15.89367190234465,10.45136867784486,30.8564862776862,17.024850245459376,19.268329617463905,24.534704483412447,8.313250027264488,8.494532293794524,21.856514805062265,9.14662817600458,10.710142087440813,16.86059087057277,11.769283868764571,11.77598521196444,2.969388298214389,8.197590294008979
76561198326689259,14.32150000869806,10.839426497061606,7.065804465746444,28.670925859984376,5.997920462766162,21.06884877930076,24.113445499066955,1.6486586255873816,26.248428517399805,5.57517607716598,5.48044265408244,8.824552842169428,9.622731356734848,24.700866008683793,3.170903326319105,2.8859174075467844,9.316631777613456,10.400946527052897,11.721073792734211,0.0,22.964428010911988,8.346810128758479,15.219910713957953,0.0,5.277803386300329,4.7113906317999765,9.065897701565417,8.582131312703034,6.926462011887711,1.6428726885203377
76561198328407838,34.64066703501032,37.50395647014224,12.901415686135813,78.16493012966492,12.389183007102488,14.870463204531326,19.279981597227255,43.747169554516894,57.40615452425825,34.674532480765514,10.402590488847881,16.16524310521964,0.0,64.88504015242802,28.659481920160633,46.9649877435259,13.709389635526477,2.7427736371605955,23.120455207345362,3.56953269648137,30.493358138267805,29.353836843064993,0.0,3.56953269648137,30.74826917179697,12.389183007102488,0.0,3.026261478588814,0.0,10.908889900752405
76561198329030307,59.581989831485686,30.72494060789119,33.62140648292201,19.516120873455044,68.49832156078904,57.87649136424977,46.97232162885331,20.011231498392572,36.019458175074604,27.707302712648758,10.680606063902498,0.0,10.853443933263081,15.0028741088176,36.072573914818285,19.13507141350747,17.820384708429422,13.850414458955559,61.12375492987625,24.260647043692707,3.054944133185837,19.815843901941733,8.412608707900894,3.7184382563554808,13.283446542521967,42.149022520386154,4.143610803525019,12.707021567117465,0.0,24.185922681109027
76561198329860101,0.0,0.0,0.0,0.0,0.0,0.0,0.0,0.0,0.0,0.0,0.0,0.0,0.0,0.0,0.0,0.0,0.0,0.0,0.0,0.0,0.0,0.0,0.0,0.0,0.0,0.0,0.0,0.0,0.0,0.0
76561198330374062,54.99304303561743,65.9190205110144,60.22053051574405,57.12862542449876,12.607840851097345,29.424149253460367,17.031447951717993,26.0743875745455,33.6864536824025,39.83245270192643,20.20205404150007,4.681853410759049,15.833914948644024,43.29952636512866,23.673569415034063,36.80689622359059,6.7245773556109745,10.326732839987642,8.63811513554091,10.753516945717095,7.941103129765523,11.427410756504203,33.06729991342037,10.147285209908116,17.279016128703383,0.0,3.5151211279804695,10.809280737421272,0.0,10.003575211084291
76561198332366336,36.574658791652645,29.087472023508596,12.473218124828723,43.72527379598227,10.339968846987475,14.394968436114684,18.061143356494803,30.441278373840802,44.65351203250805,8.626899609943228,16.9418921893078,13.866573501840683,0.0,34.35715617954953,11.236211382608479,10.312843700719784,14.84398457857201,0.0,26.487945960784995,16.56811760692214,48.06061610932936,18.032854631642223,8.048889077176394,16.56811760692214,11.368917348343398,0.0,0.0,0.0,7.281261774272095,4.087655574071304
76561198335877752,33.12988347342266,48.67731590232557,7.122935688474531,59.87154262913454,7.368347257260639,7.116450473675755,13.853768179358921,36.58990316710839,38.0887733670811,28.87360990895775,9.226401320857379,11.99925449232692,2.9025198918318122,47.3240633156324,27.308844101103876,47.464262937423726,15.696904291157693,5.747317585345982,19.329421616396484,4.752037261797644,17.555926924300678,14.40479725952066,11.427538640407708,8.991491759194854,29.221930993116338,3.484312288372662,0.0,7.996055716123021,0.0,0.0
76561198338123050,29.45048659597749,43.08212320539353,69.09382840787583,9.634563575118488,74.06161778834928,48.36131784411233,41.033882762705666,46.88518403947889,4.7104306966455844,14.422565485389,3.9386649363745674,24.865361447551376,55.45646102012793,4.7104306966455844,10.97818276114409,18.42178850708416,21.44626897206433,10.260550005383584,9.705131487360433,59.459992430072774,14.979386710411617,0.0,20.40170385743785,71.32079594258727,41.73977571042312,46.403530158233174,17.18974723184393,45.585239022184375,41.83171304542903,16.49584739342552
76561198338661363,37.17325085615753,41.93925061773163,25.452020367173127,37.39916508657852,10.99650884064841,29.29534079804641,3.7371933143924867,21.14322005189437,26.685922532564913,19.611714016833584,29.25607239658391,27.724207233757497,22.249835896739622,26.685922532564913,7.41222736168437,12.116067856157866,3.6750340472918834,0.0,30.665967744480458,3.7371933143924867,23.223754921540422,12.251640775145283,24.736965475356612,6.499100188285407,8.441033808865981,0.0,4.7235752503667126,0.0,16.561297411245835,0.0
76561198339879556,28.181464364772683,34.37612515540648,15.31809148819281,42.85222971082245,19.921070261962953,23.706699327791863,24.648755753434273,21.908316766286426,22.94177590881741,18.356233153912335,18.872073497258544,13.272394026256563,11.986125255733187,20.221797136849926,23.840819275097903,18.307650287469638,7.089657998075827,9.810810633904396,23.15402450440356,19.078771322681526,26.447081542958934,20.54591372339939,11.280808524959422,10.854128231541695,11.886445931611217,7.282554560323155,4.154184562578117,3.263849190510932,4.154184562578117,17.903975373492905
76561198340169992,55.40414685566118,54.83050801879436,0.0,68.63669118786777,23.21192838459495,19.902874285699326,32.47063072843218,61.0449872924422,63.911684694558474,28.632342993249626,25.190175924763455,22.344786815505547,0.0,52.454451089377436,37.89387131804923,46.360899761261805,14.344773803477173,0.0,41.892825198326484,9.711492461617256,55.55601419008587,20.006398657827365,8.485436978234711,5.7165999783668155,25.620400060307063,19.0994165184174,0.0,4.11251186617755,10.928035425794214,24.509291885479335
76561198341278283,32.343024283943905,52.14185089125499,24.378655173785873,8.338607049265978,12.65674526089264,43.69895981974982,11.599220106666472,69.18783771013034,15.525069244209611,32.95646899627077,30.514849713812637,15.500724672311872,32.869258041017964,8.338607049265978,3.3134584673541485,23.862550566204668,14.59671948634788,0.0,22.377231016227626,4.657477965611436,29.08147649099077,4.8247072417081895,29.870705576465113,12.120013457246776,28.97385287097048,0.0,13.300294223612354,6.851269579995275,44.11810003136072,0.0
76561198341668214,0.0,0.0,0.0,0.0,0.0,0.0,0.0,0.0,0.0,0.0,0.0,0.0,0.0,0.0,0.0,0.0,0.0,0.0,0.0,0.0,0.0,0.0,0.0,0.0,0.0,0.0,0.0,0.0,0.0,0.0
76561198343083907,49.32590992888528,51.48839278561418,36.882387320012526,13.652616671021095,24.173191071705936,26.812721063213402,12.714071956026947,25.77671623799269,11.427890839682577,34.21133873719681,34.39335981944353,9.935788601888502,12.799776892033217,4.188790732514047,19.541260029601634,26.119599381775284,16.315604827779957,2.604909442182697,23.72752972967788,11.285005954208978,0.0,8.746747986713903,17.439192915953793,4.078208405201516,12.243479003808755,10.75507941975171,4.6260369527693115,10.49479558546294,2.8803214220426634,14.443312833601873
76561198344355760,0.0,0.0,0.0,0.0,0.0,0.0,0.0,0.0,0.0,0.0,0.0,0.0,0.0,0.0,0.0,0.0,0.0,0.0,0.0,0.0,0.0,0.0,0.0,0.0,0.0,0.0,0.0,0.0,0.0,0.0
76561198344803968,32.111018847986465,31.745305733642283,12.287800789179116,65.59731932834065,12.446960214916533,26.8163243466937,38.53426624295013,32.41121590231027,37.43882426280125,31.668067320635306,11.50283086359157,19.092679417268453,2.8172035149987327,28.900319411052948,36.89340982678147,23.488112043614237,19.564351837944763,10.20129022352293,20.044300975231465,2.7427736371605955,37.25763561615042,17.85780915451243,13.710157004937496,0.0,22.188401527183643,3.007166651179654,11.951614574341958,9.43979356373688,9.724558004470461,23.910118910589265
76561198345413393,57.41335688262525,53.33526845930777,18.137533848424816,58.63569284139767,12.711389925290566,25.444933779986975,31.22200416413628,30.452568759371296,4.635893358630932,42.241839888905055,39.108008415391154,17.651723692656134,8.820531084445424,9.188506293880348,38.68149012026762,45.40244553836537,10.35578657609839,12.838185740949394,22.33482845962338,14.683664904243564,42.20270242219845,30.122535880980834,17.359223384887233,4.6197631882909915,25.498175826451305,12.687148042326395,27.373990118322446,10.13576178799381,8.841121075617625,25.50687407176388
76561198345645365,39.18542147768174,48.20473925145317,18.749141817586164,55.555184414696,15.855639770905196,27.745293702281824,35.720819623962086,30.886514606972515,37.43427749038971,19.659864893351426,16.486084153638302,13.816870509970204,2.543961412569315,43.21407195851447,10.245483336245453,44.52221589386443,16.770422085082807,7.062805064492715,18.04014753685663,4.715298218953407,29.010237851674326,6.199600556506617,10.029261967448887,0.0,22.728707827060106,4.996671587078869,6.452249451686466,7.540835115511284,8.511461338287017,6.316709709614674
76561198346465577,51.87865533192446,38.242186739640566,17.166897792280245,49.12380965594545,20.35165773359417,25.886579693358673,28.196443988153604,31.66952256529246,26.030008190781448,25.427388063048944,16.489479792565007,12.602746103852525,17.05803576015689,34.595451400514605,12.000279433777632,15.242905292453433,22.156727192462142,0.0,21.341129487174246,20.428060209138355,12.581839726176412,7.857462218104753,30.977781971404536,26.67338675842222,13.342051660240616,7.92468654088681,4.455277096413474,8.156579070525968,14.197043179678737,10.385541039757962
76561198347406063,52.46262403555236,55.726993740573285,34.026441085731236,45.771858045106455,32.05642022075411,35.14740954232794,22.683707997779138,47.44547802873491,33.23484834189251,36.466716930873844,35.32278582556255,21.502702223914724,15.056547020609973,33.46225463944069,41.13141097677538,45.03274887872152,13.56543419790766,8.291097687373641,31.55969398772966,4.323072491830211,20.104742262156535,24.97344229896486,9.819413807386933,9.170601384541985,28.927398541909078,13.396144191436363,4.323072491830211,9.303689311623904,0.0,17.70745713054471
76561198347513175,38.0834211110945,54.17157792809104,12.040052579207408,46.35318899692721,7.6996580779093495,10.613007083702131,5.590265078211037,28.642172296791387,39.27081421003865,20.943847880400384,21.563747102947328,10.701298486071149,5.6699071295336765,32.32767532017334,23.08310864203075,51.25359227452726,5.54114196914091,0.0,19.76481168786781,6.691897745061292,27.61961434356254,21.83467206339315,8.656606891770878,2.9069010598473755,22.31050694881941,4.990275431573361,2.729159164312445,0.0,0.0,7.939037241939282
76561198349527228,28.791467556078537,42.411351575539484,0.0,70.50674155201152,13.128102029636693,12.329191252927385,30.500193673605505,39.07585873743459,65.11561900595655,19.29942481816241,11.889303250191388,7.885208840753947,2.6369121732688705,56.25758669470194,10.62367747270505,41.37044757648615,6.964617915751027,0.0,25.215956957367514,0.0,39.015250614521534,20.686201346318708,14.220739202833371,0.0,31.210276335533624,4.577798989191959,3.8334126048462345,3.8334126048462345,0.0,13.490772571524946
76561198350976816,65.62450353943849,45.392454366646334,23.606284658702876,89.64896997367146,0.0,22.932413590552482,23.660652845193063,18.552750999310142,48.59270765498547,47.992032788432525,27.472883109122716,14.238192990088734,15.022313380576183,57.640088742199794,52.49834369878934,48.387081102653966,28.12593252955865,4.2801323269925415,28.751959832043454,4.71492104994721,40.2406611080586,42.992184996637235,20.142775683693785,0.0,14.162384240361257,0.0,8.891613353518064,4.71492104994721,4.176692303570854,4.505902184329423
76561198351821528,26.910847878388346,31.496005722937742,23.76763516594797,38.96846728482338,14.780057711432633,23.977531165360613,23.776695612605426,30.195012219452714,35.90984329590312,10.255914160059401,18.54626646502187,6.972676070794963,4.132763672126045,22.63415714874652,17.972409000093442,8.623869800642863,6.983982717764514,2.970414465569701,24.5873145216792,13.216246864562885,41.509324991642224,28.045303242364394,9.737101063367856,9.733239097664306,9.91836229301248,14.780057711432633,23.19789499013116,2.7713379403381286,16.627825157290548,12.209530942491838
76561198353246717,66.84477924991201,52.3500937874129,25.673236236845188,39.626171153277895,4.28606624352797,42.39435520023738,21.776682572557405,13.710143837087196,34.95190076280904,26.689367198724497,49.02214718091066,23.931838374142377,38.162792136462286,26.73335083210866,8.150023368384854,4.556819925047044,11.905812779225474,0.0,35.394802415291835,8.151755970608635,19.68667399775172,25.01260201450703,31.346090536004954,8.797187135803537,0.0,4.28606624352797,5.023024891742178,0.0,0.0,4.120661870539474
76561198354464634,61.28081341974935,55.765740175993926,30.318500036635445,45.29778018085135,36.426266841350085,46.31991595547014,22.22258934776239,35.27098071215492,50.26672894671245,20.476054462309552,40.40010738986382,0.0,25.9318174950001,34.687894826282964,10.923554085871592,37.12363072958255,21.246427793574476,4.797689567758492,22.26608405615574,6.218241489654613,28.065732324371837,34.420893822334705,32.40221642055292,0.0,19.94728461838657,15.181904695603592,4.797689567758492,11.015931057413106,4.61512051684126,9.493985356342932
76561198355407343,36.285689401444394,45.56458916160925,25.407360953915006,42.037776638787555,20.189625509863387,33.78589456779372,33.67546604154693,48.26609062567495,20.939246607525586,17.937526751031204,29.288594265548497,35.230937416154106,7.0020376580529256,20.599323311654185,4.428194315518889,20.026523279442884,15.616992325975554,4.342895917470844,15.883296879485787,11.271449038744457,31.309483815478835,18.14787502649073,16.736213852928294,0.0,18.110488382424275,18.312471931615995,19.428573003467022,5.104247062719534,27.800305224281427,9.393418892201016
76561198355821938,20.095439502225467,22.288752122475223,13.028049807328909,20.379566594502084,18.0962288706691,18.659243386517545,6.920298285549057,38.91315999300829,11.89536612649177,0.0,9.136314857961157,18.31757426863146,11.948600948113542,11.89536612649177,0.0,8.9579924698451,3.0459499897146083,0.0,12.055246348813043,2.93651291389402,45.77243136313522,3.584906863730958,21.972147134101228,0.0,11.050612771709872,0.0,15.480963639885026,9.166684077118818,41.26183631038492,0.0
76561198358134442,23.788147563367446,32.983413357048114,11.07173566772907,7.1234555174457395,14.259731718817791,23.04007462421713,7.5963985320709195,79.10949207444136,0.0,13.74726267712572,0.0,11.397321461472924,6.619473026458324,0.0,0.0,27.633789714864513,3.5109482456212744,0.0,4.922750808785736,6.679856062396515,20.938089698224783,7.710403292245992,6.409648427623921,0.0,50.49674183758444,6.883257134981523,3.9487405883633087,3.9487405883633087,63.28953825638383,7.5963985320709195
76561198358601039,36.17758404233888,73.1546550212109,31.767021534414763,74.29445238147923,16.02929813180207,40.544153251322385,25.989441342405428,50.81226990042986,38.75093419675645,32.13726381299192,30.868384344281644,4.038303171338476,13.84294118676489,47.48159760594993,39.11808402406685,71.47664926128078,24.167002799276553,0.0,24.241706786359718,14.117598347077235,21.897454883744544,34.24623728584187,36.01578280469571,22.901689099702498,26.509188011248987,10.342254981150166,0.0,13.048623032216456,0.0,11.560851804722184
76561198359999689,28.790294816694374,36.788767294181866,7.795688313239705,37.465042588908304,7.772687451181115,18.251421441967427,19.255722583887934,38.61855694946039,7.795688313239705,2.2353763433005955,22.397630462899922,38.46891842868448,4.669083511731744,7.795688313239705,2.716018370751387,9.800915891516643,5.0626203491622075,0.0,9.059469806686533,7.864485980414303,69.4800027141885,2.34660197841082,29.626813631092723,4.255612709818223,24.92573253197611,3.1954024686825586,25.3619649476561,15.777586019117873,38.02936459326513,0.0
76561198360775008,54.96409810521328,20.227562240075592,45.661402652460275,83.56515738852512,32.06782408335302,56.72174753821546,92.57049039201817,28.826197865720438,51.072427257027556,14.54072916512533,23.492582574868837,16.314871297614015,4.254619308757319,43.19786681702051,64.62573914301998,54.93035505484995,34.86830657238166,14.509509935701033,65.09082690480273,30.761912105425758,25.415717366609854,24.879377403012974,29.7648032419311,0.0,15.753856805039064,10.000005820489832,36.833533948515196,33.91210136388072,10.329347413253267,38.38975619059319
76561198365702929,42.68445497865119,37.07017000683666,29.263836234204472,44.11642993081883,15.410550644222363,21.002557106706472,43.16922866027836,30.143982876912133,31.950312754098107,18.983556300225235,39.09146132050142,14.27146477916287,8.699807955220816,30.23627156118754,23.32194948308886,24.324985874190784,3.7328963395307104,3.6101067729485403,36.083373933556196,12.731592199288782,18.1171548618924,41.8598184790383,15.00088088786272,12.688236291851366,18.68303526245823,11.677654304691654,8.743163862658232,12.476060202188942,0.0,31.86515636363128
76561198366069046,59.161961250796395,36.99014091952448,32.5841215795312,27.769889509770962,4.289362949810462,47.08756539123166,4.289362949810462,17.871554074433504,32.3034811363402,18.643094980717265,42.24246773147365,12.695150281913467,19.685768474182897,27.769889509770962,17.754552884158514,12.900348551619722,13.509401754517054,0.0,46.35802303745467,0.0,34.50235645622241,33.009994987914006,24.645347254504543,18.559824859573855,0.0,0.0,5.518055124727414,4.753848778359454,4.973832987572151,0.0
76561198369639036,42.242173596576116,49.05051784156578,69.56318219688315,13.581488591442564,20.00294429399525,34.232163097262166,15.252827408353692,8.699699631118294,4.244630641232919,29.662774835513694,28.12709258083794,14.724760962089197,53.31532614545239,8.696416520321653,0.0,17.34210721711633,14.227255309979924,4.397776944765114,39.069705621352995,5.078169324213626,4.88507207112091,4.696654876110269,52.67823440263666,4.391357962102766,8.8838437886598,0.0,5.448330928865522,4.391357962102766,8.8838437886598,0.0
76561198371780990,0.0,0.0,0.0,0.0,0.0,0.0,0.0,0.0,0.0,0.0,0.0,0.0,0.0,0.0,0.0,0.0,0.0,0.0,0.0,0.0,0.0,0.0,0.0,0.0,0.0,0.0,0.0,0.0,0.0,0.0
76561198372595912,55.23361568231249,52.07899116325152,37.095945275534206,54.15983963534638,0.0,46.426796001949725,0.0,8.938342457556834,59.229203859973566,16.817940203554837,47.49225333876067,24.438557745804445,29.54235716817904,54.48166643269855,8.87087128327627,25.182532512461005,28.832689536159627,0.0,44.82518266339625,4.848665233550198,20.439591420594134,17.481919487163307,40.176071574036314,0.0,8.938342457556834,0.0,11.114135265013738,4.400848388914469,0.0,0.0
76561198375365129,37.12524476851112,52.93784961473484,21.303960281882418,49.10167746294132,15.044823296142958,27.372054929573242,7.749990517325543,35.526601440911556,25.647599565592046,20.891733818887843,18.249821185105723,4.323470185213858,15.541203951339298,22.349931987167913,24.024852041856803,46.78503600194397,18.57935628618992,0.0,29.667459569059844,8.225370719327394,8.082796553689914,17.324480907446826,7.759712908618814,8.679772071116963,34.07047261841532,16.31496837188397,8.611598143443683,0.0,5.738501403299406,0.0
76561198376124646,27.835138386741207,25.520543131065676,23.713184785725634,32.25818654633688,11.910734542773021,17.79588768946327,27.890132788687325,20.207816958548964,15.411370748096454,15.09884334317249,24.40142349058241,22.829750163062997,36.57178203637269,12.977853211209206,15.075530260699558,15.064293958226445,9.580461647442014,3.0291670496402285,8.386295630068078,15.16915468994603,10.864383459717128,5.42843293187139,32.060960878929215,3.9368326843367205,12.301378021624778,7.78381546139792,22.680812371851484,10.789999367784546,3.528006228525851,14.199178595255228
76561198376986116,0.0,0.0,0.0,0.0,0.0,0.0,0.0,0.0,0.0,0.0,0.0,0.0,0.0,0.0,0.0,0.0,0.0,0.0,0.0,0.0,0.0,0.0,0.0,0.0,0.0,0.0,0.0,0.0,0.0,0.0
76561198377061737,40.32359282363312,44.122069234502526,39.84604757471184,0.0,0.0,47.80046612277061,10.777526234097493,45.9541928014641,0.0,24.73531647514728,33.678845208274446,21.086195714611115,15.919070322426187,0.0,14.717553435935237,9.363923405008194,11.660394008972206,12.109220671847272,18.807095996730002,0.0,0.0,8.111332805195971,33.77459690579263,10.986862355623849,0.0,0.0,10.93054431391803,0.0,38.24699670600547,10.777526234097493
76561198377168031,33.07719995972699,35.94047314255209,21.741780698986354,26.83129508297965,14.080580950301925,21.036309941270286,10.715458320523972,20.037063316267936,25.18272931487789,29.830283575059493,25.537675810293678,17.422444299221706,6.907203626850076,26.760889727279864,35.39144414194019,36.59767145868945,21.46695280128353,0.0,9.103899854437334,12.18720012047477,6.876355423040787,26.210355790905826,16.58344089946303,24.75762469761964,20.037063316267936,13.86967364459653,2.997231149677727,8.155634197039651,0.0,3.1834558796369405
76561198380711412,41.619221499069866,73.67803034766453,29.07306970708724,38.46034767127126,19.409952100074765,29.317911684775233,17.42172467666372,32.8557891702434,29.783102523105455,46.50977684150631,30.237263743961922,25.446384798116398,24.93615021751237,36.25799903303264,23.39639431339899,48.97271828232062,19.502910947879386,4.168988105217867,20.184205145786585,14.89067282000944,4.956531035103055,11.343384337450997,28.153661199504732,9.434211818310523,21.84346605029115,4.496693709652008,5.617498106059188,4.486161399405889,0.0,4.134686441505479
76561198388039360,19.613759376844044,21.90539061859248,28.721622724761005,12.793928850814304,28.910271088083775,34.65513068343555,16.46913680886405,7.146460792394041,12.707715603962248,9.327018317245049,19.2687191289482,26.061211419723907,50.418744140870444,12.746831105640368,11.752019117203897,17.002939232857873,9.078793295008776,3.867443962030179,17.189201069995356,20.675015150296687,0.0,3.0363942552728806,23.959526577316137,35.267388092663516,12.981571614918018,10.812555332222704,3.326114575537799,21.269091678941358,9.161225398061777,7.845459653495599
76561198390714886,63.85011212664365,54.97003589040589,43.2258305962092,39.918136035572275,22.365207104202817,45.59912477537299,18.77202408450098,31.355692713278465,52.654601537344305,39.55448928774093,52.75098543875391,15.650632979188611,23.63209876625492,41.51351790938641,12.769159449351276,47.81240148617115,37.27365182411974,0.0,43.369282112376865,17.72679558443492,8.961943318302339,4.525044141508807,36.514864398845994,0.0,17.54940328081522,13.911982996084655,5.3641987356615495,0.0,0.0,8.945062585321885
76561198391845269,51.721502328731304,52.51599352146529,26.921938789723896,51.790636868439584,21.408062116710923,27.475705719096485,24.50671901253458,49.337798362471666,46.443522678214535,44.24719051931534,27.084095607801057,0.0,16.64361736166906,45.68239315440582,37.417031107938726,51.948847640678515,23.117751924637695,0.0,33.802866023928054,9.212118350435306,18.858678448372185,13.760968145919477,23.51676454361408,8.469918338582461,35.856251625970486,13.830018951314921,0.0,4.1640260854229085,7.37914045345463,6.183386538565073
76561198392370761,31.100482907137817,31.386407464897875,12.95332561738462,39.143299732507984,2.2617630984737906,27.085376337960525,14.829531154630446,5.929243338925571,31.119042477582042,13.504707399030169,22.270518197551187,21.2408195671806,12.558650496900833,27.827572430744052,6.915060133448336,11.52604233644359,12.583832630591445,0.0,31.738927214828045,8.191006437399361,28.36141739346257,9.433033602391156,28.8892209189491,12.694919367647389,4.138839802108651,0.0,7.3633588482479055,0.0,6.363463353632985,1.6808279085207734
76561198395338546,26.0112028010274,46.4337014873316,0.0,40.436285457677,41.2935508324812,20.64206387498548,47.730470385102194,51.92164369589629,29.12559232972932,24.727412124817636,18.68432945047487,9.22873382057177,10.395182649096064,26.598099496908024,13.735066952341892,30.549085512378575,4.252344965204106,9.429330210316497,29.62393297980048,15.11750296996235,34.43849649462404,12.680578444781911,10.027416705260796,6.815809822143278,27.533029054173802,21.61075919030462,24.226444405492515,7.515488079401157,12.63653342898348,34.94369362986096
76561198400702869,69.59839673952797,56.2740323018392,24.999258532366255,66.5246036205407,34.395340529482134,45.04101626479396,24.072344961765143,34.03769945360243,36.66689850414122,43.210780234526354,29.959249121406966,13.96720733725256,4.07278038430626,29.221627862436627,20.279631438966145,26.741896334895852,7.412540455926785,6.279058990720468,26.665430449488756,13.589386516392215,34.75649672644001,13.257547390782353,4.07278038430626,0.0,14.212468017247588,13.822849012368792,6.921502353469725,3.906608372726647,10.259759935358005,3.0516399054922867
76561198402329390,41.37626963432438,32.0282354407735,30.254299875232647,4.3067641501733345,13.374799769452451,50.24154485143985,5.269755327373092,4.3067641501733345,19.49456290177351,13.519686487934266,35.203750471248824,17.55205867062458,23.085933648249014,10.399023807316212,10.16836806275419,0.0,12.301881344053392,2.411439497906128,38.64907230522064,4.062509838702082,4.3067641501733345,14.357845490828591,25.697296625365386,8.149356182771314,0.0,10.540410646307222,5.206585775948444,5.97292219533089,0.0,0.0
76561198402363447,0.0,0.0,0.0,0.0,0.0,0.0,0.0,0.0,0.0,0.0,0.0,0.0,0.0,0.0,0.0,0.0,0.0,0.0,0.0,0.0,0.0,0.0,0.0,0.0,0.0,0.0,0.0,0.0,0.0,0.0
76561198403785238,26.725629041659715,44.94818561156911,25.102142542611045,12.081226346523822,51.341853422922405,33.13533587929136,24.972896649484177,45.67772197933865,11.092629681369733,20.83893630532712,4.441120673981586,3.8617817889913995,37.38010575780133,7.640105672542237,4.340162430575183,38.53552009912455,11.111426505660457,0.0,31.80487446809149,13.191036087618462,12.494703515518683,3.327550841493857,17.921474343719368,7.859142847893722,40.22342298701302,34.53552170148382,3.6913763343125234,18.547913362947618,3.4394560937792455,6.66184514970648
76561198407819907,27.613947418971424,64.11725051285086,3.702535780561422,39.071118343996126,10.739311609875497,7.634869009105355,14.07322847408464,56.04210612495339,33.55643547108163,43.0857621105497,32.92571070948672,7.6145279593738655,22.06648941133807,26.73547103312882,32.73783511463158,47.34066534889439,23.792078625554943,0.0,3.8732821771117156,3.441058915087286,9.097290367833976,9.840755058216551,25.351084489025396,4.932169120816822,53.0288058601801,10.739311609875497,0.0,10.333236311572461,10.44787209168469,6.438359464979286
76561198408126263,28.668722187830834,40.35843512337118,27.70437065212006,43.34574465994006,42.33286012493037,33.382383026974814,46.507635943396835,33.17467078886225,18.590493789039666,34.22197566700088,15.909127403429816,16.581629106664447,14.517936361234351,15.452828019597007,33.28082886978889,40.22474891801753,22.292331799837932,11.555099042126226,28.802273614231478,7.814576354860453,5.200318575665935,15.059886315618082,7.047701986895788,4.96319421949612,41.02647544422369,19.99350865315765,19.94738388109273,24.29612917115024,6.76849321164863,32.62837990796423
76561198408226782,16.379715327442916,12.030933650332184,18.50362748061881,12.644719945310603,19.393282799253456,10.90611250770309,19.219684822400342,4.676393501517666,8.13406540730944,8.610898638980792,5.594235801848649,8.44888347652467,18.265866461427112,8.13406540730944,7.67970129238552,2.1482677326096886,13.63176881432807,4.364320807554949,22.886020882609415,14.145435231566236,7.023815854277247,0.0,21.249692270687138,4.802917156984783,7.649091563110778,8.92477973025814,15.441382990778811,19.813388781113918,7.914950298228042,9.954394030399811
76561198411775487,41.75091176231963,59.725580278317246,34.96641686663735,42.849791672333616,5.700443573390687,31.939604949793914,4.280421558517473,26.315158425129475,17.365374837838303,13.796011117721925,32.86130419244497,3.194251109972728,7.1973832569311735,20.157667688720963,9.861999832719954,22.761042873283547,12.050431257269004,8.524458258391093,23.81127722943627,2.9533465570575532,31.096991404092403,25.73594440800631,3.9793077522337423,9.621839573470373,17.179464599081065,0.0,12.676842735000962,0.0,4.961234243373623,0.0
76561198413767937,45.10742177759189,64.38263409269736,30.742189386137966,31.455728626414828,23.72257140525456,26.204070690588328,10.578005947228391,35.82004487828087,21.912313695826438,24.75090276576632,31.898774931023578,18.968544710333422,28.18355672879439,13.66759427819908,14.59457861334452,23.03205757389677,0.0,2.9444389791664403,33.08581177962375,20.70094823919218,14.299114402742987,18.943901417144843,16.317013544723835,9.924545616931457,20.61755643403201,18.034297575829257,3.6901286735143684,0.0,4.903643819518071,3.586292865338835
76561198414097340,28.952275916337612,47.84404286211055,17.03555958205406,67.16068240729383,0.0,14.331183544368107,19.01632019505796,32.94358597475389,45.60850452054685,21.906502620225996,24.74877460598529,20.633817518002772,11.640699386538602,43.281632565623234,22.51793233483706,27.462495391597592,16.517853795943044,0.0,17.15586359114455,11.722704054942518,45.17224716721413,17.111475353630553,32.72629160300989,11.52076198845443,11.523180081207071,0.0,3.080532875246456,2.8735646395797834,0.0,9.922228160206698
76561198417236415,0.0,0.0,0.0,0.0,0.0,0.0,0.0,0.0,0.0,0.0,0.0,0.0,0.0,0.0,0.0,0.0,0.0,0.0,0.0,0.0,0.0,0.0,0.0,0.0,0.0,0.0,0.0,0.0,0.0,0.0
76561198417579142,56.33658163435326,66.56194210973104,10.366139474080969,62.0431672785451,44.244852937462205,40.14090103824533,34.69062464283128,83.58101589599828,34.7741060871986,61.36852211771636,10.58582520761589,22.387664364562518,16.09580151222486,45.7494584681834,44.62875774069263,78.29619321113834,27.75972609495541,10.638712167222135,21.296982013286748,5.815472914008897,16.567158388833725,16.579035053656632,17.296683107543515,5.876810984538563,67.45230025800531,33.48342398768922,5.682967334942281,0.0,27.653814996464085,5.389847684393628
76561198418235102,36.372925325504816,59.40595179081306,11.35764086943264,62.720175070230354,2.7893229212309465,11.415473878009339,14.764605541742354,31.112915036091366,31.769848223512277,33.031799574580575,25.622923592198276,14.09039005279925,8.295554906619724,33.84755261421772,23.618331892999997,30.653456951222037,15.61832776479304,3.0363942552728806,16.16820399982614,3.1945831322991562,42.4811226794857,15.080321782952,2.9922261342247034,4.7971945182434315,15.823713297017019,0.0,19.807793359651285,6.82636299437252,8.849889164062063,3.1945831322991562
76561198423335954,55.49406793788319,37.080088315745215,45.24478905698733,46.019369651953035,17.07801385189932,38.53934763170428,10.520738460193003,17.352785397183965,45.86170356671221,6.269058404200964,37.43496991772032,12.184968445255262,26.173101848139066,35.40178168170743,20.830498870791036,10.742181809268722,46.87210025447522,0.0,20.207162643558092,5.243491524264258,0.0,40.3039667919295,23.011475870809143,5.354461377166077,11.83452232763506,5.277246935928745,4.86422127564072,10.520738460193003,5.277246935928745,9.750370340996504
76561198423405088,53.71185383214147,58.45902908748165,22.12974056447077,48.3990775579271,18.982588123776484,36.90088158769019,16.529082956526235,37.40287193341868,22.99546076965804,30.603033811633818,26.37161037564561,7.689903231372907,13.992653889896776,30.808347344988626,27.475286041187278,52.92125099303163,22.817172290165473,3.1450139762697455,33.93462169984824,11.657034411244648,13.506329838484879,27.12037954090211,32.54731630566737,13.593596738298814,20.878740173220688,12.136014765623031,4.544889255103161,0.0,6.348593388019896,4.884542830568732
76561198424437575,42.327544595032265,56.805127342166266,25.456595645446733,36.36367109924167,30.020446606896407,37.92723571398597,47.5906950869819,38.92241641088056,24.56140315135938,13.343994755150579,22.268850186822142,29.39494183136664,19.508990472524882,22.119056115990176,24.014540919396886,40.550390886626026,12.598939132956216,8.88540393344294,38.31465909420962,15.933400030695513,19.33422102460923,13.256302078267588,24.407640782559987,24.46781773237378,12.179368685403823,16.19410936726471,5.576895624750347,15.525894971956584,0.0,6.129834216372753
76561198425842216,32.182171720612935,14.525243861782725,37.257380073763414,21.909342840844218,41.14117860253941,35.57517880144248,48.49593663082625,9.785916502449217,4.5261096624803985,25.829297263441966,5.56361931180287,11.896696330412402,17.583126244777073,11.94471169365759,29.194952693729665,8.797445748828075,11.697157495301816,13.00884171289283,19.818181524452687,17.4755296996372,1.5195132049061133,9.59636311990852,0.0,5.174683505645916,6.902860820638725,28.917678379856625,6.9364434110382405,19.253281561179957,14.317208732972098,32.38196563972279
76561198427245183,45.12539790977686,51.11590081487871,55.39300408318255,41.83544517393501,33.81107714188485,48.31948188530021,20.312675492996153,27.49817294938834,51.13103702435411,19.11143938053675,30.051054225933036,19.964658130425384,43.23277765071253,41.83544517393501,9.42987938674695,37.63849485323858,19.955819374467378,9.013496604475144,10.116749275010854,15.584040411723338,15.632202072103812,25.16582551299118,21.0186545006115,0.0,20.85843086116195,33.022467775891904,4.559963593150012,15.775323466998374,25.038183235607136,10.812445344000285
76561198427383896,40.184530262386716,32.26964487574024,8.335740856739259,75.57606063998396,41.03252393165094,22.29753649186336,47.100804687364814,37.442985717377105,70.04516053981496,19.71472515349118,18.324211698552638,19.205253153587122,4.413767520457944,63.35569793347006,21.81638989186734,51.59482352332902,17.510513887015193,0.0,31.024036125232143,4.125197025704866,28.09947183651968,25.27540163844414,18.7612921745135,8.53896454616281,25.132471913868898,19.194517027497266,4.265773677849632,8.892509641752284,3.9994842811981406,33.1459279788908
76561198427779859,46.17777614367806,71.27558521689016,14.554979303298833,80.7188166620745,20.375849393636422,24.013152284995055,21.824819717039162,58.34350488892245,45.74853852770073,38.24009822336471,13.254646038276537,7.555766485679351,3.6041382256588457,45.13055112060105,28.590075528817678,68.68756979258072,26.96755222616565,3.341801171705499,23.07612057700096,3.341801171705499,27.799134093276,12.80355049549887,8.720616531237992,0.0,22.476964263473896,4.0547371076273215,3.341801171705499,3.6041382256588457,4.0547371076273215,3.341801171705499
76561198428123404,27.953951772175067,22.28071352996517,8.841458222357101,30.740486831376682,28.41342961149944,9.597871109708876,21.985267385819583,23.504488961587285,28.356616403828635,13.592865287687447,12.660268846063069,14.211386439794605,15.765411128960993,24.738964459003068,15.991583513997899,24.365240273667066,18.765408603548533,2.5877640352277083,16.755496687799003,14.850292635743871,17.35755895310331,10.39447464195129,15.337725956280433,3.811539466849824,22.655641914213252,18.299512019741748,7.964291662312306,2.6616571615324998,2.962692419475791,3.3769046890931107
76561198429193409,62.66698968571211,69.66918718990225,12.667328341690228,57.59645994182098,21.297437800633332,29.950335561974352,20.361999800533834,57.11768685456546,58.253461777173506,43.59274391644509,25.33646774107287,0.0,9.2378609820096,49.10351887002639,6.008198746099147,49.417643157070174,35.29763446040626,5.023551519362802,9.814013509308062,10.96928621476461,32.99135759676465,5.200814785186798,23.991899920698867,0.0,45.899641894621126,16.27388628127053,5.945734695401808,5.023551519362802,14.718628222080405,9.010125256055245
76561198429606249,43.05628501826503,45.396426286913325,19.811111160648682,39.962246653425886,33.32019792421304,29.77038904825552,18.953679422115318,34.42157619835095,33.28930823727338,27.171392958744267,8.304670538153957,2.5952547069568657,4.291603991380263,29.95860956024958,9.440584979327422,39.44465631902769,10.464954715618468,4.252714898193542,24.28141143308725,23.009496427007345,5.240010057686762,12.155860763086736,8.267765981218506,6.266401557706423,21.938955098732073,16.341235279180033,5.090111687598034,3.434954478460289,5.784495726695376,0.0
76561198432274758,39.93597812959254,36.40055360499382,24.198746917665986,65.26608887218627,18.52777772639378,23.632649464657288,33.379773242673295,37.14757090945033,42.017545269149636,25.52706801956004,10.637875058271856,22.467279728588824,8.540808541040334,35.44155276883425,36.37310398267498,26.484366587134176,40.88015260187275,7.6269981848701995,40.264618431785095,12.624090486492166,18.950108933657322,3.6514371586380663,19.79829109164413,14.683164895672984,13.542396925377147,14.718275544941111,3.8891637112820634,0.0,7.265213266262395,13.633628108116753
76561198432337304,41.61385796746306,64.53137814898274,33.708665437525546,55.91875934961463,5.170199863767594,29.075363388384957,18.379413380316883,50.344711093647824,35.25150004429653,38.797170311016146,45.5130335040612,5.545646084650602,0.0,30.152688638244005,34.64903101900127,69.32124733436773,25.346257790232883,4.600459106257972,14.716433678805291,16.507169965654523,14.969684756120525,24.509544508816276,26.47643465165377,22.913056611347166,28.42214360561502,0.0,0.0,0.0,4.468777561082536,0.0
76561198433458297,34.546310382914086,29.498950924114084,18.618191834152285,52.8001219740501,4.398391988760146,39.826231577673184,22.614899150651013,25.706890047185937,41.05749014461193,12.398822934401748,21.670390558308725,4.674696248636701,8.432981890551925,40.797751220405736,8.148612656348195,15.583708272013617,7.018509223916671,0.0,29.7490585831726,3.649358695951653,34.93179053060166,30.21627282471635,20.263018731489,8.020450765572754,4.782646691118846,0.0,0.0,4.371092069621102,9.222352437379406,3.8537580972961702
76561198436639398,57.61696544393934,93.35016446500072,8.664178978880717,69.43711157477156,15.970623669248216,25.98193546585284,44.51552692503929,79.25989159172904,9.584661288910976,28.569520646955933,42.267785080473956,17.035650796436574,0.0,4.820523471827238,0.0,27.7790529357403,10.915050818506018,0.0,17.15668814241985,8.052675606274146,86.20427265190584,0.0,8.831772167174773,0.0,58.13884526371299,3.367985247456042,54.65539443227357,16.945312649004602,70.94261224273386,9.301350309888601
76561198437664846,46.34722298767375,43.58024324636329,32.14420563120078,52.58126771475175,0.0,38.67599582086226,0.0,23.659165339689352,59.892335486838384,11.76372980227685,35.949556264020316,3.5567756134805992,11.426919347541489,43.9069774455478,15.127660510535492,7.174485766839019,22.426244412351558,3.5225296668296804,8.958119904794538,0.0,44.06093720076141,17.874477996411294,0.0,0.0,0.0,0.0,4.589244035437832,0.0,4.589244035437832,0.0
76561198438587738,33.11269562870073,52.16802327484558,7.1212362980251935,79.57749212234823,8.981937941967331,0.0,15.8606672814528,40.07981706647243,78.7003635539185,4.291554731509806,22.793056238206315,15.612804511378531,4.176231721694285,54.39150472566574,21.931773203036656,35.811146261584625,16.576029564135105,0.0,13.01004079642091,3.696847623763113,66.75297226610348,17.927494392351804,6.972622652291905,3.696847623763113,15.093053307434154,0.0,0.0,4.462107803146254,0.0,16.483192465188523
76561198439100835,48.74895693938058,93.65813749350808,38.3969372983779,85.43321419859969,4.7066431549187255,25.12468212751987,31.381437984725046,60.060075174852585,30.66922572100518,57.587038445631464,14.913155492169222,22.00450395048193,17.385288549720553,28.23397141176466,21.068521113639093,44.943236849449896,11.052612590712542,9.400488256349622,6.379563058386947,13.505998471873099,39.643218032891795,14.558375435069138,30.10418470275377,4.135166556742356,50.01545962116483,4.7066431549187255,18.610626807961445,9.535702981734495,13.182961751723361,3.9322177127136655
76561198439220419,28.471259960558058,13.117479489242413,11.114339853503024,26.605327563857482,10.887414155729374,17.882760811861758,1.423108334242607,13.561672572249016,21.91816133555591,15.582505373815682,4.740525939703456,4.159739513393753,16.790011370609477,25.182219229614876,13.870352535401159,19.346417627391304,22.360756787084192,0.0,10.912327952753778,0.0,8.532763109423842,14.193568807433913,13.407483244224306,3.84966876368117,7.494564981812184,4.769404992526505,4.551980357473973,0.0,0.0,1.423108334242607
76561198439304389,40.90541470162029,36.9934135781005,5.538343993293813,75.5212644854306,3.190476350346503,16.613735127163746,2.8746939451769347,25.628464072989843,71.1188269579168,5.292527638371292,23.350211119910565,13.653105147670244,9.92160221189802,67.70692438490062,7.724912290628735,10.800856553842628,2.8690346205080335,0.0,19.06126883331236,0.0,79.26777846627246,32.12342910035708,4.941070830710347,0.0,8.135327903896755,0.0,0.0,0.0,4.944851553550253,3.4258899942525267
76561198442308189,45.75742988084598,70.03328171387616,11.222270094672727,91.62586467912128,20.87174934221614,23.952617390042157,43.2445025775651,74.80102354645287,66.65439163922856,25.71606029073365,16.99777067179234,14.296614311185028,4.44229825301545,66.35162313373436,22.66909178420017,37.986124424177284,0.0,0.0,22.92159899954749,4.607866547535834,60.800230144486385,25.72549471890758,8.413533118075442,12.271651313699092,45.104641813759805,15.10508596952074,7.946954343045835,3.8062179465311696,3.971234865059992,23.709884232997823
76561198447217647,75.51201183680915,77.58470906740456,74.06992349031694,53.93426967681132,3.865979066926739,46.13249181277473,0.0,35.4450732076626,38.401043278025504,44.61110831513756,51.37529962114526,5.684939386854721,25.404377085928417,38.72817278629278,27.996111118956883,39.445677137812886,33.37361129453785,0.0,22.31359674414009,0.0,0.0,27.608035567566265,35.09695973839422,4.644583188344926,4.644583188344926,0.0,9.824894460328874,0.0,0.0,0.0
76561198448175035,26.718949296517817,30.634227686137816,14.818492924562706,50.85860897697174,0.0,12.975192489175342,2.9041650800285006,9.165479586676046,32.768515365219784,11.360266390479747,7.407621669123673,3.4085039568445934,7.164894377554305,36.865356807640474,5.166017672214505,13.347229412663332,5.3082436971132,1.5644405465033644,11.379941671962808,0.0,28.157819892094906,20.481496763570092,10.573398334398899,4.096841442420688,1.7578579175523736,0.0,7.03869441460985,0.0,7.03869441460985,0.0
76561198448417314,32.621330406222604,41.85150231268085,18.80468731347119,23.150021940262185,44.68277364924291,23.17115337003839,60.11783026331846,60.49900524410028,17.870253112155275,18.18795103873647,11.195081750653605,10.930358223946087,29.5306198301765,11.514093183823514,0.0,15.85776278766902,16.539641389539582,12.78644330338156,7.551900537953631,26.9927410776004,16.002565585876688,6.43752778468049,14.647375780385564,4.985454228898997,35.50905325347037,21.57445446544813,29.99072228702113,17.491772739891353,6.204162532960606,37.25684983123431
76561198452163269,59.13964672339534,42.829332996087636,31.976564507948467,70.85381484446941,0.0,11.101724004980756,19.247540017807083,17.003426286085737,56.80489690496066,21.145078006718826,34.13110932220906,25.545026635512485,10.491419241505081,59.33340055060155,30.369152881832203,45.41316148036985,25.465579014335496,12.140215452834296,27.31335747381727,6.026272654404581,29.244007620496195,21.841711919327043,26.416482142302925,5.514245348138686,7.56237080893067,0.0,2.6623552418400807,6.644940633108165,0.0,17.27284323553022
76561198706984079,3.8546449237129763,4.864417012155688,2.7326716322974574,8.470220383769846,0.06765864847381481,1.65511275282718,0.3300229129413058,4.179113009056768,2.072542799988679,4.770832215268522,3.3503965098743427,8.442786446380497,2.2841257630698304,2.072542799988679,7.997696274298774,7.369439399600191,0.06765864847381481,0.0,1.0296194171811581,0.262364264467491,1.2527629684953678,1.0044847426100714,1.411499037705065,3.6216974420309476,3.3593331775634567,0.0,0.0,0.06765864847381481,0.0,1.172482137234565
76561198742491552,57.23359410886381,23.912154330277477,57.02127775839998,58.24453403105297,14.253328972338382,49.964634368616125,34.41107201639489,6.119112101354908,36.32218375224408,31.86671786088845,10.741696569687623,14.72869443515341,2.130609828254235,44.04202457978903,28.723153905508045,4.481414851606405,38.77369069568945,25.17165951282389,20.16431498470086,13.925844533290523,8.481694502927327,13.751666256631696,0.0,4.69975282847404,3.880532338336775,7.259656214455028,4.250473284432987,7.406195843547906,0.0,25.521928883891988
76561198752631782,0.0,0.0,0.0,0.0,0.0,0.0,0.0,0.0,0.0,0.0,0.0,0.0,0.0,0.0,0.0,0.0,0.0,0.0,0.0,0.0,0.0,0.0,0.0,0.0,0.0,0.0,0.0,0.0,0.0,0.0
76561198757776931,30.60333961738131,39.4420284939629,14.782853980387637,43.71161227189635,3.8972910206676317,7.484857287924834,13.587366679539388,20.230045398679277,24.119684367035457,24.434733209840218,11.169761782654259,9.218041796201794,1.8483760696469511,21.21913728109764,26.73542185942177,31.650713641235313,10.117095302268039,3.124568661874293,14.711028796067595,5.803828515878243,28.008714633661018,12.037069637048148,1.1878434223960523,4.615985093482191,11.513160999239695,0.4252677354043441,5.786943827404638,2.6109517566386593,6.425197060857133,6.523528786645009
76561198763852134,6.053568192277008,3.8099902798629945,0.0,12.13515610116441,3.098288861879083,2.0794415416798357,6.156056526352526,5.206035397083133,8.982078256886641,3.9053004596673193,3.8099902798629945,0.41012091964435843,0.0,8.982078256886641,3.467888584117802,3.4819257926489695,1.0188473201992472,0.0,10.746709058726445,3.0577676644734435,10.328990064299914,0.31481073984003355,2.1747517214841605,3.0577676644734435,0.0,0.0,5.88943182154283,3.098288861879083,3.8099902798629945,0.09531017980432487
76561198772090380,16.07435792188906,21.209839618496225,19.37894400967218,7.572942418990113,17.85255038742305,16.270078853600403,13.199295054751545,19.43188185394494,7.960859097627367,16.53453585769425,10.700455067405594,7.530317209410804,17.311392694306573,3.3341454824121293,5.9003728569512,14.807605618522178,10.991987554456115,6.463568936960165,12.057293703814874,18.64237095300652,3.34779660493504,0.4824261492442927,1.1615870878294983,16.87999342321903,12.682847361088903,8.61879592391146,0.5007752879124893,6.097031941364955,3.4728650704114945,5.019070285983906
76561198772743620,0.0,0.0,0.0,0.0,0.0,0.0,0.0,0.0,0.0,0.0,0.0,0.0,0.0,0.0,0.0,0.0,0.0,0.0,0.0,0.0,0.0,0.0,0.0,0.0,0.0,0.0,0.0,0.0,0.0,0.0
76561198778416827,55.38758442498251,44.45950552916239,38.24020386563574,26.94779788863881,17.847355814936453,24.63654447065352,18.59060635911271,28.958600894923578,13.48754547638018,34.442502982581715,18.960998545786484,9.167194432311025,14.277521801823074,7.4294597726724625,41.079602426360886,37.26372741480935,7.025577424984812,26.88599744757345,18.005196811349812,16.610780596578767,12.060348999589044,30.078123374963397,3.662792119350618,0.0,18.972618345572798,7.86452439434904,12.002250544027692,9.550956803973694,3.4806245152934774,7.245142525425581
76561198792381604,20.353619141633587,1.6090378324127608,19.808429765336726,12.341956462594531,18.1601405373254,5.969557848822115,16.08523747561904,15.731584401700427,0.0,6.3981000063380185,0.0,7.4714535337268275,2.3513752571634776,0.7419373447293773,11.089237907852244,1.7263316639055997,6.334575413469171,13.559163907994183,0.9477893989335261,18.59085797466489,6.434716648776805,2.930553547528997,3.6076016089720673,9.584248525966318,6.225677703644137,8.10637827356082,20.21265289669888,17.20790633056726,8.00189047624151,4.784334263185715
76561198796975770,30.549441695714822,87.84115689188913,4.825750454899136,96.9949335366569,0.0,8.895778164049535,20.346556818389043,57.77542665938569,55.77084273838143,26.600566911290315,36.53756233340153,7.425513774756839,13.426375955056752,64.7805286679729,12.78110595177266,50.788500803919895,11.884778825750203,0.0,7.543103840814711,0.0,61.81409041304173,22.886618791161503,21.083328924746304,0.0,21.71478375935222,0.0,9.016185557534506,0.0,4.860432367183761,5.895641735930645
76561198797617660,20.801251586268968,35.96354925325172,7.443765760994992,41.1928771749719,2.689886230474539,9.372039740625693,24.364418038977224,19.734883359102,32.89375670769657,8.810119787281753,18.90625446358602,20.63526611152495,8.092098925765146,26.234681273417593,10.941092904275632,22.08414167707486,10.384973236533437,0.0,2.6354795082673745,2.1610215286722587,23.010256931998224,14.302046182986304,34.22928382235645,0.0,5.577871496587653,0.0,11.142359067217738,2.689886230474539,18.161949765186918,6.659075434278978
76561198798513564,0.0,0.0,0.0,0.0,0.0,0.0,0.0,0.0,0.0,0.0,0.0,0.0,0.0,0.0,0.0,0.0,0.0,0.0,0.0,0.0,0.0,0.0,0.0,0.0,0.0,0.0,0.0,0.0,0.0,0.0
76561198798566786,58.89075066280263,58.01373526258278,17.98983110693126,63.02888977827383,18.40250929321556,14.388150611177688,31.811013670267933,80.00823899499557,41.91546846019836,39.65823692540893,28.81423680600434,9.837141906197623,27.95524432150561,46.80157001459234,14.812817973637653,51.21733808846073,31.737742097083846,0.0,11.241396146207208,9.476013893269798,27.185407364724192,24.229812608764007,15.117536891318633,5.629489870074346,44.57288025979141,10.037247256595611,7.794878957870987,11.865883627651112,9.002142931502663,15.864015989429086
76561198801499715,0.0,0.0,0.0,0.0,0.0,0.0,0.0,0.0,0.0,0.0,0.0,0.0,0.0,0.0,0.0,0.0,0.0,0.0,0.0,0.0,0.0,0.0,0.0,0.0,0.0,0.0,0.0,0.0,0.0,0.0
76561198802237869,32.53457627282105,42.724074094097595,7.924353400148441,64.10480015106596,15.121097871814271,15.207081666325424,32.73946026080675,44.5202863931601,32.939364688036996,26.191368189195302,15.989774593337955,27.97296407885386,4.5081084731449605,39.285848634929785,22.810727302759478,49.3743706300538,11.623085471061584,9.13470551641829,13.838546338864294,5.499951234374364,26.112678022580013,7.137609066221408,8.26559422265753,5.499951234374364,31.936195006183016,11.011044015886991,1.9878743481543455,14.952693027562379,2.1938856760707046,8.300384574963354
76561198804601630,41.76901745068348,67.45546335604911,16.192817338264824,57.14010182796602,15.261518804623364,35.915328144408655,58.04522043410353,66.57551337303727,25.414929806108642,24.930817834720163,42.25763964803213,8.67416028998164,14.21523567008208,25.15315776016855,11.835654709600856,19.552226553941267,14.902109676488504,9.324160347294768,18.40458881436097,14.58008058955161,15.270112150724307,4.3221439250725044,15.330519424304445,4.984838739052246,14.083693707686095,3.0694473113762717,17.822456200894745,8.10447020853975,4.073801660990771,13.921483991164763
76561198804680697,35.39157012802085,58.55756158152073,13.367953081878083,47.10835520164716,29.979654884013982,26.612453353718053,51.583043731273875,53.037035342712585,53.45973773743173,20.91101349240939,16.13169868779615,0.0,3.9815490680767565,48.67053722007837,4.260564966136689,33.027661540312174,0.0,7.580820969367264,19.484696169205684,12.948843750085208,29.9592843201686,12.748781973556406,7.767555232921415,0.0,30.430487161294042,16.189635513516688,8.701063048973719,8.070095604183885,3.893247850101812,26.11231139700402
76561198807749950,50.05864636596644,93.8378572633528,6.400174385381035,100.92488340376283,18.534381568174055,24.99514087066902,19.755472472792743,87.70246899521266,69.92910117828879,37.60997921900077,18.9151511543978,18.387470814654243,12.581587566065547,69.7817752668322,31.23890974128054,43.748899133997526,6.400174385381035,6.400174385381035,12.675832725120099,6.188223054477479,50.04043450164974,30.89572809434552,12.53076064135574,0.0,43.93800101294422,18.532274085834494,18.68848501561715,6.216366551437055,12.51545847815574,19.755472472792743
76561198812864080,60.87254944408485,63.15731594942075,33.22872279246699,36.69592539392809,13.373782646117506,49.402803737564284,22.931737583844352,30.847684300520022,39.199428085540504,24.097022847578625,41.09120890975808,7.862907043947839,15.101222321661984,32.67724305471105,20.545468631869635,25.707568962537906,26.559084287992093,0.0,27.83524050258277,12.569971294573108,15.506867971863079,20.63418486974444,32.46732980907946,17.12062904818941,11.042661897175396,3.131136910560194,7.921683480419707,7.267987986567599,4.557239652230542,4.576564928977757
76561198816134762,19.899370575187607,20.12108532836266,13.512131407405192,41.34045916179582,2.6504210882655737,21.02879245295763,14.998120435666554,22.116374424722963,31.533356183322727,8.45631254807909,16.260228286506837,22.308802792040446,3.9737030700687983,33.771458322296695,12.858680153393573,6.540936488324392,15.955309744023817,6.292487329004455,12.502583357320882,9.63287623627521,26.591892553316736,3.8320897917599224,10.727893037040893,3.2375012889913655,8.174711896513342,0.8754687373538999,9.68214784456783,1.7749523509116738,9.049312201333288,5.351385225464167
76561198816301919,42.38112707376963,17.565154503665728,27.639765721184727,29.499779428176517,29.800672425100668,40.371906831698496,39.062272617082975,18.578463525338563,15.815636853059079,16.380234535439556,25.141099793054668,19.654246424119407,4.675791730466862,12.431982701834082,29.9447610359167,7.780340663466507,12.850763837909483,6.920986114181232,18.249390618626645,34.28133098203556,12.684713855364222,8.948803275071258,25.402635994878928,7.224833883228772,6.620204397924389,6.5850007627314096,21.023588739083575,23.2582046368817,0.0,10.924938397948946
76561198818769123,32.56308739647899,33.26022669305719,11.505252281103315,36.453547105280144,26.84199050625351,19.800416903509777,16.197938851093088,29.8838354922641,30.687759161714254,16.37951912959676,14.61931243275262,19.658181734541166,7.247953047184398,22.01421129362857,19.539001963201635,37.710668499851536,24.59262231783659,0.0,10.889330435581272,0.0,6.200960187939292,9.657025789634638,14.096857391126987,31.73647077899779,18.22993373533971,13.018480193250735,0.0,2.8724340572094973,0.0,14.938777075449359
76561198822653847,43.12495601610327,60.70865603030501,40.508489709618765,43.54328055105807,4.344065128386763,21.311073685814858,0.0,12.937183280089616,39.64848830592979,15.90492164089824,29.325024891519526,18.72535812520943,35.62355623986726,39.64848830592979,0.0,17.831422620406094,18.065146922079588,0.0,22.78408232937446,0.0,26.394699029642293,13.714469878709915,33.79288978669358,4.344065128386763,0.0,0.0,5.5761384791529425,0.0,0.0,0.0
76561198827623243,45.2904809820306,55.7311283610691,22.65683710749934,41.05884785539886,30.53696350150283,17.07382769455211,6.431367152136403,53.39901337581796,27.17423808301298,36.752178102717544,13.157850487407554,7.365245946639598,12.413104049367613,22.656562299743573,26.042602616015195,52.62776485927236,39.133634887405194,2.4790562361098245,25.028278345890417,11.04413773602603,7.6876231276133025,21.060101978563846,13.582297369499182,13.300678890518668,43.748227469689034,21.135075601421175,2.5626389983283526,0.0,21.47584384333476,0.0
76561198829174449,46.158892514753575,38.50524203899369,39.964542506370016,24.833785383206084,57.905759922141534,46.25629017849507,26.851981202961355,33.92451184324876,2.5360749363624,32.330877016908566,13.00628506369471,6.064333895340853,22.830488344346023,5.739634057118707,16.054731265409625,22.003349330020693,10.154871143625233,25.178448030664967,25.679508174186864,20.307563015450434,0.0,3.20761263258949,16.23764642832759,4.221711158142542,22.357025571295203,33.95044576340179,14.518456539887968,9.924230802406196,18.457674119782467,15.203045115618048
76561198831192918,83.49274476974352,81.66876310899002,67.68263559766758,58.73854403277711,0.0,53.11845472866753,11.35790317239892,22.820268334235593,41.7756326118342,43.377175458364604,53.6998288782604,0.0,0.0,43.08651776444239,32.22340305548353,34.69314725073413,46.82356796469071,4.1219597292550745,12.76258148503894,0.0,37.006185004980175,48.980190255473865,4.684166192214589,0.0,0.0,0.0,6.822720129785557,0.0,6.822720129785557,0.0
76561198833276319,39.84485750521858,49.346011883349014,8.691058427434639,81.35105691204203,0.0,19.001701212347257,41.78812429422009,51.404460528873116,52.75772267084622,16.304427038194635,30.51553880769247,18.17618536594289,8.161763186504945,40.333953396386114,19.644196393198975,11.502455825160503,15.889008263324406,3.882182163417125,21.947934224332307,8.676248168351648,47.887929614480086,20.01297612053291,16.853674914523197,3.591266625246936,7.831947511616481,0.0,16.284782629933797,4.523634698005573,4.0328237055738505,11.830909444754699
76561198833867588,55.46024632057954,59.26458712814892,55.65097015853553,48.27281177654371,0.0,44.99353224028534,14.73617425554659,16.54422848851663,46.24764024857432,26.22322135642317,52.041639430350614,13.823207742043035,14.588137933617709,39.55103963865559,26.120536733320534,24.598503607028796,22.218444465636203,4.04602928527588,11.862355245987416,4.334935027140031,27.176252784033043,36.93284678963393,11.577830296008134,11.029452530213103,0.0,0.0,8.380964312415912,0.0,0.0,7.829135596911853
76561198833987527,60.231060894515565,52.49820580392119,32.70459126056001,9.61491258824171,24.042838087612484,34.94906498255022,9.88139059475849,12.951463181127094,12.905387768310161,32.83331185801384,32.075383375810986,11.791063842295326,26.282080480006194,4.195395806291828,12.905387768310161,13.412288858737147,13.642977983558938,5.461404709468289,28.265359970454586,26.036852231916487,5.4195167819498815,15.08340145990688,23.248570842118173,0.0,12.951463181127094,10.034774114913557,11.922554647062615,5.29380520202745,3.2846635654062037,2.6925980965432883
76561198837284017,60.94783128368017,42.987625738074385,35.924909255456086,64.41021714754258,22.50264834231844,36.7019860382248,28.4870631179762,10.436165319551963,29.095527413770704,22.48610506842892,34.621534587375905,15.903782150930022,15.179236323795255,33.75467693668123,29.971217778326857,24.661317750535755,10.256907083362908,0.0,16.29528219956068,7.290326988276992,24.70880292542735,39.862007846940976,12.603040235108761,4.883786286426125,0.0,0.0,0.0,12.174113274703117,0.0,13.538224376494941
76561198837631318,32.66017204225557,44.11346862614709,27.835945706782297,58.538209054904314,25.25509498134692,44.47582716088902,22.411670732895942,33.16002468333087,57.24439253957319,24.417994377175226,21.33506739632027,7.210707664469762,16.734117773683412,45.45699083558885,35.88444077298238,54.29913737000288,27.01739050557007,0.0,59.51961802264001,27.43766553194595,16.276943989765332,20.554781116829638,20.114626623688704,31.211115887510154,26.81523863326778,0.0,0.0,5.4394696463039205,0.0,8.281774103050948
76561198838206590,43.47666433463795,48.838334683706336,19.616762806097643,60.57648691619251,43.82364643192443,26.980388488269398,74.95523364756178,44.098143513114856,49.23079178306974,23.36318610034811,24.252262970130516,8.173949359205482,4.992810709183703,45.55258828511897,23.529075941535034,37.26554406176037,11.723960263124717,11.408087853907295,31.901146308066515,10.15936675746427,30.82763522596802,13.099415093571341,18.39601392260985,0.0,27.194766213522655,24.477859491072653,4.354141431184346,19.887248108875603,16.433736109482403,25.242040291269493
76561198838823687,42.743759035409745,38.26171956103427,16.927727036082707,47.30464090719051,36.73987216509533,30.634041843973964,70.35376666848762,57.86620293885399,28.69145636039971,35.52446980722311,17.302487575961628,23.66658556174106,18.114312057450363,38.026924208902564,10.309386849703913,19.81105275403038,31.882452662394595,21.07259503751854,31.421963602926507,26.92472205255966,36.55590128011761,0.0,11.41592841119368,20.998454087662072,49.2316409598199,9.346560746047416,24.375504367379623,40.784412364470676,33.77369301674869,18.794921140797932
76561198839966280,0.0,0.0,0.0,0.0,0.0,0.0,0.0,0.0,0.0,0.0,0.0,0.0,0.0,0.0,0.0,0.0,0.0,0.0,0.0,0.0,0.0,0.0,0.0,0.0,0.0,0.0,0.0,0.0,0.0,0.0
76561198842146094,28.92816489450784,41.27425903432494,12.92434634120454,32.36630526096145,7.576265189170302,21.058579279852683,25.37772947490179,32.814616122121784,23.07041926619813,17.065869117509113,14.89106278896434,12.715611727709007,13.504688438490625,18.628121013182678,12.076694118453055,17.757111874685165,6.071920630868311,7.109908639117235,10.846676143032855,8.922585710223196,27.882714753369964,7.700945060121532,19.929225154351506,3.1471649773142003,26.88287451523252,2.0731719286662407,17.926752760196038,1.8687205103641833,6.179826449229454,3.6249807282637048
76561198843353774,40.279833072400194,39.24011702390438,20.971692450709547,45.80754626958436,19.587382828805765,28.737595906085197,17.502865625809168,17.584870859202177,32.34478673414288,19.252439173222292,14.571742843417905,7.1219133817944495,12.616694026850364,32.45688128198205,17.54913753590708,23.850255950130858,19.75963166073338,3.106826321059578,17.611227762088095,9.334048875101544,17.53128308008845,14.329900163607524,15.352847463374339,2.7343675094195836,11.538137181827054,11.538137181827054,4.770260805853684,2.8231630082027146,7.221265903966003,3.106826321059578
76561198843437563,4.455973879625964,5.61285507641805,5.61285507641805,6.68562371543553,0.0,4.455973879625964,2.395164274287139,0.0,2.580481340060892,0.16551443847757338,5.61285507641805,1.1766838240882653,5.467143265236656,2.414966901583319,0.0,0.16551443847757338,0.0,0.16551443847757338,0.0,0.0,0.0,0.019802627296179712,4.310262068444571,1.1568811967920856,0.0,0.0,0.0,0.0,0.0,2.414966901583319
76561198843783506,0.0,0.0,0.0,0.0,0.0,0.0,0.0,0.0,0.0,0.0,0.0,0.0,0.0,0.0,0.0,0.0,0.0,0.0,0.0,0.0,0.0,0.0,0.0,0.0,0.0,0.0,0.0,0.0,0.0,0.0
76561198843790470,33.56313012026221,31.506481588685123,0.0,47.58500474186981,23.037897074800398,19.62749858335373,23.390496339305432,26.233098008490117,45.03261377321124,14.151855776532035,8.84082887662543,17.09508817736797,9.238644348418084,41.09161465954657,17.906104786059103,30.270860878175377,8.015652330527526,3.1730412885244013,30.543937257257248,7.474101566206757,35.99375368725684,7.51408609989897,10.38316845555636,0.0,22.443569072147913,14.988353941655733,9.238644348418084,0.0,3.077312260546414,4.105119635390059
76561198844902387,53.30730949169659,78.24431718532735,30.972443958009542,54.80511017636203,0.0,17.269614447635036,16.64435749357761,37.077761333488375,63.00423543535045,33.61178356963892,55.76381128429662,19.897510175954668,26.389601976602904,47.92647037931046,14.02172646619854,33.69372621692225,27.375960732163904,0.0,28.16118662425561,0.0,22.532763108173356,0.0,40.865624570809544,6.733425701077727,19.861142961638016,0.0,3.136797713832594,3.3884498088396526,3.136797713832594,3.136797713832594
76561198845485546,45.665503578751,43.88636916348425,7.474715459291698,16.45949475307259,20.37053131842165,27.41105432490088,3.616308761279101,36.07532209534173,13.539159715801846,23.493987875880016,22.30800785196733,13.135859445403224,24.98140659707638,12.801168739763536,6.138029384189817,37.02642931112488,35.488436716192176,0.0,17.825551739308573,4.701116527035301,14.269313020900336,6.38564219079821,32.29779620022871,0.0,20.55821481835699,12.216255370763815,0.0,3.561897992353146,12.18910273209898,0.0
76561198845632839,23.41701911250814,49.57894251908893,25.783286991800658,17.520933723705163,16.005184644680142,25.38707098660528,29.55748105019316,27.50351249734613,7.039578050244179,20.07189396690978,27.394135319080476,12.401916965803977,18.518366793219908,9.518634286354004,14.705558222941297,17.33637564157201,0.0,8.593340123477706,21.707388153523507,16.196487526153074,5.869714904859105,12.48771247690608,18.78118408459725,15.736967406141321,4.101816577060802,0.0,13.511044057216658,8.099102191130797,4.4978076676595915,15.021292993706385
76561198845689870,38.71397752777004,26.185073210206,15.086384856952147,13.576393181247028,37.37064970449073,14.718272647156972,9.247828684139044,21.614240912084593,9.845611827990357,22.88541633855772,11.555405464017444,10.824395682847722,25.61806393781226,6.379099132043683,14.68289323527492,27.426635808546642,19.98663170312983,2.2669579153508947,9.209797365704958,10.45235563795888,6.869501979413399,6.379099132043683,16.666929633344353,3.2534704696327,17.388393054103467,24.356934431814526,2.2669579153508947,4.625923341781048,18.182486859634523,7.48132627841086
76561198845916760,0.0,0.0,0.0,0.0,0.0,0.0,0.0,0.0,0.0,0.0,0.0,0.0,0.0,0.0,0.0,0.0,0.0,0.0,0.0,0.0,0.0,0.0,0.0,0.0,0.0,0.0,0.0,0.0,0.0,0.0
76561198846183374,21.709850628252344,27.035438795767547,20.18363228786568,22.687850046956658,20.531029370703585,13.85747282138198,33.2548058559204,27.54516656024866,8.637230284774756,7.1508426240986545,9.859698842915277,5.4523337516438755,0.0,11.635459438527334,17.125035089809344,16.702130484812024,3.2976870052924907,7.422355625509656,20.679454711404713,15.60185983812486,26.16846455516002,10.934193093956468,10.491832597764933,3.507956918233689,9.128657319672712,11.154652472832373,11.170298288638385,10.620408946486975,8.39618265046349,15.602271582582645
76561198847297910,35.85500062810268,49.63779508631809,16.98139344108222,41.50077439914293,36.87024499106099,21.70417322492787,35.66083778788604,48.24900069240056,6.588306753219447,41.45051124029883,8.791516126630444,17.18918212785226,23.9102260804339,9.002957797362983,20.777793660793712,31.527677861458848,19.782837593075985,2.829087196145044,15.614035487985014,33.08479846415164,12.534325289658936,0.0,18.82773638020011,9.050232533461045,30.272556595816322,21.604166435657127,14.115940210957152,16.960289811968902,41.87859813819062,9.834826009011149
76561198847593484,81.97460735855607,76.10882408526314,40.839948695491884,58.382747594430064,12.799737301146884,19.15867182011708,18.551809122103442,47.49681530414785,62.08779097650667,17.941597026343135,45.717258319859624,9.753606684076424,8.689710577341799,46.8409414755555,32.63668229898016,37.21446917724849,4.139636551413807,0.0,15.072397689652576,0.0,17.033864280053017,44.45566218928518,4.530231099323598,0.0,11.026326550156412,0.0,0.0,0.0,6.238168362831205,11.28387903087295
76561198847902117,55.63102818700817,39.218708889609026,30.998471625684846,59.6383567415524,4.6023662586553575,23.176736482828485,0.0,25.847066965722178,46.125057289221,37.12597239436123,31.79257914325236,11.018281213782585,0.0,39.44043505291388,36.79521488083807,49.24965871408809,31.29747940924583,8.005894255655795,14.632703309259316,0.0,21.728708319197157,21.775638122985022,9.81577911811295,0.0,7.957995825929931,0.0,4.6023662586553575,4.6023662586553575,0.0,4.50700593720086
76561198848316420,41.09163872372188,21.38498003994202,19.685776660995344,46.610235409914914,9.379334849781426,38.93858983234638,14.03603055479913,8.567655271440827,61.37186282241694,13.122373913932819,28.248022118653186,0.0,4.554718642491993,46.610235409914914,20.07960404252918,18.273064911401022,23.415168035046676,0.0,13.808742839641855,0.0,9.093282980476385,38.702094999119474,17.677865979103984,9.609231814142749,4.113656873254474,4.24778070111149,0.0,0.0,0.0,8.96427989747661
76561198851738367,29.431586660115833,30.220627106759313,4.07668962698338,34.19115822190161,49.58513139009796,12.05841494130673,31.613167796568426,24.90403407880948,34.767492250764455,11.433562308183012,19.81490719497213,28.00384277502496,30.231835397495214,29.73414007693738,12.849861662470786,36.06098556835807,18.79882367608971,0.0,23.92677204821016,8.485400951508574,6.455544415476062,11.72268924947631,22.641046790348078,9.626763230712506,25.950970430555454,44.654099528467256,18.596660744127185,29.527099115022224,8.023275289794782,0.0
76561198852349730,0.0,0.0,0.0,0.0,0.0,0.0,0.0,0.0,0.0,0.0,0.0,0.0,0.0,0.0,0.0,0.0,0.0,0.0,0.0,0.0,0.0,0.0,0.0,0.0,0.0,0.0,0.0,0.0,0.0,0.0
76561198852781577,21.17936998462975,29.593327928325337,17.43737926251239,48.43540071008446,2.970414465569701,18.192133926702063,17.631234314199062,8.271359632833398,31.23433106218458,17.682256039284578,10.670784465092126,9.981553100147014,6.9416493306296925,30.434923607205032,24.35156873207511,26.31595099567936,8.541942147785122,0.0,17.905993809998208,15.011101122484872,20.896142032962594,28.287754304167407,9.573114239611918,11.622578278961317,14.907001120651493,0.0,2.9375733593804587,0.0,14.907001120651493,6.251607885605708
76561198853165772,15.980064814109317,20.69516014349206,10.90376371517224,11.869795382900296,5.363964647783892,22.749008274584707,5.594711379601839,17.661409669359248,8.304986118215478,13.54097864474374,14.775869570501717,3.811694253631342,12.79536851937001,7.926855274837429,2.222459048514761,13.373982411261135,8.922427259503378,0.0,1.1052568313867783,4.265023607231981,9.413760192836975,4.32779481652495,8.80302734752183,10.332662676823748,11.33511879968948,0.0,9.85973498683382,7.148933307100055,9.322176108659788,0.0
76561198853188317,52.678262213262684,61.2545280071398,39.0411469486036,63.915195248955634,18.85153104390843,14.605077368769832,35.440507680352376,66.96362454134379,29.35109611088235,37.553974340742265,23.52519454428251,22.920879732935067,5.869664077359158,33.68428339666247,36.48800124121955,39.375610270166135,22.35149449633306,16.41892005255862,8.193552943542404,10.379093991066414,31.753003984844483,19.6068959063008,23.399465237239237,0.0,38.95268654544286,6.352420315230189,10.379093991066414,5.869664077359158,4.5094299137072555,31.325870414862514
76561198858486665,0.0,0.0,0.0,0.0,0.0,0.0,0.0,0.0,0.0,0.0,0.0,0.0,0.0,0.0,0.0,0.0,0.0,0.0,0.0,0.0,0.0,0.0,0.0,0.0,0.0,0.0,0.0,0.0,0.0,0.0
76561198860104675,0.0,0.0,0.0,0.0,0.0,0.0,0.0,0.0,0.0,0.0,0.0,0.0,0.0,0.0,0.0,0.0,0.0,0.0,0.0,0.0,0.0,0.0,0.0,0.0,0.0,0.0,0.0,0.0,0.0,0.0
76561198862661273,22.06168595167092,25.538797452991776,12.056003097734374,33.17759870926714,0.0,7.368599967892605,11.93496172989138,10.327532236396188,43.90839298324893,13.42046974424804,9.379642428364232,9.061322828367338,12.579950752741414,29.10576277037782,13.817045699106911,17.226993005974048,23.706982133899654,0.0,3.8790865051818813,6.480581227711757,16.38813736667641,9.980821544117592,20.569614112034106,6.480581227711757,3.846951008684431,0.0,0.0,0.0,0.0,0.0
76561198865591103,48.857960504068906,32.12325338133227,33.88384280140999,60.46430758007856,33.275337413395725,28.36874452691779,28.960536912260807,37.97915498414747,37.334403560616096,34.17060514617723,3.6566144935266607,6.491431326447301,14.583882249616286,41.33864590160214,42.80843776610734,38.96059164963573,22.93108296797173,6.623069247248132,34.9408041254755,12.033150234051178,14.753152538429326,27.8436087358054,0.0,0.0,16.991974945940203,30.612982171555647,14.314516093880016,6.719978871505218,9.823635836622504,11.304099939750987
76561198867608134,80.63442648858306,71.09013748264482,43.48322073129713,46.527753053614006,21.199373597449693,62.86768838621325,6.107312378129855,46.201314646974936,30.36361108029906,46.228409345993924,62.221934735138504,6.420515965022288,34.36832284433169,26.225728216062475,18.70357429704859,29.163466637901923,14.63826042108577,0.0,55.65550801964802,16.733108018783902,15.438678661008094,20.199767344845068,41.305219305903,10.05894063815036,20.753717220407335,20.732344734076037,6.420515965022288,0.0,0.0,0.0
76561198868323862,48.10318596386192,34.68080288686346,48.557268459427696,23.627096994296235,0.0,40.135374784300055,16.54065550297266,3.1561489949598958,27.710043511565967,20.948866105210072,31.71518448179531,8.152369565536965,6.741045107901188,23.627096994296235,20.90730987401699,10.246158424716382,33.98240315135658,3.112181086197238,6.730201060351766,3.62886402170395,4.299595660694722,24.05345862764046,4.082946517269732,0.0,0.0,0.0,10.157787700898805,3.62886402170395,0.0,0.0
76561198869428936,35.79215596062397,51.177318781271104,17.15363614667652,17.265465792486257,12.0863152335174,31.51660688465996,7.431552249891289,34.42961607784625,19.012462803145226,14.827538086032675,21.69701883289429,8.205265966248982,28.166701853403453,12.532166278787638,13.18952161411362,28.675554976743264,3.265759410767051,0.0,18.854944074023976,0.0,23.20899667206924,16.144201926272522,29.108852624685916,14.664738870814125,16.548821273187812,3.8663978274018707,0.0,7.760867673582428,7.855926388000835,3.643358938812127
76561198870279063,34.22837978504367,60.36435699284304,17.571535843333123,64.86541811605592,29.539269876663962,24.289881380419125,54.625581244890114,32.66697540207586,15.548750413277741,31.562484305244677,17.685465330344513,23.76963653265687,11.074925259093892,22.225101633338863,18.380222207067014,15.972151208707182,18.725794924606785,6.578225686338362,31.068441153664615,21.582598538599953,15.821684253687625,0.0,17.018115700662758,9.74326999461486,19.246362792948528,10.941330199788593,23.457763550464797,36.45738034342722,12.548875109319157,19.519023757758994
76561198870768812,42.55141629193421,49.0816921976713,23.23240694064412,16.742636124199574,26.40661401660403,30.935932528830612,13.368872597023524,31.76304565733573,16.963979759622323,24.71981046038986,41.97017864743734,17.02921173201043,43.29740389175122,8.785345151736209,17.108730243896268,31.747469351368466,4.890875305555651,0.0,35.70712805771296,9.018981832379714,7.790973039950666,3.894469846180557,27.563361878175066,8.93603410985328,18.93945257177447,26.40661401660403,10.071011411453473,15.115526098249742,4.349890764643811,9.395378269507276
76561198870946600,46.568532468423285,41.00390402945437,26.036257893654252,16.763798069342517,89.73964374626814,57.036193917789404,37.323223506871074,48.67891894423264,22.10466077004114,27.649326541375892,23.345181814431562,9.119613855120004,30.854529806947937,8.533144962694283,11.605104799699056,39.47024641791542,12.963193841530577,0.0,42.98568864903304,32.10289694158325,0.0,14.993179179382699,22.77452649338515,0.0,44.680943380058146,62.91156720947641,18.64888745051264,23.775752424745065,12.750039005677275,7.862489498971506
76561198871046795,0.0,0.0,0.0,0.0,0.0,0.0,0.0,0.0,0.0,0.0,0.0,0.0,0.0,0.0,0.0,0.0,0.0,0.0,0.0,0.0,0.0,0.0,0.0,0.0,0.0,0.0,0.0,0.0,0.0,0.0
76561198871845380,60.49675991832134,51.508386770430235,21.55976635084018,86.74571570402803,4.38414938005486,17.74442824514168,35.42019740483904,22.773410202100788,55.05054161967036,30.041412957840095,9.157821800927886,7.789663653957129,14.390290510730834,62.96459738605138,40.84364634684338,33.63919300971469,12.411479034306517,0.0,13.425846696531188,5.4405978738048075,54.295511108181074,47.06405418607711,28.433668402670868,0.0,18.389260822045927,0.0,0.0,4.553034431567563,0.0,11.727417733622687
76561198874472241,37.404329651989386,40.40636220001834,13.65533279906068,67.48379958493463,21.046315059955774,3.479700443150099,37.70812427428757,47.62314974813882,43.75562261923423,25.010169430111354,12.580079861035678,19.542488548896113,11.110958324090067,38.026009967877016,26.164642447167672,32.881412652330376,13.632982505442625,7.132434450627683,14.479178678974662,11.335797080722907,31.564685683210133,8.670401511133079,2.9231615807191558,10.441934186703232,30.57291122486126,12.977040457568421,16.82507825586823,23.67710645337288,7.237864097651125,23.993402404916047
76561198876451323,35.652498285052346,46.8598612169696,27.73086924327227,19.521914970697452,17.184835377462374,45.360037286874814,39.48130206546042,29.261312403313127,10.839463354796921,14.859069594067241,34.43194933427962,9.632139023728609,24.843169626281018,6.227218255136867,9.210456655215024,11.554023344230789,15.949357699022745,11.33519111433993,13.10476438980051,6.921412591865634,18.343105565080883,9.944676111863295,18.93164191620197,21.326995563707545,10.805126930999371,0.0,21.133246472787327,6.33716284245963,14.882401845476304,16.052266084912006
76561198876615080,63.60048926747157,73.15040556598962,37.988014340924565,50.94865427092095,58.046580295749465,53.067515039816406,56.92664841003009,38.323462666689,18.32938200117475,42.09900727331121,14.025593979201815,0.0,9.68438933904819,23.30476477381051,22.661375066210578,41.18703407833085,18.134893400543298,13.396970961982177,43.19896099524138,21.800664384334492,0.0,16.54038243105872,23.689516428569984,8.227499497009042,19.5780710900058,23.628541758340138,24.665252635380334,19.283997678454902,0.0,27.383824467375685
76561198880142983,36.09493817576942,71.5668481176935,6.4237760443248115,56.612465430119265,0.0,25.585331405393855,11.392031430471249,57.38708918842165,47.649378236673044,12.875119971514748,15.462542543676674,5.447943540503849,0.0,47.46026133346318,3.09874002362822,19.56370792057919,3.09874002362822,0.0,7.670764286710999,3.4719664525503626,81.04764650944433,6.324262183504838,0.0,5.144991346595335,24.255317583639847,0.0,29.683354261798,5.85607428499846,32.1048030646072,0.0
76561198881008111,17.967671696499117,26.394150068015716,10.945590687137775,30.45941578129939,20.51627215444701,29.530076262753667,53.06198332507665,29.37127170508454,29.942540324058907,13.097759777492211,14.33839844093158,10.655963882503304,10.889987322733127,16.847500495253943,15.880577029954402,19.642194699771387,11.820714537891975,7.274507001224766,8.116961087228063,28.18652515572587,21.712246959463446,12.05736451555592,23.485260990084804,0.0,26.7327266107914,10.057675700232885,32.845465233653464,14.368279263056099,7.316900540344955,23.767549287428164
76561198885046549,49.902891485126226,54.821635728370886,18.784903820738556,67.08114074943963,12.835201442057787,25.66183580616095,33.45553421616968,33.858258594096064,23.211176972247305,33.96203315776721,31.991211924253204,22.236367408442124,15.555510284718993,37.41435440340953,28.91425283167259,43.56111933860824,19.705676842824314,0.0,20.87779776834094,5.011834574671738,12.984665015581488,15.639021126502985,25.56773170790634,0.0,15.642806360620373,0.0,15.459748422389612,13.876366815868646,8.787579561807256,18.273692316638535
76561198887083618,37.08226689955271,42.699442780448905,10.520520620229048,30.54490545177216,7.034875564306491,23.597860693307837,32.01383915628048,41.53988483692379,13.009679547013265,25.199925126824585,26.881109502435276,16.747445502583183,7.257316480145068,18.348728444625905,3.765840495250065,5.900089116016819,6.529874938612208,5.406501143051704,11.90777551965345,7.215828041081652,32.40888344374794,9.299750145387351,15.260998904355482,3.765840495250065,17.112382614586984,4.292101927145895,23.72015820977585,0.0,21.951549610719052,10.295982474000606
76561198887943085,36.240348723635066,26.809814125449783,35.24283942219367,35.92843456244465,50.161450156927444,32.53454263870295,49.36963119482284,55.69657027840308,24.641813302671927,31.602035608623034,0.0,12.455959418534142,21.60818150368219,27.240792408719773,23.003381972297472,12.704814166740464,20.544669183448054,12.252046562595837,31.506485043138817,16.736203401417978,15.220759110224375,22.077218487119378,0.0,7.051859519052201,27.457003874001824,44.44449090745739,15.26248888026422,22.18230035706065,11.646837050287349,46.77065208877499
76561198888074333,13.205908123593982,11.783522052015952,20.512926827632384,24.837319674290285,19.138151328839307,22.86568571574773,21.671234747792326,13.549199678890917,13.952322458274141,6.112875659992259,10.133214808903864,11.55782989814157,10.44005004311799,13.952322458274141,21.96716087974792,6.082328493413102,0.0,8.909969359959304,8.468152011745051,22.004002786501665,20.299754538462288,17.29469067930744,13.512743357808109,14.998218050674293,4.659942421835071,15.185946533778331,3.1032404812692764,10.652812097447637,3.0096351787229825,8.522937461461378
76561198900476414,27.989714488194036,48.68065660625846,11.094278915877688,38.555061309919964,27.291918184341494,26.315809256149862,46.64439053492563,51.28533003018576,20.43218973244619,23.50892547036849,19.890119147499846,14.451902335364556,17.595564907223054,27.051137105463763,7.237643387726335,15.878612489796728,2.9575110607337933,0.0,14.851588700601143,22.683025651874914,36.792121352587124,16.938083551802052,8.930468401125928,10.940864477085185,26.34825613576636,25.466849997377153,18.18372390798695,20.19898540815731,18.571382961930283,15.876566823199564
76561198902671770,47.171143451565214,45.54630285580226,16.882589316341065,33.17358208664967,24.755068100709657,31.718790052174235,33.645069278317706,66.57528070030189,14.367589667525339,38.24382660037048,19.448035863458095,11.251997037419375,3.853970073979529,2.8466520505398383,24.50976641993427,42.991749075649516,32.60664577835233,12.893356512211385,22.029028383219597,6.20754320070007,11.376566493229058,0.0,7.834025489799503,3.1441522786722644,44.4882282224952,11.933177283828613,25.282891062594246,7.225322726558325,27.138126292355253,9.2255863097842
76561198906743730,34.5908782014207,43.285162715437366,29.330513551166362,36.26450913071301,18.048924319954207,42.450184110888486,20.380309805928704,20.652821594394823,27.64380436112552,10.66508879206296,30.38932170395292,14.941867584259054,14.397409148958545,17.315478446398288,16.627060653262852,14.33096633979055,6.848916112291649,7.214282167233905,20.160160916808767,9.263508083545723,14.069512378807742,23.324015712769683,23.517103750858357,9.817449401808148,0.0,3.134189016701007,14.38792626599663,11.058731734048925,0.0,15.041154420501947
76561198907957525,41.42949960223783,39.97916855229035,17.45487263634675,61.26224381237832,20.199395716434566,10.364981702138865,23.61359773323186,50.85077858450005,11.447305245728149,42.41244905913455,0.0,41.44586971260803,6.238812787119009,11.447305245728149,39.90178821568282,22.958083344915874,12.961875901423385,10.4447801974443,14.967783889512564,22.1609017037187,38.5440819051896,3.021400020302569,16.01987113090826,4.180828022110238,40.18394596763469,20.199395716434566,20.810948308156576,10.302482889403311,17.008860810453324,6.6074309623942185
76561198908664868,61.35561934382623,56.81270532891393,75.77171511638645,22.441961351974093,5.729840008975491,44.8935303360024,5.385732828550986,42.57263450027531,10.966950528639991,31.02479529487342,27.282870507059165,21.168026199290722,53.230220610050395,10.966950528639991,5.729840008975491,15.905946595594095,31.867610058200338,0.0,10.349603197266482,0.0,9.618795538733572,0.0,59.883035639382975,0.0,11.966814994181508,0.0,0.0,6.586833504749222,18.716183969064712,0.0
76561198931909013,19.66559023576765,27.18761589839357,5.375417286928885,46.9396762535669,4.904014725645983,5.375417286928885,23.93833874752294,30.19301922984174,24.24876874391364,27.39389302978743,28.557513215868553,41.483960104808226,0.0,24.733032051398272,27.313174805038642,33.54225840074278,16.806199391151033,0.0,5.761013108110473,4.51906748693468,31.95850116065393,19.938542321011024,37.5237007037934,13.920728923381734,17.535638935741638,9.19543261144911,0.0,4.291417885803126,23.260474411872988,9.754247368963442
76561198937925146,33.86492374397244,58.798873504784794,47.09247640779376,25.337788588265347,20.162382253872167,14.486459174956444,9.595243789972868,15.722912523661792,15.566891070596487,24.475543495625722,28.211492702651782,18.958084219436586,14.659713068414897,14.852425054552826,24.933949760812357,25.16066939439716,4.918885435486688,4.439469730210373,0.0,0.0,9.321506273723458,29.319719381765072,0.0,0.0,20.64179795914848,9.595243789972868,4.439469730210373,4.439469730210373,5.125153747538848,0.0
76561198950687868,34.288362652812104,53.64237610896613,29.293689196182164,41.195944955238176,3.639426570394406,26.99472545223386,27.442795287056075,19.13976801868437,42.750667780373256,15.594590162861289,65.91327335843816,30.576463925427934,26.20184960988374,31.753437449346027,11.099636365862645,30.32888719316668,33.53379044381599,3.1917101567954314,18.363161310774917,11.189512284293354,14.318176495235996,11.778808581011207,54.836878443601414,6.880867624048049,8.186301387178197,0.0,11.647477928342045,6.879280801647798,7.309494521331577,13.51092200346648
76561198954743459,44.92418355848733,61.656560676974635,26.71402251924968,76.76259326895955,15.883401432284082,27.0081923124338,29.371024874295365,55.24668368811667,50.58465979400323,26.562387119353897,23.821247680595402,11.34585599893877,3.789403291880235,50.49365801306137,17.699785194199542,41.14004660124565,16.165596384549907,4.1418640781900775,16.869265702862215,3.3304171996011083,44.223897319367836,30.53410768099094,3.789403291880235,0.0,39.76727553097766,10.845483578699557,7.472281277791186,0.0,0.0,14.8650409233499
76561198961057393,71.21163071655165,48.78921451223782,43.828583705119584,41.80456877489732,29.804480194421895,61.923924386824545,23.42359320508376,18.86075538868475,37.81799503820488,37.584225110303926,37.48941310255701,14.735531218198883,22.184889135017638,33.18258666915618,21.05662338034901,9.292007912739349,18.901509347623257,3.9689702858698963,48.730491543466854,13.512231445587036,24.24306936801706,20.799303513280368,21.459586097309074,4.889973117689029,5.986954391630096,19.58734459961447,13.611577534823729,0.0,0.0,15.105628449686014
76561198962774260,8.34895796370654,8.309269925662047,10.005096296659264,10.869302072315364,14.420368310958668,7.2646102961971035,25.013289154164617,7.949076586200071,5.064421658729998,6.133992330581038,11.411893807089733,5.440710732385297,4.354798644478282,4.395925841611183,8.75142021478211,5.0310561616151075,2.0028304393079956,18.781858732657625,10.442688552962617,13.481003582266496,3.432288989139829,6.451533651596883,5.693282542800067,6.620849188045476,0.0,0.0,3.4151002868311466,7.866356764911916,0.598836501088704,13.414116809108062
76561198963902506,26.13811674108985,29.667764880989623,4.642639366102566,33.58473782758069,16.530740033471563,9.98505881561953,11.565515817758998,40.93247113935726,27.30005454918574,27.20815326334511,13.930030146684667,11.276950273224983,9.674835001070264,22.798270614275577,21.390327841727316,41.500728527736015,6.352830761061748,1.6620303625532709,11.613178929946729,8.367526193956941,14.197484455728087,7.777540520830188,9.990490964351327,9.747555037850253,33.47185263979282,18.088410380700594,0.0,0.0,2.136530508663963,6.7994587909055095
76561198964730990,51.17125117162266,70.06924687885909,52.45011815581395,87.66816801645838,0.0,29.58814321978347,19.293363654319144,63.23108060293684,84.89570007987305,49.742161193898056,66.58240226087904,17.938526760536686,13.807238077707721,72.80254631147272,12.743862407821819,43.83416364698403,33.28414508891971,4.0578534536396855,15.371646932554512,8.593137512163612,53.92539749238287,16.790793951672573,30.180422517810655,8.126550683770862,21.717791958437928,0.0,4.150724895658208,4.0578534536396855,0.0,8.933644133662899
76561198966274908,55.835651786285425,68.43940195734403,26.061526706285136,39.74855909733033,55.52293804063251,50.652105011445485,15.747811559207728,60.75934573262168,15.091789380822535,53.123902051845164,27.550299872317595,15.93405047178663,41.1472579152875,22.17945456089333,9.016651734012108,44.43447468659052,19.328078252960292,3.778948651202804,53.39340062116653,17.640244549773808,4.990636647589566,13.748190218815004,26.42579173976513,12.531731595324796,41.80390363842973,39.51492821574392,13.734791691012816,12.011362365074683,0.0,7.4277870557795564
76561198966998552,24.963457585124047,65.7079948281822,22.71230250126245,23.676723720286848,9.364220786713693,28.928698369771798,19.70820521964921,73.60225046193634,18.8691020575925,24.594013319235305,42.970170292337414,10.916170959922843,29.758841288994905,12.256590703269431,14.581231762005007,44.85459109898542,6.8119819919602165,0.0,11.05542109588956,8.910911171397398,26.100089433029318,13.410897961904427,52.81214180690672,5.052288942696368,46.3769570753486,8.793455809381005,9.72108269627287,4.934833580679974,34.112286672125116,4.934833580679974
76561198967733216,42.03715727908117,35.54097673398393,28.39019367235019,51.68008106897038,5.108850341593211,34.0985582211762,39.98320524113598,38.539352344939516,33.08426988072268,11.94072334065929,43.88395885442906,15.479955096873127,14.476533239887866,28.21404674034317,39.48256143828879,22.646613317300716,10.735287504046234,5.947460411609927,33.91539441328873,8.892021151810644,14.271459978179646,27.2138283959427,24.67254298880496,5.5137512747921935,14.480383147661023,0.0,9.325730288628378,0.0,0.0,32.19545769228574
76561198968237390,51.66817067390525,46.40412937047446,48.74116055403737,22.239090279936477,8.174219779878701,42.67965872376317,2.2300144001592104,14.710013409729548,19.038378425695946,21.73775961317772,29.05298835431229,4.263806003286451,46.8626534557308,22.239090279936477,9.449834326512311,7.738644554702934,7.8995997622245255,0.0,17.0650616802133,0.0,7.354012941177191,26.479187508341973,37.322437769104006,4.263806003286451,0.0,3.659193143743576,1.8050046959780757,0.0,0.0,3.3884498088396526
76561198972795993,72.17387380475762,65.24469455299524,44.510422280893266,69.19466415875478,4.845524774032655,24.425337210630513,18.17750601762488,41.237022621726446,38.944313399238936,56.52841813700413,34.26221391582787,7.8960149826933534,0.0,39.47888260518942,59.439821776186086,46.85636414977162,19.817879850015018,0.0,18.623277655348776,0.0,17.380489115525243,44.34545731575357,0.0,0.0,13.313192076700494,4.845524774032655,0.0,0.0,0.0,25.59816282367846
76561198974123949,33.10210312520782,46.45359124159154,19.1612371024226,50.39379708790377,17.709713147514332,10.590751781621156,10.850978600513944,27.039010225606663,29.85362381789053,26.46094741988336,17.118853640864995,7.772635446434986,24.99944341435357,31.225838673769758,10.920881277282627,26.83480040422176,21.426036205075317,0.0,22.10748948801632,6.8707363561086545,21.33123439593404,18.677343032613695,16.98881333308496,3.6856241613932634,23.56026029911218,7.511297175828762,6.32624267095874,0.0,10.65353157886341,0.0
76561198974989829,60.768414368028424,74.07398586373989,55.516218607234116,31.69726625689119,3.892840186011372,57.515997289325206,14.648122103062267,19.19866726991208,17.595362472045878,36.1880850309526,64.42441238712934,21.556722430179306,56.02421382233561,17.595362472045878,6.287077586135962,22.091218162696315,16.41496528590944,0.0,23.673768844028555,15.386905929500697,17.1385814169778,14.043554800948533,62.12199879109677,32.90386675367833,3.9950765605634317,0.0,4.871373226762748,3.892840186011372,0.0,0.0
76561198975067132,30.605406782439893,23.11029370834986,12.96640706294357,43.32465403647906,42.636467027279544,46.51647430058436,46.07260107711552,22.096305285188766,44.73756166398026,22.34638449990494,17.694326648368452,0.0,11.88055906874834,41.3782284864168,14.847777829928258,13.257733531929555,12.897513947055483,16.677018816411938,35.22422324240899,10.838102239833384,11.720701587896652,17.512016709704945,12.265429330866542,0.0,11.350384951710115,27.017426706181862,14.111010600117034,13.15012753652809,0.0,33.51496083832618
76561198975990427,26.925910053416906,15.957461309625318,7.225745266224465,10.333176239775991,36.91881590480734,35.725211420972705,13.0472176671916,19.938453355751875,21.037517494482916,12.55859998776071,11.687672272046434,13.056814589910445,7.909811548777276,2.9668182633893485,25.30122999582619,31.62612562779831,5.542271272524719,0.0,42.35302809488732,13.196535917337792,2.9668182633893485,23.86911785677217,0.0,6.661731331396188,12.07417595034516,26.706445624652073,13.736437846213462,3.677565694213663,0.0,0.0
76561198976541186,41.36149062197457,22.895443184971537,49.00896867748268,7.4200644497478825,47.82961419219393,30.914250419669145,29.661103446018494,18.709524708445503,0.0,38.83131321498657,0.0,2.7245795030534206,7.683907076428559,2.145931282948669,27.35101280881162,12.007184228321943,11.301121474532637,14.483187486063285,16.790780753136435,33.114276291714205,6.650215010314506,5.030810401032888,4.747086328147007,24.610935471551876,10.91683079347706,38.152664259169256,4.987929456560618,10.662041808493665,5.398671621769626,6.151982945627388
76561198976557185,75.71984811530197,73.46334712935294,17.869349708448606,72.2360848472058,10.288565650629788,27.280507888701685,38.95901665506523,73.77400521136563,58.48873866389584,43.661390105743514,48.27444360246252,10.399611877834001,4.239166146760841,38.1284694166713,43.733917996899564,41.09630948750072,13.763735371527504,0.0,17.891878658984297,5.900910538767129,45.83064103242094,25.700865752365594,8.307218054691543,12.189883719144628,39.31840244069569,14.52773179739063,4.779375562179788,4.981412435419353,9.018541708940628,40.25112628284693
76561198981659881,33.214317866985176,48.874385497046276,10.829362384407137,69.62684327663527,3.8122026701459353,11.431353693808056,34.066950224673406,37.9127178190144,32.00631951758781,30.305384064994325,31.11544361352259,12.391729747087732,3.7309806301325716,32.28292538219726,15.138462136156967,30.363115269865403,18.443899385859304,0.0,13.49337708718436,3.7914360424390283,35.13075970408667,17.996620281563327,21.63850773447876,14.32188129230931,11.260908040359581,3.8122026701459353,6.585233283687648,0.0,3.1780538303479458,15.379592262853194
76561198982027831,33.74671937636391,56.10213552118214,2.4595888418037104,47.47804490095663,26.783503115787468,22.05359200275898,41.68753926454506,31.367654875860776,32.00190586694531,18.66345651531922,18.23841749749863,5.50568757010565,6.894700434108337,34.32464501050337,10.452805797874504,39.492509447050985,6.691579396983521,9.609335704817402,24.30807352413184,19.95773564899283,23.128029799386503,15.154724703183543,14.097298475663901,17.268562241196367,15.963481110126303,12.25776149013942,11.183969738793305,12.334806813178966,0.0,15.511857010085928
76561198984355584,53.6393046386258,68.7374234355969,41.07423454297782,38.93196018244976,13.189455143993582,43.59682362259544,6.200955321968405,40.01838381562866,15.03583444436553,29.14123363720521,49.01181136996976,23.18576254680725,38.82313309912065,19.212987117774947,18.340982142226107,43.68835849624483,20.237653686488265,0.0,39.28845465631168,13.127988805333008,9.039018029428203,23.70312571614221,36.008513677989505,27.570001374801553,23.392055041818647,9.02698475272388,9.200756593934322,4.854215374824954,5.75741802382211,9.7237698028922
76561198985222961,42.792409491037745,52.346713489479455,15.90228054880743,46.69296980021487,21.349380059504096,29.74804063657399,22.78233953648538,33.87808844285322,34.46581784964842,34.58676835621457,26.55034687036687,4.112020747235043,22.5066970868397,30.43757755939555,28.670019782641454,48.93168538858151,15.19151605199647,4.2510633701550695,23.335544078570017,20.7411079503765,11.08949301252336,16.158746819196658,29.368557665659957,15.689343708824353,25.042814651598324,16.907682978516405,4.2510633701550695,0.0,3.653770277000368,4.2510633701550695
76561198986771778,31.81796048139609,33.92649300647398,33.51116801386292,32.25656734460338,0.0,22.139106032739598,8.29243383539241,14.74226033146546,34.073226143266446,3.3782698770184507,28.11439288453846,2.533696813957432,4.200504758050491,34.19870380108387,12.661454087451292,8.356061534504837,3.089677886396519,6.932993693814874,7.751423660773265,3.2646137165420543,21.24212241915467,29.14240235401946,0.0,5.80857512911137,0.0,0.0,3.3782698770184507,0.0,3.3782698770184507,0.0
76561198986772742,44.91841932148935,46.186351091068296,25.264781444323116,59.07685237507882,3.751854253275325,18.16556184505554,26.869660234979083,23.470406279144136,22.200681044656747,43.70625314335697,8.921964058594925,19.163510148114106,20.002463142162345,18.525676695489093,48.03462015625324,32.891210917136256,9.183958623849277,14.788446889978573,11.376310349642162,14.393896614782973,26.357175654351423,27.7005193343074,35.58445715045443,3.6712245188752153,22.80951996080241,3.751854253275325,11.181720448089735,7.284100488516449,10.049714152606235,20.5537938172076
76561198988021642,30.495828803496128,31.94319921251178,4.846007475788166,43.269265186169555,13.079361915329162,15.32148804896827,35.12117722341411,43.98228126796546,19.39911237838124,19.04661375701783,12.947998601244697,20.77746205845434,2.122261538862764,19.39911237838124,11.561737054635847,11.661381870259111,0.0,5.579496213795359,10.007174280352295,9.115149090383186,46.97441873349399,11.561737054635847,14.804729325940485,0.0,29.025317024623988,5.492999713040211,23.32646414417283,10.461585777211841,18.907484570032448,10.852133863285598
76561198989511606,45.29549790886589,45.04094734569003,31.202722581948898,34.94302188850747,22.562761218916005,31.977430676587804,33.70863435756418,39.145233775761994,23.074349176607605,16.692668130744252,22.912393928554476,13.428750175855637,5.469194518582723,27.757373089013633,8.15884720921329,25.119051323092258,28.491404434137948,18.299004002105686,19.720849086655605,12.415433281352342,17.548657881518505,3.087399462079815,11.030606584921381,0.0,19.8316319768334,10.87252599776961,20.837472915098367,3.462606009790799,8.095458246392898,10.87915225504846
76561198992122481,19.45060566244381,26.795195258433196,4.722712081461406,50.52906366406848,1.5085119938441398,7.461800019122694,18.348142757630796,30.76582543375993,48.2041992039826,11.833643417840024,9.3571472983339,1.308332819650179,0.0,47.55175620070598,4.9612079909969165,14.391786624518117,4.437326221269976,4.250222606438963,7.938619064472952,1.355835153635182,41.67323570541033,0.0,6.153503142513805,1.355835153635182,16.125859182676585,0.0,10.558455766656213,3.489513462710723,8.796412769756634,8.237734018072093
76561198993588247,24.99152042203226,36.06762661151483,9.80904164484409,43.59698975155514,7.77711157987522,13.95069906334818,17.6934853119624,41.309606632583375,29.246924023910122,16.811441557161466,4.969666622152727,3.99841385326271,1.2325602611778486,36.98023595034318,17.62857488558378,22.07883766071031,1.5748464676644813,1.5216989981260935,7.782530442535993,10.370064055412254,18.756035269372695,8.612652953352416,7.411654783262442,8.959077081701992,19.851027707874366,2.8195915758351173,0.0,6.029955799076827,9.405778491815706,4.1920087872682945
76561198993810829,0.0,0.0,0.0,0.0,0.0,0.0,0.0,0.0,0.0,0.0,0.0,0.0,0.0,0.0,0.0,0.0,0.0,0.0,0.0,0.0,0.0,0.0,0.0,0.0,0.0,0.0,0.0,0.0,0.0,0.0
76561198995117447,55.91259348366148,57.66646348790678,34.03001134529884,73.41686361532216,36.12034912437954,32.41290190813282,45.73950884744006,89.10483428426947,56.5100488893505,35.264383136776324,41.41296348582003,22.084652155706088,10.909850488120174,52.589066142550884,27.056406682177347,44.57325114358845,43.83862237153973,9.756728718908178,12.251000640162777,9.787867504060467,61.754824663395304,27.999708578971735,33.467751164718074,0.0,35.93690089960001,9.552405340078366,20.07808403449833,5.801665100458068,21.60928066038548,11.346373685040005
76561198995486953,25.636246146385766,19.756370580168657,16.398477839810376,41.26141666166557,8.148814048353294,10.770404837556574,45.09103588122708,18.000317476096043,14.08423946785519,13.537761086624332,12.100721778540798,15.503976181218762,9.571287456712255,20.68258234924093,36.637687217953676,20.85269618749841,8.994088417090492,13.186136877216601,10.05664227392425,19.64379911573846,15.219519039236097,19.127777055699273,4.702569091975224,9.683193131717225,4.702569091975224,2.9601050959108397,20.205352937948874,6.876746939308644,0.0,15.795645314609645
76561198999705859,29.822319376379454,35.57823865230216,10.912710103552158,58.0094417415484,17.148782728502518,6.580134155434141,28.37715057500629,40.57037682170294,44.10794498006551,22.36891154567414,14.439034071111344,16.66325661768056,0.0,44.14911052405287,32.85109858645267,34.38077435888712,21.60294715814478,5.145696931964746,23.25027326505291,9.193341148429113,35.31076064053876,17.930296833776715,11.163899863330021,2.0693912058263346,17.774374381518317,5.867122233847756,3.5049566159530077,6.94921348707561,0.0,14.24496051668765
76561199002493106,69.26378502254184,77.53802764458449,56.938837240318065,49.76274449051797,15.67867217879842,54.23839400492717,32.09376643074609,50.97910170649932,43.43971004396535,35.662455890053366,34.087546212165336,4.563305981889393,12.381740532920423,41.09080432009862,36.596344096761904,39.8335561222884,27.019956201385043,12.400329207210206,8.463466960890898,6.935132479960243,21.43331042029546,18.959037277313683,18.030855793557254,4.960394077659509,21.998154136461483,10.71827810113891,16.21588880769179,7.898362075642954,12.802104310524165,21.69703789257146
76561199003329860,14.271006520050653,22.69011329748829,16.87459260734723,37.91415641215288,5.833734134342004,5.752712629026547,13.427050491821813,15.748952232045117,23.609534846355533,8.021239021376097,9.189992286744868,37.07062802965342,5.6686166758809655,26.890446062143187,10.809296744490558,19.770420176502622,6.022672474232175,0.0,13.383439386211329,4.711779921046349,56.257460267278816,8.625642592352186,37.149994892818064,11.008125782032177,5.426675400398562,0.0,3.9094196195580313,2.3869262414277967,23.071873173704716,0.0
76561199003463982,0.0,0.0,0.0,0.0,0.0,0.0,0.0,0.0,0.0,0.0,0.0,0.0,0.0,0.0,0.0,0.0,0.0,0.0,0.0,0.0,0.0,0.0,0.0,0.0,0.0,0.0,0.0,0.0,0.0,0.0
76561199003732668,44.581147837202195,57.104246578375104,47.70914074231869,20.962217748508184,13.989949563558287,45.233322081648616,6.279894777120087,29.59294905251147,16.10472637245442,20.155586194844215,34.07659711143027,10.469262936152212,11.445111877083523,15.284497122949857,11.086797914214083,21.949424641049468,22.368980022871494,7.147196813692204,10.841364071284968,6.53753834045264,10.851988621873739,10.979005830628932,0.0,12.974497676391346,11.311240380469437,8.747779357633252,4.327174383125731,4.034594557816327,11.513939615196001,0.0
76561199006086136,38.37219354326646,42.76448028597237,5.059853937883755,21.05535949855858,10.357491250552526,15.035739144409327,19.087318824296055,55.97077253587693,13.430751707825971,11.007728609920983,14.248052481091563,11.89814914119223,8.056491014032373,9.117539389152448,5.304068795327368,14.306738311776472,9.070577566880651,5.775822476699585,7.098553804536474,10.466894830537587,41.43189910617191,0.0,10.681830401433967,2.0082140323914683,33.17075157043115,2.4069451083182885,29.6865456107799,14.474541769176504,39.167033185853406,0.0
76561199008988100,29.67359797747769,3.539508997459668,13.566005754341504,54.71077846303523,30.457954982810918,24.62644452065197,52.72051405851244,25.415193756298283,48.292566645406694,18.22382450196865,0.0,11.493974209617082,3.7768903314366495,47.22877131374765,23.93347538336075,16.424439198685874,19.215784197134575,8.4374274373875,14.29754980112006,27.60139631259266,14.874115631749032,16.42439440271157,7.096516059404993,13.009355940561912,16.868669944011696,21.5054459819041,18.51034261388643,0.0,0.0,34.85257566183646
76561199010475789,38.27091399414791,26.05711756041981,11.365790763643675,38.37160008446808,21.191166450292364,34.337809007108504,41.03952469774212,15.545571565389276,43.67554300315325,3.1144038032714896,20.418728493257795,17.69999784990445,3.2296179214001026,34.193754310616214,25.321079203646306,21.813700167043415,9.05407354493796,8.641594275842094,44.19634019154208,11.787899407875459,18.43292356796775,19.4219730238732,7.132463685271888,3.1463051320333655,2.8859174075467844,8.144166389582168,15.25402599811245,10.626205340607742,2.8859174075467844,25.164965833196675
76561199010548373,32.96646470188361,19.48461720292866,22.91533112622305,19.193433883470078,9.40988718396385,26.650450326586608,12.605061895494845,20.773532720637522,3.6588572645250568,13.933134892584945,15.924249209169083,11.171624395384807,1.5701979990964967,8.466278619187458,19.429779277682407,6.192901971658248,14.211923359262068,10.154826669823724,19.082215858003604,10.232204224491722,5.1617836314003664,1.7829541492663168,15.98466917833728,17.56945984923055,5.013969728685128,8.907646529165689,2.3434411989324997,5.190617449957779,0.0,3.105915167830485
76561199011315469,35.37771463436429,38.75305440461415,0.0,35.4069548588749,25.67474368481667,21.04945218124668,19.293675706366212,37.80945365274375,7.93571624970089,15.797077497597458,10.904547135116376,14.518101597947432,5.021245473208271,10.915741394049522,4.851311255495,12.33306396029392,4.266868276535945,8.537566380910844,13.790854212317528,14.430871078818734,34.790524831090515,1.7369512327330598,3.853970073979529,7.8378510808648265,24.405387788742587,11.224165405707389,30.753912645570043,12.752866545465855,31.22162224096826,6.480424474413341
76561199013537219,24.75932513283727,33.473556417421754,32.263401099000376,39.681121670343835,30.330363757456627,48.94193978132847,41.10512939937397,41.884077197764604,36.093515394900955,20.796394774048057,10.55806865562209,13.034766959493446,13.583274687761833,31.866681649632774,12.041273765979238,24.9637800364405,10.879851601344928,4.251775570170929,34.83527350726099,18.680698851795526,29.48126113747887,8.434587281544859,26.28106086296887,45.214077866143576,25.355405892469054,19.46410492637216,4.267597343922845,20.24158531952355,11.255733734851795,9.616208338925826
76561199015330455,25.920098999213494,20.228476937266933,15.436306593580607,47.586067827877564,4.635214307336468,20.184586574321507,24.474005599861364,10.422735814093574,38.86379116096765,13.401194214550925,20.759002080508484,24.460641778485293,10.115911129697734,36.003306036821684,9.966186744143778,13.372934339249243,19.240323899062272,5.020353914938416,27.54461100867343,3.8441723385199715,17.15123956045529,2.1598687907924505,27.474848688289427,11.11398572617523,2.8735646395797834,0.0,10.054288062520286,4.635214307336468,0.0,2.8735646395797834
76561199016522989,74.30668880395079,84.26915166162162,38.567992273048034,86.14845429171906,3.657646751682838,31.702760079593503,13.933509873618897,43.32201442081766,38.805704593768276,37.60820161898532,55.56546819429644,20.40102746623664,11.933276900512062,38.12700002851934,25.59917726684818,32.401866299429614,15.683189695749935,0.0,48.31335247507595,3.5937442589988975,54.332859263054125,33.552341552104835,29.735316380862386,7.415404824346652,23.641909508703645,3.695606774863363,19.22219551528339,0.0,17.678030575879024,10.33976561462
76561199016903214,0.0,0.0,0.0,0.0,0.0,0.0,0.0,0.0,0.0,0.0,0.0,0.0,0.0,0.0,0.0,0.0,0.0,0.0,0.0,0.0,0.0,0.0,0.0,0.0,0.0,0.0,0.0,0.0,0.0,0.0
76561199017224533,32.07278554356581,25.232752139910083,32.436864049010374,15.929630610582624,4.1588830833596715,39.852349208134534,6.94130939030741,0.0,27.304779651999834,17.540359697323165,50.826997232830514,16.004919611101208,19.77376082692546,12.138194568143597,25.183032489525086,15.242962740081996,8.82074073897756,3.1112906141882632,27.796408420461752,3.3628029936748436,10.238902716366995,34.039957386547094,18.15807895694627,28.574048649046674,0.0,0.0,7.990091833547992,12.77198047905026,0.0,3.578506396632566
76561199017665090,44.96078582946501,43.823165069594815,25.866636871405312,61.29555124499505,21.631010558862396,21.75691120714491,17.41691077811876,36.55914588600508,38.49572338521277,34.40752297511304,23.903311033624984,8.292908364094249,5.412181622697084,43.77321978624919,27.044238745703346,41.4475756412355,9.228794443320572,0.0,38.31533517115728,8.555587794203525,39.26948713434816,24.026619671280418,9.141991935653422,3.8529097409356394,22.893668787773546,4.23945449739721,0.0,0.0,0.0,19.043976051994424
76561199019851662,23.72449112020239,23.097015606542502,9.840939609190553,56.815183559278374,0.0,18.184933573671117,10.444712737240007,13.431867510985553,48.70083209863607,4.238011912034514,12.445317260251343,5.958440196785567,0.0,46.5375188720456,14.087038727248208,7.740231668301554,10.412027459739969,0.0,15.7601729991057,0.0,43.35236107031569,21.881916035225274,2.4159137783010487,0.0,0.0,0.0,2.866761892257031,0.0,0.0,0.0
76561199021482467,60.25262006058657,75.71255506439157,21.256982087994647,88.50615049451243,29.6492728889087,26.510132111778756,37.74489069529999,67.26178490897782,40.45884641872628,50.459527353616124,16.02424518918605,14.1067178833399,3.4735180432417816,59.94911830458824,32.88079801647141,61.49080819964149,34.101113649069845,8.152359627693851,33.68041677103718,3.6686767467964168,20.84201632368972,7.217163568620687,18.998102305962323,10.200858783124591,45.07416055512427,16.60287852780389,3.7020424406402173,15.411245723805951,4.690430029938915,21.144646871462562
76561199023588691,34.431392273249465,50.01424281174539,6.586549514491212,62.45893809882455,32.721305727494034,19.109748040044824,43.5264113243479,58.977540612119626,34.39573004523448,32.169395425010606,17.873892971685482,19.136882728173106,15.316074573386375,30.794862468443757,27.672106454912775,42.818986150083695,14.813672263900994,6.367872557100037,17.487756934492996,3.37314078387963,17.246139892721093,19.475902120339846,7.303681031775117,6.865025215255074,38.758983964649715,24.61976549272822,10.31383023010531,3.7118632905043114,9.161426193877341,39.35618655179048
76561199024416168,43.2407376403858,33.29258254107649,34.09073827166927,46.15378838675875,38.16302612707614,48.9640484599847,34.6446061789118,29.716342665797008,46.8891256976791,18.79907280711923,27.579898565345633,8.01360716507682,3.730501128804756,40.679335222503845,27.820660487012052,23.34785397038492,15.122922426320315,0.0,38.53472893819576,10.967607175251482,15.392511395226862,24.906049311989705,11.374559050213282,0.0,12.47396229995366,25.804461212740613,7.77961333901232,19.394508186212807,3.7914360424390283,19.79191453742077
76561199025426416,26.953035421312464,63.8210365545937,6.770401045747651,56.06678033961201,23.319470750942187,18.025968721855193,14.866091049897722,47.09294849414365,17.286343364343626,30.756653081279865,14.88309189917819,26.18763898116553,3.353406717825807,29.64207837604534,18.02506187377797,38.47719475924113,22.187068819513577,0.0,16.399586938898995,7.908144850523881,54.918921075693156,7.515394733320987,20.947033587486146,6.944376848054213,40.07918267081811,9.508260357687725,27.09900511915735,9.376478819109682,16.360640715440958,7.384971273976051
76561199028361033,26.311890747262936,45.618322040930884,0.0,59.646441300418985,2.300583090323373,2.6195832197798796,13.663634209641828,42.4230411170716,39.05454018918208,20.14964853390566,26.850982886225086,23.553241885187674,0.0,30.70620849299369,8.561387515635271,2.7212954278522306,0.0,3.340030946424668,12.422456722585338,2.7485521444115397,72.20715376583041,13.537148371161724,6.11816239415392,0.0,17.693552544446376,2.300583090323373,16.493070083730206,7.959512619741325,19.000116654837896,6.147107113518823
76561199028905855,25.871835561611242,34.14337883915021,31.300128957262732,33.05503665606855,0.0,11.92529117936453,12.864374852095116,8.551621108217487,25.616831566493314,14.802088281903039,34.07338263757156,11.215891779490379,2.4740142086215764,22.37299902776637,7.97508369032191,10.791043043340121,11.005986509653445,0.0,7.743241252896178,7.767460949418437,24.15330903798029,22.846318735663797,6.8644849773023555,2.543175557911976,0.0,0.0,2.012232791986386,2.012232791986386,0.0,2.012232791986386
76561199031051001,42.277625696760175,39.11667578238094,22.679338717244057,26.788879055451286,24.296567325089157,39.62437862388941,25.380903405085704,40.46861114252623,23.111621156479632,23.40914843855027,19.480209951470297,24.50883160111616,4.903272775767756,18.145286121279955,17.64778667342134,10.986403520977401,13.733581230258489,0.0,18.764246808075608,24.85214614526354,20.21188792407954,13.525333434125567,13.360268866659357,0.0,10.061657757523328,4.3476939555933765,24.4272974093966,4.903272775767756,23.99090920342771,9.250966731361132
76561199032352779,58.26093880045541,54.515671816018894,20.997132913128073,80.61604501251992,0.0,17.578121199609722,31.676615554892766,40.39906527951801,45.610931418104414,28.5090237251517,21.7849624458467,16.50112686723759,4.033355290595671,36.76086642448726,44.08499126112197,58.46711494878217,36.230532327218725,4.230767603331745,9.114932233374052,0.0,33.33943415765623,27.605295795873662,20.520098477941858,14.79285738123142,23.6418559710154,0.0,0.0,0.0,8.837787466299094,10.293126992751233
76561199032380262,57.10047793545721,43.78179115682419,42.15765715921223,46.43532883110287,24.111990011998053,46.73975836705258,29.69291676534033,38.84292308570946,55.52469984837775,13.792755071996542,29.19601910099457,16.068126121617603,9.471723308945464,41.98704640065193,19.32721980664003,19.704467425897505,18.85750745107569,9.139108996908531,27.608744786995878,18.08076682048113,17.51232009940504,33.8006720430691,14.307937261592713,4.448282430450947,4.4607222816222185,9.04364685866299,14.21155512352416,0.0,4.625168872494781,14.712133495470281
76561199034135760,0.0,0.0,0.0,0.0,0.0,0.0,0.0,0.0,0.0,0.0,0.0,0.0,0.0,0.0,0.0,0.0,0.0,0.0,0.0,0.0,0.0,0.0,0.0,0.0,0.0,0.0,0.0,0.0,0.0,0.0
76561199034190035,69.02820135918527,28.739578960139934,41.280559145467244,56.27720854966183,23.225606006735216,26.241503706512805,20.174285863685533,24.475942493887374,4.24233343993555,32.505468905609455,5.622327993120972,23.07196664854138,24.04830724714284,13.716950016686711,49.09892176235159,27.750645955835303,22.13355893636769,32.3998600458392,22.21085488833799,22.643676858258146,7.2389065270764625,17.09395516931386,5.6053975727348,0.0,11.481239967012012,3.7909846770510898,26.700145991191086,12.12935424995323,6.2521967111931644,10.177864708956518
76561199034795612,40.92098471826841,10.955479788693061,37.13958078978461,47.31160255201132,13.712017169786398,37.30946784139653,30.611463003007657,13.948710902361634,28.413870656383203,8.777462910007063,4.884179760809967,5.216600675212001,3.08876713952118,35.22827699108072,27.528804580431363,11.92085380235668,33.229961286957455,21.03937613308966,28.627074920068452,14.240321536769084,7.8896848788901135,22.89118657029647,3.038312721089109,0.0,10.147476501390246,2.299580583973747,16.63895673817427,21.252153714483462,0.0,20.439160798652022
76561199035465216,0.0,0.0,0.0,0.0,0.0,0.0,0.0,0.0,0.0,0.0,0.0,0.0,0.0,0.0,0.0,0.0,0.0,0.0,0.0,0.0,0.0,0.0,0.0,0.0,0.0,0.0,0.0,0.0,0.0,0.0
76561199035689662,23.046254317575197,14.08339195145538,4.645106027991156,35.70877597286153,12.780072399938657,9.06374902590276,32.841691355367956,6.389854367629115,15.980028361209014,24.978548897919996,11.570537406199081,13.650612744395923,0.0,12.66252165528633,34.321772144988095,9.515902241918273,16.997788377874915,12.034863232401792,8.462936348368888,9.060049241716188,17.16379069536656,11.399151918081223,12.087137913103602,0.0,8.753534559982972,7.156410213943659,6.882193379671522,14.532352653161402,2.363680192353857,12.574350119833479
76561199037612036,38.19515307713175,51.03579602537624,23.77062253929939,46.609948071836506,0.0,16.101895453724342,0.0,31.172949218031302,17.708202348215284,14.41580773789588,23.41943769650169,35.461886424514,13.890509044029901,17.171753619561397,4.761318868478023,20.099397992183988,9.932792536160685,0.0,13.299640753683285,10.278182112601922,76.73657664013535,5.213848209921586,23.46261622463407,15.25278740909945,25.56155036872768,0.0,22.405071667896785,4.36398994718773,31.79645571371099,0.0
76561199039143583,46.063300100925645,18.770568013125704,21.781028391870617,73.62672745283143,33.777869089884426,28.996756018983085,69.5692550207118,29.225968559511436,61.78378539939837,19.94730445162125,4.551452903482104,14.676714528632303,16.18827917631155,59.08161496651687,37.68829815205739,16.618829913910513,30.775435174616195,11.017289353546241,26.27276507110327,17.340272428843083,12.853081663516257,27.09965387345796,19.82146546508632,5.4542521681687965,23.32419821420523,16.571342783051996,18.66455893476692,30.426367551697226,0.0,38.40309713137954
76561199040500135,0.0,0.0,0.0,0.0,0.0,0.0,0.0,0.0,0.0,0.0,0.0,0.0,0.0,0.0,0.0,0.0,0.0,0.0,0.0,0.0,0.0,0.0,0.0,0.0,0.0,0.0,0.0,0.0,0.0,0.0
76561199041231560,27.885453778666704,15.614374154146647,8.535948211339855,71.69353162086568,6.74946726886183,11.064104038028137,34.02314020575684,37.36373046749934,54.2860053468502,15.947740351332932,9.777957253508578,13.654399814491992,5.144466641729776,47.29130802534055,26.1997014616308,14.058616357317689,16.199300711081694,11.202018340201183,12.473704886733396,0.0,29.265252616319682,32.37397481912277,11.505471243070541,0.0,16.056706569548524,6.74946726886183,0.0,0.0,2.767576180416237,22.716122215123345
76561199042135432,46.1758666041331,36.71025393240706,14.186067872097842,85.36616403118128,30.01230525282056,12.127750858423036,30.249812216074492,31.58732273170397,56.935691171765576,23.98722189472713,7.276438830108843,4.580877493419047,10.328142207888433,63.738033595887764,41.08626736815818,70.63965485681477,17.146960774412996,8.385855641985533,31.491363906787,7.602349711767177,25.984417532413875,18.71749032721695,7.75223313832998,0.0,18.367132678619704,8.696147585675767,13.842333116520596,8.295204622852587,0.0,25.421720816140944
76561199044097396,35.87779177243487,49.2590014446629,0.0,41.30873688909613,0.0,12.873651216656596,25.971939090057514,30.017950926648634,16.11972239320256,22.614263787410135,13.136643413010933,9.170651143633998,1.728109442151599,10.829792100031618,0.0,9.05527018313005,11.130205694371623,4.720348944567938,17.286170151198476,0.0,49.006289877527706,0.0,1.728109442151599,2.2648832258100344,23.69427235286533,0.0,10.587793106459182,3.044522437723423,15.229562663014265,8.872137281170724
76561199044103584,0.0,0.0,0.0,0.0,0.0,0.0,0.0,0.0,0.0,0.0,0.0,0.0,0.0,0.0,0.0,0.0,0.0,0.0,0.0,0.0,0.0,0.0,0.0,0.0,0.0,0.0,0.0,0.0,0.0,0.0
76561199049721392,22.433302524049118,35.634860489757074,0.0,35.12563276123434,2.4087452888224363,5.8862140254006,14.950243152986882,26.498603749090062,26.012446339024834,17.309751711988564,10.441742939611919,7.91779394917843,2.0943301541735866,23.16327597560731,11.916527782309277,12.171354066701722,1.9878743481543455,0.0,7.77780184288622,2.4087452888224363,46.93480449925042,12.19640040535313,4.724246607083028,8.579777585741077,9.77043607788455,2.0943301541735866,12.105784411825981,2.280339484046726,12.823778791795895,4.28317268312119
76561199049965144,26.603014804192814,12.933921004063363,15.315022232860116,36.39365564113967,22.40319850350427,12.470791430245301,40.83484658503311,26.51461318103957,3.5884788400052905,20.878070078775334,12.50156941599996,23.951898890363193,11.934787847461887,0.0,29.0397082951791,13.233030400801413,12.353446017136946,14.167780232535279,7.979025928485115,25.016609619328516,16.722552340367432,13.28320415075019,13.334384079639804,16.620190115624034,20.164216065346267,5.363091016290711,8.953046117260923,15.079171823354454,8.357440970342676,9.886989366552019
76561199050075632,42.17859191314996,63.388873347403695,22.141745590021987,73.74167677470959,0.0,13.067846403277064,14.598692908937775,29.254774545689045,43.723007423211435,33.93144355550682,26.039444450638754,26.863542611014722,12.35107163323471,47.71813142409008,29.842915821316357,59.49623859861432,26.15111471250804,0.0,20.334084422626855,0.0,40.470989490893196,32.56651275334835,27.34666845505431,0.0,28.30615962323302,0.0,6.5208420162684995,3.3988613218646075,3.8526975393433314,4.801312461799358
76561199051043192,11.422394179898255,4.828530513804577,1.8687205103641833,47.87755451228752,7.276456424000396,2.0255131996542803,27.28187663741539,13.252283469880062,36.05839662693114,12.974334152792071,12.336512125201958,22.97126692809937,0.0,30.033010007108036,10.013041419793746,19.815819689068853,12.73028592828118,3.5377949022418242,16.547399960052157,6.168815437248516,34.64317192415834,3.8104331496665127,21.387248334550268,6.757611693351988,5.290702950320739,2.8112082932048366,11.945462048550603,8.734945580495522,2.344686269012681,10.940119604863744
76561199056252159,35.12686712369874,73.41997816920588,0.0,78.22454976463501,11.384681585577148,0.0,24.97067796956255,75.16624402087105,26.14007239128748,39.08481475867613,27.23364940881558,30.76655608105,0.0,19.939405873260682,9.575082598152278,43.931542991884314,24.917966783679123,6.081245834351772,10.492174883938599,0.0,51.57897965146573,3.2741212990941793,8.054541065529623,0.0,46.889651140677174,4.356324137321509,16.8407183706564,11.989662432329954,28.773385828562592,12.425299485968676
76561199056820731,37.05354615038121,22.57759802730782,16.463682481658186,33.74580167577008,26.287090889272065,23.78513226045817,56.058021530949034,42.78953411589709,15.904458076649302,17.477057269992684,7.667242949907472,9.385401500532913,14.383714461664558,11.293254178361568,18.09817998743815,12.85939332714187,17.058036138513145,0.0,12.050022990537018,23.309636394062647,27.02420793179909,7.09183570472549,37.23618003099192,0.0,31.537590135509276,15.04499263009943,20.58597460353023,10.152092274682683,10.480245560788795,33.25432867749149
76561199057510412,24.578207188507395,19.130501922219356,25.937386633134437,28.8329808762947,17.242216071059733,16.014149037098647,12.155850373614868,7.848996892531357,22.156338634309602,27.95985158540755,11.295927667297653,10.21913885979015,17.290613496486852,23.366032745619147,12.707062903980901,15.99360517724241,16.16256064676893,1.682688374173693,19.466329579603126,13.165099598016642,8.862897806740907,18.577592806310058,16.580868867558458,16.00121234333803,10.28734395918961,15.493965107824348,5.409104431816355,9.138684187517729,0.0,4.308805192513217
76561199058171615,55.71913615960242,55.73919049881641,23.40761800184505,83.78133056912307,18.444928090326332,13.164092782395167,56.270500920393474,46.29769796055074,56.86953635829733,35.45547851299327,26.239206986341443,35.174378390703126,0.0,40.99014131150516,23.022170194054446,33.478424953110036,23.434581998679853,3.1126260250254902,13.82322289776877,3.091951131294534,39.4508698790857,13.582013673247442,9.413372640364965,5.2795422112217025,21.223541818781175,3.4759955917373415,18.2525871356886,8.10735903289198,12.22784353061395,40.381339785805096
76561199058351895,53.40422853153366,29.29290241814396,23.53935173137102,39.75897084065802,56.797471201335874,58.69173121597256,41.525700576828065,29.780751145154202,40.90573878688258,30.24736440139647,36.2790768595745,33.654847479978514,38.78947577155588,31.435582625814654,46.49408053873845,40.03304128574634,15.111800560101809,3.7898553714539385,51.30356048718092,31.3924619422863,3.8416005411316,13.504797028562797,25.141170297283622,31.66006591259992,16.806967808041094,28.485918173650543,18.28995704296687,3.757005283161537,0.0,23.367690688600874
76561199059594777,0.0,0.0,0.0,0.0,0.0,0.0,0.0,0.0,0.0,0.0,0.0,0.0,0.0,0.0,0.0,0.0,0.0,0.0,0.0,0.0,0.0,0.0,0.0,0.0,0.0,0.0,0.0,0.0,0.0,0.0
76561199059767033,25.36269925234281,36.92655272038984,11.752423847934624,27.49689570558984,5.256713816692962,11.563507880953589,13.996224978506326,33.39466237496283,13.494561126246067,27.045545816387364,21.802758738463975,26.071930370589016,17.40955503990118,10.808331616563096,3.56953269648137,17.379225383744895,17.50990643684391,1.7316555451583497,3.012097627640255,15.162668398229812,10.436606739082135,0.0,35.959623501073345,28.254474635431894,19.379633640795287,8.308353722185249,1.6094379124341003,0.0,1.7316555451583497,0.0
76561199061202498,34.46260658579407,40.989439389033805,28.351560347187533,46.34979074840479,2.9739977814079848,22.12415552018356,17.58998307518964,22.790052733121815,18.391689402412673,23.868929703708794,29.44508616531482,25.064825642866,17.114416954892576,23.801565585401978,18.28992102327111,30.153483169736802,23.31580123476375,11.83658209253073,31.92816287983606,3.1441522786722644,37.751797623359906,12.222138554393684,28.303059653954914,7.26107339507327,9.599158761106693,0.0,15.541108521972143,2.9739977814079848,11.248222539916643,0.0
76561199061428348,42.381113808017666,26.634322429833638,17.981530033085644,40.813526131782226,22.290613741555084,16.913714956966416,13.917990907907662,23.92650777877651,41.510995651384306,19.16664020829799,16.843447972223267,5.907400640239237,5.716097663792127,35.31662597520312,21.332933939335096,42.72773951751899,6.197032549345283,2.7245795030534206,20.90601573161025,9.884281384222916,17.556107458121264,22.196139968650666,12.829597008198231,0.0,8.002729668512066,12.541421140086143,0.0,9.022352684941929,0.0,0.0
76561199062295989,0.0,0.0,0.0,0.0,0.0,0.0,0.0,0.0,0.0,0.0,0.0,0.0,0.0,0.0,0.0,0.0,0.0,0.0,0.0,0.0,0.0,0.0,0.0,0.0,0.0,0.0,0.0,0.0,0.0,0.0
76561199062711136,0.0,0.0,0.0,0.0,0.0,0.0,0.0,0.0,0.0,0.0,0.0,0.0,0.0,0.0,0.0,0.0,0.0,0.0,0.0,0.0,0.0,0.0,0.0,0.0,0.0,0.0,0.0,0.0,0.0,0.0
76561199064718165,41.93516634718475,42.32760656979312,10.642730885672801,43.353970180057324,25.14235727727313,24.681197519359998,52.33498705034459,46.09839701613148,27.972571337354477,36.593673628236616,20.62990902520186,10.824648732498991,15.108457583582698,19.59190099808103,31.000203169691083,48.62691662983712,20.353314075975515,4.071075935282746,16.88436334757284,38.81553962190291,30.407503699657994,20.28107298476695,20.135672475769237,0.0,39.16325581731161,14.708747320014986,28.309240350636916,11.427744940038568,18.31391045750791,16.37671725751627
76561199065212767,35.145241104800235,36.380787314771574,8.116060275796485,55.58223806010164,14.66052243816444,13.28854693835691,28.056544016073023,21.9376413182908,17.727627667960697,22.01873640515278,20.92941768958409,18.84418958638168,14.929867650900714,26.763817907257543,21.40154699432673,23.37933453814692,14.0331439002988,0.0,18.77609968721528,7.268193104394072,19.330195189206663,14.044672475320445,20.74995477419892,5.68273587394583,8.35396871896391,7.108975132720186,16.343315594655365,8.357405392043802,6.562362875706363,18.753055236349432
76561199068146505,89.15688665299244,30.3500594079453,44.56700041377821,112.37586153145665,5.136210117004322,44.93346238750355,31.930554318976775,27.73273538317524,102.76593748648722,7.546324830258017,9.879164480407269,0.0,5.136210117004322,112.76150325978352,30.382171607560394,14.413952395952972,49.068918299884636,29.33800586497664,30.318477514667205,0.0,33.918401871966736,40.09475884230372,0.0,5.136210117004322,7.546324830258017,0.0,5.136210117004322,5.136210117004322,0.0,21.9068172639049
76561199070380893,20.179265820235532,24.718422406078624,18.169139836965666,28.64968886678917,12.06914365013402,23.763801648633677,36.24300880937229,13.62534082025111,19.495770105363864,15.750922941021159,11.55629668342435,7.158451738581946,10.69993869098791,19.495770105363864,9.086184234408016,20.34168013179955,22.139788731859667,5.3368601191687715,19.020085846536418,16.161675355169788,7.158451738581946,5.2157484707464405,17.8978904047356,20.164416836180955,4.167440117292651,4.784015708368392,6.2903648591481165,11.240558783701827,2.5779415157551897,16.87491270997309
76561199071386893,28.8662257491179,73.95774182268221,0.0,76.23073317084771,8.763562881940011,5.969334984596749,30.380483020800558,77.22218329755532,25.684807672479025,26.703091207490807,22.290718238263675,17.913670768582463,8.995022792701548,25.230029205353443,20.172542663767057,38.14720049157067,12.095211353303725,4.662211926355289,14.228007929008637,20.385561251203107,51.29547411576199,3.8790865051818813,16.562664753670184,3.856087373097843,67.99826581561203,6.91196341235594,21.057629923184347,2.7942278973432626,27.731970608170847,5.74234431695559
76561199071636074,8.108319364220735,31.47932402654008,2.2823823856765264,60.44548391432786,0.0,8.108319364220735,10.717935960717544,17.869933932904956,52.27151316480976,2.6078614738467776,15.795793576418738,20.423077264990965,5.307467377230436,56.867007252608545,0.0,20.454902909933917,8.884030756544236,2.9745086371023644,17.737423995308717,5.175061004531258,38.56043676674311,7.294623057131368,21.13373224465877,0.0,10.483191529232071,0.0,8.950853516194886,2.200552367428894,9.963870574110752,2.200552367428894
76561199071908460,25.72175335719539,45.88310903116218,9.690567705101316,51.01756888812837,12.18376833699197,15.868339223043677,35.38193136647789,35.70311978963205,23.38871605352631,17.68747153264591,23.670294485120735,7.456581179163676,7.60294367484393,20.99051879283805,8.55036585346307,7.640911611795554,10.5139019503629,9.286858122280854,20.161584689025442,3.782597457987688,37.35675962149458,5.3094402769877105,8.386833207525996,6.779828607665415,11.825855616385537,0.0,25.98163915666183,8.769776247448558,4.99926826686917,17.26839599716986
76561199073816082,19.07755665620196,11.60174755145951,11.5057680628549,33.78830325170415,17.08803159737331,15.069055639244336,38.14875682427886,15.843744094601915,25.032021292175312,9.47443670477766,8.038378402289098,9.935629455376551,0.0,21.323684858729866,18.95999379435795,19.87922224773737,8.316576421166763,4.674379034150402,14.61446841921292,11.215301313136736,2.191653532286764,3.9981640037481316,9.083318970838206,8.50165982045441,9.078600818762439,11.952730226394397,5.810968523014791,13.548205832739256,0.0,23.7080855639187
76561199076389886,53.83407080613126,38.9592145601283,21.451785831653908,38.5055734394168,10.413258340798713,30.209968556452104,12.868793985252346,25.735706771481023,19.35279582159565,19.09382436472029,22.99525911063032,13.54222370734357,29.513529441229448,14.74812576064924,3.6524747722201365,3.6524747722201365,8.280745379609549,3.164630810015805,26.583565221901367,0.0,37.09131135041076,4.635699391022914,15.577488979280686,4.741011408899505,4.552296696381023,0.0,11.53128479238652,10.246058351493495,15.610446048819917,4.604670060946409
76561199080519974,62.974027926258735,71.91758870882248,24.530333479167318,73.68228255815524,21.51291924968102,7.256650035601907,11.648803003241436,63.0830603880245,29.043598595405733,50.069848567191386,11.998328844621744,6.988496204383397,3.8188106237059674,29.514909689006775,55.67688798834951,77.98298403140312,39.55693410735383,9.276243836155025,36.134992118863465,0.0,33.06120246347421,36.87951441616635,8.82152579617545,0.0,39.17636249216977,0.0,0.0,3.8188106237059674,15.862968745412886,4.143134726391533
76561199080871410,0.0,0.0,0.0,0.0,0.0,0.0,0.0,0.0,0.0,0.0,0.0,0.0,0.0,0.0,0.0,0.0,0.0,0.0,0.0,0.0,0.0,0.0,0.0,0.0,0.0,0.0,0.0,0.0,0.0,0.0
76561199080918647,18.453568648654883,23.91391083215246,6.368663059382831,51.726793567302316,11.770195461197739,7.46513428146283,67.49358740605939,51.647413729015526,29.739140946475203,14.245153499845465,21.323493812896533,17.77886803446973,2.2648832258100344,32.5507793797202,16.485637706953888,14.112052295445112,10.571928693143555,10.205908859330226,19.191857849702913,9.55151596474226,20.045110748225046,7.058378028690042,16.128879873039413,3.66612246699132,16.18313720874192,3.8236288546655506,29.927625253657784,20.40175588093853,4.379794144521165,35.642775966755465
76561199081710235,59.9639090011992,63.47319807855612,41.42736248914321,34.75733438550787,21.916636978131503,54.115085685968864,14.710502935901179,24.212546937985497,20.15359258951105,38.10660809294504,38.82022568735019,22.740723903235402,28.846520694823916,20.15359258951105,7.186170042268321,23.475806226581746,15.461069889931114,0.0,60.73830460064135,19.18066784567114,19.80675622911522,15.78116931552266,30.36922114977699,4.623795650111256,20.659487207014095,8.517108387820514,8.723956597654796,3.8770173962293306,0.0,7.573368865181967
76561199082377284,42.7125440315894,35.05417835000016,11.29748485716363,46.41595016913271,28.198672784201783,18.107981444226315,28.88292284218272,66.50181839995483,59.292667292668,10.580917935629929,20.87274961353689,0.0,0.0,36.40924912638925,17.380442968159855,14.792824819958767,14.870293258589832,3.5787855313168624,27.058949182668528,3.9223692974822906,54.02844288313471,20.27124350716983,3.3985271531062766,3.9223692974822906,34.821821762324404,8.307654547225097,4.6913478822291435,0.0,33.35296580051149,7.630656145705143
76561199082847964,39.664605272381394,30.981109523267985,26.235085637658347,26.326582268137972,30.471832140962263,42.55662144228357,12.932381523114167,22.77090944471605,26.969174113669276,25.908929076008434,39.695408616994484,30.162752115798533,31.39696031587555,26.969174113669276,4.286616449869223,19.092919486557825,9.32019467144588,0.0,48.155752723420335,14.025564653307566,17.656500159546745,17.499894032524594,32.40591823742191,3.9537405987800147,28.638226999081148,14.288598837754966,11.21385349318361,14.913499960238926,5.8673175543650995,8.45250617925442
76561199083912200,49.43423341789088,51.65423558316877,22.52908721928199,43.92401245509865,13.587143318089382,30.217553924819,19.148709173447934,42.92343620071567,23.857328504973225,25.96812220025212,43.83517482983248,12.020732679089718,13.562588677098864,16.777866137207234,17.800415322444437,9.762489496487156,9.006084029090124,4.093844437180419,21.664290960012575,4.024815832903268,45.288677226572815,18.73848190651653,17.684781682056563,5.330397260011448,21.78809848082373,9.562327485186113,9.433040625048244,9.355213092914717,16.349550186197035,15.71010237409677
76561199085212273,54.85074652936258,47.81412169029755,34.89642771212079,64.30006337239905,11.743875658603065,30.23161437515129,14.621854441979144,27.83247285715798,43.59815583976863,32.04059799854758,23.00070793911699,3.693120448371191,0.0,44.326716682927746,62.75604801696756,59.393751747967336,33.1367583641576,8.025729378847036,20.73681420112622,0.0,17.84371384271459,49.172455700610186,0.0,0.0,16.34503234029302,4.0040550908746395,0.0,3.5049566159530077,0.0,7.198077064324199
76561199085366031,0.0,0.0,0.0,0.0,0.0,0.0,0.0,0.0,0.0,0.0,0.0,0.0,0.0,0.0,0.0,0.0,0.0,0.0,0.0,0.0,0.0,0.0,0.0,0.0,0.0,0.0,0.0,0.0,0.0,0.0
76561199085433040,47.57641254189782,47.29194190684152,18.22874243715673,46.67222174274654,4.604469940873698,14.537089997409353,8.657835685122691,53.16680068846607,52.5768697122153,22.38920035728203,19.2346690330585,13.522268145735346,13.71810273501487,37.96127377031389,4.51688527112052,13.361889128281412,28.56150180031979,0.0,10.204532180792107,0.0,70.89887356110923,4.51688527112052,17.23878472332372,4.408911963455264,8.823242081470852,4.604469940873698,0.0,5.185316627460793,18.810172731640414,4.408911963455264
76561199086185329,0.0,0.0,0.0,0.0,0.0,0.0,0.0,0.0,0.0,0.0,0.0,0.0,0.0,0.0,0.0,0.0,0.0,0.0,0.0,0.0,0.0,0.0,0.0,0.0,0.0,0.0,0.0,0.0,0.0,0.0
76561199086355854,0.0,0.0,0.0,0.0,0.0,0.0,0.0,0.0,0.0,0.0,0.0,0.0,0.0,0.0,0.0,0.0,0.0,0.0,0.0,0.0,0.0,0.0,0.0,0.0,0.0,0.0,0.0,0.0,0.0,0.0
76561199086769864,23.55776933358939,34.83830521659749,6.268729928727683,26.634384722883652,33.31978131931494,38.928373155899564,32.084145737574836,38.84556177712902,34.46706359681971,14.038603862313726,10.056640079517395,15.943564100134056,7.29533811473171,31.89292581330377,11.873576018271413,29.809509029686406,17.42804261404764,2.986691528901842,20.55561255526093,9.123053822584644,13.191260282480487,3.8505730431119236,24.685314547356725,4.96319421949612,12.607590725427531,12.988577422845665,21.621215309095984,21.680561200504116,15.964358997772202,7.312197464082909
76561199087372221,35.2761387060684,31.77863508833127,4.11414718951828,28.549223703687076,37.234720450251835,29.673032263573777,30.806136973980355,7.678224546604397,9.415217136786719,15.215557966786921,20.9236801515555,16.857119122174176,24.149984832914853,20.291821706221615,4.11414718951828,4.11414718951828,8.19134559290541,16.57973650558141,24.235829169432357,4.11414718951828,18.67195861125189,4.11414718951828,19.142641373475136,36.30215758587996,0.0,26.761412442971668,9.767246692617984,4.11414718951828,8.55144399809529,11.792371736122677
76561199096657132,0.0,0.0,0.0,0.0,0.0,0.0,0.0,0.0,0.0,0.0,0.0,0.0,0.0,0.0,0.0,0.0,0.0,0.0,0.0,0.0,0.0,0.0,0.0,0.0,0.0,0.0,0.0,0.0,0.0,0.0
76561199097156418,28.710687996757017,16.093002735583653,18.193487257039305,40.22392571523367,14.547938334304423,13.213554806813416,18.149242896744475,19.29526718105831,34.094441973364695,20.212207719094604,10.952990891161107,9.020112313007573,2.928609081697691,30.89903950468214,27.451457880788865,20.976080381532494,12.239786251582663,3.340385242265398,23.665032117688053,10.241183855785586,28.83978308711142,10.311902753478137,6.3304577975874,0.0,15.560836221939983,6.011094365355891,4.40177842734467,6.807376885251841,0.0,9.568658776693125
76561199097247135,32.186918882121034,39.630155402865796,21.776826634619468,48.177607705065824,19.445992068413386,19.234290801520267,30.392060442366834,37.66790463844844,12.138289638404942,23.23966157649887,23.623431710839718,31.513399739274767,16.57825911713165,6.910233804897572,24.889135791302785,33.266698390013076,23.523989187553433,3.554776469590456,4.0715875750994845,14.35216018119812,9.774147503830715,10.660443514163115,10.715973539513278,6.068552894955081,25.551610384425455,14.190081582855145,14.459272063882358,22.870031537902403,14.999029922172731,13.000795455153533
76561199097271657,44.14838014791701,43.53550832730805,28.837210374992008,7.453036820734407,35.41005706872613,41.33664360031755,11.789114377106802,40.116401207151576,6.933466884418031,11.303249822255331,17.372543214237083,17.09541630346005,11.218182746761181,0.0,16.62691645731031,30.37020199753481,0.0,0.0,24.946675299789607,4.625952725170619,4.263383854543109,23.637634169415826,14.351204091664817,0.0,29.837926139040718,25.456483098354,9.24603617801435,3.6635616461296463,7.145783028987253,8.048301903289671
76561199103998320,53.173167181891415,86.9926944983043,11.040117179951864,85.87600828145486,5.546738725046515,11.842502448161754,34.578717773098695,44.81165475555926,27.339758182382166,53.044707437273594,29.046219869974788,11.036448087763569,12.365881345672047,32.73283919615744,22.362946819523714,27.624444587933212,5.2614977684095,0.0,5.937008361311923,6.8191426206255334,66.24054119217614,38.917686311368975,22.70087714023945,5.546738725046515,22.993462854411312,5.546738725046515,24.77610036539815,5.546738725046515,12.410219019726103,5.292299294222474
76561199104391040,40.02263961342446,11.860573429853286,10.477017068827957,44.16310523340469,33.95647029798557,16.995860288351903,33.62179726785392,23.398513365338896,25.73242968382435,11.169393445180363,14.130027341328592,12.422921220586879,2.9085390618516134,28.491097646315016,21.324230752762023,16.291853867342798,13.051916757142662,15.716229351396025,26.80155253104027,26.322771389795935,21.688800737693718,11.408639543950935,15.42597442609054,9.716476833987468,10.09675162725827,10.996788680068736,24.79766393260373,27.530261788277016,11.215052288414126,19.151826264187918
76561199104812024,35.86479688788444,40.80202189641655,27.74751676346738,32.74340724081048,12.706924555605292,23.847892346404635,13.675089067529603,27.33069155086415,30.768811304377355,13.008093716547783,21.868657635552736,9.675226295263293,4.6339519874135435,29.5044067608665,10.491843835175256,5.8730187919015,16.153753830744176,6.433261584463537,18.47522093501659,7.857620661105525,32.95909345455617,15.676587782527728,0.0,2.145931282948669,6.206446886141485,5.682975503175206,0.0,0.0,0.0,4.641502115235482
76561199105469404,30.11766375012185,19.483464882571116,14.933181725929183,35.80198866652137,7.407970410036063,18.004176474906682,24.742271249701236,23.981940085500458,20.47364776949499,11.852963324979982,19.86191944143293,0.0,7.374942965931263,14.630555628638122,20.65991968740254,20.800231108494206,5.059660351311077,10.472437415456856,19.694857637382253,8.147456114623822,13.524600509659745,21.71117834472792,9.409380195435244,13.585926597318178,11.101090858407254,8.814067398452133,13.679620340558367,1.728109442151599,0.0,16.22803853235325
76561199108308292,38.75956002031516,15.048636248987554,6.0726847919816125,73.98031323936534,13.56079883032041,5.731852791011294,35.32689571294048,21.019329263716685,44.12538013375342,29.945263966327303,8.83993023060473,21.043136727939455,4.05126307251965,41.164239304969044,44.114666207317875,33.64999616631215,27.659135688631018,2.712706012638404,24.279272389174256,8.166573875097859,20.50429766639465,20.178620633358083,6.831216940494656,0.0,15.503703815473777,4.304470416455007,5.5275165454826,9.190802443644142,4.268577942166303,27.719765351357935
76561199111379022,54.50116703548039,55.58887768364582,26.149582628988682,52.36945457655685,53.164499216864776,24.30146955294858,30.398773973964143,69.75045568855002,28.481998210721862,56.14004789774996,17.251606228277183,18.889565135138817,17.631198393342217,21.056360183911533,21.73004063452827,43.140195528995214,31.15063133922571,20.339347481123692,29.746195488080918,40.518365405902365,21.33512826446485,14.246717316930196,0.0,23.318625457138854,54.58204820519198,34.786668153300894,3.8416005411316,15.728680108005499,8.537251080248065,13.089545516957621
76561199113407300,37.85489786882534,38.96854540549293,34.17140581040096,60.125872965470194,5.945813201688893,23.697679686179498,15.634415637245814,37.85606960425249,60.125872965470194,28.851698748266042,24.23003068013284,8.83282263252526,0.0,62.55261276185155,19.360846456528904,29.478558489622703,20.43927997258058,6.249434555574237,12.229980860024195,0.0,34.90107298839564,35.1828580079742,16.44266045218972,0.0,16.807420544560273,0.0,0.0,0.0,0.0,11.47365930950446
76561199114607305,26.947228613603603,31.827671807237277,6.045475345733898,30.522334853382336,13.318977696199763,25.613230313778157,46.002397907537755,36.104758645168715,9.986818861842174,16.591309134965858,18.260088674052945,4.73529540919836,5.677438499316599,13.550370603813498,12.186914034339033,8.118209920340558,3.521347982792617,0.0,4.718013039011986,25.250880469597927,59.24426804838345,0.0,28.668659859363785,13.83216276963194,23.468137537927266,7.884454703479344,39.40527190915415,2.295560478057081,26.12975300361928,5.8623675935235
76561199116914150,55.81804101552695,63.75702501961699,46.40516131392736,66.06427057161649,18.404005931736936,33.01553168080843,19.192429404759242,33.97817041871559,39.37100127280226,30.465092076392068,24.65971079849119,14.467715842634833,9.060990536299432,44.317539897950674,32.80369449782605,39.0973142211258,4.22053658745986,3.6251406131469297,18.37695012705564,0.0,20.433152956576546,28.41853705548317,8.427714423829562,13.717815208911981,17.13578131337616,18.404005931736936,0.0,13.717815208911981,0.0,13.357414010277822
76561199120414873,17.393706684706192,43.534780101854764,9.533920700337331,43.82323147002573,8.838582906494555,7.736219779199119,13.726950133525689,39.330869397228426,47.17105746504281,7.140044643552597,20.99017473587851,15.86348858870868,0.0,38.23482636811051,3.586015818654697,37.095254867031805,14.532097604999647,2.178155014615869,5.45621814880031,0.0,17.48973232804614,12.061368719807149,20.968057163246268,0.0,22.628600007788,0.0,10.173583973226895,2.178155014615869,7.711415823047103,9.104070444929143
76561199120639628,36.7513723298098,32.21961792352331,4.184032908485631,34.3408119891536,0.0,5.920183345103019,8.31493991099353,33.306511800031046,23.57763660312118,21.252810737272934,33.91473138263139,29.3711040885704,13.803046038555754,14.49576827247013,17.3641564056376,17.259815517903952,8.468383127048797,0.0,8.684623928214005,9.619013130070122,54.14560484854099,21.974241564049848,17.479793095340145,0.0,11.891668105174958,0.0,8.87593950857945,3.6988297849671046,9.11810883727701,7.767343587154683
76561199121565961,32.729304322154334,23.859003870343273,26.263971982633024,37.98254800389678,3.7823697972012753,20.586343220787782,14.290461624752716,9.815608143643061,31.73572856669261,13.320051180468928,23.853293204762686,7.404566356147464,9.832105266169735,26.545916626436647,28.484715988989336,16.097357853564837,19.074091155067716,2.6775909936175015,16.68697707930339,7.132975392747371,9.054987983719828,24.45797712179428,6.682691885950608,11.372733349782012,0.0,5.392399519909175,7.287517889737929,3.7823697972012753,0.0,7.404566356147464
76561199122736062,28.627234149344527,15.502960642574344,33.44218083872254,19.247685488654962,29.631310594558002,17.247740277277003,21.69626750128761,16.66640842117927,8.659283881023075,18.513766196792616,8.130629114582797,13.742650832426952,14.679967844358341,6.066270489909225,6.019671951185334,5.654768685484562,5.354920265006772,28.676154824766744,28.329775294950938,13.28301419555322,6.066270489909225,2.570319527636131,0.0,16.215837052972358,5.654768685484562,14.921056650190723,6.7389880458996565,12.350639105049138,0.0,4.171614197713401
76561199122977950,50.637896021542,32.93718462333626,10.598630627473092,30.371191086286906,29.60094162865807,14.150157108341244,23.870824197121237,51.07169065330021,29.94310483173998,35.020928877995466,14.36002212757828,4.921221032490315,10.256722032359708,25.17716528820779,18.717211366345467,43.682751378715764,38.16409865767752,0.0,17.658869577816567,6.447137861108051,22.227777734750276,7.813268137684414,20.6256549392125,0.0,26.686731189476884,9.368027647811777,8.889484896477256,3.2816628129669656,25.431624443349467,19.16521125688774
76561199124943008,42.591535630217116,35.74551975741476,20.7280722651867,62.56930146496619,6.607511976912065,15.215549531370469,37.24786624160415,37.286846105641,22.659001772251862,32.34917005320542,14.0001626756582,15.894252940751358,11.951013975086466,20.725741838941538,50.342278774297135,32.53564456553502,15.174923058426256,11.070037285701794,21.297674637305743,14.965389701766954,20.052634704654352,22.69597017182364,14.330312273809668,7.36568733913884,22.21572963885651,0.0,15.358594060874228,10.397939667014601,4.0257087698319625,13.732894286597954
76561199126132515,0.0,0.0,0.0,0.0,0.0,0.0,0.0,0.0,0.0,0.0,0.0,0.0,0.0,0.0,0.0,0.0,0.0,0.0,0.0,0.0,0.0,0.0,0.0,0.0,0.0,0.0,0.0,0.0,0.0,0.0
76561199126787166,44.70825709470752,64.74637327513517,21.291731594035028,70.10599134194699,31.12566628269643,12.672121969305122,28.241399808618205,68.74713229746375,23.094897659996366,54.46328447007226,27.176172642724158,11.53557049586598,4.203198967134183,23.47409772616699,28.760830697616896,69.54734646328474,32.62017223360179,12.93497282875617,25.488617785876198,10.933356659970652,13.231367371988304,4.572646994282532,12.78246940862501,10.894799296758777,61.24059854105427,22.161522912535336,5.105521141460061,20.921176893068306,3.3141860046725258,16.55523285460048
76561199132474887,0.0,0.0,0.0,0.0,0.0,0.0,0.0,0.0,0.0,0.0,0.0,0.0,0.0,0.0,0.0,0.0,0.0,0.0,0.0,0.0,0.0,0.0,0.0,0.0,0.0,0.0,0.0,0.0,0.0,0.0
76561199133897762,39.224785532052756,30.9687611181145,19.102172841220767,67.42003496003534,2.9402195636237325,12.850245346385222,27.49812442633417,31.000793274619305,38.72233918480215,21.104228132344694,15.483265804085983,13.584724132755287,2.517696472610991,42.46020450836497,19.26593164282651,22.111496453085074,20.66505955103355,8.975406890773595,11.237595348842262,6.054106896647921,26.71448541039498,15.89055368847008,5.698516634423665,3.627535823872884,16.843929597078148,5.376461041430452,2.9402195636237325,0.0,3.411807560774171,18.546460180563187
76561199135584637,0.0,0.0,0.0,0.0,0.0,0.0,0.0,0.0,0.0,0.0,0.0,0.0,0.0,0.0,0.0,0.0,0.0,0.0,0.0,0.0,0.0,0.0,0.0,0.0,0.0,0.0,0.0,0.0,0.0,0.0
76561199135781565,12.711663479909218,12.254238632870344,5.014979179085303,33.007939793433096,5.602679136198473,6.4548143071332245,18.431570469858098,21.154810617961036,35.391939681342414,7.930716004773106,10.415757450086447,3.7497280508461173,0.1397619423751587,31.079595494093628,9.109366328759224,2.9960252306378736,0.4574248470388754,3.6039880102954505,6.5018900908526325,6.293561961457961,25.892640192762148,10.014816468386398,1.3904357736204407,4.055742324440159,10.266789767521196,6.422757025351588,0.0,0.0,0.0,10.574274467269156
76561199136746247,58.966897801904935,29.622055436494453,38.91478751894985,30.92233613037978,64.20884513714867,50.98970723539584,56.86495174518058,27.741716117569972,37.22896637751608,23.429196655969236,20.695004223459257,13.423031190416186,8.260732202281387,16.48361672102511,26.11967391464123,40.79707946942867,21.40097192776355,10.444184962568762,42.28573086460491,38.215232968107074,0.0,10.711694263376323,17.681289092176392,5.320665770211798,13.885305192753114,25.314590114089683,36.97478478500335,34.70952679316029,0.0,22.545527153331385
76561199136855449,37.50570110654023,58.219630183733585,21.632971205374112,29.01911772514507,34.63382312423453,24.261484434677836,20.184793221118387,59.706149206343,11.364602395753518,22.001555739926797,0.0,23.69752298871945,13.39533157403465,15.063432180720623,21.667581086076204,26.602880884910856,3.469790173127767,6.365702111399547,36.91140753770973,25.640995063052465,24.852561580588926,4.163870624870711,8.544826257121713,11.344836404113018,29.491814665879893,16.808998847820366,6.393933504569475,6.460713985773486,29.284789257006548,6.5027135812231585
76561199138247965,40.98493303912472,18.75004476392812,24.612913732033515,48.82889214412928,6.101048730510002,25.379834375306892,17.018073042787456,12.603045250968737,27.020239821140496,22.077432780101553,23.626944749597758,16.75135276687216,10.468584065251777,31.97094368724131,23.856068307015104,18.36708319495817,10.01961638776381,10.732203873786105,33.79612403927483,4.657362556085922,17.323814486623778,16.186783508444137,21.834407675353848,6.30795854101353,12.360416609877673,0.0,11.693419058040037,5.357174026440399,0.0,15.26184739795379
76561199138513253,44.07466561432908,53.56062683220537,22.816989554548023,50.92169599580321,0.0,11.8688852792647,14.216815814849635,41.02320593180719,29.718524546876125,41.943692714833915,35.014557888290376,10.471097642489024,16.644763527007335,18.34752645715401,29.191134392287335,54.69825381597964,10.909780777149724,6.476895436854028,13.779781872796352,5.0399999027261595,37.4337563427232,24.60520352652963,30.638526203962797,0.0,37.74984192165492,0.0,12.54611079795965,0.0,11.343485105366362,14.026526607208158
76561199140016913,54.51492094021945,55.51605775949378,42.12045368405423,19.117707384572263,13.219881938167044,36.66549625473921,19.07564804169141,13.062988797050865,12.422213913782935,22.417650588430913,46.52787983705105,7.205427426546777,4.386392092183521,8.262904630498486,15.60477395639206,12.700187485196375,6.913212461438382,10.21948951733043,15.564092322902816,15.424091941875602,7.696198548338039,10.515400882593504,18.09453481094787,18.14147715123869,8.895703610427049,9.054768305056736,4.139062955910365,6.512140954198193,0.0,9.565287051277574
76561199141759033,17.083245614980125,32.6369433376591,10.323620317694704,21.59478721686172,26.55470350333096,18.33842540691522,13.664006362714098,23.92962362098342,12.187664277814916,8.688573443170926,14.482685875950452,19.398790687442986,10.759143203089149,5.975512994893912,4.065945087700403,14.107184770363085,3.844386356712335,1.0296194171811581,20.426626531579696,5.634753888245765,22.29531566934609,4.065945087700403,12.976810426387285,20.645882413813307,19.27718643024447,11.114332365231638,27.308094089863136,1.0473189942805592,12.487251464576568,8.781240918065766
76561199142951886,51.29979170946161,61.415338229393,24.91298385257446,68.81879503100855,12.206416180765187,20.75505069547572,15.205447814961843,54.685368672565424,32.2722543263495,17.04359014369309,34.01109144573862,8.291816548608141,4.867688284776323,35.281446548892504,23.022011108698045,43.52773290328404,18.089837736009844,4.167904765330129,14.512113514739278,9.864009186193114,31.132809968311964,29.25758027399621,16.784041917900396,5.986577625534587,35.06499902569058,12.206416180765187,8.221149726413287,12.082394872547788,12.172659595001136,5.057646098365611
76561199142956823,18.358769148075613,22.919412114100577,0.4398665348254968,18.211142244429166,1.2383742310432684,0.3001045924503381,2.968207416442954,12.822379627565496,3.8917793372717426,17.5428688587153,15.556771899177766,7.168993602365799,1.6094379124341003,4.206590077111776,3.8836235309064477,5.490387182690979,0.3001045924503381,0.3001045924503381,4.159270508300937,0.4510756193602166,24.978501312200528,5.886004026449822,0.0,2.5217206229107165,4.403983557455359,0.0,10.424641678079956,1.266174910670908,12.075538275507792,0.0
76561199143159259,40.83957367143892,20.613906932023973,27.273321759194957,51.56583854598418,13.388889493280605,16.370066435283192,24.369068520268367,16.90753561450196,26.132164810336192,23.99410603211634,9.645716631893977,32.58992827961009,0.0,30.75629693420567,17.39836611294391,2.958549482426275,17.242507222752604,15.488670452656262,15.89796143736955,5.43088129132643,31.58452782724802,3.1188344706879745,7.746856811053954,13.354405681108409,7.28673163741103,10.533694836197594,18.625772411183362,20.17923642952771,3.3002714630721948,11.800716366344927
76561199143328855,27.00685283308725,28.74090145315594,5.298239363505878,54.84096811287949,4.683344379845682,13.896498738844,18.552177106659286,22.45142948835281,57.3219406173399,32.45155578649328,15.73320515665441,7.325830543804976,0.0,44.61868197025918,28.772067247178267,29.926187623540027,5.864616485475397,0.0,17.989107050197667,0.0,45.36475705376079,16.465179568552184,7.202580850778851,0.0,18.460040927543925,2.3580197998821464,6.49817220367358,2.325324579963535,4.1728476237100445,13.434828608103198
76561199145933358,43.48272155945209,31.925676253107905,19.02870504929749,49.22684299393473,2.523325759691945,22.511455280585633,32.297167220737215,13.110027397536317,42.20462841765422,14.246955079881321,17.984947567115196,24.823758051502043,6.92495402893417,37.66406059943923,17.025741934575823,12.761689196785639,17.778224318384588,2.5626389983283526,24.21721516504346,2.7047112998366956,36.46655336790487,20.52580342950234,16.595280288468363,0.0,9.974533181607168,2.523325759691945,11.0849302645851,4.15997623565093,0.0,15.49128085571992
76561199148191143,43.94286581332485,78.4249078289074,3.3877743613300146,68.44850116338056,3.5539184686798193,3.933784497209659,14.87264959454481,54.34073477792453,29.751945105436064,41.78047298510326,26.924074605190956,15.891514355577485,0.0,23.340157524046457,16.579157163926805,29.96401632216229,7.814554306817767,0.0,0.0,2.463853240590168,59.267526782461594,10.800718869407413,7.009979682175958,2.463853240590168,32.71980274117425,0.0,12.031444152737784,5.384861967948223,17.376031145033462,4.27151398062636
76561199148448392,41.55328359416549,24.23422025269819,23.019221340269752,16.47263328516326,12.799954864464377,22.898381401556822,7.368963520052574,12.614144214984812,2.588184999241502,13.484007901537167,15.078473412494814,11.243814810736716,20.015588434109006,0.0,10.507628736902774,6.20180091139876,4.746669748261791,7.441118041973966,11.315627123271167,13.298534596144988,8.302251011724177,9.929021217342907,14.47746890457818,1.6639260977181702,4.709980550340436,4.709980550340436,6.795816292556176,3.2256528091472245,4.746669748261791,7.755409555845442
76561199148775972,18.991187884901507,19.534661485713055,22.957317464396247,6.774065016595625,9.875884495614827,26.337771765059834,16.119570738404768,16.78601051183079,2.9678470700644555,7.1937902456997165,22.466327373352133,6.765286235713569,6.3905030487476475,2.9678470700644555,2.8460714989995846,3.150596984114906,2.9637254774189046,6.956814930646075,9.899390112984278,6.109665273297306,3.8062179465311696,9.705713978860974,3.544431549748063,6.425428996750968,3.649358695951653,6.725287511499921,3.150596984114906,2.9590682891823996,3.649358695951653,16.119570738404768
76561199149640219,14.833946954142633,26.867829306964882,13.445345704506563,44.49304876017668,37.99333299222054,5.786437152778389,48.116059061594925,23.94741044049593,44.703562453708486,7.980273253134575,7.596329318655243,11.193757363489937,5.273409730841852,38.367488527212686,10.220281365953229,19.966870573442037,15.967681083022427,29.981973198522958,33.143479092922774,7.638198244285779,11.285146617249389,10.726621953806564,5.786437152778389,18.875430260955593,20.206016684480847,23.007446217939922,15.154191445842342,19.64680304991768,3.3978584803966405,23.49961888322173
76561199150096251,34.66043564126527,34.92682868634788,2.8124102164264526,70.0303403910339,9.717697104770838,8.126204492631167,29.033227791085654,25.26353510011581,56.753169565940944,5.451660577602971,8.372145636932213,16.474856779676305,2.449279472144849,47.475856675260545,14.93002963319814,17.378007191639384,9.949718329982051,0.0,22.78665461129944,10.398182105346418,40.47368395845573,9.77161497759819,14.845092405965433,7.952087501507886,4.908673440881172,0.0,9.85221867890302,2.449279472144849,2.6658383522929006,8.945034970602705
76561199153422953,11.592764280439516,7.983361197489325,8.927371089803291,26.62535079392946,2.5679332090377027,4.713222897791547,11.412255029188902,10.545977355166688,17.439375601165167,3.007747797160505,10.425624910614872,6.25883587069168,1.766441661243765,14.926710329639771,10.662374293431407,8.741660681277041,3.0333459268472716,5.6580151010485595,14.347851299209655,7.41033749874289,7.275756946309116,10.062058445177255,5.948339120473728,3.9361300807713793,1.7498257458551094,1.659674648860812,3.2776246178290274,0.0,0.7514160886839212,3.5589438289619792
76561199154157581,49.73458292754602,25.9888237418564,9.695152649927518,37.16353112715476,41.638180473622064,17.652986591859637,31.89684995203519,20.026822638984815,13.782939252149287,28.912132621423616,5.928225181702031,18.842727493778327,5.353824918464992,8.375579192642931,35.098328576717705,31.033749816330584,8.184886561635164,4.071144169051665,36.06732998709796,19.410312647434967,11.099353395193098,9.621047440969326,10.716890495708402,6.996256969902083,13.017869708481486,15.033716946020249,0.0,14.766264817425931,0.0,24.975310097010656
76561199156024770,66.20109549820579,48.931389800484396,22.13098832540916,37.75024064689419,83.92652194717886,28.585320280385627,22.398843328643668,55.59164297651186,15.671918052947332,32.72294981463015,21.29289559798778,23.35282341395739,10.670234922242681,10.759042603301992,43.62754210468567,70.76212860066862,16.492734176272677,5.284066300778177,39.12130406814876,23.643949334557067,11.262290811161723,27.480798573700955,16.46072236967245,17.411384850017377,48.4405605504847,39.31811351152423,11.849713308925065,22.311864511092786,10.586334744869891,17.324125595185354
76561199159246290,38.4227283075243,34.8071558754367,32.999278154126046,6.561087807121125,6.5674948763115,43.72721178479338,7.069902954573708,21.925009070615463,2.8320361808832013,18.022365225548214,32.153992527441005,18.754998397500625,51.403455242724505,3.810654511039857,3.6208682434973927,5.754451507566429,0.0,3.184284380098582,20.101383172835718,7.069902954573708,3.4490347110763153,8.222077800177054,43.10641971998255,15.688359563729717,16.99649966179848,3.810654511039857,15.51557855663403,10.585238845929643,14.030087043927113,0.0
76561199159754169,25.062924023982557,32.52905908717014,1.9629077254238845,38.49198178781527,5.29856533580112,4.130676491469491,25.979805627991198,29.09452928286526,6.9212901874545665,26.8919695672657,8.611791863613593,23.326703382804336,2.0769384114617173,8.88419791287845,12.35489525707479,23.706886035375756,15.348378679718257,4.1053240662651085,13.959035985600936,2.163323025660538,26.335685367766477,6.3856342685141305,14.287681150473636,0.0,23.88377655646377,0.0,28.911857012429852,23.199201302135947,14.595314400973175,18.570135458495656
76561199160326290,47.48535998949889,34.34002970850854,11.791889940236754,51.85480797870323,34.259597364520324,20.21183175621378,22.350332662345952,34.64846262245285,15.776908000226047,24.895305100663652,13.741852045845949,11.938384780159248,3.653252276470785,20.851875834247203,35.51643670358107,49.34166483393439,12.39508486010448,0.0,30.909996265089752,20.54893088964241,22.903509605635954,29.766097088121338,9.515604490410327,10.29536825296559,24.04304401448523,17.04752769060509,2.783157673589016,0.0,10.089569611022146,8.595230042550106
76561199160469265,43.90161842186039,28.726246499530596,36.77541461615987,30.15121180951029,25.118697346651487,29.648043995110932,27.735030028490534,11.427493996754473,15.936488280869717,10.796479515256166,31.854151100588624,10.811331521741735,6.396214399481739,17.223140034458574,13.685850953394969,11.543466986612035,8.68618104314608,38.67690923642961,12.425447530835203,18.18597977144304,11.693040213574028,14.688069199709444,8.968528203882746,17.760144556302954,8.282049449972156,8.911814719843258,21.604499858424408,12.546902130122483,2.8419981736119486,16.166767859058066
76561199161773396,61.61505926626165,31.65536671769268,21.93120340333317,53.33350837489461,23.217540991751473,26.286940699594968,17.99152589300012,9.989019168552659,42.82823358292717,19.991532065245938,32.9078187744396,9.806857950176562,21.746439578988564,38.26644457403173,48.63653476945552,58.548088242275185,10.076067328562168,4.271374364570287,36.52755782105663,9.13733259438641,12.342893754324894,38.44984367889324,22.98910818015269,0.0,9.989019168552659,14.357580552272971,4.271374364570287,8.679181522171394,0.0,15.682108357972103
76561199162150157,58.519426687191185,21.95590603582005,35.19387173292005,42.459183944949736,54.25034580049696,64.14911206555759,34.91593509748236,13.383900385943816,38.04611701082858,26.672144386181248,6.7310868332034675,22.13765836166786,7.216017250105834,38.04611701082858,45.3611655342311,17.169679664797712,19.024810208438343,0.0,56.45863280703668,30.121374921221527,8.228200260164355,34.325788918933775,9.013188406294613,0.0,17.510621588450928,26.75180614533195,8.665792921762275,21.697337190033647,4.32041715304219,14.191151322091407
76561199163724629,42.651704878676476,38.15539508802042,21.848365053142,40.69343215323136,29.225390858793194,31.986931508309578,27.129405722548373,34.3920781767618,19.448834320519783,34.41951136911403,10.669750479016265,10.533871797614335,2.7039819369262563,19.448834320519783,30.02912803377002,30.193436772493804,10.767342152280788,12.98783861929023,33.20879977917282,12.080129331431388,19.93191344890064,18.698137981425997,9.074599855318723,1.2864740258376797,24.544227161061066,15.00566547384846,22.744768994789826,14.098996032665017,0.0,11.963068384278547
76561199163970610,54.55586091411224,39.902160311374104,3.8006444174447567,52.0370389447682,31.979026133822313,19.55930235031575,51.46558065618663,52.25090460026548,19.66869157065186,41.46950417501559,17.53770638338308,26.7531873320646,9.031319950434616,26.98145918794829,40.88058486800019,33.753873527885645,18.097112266922583,0.0,30.814272200367974,14.848943624289623,33.53193086268911,14.496180395870928,16.011926602125623,0.0,32.58946018214731,15.01124584270793,29.193124821283423,20.55472664510205,10.348017571917502,28.232987968127123
76561199166182764,24.379547660455465,34.90176293445072,8.494355505385379,15.64142668669312,4.076614984672691,14.963742962449027,11.160530897544975,15.236632075556098,9.248287974332332,28.196689192370993,28.896550513714686,20.93162255389205,19.146722240049595,4.525343641616252,10.807982581762653,18.033752586945162,5.028717488046972,1.8991179875485542,5.207188433136935,12.367430631049693,6.016107018441302,4.230936267309881,27.213032592311837,17.08385595252394,10.55089919403467,0.0,3.373880996656053,0.0,2.704403560182013,7.887668855389973
76561199167276604,40.67987742961369,33.37077439857784,19.95961335863851,69.41551879956074,19.57991436341917,9.285126378327043,41.80111640961688,38.12270268307233,21.973731847986294,42.80035833553115,6.1594555773159385,27.059422706456225,9.168099589681544,34.29124390412482,43.830417331796006,47.10784857715087,42.65342780392424,11.69336229653872,13.28046274067691,6.321569052694636,13.805640614339117,9.281773587799261,9.976189557813607,5.63512668920651,20.093823628565524,10.526571722026457,2.5855058483441162,9.127850999658238,2.613739521630969,26.90433054169034
76561199170689400,27.46583344112053,87.45208913176457,12.556187016026783,52.24082621129099,13.2855266948311,9.018144403247145,37.018111307085206,76.32763254203942,13.886076796722877,47.93931824974142,50.53548785649347,34.870012176755736,0.0,9.042371027681586,5.519258494307047,24.010001195213405,25.327720935933904,5.031221927704644,8.277668702144336,4.395436321583799,62.08236811958817,4.175617282350837,14.50154492861058,0.0,60.06886994902128,5.519258494307047,35.34334567389131,22.164027532673373,45.35502674680224,9.985166612961631
76561199171022045,23.86359666061057,55.389581778601865,6.39654958299785,38.38329982646301,13.658375213599854,0.0,11.609238907853804,55.40916145450537,23.54602819691877,35.54255545294952,10.854347849004984,11.201227075586925,17.878212996347187,14.497565594371203,20.04606537954979,54.50295801466412,5.776462761485396,0.0,13.452457989744978,2.1938856760707046,16.062734499913923,14.669306763285832,6.912165041670836,3.7383836490170252,42.22540417801492,3.9049983904911816,6.082831964429535,2.783157673589016,8.79894728607537,3.012097627640255
76561199172855668,30.545675290120315,38.76073846987796,14.540119641681063,55.70720392679951,15.236552279604426,7.448330308182952,23.100724530266838,29.30233999282389,39.14451515708025,16.1428454347458,16.881490883420412,19.76321424247096,3.258096538021482,36.886848062252156,6.852755122663259,10.160727061307991,9.464294423384626,3.1514531485507664,14.259218373818918,4.296877159632186,37.28373601582781,6.79760553548115,17.97960486612492,7.305873464427249,14.45590086346741,7.583307064515541,27.191494843047565,0.0,22.89461768341538,12.934211531891803
76561199175895006,40.079048096718836,24.958110979772826,6.309168906608638,66.81901127009425,20.857471164582932,9.620121746589481,45.80222302253126,16.661422062697362,50.02553465117822,24.723423452299883,15.72390235067271,19.406407671387257,5.104125637183595,43.96969175474801,29.738154028774286,38.34787636724497,29.91838545195752,3.7152779279684673,27.80494060467361,22.852991101639027,20.169462301887318,2.979094632400968,24.280686180086807,2.6333266549062735,14.028095407791088,4.265211880082047,7.5065167772582,17.349390098548913,0.0,30.161368056009874
76561199176943260,36.09655562612646,29.195707839693657,12.745901870333787,56.26749048018567,22.54776141092551,28.037266927984668,59.23237859448319,24.463289616021335,32.919468450297835,26.16640945810029,8.797986591352096,16.534886536707965,12.295379787101155,28.16803575733149,30.60203244803995,25.243992097846508,22.12575172631386,3.064791809485486,29.51868110384364,34.71299475839804,8.08662563674723,0.0,25.186895818784485,41.977753080913004,9.437840897876685,17.4370559471438,3.3006401266708405,9.74218435432574,4.830870466083991,31.395063771547154
76561199177263814,30.755504274156024,32.627438689061044,13.585653854357073,51.88424301765288,11.305830833422508,13.646165596420397,25.873036861064854,23.655840632058688,27.796828765348273,21.891820936524855,5.273384100002825,11.395853380577343,3.520756616719795,34.46231633650665,24.250658684836957,25.323340069077673,14.955610676102252,4.463302427938646,17.80181721157804,2.8183982582710754,24.101698905845527,14.940359894646075,12.894467137195345,0.0,17.502523214721165,2.9841656371825254,14.636686964728321,11.140063454511058,6.407684118114006,4.827884845341291
76561199177394627,54.441182521613634,42.0998126896114,34.70087154939473,61.65358565951392,13.006480713607086,34.908305158925664,31.397656866097886,44.580865325403806,39.8060989689727,19.89104105762655,14.024000417862377,7.414022127303779,11.853882214706898,43.73686357020496,37.69762964176554,22.587830298419657,37.578375959568326,18.888822649837902,13.53611688363306,6.372928757502535,11.811029548996531,29.84585944113924,10.716462096689403,0.0,9.150770011730671,6.460362096122449,6.372928757502535,6.905545739747181,3.660222744864132,20.053022946971105
76561199177732895,25.9869009932343,36.643853983005855,13.658939133535636,57.082540497337895,8.407104046726644,21.377979916825094,35.49402684830577,35.55516541841626,33.75821267051008,23.175989908668495,27.484771751749406,25.797143834960284,12.0990931496308,36.71600251898367,15.214827787746914,20.458859632396305,15.269888343546107,3.0430928449138284,20.451269402059225,7.854254078007907,42.15673987779001,19.64148598485774,24.91071229109404,2.9025198918318122,13.141246222677742,0.0,16.624453566042035,2.615934912194404,0.0,3.4307561839036995
76561199177743352,35.86188392358673,54.2731555577152,15.598405660637525,75.96387590260537,20.261060590086068,14.71156921721057,34.24971224294089,57.88460005520735,48.829705816087966,33.33490426263972,11.761511052260111,19.488698212132437,0.0,52.07622366468664,18.82458342191676,41.11431199162732,12.942785492593762,6.917933306682688,9.436157346507835,0.0,32.27876417011299,16.72224821300496,20.912139726960667,0.0,32.08998546610043,12.661149630909069,4.080414656688602,3.0155349008501706,0.0,20.501013908564126
76561199177799021,44.707471538820954,8.652808915312342,39.810658228473365,50.65146097651201,49.984724413318496,60.63399677526294,55.99783694878601,22.227182532592273,39.61605849066763,14.403222145320145,3.6921241842788253,5.1546144186020175,7.322493260798416,25.552312733737423,62.333821045584266,23.553936844366604,13.15959552784595,18.264603999825223,32.39566428853156,22.02091650944912,8.449042377799024,42.48071365666464,16.646678149941042,9.077180338960572,23.13800739650907,44.03026895614546,6.052446752042776,25.452078307751574,9.073422520338,25.276046648297193
76561199177910149,30.80215601236029,15.63310332932802,28.691194554836592,15.44607522155798,26.256572740625327,19.137442969856174,36.69454067558386,16.450535570790986,0.0,32.62934768043281,2.060513531794317,11.107529494666991,11.098361288201334,4.322376147609086,18.28153537087404,4.415970227132503,4.377736193881667,33.68068572990743,10.675313597461988,31.20100308005057,0.0,0.0,6.124605050845396,5.72849420901497,5.702773632612817,5.702773632612817,15.095983616332493,25.992938344440162,7.277983299155375,18.4361188800329
76561199178946434,39.961055273596266,36.925664314800656,9.351384097038551,33.99996111947565,32.84257938485871,31.235154661160976,18.350200395648297,27.02723275945001,11.77671870574919,20.475424075013198,10.253407851107937,0.0,8.964479257570403,11.557850277254532,12.042825925139786,23.656510811478526,2.151762203259462,7.015353289580155,23.172065952629158,20.539916678237198,20.950445896378923,11.068518925722906,9.568395087781767,7.791396158237015,22.748750462203915,28.41487998659303,16.80494016748113,10.821105758925983,9.12658915941604,3.590439381300684
76561199178978453,0.0,0.0,0.0,0.0,0.0,0.0,0.0,0.0,0.0,0.0,0.0,0.0,0.0,0.0,0.0,0.0,0.0,0.0,0.0,0.0,0.0,0.0,0.0,0.0,0.0,0.0,0.0,0.0,0.0,0.0
76561199181453644,20.86157341445328,32.01741128253705,24.35745144301227,50.26960537015343,8.785356975343738,18.425260822183905,19.18227694589406,25.586034878355683,64.19309000558262,9.568924751781413,28.88911089548426,11.62517757097364,7.1528559976483885,50.98029701169828,10.857365163583427,30.31435051845882,4.300409772001559,0.0,34.65077106402733,0.0,44.49250887699349,24.51404606049539,16.65010396724813,8.51796889048391,13.922037376290653,4.432244350834499,0.0,4.074141854904581,0.0,16.207066108213102
76561199182477254,17.958702625554274,33.01930289920952,13.896975728721975,32.93249898045821,15.162763168623977,17.65926930225501,12.57405704728463,34.01948841232271,11.905161037405266,22.270250886478923,6.826730022098513,7.590492463058855,6.38599677515289,26.03056530282147,20.030991101029507,31.938559381605778,9.583320379939796,0.0,24.830233102137417,8.52096860157788,13.708519642476674,7.798596288530662,8.750653406475527,8.030285490001706,21.994005885730495,11.905821142949321,4.999264221133477,5.826922985232461,3.3163654461454577,2.463853240590168
76561199183568045,36.8365193155659,32.320067587912895,22.451697655671953,29.845466700563353,19.160122623473423,32.63736442851332,16.312945235496763,29.094848743047514,17.745353167325977,14.697161898486058,22.838194780111802,23.484100050127324,13.16670037476768,10.576003150655376,14.855058623579133,19.432179529984495,18.499414923292324,9.83504140656754,19.634285691320777,8.459434333934315,10.59307479308122,8.662315548022057,10.833960693473001,7.3683583612158685,18.503353805600053,10.583279853346703,5.254164831931325,3.0421386463681466,0.0,14.331231572436026
76561199185923126,35.83422304849868,4.377328113892327,36.6207685229448,9.326788963310994,16.002414298077014,20.367941643054014,20.678540493497962,1.9837562915454279,2.2159372862683733,28.292059424488247,18.094870649925756,8.053330525399069,5.093428830154341,0.0,24.11762686681066,7.543861732894372,15.426064237994884,34.499710378299206,1.8718021769015913,9.364716950126493,3.4928949833507983,1.8718021769015913,1.9837562915454279,9.409579292300958,0.0,1.6448050562713916,3.8790865051818813,12.19260006185619,0.0,16.0232636329708
76561199185957759,56.502478784656844,78.71033859944406,33.70021160741174,30.193613383185983,72.06241499129234,56.22771167787248,11.061516549473025,56.52038655248975,24.69857857956026,33.464535049938064,23.09276283709043,5.6736668507515775,22.446729502634092,24.69857857956026,11.65974991856254,55.816102158344215,33.517499235716954,5.536940488710632,44.74299139898442,21.98632526238952,11.66732411405057,30.17228860813164,17.07145109494993,0.0,50.50203667660038,22.575956235994468,5.536940488710632,5.524576060762392,22.419747841507352,5.536940488710632
76561199186500350,41.978571985421766,50.350313119500484,14.075546407476361,78.68300666904406,11.322597400827096,3.516607233172983,17.13793702557865,45.84187412247216,61.17100555091983,24.409730033348843,17.43980965686294,10.345748887103515,0.0,52.074424289483694,25.14787624619437,45.8303360612269,28.838558620106983,6.475232388473319,4.164336934042136,12.828896581117418,29.688852313077952,21.34272118076189,12.667050311138386,6.4636743347456935,23.004585241885234,4.957375154455372,3.516607233172983,6.365222246371725,0.0,12.159108145326648
76561199186714151,43.982669801109964,54.93508385408033,22.93695257357821,84.02151342319675,5.954233752752364,13.172876778145714,15.060346805431292,26.872731466672747,72.03896818936789,27.361857297517503,13.793475018975256,9.690798660325758,0.0,67.21720113266377,31.35483076702548,49.64558290202668,23.396084613463906,0.0,13.133288425343647,2.747270914255491,50.92015304998712,28.82905670418398,11.335618201090686,2.747270914255491,19.70245808890238,2.94706710157271,10.239471950183255,3.007166651179654,0.0,7.425633176902572
76561199190983452,35.20359958074065,52.74262848749841,31.444675837952865,58.004231032282576,5.298917186620004,16.453124956271537,18.28446243321742,28.12621777732541,37.247125275067845,28.85345590296003,22.75233841378334,16.980949600292206,15.287043997194917,37.22358432566106,14.469110458912716,45.823606438371115,19.288690161018256,6.0718996393270945,18.69882201281952,5.431842509153028,12.101969960471658,9.393225728138733,17.132702087045097,19.106923366954327,16.18013676378257,2.9997242948235283,2.6224923127405635,3.5085558999826545,2.6224923127405635,3.1406980438041767
76561199192245348,31.32676960907607,20.88608587745713,14.62365259067214,13.451829532723474,44.95966620064749,23.7738100010638,29.502008519103896,15.543380564861447,0.0,18.944597055945565,9.454275520218385,13.240382291799136,23.772488215203836,2.5930133911138515,16.499582960710615,20.44525387910978,2.028148247292285,6.142111596383538,31.54473489534701,26.336618264672683,4.972580301226991,7.377608271882789,7.500874699433913,18.6629499155705,14.24341548546456,16.682652377851923,14.286344704456816,19.350184644991636,0.0,26.45455798185873
76561199194402331,15.496810758711735,16.790892049855554,6.040207091095972,20.869678469561563,9.941254350035322,11.083335016221282,22.522748379059976,13.515766451431816,14.482432922391723,10.633740684708922,8.976589100331935,12.392652519383695,7.650940165207917,12.430876584201421,8.462722069077795,4.6268083824978214,0.0,1.8213182714695995,15.871143665539815,13.592824465287325,13.413735034466967,5.374662477297242,9.361686276094895,2.343727036325221,7.785934202960249,4.7963854099521654,11.462895265974739,5.679570516532962,6.071476485077367,12.12180173803666
76561199195416934,31.892944282413538,50.46734065061838,13.147913590567743,48.42338954430527,15.605195557500528,25.506461910060736,30.78036461998168,52.06144300302191,34.81556189561961,24.92091541835334,24.921710415716664,23.379453442866822,8.175827433023992,27.326541448320803,13.81627829229364,27.49458950915725,23.40550415392474,0.0,10.285555823507515,25.360104965860593,26.205086619127236,4.476199804691132,23.447333140550093,0.0,51.780359347597795,15.605195557500528,16.347357364354615,6.707997389008488,18.076197695944817,10.81206987682802
76561199195958449,33.59418756338384,18.50114813455811,14.68768788500865,37.14923242733769,2.7376090033437546,9.589478927590912,14.952849951646595,13.399020164939639,27.814035770643553,17.768858824715892,24.890548631786597,9.503529632988638,8.1971349412452,15.307729805448744,20.20015816875966,10.734608870484632,2.545531271604435,0.0,12.003619759197775,6.3156039025701,27.214107820705934,14.897388380918159,11.75450046896198,7.888039633563674,2.6775909936175015,0.0,17.152175113977073,5.410377390301325,3.646754527813265,12.549768108838217
76561199196035407,61.01402810105777,41.69076462580771,51.921753849612436,31.414599655219472,0.0,48.43641023661951,15.59927204035128,27.746610829650617,27.697145420884983,29.587871578098873,40.340818156066035,7.657117609203777,17.53971823453941,24.71411051734821,37.68144156044378,32.24765971153158,35.37502816866885,9.679148755950795,8.03457740219142,0.0,4.109233174715851,25.437866138056613,33.71322313532101,0.0,13.479478204420314,0.0,17.535308349814336,7.657117609203777,0.0,19.52421127104597
76561199199012410,57.74695702872715,50.48658295674812,42.87388717305052,38.69009979208015,10.266269346401074,26.966998829448517,13.66776432581001,35.015235787619574,28.746701303639814,20.23374919942518,26.83543929638821,0.0,36.87066505278925,28.746701303639814,16.363838400863035,34.56546291010605,9.876045927771823,2.976549454137217,8.88309010200542,5.5436137225033795,25.264965690956153,14.054713078042104,27.258460297636425,5.816307265498046,19.654763889978604,7.680387396305727,8.76248954737158,4.101485670373467,5.082955955675882,0.0
76561199200039007,50.256540274177546,38.47386410242698,32.64345800985632,18.704550095282954,30.243555310465997,42.62206534617241,23.550304020821265,31.87174289284008,2.976549454137217,31.74975147023191,10.934869124210685,12.319565068243975,5.755759934948875,2.976549454137217,22.86875637580678,16.65889115159585,12.317530552200111,6.404831023692376,21.169914187185896,33.15948273561671,9.817294252539337,6.716325487872179,3.246490991901174,28.017394740768626,23.543899355193034,13.458237952604387,5.8409450997022105,12.20879637317399,9.174542609836136,0.0
76561199200202957,23.203765441411836,27.213566812370917,14.243431153082724,45.189998606208306,0.0,12.515031722847665,4.11636042477974,9.843202596151858,39.772952236673376,16.235704379531466,7.194277083869761,11.822409121215934,6.2857766174706695,37.83263748353545,23.050046769925633,23.58851291159524,2.570319527636131,5.291285138289039,12.387747719180176,3.328160630418181,25.84644406565798,19.447718203340436,8.043597049617928,2.8707357833793057,7.578319370341824,0.0,5.434730839486269,0.4574248470388754,0.0,8.43345965969006
76561199200353988,26.86001908462976,13.528789003242164,13.102201269478204,34.62413180782688,5.82168816945631,9.46514737212134,19.017906052887312,16.5040670287906,22.603042807652372,8.909019341690247,20.195888589912617,10.565112169211176,0.0,16.717668208840198,39.23627692242931,17.649686867673466,9.228517561414685,4.66814498514948,15.499081916051644,13.021355362109349,9.170392994866589,13.212707303907202,4.164647686064525,6.596292677864953,6.978575170318094,1.8293763327993617,6.1822518555898105,4.7026643428138435,1.5216989981260935,10.439552878891462
76561199201774235,58.21408739018462,49.11164098532774,52.57810237993601,46.442794553671966,27.890109084897105,55.93560030547817,30.181058619291576,40.74928511273222,39.34366770084871,24.027029095236827,34.05785632882369,7.51188401519415,27.685452605410955,39.152554878643585,21.37783223945815,24.472291006765182,25.929355487018572,10.348568372698312,23.48378709117312,22.669827608902136,9.40012538277815,40.18759690537708,21.263801846822354,3.7400477406883357,21.065069473313894,22.002875483543008,14.162013798353108,7.547524150916988,8.781555919163523,22.751538963449438
76561199203270822,31.129768667234195,25.13019549870832,9.770757620416315,47.356887632434905,42.249579802026986,23.20837319044058,27.89806250216567,30.690651850139968,19.93595209872202,21.340229507225473,6.631374439685503,20.303671464934027,8.797555596343877,28.97491668206064,34.269083511058625,29.468972192311668,6.132773118921943,14.729612109197152,32.75049030693912,15.799368519326535,11.648829843355646,18.437094685979524,11.136102462506418,5.41104497838943,33.394501424296735,23.42078952616003,15.525728299989956,22.259023128627767,5.53929140569071,16.161582318548092
76561199205535040,24.3116666630782,43.56537980174385,17.32573524151578,57.58375459864573,20.300955854362368,11.704644391841924,4.758294625124746,38.36778810234408,30.13496749156893,23.65478806986198,26.850285319108792,12.870522874816311,10.923232379602858,34.98900523282778,23.884465051690093,37.1772186787729,2.766319109226186,2.299580583973747,15.569391708470736,2.837908188360424,41.527038316816714,32.48555656221547,18.89811879285949,4.7763465316770475,30.336568585204763,19.50170978582666,6.4124197288320115,4.291556099872307,8.074350151190373,3.2300135692786567
76561199205562180,73.01679157458037,61.245861629263636,63.27119315085023,31.123014971192166,18.54541845556888,42.5417248014507,13.136228466213321,31.966829178771512,16.17476389990308,42.57281676007492,24.840345081174398,7.540331736273094,20.77241563823565,16.17476389990308,14.208017270738898,19.099912873268487,15.135503747484366,7.298148981890982,13.08439874439199,17.516454561190614,10.807432042252497,18.711777708155253,20.120556820888137,0.0,23.27581775978823,9.541096301601286,8.181044422473713,0.0,7.2820733142144505,2.9454910571172443
76561199209636789,35.52923673376783,32.11769452662675,21.01382650198006,34.812502205326865,36.580907431885706,21.053039872171396,34.42550172895359,15.18581517564294,20.271038713968924,21.720339385420534,7.422687877569615,9.66453182436019,7.536882737138505,18.430489080571437,8.746218390105206,18.13534836437061,12.078107758724805,10.751375503085882,27.933068007222733,12.398643564324413,21.84425750368021,2.7459880404426023,7.209946581626475,9.34170125537388,12.349664971913414,27.546774536986504,16.317731306751476,13.361987449672313,4.98997329764816,2.8361502037295256
76561199212301613,55.107659221202404,32.51578630632837,38.81454582906603,37.93115179492694,13.712691084302357,32.759683631142664,28.24331398170524,32.888195192159266,25.214981314094565,21.115738002592146,26.662465919004,4.750373817220467,13.134686917624549,25.348395328938565,31.06743822412958,18.031368795809946,9.466929657304986,3.856087373097843,14.702267934883212,4.408516411883874,21.883431943870757,37.3493452959636,12.754197186925127,0.0,13.53396253937376,11.244591552830737,9.507339612809242,4.408516411883874,10.006542396747239,19.122812027126578
76561199214007024,0.0,0.0,0.0,0.0,0.0,0.0,0.0,0.0,0.0,0.0,0.0,0.0,0.0,0.0,0.0,0.0,0.0,0.0,0.0,0.0,0.0,0.0,0.0,0.0,0.0,0.0,0.0,0.0,0.0,0.0
76561199214725358,23.008221982292454,32.17009548170911,4.542975582394973,82.28455509205722,8.58470229599864,4.327174383125731,32.33462156087412,28.892081882116365,33.22705440378898,29.21211303948914,22.72343907817683,29.0577664333966,3.7191661467188086,42.80683438058597,27.10370156411915,34.406693367048966,9.14633504200027,0.0,14.09045319818162,8.513373706461454,40.20628056232775,31.122064468093452,13.160491912425073,4.518849479521564,19.95829999139426,4.895822841884705,14.885120220807059,11.875693584354615,5.840932312803435,23.75608931809161
76561199214927585,33.73301651703814,28.588117982238998,14.015391951799998,30.93197026425479,21.690520027561,25.13402311252834,5.626202842231927,19.561917970211777,19.10615294841546,22.490237983825917,17.334953268441012,18.076719867643124,14.966235466915334,14.939076956277422,19.371361046147452,15.173582835300023,6.904283462194782,1.667706820558076,23.504178323393543,3.9160150266976834,11.22890899079668,13.37053635100791,8.880775467514978,13.300812070684579,7.1442070813760825,11.781700867189054,6.959575134711928,4.357593051032615,0.0,0.0
76561199217005171,44.73688736975999,33.09477393535261,52.75395835729393,49.52542044516697,2.5392369943330477,34.360988591564976,9.564327208589587,17.937535094553002,50.20468418508869,10.19133223926549,25.67912790376025,3.9781852076818147,0.0,42.500330230910436,20.33425187319389,22.981277649878702,31.206912262321424,5.792707463965748,5.162816034867054,5.051272311509301,11.792330810838758,38.477483378988445,8.82908194377808,5.130889939473992,0.0,0.0,2.5392369943330477,0.0,0.0,9.524619758994474
76561199217242920,36.64087735402342,41.39331214926875,32.72336772557444,70.51306448263884,13.055523625515434,15.598714509402148,45.688274361006656,39.08627716131953,66.35249702830754,43.75475068405549,15.024520653536335,31.633412006273357,6.961176228305783,61.091779243787634,30.146713624824024,30.796135896159015,19.00878694849755,11.472386028026822,5.6502058737528085,14.765078305627547,36.069956774636054,7.326020119885783,9.587697074309142,0.0,24.123037433871566,19.646701129712998,10.56667407348067,13.421418653733683,4.316420877575887,34.96752096198481
76561199218023441,57.073644368451895,41.64078617422584,52.99087240700713,20.964139957578276,16.30220458499497,48.44205525866888,8.496863843427064,8.939627111434335,24.956973454986993,24.77244194748771,32.34396597110651,12.149157253172818,8.278619860954015,20.708478212937635,3.6750340472918834,4.248495242049359,15.666461378979584,0.0,27.233923808880828,4.538175317163813,13.667295567029157,36.733305860842776,24.40308325051302,4.3965457207730845,0.0,3.72255598047332,3.6750340472918834,3.6926224403927708,0.0,0.0
76561199218251849,13.181924888144993,10.777278118457714,10.777278118457714,5.704264358531514,6.734401392170442,14.007923111905548,3.7864597824528,0.0,8.218666959698997,15.304858652900963,8.516101323593457,8.490681979300737,0.0,5.352474057499991,4.5241022028992965,5.286561030849436,9.138933839952792,4.085960312423583,12.576243143096907,6.734401392170442,0.2468600779315258,3.208000906715898,6.325133393614814,4.4073288175361,0.0,0.0,1.1568811967920856,0.0,0.0,3.1382079218007464
76561199218355105,0.0,0.0,0.0,0.0,0.0,0.0,0.0,0.0,0.0,0.0,0.0,0.0,0.0,0.0,0.0,0.0,0.0,0.0,0.0,0.0,0.0,0.0,0.0,0.0,0.0,0.0,0.0,0.0,0.0,0.0
76561199218902109,36.684911006839556,31.036175793493463,30.278203627904347,37.7274158232143,56.09237947019822,38.20205138631046,62.90011305152976,35.05994267847395,19.165819092699287,23.562980076261837,13.88880661208831,10.859699244641035,24.309005880038693,23.31291422030692,14.160711165881626,32.21140293086318,18.22773806514356,7.624338917646998,25.882473175202268,30.183268790613937,9.679044757570294,3.3562000157314196,18.250062581909354,8.984930629790057,20.026192065734516,22.30689436663767,27.12410710875092,29.91772302051629,16.42273218801271,23.5240437182983
76561199218919589,18.543944364714402,22.521658418961326,0.0,40.671981010444846,18.272464675129665,15.129778024166452,15.758165301026041,37.21986703935961,32.14027354053694,13.057119786105599,3.0459499897146083,22.890555758062725,0.0,31.769355719218364,21.457890854428264,25.457140525847205,7.563295914917536,0.0,20.740364839946988,2.9947317732204075,41.90885529549,10.787997258140901,13.393566693125372,0.0,21.971976282789917,8.074993971996317,2.0215475632609334,4.803677543120381,12.983108055261866,5.911938268561966
76561199221510423,57.88330656437713,27.971132370726565,23.294468569100502,72.32999768265167,16.65019632698837,26.36521308813365,26.124709784372733,37.66938627359523,59.95139579353518,17.290473912291073,30.084980393806187,11.860692940062382,5.921792873858663,48.01629396979483,54.512581759102204,22.402705313838993,33.24051000876106,14.201068496666023,20.15932700434233,8.075479054324362,34.712361880266975,48.655688763349836,3.865560131017805,4.90453376321371,8.918177877406585,12.479662626408725,0.0,0.0,4.1705337005796475,17.622042180351833
76561199221523939,53.719313939311064,42.26292861405173,19.241596382468334,75.33645125891653,10.827865039885026,9.037641934646203,20.410846760286937,52.327453239501416,47.13559247814614,25.715404797186153,9.515818338404536,5.601657459856524,6.064260677029967,43.8535540783203,29.660483612400988,37.83401595466376,11.39479887275625,5.976537693883063,11.590162558667009,0.0,28.160896923476148,23.362713903055706,10.07037816229954,4.480740107609915,21.50811404199222,7.011252219261538,5.223728509556964,4.9974149559254,0.0,17.88511811597868
76561199222145594,50.70395718742648,21.44974606284204,37.52266278683424,66.32147805057114,22.267939879082647,18.904799517780962,26.42522034442142,29.24829931328988,51.97039774468902,19.38506609573964,5.98782693902667,23.408923630016428,3.2511493854184965,49.770783901849235,24.828114349025054,32.53135784034776,15.285072091524277,16.165460109140863,10.837365361246103,7.733533436914433,9.717444330449245,15.03022622273011,4.307728644467874,2.7265447837383743,12.076769102939105,13.469663865647007,8.004576268230986,20.54678337334213,0.0,21.194231169925676
76561199222262354,30.84771368931378,38.381974640058424,17.062007744985294,18.465935693578018,70.44991167234893,29.138602182449027,42.05733961263274,54.110438187838156,13.661299381617338,39.69311313303206,0.0,5.452453760558967,22.084410683779364,16.619109447833285,33.172884043756135,52.85086743754778,7.812820843744583,3.374168709274236,37.02294628813655,33.8048616042522,0.0,3.0717669598299886,18.25903193650527,20.15863915539882,30.95895291288275,44.339542250808314,22.17331129855141,12.519970069922042,9.50520771021764,13.182656333433087
76561199223548527,43.369784547617606,46.12624443015225,4.3130784050476105,62.44652196948864,15.281805852107645,18.22651055760259,23.57239180866183,46.57008768033882,43.2355643961367,26.9915958798796,24.12712262075824,3.4806245152934774,11.345525240134737,43.2355643961367,13.747812893854,24.454452919791837,9.267383850322412,0.0,21.508597256106608,7.102798076585243,35.488949333298905,19.5144316161895,6.4924816239689855,0.0,16.215956553276296,10.969933477356971,7.423136112011077,0.0,11.067417302639031,12.801861133533043
76561199223661728,0.0,0.0,0.0,0.0,0.0,0.0,0.0,0.0,0.0,0.0,0.0,0.0,0.0,0.0,0.0,0.0,0.0,0.0,0.0,0.0,0.0,0.0,0.0,0.0,0.0,0.0,0.0,0.0,0.0,0.0
76561199226176149,17.432999069585534,4.415523884630637,17.779343372173855,30.23924395994465,20.029525242935083,15.605222596997901,46.87248871556473,16.59141596372372,14.306094685295232,9.955112448117271,0.0,11.872929553695743,0.0,18.641873172136723,22.223414610165623,5.983866504953172,12.56845839844315,13.793584821934441,7.428954274008073,3.682551977791072,7.309480620873782,8.316594105622052,6.358573368338794,12.543343329471847,9.877562683404424,10.052625952891566,6.358573368338794,8.809248797511817,0.0,29.529336340923415
76561199229183744,37.22683654361499,24.02494514310198,2.89480635496403,67.68565166826828,18.402697126972004,12.758332059058983,33.56579859789054,28.885259388284254,62.01799798922327,30.0279393429105,15.10908253134494,15.98033995089906,0.0,46.8775505995919,24.552674519528058,33.22318934175476,9.850632034565145,0.0,19.38237149621675,0.0,45.975127821897466,17.272583859598654,13.2897054098733,0.0,26.3141750422552,13.58580840733917,16.233564913430435,7.711695074596864,3.703768066607687,27.43088276363553
76561199229382365,18.7528937218858,17.54038644504199,12.647156335024047,20.050301458520533,1.6134299337036377,15.404474402395254,14.221276300754804,12.512859969373958,13.781766601728412,8.37111541140191,17.523297678906598,8.919559379227037,13.418472839217415,15.202498367318306,12.073739755129138,0.0,9.83791500309551,4.065087381154983,5.085928278131687,5.98883609575429,19.766875700122117,13.548920409802111,18.45601439993445,7.8052881775727165,0.0,0.0,10.493880462479225,0.0,1.6134299337036377,1.3428648031925547
76561199231536128,23.28407934674175,29.290541123927074,24.329636689039738,48.529405422779746,37.351607032813654,62.96726942166905,35.631800422607995,13.428162519898464,43.518489534181754,9.148030192905924,28.539542488651236,5.158480421360237,4.362206507224575,32.071312317276266,4.677676876774839,15.454074348270424,4.139636551413807,17.027922147090294,27.025622123417335,12.970359775908518,4.785823685681349,10.11522023076444,9.441340848656916,11.5249222943754,13.74363288944873,16.20259917115024,16.864937154752226,27.689592516927956,13.320015710991957,21.92953222808675
76561199233164979,42.47292691950582,60.5766891482085,4.143928062410929,59.5878555261669,10.388884977609614,18.643329585858503,36.05229978816687,65.04510646877227,25.74726278712663,49.524576114071166,49.446730232597226,36.24614283501654,6.020173473744435,21.578738826730277,17.405133451999532,26.032623309531413,7.682635430223609,0.0,36.2672256200888,4.5966338549658055,62.75407924459272,17.344344837634747,28.57054163576492,0.0,29.318283684301527,0.0,24.49368830169969,3.743130868945852,8.196000663214585,11.923028421613173
76561199233790996,0.0,0.0,0.0,0.0,0.0,0.0,0.0,0.0,0.0,0.0,0.0,0.0,0.0,0.0,0.0,0.0,0.0,0.0,0.0,0.0,0.0,0.0,0.0,0.0,0.0,0.0,0.0,0.0,0.0,0.0
76561199234936599,0.0,0.0,0.0,0.0,0.0,0.0,0.0,0.0,0.0,0.0,0.0,0.0,0.0,0.0,0.0,0.0,0.0,0.0,0.0,0.0,0.0,0.0,0.0,0.0,0.0,0.0,0.0,0.0,0.0,0.0
76561199241168041,0.0,0.0,0.0,0.0,0.0,0.0,0.0,0.0,0.0,0.0,0.0,0.0,0.0,0.0,0.0,0.0,0.0,0.0,0.0,0.0,0.0,0.0,0.0,0.0,0.0,0.0,0.0,0.0,0.0,0.0
76561199244382821,55.015008134890486,23.975910062060674,61.39091713658492,53.24947518114011,24.56772377265706,59.41571088790871,39.83370737254535,20.977912232798786,43.940764730048706,23.485399587211322,23.44242085691868,14.428862181912743,4.068513802187579,38.586380556855744,25.42848351991981,3.463232772581608,25.85198986319337,15.553683835621484,26.33170439024044,3.9847156908215866,15.908995595977906,36.9708292299442,0.0,0.0,3.9689702858698963,16.96481936834431,7.632303447412392,13.184473800456168,0.0,30.634952898633472
76561199244845825,0.0,0.0,0.0,0.0,0.0,0.0,0.0,0.0,0.0,0.0,0.0,0.0,0.0,0.0,0.0,0.0,0.0,0.0,0.0,0.0,0.0,0.0,0.0,0.0,0.0,0.0,0.0,0.0,0.0,0.0
76561199250115440,29.179742847842896,51.71181837271547,4.529368472571809,63.4965164786749,3.6750340472918834,4.8993312245375815,18.151979235622363,44.72528620413425,42.999070716533744,16.577491008192208,19.956701530455003,15.053238888356447,9.117893218796995,42.58410238556573,14.677281495473613,44.58108816451454,0.0,0.0,11.792715915322994,2.583997552432231,25.189234059235236,11.283366941149941,8.149000601885161,3.6750340472918834,36.175432991551006,10.35509167075125,9.05019670753683,11.051676707746957,10.206374894544952,6.366712686430512
76561199252400135,26.120469874337765,23.351202085436217,17.714134629872603,22.44394085339869,33.497265542575875,20.66258931122964,24.417947611668186,18.262311962689278,15.427628863181809,18.965545985311827,17.70678240125337,4.687533276413214,9.143003956379777,14.537531752117276,20.83436897815183,24.358838917645084,17.86994134079005,0.0,30.96425540219336,10.679287395257965,9.999716589243938,6.659171893007916,6.865934869544876,8.558437154495236,9.788330013607371,13.00979738727316,2.60638654732571,9.123588581654655,2.060513531794317,4.601086860550455
76561199256004350,45.37748485318787,56.43879172765271,4.57109620565434,53.2724847991587,34.0188030592607,32.172286997564456,31.366518421272737,40.03744387370827,36.665037183543014,32.88471026254667,23.886681085516308,18.105532098867528,13.1217793497934,47.179472037904354,22.115183495946596,40.62353582059624,18.344632929019575,4.57109620565434,29.81711605882533,31.351667018506852,28.735981088142616,26.05329958375026,37.39144138103235,23.293402806631704,24.98807534785564,15.530473369196393,7.754916872942635,8.208078267574773,0.0,0.0
76561199262202976,42.31960821262406,36.67318402029884,11.80634521832425,57.220773211072746,32.696840232593125,25.065324001693902,39.719345936724,38.901618711354914,37.69853906211593,18.546480418645935,16.241205647194743,2.653241964607215,0.0,40.47921995425305,40.17323419155268,35.62431256060917,0.0,0.0,32.939598196469355,7.392129529444446,36.22295707323971,29.4601247484204,7.602474772809485,3.849721979230767,20.06375005764918,20.615174181996593,11.3967390506666,7.537484110777111,3.85925493988949,20.338136702483425
76561199264732687,15.47020926853343,18.096629684859113,15.661821568795164,24.25228220039855,14.85960609865048,17.192200166646973,11.509191099885596,14.90147494934158,15.443220257717284,7.772980593660657,11.225244388357952,6.8003002637105965,3.733948417481514,16.791320255763114,8.625662761568922,15.548509937504535,9.393573598664823,8.988256482921555,12.581498284776048,11.94507067375009,14.505809911991488,13.131022876829997,4.8228202758353405,3.040801236921569,7.390682772532369,5.815762143306406,4.914748281289092,3.8196883942253503,0.7561219797213337,8.420401522108069
76561199266425816,45.11731470844952,34.73109012145186,19.440119956330904,35.8017894164599,57.88773884476476,48.4742061873328,33.067235883399135,45.46874207646605,14.64497568538576,16.66367163891711,8.068548311413984,9.975930964953655,6.260407126935595,20.62390853778584,32.849391229654984,41.69305297462136,3.3130945001071823,6.011094365355891,48.17702953761296,25.28438276669234,3.561897992353146,13.503143296254569,9.294883218817443,6.482158889576983,38.61327475726632,27.67691352153279,14.359665301230786,22.340293510706253,13.87213122623939,12.77499980231937
76561199267496067,40.733496349656576,42.806148947301374,23.84022449109922,72.33069361725921,30.584260615141666,17.874835796237292,49.007610012313854,35.3455580453898,54.91271193560433,17.287334879413123,4.030161533445187,0.0,7.450349823983223,52.63342525168545,35.241360651642594,32.59868499853227,12.715530149846401,3.2665224783355535,15.402129310895628,41.84108225414663,18.377218816410853,15.551262632665777,17.827580930907416,42.170800221629065,13.186574354282635,7.332342783081617,4.637927750226264,5.558101381957238,0.0,24.505789873348007
76561199268363521,24.491322047252655,36.015436938779686,12.532453203704476,44.86491660395105,11.701834709555383,12.188464018633963,38.73022093349154,54.13684434113016,35.380589251104674,19.279849153290584,21.206409558305637,7.560992548946796,13.377350332995718,32.29932332497626,17.888544114848322,33.02872657476941,7.610779322350005,4.309455941839047,6.274922272054575,10.166074230729391,45.715230114145044,23.43634288073872,13.212974790857782,4.9238420751266165,27.202494821268928,4.9238420751266165,10.166074230729391,11.427288966852249,2.653241964607215,13.39372443834694
76561199274384456,29.103278367785798,21.77561475786643,12.80936773080545,52.435609588528735,19.977601830635578,19.206412568694585,23.637957601834337,17.328782970937542,51.327436807865766,9.725504922506348,15.777261531552469,11.492247854812979,0.0,45.05306523977379,16.97537532729771,36.65687279591753,11.903828362148248,3.7657363231576735,24.560131141327204,7.59393826574045,35.3288511144801,19.14231008704966,15.131277504385025,3.0081547935525483,8.608877533079617,6.134807028218637,14.242846639231168,13.205253887098236,5.224972180322221,6.335865518077001
76561199274730477,52.63954125882158,33.16915722386453,69.82787876229116,49.63507484766627,20.743896181084015,65.94934838719573,35.126469067321906,27.262811916486836,40.12172854065203,18.36755532253084,24.167421482385688,4.06182137051654,32.69782904932647,40.12172854065203,34.15922719636061,16.12015225908745,19.11989274803241,11.998062581159017,0.0,9.30025876948426,9.054668711043375,22.622784576311744,20.158255344934663,36.95487938327059,8.884743325522596,12.510278465740692,3.86702563949741,31.460634787941643,0.0,25.826210297837648
76561199274993293,0.0,0.0,0.0,0.0,0.0,0.0,0.0,0.0,0.0,0.0,0.0,0.0,0.0,0.0,0.0,0.0,0.0,0.0,0.0,0.0,0.0,0.0,0.0,0.0,0.0,0.0,0.0,0.0,0.0,0.0
76561199279081053,0.0,0.0,0.0,0.0,0.0,0.0,0.0,0.0,0.0,0.0,0.0,0.0,0.0,0.0,0.0,0.0,0.0,0.0,0.0,0.0,0.0,0.0,0.0,0.0,0.0,0.0,0.0,0.0,0.0,0.0
76561199289397551,38.28789416093246,49.97847560560124,11.87895753066741,59.93376191648581,8.557301510530772,17.266532823752485,28.630277711982263,40.34261305347034,48.846221326716986,24.300533990281654,38.82228202829101,12.618860785230703,0.0,33.12444861995796,22.411141909276207,16.954301452507522,10.5869159111494,0.0,17.27379004683906,0.0,51.12671149174074,20.51714691457407,0.0,0.0,17.389939991439206,0.0,0.0,0.0,9.506542961505211,10.452241480616308
76561199290213981,0.0,0.0,0.0,0.0,0.0,0.0,0.0,0.0,0.0,0.0,0.0,0.0,0.0,0.0,0.0,0.0,0.0,0.0,0.0,0.0,0.0,0.0,0.0,0.0,0.0,0.0,0.0,0.0,0.0,0.0
76561199296937509,31.60236441205061,38.980020864956686,14.232007566093007,54.79067532869162,18.872575893881546,11.568416557543934,34.04508316457504,51.88928699722557,41.16829860204476,12.911333707230035,23.690296742475624,9.85011270110586,0.0,36.0491345303182,28.238598299125822,20.07879538604942,6.001774961638093,0.0,12.78000201329874,3.3655702040190043,39.31622368299961,23.250021829456422,0.0,3.3655702040190043,24.890268459606407,6.868865167174208,0.0,0.0,0.0,28.500923509992628
76561199305756354,26.15911899856811,20.37667990938997,18.684806938837117,52.42560884687348,30.981516127007776,33.63491816318116,33.40704629269146,41.92460911851316,50.77450127543704,12.756291582226325,27.488089510782398,16.38054620358242,4.589040804058207,46.23863290617702,15.28301401315869,26.324441889506065,35.433064687517344,14.76717252955104,11.527144062482634,7.215448412888541,28.69205573357703,35.20416116441149,9.347361169539973,0.0,20.60577103058233,16.762455223163972,4.173309766520395,7.063227856146571,6.829563332592872,22.468938754948837
76561199309848738,0.0,0.0,0.0,0.0,0.0,0.0,0.0,0.0,0.0,0.0,0.0,0.0,0.0,0.0,0.0,0.0,0.0,0.0,0.0,0.0,0.0,0.0,0.0,0.0,0.0,0.0,0.0,0.0,0.0,0.0
76561199315863592,66.79997585218202,35.53592532078279,34.74568623226249,47.911290064669046,46.12534049620894,40.37098165088917,18.90773202345953,18.46020779024686,39.80418755248935,50.7182517689391,13.66309214839017,6.962118456453055,7.292651626388858,30.919919622948555,32.79306458317629,35.942102083418696,22.732166338271117,0.0,55.14230374052193,3.8368683318273855,13.243896245479444,21.785471110105043,12.819414131160176,0.0,8.85039087252779,27.245877410055094,0.0,3.329343277894172,6.837785501906839,9.424035588016357
76561199326716853,30.281232209016448,46.43744176036445,24.58540561862321,48.070659236873865,9.266820700412623,14.50700946492973,30.391052450931785,38.234340451568045,26.800027140337782,32.69190800856897,24.1628941007096,14.434152487895492,0.0,23.69096618147679,32.50434689736211,27.60027613385132,9.887531393407187,6.160008290908593,10.854291260461313,7.063641737188384,23.033240499516964,19.999201242639018,15.336822615759749,7.004690501325682,21.710297118826926,5.29841736154837,3.9684033388642534,10.91147035474334,3.709172157381699,16.81262891157656
76561199336091998,40.02794253427676,40.522646515332134,22.96803531848931,44.73909594217763,0.0,30.091609216890777,12.764922826520522,8.788882137898772,40.3761043400605,20.974928681971807,38.7938471014056,15.115593588775823,13.26804084680717,35.816232298715,4.065602093356446,8.781925588105413,20.12506538218234,0.0,15.968547893736726,0.0,58.80672557063287,23.878676928168122,10.760303080884478,3.7017956793804827,4.143610803525019,0.0,6.121988296304084,0.0,8.419165193688384,0.0
76561199337941690,21.96582971395242,51.780974330380836,3.6980869348648495,73.27690599239786,11.678461673380326,8.568458689417472,23.60246479020464,51.47356392617415,45.072166759550086,13.0461325690662,33.497660431886956,25.31850874469358,0.0,34.427393607957995,9.045676838576181,7.761163717416117,0.0,3.2965773325320527,14.314588579698704,0.0,77.69247411005898,26.214020470291366,14.386363526708866,0.0,25.33675843258435,4.016743316198549,15.30442606825386,0.0,34.940623690082084,9.72941945802487
76561199347967453,44.10016209013699,55.02384022126214,15.427088602381883,17.324269745905287,49.62973621253764,26.173744745167646,27.911776488557578,49.11791550925914,10.577270245802543,35.7232103630558,14.59841231985395,9.142106283968793,21.591525970769588,7.784878896266582,18.831946766965967,52.50671568705798,18.76594634081818,8.577532473703691,37.062492076919455,19.131782233289726,1.8794650496471605,7.090482815855026,12.842683686979438,7.513453896091287,43.77020626558813,21.479942203767745,7.4722079218805,1.9387416595767009,23.54223371581434,2.066862759472976
76561199349057212,0.0,0.0,0.0,0.0,0.0,0.0,0.0,0.0,0.0,0.0,0.0,0.0,0.0,0.0,0.0,0.0,0.0,0.0,0.0,0.0,0.0,0.0,0.0,0.0,0.0,0.0,0.0,0.0,0.0,0.0
76561199360923051,28.420588180264815,21.58811647543023,30.07647013566634,27.21062428048195,22.50628528283505,25.48141899343913,11.735623495726491,33.47898864294016,1.589235205116581,27.83501495237882,2.799108932049177,15.589084255503629,5.516181003614464,1.589235205116581,14.97607311697774,26.58065458683519,6.359643520225891,11.538997517695426,4.20663103795066,6.7015733132202975,11.163325049878498,7.398519385462826,3.7725540201368704,21.641225226433065,37.299554037879474,17.99059960301725,4.970871766979461,11.153985373749904,9.22140425092131,10.612868901736782
76561199362890720,26.72414152066719,16.274939419788126,8.140880383521386,48.030972702150095,37.66465429149381,16.182308210616064,51.246643248378,26.12800965429242,13.818777687898221,25.250905212684998,6.262930724741405,29.93732879344719,9.154913320956375,13.250256799233012,28.959293691309476,27.00199379287629,9.869660900124392,15.488980543972787,18.790360365694685,24.74914880357414,14.807058537814967,8.224408884676452,20.856030237501184,5.763667999878614,20.986338009992828,12.490984586612427,24.865956194111945,23.714983706623254,10.231901068720564,23.625465201487902
76561199365659108,22.282773843608503,29.54982278328329,26.500884945537162,40.56515225164265,44.75765789068606,46.1695073700016,51.383469656220825,32.78593482102261,13.879100013249916,23.43189541828717,26.222438871095473,37.42827393290194,9.806120999845621,14.954911262902272,32.63489075396139,21.884821306862204,11.418835886878451,9.70710382930778,34.9199289653819,11.361788586434692,12.814049863570283,26.084341907954105,21.268725905338272,0.0,20.948375835799855,35.13857805619082,23.399941308056494,12.499235014345498,11.373000100979985,22.964869956959543
76561199375667566,60.35432794843886,40.16903200579691,34.65414453694472,32.781222590713085,10.705212043387803,35.02734932073865,16.834491349913527,21.346174927394465,29.96809748395644,11.684983728103443,41.852664826144284,2.334083760053417,12.138976550710925,19.780773137142422,34.019820336194364,18.814559224254367,18.795767917998283,8.669826979859543,25.650723108058347,10.778249638270573,10.413083325345369,26.371127707075306,13.58560047178012,2.8154087194227095,2.2491843162669305,7.247949437792699,11.76988317188993,9.040557390312795,0.0,20.172992058732856
76561199376134768,23.2339260693423,30.34588354713209,15.879592344770572,32.89239758522855,18.50332830041464,21.012358372597205,19.464736959241357,30.13171731448669,23.509000527473734,3.4098894955496615,13.605196443065227,2.0255131996542803,0.0,21.5957921699022,6.313497727982165,10.733205331053256,7.097887006833037,8.31880417394597,9.812929608889068,5.445905775986452,21.378046024559684,9.0604573727317,1.7191887763932197,1.9125010869241836,8.588732667950264,1.7457155307266483,1.7191887763932197,7.217456274313992,3.044522437723423,8.317898985047037
76561199380289969,52.87639545667607,47.288016546861364,22.410392474331594,63.13698261413415,5.215044447354215,31.13502794948284,20.618307358886668,28.011206400240972,32.18243158665641,32.31533671574478,18.708126574166847,10.137822891499798,0.0,26.87834861180685,23.227745862206778,16.937901814366185,7.7905195888106915,4.664853188149265,6.400888475403326,9.479553636099638,34.734399183140134,20.032086450464334,4.273466561441981,4.264509188745424,9.52275154903542,5.215044447354215,0.0,0.0,0.0,7.394140863258485
76561199389419785,0.0,0.0,0.0,0.0,0.0,0.0,0.0,0.0,0.0,0.0,0.0,0.0,0.0,0.0,0.0,0.0,0.0,0.0,0.0,0.0,0.0,0.0,0.0,0.0,0.0,0.0,0.0,0.0,0.0,0.0
76561199403138420,51.333906384071355,52.917385307642476,42.926716245958424,23.274903385981347,31.227789199932985,37.042118409738606,18.458132752284584,13.562603959302534,9.41578248518926,34.590410761491505,36.07722821579335,21.892208672817162,51.165719014996036,13.69702146605045,27.43782916565337,41.621205880656674,3.9594789465844413,0.0,61.72535919854836,0.0,5.456303538604819,22.281605531394995,38.33362243172065,8.872250227247207,11.746851483984003,16.724147846718147,6.568499170984308,9.274162933751004,0.0,5.463407986413629
76561199403272332,0.0,0.0,0.0,0.0,0.0,0.0,0.0,0.0,0.0,0.0,0.0,0.0,0.0,0.0,0.0,0.0,0.0,0.0,0.0,0.0,0.0,0.0,0.0,0.0,0.0,0.0,0.0,0.0,0.0,0.0
76561199418668383,32.31315602324035,22.025820456759213,10.023300606908414,51.16048273312578,29.258841194420867,19.511066442068937,35.39265957949432,26.912308874543427,33.97103401499957,21.2667738085456,6.434171488600834,8.339810004775178,4.090848457965392,35.324657593829905,19.566463512223443,31.71110442206378,7.561294571446256,2.064327903869788,22.26697990298926,8.690745200040286,19.00314915236941,8.372143816775303,9.117308041881278,4.190175818363779,17.912336407350523,14.41998410544375,24.097709348822683,10.403120512422145,7.469854266937073,16.556990773512876
76561199420955153,0.0,0.0,0.0,0.0,0.0,0.0,0.0,0.0,0.0,0.0,0.0,0.0,0.0,0.0,0.0,0.0,0.0,0.0,0.0,0.0,0.0,0.0,0.0,0.0,0.0,0.0,0.0,0.0,0.0,0.0
76561199422202390,33.22341418419614,9.496440387635811,38.37040091613262,35.72190964072173,33.16400591813459,34.5080996948095,45.99552944009157,17.261398512999225,24.890852677048763,17.441287966945374,7.792646815329464,11.078904820163299,5.0153242835823875,24.89437567096879,19.536174185002547,10.955383296658804,17.791344987982814,19.145295967546343,31.169294657534884,10.638101904844733,15.44983641647499,29.28693875642089,7.2993057594526025,5.628449906837342,8.231061516476869,14.05844620967534,12.557966922959197,24.274170842245823,0.0,30.59531655942239
76561199433626235,13.559472862557522,17.720954402409046,4.8523589723890685,24.944483195483343,13.049614753841354,7.149166407063916,11.68087516404462,27.196687381739252,28.29190250895226,11.684902014191154,12.002929202859212,9.647015807748453,0.7419373447293773,17.6156162077139,4.88090046385291,21.098066448092116,11.347500625166575,2.723365651879985,15.253308996175965,2.3995302990505247,21.703824080448783,1.9458041434369162,0.6871291082343823,0.7419373447293773,22.07337701256861,11.024942107231954,1.5912332077792541,1.0784095813505903,0.7514160886839212,8.576424474141263
76561199433753634,17.635961707061114,19.951938300822952,15.477744479422395,31.27897568849469,3.349904087274605,6.428597881542943,10.237538696390384,16.505819082815307,21.83933396271385,21.205561829667584,10.877631592977178,23.630750862577266,0.0,21.350907476057948,12.707533794024513,12.886603684028426,0.0,15.286561883520612,11.011375340449371,3.349904087274605,31.227801136829545,10.641654347669306,9.65901665408098,5.865555175794838,12.67783007299717,0.0,3.349904087274605,0.0,3.141130476243348,7.177893097092742
76561199439557760,0.0,0.0,0.0,0.0,0.0,0.0,0.0,0.0,0.0,0.0,0.0,0.0,0.0,0.0,0.0,0.0,0.0,0.0,0.0,0.0,0.0,0.0,0.0,0.0,0.0,0.0,0.0,0.0,0.0,0.0
76561199441452962,35.158209080965605,29.635218178503283,28.670328867218,28.166236097688635,15.97966761746785,19.34570407939606,11.94559113569234,2.9739977814079848,19.975948663253867,20.353601722706024,22.839895053294374,18.733480993334872,22.95450194325837,19.950720281853606,12.36510277503337,24.684008782361065,24.581599383355787,2.9739977814079848,34.44921010003346,3.782597457987688,6.296173523096603,21.935844708047853,18.43859398577535,7.698331756068053,3.4001968813285717,19.637512764342922,0.0,0.0,0.0,7.423549041085852
76561199441844249,19.3216166171487,13.889913323101132,48.93051877174773,21.066977095430374,21.955672697104152,27.70482513155176,27.637172455056522,19.772360770498704,7.8448442208269045,5.685346912500516,3.4249139082794713,0.0,0.0,29.376909187284134,17.814664616702153,0.0,12.012235406332131,0.0,5.2587758019274276,59.353341195452444,21.1924587532238,0.0,0.0,62.2909145548329,10.248336038795857,0.0,12.495558983315888,12.311588940612303,10.248336038795857,19.959026769309627
76561199442146005,21.76109652188277,4.282896668766692,62.17317104887218,41.55753884545961,55.65477268089544,34.595976156060104,37.67642279729831,10.962147610517235,24.770062348583792,3.3551534431607486,0.0,8.410697031158117,3.8062179465311696,29.051731872761593,16.64060548204961,10.992363922583124,11.092601392000818,0.0,18.082771225482805,75.97173260027314,6.977358764006692,15.021629041112146,3.7067193722422673,83.2349624230019,3.3551534431607486,11.023061012814981,7.983663230462996,14.60898679374867,0.0,22.32158068934688
76561199442822555,20.641831262571714,20.499102485920158,5.061612905327788,18.259014371189163,10.01465567811698,19.637012133727605,17.009415807529308,31.288962677370463,10.940431402237682,11.73466827603852,10.826096547890305,5.6530430310755,6.589374905172889,12.693103482757689,9.393854203606338,9.561750057844623,8.7097602335208,1.4398351280479207,14.168623374793567,15.873083442247502,24.306696335149446,4.20735176728844,12.778057985175545,0.0,16.695834493853596,3.4771517434270853,16.488302736920087,2.9928782045710847,15.91462863124168,1.4036429994545037
76561199442878224,30.435871030178497,38.12894441440158,37.79722189321554,29.645347246672554,9.374038012770773,25.080349098563133,11.633881052475104,21.83312155196516,19.368852926490092,22.136760975862384,19.686960691769293,7.501076599382731,32.52999405365363,16.727696605790914,7.941128775780349,8.064251152490137,5.290413210849923,7.858216141261478,18.424756185820993,0.0,25.857695628974838,21.613043987944447,30.96361738175261,5.182328345684347,2.5937610547000824,0.0,2.613739521630969,2.750470916986162,6.020301244034033,2.574137783515943
76561199443514192,43.590071025381675,30.269882596107035,16.2393720472321,47.9825806238863,28.72713559384548,26.794919520717702,28.509009394832283,21.77858538467517,31.67974982794549,25.379944945138583,13.56119236964967,20.676927677747717,1.691939133945844,21.969884566934308,38.7919661260178,29.819692474322284,19.586379266751337,7.375357534737125,22.83971912372117,21.457124995049515,22.94084082482956,16.468086340394837,8.82950283824589,8.696135258990562,18.428418174125795,10.621415642275991,7.59144890557884,3.7613303397721785,3.6826098411003407,25.246783090801397
76561199444606097,28.730881997172222,21.56465640853757,3.856933039110186,4.451312463244716,53.246584727367484,38.563344257497555,30.179156818575198,22.247094812901853,11.370219343893275,17.26665697158512,13.372385516103627,12.214605779247568,19.196918643704713,3.0301337002713233,5.893056060002793,19.682628430576486,0.0,0.0,45.42256369173304,27.923464197064423,4.62367785754383,7.775787307436574,21.739410492300838,1.2383742310432684,18.013841068853797,27.661670688158406,17.57403960562532,21.88028638629942,0.0,6.787230741842319
76561199447044530,31.52101910412847,24.826419558795664,26.69588508763086,78.62425189417371,11.920827693153889,20.428556580411403,47.76843260366002,44.14266280408622,68.83150616234728,28.346217298173684,18.827595095289954,23.227747640497615,4.7482310288287435,63.799465283563435,35.47995906418311,37.65737885943687,25.40709237229796,14.658188084741166,13.059769433810837,7.4568216166281776,17.790251369111708,15.530527447514203,27.304401937234402,4.614823443016229,13.161848932406988,12.911497403160267,6.118010189850958,3.6896291730044823,9.07882951954194,37.952806193009785
76561199447952692,34.442225254426894,23.57085275063383,29.814244061874753,47.018727409671364,23.621537005968168,17.06613217624422,35.32806366001681,40.88496740919848,40.398613968133304,22.94673198899475,8.850905207846502,9.884760957565263,0.0,46.66668099526306,11.698834654433805,24.33229679541182,40.315143039178,15.466448494681377,23.9545881008178,0.0,8.400137205595058,7.5416945587024005,8.850905207846502,0.0,16.423122345586492,5.596670425959568,2.0014800002101243,7.848769647355661,2.9349201341572337,24.8736033596755
76561199448991262,47.376615082788334,41.35121141746244,25.811970632028398,27.147995675774894,33.20237526132832,41.38957824173197,23.520920207262687,23.00881006419884,15.481211001746402,37.83424880706845,9.16863036870951,13.20268485693904,9.303630357288325,10.012343170003529,19.771724156348036,13.904287944531616,14.595787395506829,8.618979717976902,43.956408126089826,19.439926339381916,9.85597385593522,7.593268192541211,15.358636665816158,0.0,10.792123720891999,25.35911267722492,13.678930951142014,6.620252737080449,5.236112121204139,7.840627219657041
76561199464469677,13.472707836829127,22.09295060718769,7.044667948640976,55.23764823391913,9.760548814524858,15.257241229740432,24.947457282676005,25.556438175179974,41.48618610736758,13.902582625115867,5.0994273070345315,15.643495633234666,3.2913825156549485,41.34069675075076,11.315220648744832,22.432648908193258,16.582241204447598,0.0,13.372501257096067,8.783861190747576,10.725232221194506,18.095009582476262,23.197635036806894,6.3029881383652295,7.981280023751438,2.856470206220483,9.98770728376455,17.375746923907833,0.0,8.326348103518077
76561199469179667,49.39249040702182,66.14753264057805,17.51130407183008,82.59981211565294,13.789072741145723,11.945921957924693,17.41992531805595,51.449433010963205,31.474086303835875,41.623505509369764,25.59483366924938,19.632682171434528,0.0,40.866361544578496,30.121460606270347,54.507261356155325,23.609482813152272,0.0,22.743260498632523,0.0,58.525825104116166,23.57400133687009,11.257870166049624,0.0,26.076330001946587,4.74249437685131,18.550517614659757,3.5432754802551445,6.68317319347358,9.260894122968917
76561199469292362,0.0,0.0,0.0,0.0,0.0,0.0,0.0,0.0,0.0,0.0,0.0,0.0,0.0,0.0,0.0,0.0,0.0,0.0,0.0,0.0,0.0,0.0,0.0,0.0,0.0,0.0,0.0,0.0,0.0,0.0
76561199470080023,18.482880798718583,15.777265688324551,9.663075729979159,29.783890158897673,7.662500912912963,9.37017200175873,5.510843099809054,23.89835286780394,24.25673850777689,1.8601966307812834,4.274917805355988,2.855479370677447,2.9076358717741657,24.25673850777689,6.131012890585564,18.954689921594177,0.0,0.0,10.612688467728972,11.349669704678043,13.989718271650604,4.5589249183208045,1.7636857304004399,2.472530378719945,7.254925289823393,7.662500912912963,2.5737345009889627,5.171871849703995,1.7144463661253848,3.9054132087724924
76561199470418036,16.239312974686634,49.73455249802099,9.705929739734618,55.545414871049125,15.369859790634617,5.89246404141949,22.632634720393273,69.57761078706062,38.93978469998473,28.491724693657815,22.92273757066262,16.439378282765297,0.0,35.2807364292062,24.257558957366957,40.62749429985631,6.1662263508393504,3.195811885269649,15.481892398897987,3.746676552840153,40.52401022735924,9.976793648415846,17.141620481195798,3.746676552840153,65.83093423422046,6.4268298231340175,0.0,0.0,8.74904716065473,12.643142665053578
76561199470516845,49.3332116610333,26.94294627134247,32.50013724442813,49.53079372353751,5.803478477209419,16.049509326226286,22.477919671489627,24.259051580137804,39.47837212308296,17.539915971153714,27.158222123786963,9.382722280540534,0.0,40.70441965216745,29.60550900341183,20.768911808010078,32.167641829711286,6.621400858144123,7.692690808610883,6.4774830017222484,20.57439389152984,12.105642584212378,4.180980868881647,4.449334754429963,8.575181777234718,3.106826321059578,9.6458714352555,7.493038813666137,2.327277705584417,7.245906105981905
76561199471838775,28.88536652697659,22.76675224395207,15.28402241779239,60.153526085264375,15.25689910265357,15.168601179898463,34.158702872062584,31.876313221228035,13.349052532653506,33.19088788378395,23.826512139599103,46.612236410928816,10.395676963432066,13.349052532653506,8.291451918944162,8.507691674630966,17.758870677471766,14.819800292390637,7.775057258969625,15.25689910265357,45.79921810323848,17.86604855191266,14.165121684672567,4.640247712600788,40.41520667033793,14.754159578533091,30.30215499249356,23.88293371235048,46.5921938730346,19.192934890405596
76561199476865533,0.0,0.0,0.0,0.0,0.0,0.0,0.0,0.0,0.0,0.0,0.0,0.0,0.0,0.0,0.0,0.0,0.0,0.0,0.0,0.0,0.0,0.0,0.0,0.0,0.0,0.0,0.0,0.0,0.0,0.0
76561199478273259,62.16167291902816,43.26745289653595,26.5505900392243,33.695919093019704,15.286951647263903,25.51724632779787,10.662464506645808,42.52418576437657,22.78043436051927,7.259533282455431,28.603704399734326,13.422359231963716,18.16697296570459,23.605604299546734,20.573427627925984,32.73175019629975,3.0478502278160975,5.352433323472816,15.9249305350025,5.938485358715205,17.78150467124443,26.24513515329708,10.062512266366593,0.0,16.213363551308206,5.86595801186826,8.469580972077303,2.6195832197798796,3.318902138935325,2.6195832197798796
76561199478662488,47.594354537754995,31.480769984790523,21.033892999884827,12.021763421004147,49.703939723097484,38.90263135231377,12.021990628751626,26.395296977279173,8.310372768013947,31.145467832039493,13.11497166620204,6.901993896043039,25.689793265945575,4.354907204742964,19.918314990982466,22.924884526595545,8.01194505300074,10.20446501275653,35.05505509267912,21.53951944131758,4.287735185786962,7.9713120151993175,8.519618509952105,23.75395929776501,20.671489677792273,26.231287002163796,4.538815616833096,7.801223644426163,0.0,10.963745631409425
76561199479136443,25.386587463438627,41.64273997852531,6.22927045872186,35.33102501699262,6.212323795387478,2.0706530356467567,2.012232791986386,3.4114908879473305,19.674909343552656,8.539932795687772,27.9725611591427,9.5747897708026,0.0,7.6341855800286105,2.2945529212967815,13.217483057072045,12.674848616697787,0.0,11.221388698059709,2.2945529212967815,49.44478829146957,14.199157951143125,6.5366365236109925,0.0,2.702702594775615,7.430953757513388,10.150247449668475,1.4973884086254776,6.545565154355295,0.0
76561199479939042,0.0,0.0,0.0,0.0,0.0,0.0,0.0,0.0,0.0,0.0,0.0,0.0,0.0,0.0,0.0,0.0,0.0,0.0,0.0,0.0,0.0,0.0,0.0,0.0,0.0,0.0,0.0,0.0,0.0,0.0
76561199480061465,37.287765103889406,30.950734656584352,24.39959890477529,29.202968427953532,14.836818957407514,39.30279626968129,25.425096751359426,19.95347083238727,21.03662430741162,14.431524443498299,19.406513037239293,2.263844264677615,5.463530488447889,21.03662430741162,4.3990066547085656,1.5748464676644813,8.20380667624659,8.794715714778242,11.914179029766855,9.880461495099695,19.163632159544925,8.187435213626514,0.0,12.164815910523966,11.001900336054408,7.206879835798842,4.876223514044426,2.2267833795777636,9.43034424645931,5.753532178320333
76561199480220778,0.0,0.0,0.0,0.0,0.0,0.0,0.0,0.0,0.0,0.0,0.0,0.0,0.0,0.0,0.0,0.0,0.0,0.0,0.0,0.0,0.0,0.0,0.0,0.0,0.0,0.0,0.0,0.0,0.0,0.0
76561199483983127,18.341711410558673,23.81057750216143,12.343050930850081,49.2850465401279,6.749511023562209,3.6219320339073247,13.810318159371544,28.934664964598785,29.13358845044991,9.677603390115717,1.6194872482871019,15.02137047895024,1.322289031143978,33.49583377273558,19.791122065856303,18.18784904104541,15.149381999100598,10.319006742293725,12.30561154794337,0.5596157879354227,23.054260122341397,7.517446404897236,1.6639260977181702,0.6678293725756554,19.225907116998293,3.2939832973550063,1.890095369948917,0.0,0.7514160886839212,11.682041360743877
76561199484238062,42.889817474856976,26.097435965459205,44.92382667472979,23.273318958900788,13.358302973549016,46.02375936364186,10.277770098302561,4.986820629330216,17.41577445135934,17.646232363379312,35.83183156087535,5.7180797793570255,13.813103275680877,17.41577445135934,9.197757554824474,14.47374564443906,13.99903185836172,6.897796353092032,41.612984984579455,3.768845235751818,3.416742592997618,24.537716428471885,23.57862714176006,5.825603273490055,0.0,3.379973745210529,7.6798677408463805,0.0,0.0,6.897796353092032
76561199485777278,31.064084329879325,40.41754289348872,18.65426047483966,53.12325943203978,25.155948716862497,19.852289741012253,11.683870832355177,39.72629212514123,26.086066145802278,30.545746209362072,18.083364010268347,20.48742162363349,23.795544101591226,29.939597760627876,23.26861666452009,40.30458762298048,19.348320594799116,3.283914221047423,27.4826994491149,17.96147116841825,18.100041466345424,5.579541128938771,8.528141736758792,11.084773515616764,27.339582164731574,16.80895754146856,0.0,3.9967317333551002,3.1419947805322432,0.0
76561199487796611,41.765096528074686,38.05744672708016,26.469377330485322,31.857497121727295,12.165516619387194,39.17216281172023,20.833368843746417,23.677835854980987,26.05089335250822,18.274358647627256,36.91609150777789,8.97131639148062,18.494174569956662,19.843511299177766,12.5137270742116,2.631888840136646,3.005682604407159,0.0,34.081298871901836,6.18039753348959,28.131757594958692,17.842934223405965,24.570815186002783,3.1747149290824312,5.6190847826683505,6.707123304992522,16.906904766955794,5.458393314394671,5.482877665487663,6.207382053330452
76561199488596444,34.99301548896312,30.60828774706826,22.845919626650417,50.52516678669011,3.9259259105971376,6.382973722641227,10.63782378280333,10.249984827969445,29.25953013588203,19.155433257343418,26.212524540596327,29.32305836927754,5.916767670815021,25.647261784139936,29.275793717966728,25.561334873821302,23.27573792428654,2.719319793360441,14.217742769496095,0.0,29.225478598334803,18.04409695500344,14.312741288171427,0.0,10.327160287191031,0.0,5.916767670815021,0.0,3.2627013044082305,7.944265755324942
76561199489499857,32.48744517381534,23.17883261133503,12.527238760355747,45.44841120233452,16.22198584963014,22.450494190028273,26.52445333641525,27.526998088883456,36.82196822190147,18.257672839315124,0.0,6.429462593434209,4.354547518385586,37.77336729289505,24.446123617638353,22.753011599856396,17.002355192691738,6.555782633317824,19.21859927331884,4.588394253626101,6.439520324708284,12.643733588057168,2.143589361503588,4.436088592772412,14.196750342053098,11.041042539881742,6.731983615129689,6.717935324943469,1.9768549529047348,18.68215592106636
76561199489520002,34.64860733292474,37.45464294431322,15.389122627188328,27.629499673142405,60.44396287219207,34.8492381993218,17.98821715298587,39.939083358540245,26.55427930022242,25.633296582230017,5.627729021537441,14.267430959271888,11.196798140641713,24.69755108824426,6.666970151118605,29.80917854959468,15.914010192853352,2.928523523860541,36.06714762405746,22.97980129697136,0.0,5.664303328111887,12.357598969110747,9.54596068432723,17.652880136517336,34.234053726978225,10.317347010894187,8.088094898625721,4.501474949649326,9.471430548214784
76561199491642775,18.62367643458563,17.12546822942851,1.8764069432883397,35.41665947729392,11.082909003531748,4.079447905945999,28.05805284946144,29.681521894940357,18.953782579053044,20.030160529519964,12.00622546513921,18.222686823438465,2.8827875145378568,23.164404854607344,12.745777566360049,5.233298687486431,1.1249295969854831,1.3270750014599193,5.0721440551424655,6.455175657417406,30.405055478374347,11.259783323324804,5.8847953396531505,0.0,20.46468983960528,10.429243699793453,12.42678048238636,10.326126656217294,11.675479768067218,18.46054979528778
76561199499958759,73.51419852948452,54.67226488103852,46.42566730915988,33.783320437520764,30.833936470485966,53.95957822710305,22.163741653362628,33.90796683266741,20.042025075421073,32.762650478373935,38.44770340183471,11.133565990180463,40.999726539168655,14.273047866906921,10.173079442371034,25.796946472629216,14.273047866906921,0.0,40.211344244792635,8.16720838991335,5.632716026222341,12.088794310053725,37.639874589966624,8.16720838991335,20.126375567939817,26.625416949585183,5.500849963958122,4.077876369514794,8.424562331027804,13.555342146029393
76561199502416746,18.319917805626595,49.84684680311949,3.6566144935266607,53.21254642771075,20.51362296031262,16.555966902077337,16.101018553573752,47.365257800804166,56.53030747519595,18.322681429436972,22.56405561211857,29.797747020766327,19.882431854533955,53.50450590506829,7.869879427199464,30.775114088777556,3.6604799795922385,0.0,22.31605882149484,7.576849748421088,34.36655970797258,23.46449440892769,21.167393041731067,0.0,28.8970885097852,24.963398735614298,12.086043761555846,12.368867229741696,4.825750454899136,14.063693651340403
76561199504742246,35.453800636512504,14.379592191351009,14.141626986799666,36.401598013217594,64.20206858816894,33.956679276191245,67.5542908138653,39.43295013438536,24.474765232141458,32.35061987579421,2.422144328051685,14.658418205597897,6.365278328504884,18.986654293960765,28.244700532142524,34.16264737750561,14.922007066517878,0.0,40.59568855448363,23.039508094435128,8.509660894760625,10.159261107451304,13.068742607397006,2.327277705584417,31.05468697433536,35.8525208644244,19.245129266610576,22.590871173151093,0.0,36.638343963718135
76561199508808924,59.92536897087729,42.86961755718529,27.490762020731317,45.495106106617435,7.151992680076448,7.345904583689878,5.091447551744087,30.793711399471068,10.237156246902751,35.44385899643777,25.82839710842023,5.95927317018052,5.450385880170971,12.442128511029797,27.68252371092929,20.57021222139401,7.602113629779204,10.170901763547906,7.151992680076448,2.8864752876170416,33.50555167396818,13.769085423618009,3.351656936102019,2.8864752876170416,9.657452247985509,2.149433913499871,12.467461179627573,3.8830060563576536,16.202030759658626,2.2049722641270453
76561199509552956,41.08011631790049,77.04845029851886,15.561839828360911,52.433635515704026,13.300974766143957,16.342521936498176,25.614862948854178,55.28862642450582,12.70296429107178,37.87067986820654,37.95462083918866,23.63041048831337,2.7694588292308535,9.465235656930366,2.7166795278002644,18.783197014482955,11.279317129430655,0.0,16.733470363022334,6.48857007939354,47.71966351224825,0.0,8.44039574617757,0.0,24.92671009666095,3.4394560937792455,19.541778636089763,0.0,27.74096637959353,15.053576153635833
76561199510293669,29.738110765857197,40.35542778773923,7.238051520489583,57.807872887184345,12.83097077153818,8.549089602620732,26.4969518784517,39.743895721313756,33.68412655703949,26.393911387707075,12.20290037641336,25.62113036164448,2.431857428698185,33.74034669877038,31.853903106477777,37.32614891433242,8.756875444034206,6.65779356137547,15.32164652782645,9.802118037894994,29.85180623372045,4.359013860364809,1.9242486522741338,7.266043101532595,30.652586022289036,10.521410064807709,12.156644761498148,2.309560706730471,7.713170314510355,20.179750469110864
76561199511405134,0.0,0.0,0.0,0.0,0.0,0.0,0.0,0.0,0.0,0.0,0.0,0.0,0.0,0.0,0.0,0.0,0.0,0.0,0.0,0.0,0.0,0.0,0.0,0.0,0.0,0.0,0.0,0.0,0.0,0.0
76561199512269509,35.29587613694631,33.04001320885655,18.41843661705696,55.83495290047332,15.56512848508462,12.048830192794995,44.00524275529192,41.65934868774332,36.05509978203298,15.367143061469495,20.496146378917132,16.92358663089365,0.0,29.793060059657282,19.462564992219583,9.129566728901107,14.199679411870417,10.205042219786304,22.53076794265946,0.0,35.90220224501999,28.649070387304324,5.0479310788399525,3.7819143200811256,17.08622780960598,6.343887639724272,8.325075811832129,11.370720889599589,0.0,32.74736763786665
76561199512376287,5.433586623211696,11.657753668503174,0.6575200029167941,28.895085504099043,18.13092142027438,4.343415735546226,13.571487018919054,23.353343354942,11.636947294630158,10.57250078956764,1.4655675420143985,24.169177387522442,0.0,12.40885963558033,16.04166317388669,13.43697198012226,2.1656192379208883,0.0,6.153652446071195,1.6956156086751528,29.007470049464644,5.2658943764337,12.150022414377965,3.1611831506895514,15.098372200280895,5.642499448639282,13.696108212528255,3.131136910560194,28.30329651127966,4.212794042421645
76561199512732822,56.91897722778548,30.58188352870712,66.82766108999832,44.130355958600305,10.86871243501317,58.47392016030769,20.949960484591553,22.96884347864392,24.21360745500427,23.36374056661672,39.92958293720073,9.237575505716158,33.24125162540255,28.685589046748618,25.817481891622908,24.927400692663106,26.705506435817448,6.850889010698813,14.645883188037777,32.7519085237829,3.388787361585474,32.31938016339626,31.50208768111591,35.96991440514256,5.648516386884432,7.288532397822576,21.06120513785117,14.208368493197588,0.0,31.483993969021178
76561199514742019,0.0,0.0,0.0,0.0,0.0,0.0,0.0,0.0,0.0,0.0,0.0,0.0,0.0,0.0,0.0,0.0,0.0,0.0,0.0,0.0,0.0,0.0,0.0,0.0,0.0,0.0,0.0,0.0,0.0,0.0
76561199515983042,56.69495225660434,57.72924484369216,8.504691672047311,36.669948041030686,32.39983107237523,31.57384104827924,29.77115172719508,29.36220585824105,24.20487683011969,45.00343868357117,34.94369004557164,29.117462205486955,42.03355560385026,16.109670736289566,10.22372593022521,47.69113753166207,15.880225386295026,0.0,25.9525913747707,13.998295796816086,25.786037564658834,0.0,28.56267698855223,21.59842226851162,38.182720536881135,32.95897603912495,15.184639917671625,0.0,23.833853478574618,0.0
76561199517455475,52.46803033426233,51.61481528092816,22.00901288782939,68.26945666017753,10.039528356141076,15.345646847398744,35.714622848443845,49.222718842670844,39.43072966496566,53.033653424470806,13.453063394053565,11.412772059917048,4.647750633523209,42.2838821838455,49.53149490122711,48.08604264747375,29.373040334199242,3.3843902633457743,14.605554243966635,10.406400009620251,21.062377866785024,20.780591478528176,12.33932656668805,5.758649376097042,32.43199306113601,3.3013770463799443,18.06308116927635,8.841940530715025,9.855704091471043,18.507028279881514
76561199518636045,15.577221008232929,46.97297223242999,3.006672213592325,46.4225885773314,12.621193492501666,16.45292148648382,30.1627810339291,40.22457316480584,23.33297529315325,7.945307150888988,0.0,11.279163602330437,7.556177342113214,29.958808996119348,12.695057583601143,38.16264731786626,10.928397727191777,2.7644305345383176,14.8387185662589,14.194173822921721,29.970215046015365,10.730419759240394,10.755383457012272,7.664909120517109,32.82313536185169,5.44244974464073,12.08930993749061,4.942437820482245,17.644124459192554,5.767756774150673
76561199520743247,37.41013662589656,11.794725493583318,25.221316809760125,34.831819063656404,21.935432804135917,23.8137994105315,29.670476352909727,5.603079245133497,32.32502502634903,9.812880073244093,12.393490150502485,4.210759729439534,2.918851229218033,28.031752842616967,23.36601294445939,14.375052754829154,12.131132876533048,12.318674865524864,20.247377293812256,9.307664268271814,10.119468832819027,21.3887939919993,6.6333778065177516,1.1568811967920856,1.9712993830601329,15.364893262523186,11.552945797926164,7.709170289201412,5.003590537969551,27.294518897082057
76561199521001438,32.8332009591713,42.885919543750326,13.9928123594392,35.12923458198361,15.560223310630136,7.300472446273133,22.385496901148272,28.688261395618127,23.779457729294176,21.407340951000627,26.03396184766851,18.040738864601757,6.64075897315594,22.57958512258043,23.218822518143195,33.35318100883006,26.379932592170274,10.197178125023978,14.919151942785838,9.904369731701639,21.659424417171913,11.032654378119952,13.086563725926846,2.151762203259462,21.321198012394127,4.585375558659912,11.368571480436383,14.145211685125055,6.388076582155408,10.345222143197473
76561199526209117,30.42666415742071,33.77667234546973,21.624663413857633,41.23837164466155,10.99576802287012,12.611447205340925,4.387674405946472,13.037646293075726,38.54907281827767,9.969523622237892,3.746298944981423,4.638604962074329,3.4452142670789296,39.275463919237666,16.348472843387164,13.11489198605287,8.17526127020398,6.040881300643575,8.206764607490296,0.0,16.596634074487003,28.91964150362243,0.0,2.5360749363624,1.7967470107390942,10.99576802287012,0.0,0.0,0.0,4.387674405946472
76561199526487450,42.856126644705405,29.02362664665554,18.193958925501207,40.32930474731741,12.446841810390223,8.151607048996379,29.6317976573905,24.691340142658227,15.536296060193123,16.642284037110933,16.897305557822822,15.017944136870387,4.27430221608671,9.911086703151295,34.76388982677463,33.13954954255424,20.440340837393983,8.588999168010128,20.3696934696172,14.13551340516507,20.564765335555986,11.844308608490472,3.4506222649896783,4.98245801710908,15.873392252823004,3.0619880693310564,13.426794926574757,10.889762732014306,8.153739290178935,28.410681062525263
76561199527406968,52.240640517165446,55.32191246057819,20.1920250714445,35.146415211125756,9.105069363423588,31.814459130296996,3.4898185733156835,16.950096051873405,19.47381886430213,38.45855272185283,37.28218192273597,23.167742620243683,30.50892649547432,21.715063860555357,13.442958849051163,24.737565425138847,10.032173091767937,0.0,36.177535747521524,22.046101686204047,15.341744138896576,6.6626870028146215,39.65739560721896,7.403420319673731,16.63715540603285,13.87964133816605,11.196330420335768,3.110399348532117,0.0,0.0
76561199529575900,60.376504239196,23.25054304856346,49.01726912540303,69.41574840985115,18.718935533853053,47.82738916243345,36.006144318594735,20.419738931602346,59.52585703696808,15.093445994240996,22.801965911960284,5.650309613755838,4.148674906767148,63.528356596836616,37.81338991411477,16.70784352069063,29.084954606888385,20.770955355066715,33.83125627006943,7.382113786963449,17.23189371111759,36.637807146179334,0.0,0.0,8.501534430434258,11.69730885971469,0.0,0.0,0.0,41.96855845920615
76561199529590961,0.0,0.0,0.0,0.0,0.0,0.0,0.0,0.0,0.0,0.0,0.0,0.0,0.0,0.0,0.0,0.0,0.0,0.0,0.0,0.0,0.0,0.0,0.0,0.0,0.0,0.0,0.0,0.0,0.0,0.0
76561199530756303,16.935430764185124,21.784843878274774,2.0347056478384444,67.2418812832588,15.300272825315636,9.488877373698317,38.68504983288444,17.212231539718697,13.670889889975452,26.88482848202346,5.932805772996137,32.19844538750233,0.0,18.202924707600456,26.161431064165207,14.889116503344852,12.574674110654264,11.815830050042525,16.445231310689486,8.674305472797569,29.335057790959368,2.4973291697865574,14.340602958019124,1.691939133945844,10.578174381994003,2.9841656371825254,11.16026782186198,18.070984787542557,5.769938125035168,14.389810194095109
76561199537429327,53.27128605203278,49.71556517603757,45.90373328797131,18.729232432415778,3.8537580972961702,34.64312033602764,3.2714682749873716,10.367645217224133,21.646318767820905,17.612850503426344,45.77732063716004,16.63333394682546,13.533814259767679,19.361573672534035,8.420992375112947,12.741100937165172,18.761041827267427,7.543955317500322,31.38795975162593,0.0,16.922598325692014,20.36735781303179,23.01372445829947,0.0,0.0,0.0,8.926646071116915,0.0,0.0,3.2714682749873716
76561199538031995,0.0,0.0,0.0,0.0,0.0,0.0,0.0,0.0,0.0,0.0,0.0,0.0,0.0,0.0,0.0,0.0,0.0,0.0,0.0,0.0,0.0,0.0,0.0,0.0,0.0,0.0,0.0,0.0,0.0,0.0
76561199539087405,38.23559064838706,59.27236832973996,12.408153589224671,48.82384845414664,15.425724508373877,22.455275145430743,26.167516907878245,65.89064645184841,30.359058694903645,42.8978945255285,15.958247135390017,7.656362899306279,13.350653650280954,26.70211021303424,35.248843897312646,56.62281598140774,8.71322013222951,0.0,16.36387163580213,11.840976935982564,9.93569412788402,16.726960787702048,17.96433184626288,9.80073197441388,42.45707440495794,12.163023203965647,0.0,3.3488509012899463,11.07321508663917,11.37715150504171
76561199541793625,37.54224427985075,45.053990919547616,5.782654035266196,37.54360098342989,0.0,8.695237382979272,10.685251663109954,16.161557771779773,20.728482915837773,17.22281513319744,14.91388809011923,24.326022014531123,2.8408313123360287,15.150339252803539,14.44474164635754,21.010353994810593,30.66306923002741,0.0,11.738154560440591,9.300400302401142,56.84135886082118,4.740749480229915,25.466591833420114,0.0,8.772624035177165,0.0,16.895464444772678,3.594568774642695,27.29583299116417,2.770711962226921
76561199543961855,39.47672954334588,34.69052328453135,19.028342428881324,50.43784932380518,10.257140530526865,14.156600934411575,49.687167359799155,35.54932919181409,0.0,43.790060462662005,11.177784466378338,12.305753792802824,0.0,5.592936571360293,23.3633359768098,4.443597867136583,2.9322598505984176,16.287427661957008,1.9315214116032138,16.504794787958556,48.2252112761134,8.945650502945496,8.704706149537422,11.782357883388386,18.197760632614585,5.3944640145970535,19.064286246126148,15.890451964378048,26.985385900618912,13.955992019832843
76561199544472375,24.1402984700556,22.017595921171026,10.33337066465631,28.186768480423353,0.0,7.688427740273061,9.955843176588413,25.354410972310955,19.690542842197388,6.355490543234741,5.413974283169861,5.299784827300631,0.0,17.92667227777088,7.570572322335694,22.48458084938298,4.195893874461857,1.199964782928397,11.251305088325571,6.8633834913950365,18.29661132099754,6.078284387130578,2.842639367420166,4.5255857066452485,20.18374516886682,0.0,3.273891143920123,3.2048982724331716,16.488468901891547,2.3072143613777083
76561199545066123,26.38513284682363,23.682061764371017,33.571142467791276,34.7889837858544,20.253583188336137,30.4610986081551,14.026362825121566,9.117024362491858,31.11815839343081,16.63562280778586,17.71123571899708,7.116642814471125,7.151902618263066,31.017372934142998,19.878894050049,16.78943377861944,35.440267468802055,3.349202086543775,28.606132011520266,16.0299662904099,11.893444402353207,18.94353795429289,19.83131877798064,15.237362675893852,8.698490223564002,17.362895349419517,0.0,11.43125628778698,3.764218810659752,6.405558981914201
76561199546266669,43.49319280138983,37.6002792591472,36.99081194028451,42.493675103988416,19.670312286534024,22.89459281832962,29.84400178193918,23.10882724699908,9.939149309341413,24.562568384730323,22.476721585681357,15.118025708724916,19.704735337044596,9.939149309341413,12.662130422985475,16.435397527428123,22.41939929715474,10.494336145780858,0.0,3.022860940942244,15.5940927685729,13.175327481533186,16.634156275170085,0.0,14.556515028446507,0.0,10.557534918834227,5.560518156115773,17.860556889976444,15.814056453446376
76561199551749900,61.66043285348643,69.6405855312088,12.352501229429635,73.47990122171291,14.608618185872775,12.427831168134786,43.052767463832396,41.484107491059746,66.46700242658324,25.282232015965256,50.58109871615448,45.11458294987039,15.635365732606862,46.41410553268941,7.731592945610236,0.0,40.88656771519186,6.2272676273689465,9.630301240380726,28.83489329349721,93.07695161746827,14.996729747028915,27.1360780751195,23.011337670322423,7.254015174103033,8.38135055850383,28.206971219410967,29.421613152999594,7.484396732779258,25.790267140536507
76561199552824101,49.64350676165729,71.18643728347371,32.90479581952717,51.70923382561568,0.0,19.881426142846646,10.012178177220818,24.328574259757843,41.00529564567114,31.060435464062707,33.7077859797149,6.513619500965531,3.6506582412937387,42.756588983645486,16.0270242868647,29.414594018516645,11.319259389289673,3.6506582412937387,10.255697393723924,0.0,41.36495041933883,19.35884336209461,16.264089671128318,0.0,8.326550348554841,0.0,11.608831217385973,0.0,11.362033475173872,3.7853253523821886
76561199553177714,35.62999923193657,43.86721903731707,7.795437675018414,51.85599402100177,11.62658112068658,6.3658326154937175,34.42631960298096,45.836913377296796,16.03963769741452,42.2113452890217,21.325536471525414,27.848950440896882,2.5352828571130672,13.572749553129198,21.588610767055417,25.14452645039947,15.51130218161274,13.366362303535656,9.756474417855378,12.137909308286135,41.78287401017722,6.922976840968161,8.653112983043755,0.0,20.821305801564353,6.3547150247618,24.93915281736466,21.618724041500776,8.065353591226971,16.64807144166016
76561199557398352,38.26516016874204,32.954730021793075,25.876245383875027,45.93715037783077,14.284760362899846,10.730736491156302,20.945443753706478,25.79393159807837,24.309526638210404,29.577687027360184,22.707514543371328,23.07477490176041,0.0,28.060298576304984,27.802019831296413,41.30537627871737,9.702865810542402,5.335119773338803,24.476064593153787,5.356237157133803,32.38600825171593,26.924560470089656,11.763760831959596,0.0,13.704620700646611,3.0349529867072724,20.90039599164803,16.690420862678,6.7729549673345755,4.870729341352101
76561199557989035,25.539197792490324,18.290175916672787,16.156569385464206,42.02006052125258,7.23181876595641,15.639871401515963,19.564126338722442,10.258424863659881,24.128960446911602,7.86758576937522,6.66268918769385,4.325923105423961,1.5539252025038417,26.468229460586446,16.578522800143432,5.1972663018532925,9.786820946376347,7.25521940444069,19.428476799622892,2.8066579681873254,17.097403133976847,10.954689052372016,3.1822118404966093,3.285580747662191,0.0,5.310904796405006,9.474301032137733,8.936517467782313,0.0,7.294385120888667
76561199559728739,33.253411246846795,12.665904096353932,10.09349349883659,15.612267982447758,31.036498722408183,21.84475483946344,17.305095476208244,9.65029926288455,13.445358873606287,8.405872588069615,2.280339484046726,4.516994495084366,11.838298623272483,11.575764419915508,20.109020948093157,15.368374441416425,6.212490016870337,8.140134707484211,22.062746384911563,13.360685318201325,4.584922579703445,10.504091442957911,0.0,7.529824233070212,12.631738272249974,18.026778634007858,0.0,4.452368595730128,9.364320926257436,3.623140212399846
76561199559993324,25.346547323920333,37.94323187269362,5.401238780013094,37.73630777431748,14.082139740740878,5.860053650926611,6.160635782448266,35.03801954584211,15.256809970171227,16.169474847945676,19.189970390674713,12.507664427897772,0.0,18.67716066913369,26.782589068976755,40.07048580596664,5.296701061029739,4.391051537450549,10.590883223579528,6.3267275529042095,28.03996564326806,14.811961111981976,6.6331137676009435,0.0,18.479779620770604,7.701607186214915,10.829518405014191,2.7629549662714963,3.8701588013294472,8.021139588782628
76561199568067378,43.387213044324135,34.97615118918932,12.45129488486473,46.6160334526902,32.73979992350244,14.428949753037543,21.86585680357638,42.679556760897434,23.44269187827624,25.235742922618886,9.616318390190134,23.610509313314626,2.574899688314705,22.5150416906685,46.137992884348456,37.226687110130264,11.210726050522007,2.533696813957432,26.150067821255366,8.957770986279812,17.81635158873955,16.655832711841636,3.6216707044204863,0.0,28.676675366472633,20.8574135768821,5.617038334682851,2.574899688314705,5.617038334682851,16.20246531117023
76561199571958168,45.62463291304739,36.31906385002908,30.34440597582366,15.183888217758803,4.829672813339932,21.617445162263888,12.30582977802193,25.025074873953624,17.48700337760785,3.3790369769921416,39.28061518606145,3.3790369769921416,2.3841650799864684,7.106091661144623,10.840177601062154,10.86352729630545,7.681645561882001,2.194999882314108,4.824894137128544,2.341805806147327,14.277570280631881,23.829782352345717,4.174964026616422,2.169053700369523,4.829672813339932,0.0,0.0,2.341805806147327,0.0,12.614602245075615
76561199572634759,20.277349035714675,13.51713544543187,2.905807566026004,29.563580871023316,23.335505386852024,12.562461664276194,27.599258854563985,31.59133342359154,33.24361646077284,16.025889231193283,7.753532404831358,14.466560228059663,11.606244995227264,25.961894628611756,7.94487929111642,14.674121064697585,1.1085626195212777,5.157128156110224,18.851669023390414,15.862393346975608,33.97846005301374,10.668346615919138,10.326816647756047,3.7177098357818132,18.78959438207637,17.08833448308694,17.951623055013634,22.502081063568877,9.289248952000785,16.551266109035943
76561199575139982,31.486966864059685,36.87861835940532,17.333276514391617,68.41848994239524,10.593449937642102,17.7389896005243,25.340275349520383,30.11412886903614,28.221431647178402,25.04470405048349,4.719171859073725,20.201108949192268,5.850003512092098,40.42324453233512,24.589458000484566,26.97056267242835,14.76891938177842,11.988164472683362,18.785445346813535,7.159757081966913,18.484979935057613,15.489576341841357,2.300583090323373,2.559550192783766,28.01668254330125,6.950285059205898,6.218220366319644,8.769394552389366,2.7644305345383176,10.385773664475655
76561199579773295,51.80261347668429,27.927090543483917,9.854925502166765,54.06870160375448,19.320236348846368,4.200753528063898,17.093292595460152,23.599388107540637,18.72684329264853,36.39231664908064,8.7559849452833,11.485837158732329,9.191923711584002,20.233794593077718,42.58379016353377,44.61308299589892,32.31326354085792,4.411744404861876,19.171524949235252,0.0,14.427661471089333,19.62494856233371,4.653361123037761,4.327702435943282,14.78169014716277,14.985766825913977,4.327702435943282,7.257294906992728,3.680090948080857,11.546753424939105
76561199581122905,49.02685050667334,58.73493240557038,32.72523769710829,32.42453258854797,18.49961321313908,37.441338951139535,7.618957678656521,30.533884573853445,18.866849152207532,17.730913495809748,33.97625361504569,8.531249457605892,30.000435327947315,18.866849152207532,9.51515862284813,30.32083354500904,17.4145682147593,0.0,26.828221265555918,8.29938040628683,11.578340145368152,13.324484230037934,33.9859052110397,0.0,22.045487972836014,17.61884654540318,4.866918876413368,0.0,4.426641427432833,5.514758506802571
76561199587644940,33.099899493834556,24.89022909731957,19.25437041497964,38.63690517502399,12.589881594087412,4.6762584605837585,22.82794731427694,9.253542535028384,12.909399460502701,19.668353477429616,5.856687807932671,10.203730360767558,4.711690029365764,17.384137446403944,20.907127379405026,24.528521589121304,8.899356603297221,22.828780523939837,6.935224520971682,9.258569352425768,23.215457775421505,9.328474188501763,5.035978101768051,3.0252910757955354,5.343072735199793,3.0252910757955354,16.140176514900247,11.179820672762425,3.9575698203841165,12.018412242501507
76561199589158503,48.060932317033085,51.702045524695876,4.762558476236834,63.87762317013068,0.0,13.20557306422674,24.6064244820961,28.107604736558322,35.47127137639018,26.309250155083728,24.883172907194997,5.2700073941937395,0.0,29.353906120009164,13.356243915542729,8.093231878270593,2.1598687907924505,4.4997496685301925,5.084102584867008,0.0,53.12665564394241,20.70906574178006,3.3386125064705343,2.647592232065096,10.34667147150676,0.0,12.784715742431441,0.0,12.784715742431441,16.554547554806266
76561199589538204,26.240806407024895,35.16210510323079,4.17703913520599,61.22922172026361,0.0,0.0,12.974288976392293,28.805014129849024,18.71000398584977,43.37073122420861,15.60729013923508,34.02119757459148,3.6788291182604347,21.871318492193417,36.499093119219815,42.364514242179865,26.310958165020228,10.487324397937307,7.35169755465129,1.6639260977181702,3.7835849056524307,0.0,18.03850591951014,0.0,27.934246717364363,0.0,0.0,0.0,5.416484328495288,11.0940453004298
76561199589647383,0.0,0.0,0.0,0.0,0.0,0.0,0.0,0.0,0.0,0.0,0.0,0.0,0.0,0.0,0.0,0.0,0.0,0.0,0.0,0.0,0.0,0.0,0.0,0.0,0.0,0.0,0.0,0.0,0.0,0.0
76561199592008364,59.70859441441295,35.596836464461084,23.84732430194884,52.22888148668329,26.71259411758275,28.287075592126282,26.1222375069394,26.389732371953325,34.21937692319122,36.90309220256735,14.941467034451374,16.104077594408192,2.7536607123542622,26.278513479400363,37.98814124026169,20.51648870015363,30.1486399557286,11.237238342919682,11.622880189748319,8.19045600703187,19.06251715374979,9.744254647552976,3.706964921660321,0.0,16.619693242912327,15.343547547276408,8.367336114204319,7.798703230252497,9.179822090581697,13.571223598301053
76561199608316668,27.00885252341167,43.72739547172786,17.320868210409557,32.22572424680222,23.32844998744878,12.827144477932947,19.205129308379206,38.307937704261796,31.138527263214495,15.187946057492578,12.275030371666535,0.0,3.525772116243786,16.508258134588313,17.707624935081032,33.61975279631454,6.699252526207104,4.313367636016622,26.078774625270725,6.199230466377869,24.74182986377513,14.67492344646708,5.769668212889153,3.2771447329921766,15.90417971281601,6.885939025701241,8.872179698026564,0.0,4.738651577362572,5.854526707697428
76561199627864130,35.335574457154884,51.11966961908363,20.60934305367364,55.73859209584865,11.863869167274528,14.591446188628378,14.151377323929406,42.28875704935209,34.291135491188925,36.95809084397102,11.085268144219198,8.676752523222195,0.0,32.33756359011201,34.40078025688277,35.97427794869605,22.237963214040086,6.025260476539164,11.215451415852993,1.7715567619105355,33.18613730039046,12.789241599850122,9.681060248093377,2.0014800002101243,35.242805943579256,2.558776498354456,0.0,1.7715567619105355,8.87449356741156,11.627249960988124
76561199630639323,52.196335760551825,33.489316416375935,33.21222762743586,35.708062394203004,36.397610696017985,23.832100262792583,28.180789475474928,41.11194066106556,13.559109283878964,18.932289769720818,13.742986048149008,0.0,6.556005330177706,9.081772469400757,23.921714660521165,27.73465039586305,11.889577076009335,9.281393334737192,25.888932461736697,25.33595170280829,9.559854619211695,7.219399990341245,1.969905654611529,34.05505391878721,22.47680953917766,24.43638994257237,2.0693912058263346,3.834709902325476,3.694612985961697,14.416149420680133
76561199631745821,37.762064665495984,58.09696195908169,10.319875421504403,59.486993368303736,5.8354277981032645,17.395587365179416,20.526558538067615,42.20995512870021,44.34711254944801,37.338825230354544,7.358782234737918,31.113250272053975,2.2049722641270453,38.45808778748688,6.2938498700474526,19.14049804443264,21.617854852642722,6.4828902024998065,25.337548918077385,4.331127999240345,71.3441457661479,8.16811321824494,0.0,2.2049722641270453,27.058132738468483,2.2049722641270453,26.015328068097748,6.57810950495501,14.498885550517965,9.094112127006097
76561199638601866,32.79734249342191,50.548892630926865,40.657720979224074,22.56701657805783,9.792996296109738,25.875365155231698,21.42896673368766,29.031535757533536,8.244970760508307,43.60434008188196,27.708654535628312,21.78783802524012,15.513678874689937,7.086391720739352,3.2039652121324464,12.276868976046833,29.238753086334963,10.460452255162538,0.0,12.647813049363084,0.0,3.5380565643793527,14.651639621423211,4.382401564378955,15.089834287571081,7.1071917039548484,0.0,14.099654661157533,6.188013578351857,11.459183616160592
76561199639237662,23.803034734948625,21.711844740712372,23.273598871060887,50.54245747914204,7.314764495674143,14.31747476494431,20.30185037330172,20.950964962146266,43.48100776725458,3.7577056450437887,12.030728735980011,1.766441661243765,0.0,41.92918088942473,11.604390231708138,9.524962079352164,0.0,0.0,8.238494223128757,7.86500032046252,39.46906072323201,28.971592152514837,6.973052262414448,7.86500032046252,10.756790464314122,2.5160822672564502,4.193012734018802,0.0,3.3894621254437345,13.893849027127144
76561199642042062,53.68819587527274,7.642720086256072,46.868914364295385,24.14502213036883,17.297738372088112,13.85099795649983,11.776370489821147,3.075005454448499,8.817768959512561,27.76884419835079,23.885547318735966,16.33996630867778,22.251697347735014,6.381527481705842,33.31384109685458,2.4362414778067194,6.420594097143745,51.150612063006704,11.030073363001502,18.541562016697828,3.8051057230820686,2.4362414778067194,7.570505621246396,5.784388100784487,0.0,4.733915141878654,17.672889160812673,10.292465462419207,2.3933394562625097,4.857192696852678
76561199645738773,31.709848299675052,22.889007615082917,27.666230578750238,24.32797541919797,10.243722327523987,14.390141230388934,18.3780854586587,21.096105982413114,5.595965611311668,18.801765220559613,13.83772804700744,14.673608260081759,12.172230968049583,9.965413463778688,18.79485849506162,7.540557628580536,18.80367946169928,6.775473105758047,2.3045830956567186,1.8293763327993617,2.4203681286504293,13.676316686703595,9.312241443059964,9.060265839361847,8.982018624414975,8.205102780364404,5.8179656519237986,0.0,2.0215475632609334,20.89165813782851
76561199651398849,66.20827979913908,47.19278726535465,42.307931479908305,37.5543509587638,9.47857984356449,38.50609424430237,16.289454109629723,26.687072109027856,25.122236937202096,21.13848090034753,46.90494623844016,11.797945143664984,4.544995462952022,19.136287570782226,20.64956851837052,18.917433840086513,17.634509972520426,0.0,17.817080069741298,2.277267285009756,23.226972362736987,15.185394596858028,5.241217774507464,6.822262747961777,9.330814915606481,0.0,11.862386380868305,8.810186931948843,8.58126339040811,11.047343256422366
76561199651436954,28.084295560676107,22.257717724518656,7.576348446330748,40.36768980451609,14.709205708109007,9.06882370978028,29.363700892761305,46.45367360311887,36.70918727043179,15.020210507683394,6.894895545919876,8.003561383997278,6.454503982552085,33.70479803154235,7.943274046441674,20.29011376908598,1.5195132049061133,5.6668059414463094,13.985662176384434,14.070306115949155,42.886559226096345,10.433013167683395,1.851599469584072,5.269125397015146,13.841180368787155,6.221676061419616,3.604954219176175,5.4565536887602475,0.0,8.025889018165039
76561199653622095,47.18463438328759,42.09458954318211,14.852455150729833,72.64902493525491,15.141915270864953,21.809510287094994,37.29826100247372,60.820677461625664,51.400533041893645,24.741959369212868,20.83602457611132,22.305289631596366,10.169350439679658,49.14485987805726,24.302563936890675,47.818751743247375,28.04846185265589,10.937111939110167,18.042131756057817,5.905634290502789,32.19051181782578,3.9189986191645714,15.895263437656089,0.0,38.46437938936201,6.26489048201156,9.517902642244884,3.6230067099632284,24.067120491039457,26.404735442953072
76561199657362718,25.50031433048631,28.061474437509744,11.13259288799779,14.673501540500347,19.170855554411794,17.434039404539995,23.285182012743185,40.21111196193066,6.885713166710378,14.93521659393286,9.803463215629808,10.01297297085907,3.869950229006238,6.885713166710378,11.410947369372236,11.336793420474166,4.591882291661156,7.62136688152933,5.3405463004647284,9.21992423568847,8.934848093711897,2.2648832258100344,10.535737696820439,0.0,19.36227083647891,10.736009514621097,12.32028873078956,5.6614068433114815,8.114612644956974,14.80816720057814
76561199680990806,74.07023362476465,100.8696789004604,43.11161424082015,75.76191483622104,6.387098150636191,55.90048651069496,31.474713728269712,83.11164709315482,18.68053033257827,61.56993404287668,49.439894228931955,18.432254274745603,13.264268607210216,18.35341385173308,74.36252149389372,69.43988455549095,26.42950181219198,18.44210502408457,18.723660634659176,13.260365499159654,18.55335682211874,55.20352535682477,19.246011047419962,13.126942302109557,45.458713558135386,6.387098150636191,6.119747817398232,0.0,6.119747817398232,24.463441002557765
76561199681279488,0.0,0.0,0.0,0.0,0.0,0.0,0.0,0.0,0.0,0.0,0.0,0.0,0.0,0.0,0.0,0.0,0.0,0.0,0.0,0.0,0.0,0.0,0.0,0.0,0.0,0.0,0.0,0.0,0.0,0.0
76561199682596889,28.509696633771597,21.20604909532146,10.31113807987512,56.14269353274003,3.8051057230820686,11.991589918455805,17.970094386539717,18.523480775816566,22.215872427451703,23.75634888122168,16.188986796453854,23.018685061062083,12.895135632307351,22.215872427451703,23.82793664402121,20.580466991024835,13.105091530232952,0.0,14.326535470024533,3.7249702742582897,9.304358888670036,2.9014215940827497,22.040151727831283,1.9671123567059163,12.419236313626612,0.0,5.562963640634442,5.562963640634442,6.190225237853709,6.816308494645526
76561199687646290,31.58553403935531,21.124650860108222,15.28043249046746,27.883064704685903,38.33344998376913,25.29308908581365,22.371858571414126,33.18424390606126,21.150156551341112,18.66751719570812,5.7235909842880215,14.002818150094988,1.969905654611529,16.831153936705217,21.40188186219497,15.299594157385794,1.1939224684724346,5.199006514716757,31.96132074289324,15.193714787480472,18.309630585652812,20.070913039971494,4.228394570342356,2.9428587839469227,14.159892119928074,20.634263993909215,7.947500079763144,11.91141534798753,5.240804507546882,11.48970813284117
76561199688154793,35.80858235802138,45.63216705803883,12.483240726631854,42.90000075586396,3.2588654730843594,9.010653348883025,7.084184510071253,31.898624022906684,31.871888515089164,25.82677727331702,17.302627508217906,15.757312940603454,2.531313022602156,26.641729115201912,16.86359889641963,24.665980912576025,10.191203616785181,3.2588654730843594,6.057345916221495,0.0,17.50703724019569,9.51669427452568,13.42798186249117,0.0,18.061901595800016,0.0,14.854538899473445,3.2588654730843594,7.1839333079441445,7.546377633586751
76561199696739033,60.169096130718586,64.73905684741835,40.89377481061412,40.59552834436679,22.16386217066203,32.48304844785391,11.916994376018737,38.86767319137246,39.38343584539753,39.539480040678356,20.122203087118972,3.7443141610020367,2.2752138961979136,39.376776721858704,34.95761405694604,56.82660474097494,18.387317747027797,4.326150486614964,24.790357061787336,9.639069981506792,18.327984099813957,9.373129591942197,0.0,0.0,28.58451988311729,13.587800175623407,6.649712264451004,5.3133828599491615,8.821049070835095,5.059936438804004
76561199697755740,30.59645133166807,33.87826280866695,15.744950358516792,36.7480299955197,7.022868086082642,13.29210001795337,41.40332298236787,29.993935732667943,2.1198634561787513,29.161579319659786,18.652735427207187,21.57091356836047,5.484336246477824,15.24726623034018,8.012349432236984,18.760600132052176,26.795702904856434,26.405697250270872,2.0794415416798357,13.614923453105758,15.396336270664321,2.3997118037247684,11.334519666816774,0.0,22.34688699095795,0.0,28.24248401295111,20.008843376098483,6.6019550189686775,23.031658050802225
76561199698533340,33.64580880012552,63.73975206916766,19.98156332131539,60.87184547405343,19.60035818095671,21.15991408216272,22.168616966415343,75.38092124547694,25.45309896100561,31.91605677676583,23.44652216240703,13.277789965264638,9.835126046428245,32.42833667179992,25.69176969978715,45.09593130142818,12.750278531445867,4.255612709818223,7.82166000661074,12.774459931457361,24.767877872887254,9.630472208850424,22.203882269069926,7.15238552894408,51.17035491903708,19.031934806511092,11.86494570603508,9.178032694235903,10.812544563523574,9.690842954450346
76561199699572362,33.38180048846556,25.520956522348264,27.76063720633772,44.567845211117955,24.259979632387978,25.32139457941168,25.037574882143883,48.97896173089951,44.19004097648703,14.885077812588554,12.99715609751944,7.382205154011078,8.657264308948353,35.60251709728033,28.682278514421697,16.04638251936587,20.184343011576644,16.239299456169544,25.904347310448863,9.137626318328042,23.729466967184983,23.10286387369635,0.0,4.009694032601592,23.246238755136204,27.69461179013637,2.4265710727750367,2.4265710727750367,0.0,21.02788084954229
76561199729570190,46.32096629646257,44.33946041363839,60.86066891188769,11.256165514854874,11.65762231281835,55.178725903710706,10.6531328927662,8.33031936876505,11.992498652336872,24.1157179444642,51.49414946958808,17.192095957659983,11.234137982907383,9.330143410496792,6.6594046827799485,4.153713494028934,14.463397912612788,2.883682769745368,31.547172158253865,15.222354774189405,4.765586907393996,24.39170241062552,14.776545533121062,15.5904060816586,0.0,0.0,5.056755229709809,8.147828066660987,0.0,0.0
76561199729773816,48.48531400825497,66.48578716517443,20.872173980961907,42.956693290675155,25.09930954084238,17.613927798346054,21.709027969522168,59.66753527570057,30.605056389693658,24.310237541019315,37.528562366120916,7.9218380501161505,3.1642084235258925,21.542680594266777,17.728886385127545,21.691801652195462,24.247200013041837,3.487375077903208,15.73512149201293,5.316550134809097,31.110992737127322,21.576504697042708,8.289467269058349,2.9444389791664403,29.389198008846137,8.605203607200384,12.982669303224473,5.94302769551631,30.074085543161985,10.31202035179789
76561199738119259,31.978829423281997,49.15743929267953,12.638006596967209,42.41255664920309,28.57246123654183,10.327031943704739,20.6193053286632,51.01640623458471,30.777245546944936,33.47118253901381,9.87915986960083,13.312088772841328,3.0516399054922867,31.415092218076676,18.60826715015479,34.7866130282824,12.875008781087669,7.894618018850622,11.185453687476246,0.0,25.87645861902461,15.093445236666719,6.840841779815607,0.0,47.20658293800525,14.05659765113553,15.189060977399533,6.984576588133985,14.509255200517153,16.410655367138123
76561199739359982,44.98758499216139,33.38553785040421,22.60989505711789,57.836801792964245,19.569483875999424,29.226000591458078,25.510767605274932,25.112449410324544,39.13505899016272,17.223549884393258,16.820024061040836,15.013581496655881,4.263665306838804,43.933985110570426,30.81209569080167,22.900010102057053,7.466124003943374,12.583595488058068,16.046028727855365,18.058436582752453,35.88491211204593,21.185526215502417,4.615417502439641,28.042298085633668,3.2913825156549485,4.798926120407709,4.798926120407709,0.0,9.13737605329376,3.1144038032714896
76561199748150200,27.995481332976148,12.978382824028142,22.576620012593086,25.571696931823283,2.334083760053417,23.533997302234308,3.470179141976267,3.5386377907833935,22.211909566052018,3.546439930214689,14.313494641317117,12.318016713075075,4.602931682407391,21.10665273466524,15.95082098797981,2.1971801319040916,21.44269336194462,6.168616765866911,7.520282933710934,2.474856313934499,5.211014165163628,19.737670389344196,3.5313480661272005,0.0,0.0,4.808940073987915,0.0,0.7747271675523681,0.0,0.0
76561199750937606,32.69290556765975,27.539111402277285,28.850057140873783,42.45979994069744,6.836159272276734,7.064938157046344,20.324721107343287,19.5315321671097,20.152169932865572,2.9085390618516134,29.510806226423675,24.916775571362994,11.102343676503326,23.12871938700279,5.986769542803762,2.253394848803274,15.347466101373804,15.813613221754387,10.084212242015866,4.26579473912742,32.49258872002009,29.58864597544588,2.9882040071331994,0.0,0.0,0.0,9.660050271394628,8.46629949717791,4.353755752706852,9.793350644757162
76561199752752935,24.55911482077544,13.339908146550016,20.8994517695679,12.853203358076431,14.850013959948953,8.139754987161137,29.261356398055025,6.7670346194545195,3.3558512798952784,21.618568949835453,8.129464884135714,4.42290582755828,9.909029080269951,3.3558512798952784,15.841113335841714,12.609901936691076,7.019012846003585,4.094661212083241,12.006642895097142,13.27230660440882,3.4393405914401947,9.988818803770117,26.432694789685105,5.702180351942719,6.119304918585367,5.065935649480883,5.388112365664251,7.247934920391671,3.5364098604691625,9.26315129777619
76561199754121666,69.32072164769367,59.58129009079718,74.22043675634494,12.734704463869615,20.198775388700856,49.63470373817288,9.878997325089502,5.407844191075279,36.92521718071432,54.27268384244621,49.73918585480362,19.825709891884856,23.693030216268237,12.734704463869615,10.483875777462295,9.683070655519169,19.805758381318093,28.190392449622024,27.525635661495194,30.157202232143977,17.980569970415228,5.407844191075279,9.603960868814369,0.0,0.0,0.0,30.42753512648987,16.359796626685288,0.0,4.628593700931679
76561199755294671,8.337363326116197,5.590941774880889,5.738020038217299,9.634391499237873,29.0435912772473,7.08968580044242,6.830569167534787,12.68309480444396,4.937446130477895,9.650992786341023,1.3429953429747385,5.621629892762603,0.48858001481867097,0.4054651081081644,3.604630604420526,4.48724512852834,1.6267374095121616,10.288131521662326,1.4253948747418055,20.679418700144957,3.70721041079866,1.1305953345211606,6.486365798416016,2.5687881337687024,9.471239790768928,11.318940110689432,13.759953317312366,19.018564801463757,15.414813720338895,0.8020015854720274
76561199766435421,21.55484078083833,13.93298811008493,22.029920563470156,20.470993119299063,3.768750839420326,12.842996405535686,19.39508720799578,9.600408756524029,17.96171351599333,10.88769030453307,15.263947135828712,2.136530508663963,0.0,7.6578339265204285,18.65304343536599,14.600905451921381,10.708663526672277,4.378149126847429,7.627894708866689,5.747926943640385,6.588985248846342,17.01802839703187,3.6988768135642127,4.162781723775329,3.1054831375131102,4.026208466455131,1.2237754316221157,0.0,0.0,5.22695025019962
76561199780856085,26.740552138324873,17.84297758502857,43.858059781153784,23.184179824233727,38.136113422175626,32.66092500447017,31.31935072115313,10.12015803869522,10.0794728274275,8.198625841343315,13.787720411514515,12.022198851088458,18.203302704716606,30.10101059343378,30.707705705162507,7.796605952490901,14.543215476386647,0.0,19.323896367137994,71.66222449908152,5.637998734110198,16.586198322210986,20.082469674301684,61.08899304838917,4.055257173514054,4.055257173514054,8.139431651102845,13.361736575338231,8.720050521721674,22.85477998689319
76561199782026649,28.03103895251008,31.4979019547369,5.898503231560895,41.19559220491332,25.218114064426352,17.65732334624301,13.556329708001691,38.41068448447394,25.48982437651644,14.902290962578881,31.550321848646078,14.975486569054505,3.681351187693145,14.670949215799618,15.604836766803256,22.50617300925411,13.906046274735672,0.0,23.44028661877365,6.124573975718211,31.952615732712065,13.137886991135215,22.344871298816713,0.0,26.040170502095116,9.667364607135264,16.86425693058977,14.272407829625553,8.538565664291173,2.9652730660692823
76561199783971190,35.87334108858015,24.707795374159918,20.667465910567692,50.49616429883863,24.812252609811473,17.98447532027756,16.913253445860075,37.032785796799445,34.980302424807455,23.809175638118877,3.279782759771722,18.36260975600182,7.230393059291682,40.42985264704255,26.891592455570432,29.073767917060145,17.193902245262777,6.313351468986031,20.42937566023444,5.043930795493895,14.685061452906044,26.22152531991899,11.111391743910517,7.213520854824187,24.172199201013353,19.084167842632308,0.0,9.599139065089128,2.9014215940827497,19.609231065728018
76561199785196304,26.709277410914524,39.38586425901353,3.3351857760682404,23.694776298351975,6.157966252314626,7.028099831152126,7.540053047102128,38.33573024929052,17.09534340893974,27.08249389454292,17.029536604420347,16.85035791614772,3.952588967174808,9.956421466503583,6.80577057884182,14.516279092862433,18.50642846979726,0.0,2.0373166153791646,3.1823114206005867,15.020423109739236,1.6524974018945473,7.128689513151541,0.0,18.975275536073834,3.952588967174808,0.0,11.155583653563845,26.5217441946762,7.210619179970125
76561199786534958,39.59679679727826,79.63894243022568,14.594741932434431,57.73289865521771,24.860489004149557,2.624668592163159,35.83010732260478,79.79483667870333,22.33519555927409,47.37733254933047,16.862336548906857,38.81345913120874,0.0,27.83213831205204,7.529087395126666,14.45563373708686,8.416881066717146,5.2726405197580535,14.065401180013978,2.624668592163159,58.69823084652379,2.513656063073986,6.4772031054973285,8.156159045662584,45.74597849619664,10.610466777766353,37.15928650411038,16.989227730793324,7.250561697960872,16.16001061987044
76561199792770301,22.14820486841268,17.195073045148387,12.15180006161034,38.66231430243767,34.63524152117566,24.81859896930013,36.446782327049675,25.333276667261774,21.54008392072957,14.615048760227426,7.719919165913723,20.761655398854113,3.142167551783537,21.648622482139476,32.012500837304046,20.77122367925448,5.084479755343552,0.0,27.30547015627617,12.081708080979391,12.141666360071245,28.885376063315285,16.576963729702243,0.0,18.30813426367409,21.677472811733043,15.423564936661165,20.6918874287385,7.75096525247627,19.40632504597507
76561199795154363,36.622861394859626,58.321988554962765,6.024613015287457,57.616161174508434,4.068171687918078,13.259913301490815,25.80388176963951,58.82444123083168,24.88973895043679,43.03911276564798,34.85595104885103,10.643870043678346,0.0,18.7996741870892,11.058525881614038,18.72092727512016,8.82970391013222,3.2055879305412653,13.0923248690422,2.451005098112319,75.71729620856766,13.697117543334675,4.963121515000712,0.0,36.50578953630886,4.068171687918078,23.198760890926692,12.606233073425257,19.451261105859427,10.36974982914232
76561199795377753,29.323719332168533,24.153261793185944,16.039698290363933,25.220128671134646,48.20798387612611,16.104140842781813,42.035728165289946,37.61095516602252,22.925844825064992,20.934219800177594,11.282827384843024,9.355708451639083,10.75802258149713,21.331465098544786,32.522085085929554,37.7212360062747,6.926982093471114,3.6479689140069698,22.40931043967521,21.264060344845742,17.007238220345922,18.41745940934746,14.359582778225876,3.5056474830186195,31.58996739392185,21.82426712014277,5.32504843665679,14.31415599070452,2.6775909936175015,24.781261483379623
76561199795834891,22.69361769850168,35.94937463104324,32.5316767348543,28.18799153879676,27.583219040983717,27.19178423039273,15.48812028035067,26.027537034153518,24.95434076874984,24.275407123237773,10.251723524303566,3.7340296683627727,4.270675991750506,24.423550170015965,10.613263188874004,33.33569397630625,4.394726893877113,1.6034198401085376,15.263121057396887,12.030409341827523,12.017804317079971,22.871727742471563,6.7785001244903995,26.728661998774182,19.96932508009633,21.470929584965994,4.270675991750506,15.448931437050517,4.59107126160859,6.346833412497332
76561199798719870,30.14097883080915,23.254456633044423,8.529855891607623,40.50156483102248,3.4593153349968038,10.735613314121274,6.458666054073506,8.819322399614904,19.32334985335986,14.343630721122997,16.221726589084412,8.51957475475412,0.8754687373538999,13.943928865933165,27.173171044667512,16.973295802275494,3.3845892943852403,1.423142791480275,10.44383959277653,0.4510756193602166,16.99679474815844,5.679249128132316,4.212423850287702,2.054092963991394,6.963024409249279,0.8754687373538999,4.727074849388568,0.8754687373538999,3.4005304926744517,2.6491408878026066
76561199801101431,38.57378254685374,30.377998940049288,21.509732621436928,43.28313719164891,15.861375957648452,13.702776011851233,25.201365535436032,24.27203758921196,22.513672171640124,9.596280243231881,21.7526764240696,15.399631102669076,0.0,27.082301053232698,40.043786684605784,9.944042777606178,12.143462448577488,17.677808120258426,14.131443757499126,31.697701015481613,12.486959720088834,16.64660553473795,0.0,15.85958995572142,6.764904019577343,6.8423538790050085,0.0,6.913818758876761,5.09569309743623,12.592250145579744
76561199802479009,35.85451525313282,39.991894536247635,14.128363421155079,67.33312475455654,0.0,12.988476410274684,24.51109758390773,30.82631813083449,35.447515430951334,27.476731072203492,19.638717941083534,23.10629208759771,0.0,36.027466522182245,17.011897509209724,20.409108847649822,6.126694496368087,10.430014794178003,8.719985942815107,1.891604804197771,50.49595116557331,17.040687745149523,6.956788613583243,1.891604804197771,14.67721645612306,0.0,7.729647415432645,0.0,12.520997538416545,12.843794045878191
76561199803381158,29.943039098915506,25.119009039087825,17.58234285877721,25.866251746935912,24.28045575302047,13.574102349177677,13.953239086045404,13.857751008214006,11.244928289989685,11.918729510379087,11.208317629873802,11.847693565829367,2.7788192719904172,6.945115061677921,3.9560322353132245,3.954438609477947,8.134771923957283,11.915793533608834,15.741248478009972,1.8357763546448294,24.57199836102267,3.9560322353132245,9.821178518183249,2.4087452888224363,6.313113169123036,12.568141400969981,13.80013894330471,8.374031077744748,10.076128496787161,6.159718264231998
76561199807197342,50.29604753714248,28.1143653930288,29.57356180215777,48.700920930569055,23.61804097649548,23.459463387866496,40.4586341628675,35.447463275393126,17.211238126603714,22.621393937554075,21.101812645436212,22.473686370123687,2.238579763018133,17.211238126603714,38.661192420681814,41.05724032091134,11.70007136587965,8.937004827514265,10.624421340928343,6.098863633467863,19.41336860202833,15.30015742880607,16.74442805663302,0.0,15.013724982442442,7.815527689959266,11.24331278029303,6.743033925929162,17.30940670643487,20.685989126658093
76561199808319799,32.426945831888126,32.49783046477677,13.071280369467761,34.33060535939015,25.149835354260006,10.507875879066514,21.249098359153926,11.150018114872886,9.12634400889713,28.920984374085076,6.689830585706817,12.434812537521866,10.104858125526855,7.93180119301026,17.69165845443949,11.888282040934538,9.300681901181942,8.863137562592794,17.3549778574794,13.42294024955305,21.91649749880571,8.001657569000624,7.941854470189492,9.145858489234627,6.707984078852736,14.032825297153629,8.163928161392992,9.086959040413008,3.0339909856710814,10.87869980915634
76561199810023508,0.0,0.0,0.0,0.0,0.0,0.0,0.0,0.0,0.0,0.0,0.0,0.0,0.0,0.0,0.0,0.0,0.0,0.0,0.0,0.0,0.0,0.0,0.0,0.0,0.0,0.0,0.0,0.0,0.0,0.0
76561199811355494,0.0,0.0,0.0,0.0,0.0,0.0,0.0,0.0,0.0,0.0,0.0,0.0,0.0,0.0,0.0,0.0,0.0,0.0,0.0,0.0,0.0,0.0,0.0,0.0,0.0,0.0,0.0,0.0,0.0,0.0
76561199811370756,30.56046172378987,47.4428144018849,17.7660975630208,36.10344908165916,4.739089003553879,17.657883978380568,13.325786963006538,21.78581499035416,36.231098748580436,34.718232158263994,43.84210933452652,19.89903387535152,0.0,24.26116917296721,8.913374778684014,10.910164577209397,22.389198274029766,0.0,10.218592431047448,0.0,45.96873919516837,6.5291598266194155,13.22341946354971,2.4069451083182885,8.47221654389012,0.0,3.3978584803966405,2.3350522831315472,3.3978584803966405,5.281887634639565
76561199818269939,53.47071750906631,46.84980266402909,37.303883014540965,48.67878724263527,11.90194862848475,30.198081394735368,16.409460806711685,52.623271118733975,32.39491195564267,25.0186937248187,42.13369907449934,22.753244062934538,19.57922433455942,35.68788790762977,25.315143731783948,32.86901297648051,30.960944647615527,7.145740545138695,6.215787402769385,0.0,12.685617217905714,23.45323295185819,20.36984324408647,0.0,19.52398358788428,15.694156614181264,10.206251834504094,7.483358020419282,15.107199263558671,13.31162331022054
76561199819516004,43.42187528305794,20.61045544155413,14.462228402265485,43.126713749832064,7.811096951311314,6.4371771007147185,13.034668534364018,15.049072050423025,21.66563201269492,35.6873968361823,16.78216559331301,17.32271025262913,4.0004147625878765,25.242014435581712,32.96786470203871,24.003140938485217,22.107918906938796,8.713847820888251,7.2138378933264,5.770076460313913,29.226908700444532,9.50901480327045,4.223558313902086,0.0,12.853643957594088,3.435370118785961,11.313475425384471,8.927927583344339,6.850890661979671,10.142925308119729
76561199820531118,39.1238136125767,52.951329235841946,2.972975286431375,59.35147952473332,2.9714395809849465,0.0,18.1220704366823,42.62651810288949,12.951667915996307,41.74767957260903,17.26718437552157,34.563299518388604,0.0,10.782868287614141,19.757033221168733,20.056472418120443,20.687325747396642,0.0,7.853491427252429,0.0,36.69380295464884,0.0,9.411477575533782,0.0,11.711227026031827,0.0,11.2566984161836,17.59267139445911,5.460238492396811,11.442655700632475
76561199828159495,19.347384889697455,24.60434215455369,6.255473458402152,23.231010789279907,10.1931374331852,6.146741035831663,22.263351363617545,28.741095721004044,7.634837965561308,12.22010031929674,3.97837238596968,5.557156069721418,0.0,17.67827448509753,11.171917041971305,8.882608143394327,4.306710240364432,11.514225046342744,10.928867753464687,5.471372226491173,18.908936717691567,5.179503830108061,0.8415671856782186,4.390788140342455,12.193542750871687,5.673348586438586,7.646921573610365,1.0805840861487186,7.384557309142874,8.83248109500138
76561199835282867,35.691177470126476,31.619543123677488,21.668499142174344,36.81155189407836,19.64285575797057,24.07100869194101,13.682083526497845,14.893929064229567,21.17266570511987,22.61830609814906,21.562402406829733,17.728794601675496,7.372495015722915,15.463190249860077,32.55195095546177,26.356176806992906,5.55415654270036,2.424802725718295,31.208655055993674,18.911924688403044,17.92630610084422,24.740312426907995,13.296461445443013,25.472208257753582,11.959008930072335,11.29992824877682,5.578819978237999,2.768204123921957,2.424802725718295,17.554127777451452
76561199835618401,9.248776113658419,26.657401106094035,11.812711824345348,23.855003517391346,40.68205362088091,10.505445495601956,16.386389424049405,37.23007562155885,26.26000963482859,4.348081978620944,9.781968036171936,10.552010517201474,21.077414524618515,23.7692306687659,12.328569277582703,13.206667419929076,11.433742821772686,4.887856550645489,2.7587433154177283,18.11282399841555,28.445778957926393,14.07260866153273,8.234688254441723,7.5778231698461855,24.536463389845448,18.55947031939921,5.356439565797585,13.450805323331693,20.776741244678743,4.033355290595671
76561199836896572,65.36521390709308,87.82112546685147,0.0,130.4993234123833,0.0,6.945147398199199,35.3643096306118,57.78163390214968,123.85334295772158,28.79519299336194,58.88307476198709,0.0,0.0,116.7959742639112,6.96425847821587,58.01929386477062,36.931723821874826,0.0,21.699128454615774,0.0,110.33293845325748,51.14147184544371,22.207999053905944,0.0,21.05145711616044,0.0,7.378558588398437,0.0,7.378558588398437,27.97664926583984
76561199870547222,38.27835106362048,25.924011995347854,16.496192181464476,14.279382876638694,5.165868245199477,23.497311826200228,9.43372831711659,13.084953568601385,3.386841493912044,20.047859294358407,17.420226013337953,15.204617762425436,23.15622897208373,4.154908005696591,4.883151861350659,1.728109442151599,7.432379542126601,2.837322536806349,11.678440632440587,6.3495429097937715,5.209210158474326,4.216783409414678,17.1336337762082,17.42565803774862,2.4292177439274116,0.0,2.8166056076565553,0.0,13.962121701395295,3.2801590532850993
76561199872409865,38.85075792805465,51.04319539397337,31.866233514191673,21.964624877547095,8.163160601953477,21.43098756637246,13.102108679422665,27.8640012971146,20.35322810062766,21.663463194809268,24.726742962663106,9.282123810207416,6.282965568084153,23.808946676866004,10.755197580341424,29.88650132596286,4.319752215189378,3.595118074299462,9.926417737157442,4.430352405315044,15.921016142794,11.96680753417622,6.282965568084153,11.066824048226117,13.535263838239942,8.236897929180792,5.335584249139966,0.0,2.33214389523559,3.6876286722122837
76561199873886387,17.35592749983438,17.848965207540502,13.707424083738193,21.806949120987632,9.686434831895529,15.98351030901145,9.947121806766102,18.273033984887615,16.44657670463877,9.341781714106041,15.199202820779112,7.147529485214778,5.692179351360455,12.289768271879149,8.802923636675574,16.08640582017774,9.279634728445556,4.302766953688249,11.131134238784952,8.563027444515196,11.326571479233499,9.000606141550547,3.1957955118241026,4.606918656522208,9.588217203750082,7.861885539844483,3.0478502278160975,6.368379706410798,0.0,5.377028565079664
76561199875437136,23.23080174657585,11.5780332803643,18.97615536247272,16.051527059191056,18.964207621556675,27.0596569402792,7.397016867458299,9.31012612372289,5.579813737748551,17.6334687830233,2.59319288136203,10.02313904420756,8.368219453968512,8.071811522538235,14.146065939119216,9.602620064222211,4.21354141278583,2.7536607123542622,20.97105040885459,11.49514023324774,1.8764069432883397,8.472185209415553,5.665381851803592,19.492713427897797,2.8284963541780774,8.93764604576355,0.8109302162163288,5.507260162740361,4.281261792712154,1.9459101490553132
76561199875754390,33.828845828759896,8.435240832351939,12.428695305522801,40.162958821811415,13.1853934395401,11.987313220656503,16.476549134688316,13.136630421039554,34.525555747838446,11.677799912552395,7.114005887659876,11.524864879930862,0.22314355131420976,25.2858018657285,30.652312805032437,16.5050109775801,2.448415541205585,2.5617442265125883,13.512563957123948,5.570677657702006,11.442028558744767,13.484625948415895,3.9413414875329833,1.3217558399823195,7.952586085552645,8.812687669247286,0.2851789422336624,3.2406373166497136,0.0,22.895473577940738
76561199879374518,55.98121778275766,45.60424303907257,41.786954699653954,25.913252301007397,13.945790959235397,50.7664202718827,17.039956945440743,16.642781113754133,15.586082321291823,31.585392902597487,42.533887951113044,4.22053658745986,18.51118239683156,15.586082321291823,15.35330846973648,13.501048438653042,17.33924720926821,18.846733073733862,27.378430611740285,3.2268439945173775,13.93651156559052,24.01047237798504,21.258222922881913,0.0,8.200261900796818,0.0,11.729289349230488,3.173878458937465,3.2268439945173775,17.400348822389795
76561199882387137,20.997707231362867,24.228143370864977,40.527461316797954,10.910257517961892,11.716146442237767,26.42358397206703,5.599116162427851,8.391418835042693,10.910257517961892,8.825268525528905,24.653977759038153,9.617626321346282,22.848510991073024,10.910257517961892,2.9507349076232554,5.9630676445994375,8.89012658505525,2.8081971497071487,8.944934499003827,20.158514366494007,21.87153809697957,19.53827351339317,6.94503959930559,40.89530904112789,5.752361505427435,5.272206936829811,2.5974910105351463,12.319548785500917,2.5974910105351463,0.0
