steamid,tag__Atmospheric,tag__Open World,tag__Story Rich,tag__First-Person,tag__2D,tag__Great Soundtrack,tag__Funny,tag__Sandbox,tag__Shooter,tag__Exploration,tag__Third Person,tag__3D,tag__Fantasy,tag__FPS,tag__Horror,tag__Survival,tag__Sci-fi,tag__Puzzle,tag__Difficult,tag__Cute,tag__Realistic,tag__Gore,tag__Character Customization,tag__Anime,tag__Building,tag__Pixel Graphics,tag__Family Friendly,tag__Colorful,tag__Management,tag__Comedy,tag__Violent,tag__Tactical,tag__Psychological Horror,tag__Female Protagonist,tag__Relaxing,tag__Classic,tag__Action-Adventure,tag__Crafting,tag__Physics,tag__Choices Matter,tag__War,tag__Moddable,tag__Sexual Content,tag__Action RPG,tag__Dark,tag__Arcade,tag__Base Building,tag__Retro,tag__PvE,tag__Resource Management
76561197960612825,0.05284011585114934,0.059215301283446875,0.03741843473749953,0.03775286395975647,0.0,0.037545154133653454,0.02486449285102109,0.03745255942757834,0.016334188037621503,0.06580424245208488,0.037852155706761134,0.023115836016679332,0.029972896679281547,0.0327164082812663,0.031808057914427215,0.04098419641123268,0.039610731368295904,0.010163604946841574,0.01407440358683794,0.009919149448733644,0.009608640144078048,0.011764581061321527,0.03668267630749758,0.0,0.02956840677236471,0.0,0.016077907759981358,0.0038642664982500067,0.008928137768210467,0.005464011617182288,0.024579467634694378,0.0,0.012528969506930937,0.006048427753218806,0.0,0.00492773877428773,0.014302247357802745,0.025632899634929564,0.00804252386200928,0.019834327607910207,0.00492773877428773,0.010976166527506536,0.0049476641140709455,0.01475253855376024,0.017170055878009252,0.0038642664982500067,0.03401317943775658,0.005464011617182288,0.02156398851376903,0.005020366930569097
76561197961222873,0.058498712150598126,0.05325128650876917,0.02430263727315717,0.07663153884969807,0.011337920777590054,0.019135011770518854,0.0,0.03766814677786665,0.05020483838452606,0.04807930858224854,0.03209213690626715,0.0213809543841683,0.008617398287427663,0.047710308903212414,0.03417429823867324,0.05018639345420035,0.03394718415848538,0.00971453061729173,0.026395412895899396,0.00971453061729173,0.028545240391447412,0.023116717821899682,0.004068508980318262,0.015897887822650326,0.02871883996894105,0.006789031470480655,0.004548889307109401,0.005165641310182331,0.0,0.0,0.01135896263884095,0.02886100710554499,0.005700370345589385,0.0,0.0,0.022418241665075514,0.018518257035773627,0.041736655758184915,0.005868609113610786,0.0,0.015328517558289545,0.010642390083621911,0.0,0.006789031470480655,0.006757708815571618,0.01702070015706481,0.02120248748137257,0.006789031470480655,0.005868609113610786,0.005246113575967998
76561197961774441,0.04013955446509938,0.060352988018290935,0.043296050673439626,0.036290096532825465,0.006857424807112909,0.02006375047699211,0.007253830518024909,0.027375240178919864,0.030428707375384122,0.027156475547752024,0.04028886497808358,0.012902767731777532,0.06512588312967325,0.01666155470025435,0.019795102766622504,0.020358029869002172,0.020141057299804577,0.0,0.03842504604343953,0.0,0.037954833264035245,0.028290500933782475,0.07271454101223343,0.0,0.006624522760013078,0.0,0.006451012699941469,0.0,0.007304540575907527,0.0,0.02660697094622648,0.02973501790970471,0.006451755031836063,0.014039831288518222,0.0,0.0,0.006485922927673532,0.013872106941328642,0.0,0.05033120120708295,0.023795604111735667,0.03115547669731058,0.036568126218657925,0.02831497901571096,0.013309179838948972,0.0,0.006624522760013078,0.0,0.020456928746840165,0.0
76561197964052205,0.051431312914286494,0.07500188609877223,0.01664719960261332,0.0919791883815971,0.0,0.013085676926006908,0.010467772003990891,0.03432399398929409,0.06739363475899747,0.037763971783134835,0.022060172939267295,0.0163781826951777,0.004332088587159333,0.06230658892279707,0.019629200507811168,0.043917303926940515,0.0161321401905606,0.0,0.011643726924937484,0.0,0.04923542310063795,0.02687543573991801,0.03235039993348382,0.0,0.02477641351060464,0.0,0.014519312448913711,0.0,0.004401424196459495,0.015423705232329792,0.01820157421113429,0.014946355325498612,0.0,0.005496522098235189,0.0,0.011097043985699757,0.02757581420732661,0.03500184814784892,0.0,0.0,0.0077078076856197785,0.013508162989921956,0.005800355304302179,0.01962760745501667,0.006391793211259262,0.010213012495644127,0.023812908934577284,0.0,0.03854303863222355,0.0
76561197964909627,0.022755300324861834,0.04113814323556211,0.025257416501302952,0.018557413471420436,0.06523472995196221,0.03148232324130528,0.011102581354883376,0.042545605167726944,0.02270530835834408,0.031890988027642724,0.023608708132139306,0.024319541023778972,0.047831436329367094,0.013904294958652738,0.0,0.048187157045694165,0.027923795050511156,0.03441669283321997,0.022989136836617866,0.005506535913340139,0.0,0.009870513985964119,0.033535561462741566,0.010348661195299117,0.04010122904172489,0.020718898917809623,0.031920329805705805,0.02081774845082243,0.014029063944263575,0.004559683312442663,0.009870513985964119,0.02805490497669864,0.0,0.004504573459314996,0.02080794881312359,0.017218404142525214,0.0044712788660887445,0.023181602657970646,0.004390490246626012,0.004504573459314996,0.00709642969705549,0.01933646547748048,0.0,0.037892757116141325,0.0,0.012291725249702177,0.025631716548960463,0.0,0.017163754004687472,0.016324063423238538
76561197970412468,0.05618530672834847,0.06805148578500139,0.029855636200220942,0.07302659473532612,0.0,0.02094344967107725,0.009085526904397796,0.03793693489222458,0.07280873313101248,0.03790214681316223,0.01767752767983175,0.009387519545899939,0.01298626864795316,0.07280873313101248,0.031743739185153046,0.04520693741788654,0.018252302847367067,0.003788901265495462,0.035298220839731685,0.0,0.03562171312307805,0.0166420706160505,0.03473902802504781,0.0,0.011835928739857698,0.003198047442543649,0.0,0.0,0.0,0.010941215143085636,0.012463099468629536,0.05028569884249565,0.008944220608142643,0.005564830898987085,0.0,0.008946805945383926,0.0,0.027280752082480875,0.0,0.0059909024842538005,0.03340299976745874,0.036154235211546,0.0059909024842538005,0.020483998315761025,0.002665508944628511,0.0,0.0066182837452921145,0.0,0.009283792689920625,0.0
76561197970935355,0.05902188591918892,0.07070195272667897,0.028501605657955065,0.03393523817391609,0.016858632485108823,0.030809818052048812,0.015513550472101378,0.04000696977040646,0.029719754304624542,0.052161214346553075,0.04323119558895967,0.012260115871651565,0.012314872822400139,0.022129735001783873,0.01692907927656772,0.056500740178270024,0.046794044012930795,0.005030708689527482,0.03624650125024331,0.005306888441242646,0.012722684465055999,0.0,0.03711177744153557,0.0,0.028398681293736783,0.0,0.012314872822400139,0.0,0.016672921929631913,0.005365968728340842,0.02398210084838781,0.015929415655396625,0.0,0.0,0.0,0.0,0.01682820857598322,0.033552181208530985,0.0,0.005030708689527482,0.0054422690412900465,0.004935817307240034,0.0,0.04078836650359111,0.01659239587824163,0.0,0.03357614581924966,0.0,0.02838229945596405,0.028398681293736783
76561197975515451,0.06897005432286435,0.07986995896263671,0.0287418768118455,0.03252921513161523,0.025650490719067744,0.028931873225088802,0.0,0.048833204136951726,0.02346287508388966,0.05570540289899163,0.03743538977169177,0.005622433805186317,0.01990895444357614,0.028216533770487134,0.00962280088240495,0.0679852377233863,0.0456450869847216,0.004273932511422509,0.024276676363605434,0.00488266537560832,0.009258541451661089,0.0,0.030074218595051206,0.009671782294110353,0.03966639837761819,0.011170994247531929,0.009896366316608826,0.004259424907389433,0.016103947985128455,0.0,0.009953806914966846,0.01449526357738345,0.00433459498825285,0.00980323561831633,0.0,0.0,0.004273932511422509,0.0436174735323774,0.0,0.018866671373414128,0.0,0.011929113634520627,0.005519472029927836,0.01513446212620333,0.01318867823469966,0.0,0.03942707960445814,0.0,0.022685930768787225,0.016103947985128455
76561197976062269,0.06241479778228329,0.011843208360207623,0.04465846179829568,0.01851642118071113,0.04484148966413266,0.05152934268295434,0.012109067623343643,0.006273867236984228,0.02517377681028862,0.01430346609195887,0.025453640947358785,0.01840810765816927,0.10033826472162673,0.0122425539437269,0.018509464494574718,0.007096022480202299,0.012642612837590442,0.0,0.06300830243309462,0.005835200386359416,0.0,0.019998325946152598,0.033261381509842314,0.006475560172598857,0.014120030805268425,0.024835031844543116,0.006046857908198211,0.0078356721668543,0.007533402407764172,0.0,0.018689470745788656,0.056556262234960276,0.0,0.0,0.0,0.012642612837590442,0.0,0.0,0.006273867236984228,0.02133431307891386,0.039271368231995736,0.028223709553450747,0.007184505806158702,0.036870548173279935,0.024523319492701003,0.013385338227937995,0.019817194266623955,0.006860838499987567,0.013620784920751,0.01944153479779064
76561197977835402,0.0,0.0,0.0,0.0,0.0,0.0,0.0,0.0,0.0,0.0,0.0,0.0,0.0,0.0,0.0,0.0,0.0,0.0,0.0,0.0,0.0,0.0,0.0,0.0,0.0,0.0,0.0,0.0,0.0,0.0,0.0,0.0,0.0,0.0,0.0,0.0,0.0,0.0,0.0,0.0,0.0,0.0,0.0,0.0,0.0,0.0,0.0,0.0,0.0,0.0
76561197979876290,0.07328569717785176,0.05560185564001042,0.06420596886303946,0.0,0.0,0.06361257147835635,0.022667527185161778,0.04825576478235841,0.006228094350972686,0.03805749456653816,0.026359446132908006,0.02630408065494481,0.038522523197622116,0.0,0.0,0.02197302032501212,0.011297121654543576,0.01221286477302503,0.0050766168638364615,0.007105557503883226,0.029773084689045007,0.006233779169798377,0.038522523197622116,0.0,0.05333238164619487,0.0,0.03575785511109735,0.014034287779269974,0.058528527530974386,0.0,0.01690208828000135,0.0,0.005196145884779525,0.011659910109257873,0.0211398452831532,0.006782421149903403,0.031292246516353754,0.0,0.0,0.04967353744204919,0.0,0.008633239405891805,0.007688968570607165,0.012429604868607055,0.011061387285888806,0.0,0.016097721177736113,0.0,0.0,0.04449423975170442
76561197984511411,0.06268989361464969,0.048859131455424754,0.029812380853632803,0.07460029627335127,0.01691304778593446,0.020142293435449075,0.027982036514161826,0.037183322304533487,0.06854312774964638,0.032020759086750276,0.010520667565213563,0.00568020491767873,0.01115916952331098,0.07460029627335127,0.014244087077039379,0.04287302090657704,0.057489969061412675,0.01037999031373283,0.026678330672483836,0.0,0.02122322602450362,0.004672475563489004,0.027173351928669955,0.0,0.0272769935905874,0.01691304778593446,0.0,0.0,0.006019623944540318,0.021628563845232717,0.0,0.02276056381264462,0.0,0.005811549546188673,0.0,0.019653298757780133,0.004672475563489004,0.03661900618276658,0.015866210035433974,0.005342672939251679,0.011032835321648213,0.03125591360453143,0.005342672939251679,0.0058164965840593,0.0050748134289369225,0.0,0.006019623944540318,0.004672475563489004,0.016760459764156358,0.006019623944540318
76561197986853412,0.07325243795428653,0.07872381239866258,0.061761702647562707,0.040285489571781234,0.004976781374790996,0.051935752899744725,0.0,0.04542507354555657,0.02952100547642236,0.04295671697919216,0.053157324649418476,0.01153324853418948,0.03882865717484755,0.028399406109891577,0.020286866876986828,0.04793349835398316,0.03936306061461941,0.0,0.01137590190019721,0.0,0.035892667467765565,0.019824179187258612,0.036826021780997,0.010196080779105186,0.02052655754259445,0.004989469842270002,0.006479135292482447,0.0,0.0,0.0,0.031198214731391213,0.0066739964706890465,0.009456698413370159,0.006569969852083218,0.0,0.011466736459797981,0.015090518122280834,0.014974160438436185,0.0,0.010094043448356677,0.0,0.01838787227520278,0.0,0.0351254164301562,0.016130694884059205,0.0,0.010380829519569798,0.0,0.0,0.0
76561197988181270,0.0,0.0,0.0,0.0,0.0,0.0,0.0,0.0,0.0,0.0,0.0,0.0,0.0,0.0,0.0,0.0,0.0,0.0,0.0,0.0,0.0,0.0,0.0,0.0,0.0,0.0,0.0,0.0,0.0,0.0,0.0,0.0,0.0,0.0,0.0,0.0,0.0,0.0,0.0,0.0,0.0,0.0,0.0,0.0,0.0,0.0,0.0,0.0,0.0,0.0
76561197989427343,0.04905516393216873,0.03166419505455794,0.014492277909185714,0.09961271658426905,0.0,0.026630555471147326,0.05371161818617007,0.05986468701890439,0.07249940714432043,0.023617998158335058,0.026698617215448486,0.008002982601203098,0.014228796881187935,0.07112784714316882,0.017615202476993424,0.032859787645596994,0.01242784933060908,0.0040515994864654716,0.027011267047896956,0.012137044484904082,0.023908836702007573,0.003980135742274992,0.014228796881187935,0.006785348741477482,0.021957571304314808,0.0,0.0,0.008745049285445417,0.004224665626424479,0.024166522564647692,0.00758461998617458,0.04561498095878255,0.003663320182338853,0.009529757478554814,0.0,0.007852818014216095,0.0040515994864654716,0.026622705384070786,0.023720092953803052,0.0,0.01763233971986717,0.056824527011234034,0.0,0.014228796881187935,0.0,0.0,0.00405852693545387,0.0,0.009084708761112904,0.004224665626424479
76561197990751243,0.055624095800531716,0.047355519883017505,0.06181090849373961,0.04169763665979981,0.02253740337596286,0.05697936633804421,0.025439428408872988,0.0378829228638137,0.042196061359461315,0.015733163358227754,0.020691053082535823,0.022839258303947486,0.06483878624493235,0.031544656838729805,0.009956387806895211,0.004876637950070911,0.03763880625674222,0.005723101136302742,0.012163413822115119,0.00530831318126048,0.0063007741636841655,0.009957603788145447,0.04186527387315947,0.011772849432332868,0.014423352285006519,0.004862936893034816,0.00530831318126048,0.0,0.008700251148703778,0.015556939685332281,0.005124979127828845,0.06232505920277306,0.0,0.025634323465900395,0.0,0.004849331565578633,0.0,0.005582628991924802,0.010736450221740268,0.02568362496762536,0.036472792887472134,0.02952664471107123,0.009984220251795304,0.005139630735632472,0.010403063342973575,0.0,0.006464536251072388,0.0,0.02048749866094825,0.0
76561197991266305,0.040569558478277236,0.05930834327376676,0.016203183154744366,0.05608989823464465,0.011156878430126728,0.03243942741146979,0.035504586946918756,0.026464921838151304,0.04536083679255777,0.02049173080164469,0.04962767509203161,0.025855754364139956,0.03283781712627432,0.04169331056945819,0.006872302952977263,0.023113806941408667,0.01576824378673309,0.0,0.03496537517433271,0.012198226711102713,0.035317887782892805,0.03227738234428124,0.06522723380180113,0.0460720758927466,0.005823909692625535,0.00898665881824622,0.006489653522677249,0.0,0.013366566843756611,0.008602588334944313,0.028338221486732224,0.026713881327332885,0.0,0.007521187459756136,0.0,0.0,0.0,0.005823909692625535,0.004709666946971565,0.0,0.015823883813276172,0.02511049284435677,0.019768243190254598,0.03283781712627432,0.0,0.004921230374970976,0.005823909692625535,0.0,0.013921720930090954,0.0
76561197992664926,0.040464257006614573,0.045397300027917656,0.023798066364995474,0.0816143294459265,0.008469993533920887,0.041948565126853556,0.02539779482141319,0.03247598979320159,0.09341157287939454,0.015112643212249782,0.034589882559811935,0.009061013083965029,0.0,0.0739343335318324,0.0,0.01664591492411095,0.016414428265804908,0.0,0.01707522019645697,0.0,0.05135017986721215,0.034256083302346495,0.008313358509773487,0.0,0.008101069756031424,0.0,0.0,0.0,0.008101069756031424,0.023638612555145988,0.008474627204288047,0.05084800151322927,0.0,0.008313358509773487,0.0072416577140170905,0.02441735011819182,0.0073836380991905625,0.008275609367589322,0.023335295877232615,0.008313358509773487,0.044787798847827666,0.0252149034458438,0.007303115510002253,0.01569699660896405,0.0,0.007327359904462608,0.008469993533920887,0.0,0.018454193424729676,0.01657106328995231
76561197994874800,0.04435896478227059,0.04062335820734524,0.005699435551699739,0.06270907778446076,0.017622963867326247,0.046789998514977886,0.038053018038705436,0.03038335062862216,0.056073782024129,0.01726952135652848,0.031040089094792552,0.012246858499606486,0.024207270799226834,0.04962995037447386,0.024135675850099257,0.03711265068434162,0.01585932204788498,0.0,0.05992455724527932,0.006199190285478611,0.014534075086012174,0.017936485564620644,0.01981311748750648,0.012207868991138324,0.01600415554267919,0.011666563801096479,0.0,0.0,0.0061895324229109825,0.017486361818597942,0.012273222633496684,0.035310958739686614,0.007083737835288981,0.012207868991138324,0.0,0.012007459442766415,0.0,0.011093841618367212,0.016095188297217608,0.0,0.02876014462937109,0.04634334676961048,0.007083737835288981,0.030458739724135386,0.0,0.01770017905013531,0.011093841618367212,0.0,0.010521004040407395,0.0061895324229109825
76561197995444569,0.03964023851621857,0.025830957722906455,0.041337172930244345,0.01965304674886572,0.03392066941476763,0.07132904111498807,0.005957693764645429,0.06748701993189542,0.005390183855994555,0.0,0.0206470011031726,0.01177432206629599,0.052535350274538394,0.005390183855994555,0.011550446214689829,0.011280039450577511,0.03068938182862421,0.0,0.04115524820689489,0.005957693764645429,0.007942360085623556,0.005366311888883246,0.046805380224772083,0.0,0.005183956619733855,0.01109018374950029,0.0063841382103014335,0.00631472889845427,0.04658923490615054,0.0,0.023438252425989625,0.06336082512900039,0.0,0.005419711225036446,0.005542246667596268,0.011535250622702314,0.0,0.0,0.0,0.02452518066393243,0.06701261776523747,0.07272465208378734,0.013025240231690735,0.023329990098068125,0.005592752450044399,0.01109018374950029,0.005183956619733855,0.005547937081904023,0.012473720009427583,0.012995497826969998
76561197995730646,0.08082405370415557,0.03907739911988332,0.06900893613316923,0.047831771306928506,0.022709377750435134,0.05036962438943939,0.00952699760900157,0.0,0.06659341868014916,0.016933586422832353,0.020339025166567236,0.014178895229559892,0.004902689932616973,0.043632737009860006,0.05193044896612159,0.05320905643900671,0.03997957191139125,0.011108695657459656,0.03866350816571119,0.0,0.012525470428994831,0.04695299126010908,0.0,0.0,0.007215968927792726,0.007936160442644575,0.0,0.013893001388146286,0.0,0.0,0.03263335791169333,0.011022010290925763,0.019633253937215336,0.018853606018292224,0.0,0.017006729728566577,0.015516683452024985,0.0,0.004915044092287269,0.012409317301001366,0.014689200574893308,0.012388275739387852,0.0051825702530532295,0.01861185357011286,0.018861354583703534,0.004730911564991413,0.007215968927792726,0.0047195183505709636,0.00505098873371814,0.007215968927792726
76561197996331680,0.07508070943468287,0.08507607247343331,0.0467759572023041,0.031203862615348226,0.01571792106887529,0.05335341922279596,0.012641735221506764,0.025921178562423323,0.04101582534486175,0.04313263888688831,0.05861516565091103,0.01380311960431753,0.04186475099248695,0.031203862615348226,0.0,0.03128669068448898,0.031142205257241,0.0,0.05549287644354162,0.004776201943437143,0.012258067405918083,0.004912772045315624,0.05338083830732066,0.0,0.010941719125438147,0.010941719125438147,0.006480350019318428,0.0,0.005211357529606536,0.007639060127744796,0.021023060771413325,0.024841169715100402,0.0050882096251231475,0.009598618907488497,0.0,0.0,0.0,0.028300082583245824,0.0,0.0,0.0073227695849991,0.005211357529606536,0.004784005509143901,0.04379992188903649,0.020018708584573993,0.0,0.005211357529606536,0.0,0.009719303330062884,0.005211357529606536
76561198000672368,0.051922704463088026,0.08038022353326706,0.09298041016925764,0.030226981654452912,0.0,0.04583749482286355,0.017439863958899647,0.023512428372581076,0.029925597523504092,0.046862605372464526,0.05822634018068404,0.010967479090163776,0.05210655816579241,0.02381381250352989,0.0,0.028561918524572846,0.034748887398410734,0.006460192940918729,0.0,0.005431961564247491,0.011735917570962316,0.01842602864289154,0.06992084894231668,0.0167243230864943,0.0,0.0,0.006460192940918729,0.0,0.0,0.005319224618351857,0.01743138988500787,0.005397611984784184,0.00551654450184149,0.016621490609413276,0.0,0.011129527285057656,0.017437327814475354,0.010967479090163776,0.0,0.04192830527665472,0.0,0.011838470628895155,0.018687153424307885,0.05771943989174851,0.01733326356701617,0.0,0.0,0.0,0.0,0.0
76561198001075422,0.0693096396727582,0.06310414571742047,0.03901865858811821,0.05597855793602688,0.0,0.038071884366935003,0.004704692812394101,0.018963431266401543,0.07964674927519652,0.03551989886046383,0.03538579164012841,0.013142783934030585,0.004614969450361758,0.05597855793602688,0.02598849289449348,0.04439983129229866,0.04362781564053287,0.00423126717640454,0.01912130431460779,0.012142050425583112,0.027402177980997804,0.023669462382527512,0.014784419967802758,0.0,0.016337466388938026,0.004256472686154582,0.013902315919146153,0.02138353407424584,0.013902315919146153,0.010300990042954546,0.023434211800336932,0.00580085064765701,0.009477080788471594,0.009593067484598603,0.013902315919146153,0.008974151272753004,0.00998323423336121,0.023280820268616137,0.00423126717640454,0.004367531274551975,0.01109385107604917,0.016407352767986348,0.0,0.009354329902179579,0.009238343206052569,0.0,0.004195415963354914,0.004256472686154582,0.015992943995008092,0.0075270809752213536
76561198001198569,0.041980301328729215,0.06139746148795247,0.003841469847159324,0.05004811284484128,0.019551615919863926,0.005031316796315994,0.005031316796315994,0.0638114053728475,0.059683948701511426,0.021833808817805857,0.03407083315514395,0.008384670832460847,0.008166706918209672,0.04785071472646286,0.03607934330308437,0.08957704717636128,0.005727997850237185,0.0,0.0337927192083404,0.005031316796315994,0.046128749334511894,0.024762889613159783,0.02598755402573452,0.004951589988455876,0.0354607565072932,0.004312193424833154,0.008772240900652822,0.0,0.003353354036144853,0.0,0.032891416560890056,0.03518659614867886,0.0,0.013633616339707168,0.0,0.01700742777422607,0.0,0.04006139369715525,0.0,0.0,0.02410745570683969,0.025300859644678604,0.0,0.008166706918209672,0.004794440557666617,0.0,0.03129278556144377,0.0,0.009582511343613704,0.003353354036144853
76561198003022602,0.0572227377632442,0.06402448570366741,0.033603204924587765,0.026423878833406737,0.020990121869318038,0.05194825692816475,0.009872556049005917,0.0767863691246049,0.009514789176187567,0.037039922760899416,0.024386836576900942,0.005074427366510765,0.025092349655263708,0.010757759257089643,0.027123318894893694,0.04046952000707946,0.01633108496190034,0.004577899622662419,0.02353012184727994,0.0,0.010032614790083912,0.0,0.0374419636657922,0.0,0.031361351420632226,0.004572155211658363,0.0,0.0,0.032150457420538674,0.009872556049005917,0.0,0.04880798246425494,0.0,0.0,0.0,0.029139662354502386,0.004577899622662419,0.006614941879168216,0.005085836440214076,0.015363973557416647,0.038048082288969366,0.08055432374979132,0.02043840092392741,0.014409823276190345,0.014631905822787663,0.0,0.011658241455532424,0.004572155211658363,0.0,0.015896031072545634
76561198006572540,0.03593519393220172,0.09068834940676584,0.02551201556378402,0.03830477106324658,0.0,0.027136604640388938,0.009578217815825183,0.06859446625834406,0.012487105365448961,0.06261314141675434,0.03359594880097159,0.016705801670882543,0.035661345351112005,0.02517495987433561,0.014467075371300736,0.06782816983488461,0.029506626660089626,0.0,0.009262603857383003,0.0,0.020224215040982083,0.014417316893838508,0.024112581376994083,0.018438595353046573,0.053570389256273165,0.0,0.0,0.008603009366263662,0.009432070236239458,0.004844762054848859,0.00982517548422166,0.016609525107926,0.0,0.003984177401570535,0.0,0.003984177401570535,0.01681858226919558,0.048736264055917376,0.009211073915321492,0.0041849386970356905,0.015998257362824675,0.008903610797698169,0.0,0.031164279147245923,0.0,0.0,0.0391644733074133,0.0,0.03472012858985331,0.0
76561198006847070,0.05640576499022501,0.06196590275944087,0.011443141810413891,0.08539160905450542,0.0035603710455434177,0.015003512855957307,0.03967753660826778,0.0509073550608675,0.04500494601366681,0.03459757098011208,0.0414847827270097,0.019307307723797486,0.016946327127071437,0.040416683288659994,0.0037272475103559614,0.013363636681853624,0.009843839646673933,0.005074809818402956,0.02288771129146841,0.0022791892534331447,0.053541022734507906,0.013915923292590008,0.05145624934462276,0.0,0.010957466576380347,0.0,0.018312859868023088,0.010582296833422303,0.002572082746833274,0.01560399540298282,0.009576473024606824,0.026989573767885282,0.008303107579989158,0.0,0.010793618026048661,0.0,0.006998595779949338,0.010454742499880846,0.033740025848354255,0.0034787987447696457,0.022601671020988527,0.03601781140566044,0.017118307103888702,0.014010270039875787,0.003998888377505503,0.0204056816722507,0.0035197970351796915,0.0022791892534331447,0.010454742499880846,0.0030275632727634182
76561198007100949,0.07154349000456538,0.098449398563705,0.05190414843670315,0.02330061265210432,0.005354902070197511,0.037196406870424456,0.0,0.0444776945270175,0.005411938098350587,0.057373629978932514,0.06392659589547099,0.018779307417769456,0.05608930006028365,0.005411938098350587,0.0,0.026618339696399457,0.010543529490085957,0.0,0.03020901433627064,0.005248470706763403,0.005952137362688578,0.005059868721753776,0.08211001340763589,0.01081416469602205,0.02120640159804887,0.005354902070197511,0.007629352131612561,0.0,0.0,0.0,0.023905123879937224,0.005131591391735369,0.0,0.005059868721753776,0.0,0.005942955762113781,0.01610941219781902,0.02712921923760175,0.0,0.01680547644571563,0.0,0.017348475289415743,0.02272829408526851,0.0602364505716793,0.005059868721753776,0.0,0.015851499527851358,0.0,0.028726207276000986,0.0
76561198008475336,0.02234543903833225,0.032066582917046414,0.059698814862306125,0.013141672701857088,0.05424386503340226,0.01808421077291623,0.005104042089340688,0.011983490670505845,0.005796260173770855,0.02259205704872951,0.03211975138300431,0.06099734577033829,0.09027091136772543,0.005796260173770855,0.0,0.00618723049673499,0.022863510626470754,0.0,0.012691596839773753,0.009683684928587693,0.019501714603882246,0.01398897754021406,0.03315583712415549,0.03522619064716863,0.00618723049673499,0.061768782921656426,0.007880209530099496,0.02623802260408597,0.010616779153008874,0.0,0.008192717366443208,0.06530125504535246,0.0,0.01676113430950709,0.005104042089340688,0.0,0.012570533160290508,0.017674575249631196,0.0,0.0208467646440921,0.009717064316958362,0.0,0.005796260173770855,0.04938254209997496,0.011606640793502248,0.014566911286438122,0.01231802084787301,0.013053785745450571,0.036877281355755104,0.0
76561198008608067,0.06696525523877164,0.06410634874572738,0.024167449395319347,0.05052319124435346,0.0,0.039660985664891325,0.009426404590787248,0.055342701035067055,0.01573367546132945,0.017648014015413473,0.05293980187412867,0.025237230944577742,0.020018712302164936,0.011998658215217648,0.004102510164202937,0.030142756879443615,0.029645424154580137,0.008957232353327536,0.0,0.0048924010650762935,0.04131923954227046,0.007849921122063237,0.02942967657841629,0.003735017246111799,0.04165846824511414,0.0,0.03354957170220507,0.008747967752389035,0.044725187268080564,0.004482134790779842,0.01816617164453767,0.01959129989163945,0.0,0.008658382782736156,0.025047501082723297,0.005257147829159195,0.012732899110568158,0.012391980108519888,0.010608724596342387,0.009561332083553802,0.018518300097276487,0.046286830756173215,0.0050862345210061066,0.018334097329645197,0.004475097562547695,0.003879758351027271,0.016328878735326176,0.0,0.00401541200281297,0.01405401392259447
76561198008886047,0.04192555629198826,0.05302650951153235,0.012723104438937902,0.06298770941767992,0.0044323509817738365,0.023535632546793642,0.01696972541148582,0.06160519787316973,0.05065770652845809,0.02018827670850452,0.022754427767671732,0.004629746300524222,0.02035413475496607,0.04249855359028732,0.014032166244839146,0.04896114749833168,0.028075288736966197,0.0032353236351297817,0.02766059216080867,0.008845519582014206,0.04672763783087745,0.012774791829438773,0.034701995586891035,0.0,0.03674049599226533,0.0044323509817738365,0.012339979110961598,0.011370753017951813,0.018330150438553745,0.010477387796266176,0.0058476414957419525,0.03491708269846877,0.01302880627861621,0.0,0.013341614979279437,0.0,0.0067901020837027514,0.023741750255752574,0.010969495730720332,0.004616461249581545,0.036909373476792906,0.032565815817685986,0.010464102745323497,0.011936708856081142,0.0035547784485729698,0.0,0.007740773551099475,0.0,0.018303500446465715,0.008277779319272057
76561198009000791,0.05913105107523565,0.05733487924946436,0.007071252657762037,0.04634436068505449,0.0,0.051543147832495785,0.008981086168657563,0.07874085431469417,0.01989467903592958,0.0,0.023979364265065778,0.023368908724646247,0.005650155611373861,0.015784532739969336,0.0,0.01363046828080873,0.0,0.0,0.0087132800822073,0.0,0.06815966168971795,0.007071252657762037,0.017300368605452112,0.0,0.050513320148093996,0.0,0.02848655556617463,0.0,0.08110884957471132,0.0,0.007089872126488338,0.038300856656810114,0.0069165875278726615,0.0,0.01320587914903304,0.020270362662376973,0.0,0.011146522006978665,0.005650327654180943,0.0,0.04628938169271346,0.07956676603731952,0.007071252657762037,0.005758386010276931,0.0,0.0,0.0322872798604314,0.005650155611373861,0.0,0.04798834138110512
76561198010613920,0.05865442000739514,0.02816836067518686,0.042372997245080125,0.04669950959725912,0.022816676396397798,0.07699053486443788,0.009519404185979975,0.01951840529554156,0.06275674533444471,0.018040799397322903,0.03526649679811981,0.017578496082406508,0.011083064451572072,0.057813350338446416,0.03218395822101374,0.024307806489642588,0.05190438825918668,0.005183854149981638,0.030854923640820323,0.003919969436886208,0.0,0.021526434721543287,0.03410496632679435,0.0,0.014123382274720903,0.013693939103610872,0.011883295290954228,0.0,0.008827188597113006,0.003919969436886208,0.020936461583590256,0.028041519604493567,0.009103823586867846,0.009296270516766368,0.0,0.022244560961282016,0.0,0.0052961936776078945,0.004058966094570796,0.013216239953652578,0.027681856840666222,0.01917878717470638,0.006760965220419224,0.02850553157770058,0.008538378547239076,0.009661630139098406,0.010183878326609394,0.013581599575984616,0.0,0.0
76561198011617878,0.07521995627336024,0.04472971877770208,0.027919637566915914,0.045379639818175214,0.010570786871071628,0.03325145943446014,0.027353795444944245,0.03287663879117426,0.03318199053124294,0.032444846934924755,0.03331331729350196,0.02721067724948818,0.0478533968632855,0.03285726239913265,0.02874641275412214,0.03792455137851361,0.027619020557670255,0.0,0.025079951653026837,0.010570786871071628,0.011951063603946984,0.016728247167534856,0.05151072150940265,0.005469581273649596,0.010187232587455217,0.0,0.005436291031224394,0.005134495839847235,0.005423707499953485,0.009869196388012912,0.005717745740856412,0.0178376438696882,0.005988219095611485,0.0,0.0,0.0,0.029419336993322626,0.01787096423094456,0.0049609361905733,0.012990209861183051,0.0,0.016956069246686266,0.006481482330297389,0.046683684404406824,0.024153457042125317,0.0,0.015904978328311628,0.0,0.03922088830118153,0.0
76561198014439859,0.021285756900105424,0.015037802529778257,0.009448638578562549,0.06944864160159385,0.04205149575717274,0.04347726528311477,0.015326451086890751,0.005507316395101762,0.058040534777303754,0.015378830589115553,0.004954621484212992,0.0051907842838346445,0.04040578869023709,0.0632313190611384,0.026873929078174756,0.009547835816397624,0.03604993895380652,0.01506871572639342,0.028819826135273997,0.0,0.0051907842838346445,0.03611441263564236,0.012804751376065973,0.0,0.0,0.05227446257144287,0.0,0.0,0.0,0.010464095445790942,0.024551985505747432,0.0057024610275796805,0.0,0.010995863754780478,0.0,0.09628759183782822,0.0051907842838346445,0.0057024610275796805,0.004862355641099808,0.0,0.020131312404175688,0.027841068570868332,0.0051907842838346445,0.013194694222808685,0.010260410105296831,0.017711635917582593,0.004843481974325206,0.10058448891745948,0.004954621484212992,0.0
76561198014489715,0.05285425119057513,0.05569022625766698,0.033997967152728785,0.01739680321163257,0.03990118789023981,0.08912321254624092,0.02988301161232667,0.03560914608865053,0.01739680321163257,0.025726209334186623,0.01667012759645046,0.010305595387979425,0.007854004079566984,0.01739680321163257,0.0,0.008816123516883474,0.008816123516883474,0.007854004079566984,0.03684675206697698,0.018888899186587604,0.008776241354367349,0.008427437862974835,0.01667012759645046,0.011354958120261568,0.028689101486697784,0.02053951076452422,0.02802118139485443,0.0,0.06949710568466914,0.008147985927889742,0.008427437862974835,0.05132783746992149,0.0,0.0,0.02053951076452422,0.010974502814025197,0.007854004079566984,0.009832817448851441,0.008580679694749098,0.018560697395239762,0.019288977804705697,0.04185388256112684,0.008603223914832354,0.024941885414992624,0.007854004079566984,0.022061651435934346,0.0,0.0,0.0,0.008147985927889742
76561198014916777,0.07558045581833078,0.03272255673717106,0.07673816702795629,0.021744395212796194,0.04294552421671335,0.0733044411791306,0.021485014310241142,0.022057003982598813,0.01102880498787637,0.016440601604373304,0.011126651670727425,0.0,0.04208443358147725,0.01102880498787637,0.02568766024413545,0.03336356966425552,0.0,0.02018162560468391,0.03847806362928867,0.020817459710006935,0.017322268942358394,0.025962434883949764,0.010475640552587798,0.01160980035811343,0.010930352311871392,0.016443214308838126,0.009922566159090042,0.005869230576844706,0.0117196545575989,0.015662156247936605,0.026307022181672614,0.01679119444853352,0.010267905602962426,0.020754494399406836,0.011099311986757062,0.010108406445479614,0.0,0.02170686855189538,0.005504161708754516,0.03816265471530919,0.006293463954482025,0.022662590264396223,0.005524643279121855,0.021592365107462083,0.032628982451521564,0.005276453924452526,0.006293463954482025,0.0,0.0,0.006293463954482025
76561198014942184,0.0,0.0,0.0,0.0,0.0,0.0,0.0,0.0,0.0,0.0,0.0,0.0,0.0,0.0,0.0,0.0,0.0,0.0,0.0,0.0,0.0,0.0,0.0,0.0,0.0,0.0,0.0,0.0,0.0,0.0,0.0,0.0,0.0,0.0,0.0,0.0,0.0,0.0,0.0,0.0,0.0,0.0,0.0,0.0,0.0,0.0,0.0,0.0,0.0,0.0
76561198015886343,0.06217897223461025,0.0554805101765533,0.02322729645813423,0.09806027448617985,0.013067647805096167,0.0347835073148832,0.045246113106330164,0.035762105408908486,0.08991030847842392,0.0135752823158168,0.013628047446538975,0.007312262902043393,0.017866101494811715,0.06744897361168173,0.01373392148511053,0.02481697140850439,0.030590186395164646,0.0,0.029503171813463402,0.0,0.02003300508268596,0.014788767252868427,0.02424907615262709,0.009272540043375842,0.007385593449393304,0.007385593449393304,0.0,0.0056820543557028645,0.0,0.026361657348015433,0.013588002949297255,0.049704845025004045,0.006627324599453248,0.0,0.0,0.0056820543557028645,0.0,0.01700780915654524,0.0,0.0,0.02718219640957477,0.027542501121405143,0.013833642428068085,0.011238776895358469,0.0,0.011871743222126361,0.0,0.0056820543557028645,0.01868910800544429,0.0
76561198016615227,0.05275653002974877,0.08583565250795241,0.0354541423808404,0.029396750353795773,0.011728008590556126,0.03000139660561347,0.01176785906476819,0.05222024877569715,0.029303038068961642,0.03509487343401776,0.03985642042307367,0.0059302799255472735,0.04038681474697001,0.03593774492755287,0.023342232377020045,0.045863559573964395,0.023091060505647267,0.0,0.01770551197333132,0.0,0.005780281465393507,0.028038125727652494,0.05184365024893105,0.0,0.029399651448473285,0.00578071260908537,0.011710992534632642,0.0,0.0,0.006117463032269149,0.028202425743840277,0.012329440595583527,0.0,0.011383025700774202,0.0,0.01211340566319198,0.011082190292261786,0.03461891059784118,0.0,0.022665689372355705,0.00690919152451242,0.018585620302458732,0.0054477741547876305,0.03410306743800651,0.00574117723195974,0.006117463032269149,0.02351099703959104,0.0,0.017236074420783242,0.005610545558286976
76561198017488621,0.04583404674173551,0.033943332773648124,0.028147478512050843,0.03936106903846501,0.04575631728560086,0.04219672186116691,0.03310989868582589,0.028842280607613475,0.04908107425998199,0.03796645748342562,0.03963947975425771,0.0043355380014488375,0.026473913159349983,0.04369660703991384,0.0,0.027978660836518548,0.04190350085730022,0.004374617265503611,0.02030458473068475,0.010210001694394058,0.020492571711000666,0.013330234787788373,0.026873474542773466,0.004768449098984021,0.028842280607613475,0.027352673234372706,0.0,0.007666366871272839,0.0,0.02067508271556903,0.019754327538648853,0.022680301702784317,0.0,0.02387879801519036,0.010208616739840241,0.033194024095485095,0.004374617265503611,0.02369757217437533,0.009458945192682287,0.010506431061523056,0.0,0.029921355106469733,0.0043355380014488375,0.004293105191943874,0.004268680496860477,0.004713800705429806,0.013541239062518532,0.004909123313028003,0.010051951172537134,0.01305485900547011
76561198017725698,0.0,0.0,0.0,0.0,0.0,0.0,0.0,0.0,0.0,0.0,0.0,0.0,0.0,0.0,0.0,0.0,0.0,0.0,0.0,0.0,0.0,0.0,0.0,0.0,0.0,0.0,0.0,0.0,0.0,0.0,0.0,0.0,0.0,0.0,0.0,0.0,0.0,0.0,0.0,0.0,0.0,0.0,0.0,0.0,0.0,0.0,0.0,0.0,0.0,0.0
76561198021181507,0.050377659552434145,0.04719493176628876,0.014320788056360903,0.06264725313510493,0.009447834556498134,0.04273689215024649,0.02742655522231301,0.07048686069863003,0.06312430227335131,0.028529060810080963,0.028906502046507028,0.0,0.004686873324697561,0.05329309457641482,0.009849028277586014,0.024345502637336883,0.03672263390682655,0.0,0.0047895063263320185,0.0,0.04214331927793608,0.0045524805760741366,0.03426696416103568,0.004667285233992543,0.026290985811039294,0.0,0.010490265376776504,0.0,0.015894115533269155,0.016946162550550068,0.0,0.05901974865587255,0.0,0.0047479658625053005,0.0,0.010030154221530455,0.0,0.004897559661209899,0.006352885877764656,0.0047479658625053005,0.042977605906467244,0.0646909564754858,0.0,0.014320788056360903,0.009849028277586014,0.0,0.009632636029668738,0.0,0.02548129844208822,0.00911454883327187
76561198021642939,0.021356910039272554,0.05416040685219503,0.016801613434518543,0.05029454097450324,0.02178601196675684,0.005845517540913596,0.017743042483847282,0.05566607498204107,0.01658173809145019,0.038535025949358676,0.011496505039301644,0.03831031434287838,0.04032695639597615,0.0271172819063383,0.016293868645967064,0.060312040060304495,0.03260501365417968,0.0,0.025010349271606253,0.0,0.015645860636906324,0.02297431845463154,0.030057581137196254,0.0,0.03850089173682586,0.005685913045644427,0.0,0.0,0.011331044210376685,0.0,0.015884147669473686,0.03201825770568322,0.010955106760042447,0.010524115528683261,0.0,0.0,0.005344033330643427,0.04911630978084301,0.006491068422510698,0.016801613434518543,0.004900254618816813,0.02322856915331037,0.011395156914095556,0.028617914660398223,0.015548992100051619,0.0,0.039029728652529454,0.0,0.03337825430576234,0.0223276561096472
76561198022647651,0.046779050292406026,0.03655829891730578,0.02021967912973006,0.046829445582641425,0.04514845041512133,0.03256509099756804,0.031668722619484925,0.05151499511055604,0.030803971955450423,0.009866754270926294,0.011732198069923289,0.014042382505372146,0.004499547405525211,0.022312914920400283,0.028417713378921478,0.044675859688970004,0.005418105588920041,0.03283528676333471,0.03312811666945259,0.014637109087563945,0.05993751811165282,0.04499527938802131,0.0,0.004800811578054757,0.029093004248200178,0.009458444610084743,0.018998022552830812,0.004499547405525211,0.009363578381196782,0.018413571298644626,0.041448438968226795,0.03388809454092403,0.014463784105418574,0.0,0.0,0.01663502506242794,0.008811268989320598,0.019407995258462457,0.018081191310404924,0.0,0.014200836721571616,0.00563977071724135,0.01570518465049299,0.0,0.004761418986091465,0.00394547279227674,0.022770953614495222,0.004087175002576611,0.0,0.01293991833628332
76561198023268375,0.0,0.0,0.0,0.0,0.0,0.0,0.0,0.0,0.0,0.0,0.0,0.0,0.0,0.0,0.0,0.0,0.0,0.0,0.0,0.0,0.0,0.0,0.0,0.0,0.0,0.0,0.0,0.0,0.0,0.0,0.0,0.0,0.0,0.0,0.0,0.0,0.0,0.0,0.0,0.0,0.0,0.0,0.0,0.0,0.0,0.0,0.0,0.0,0.0,0.0
76561198023629256,0.03877454108798287,0.046021200649268755,0.0181071923845191,0.06793097370177048,0.01629007676117774,0.018135097656087625,0.05718758074748673,0.05474570298992257,0.03913334774407292,0.020146642589580783,0.02142196271607143,0.010187573431296797,0.029453265467874714,0.032637207650896796,0.024944194033164127,0.012961899505378158,0.025528961492250424,0.0029905106025132798,0.008692171931980065,0.03208558334221297,0.03390105141685486,0.023035889845912132,0.02541998574649133,0.010616619321277315,0.014268915647270423,0.01064404219453199,0.022753220310830102,0.01913784877542398,0.0,0.03330004880744683,0.026436609877525625,0.01701771335876892,0.015998977389345467,0.007587856547180663,0.0027378667572046963,0.004447949505641848,0.002977010314641986,0.009893270584562854,0.02604902613143214,0.007450813342185206,0.016191115953765784,0.034522469863246454,0.0038532919637118473,0.010089626771972416,0.006956176036589129,0.0,0.003397130491386726,0.006956176036589129,0.02063552778686113,0.006348082735840617
76561198024043746,0.060017300065935086,0.047602793483203905,0.03245611352105767,0.05617353149554256,0.0044648937366891855,0.040365424537999045,0.033887078368506574,0.06089306618550047,0.05706235813951165,0.026492777196556395,0.04997382149455992,0.004186371855608008,0.0,0.05349775885213875,0.027890870087501088,0.03835355518916827,0.024343084281035987,0.0,0.0068399453969336865,0.0,0.03069046815460365,0.028548279671955907,0.01996314771790648,0.007601521281338948,0.033499380440350335,0.0,0.02161444331874367,0.008072217412369251,0.017696565054168917,0.026872715531082416,0.024064666525269097,0.004990656197950813,0.0068399453969336865,0.00893336552744104,0.004186371855608008,0.00889128003805951,0.003786062711412554,0.003776474825373637,0.015827736868912378,0.0,0.004412477195846059,0.039635883722235636,0.015052757482304061,0.01518688825487768,0.0,0.004164172753529877,0.011957026770196267,0.0,0.0,0.00923475140408176
76561198025419566,0.05135264240908979,0.03497969138131111,0.035874411811742765,0.00986301359686406,0.07416590547597876,0.030590575055541427,0.06153633525181798,0.035668239156219736,0.004831803996361868,0.03176420552003157,0.012466442793741952,0.0061934323091493515,0.010934969374829493,0.0025608830052463605,0.023683293568719992,0.0457843960860809,0.01417452592521588,0.025042880891230787,0.028848931085176915,0.03452979926061601,0.0,0.014169361622776442,0.014989536194864456,0.005823926132931335,0.03179174518573556,0.05543199881505498,0.03109723449836239,0.036067519319263636,0.010524694432507121,0.027892135393114324,0.011795790028528604,0.0,0.018697367929027525,0.01638502479684358,0.016547974844342346,0.011246045979011115,0.006337871483601074,0.029903731926051214,0.006773358099950131,0.002421234431658399,0.003964299889353235,0.00445017207071149,0.015753511344193883,0.0,0.0126198474837522,0.0034503545386834968,0.0064413099379185875,0.0245465406712,0.0,0.006031034995596218
76561198025420677,0.05191733952372189,0.06957134769990088,0.025568089443660427,0.07449945036246175,0.010584559465089124,0.015178136398810339,0.005793525770030915,0.0475591584021885,0.05750625189739507,0.04916194457475235,0.05007579042055548,0.04996932167032367,0.015137212980286701,0.05351613044469095,0.030167648596128933,0.021223236297790316,0.05881940167312961,0.0,0.02290772143245122,0.008666320084337441,0.012933805410459558,0.002898937966881301,0.015137212980286701,0.024958382368956932,0.007669542345494311,0.005546979694665546,0.0,0.0,0.007669542345494311,0.0,0.0064926098092358475,0.012933805410459558,0.00801049642348616,0.011504045927084653,0.002872794314306527,0.0,0.004918862167947365,0.02010179929388958,0.004485086897093948,0.0035936718423545465,0.014519954340672204,0.010034867443578257,0.019638035580570815,0.02835373502044656,0.0,0.005546979694665546,0.017881513016862173,0.005546979694665546,0.02892777287273645,0.0
76561198025710872,0.06480430817969567,0.07600499743020156,0.056285864174840564,0.034774987604589074,0.03485330226973622,0.02409647285533775,0.020347796356298773,0.05398007806376846,0.015107501771125643,0.05262554764688774,0.010347497826681155,0.015047720542672645,0.02483182627513898,0.02422119237147662,0.004637359012724151,0.050396990444972846,0.03952570571370771,0.0,0.014858092487175617,0.004575011788144826,0.02051591787054189,0.0047600039444444875,0.050296497525739704,0.004575011788144826,0.03435641065335049,0.024284829040448593,0.0,0.0,0.01492712245276781,0.0,0.0047600039444444875,0.0,0.0,0.0043811152522610485,0.01397163555549918,0.0,0.009304158941111609,0.03825917825508589,0.005508106612541563,0.025500320907314616,0.0,0.030102505169963434,0.02456974783469171,0.015304470481195896,0.0,0.004616570241280522,0.019401497908620516,0.0043811152522610485,0.024901527553114745,0.0
76561198026512221,0.027066568013077726,0.11208105941083206,0.008330055027141197,0.05299384952786353,0.0,0.017336508439311806,0.008211936487836864,0.0846463132444393,0.027445498304419183,0.050751703472822624,0.04461175459352654,0.008990689084236126,0.03808602751738385,0.04109437781819283,0.013506917051331998,0.06559089699378101,0.02554045819571337,0.00411898262754464,0.013989236576259348,0.004068642888548734,0.014573222443374079,0.00538236767059503,0.03730687546329103,0.008258473755077142,0.03711226641268931,0.0,0.008990689084236126,0.0,0.0041275292713536475,0.0,0.014839148722168391,0.013802266898196722,0.0,0.00411898262754464,0.0,0.008373122480305323,0.005185291670137105,0.0709566799606925,0.004210605350990384,0.0,0.009658973298908592,0.013786502570262241,0.009477456613194034,0.013878861482748917,0.00480462927026988,0.0,0.029005506573809882,0.0,0.022413273948485583,0.011275799157406667
76561198027570687,0.05457496395155083,0.09107249808909744,0.01927059755008521,0.050282312061858084,0.014036514922431981,0.035123987262845956,0.004750106466256135,0.06183521108690091,0.018158514978593818,0.04701941586183906,0.036948729854209314,0.013701419999804603,0.05036906704154712,0.01700870826634033,0.005020980716421459,0.03927587755625795,0.022054789854993068,0.004255656861924435,0.03237864853660988,0.008334559490175227,0.027992734102235885,0.0,0.04502577287735339,0.003968126128246627,0.03630861417451667,0.014036514922431981,0.009857009818171213,0.0,0.009563546033664851,0.0,0.004295784530348217,0.00942342474039046,0.0,0.004669752812784831,0.010045493704696908,0.004669752812784831,0.0,0.048114700880835574,0.008752427212097992,0.004066343683643758,0.00942342474039046,0.03664583303087914,0.0,0.041604134271957686,0.004066343683643758,0.0,0.023458613173711285,0.0,0.013629043654358361,0.004910048601113189
76561198028531972,0.07678305304466898,0.04727618836931925,0.03552202983724354,0.030514520517909465,0.0,0.06433647105225887,0.01085121437955889,0.06654386866396311,0.008797680652243962,0.031110132401248398,0.030379991493057375,0.004217688721177869,0.05247146013275635,0.008797680652243962,0.0044797114900789635,0.012910938716791585,0.019980674788956706,0.0,0.018101763982862118,0.0,0.01625788978726563,0.0,0.032188312604301966,0.0,0.019631772293051068,0.0,0.009925063429775262,0.005098329781096539,0.03716926485478413,0.0,0.006179832159103798,0.05530497917919201,0.0,0.00967802942887655,0.0040939780434134975,0.031240237562301692,0.004178934051317929,0.008919720330015613,0.0,0.019574934351855738,0.06102732441214056,0.08681351791526737,0.005964960045056079,0.021396984948549618,0.013441507131782816,0.0,0.008592969554626585,0.0,0.005822334298897684,0.014424054940988352
76561198028843852,0.06771165091135208,0.09525514471968112,0.04961759041436003,0.05578969112780266,0.0,0.05009172903486717,0.007887114190785588,0.04494429665001413,0.02657222823977727,0.059192418634659044,0.04703559673670986,0.007456230824401796,0.043507699908355416,0.013685827061175096,0.00488728158728485,0.019536380438451895,0.02168494665249242,0.006466843151242318,0.007456230824401796,0.0,0.03283471113370563,0.014192452218184735,0.05162384110349492,0.0,0.014408964016744172,0.0,0.013923073975644113,0.0,0.00952168242945932,0.0,0.027038754242099144,0.013014824060816195,0.0,0.005516007373808043,0.0,0.010531711843306913,0.013068415286799653,0.027543493808329045,0.00952168242945932,0.006466843151242318,0.00501570446949887,0.020053394272766232,0.006414095294416692,0.032973303938102,0.014465962742559643,0.015653534142089122,0.00990298605678372,0.0,0.017535660902875717,0.0
76561198030076768,0.04459151235460592,0.055570152418625236,0.039199930459433936,0.03252049261296757,0.04130211973279889,0.0568336776592225,0.010311843026615475,0.04015266020484645,0.03801074526127987,0.010644034140578506,0.02744557507205168,0.026519613116092494,0.019111395834203095,0.02723467501574337,0.005990902746279381,0.026850875667264056,0.01091036844755275,0.0,0.05420576712068116,0.02790467479968647,0.017000044902068696,0.011977960269616148,0.028606807892545803,0.027816232730472026,0.021604723609040515,0.03631450746600752,0.0,0.01701275333567979,0.010002437381895267,0.005285817597224205,0.0,0.011012987378731931,0.005556085459838869,0.01053714508781799,0.018213227431900122,0.005882974112207633,0.017928740500840066,0.028405849222532392,0.006801125613491877,0.006610941204754872,0.011012987378731931,0.0166044552535642,0.01127287512056097,0.02971307275687034,0.011876041194610984,0.017186499455172765,0.010002437381895267,0.0053281643154645284,0.0,0.005122090255934477
76561198030700598,0.05291891244398674,0.08621575619199855,0.01404285524725454,0.0680919181426807,0.00477676006464354,0.02474263756193988,0.02258907887694496,0.06587649580000535,0.05566572436360124,0.04168940923362625,0.030125979528305747,0.0,0.028019316188482937,0.054776130803772506,0.0,0.036122959866583794,0.03938501067248334,0.0,0.018059527872536334,0.0,0.033885842764595844,0.004455507227057572,0.034622099042617205,0.0,0.02749657942663901,0.0043448560934977,0.0,0.0,0.01408459483965959,0.011649106596561319,0.0,0.037676789655021754,0.0,0.0,0.0043448560934977,0.004512096002338496,0.0,0.031396843199679475,0.011598463198822103,0.0,0.02818442858573001,0.04159582838509714,0.0,0.01932841366908621,0.0,0.0,0.010849602373219733,0.0,0.03687561998803282,0.0
76561198033159937,0.021825458590395436,0.057943291405698844,0.01604553499213909,0.032375074574100694,0.02720985347148197,0.01326691378488082,0.02723782830230053,0.034846282224267645,0.03600613881742343,0.02951811127715058,0.031870182003369885,0.008606499159910463,0.03481829831727606,0.025783486553524342,0.008124824872615295,0.06310312217890786,0.006740153621221544,0.013210282629951314,0.032290724809106365,0.013210282629951314,0.051092586300949615,0.0,0.03158452244464054,0.025603736418471024,0.0282546942036913,0.010647938452521677,0.021409300087338802,0.006740153621221544,0.01479060547796384,0.013210282629951314,0.0,0.032006717693507256,0.0,0.007287392051127674,0.01479060547796384,0.006413639503301279,0.015538987452501459,0.0282546942036913,0.0,0.01604553499213909,0.04394055532672036,0.03211346119068355,0.008758142941011413,0.01877276332513697,0.0,0.0,0.014031701768635416,0.0,0.024679640221157092,0.0
76561198033904301,0.06442606551330451,0.07352717889347987,0.03707481999001813,0.045490248107857324,0.02402205186563937,0.03297631116849893,0.008282202419715405,0.052743399464705853,0.014443278300707284,0.05788924147386422,0.04552436482894162,0.004439112167366375,0.03903205893678032,0.0230812570433974,0.02075971942108659,0.054627564824202605,0.02781714478593635,0.0039261692079625935,0.021448516224527415,0.004083654778567687,0.0038670528200290292,0.024901804569547152,0.029528852562322003,0.004409307935454695,0.030923694814909804,0.011024733149771704,0.00836528137532897,0.004083654778567687,0.0,0.0,0.017190008827432837,0.0,0.0,0.008038243436933875,0.005441473958668041,0.007578268873322572,0.011979958089566598,0.04353505842162677,0.004198547641147719,0.01574011284366007,0.004212035433911673,0.02272692553013204,0.0,0.046070004790123624,0.007981624051480798,0.0,0.01603190884510907,0.0,0.016557087834393462,0.0
76561198035576206,0.0543141211062227,0.05481231730170767,0.05081531473024667,0.019731175905306438,0.01580011031827012,0.034912887873686564,0.013725106553202648,0.05877848462633277,0.009498938947899169,0.032591849942648965,0.01550588786465376,0.004058523420686764,0.06852586067576812,0.013724226988551845,0.0,0.044533279845208065,0.034780657161978625,0.0,0.0,0.0,0.01354890040089703,0.004225288040652678,0.04053576738143451,0.004348314923961296,0.047376296113948085,0.0043169021674550586,0.004125436639535719,0.005345261542290833,0.04104924848547433,0.004340376903938095,0.004348314923961296,0.03010656683858173,0.004348314923961296,0.010393454313510698,0.00893744317437502,0.010811208674078135,0.0,0.024355071493274004,0.0,0.032441613745279284,0.019468656908615375,0.05025981166680761,0.013526372239335255,0.020302276494949246,0.0,0.0,0.029747573316566977,0.0,0.01019846863430672,0.035434316790438895
76561198035678145,0.06322390231121525,0.033218398872680875,0.060879901988339674,0.08507250989674696,0.0064617198273591355,0.03900257491635412,0.03854662017677651,0.024980552653551757,0.04618796484686642,0.028499191710194664,0.008490728161955079,0.0040735596796356785,0.008490728161955079,0.05439507179719408,0.03277726064539953,0.017758963855064095,0.06710444266371492,0.02764737394052315,0.009838139643208678,0.003651268077736426,0.006312481772596861,0.018057137885493343,0.008490728161955079,0.0,0.017065606914970163,0.003651268077736426,0.012208944975859956,0.00996518901852276,0.002823895289034415,0.030379801776520894,0.003584005565825254,0.009404292713191462,0.014948278927471473,0.01588933406023536,0.0030811775892643726,0.036147386958246125,0.017718104520050296,0.011952120247109593,0.024517597052055206,0.003651268077736426,0.00582028714736621,0.0318596127318973,0.0,0.003719558775513511,0.006680854553372426,0.0030811775892643726,0.010753125142373301,0.007504323502474223,0.013752001684653504,0.006679565462737623
76561198037116274,0.03484993244056889,0.0827035969629203,0.020664917039730165,0.0573276154320821,0.010515477696110005,0.01945868139410487,0.01025545316972667,0.07275624744813138,0.053191807230045504,0.024316917519882297,0.024258664172062225,0.004837128712829939,0.013110972398651699,0.045018765026776784,0.004666544264431915,0.04031548023707717,0.005235329746969119,0.0,0.0063497157335027235,0.0,0.0634978633894942,0.009681395165713131,0.015503241341844064,0.0,0.045367529608757735,0.0,0.0047924352396665326,0.0,0.014832308264554981,0.005052049371680566,0.009616019963929892,0.05611381128401692,0.0,0.0,0.0047924352396665326,0.009389011538700039,0.004837128712829939,0.021314797795865762,0.01485793801578385,0.010741830472408214,0.05353711574311201,0.05580011314991034,0.0159799363708792,0.0,0.0,0.0,0.039577952303347444,0.0,0.010077297124315512,0.004804543277919329
76561198038492608,0.07729445164484174,0.07037998423596041,0.07639524496443251,0.013972322146419344,0.010011353262927269,0.07292600186965574,0.014314950952003289,0.056109959918926505,0.006965609132336054,0.017782254161515815,0.05162898834542784,0.013309925452101426,0.03310598442679733,0.0034892306672308273,0.007255565077826516,0.019116153996313293,0.04268980393083216,0.01471177105581747,0.013109763755873789,0.0,0.008856810916470326,0.0037827807251101632,0.028300008250368117,0.005831097342953928,0.02578749604762962,0.010011353262927269,0.01078832181151229,0.0,0.02948222601015564,0.0034406931078058483,0.004187508218893735,0.008928252443179479,0.0,0.020186344269364307,0.0,0.027140808483414436,0.0425962073002875,0.011362127802196377,0.005493825392832341,0.024285951734184897,0.0,0.03750842378996105,0.0,0.01851765311602098,0.008880673712863543,0.0034406931078058483,0.011526452301134322,0.005831097342953928,0.0034763784651052265,0.02578749604762962
76561198038973945,0.026365410028999614,0.0663644234598336,0.012927125457339334,0.07879488376531296,0.014835344213305896,0.002189028824329211,0.0403375460248106,0.06689824459162493,0.01590862943673658,0.020766909480933748,0.012168454740036822,0.024365584634330025,0.004204001615312965,0.037139834882426406,0.03487305194796051,0.07603829149102799,0.031061121504816235,0.01168219159516046,0.02238012410858706,0.014432621759077615,0.02934902661442493,0.015544835309748947,0.018339680790869867,0.0,0.0441607210397851,0.0,0.018374648079834143,0.016370016653678002,0.01324484818584489,0.016309758585231274,0.008303990935074296,0.006284443574058233,0.016909175946582717,0.0,0.006158124815538994,0.0,0.014958297107446422,0.04146515725235997,0.015361585914934129,0.0027271374545010025,0.012739633476609074,0.01177989233182955,0.0,0.0034638001047992005,0.009607582774720552,0.008732445699847428,0.032038098936335364,0.0027271374545010025,0.014289686986922677,0.007027450412559561
76561198040275236,0.05600894507303516,0.0765962741647243,0.06371130872282553,0.04562513629864549,0.02810288227691998,0.03241208693907603,0.015476530744408946,0.043341419739348644,0.021620866858252676,0.027303023885984976,0.028309715462670366,0.015448616347575472,0.03784428033872993,0.022554980982750217,0.005604496016031628,0.0425362600950945,0.021126686015264316,0.005021790793254103,0.0214713815872601,0.010334710847067123,0.01120663632429354,0.010595573067119272,0.03759531744621248,0.0,0.02168184050019851,0.022784411973742653,0.01013554418962994,0.0,0.004991077051087645,0.0,0.015077950937755736,0.010932463631376463,0.0,0.016914891879596664,0.0050162405438897995,0.006903523433283568,0.010335538002063103,0.02168184050019851,0.0,0.02601656877044325,0.01132716483325636,0.018155182826184935,0.026982610166745608,0.03134267653878597,0.009825259609314612,0.017029923057650945,0.010456066511025921,0.006142145989436067,0.016418159027788978,0.0
76561198042424940,0.05057854318380375,0.08784873600542023,0.039548182231113234,0.044599388525645114,0.004521618282833899,0.04129173794492392,0.023603877295005137,0.04725201463803723,0.03127838340652338,0.04416618738145294,0.04762153775000895,0.009649723639993696,0.02561341250424504,0.02567430003299192,0.005385523224660737,0.039276159701728104,0.04244089292326836,0.0,0.009507685125693773,0.004521618282833899,0.0364083343873767,0.006892659978046212,0.04698877844092387,0.005455072464353508,0.03166517710045614,0.0,0.014801748014498723,0.0,0.009346675550145216,0.009508841625484784,0.0,0.005356619592634815,0.005434157169240651,0.009248685551467897,0.014732198774805952,0.005356619592634815,0.019461521346206042,0.03308870642898455,0.004814819229915174,0.008801991688028457,0.0,0.03499549905652984,0.0042473285321301705,0.02083904903559014,0.0,0.005455072464353508,0.015285827917569028,0.0,0.02743509397844046,0.0
76561198042752440,0.047334504218956665,0.03927300524756079,0.03540675101544047,0.06483383045083031,0.032195546178801764,0.04538956524285483,0.06588212760951703,0.042821740745601126,0.06196327247010893,0.01890585549961326,0.029069883191757618,0.014987286410250945,0.0,0.05270354014714609,0.03673836557079911,0.020539199406323237,0.03682915526965605,0.00489297319051815,0.023467634800729303,0.010262438941428722,0.018506700886001884,0.02291988016836476,0.009876745817731715,0.01867245928372795,0.018506700886001884,0.0,0.01805762617438109,0.015261493810844202,0.0,0.023522502317447975,0.0,0.015565750784253879,0.015400487212165765,0.0,0.0,0.016615483408085323,0.014981739441545523,0.023332728475960674,0.013336571281207944,0.0,0.006923253971821904,0.0175340748205999,0.009138318667456406,0.0,0.005848967742794538,0.02260641046973482,0.0,0.005384747993112489,0.0045106807788649035,0.0
76561198043309202,0.04012468209852742,0.0682175990805075,0.0437886619683894,0.022468720631668,0.012061864846338265,0.019802744025900078,0.020379407346685103,0.03521586238719978,0.003408137601192233,0.06586862428546206,0.05730579918364325,0.04112621024534872,0.0905224137634776,0.010746033275151777,0.003408137601192233,0.00904766333302145,0.006770066574473304,0.012106501151085162,0.01785070057504876,0.0042099414984739306,0.0057517926448318445,0.0035152353048926747,0.06867059225001634,0.017231040522017765,0.014799455977853296,0.004602107578510328,0.01240897469539589,0.01428941627349623,0.0057517926448318445,0.011803864077652392,0.004415051701492323,0.005552358437980496,0.0,0.006523721353834808,0.010641592565887354,0.022397569539254102,0.02350942032976688,0.0477012801280594,0.0031460051119124345,0.009722173035460047,0.0,0.012638827146587128,0.026114032644968598,0.027894629459063732,0.00494568257294077,0.0035152353048926747,0.010197348399342967,0.0121024427848441,0.0257285860414275,0.0
76561198044169133,0.042190063717248476,0.057499460222635926,0.016277153690900305,0.08906463156093869,0.0,0.040415811317076056,0.024045984450849305,0.052628591079715056,0.0683763627284704,0.009906897060040479,0.037673243023616965,0.0,0.0,0.07842924556520632,0.021685221297503214,0.02120498332245234,0.006093735363166882,0.0,0.01499140526506106,0.0,0.07808791545920883,0.038067559632889374,0.0055308215757654015,0.0,0.009427853379765486,0.0,0.010817300622539503,0.0,0.01581004974794642,0.010555323778804379,0.02868358202610127,0.04778311507579209,0.0,0.0,0.009629428806387026,0.0,0.0,0.015111247959285454,0.014766140060025386,0.0,0.05316547004401053,0.046609820481903846,0.010971343193400714,0.0,0.0,0.009788191576177562,0.005060630547555818,0.004590785820003544,0.005060630547555818,0.0
76561198044695535,0.023796400761920144,0.08966851815202419,0.015915425701983035,0.030729156860208877,0.0,0.012331869138743583,0.0,0.06586498713763125,0.02102436303109874,0.04936227914755618,0.05774199424903352,0.00542546537525998,0.03893568701970295,0.027112798255170066,0.004893940479825697,0.07108342470040774,0.04071006606683323,0.0,0.03436752411680141,0.0,0.010998125364734206,0.023929081293930263,0.043831879427069634,0.007099163975017184,0.053932259236491524,0.0,0.0,0.0,0.0,0.0,0.029014345885370996,0.0,0.0,0.009260520912405323,0.0,0.00852787772409856,0.004775565675199691,0.06651695525503999,0.014715642590769478,0.01150553061325394,0.0030207991811737533,0.009543448010629446,0.019292357410762025,0.01943573424709774,0.0,0.005555020856819979,0.023261077777885077,0.0,0.04167817609101481,0.005142538277035856
76561198046112241,0.03259601514285942,0.05701139656847449,0.01855771109393117,0.018464020254307528,0.02287364103548336,0.018875128508364408,0.004836983070261722,0.07025004372285636,0.018452051309510706,0.04300198114293381,0.019350819891611786,0.014980613952281546,0.04325619649494312,0.018464020254307528,0.013677319483276431,0.04752520697948457,0.02308296281707011,0.0,0.029078707797149272,0.0,0.010695814394304502,0.014097951015396874,0.03372292628391238,0.0,0.040058621288495105,0.014549709205117447,0.0,0.004407131688998778,0.04092681525221257,0.004836983070261722,0.014097951015396874,0.023498155841191096,0.004541045743246516,0.0,0.0,0.004313282238549573,0.004485735042015511,0.04751680626125989,0.0,0.015754362908482603,0.030902605018178594,0.03677072515068096,0.009928967533366667,0.0193082237085302,0.013822759992991708,0.0,0.038338816398186024,0.0,0.03299455510792754,0.026095236322189446
76561198046544865,0.07406598793486723,0.06160378669820904,0.05241138219686779,0.05920268391870959,0.0,0.02463927709830077,0.014253927913382305,0.018052311339510227,0.051420903599330124,0.03655276107791473,0.05147324106548876,0.027869504263404843,0.005367517092280064,0.03216333692981728,0.030180599138242125,0.027085509165758227,0.0608209306133643,0.009137851447134903,0.005104841063881652,0.004255781954576456,0.04081767080905518,0.02297430272958659,0.02863284239599271,0.006879219859976347,0.0,0.004888685152014324,0.0,0.008999591200219143,0.0,0.0043987874871735735,0.024037227414142458,0.018575914171645946,0.025924817183665672,0.019143986371564486,0.0,0.0043987874871735735,0.01684260780875683,0.01297903511709769,0.005430945361437957,0.02440173837370486,0.014942157518833366,0.0,0.007674603498343371,0.0044241950647707735,0.019586032881327396,0.00963249439765701,0.0,0.010076023087964667,0.013329760051508308,0.005346440065347325
76561198047089807,0.04450162642451946,0.05121873592750147,0.030608966295111298,0.05624405920188987,0.016187900700070423,0.04646923058007172,0.019906974546679848,0.012462433146508963,0.03668040389900042,0.02568974580318849,0.024447759679430088,0.023572470398369013,0.03473045716953417,0.042804497233431375,0.012681925544309034,0.012681925544309034,0.012529382620388971,0.0,0.03032969281650579,0.0,0.03137183490150124,0.012404891416621475,0.024649768376164446,0.0167921475708412,0.013439096025188823,0.009374741971851713,0.014132016112268652,0.0,0.04682349852271388,0.0,0.006008663691761147,0.055590514626665234,0.0,0.006008663691761147,0.0,0.007047580326350584,0.005976662841159979,0.0,0.0,0.006008663691761147,0.031346432502860004,0.043907649403351005,0.01875050526322248,0.04616237980485735,0.006520718928627826,0.014638219221879285,0.007089648550366822,0.0,0.03511786647703846,0.007089648550366822
76561198047338373,0.0,0.0,0.0,0.0,0.0,0.0,0.0,0.0,0.0,0.0,0.0,0.0,0.0,0.0,0.0,0.0,0.0,0.0,0.0,0.0,0.0,0.0,0.0,0.0,0.0,0.0,0.0,0.0,0.0,0.0,0.0,0.0,0.0,0.0,0.0,0.0,0.0,0.0,0.0,0.0,0.0,0.0,0.0,0.0,0.0,0.0,0.0,0.0,0.0,0.0
76561198047882234,0.052784882480868205,0.06841293246102448,0.02145791019425913,0.07031846884419568,0.005574494995702874,0.031140886691886797,0.006650991433424894,0.0694779616125368,0.04294009622927659,0.03303921938725044,0.03296369713747615,0.010190836049531466,0.031146389943555727,0.053349879620094645,0.0,0.021045414257332473,0.031077514131837337,0.0,0.017119592334603282,0.0,0.053796375245844456,0.005191054936821514,0.016172230699732695,0.0,0.016892793663585218,0.005574494995702874,0.0,0.0,0.005144286772887117,0.006650991433424894,0.010326137978076709,0.06640275898893407,0.005191054936821514,0.005051226623795252,0.005574494995702874,0.015117602804527681,0.0052856794945264325,0.010241802230160324,0.011318298667882346,0.0052856794945264325,0.06149760243392903,0.05254561711326342,0.0052856794945264325,0.011121004075937442,0.0,0.0,0.005833718220818324,0.0,0.01580824689371601,0.0
76561198048967211,0.044502611955349415,0.06325964560020146,0.031175116018627137,0.06802253184539395,0.0,0.04123507642334785,0.0,0.08132370530551249,0.06852194897105182,0.026791714063816554,0.043074417526002357,0.006032422244434659,0.01163381256835887,0.0625742861272131,0.0,0.025226992992116556,0.03881060134165481,0.0,0.013166904912218627,0.0,0.036990263540966066,0.023851888532503168,0.026059095801677583,0.0,0.0062929507180304375,0.0,0.0,0.0,0.02284574559542494,0.0,0.012097180487883004,0.05319554156806777,0.0,0.0,0.0,0.007679789707843446,0.0,0.0062929507180304375,0.0,0.0,0.04908633867508827,0.06252508414205774,0.011810413474772895,0.01904884487293647,0.006100807449582082,0.0,0.012425849545673105,0.0,0.018345467274162915,0.0
76561198049192663,0.012862734661288136,0.028045471283102048,0.005757232672413321,0.028321450224073202,0.05275833746828401,0.03243105813250211,0.03783088910815767,0.03439537585074542,0.0383083048871241,0.01692936061273692,0.02741308623544013,0.017770683981580177,0.07569719466803349,0.03329476982276577,0.016087374950177105,0.045301754662258276,0.0,0.0,0.04241564012528726,0.010745169837029696,0.007379272658608882,0.006165758150112016,0.02835807868633196,0.022744983096064698,0.05053277681604199,0.053569175175912975,0.028845118781254314,0.022584072046012007,0.004948297201372524,0.015267035843361546,0.0,0.035297260141747264,0.0,0.0,0.0,0.0,0.0,0.029609163298994608,0.0,0.005757232672413321,0.007379272658608882,0.024046005540547248,0.005757232672413321,0.041454858559846694,0.006165758150112016,0.0,0.010235809147207196,0.0,0.027616782469433068,0.009920167050604542
76561198050935092,0.05735618894127623,0.044163984970135864,0.024296579567933116,0.05581893326831098,0.025715544000688467,0.038729996788521986,0.015132054977881487,0.054874063349663445,0.04566372467314509,0.04228975682383999,0.02779984052395064,0.014156027593825414,0.009002966545686227,0.05022293365615984,0.01777697305614919,0.06196032414365637,0.061789806956406464,0.0,0.018819100722848207,0.0,0.0,0.009512611034312599,0.018572893042415987,0.0047114954718058795,0.03829618134069254,0.014693316867569221,0.0,0.0,0.029197889485327606,0.004200717782091479,0.009643970415460938,0.013905624691390499,0.005039151833641577,0.004802248763594747,0.004332898463298913,0.00901631919030523,0.0,0.018933111447655263,0.010610649284343566,0.0,0.008676487562050469,0.04887982795398028,0.0,0.017856905718548272,0.008523750795797135,0.004200717782091479,0.01026374341669205,0.0,0.03646586242778636,0.004094824669068865
76561198051250642,0.03796225591476598,0.004979952373765995,0.025386706917843952,0.09379516348662194,0.013024652128099515,0.03109010682204692,0.05249804401531982,0.016817402902463068,0.09293626545089385,0.007549896067576859,0.004118594525401443,0.0,0.014988524354291832,0.09379516348662194,0.020525905763252816,0.03320028417231893,0.03400874594367177,0.008696990050311878,0.04216485900423728,0.008099522858663747,0.024529420207909415,0.013318465160765727,0.02482081875628753,0.0,0.012529848441342854,0.007700425822444649,0.0,0.0,0.0,0.031519826473143456,0.013134847768006408,0.07295099709145834,0.00903669359180261,0.004977492561129533,0.0,0.012930908483639375,0.004977492561129533,0.010889973489080162,0.012527388628706393,0.00916277232062007,0.03882899261696921,0.03345268274448429,0.005181843987357767,0.009806680366934065,0.003980928333262303,0.0,0.0,0.003980928333262303,0.004121536022094592,0.0
76561198051389016,0.02789084073908205,0.042491080813876474,0.026409500091344063,0.005366833235801156,0.039048052346492605,0.0395873625474403,0.025745294971143907,0.018985057728166995,0.00688954656250478,0.01222087029568391,0.0015227133267036233,0.04389468724821487,0.01625939329149775,0.005366833235801156,0.002366911424010587,0.028299825772462508,0.016928268313389436,0.0,0.01546138798884855,0.0,0.023993576204464007,0.006818829147309508,0.007727500935908872,0.0020617045936934504,0.038224943682886384,0.0,0.010360250765764155,0.0133233396116863,0.06933888874895246,0.0020617045936934504,0.008036335643695994,0.0697177142396182,0.0,0.0,0.0,0.03073339202886616,0.0,0.0,0.0,0.0,0.07510445796968684,0.037019385274994085,0.0,0.0021000495129221406,0.0029908832752787674,0.0008671469745334661,0.10170469862475202,0.0010875849029698564,0.027680207417675854,0.09431294591818312
76561198052549305,0.0515888060256421,0.046638188843493966,0.01623891063313232,0.005217355906196723,0.004887593450918735,0.046137722357477866,0.011506020580730995,0.09008914506850957,0.0,0.035906357563134955,0.010873404417926086,0.021146952684595002,0.005744726550214708,0.0,0.0,0.023581149538491875,0.051439014278044835,0.0,0.01159079269217313,0.0,0.005217355906196723,0.00512144949040786,0.011822153470268527,0.0,0.05015248245385651,0.006807054514354669,0.0,0.0,0.09284186365354907,0.006430453884485855,0.012175180434700563,0.041671545415420466,0.0,0.006430453884485855,0.005220163343931882,0.016005598541557017,0.016090760324122808,0.010177718883714902,0.0,0.022185230818811318,0.06453684095177999,0.04222977007931373,0.016516237240211586,0.005945988030690456,0.005991202499681063,0.0,0.06164436800246727,0.0,0.005921047753580135,0.056278939831728894
76561198055294662,0.0,0.0,0.0,0.0,0.0,0.0,0.0,0.0,0.0,0.0,0.0,0.0,0.0,0.0,0.0,0.0,0.0,0.0,0.0,0.0,0.0,0.0,0.0,0.0,0.0,0.0,0.0,0.0,0.0,0.0,0.0,0.0,0.0,0.0,0.0,0.0,0.0,0.0,0.0,0.0,0.0,0.0,0.0,0.0,0.0,0.0,0.0,0.0,0.0,0.0
76561198055617328,0.0,0.0,0.0,0.0,0.0,0.0,0.0,0.0,0.0,0.0,0.0,0.0,0.0,0.0,0.0,0.0,0.0,0.0,0.0,0.0,0.0,0.0,0.0,0.0,0.0,0.0,0.0,0.0,0.0,0.0,0.0,0.0,0.0,0.0,0.0,0.0,0.0,0.0,0.0,0.0,0.0,0.0,0.0,0.0,0.0,0.0,0.0,0.0,0.0,0.0
76561198055682730,0.0663167245713218,0.04910496446405549,0.024026785064746255,0.03527642153548868,0.0,0.036205931663235644,0.012662170538283838,0.038590297142248674,0.035264783458589626,0.023797868839373428,0.023532451347308022,0.012083205968326564,0.05348907552445923,0.02954597980754842,0.006167643725272115,0.012372859004380777,0.022631605537273135,0.0,0.012474358105044528,0.0,0.04062542730937845,0.01784379348743781,0.054929078900821986,0.0,0.006160427224755386,0.0,0.006461710290726246,0.0,0.01315095789886767,0.0,0.02521034567170188,0.07317998502446393,0.0,0.0061646660667981305,0.0,0.017857330985939005,0.0,0.017816286488718268,0.0,0.036678229207223315,0.06304366644314528,0.05425905517774471,0.014024357681988767,0.023602615807427656,0.011655859263962882,0.0,0.0,0.0,0.02379308077194246,0.0
76561198055895597,0.026498120410770334,0.012785848354359811,0.004710616193928126,0.03965026425690962,0.0438095647546098,0.01288128487854558,0.03698677825646124,0.09114037159628202,0.0,0.017047270892612886,0.0,0.02331718600869235,0.0,0.0,0.01223666231165426,0.008000799783317936,0.008739598294745465,0.02010396540669007,0.012516809906987765,0.034854967814735544,0.04536724277750107,0.0,0.004204953820184013,0.01906141285576598,0.08877755741981,0.03167204040162322,0.05345246056332269,0.020312058262254924,0.07451780446029818,0.0177912158615963,0.0,0.013347401712385455,0.003981976015206826,0.008317158719134687,0.0573785724216904,0.004238424209065258,0.0,0.022392772672562372,0.007949870189045485,0.004352663800523038,0.005090153735209085,0.025420849703846032,0.004112204898950675,0.0,0.0,0.004352663800523038,0.023786186654551213,0.004238424209065258,0.004066491024069648,0.04653733069051234
76561198056078990,0.05211123544376369,0.054753658863081374,0.017261612679210735,0.055814306802117776,0.0,0.0484907583951774,0.009685823869744212,0.06603326533693508,0.04730877005730586,0.015992478377522743,0.02770894080963066,0.0101698690830226,0.00433562225092861,0.0584102032224889,0.008744768578295297,0.025232966706087358,0.0068542831771551665,0.0,0.015038360448197155,0.0,0.053245319091183574,0.02757102921219148,0.024691309172624486,0.009544889776012299,0.019337613592589883,0.0,0.0,0.0,0.0339585458775008,0.004341584294915734,0.024425849425635394,0.056998205922320105,0.004341584294915734,0.00433562225092861,0.0,0.014269442454616282,0.0,0.020558309501416093,0.0,0.005121236477641559,0.0592279264733987,0.03948816503195248,0.017117620213303673,0.004403184283379565,0.004403184283379565,0.004971281967747374,0.014936170709822894,0.0,0.023328414527317463,0.005436587064541559
76561198058903842,0.04624874917160283,0.061944140956707035,0.038713879359972156,0.045847463079998395,0.01303425672813036,0.025480142243482017,0.016003545553579274,0.054025721891795914,0.03218785070424701,0.009308820281398936,0.04320080025013458,0.019728515885737555,0.02332287324581428,0.031646064581938804,0.02031239045458217,0.03373618428018719,0.023701517084909588,0.009867445020230289,0.022701845802374623,0.008074218650998704,0.025659846558544305,0.015919128339698718,0.03412358930233363,0.01738303893239764,0.018405682765828192,0.002355187451694098,0.005009426255100117,0.002355187451694098,0.018466384811277273,0.006452274929843163,0.02179107698561205,0.017967959320790396,0.002355187451694098,0.014934642228598152,0.0,0.014226620888631537,0.00412319143035374,0.016954533549675254,0.009867445020230289,0.00528338864058444,0.04066267244480526,0.03439302263130322,0.010928366050933884,0.02427620693711229,0.009435700990052998,0.0,0.013621414013697927,0.0,0.020236417046572357,0.013725982343118986
76561198059495299,0.07081032927454327,0.04668669922200035,0.09458620753466417,0.019966152662940075,0.017582566425069494,0.0381529093451147,0.0231072065571899,0.012805350438729506,0.00705802827799628,0.02514428312433443,0.05155887432054944,0.03317400162610926,0.05993304149348023,0.00705802827799628,0.016960548123056276,0.01121322596232305,0.012448843143374464,0.0,0.0332333335535683,0.012087953580050381,0.02005758320367183,0.03503716335691805,0.039724259496427154,0.025343114157412684,0.007034020382466972,0.012741106573683715,0.007612675086221229,0.012561771614212484,0.0,0.0057679730455794595,0.033392308443412906,0.0,0.0,0.029958584757347872,0.0,0.0,0.029857661217781203,0.0,0.0,0.03789630778228197,0.0,0.006057062536341619,0.026841930165283558,0.056768285686724804,0.019780609551142626,0.0,0.0,0.0,0.0,0.0
76561198060883629,0.03674534181630909,0.03120949581760281,0.0053764650293509535,0.010815927868997188,0.02368992158393077,0.031900458278321636,0.007078396533794259,0.056609083789362795,0.005559202584080065,0.012535425747663644,0.0071589607183126895,0.019108374037622364,0.03720370578999479,0.010815927868997188,0.0,0.03913145605343514,0.005900763376153467,0.0,0.027884916832857726,0.0,0.01817213192636893,0.005256725284917123,0.012979159909947725,0.0,0.05856405286420185,0.0,0.007078396533794259,0.0,0.07055933248078472,0.007078396533794259,0.017360403490945708,0.1085083902203096,0.005471120868685271,0.0,0.007078396533794259,0.007672952490781971,0.0,0.0071589607183126895,0.0,0.017244762844801406,0.0943730972754818,0.05211019535671702,0.0053764650293509535,0.005256725284917123,0.012658774396911167,0.0,0.03913145605343514,0.0,0.02978688656619003,0.04239939360877049
76561198061178161,0.04364641089026464,0.02683523524221904,0.03925156858819736,0.029548214069097366,0.03519270359570893,0.057520038283343754,0.0625620765912767,0.01631488932271064,0.035354099407363025,0.02842560251453797,0.027742019574180234,0.005121723555259166,0.029358746748902625,0.024426490513838203,0.005244329254657686,0.005244329254657686,0.01617193814818252,0.016048309657940105,0.03234126883737297,0.028715122364208416,0.008138023780485924,0.005244329254657686,0.023613756936883487,0.010830873455528262,0.010720924866734394,0.006793293088559823,0.021982692080956268,0.02861768037578944,0.010720924866734394,0.03820576574752164,0.005244329254657686,0.031635187884486014,0.0,0.03906729417506304,0.0,0.03463562984682879,0.005219165543678143,0.016324165827680405,0.011155594132877207,0.022837855347292785,0.008138023780485924,0.026179499418108303,0.0,0.01692267602679368,0.0059950671332688514,0.005709149900269097,0.01166268859574456,0.01223670715150192,0.0,0.01710358511349314
76561198061442799,0.0,0.0,0.0,0.0,0.0,0.0,0.0,0.0,0.0,0.0,0.0,0.0,0.0,0.0,0.0,0.0,0.0,0.0,0.0,0.0,0.0,0.0,0.0,0.0,0.0,0.0,0.0,0.0,0.0,0.0,0.0,0.0,0.0,0.0,0.0,0.0,0.0,0.0,0.0,0.0,0.0,0.0,0.0,0.0,0.0,0.0,0.0,0.0,0.0,0.0
76561198062256620,0.0476699882790948,0.05520395180187017,0.03902390432000554,0.040838685113505226,0.013900142176395822,0.03707433371367092,0.024359826328193574,0.01556099085304519,0.033457506096639736,0.023692350884070987,0.05221503024363336,0.03874775777977037,0.06459410729505137,0.025850773089452675,0.014299201210486405,0.007229251568413579,0.010595654565423867,0.0,0.06995141561324933,0.014280266839275687,0.015255118524028806,0.0075196475078834575,0.06498271522231541,0.0,0.0,0.006663246953038361,0.008205263419834428,0.0,0.0,0.0,0.022700062020539986,0.02955431973451521,0.006692468203299342,0.008457649500253303,0.006663246953038361,0.0,0.0,0.007265547032291979,0.008295443820753211,0.023871561476078645,0.015255118524028806,0.023682881077565516,0.016016212055078957,0.05469894031332691,0.013921719771712922,0.006663246953038361,0.0,0.0,0.025090453166129425,0.0
76561198063490669,0.054556422415083045,0.09186621711642132,0.03150763674114453,0.03598321659666674,0.0,0.03612746146255795,0.0,0.07828156061156301,0.026375372227196735,0.03143360085840694,0.032195697945825476,0.016454914836163473,0.0177253845871052,0.009571658496226374,0.0043550513817006775,0.05292789315943881,0.038845492982817045,0.0,0.0,0.0,0.029857350217445407,0.008373405037693831,0.027508320797568056,0.0,0.05983775767650588,0.0,0.013111564972159437,0.0,0.04688410029435912,0.0,0.02079940122661535,0.009084552354846998,0.0,0.008952968323515118,0.017140960085693067,0.004600300142810527,0.0,0.03465609074450567,0.004024808580057013,0.008488317180735032,0.009037480124881302,0.03953713598279291,0.0043526681807045916,0.01867600608353181,0.0,0.0,0.03524386087554266,0.0,0.008143066398530786,0.03348230330118805
76561198064339088,0.06506733182922846,0.05546461771416503,0.016009370509826686,0.04191584179670524,0.008074144617990898,0.038373367141775916,0.038614583097570446,0.057569241003234004,0.03238022793328757,0.042893661123394065,0.025902427918999354,0.021080820969523115,0.004634146401864784,0.018521532045630337,0.017838896605948944,0.010678790434666212,0.05506203708019317,0.004724676372566923,0.009008352097367682,0.029355927077948055,0.029035556957201607,0.018417713268474547,0.013471852155622806,0.0,0.011991461642245918,0.0,0.04828223474991502,0.023225275790846135,0.010194633208748277,0.023909796908187186,0.011443781896083492,0.010239275328931352,0.0,0.0,0.0,0.03833002038062061,0.006633673108197516,0.007282514659840253,0.024233109140591652,0.0,0.04204767470238893,0.02726823089786629,0.006071137188906943,0.0,0.007160106171282735,0.009826911137127806,0.02427550808061828,0.007603219762538881,0.0,0.0058863190918768925
76561198065931138,0.05763337506034083,0.07459615324489319,0.012023513586302468,0.08473415807149329,0.004689221379751937,0.02362859326397085,0.01990770380171712,0.0555355664201664,0.014256266747548171,0.050780163570707144,0.04613482590127242,0.04999138436027143,0.0073116704641796185,0.018199199257361128,0.013166318660820048,0.02475412466672429,0.004711843122122848,0.015819539288428698,0.0,0.015155389562543298,0.0757187530664929,0.0,0.03552186695243867,0.006021705715323733,0.01830817579473034,0.0,0.03926952828425623,0.00474349571676894,0.03255986825950507,0.0,0.005199431541967491,0.0,0.004390188130450627,0.0032215866707402665,0.0553776375560265,0.0032215866707402665,0.004090083793439352,0.014330511003610633,0.02120137818241178,0.004090083793439352,0.0,0.022333325797179233,0.0,0.0088019269155622,0.008480271923889978,0.023953770586828495,0.011392317496813893,0.0,0.0,0.00474349571676894
76561198066122279,0.0277142955583327,0.07428387886229629,0.018580706655921788,0.05553323578890301,0.004646924821241887,0.014628143631876218,0.01665079547935289,0.06222834177348823,0.04577695827967699,0.028983455079031,0.04159230755655442,0.02000644211157226,0.01825120779469628,0.04486760319017381,0.011178365078457627,0.019960771327626695,0.009450386008988574,0.0,0.021033543112316495,0.010921629681892626,0.05474614441260806,0.0,0.0327158424745748,0.006274704860650737,0.014722438347627558,0.004646924821241887,0.004646924821241887,0.0,0.009538724706617254,0.0,0.009191048901360152,0.0659261237255372,0.0,0.009365256546448372,0.004646924821241887,0.014628143631876218,0.0,0.01401687868981114,0.005510331270028818,0.004865759348673333,0.061396604237009836,0.045165816253830954,0.004442975624123955,0.009334775509499323,0.0,0.009414892353455998,0.00983063846225219,0.004646924821241887,0.04488333765645865,0.009152871910188182
76561198067067279,0.03954098798012117,0.07972574646970294,0.024705975227653255,0.024113302861367432,0.0,0.02796527710988908,0.009144589884986159,0.08870949280610423,0.015197488705831265,0.03523813312057568,0.019049025117395074,0.005625407182860508,0.033537383885557034,0.011279875436217477,0.005706690420353466,0.050527469265576205,0.013878050196391415,0.0,0.02034010204572556,0.0,0.020351658093338283,0.0,0.04144812222831162,0.0,0.05571886967576925,0.0,0.0,0.0,0.04475450863286641,0.004771956068138505,0.004494089040087301,0.035561254786948916,0.005573185015864011,0.004372633816847654,0.005631487340732513,0.0092616533102033,0.0,0.029335691446409587,0.004771956068138505,0.02082750350033469,0.05030217907059068,0.05330990790463629,0.010829462500626533,0.015771771220367964,0.0,0.0,0.034844802053455214,0.0,0.021645016786171076,0.022137293723853955
76561198067362761,0.06154636097939146,0.09105211006303847,0.04332361777152398,0.05319493129850461,0.0038229589785326807,0.03460419009198339,0.0,0.051487395441516384,0.009978427845169124,0.05393402118873233,0.03605381693793326,0.02026790625063302,0.03519668469894924,0.016005391640444223,0.024911166630109713,0.03628808675053194,0.03096398257961402,0.0047053233988467455,0.03397072601815764,0.0,0.02941207115863274,0.026600308140908756,0.0292392141913551,0.0,0.022445318278613194,0.0,0.010378960134120888,0.010282480984006918,0.0029597519982966234,0.0,0.029773178137023824,0.008279638640889965,0.0047053233988467455,0.0,0.00825600287557545,0.0038229589785326807,0.013433647182998405,0.03920300791697304,0.003383746486849938,0.008526136250477438,0.008212408730228883,0.0044566796623572835,0.02034655208658031,0.03008002209278561,0.007402997033838304,0.0,0.019844115964790136,0.0,0.006222180155457688,0.011426200956247828
76561198069077998,0.0650690055559765,0.07083243025734881,0.04689359687221094,0.0632938412410535,0.003767644754342113,0.026853204273855406,0.014201365753379457,0.03539373420911752,0.030651258327686597,0.03550535969466976,0.04609560786542485,0.014872889224600203,0.013417608082385886,0.018928949203446975,0.04555963070686122,0.04420585706135654,0.008574545766486984,0.005836696096689134,0.012408350571717788,0.014201365753379457,0.030523167708755853,0.04176771051177836,0.01768458246632449,0.008587010131328683,0.012621262948958,0.0,0.013002766739722374,0.0,0.011322484115955126,0.0,0.037728538706824875,0.008094574501976785,0.0,0.008435085484598122,0.007166070643033241,0.016749533793227668,0.03277122133021604,0.02415167460207591,0.0,0.012245600465819073,0.008483343220556558,0.015460288713773793,0.015423505084909613,0.013717294143218612,0.010144267479237511,0.0,0.025276604235533868,0.0,0.004156413472921886,0.007924058227263999
76561198069752493,0.0,0.0,0.0,0.0,0.0,0.0,0.0,0.0,0.0,0.0,0.0,0.0,0.0,0.0,0.0,0.0,0.0,0.0,0.0,0.0,0.0,0.0,0.0,0.0,0.0,0.0,0.0,0.0,0.0,0.0,0.0,0.0,0.0,0.0,0.0,0.0,0.0,0.0,0.0,0.0,0.0,0.0,0.0,0.0,0.0,0.0,0.0,0.0,0.0,0.0
76561198070374664,0.044634133011600886,0.042859057901066526,0.00555397653562342,0.0726286481998857,0.0053914606177654445,0.03161837340926047,0.025385122819442513,0.029095178225726825,0.05359412138945759,0.005859249661090844,0.043736729910544225,0.030191531403121523,0.024216033768426837,0.04572894096320645,0.011984651130651065,0.0292639014197741,0.007752132934022571,0.0,0.03922358505617483,0.0,0.0701293399538188,0.03258121837931388,0.03223349890068291,0.0,0.005859249661090844,0.005667450043615333,0.020861215063091486,0.005944670594814746,0.014214738015656375,0.020485319670068888,0.04582790764455319,0.019952548145536028,0.011984651130651065,0.008017465132256076,0.0,0.0053914606177654445,0.0,0.011642830733516256,0.005859249661090844,0.0,0.014561087527770586,0.020487518256090242,0.01320190227595302,0.011830350480385964,0.005223761547924169,0.024301579752378448,0.0053914606177654445,0.005667450043615333,0.0285737871759873,0.0053914606177654445
76561198070384606,0.03528677611056457,0.022048582452153267,0.025201762493858255,0.03816461983095199,0.0669921995426446,0.047574957740291066,0.0566701271520901,0.04130915430193984,0.017260374582665643,0.020695351865984195,0.00972729358230244,0.03769803674971885,0.014085366763658163,0.01210293264469704,0.02114255741639343,0.036871291015039796,0.013693852448446665,0.00911438609173517,0.041378127645374706,0.03417679716263034,0.017706139974339688,0.010208738009709516,0.014694509064832386,0.006269254402201912,0.02539779282730807,0.02544082808289415,0.032424731926096934,0.02680437301008237,0.008294305241156116,0.019605809933983597,0.0,0.02410956197665575,0.009236671299246503,0.005157441937968603,0.03405623425685503,0.015784631787010717,0.0,0.020969224092805105,0.01471574064266892,0.013991407680542961,0.007881970761863219,0.013587646075931761,0.005298841807620098,0.005360960126602899,0.0,0.017806951964658035,0.009555820030240542,0.008936760664976664,0.0,0.005509104828608342
76561198070394564,0.05098621039859654,0.07490986494833575,0.058784210134315576,0.024208851388782742,0.013205936281995966,0.050224289048175455,0.0038939293883617776,0.08319121089112243,0.009070106318160936,0.023163976879922617,0.034323989138335446,0.01930076811648996,0.029888321484920714,0.009070106318160936,0.0,0.025198953539190043,0.014736289222936976,0.0,0.01789401662216549,0.0,0.019728781670091167,0.0037586072128233173,0.06093539966838597,0.0,0.03012379225479512,0.0038939293883617776,0.005632688177743706,0.0,0.04329147972196552,0.0038939293883617776,0.02212447222134919,0.011472701621420826,0.0,0.0,0.0,0.00910186941200359,0.009254035141490487,0.006700967313400388,0.0,0.028159840465904733,0.042125137033881335,0.05621518953744853,0.015889364367922376,0.040266198039800374,0.011298360590043246,0.0,0.012367150218176427,0.0038939293883617776,0.0,0.01782114704629899
76561198070426327,0.0245653713955227,0.0483478193452696,0.010085134752877697,0.08568812289557735,0.004069509666275793,0.016192059516670056,0.04838232309603545,0.03994579466241714,0.08570182534741332,0.015036475865704687,0.022901153136874308,0.021758344674268834,0.01347054657037758,0.07639596068222408,0.009833932885912739,0.04214594577733189,0.034579282880360974,0.004644832812901291,0.01580265812495232,0.004069509666275793,0.025884232241980547,0.003942592606217807,0.023900156813286198,0.0,0.03544087647339536,0.0,0.005090952390245336,0.0036949875100572905,0.0038291461167833077,0.024522539053080446,0.003942592606217807,0.042633174132200156,0.004393630945936334,0.004644832812901291,0.0,0.011234727107997075,0.008587425419119098,0.03618681972672246,0.018355793653409894,0.0,0.015060644061095172,0.032527959879577795,0.00898324207703328,0.00977555906032029,0.004393630945936334,0.004069509666275793,0.013136457825142703,0.0,0.028322767003041278,0.0038291461167833077
76561198070463763,0.03679447819974821,0.05869308641558683,0.022193941830662128,0.03787548221613308,0.00936109791433702,0.035619395855454074,0.026972969943786135,0.032705619018991494,0.04424864158502954,9.73828614058385e-05,0.04517472641421593,0.0,0.04981794677687577,0.03787548221613308,0.00644833075879743,0.01735802380589914,0.010546699630677156,0.0,0.05242199111281197,0.00644833075879743,0.028996024302518953,0.01564871870759519,0.059423923053734416,0.01398018737576857,0.029232817227913894,0.0,0.0134631014453515,0.0,0.017935946294623462,0.0023969430361056514,0.010393868927667773,0.05936538663709334,0.0,0.02130218052835647,0.0,0.013186013278737398,0.003122536661805012,0.006964154878231368,0.0134631014453515,0.010908311600688697,0.049655899826975,0.036967644848996735,0.0,0.05079034831688953,0.0,0.005024367926069358,0.006964154878231368,0.00016074148595243131,0.0,0.0
76561198070682954,0.0,0.0,0.0,0.0,0.0,0.0,0.0,0.0,0.0,0.0,0.0,0.0,0.0,0.0,0.0,0.0,0.0,0.0,0.0,0.0,0.0,0.0,0.0,0.0,0.0,0.0,0.0,0.0,0.0,0.0,0.0,0.0,0.0,0.0,0.0,0.0,0.0,0.0,0.0,0.0,0.0,0.0,0.0,0.0,0.0,0.0,0.0,0.0,0.0,0.0
76561198071154203,0.032926431562396996,0.030409704037962323,0.023535153087532398,0.027435904419385874,0.057664549208725664,0.023375791495740556,0.03141922293228958,0.035081125650214436,0.0090374343045202,0.020850849756711635,0.0168503348007829,0.03707171798403001,0.03605735069953131,0.004214983005239766,0.01197821962479733,0.02756751576737339,0.019646411213261147,0.011434251743003138,0.01757453143303671,0.026810629810208673,0.021190279237600213,0.0041241254895471886,0.0255187363695476,0.01950154258726835,0.04520647936175657,0.0379230682521138,0.009572798816385201,0.03444338049169389,0.029051735328253517,0.00785409413525014,0.0,0.016444637428344448,0.007798426726768144,0.008724835639733483,0.04507989656528518,0.0041643979554477455,0.013012110972980212,0.02961682305602392,0.01148437910047928,0.0,0.008262303945071768,0.008262303945071768,0.0,0.021234136521484193,0.0,0.0075642849533381585,0.023367166481833797,0.004031754327027889,0.008205226286503891,0.047418963488445695
76561198071193898,0.06613953190953975,0.07207223397754073,0.02810533841346429,0.01263719538732229,0.030791408223818796,0.03320872542754367,0.022529724559172015,0.045189219026752075,0.0,0.0576831785986645,0.024470348539464754,0.009605888655433485,0.07513398415961035,0.004834868231840059,0.009339284437235591,0.04002926611334449,0.00840243397116633,0.0,0.0444843575692352,0.0156008887386781,0.021000243222845383,0.011078280894140757,0.054620295921603,0.005905170380296395,0.02617703540977535,0.013472348478701605,0.008030089861584934,0.010685292019490557,0.014440359540329642,0.007916450210108117,0.005948430389131552,0.015640102918232625,0.0,0.005890149882309354,0.0037952423892238093,0.003992957109752903,0.005890149882309354,0.03194668008727773,0.007916450210108117,0.0054326481204721375,0.015640102918232625,0.018807206793272267,0.0054326481204721375,0.04517557515398786,0.0,0.004120724417735239,0.013767562671573311,0.005890149882309354,0.03112977717489727,0.0
76561198072888615,0.033421341386357134,0.044948456196499315,0.017102500087840953,0.016380251173512505,0.08803027597400179,0.020118759300479006,0.02295064840849588,0.04129086060589378,0.01165221637794626,0.032841451097498094,0.009518827906913607,0.011912183996293098,0.05874536714429428,0.01165221637794626,0.010419477115619236,0.022610344150623515,0.0,0.017767215593265388,0.04201357156789811,0.05582929039512768,0.012459336856300409,0.0,0.03865248380677526,0.006208007380660184,0.03427682744076247,0.04838753456518778,0.010416967975295233,0.031006654628658873,0.013546548620742355,0.0,0.0,0.018736846300214695,0.0,0.0,0.04755071653835384,0.004863637231036869,0.0,0.05208840211258091,0.0,0.0,0.013876684461918757,0.011355261725450738,0.0,0.01813125873054325,0.0,0.006787176236052658,0.010998800492007545,0.01611499635014286,0.020294839049069188,0.015041764641740219
76561198073067799,0.03211886465462559,0.05086563900688154,0.02993572543483836,0.047910864398205126,0.004656601285393013,0.022383788787053764,0.012397591897514378,0.01863418418917794,0.031219253595653407,0.024512703760521126,0.040366961751254885,0.042515795618404066,0.03964403362549247,0.036018260367324265,0.0,0.04265452357973522,0.012539997383792223,0.0,0.03880795841147743,0.0,0.047422363551598457,0.01117314161440075,0.05321494782900825,0.007279649370134869,0.0095061016842822,0.011606406328764637,0.026189988586380285,0.0,0.004694217849968219,0.004656601285393013,0.033054815006139306,0.04528341133195695,0.006386765017640229,0.0,0.0,0.0,0.010353131757834484,0.01863418418917794,0.0,0.009733461516455669,0.028172480833500258,0.008147408555633243,0.014062537249680549,0.04104771813778475,0.010259223415214918,0.004326756958629768,0.014200319534250421,0.004326756958629768,0.044390645840228074,0.004694217849968219
76561198073458595,0.03795521562448205,0.06688525853117798,0.02475786183199501,0.03475452440943602,0.035484851737774374,0.037423543659831096,0.04313894727790983,0.06910292783282018,0.031731149372182035,0.03074143061353431,0.034399048912896156,0.003712874261639753,0.008173837854407225,0.026779290593768535,0.008748344363154043,0.03730426481045134,0.02127335228007543,0.0076279003130382845,0.008748344363154043,0.014342920718210032,0.010388659081955676,0.004155539294869004,0.042017159303618254,0.0,0.039001507623894406,0.014342920718210032,0.010966193273660982,0.011087032243625538,0.0297966143774787,0.030065105269556525,0.0,0.007690270097262213,0.0,0.016529459303731734,0.017789453624016356,0.0074403308268114424,0.015486685226110464,0.04111420233198531,0.013643885911008418,0.008214845906614,0.0,0.023382863620815503,0.0,0.01732365206779548,0.0038231881915975633,0.0,0.028641108349352448,0.004011001695060404,0.007858784913072177,0.012143647385959527
76561198074367777,0.06824988770130053,0.05299346335781406,0.02275658283630042,0.08008072378759185,0.00469730015008608,0.04370204933926282,0.02528669684834274,0.034485309265861075,0.06246287843011651,0.011838952088036474,0.024797073749120838,0.014459827983734023,0.03722687757633613,0.06326274870915297,0.014250334659957852,0.015210602320518076,0.0,0.0,0.04106141882164454,0.0,0.042041687479257586,0.027101506960326975,0.031074238533181107,0.0,0.015351769141346434,0.0,0.0046605582997049705,0.0,0.0046605582997049705,0.021602285350326808,0.005666226679015285,0.056317763495672225,0.005241193305609598,0.009845293028464649,0.0046605582997049705,0.011551235614300628,0.004001407275139636,0.011821956677046984,0.0,0.0,0.043186313319436294,0.04034893582484756,0.0060136652945158965,0.02122894550471646,0.00469730015008608,0.0,0.0,0.0,0.0121038738424179,0.0
76561198075247829,0.054501701026132846,0.06711359378067101,0.012052115985427998,0.052461651338752455,0.0126371785395713,0.031500096208904045,0.0,0.02643008305360952,0.03861335363190317,0.03775568192404476,0.02726810600413593,0.0244502884621109,0.04098943493175153,0.0388556313268905,0.004981358524746607,0.04351800792618363,0.04157450670798393,0.0,0.06064342857630242,0.021037694119198022,0.022095390908330785,0.0,0.03309129055962895,0.014858555378874615,0.026144897624781973,0.0,0.007223538443119512,0.0,0.01253887761292002,0.0,0.012685405601111433,0.02812722021532443,0.0,0.011591997391636842,0.0,0.005062270977875232,0.0,0.019923034747683144,0.0,0.0,0.027557258066322705,0.006511884637217884,0.0054618671579919195,0.04098943493175153,0.004981358524746607,0.005100794151752574,0.0312071686026572,0.005062270977875232,0.024940708055373798,0.0184608633647031
76561198075601306,0.039082574664586006,0.05728748208015921,0.034182646918251736,0.040142147830049345,0.025833660397148434,0.027357327074533658,0.020828150603024488,0.04448590340402179,0.03590663929912597,0.034034645014333516,0.04284035898864589,0.006875710139079899,0.05456056875780197,0.046758588584105566,0.010970559971787069,0.038580961290625354,0.01476864710333514,0.005286131102986679,0.054975179933432844,0.009763158368954807,0.010039903280084833,0.009335264051989827,0.039757280252802396,0.0,0.03899862643773245,0.014180353233921644,0.0,0.0,0.0,0.015747635182063024,0.009335264051989827,0.015647694636263604,0.0,0.005286131102986679,0.004682642947993341,0.004530864574753745,0.011594217226537435,0.02085835752390225,0.017536355465991273,0.0062316603860823145,0.004665389056160138,0.02240289038545407,0.013107370525162212,0.04230894390561737,0.0063654703829302325,0.019362297165226847,0.01219813067437636,0.004998129900438017,0.006308086123550756,0.0
76561198076111958,0.07536743816551092,0.0768165338097388,0.027161040864020637,0.06587107442309081,0.0,0.04007373075742739,0.01114400515726142,0.012642937611966436,0.03759645997952452,0.04688877720231041,0.05766174956256662,0.02176077642276026,0.05145064067916956,0.04985646967416569,0.005179836711085434,0.019403209888801995,0.03090869230114296,0.0,0.06539526766681526,0.0,0.018999817915677068,0.010352798940301678,0.0645417967944118,0.005433801387808909,0.0,0.0,0.007303442855118786,0.0,0.0,0.005179836711085434,0.012483279566204219,0.030344342008515088,0.005179836711085434,0.0,0.0,0.0,0.0,0.006931913013530468,0.0,0.005485021101479794,0.024528433532364367,0.009976285735844503,0.010365183621954982,0.04664157208934218,0.006417146922516253,0.005123743439403733,0.0,0.0,0.02953310677599625,0.0
76561198076319546,0.04768910931521235,0.05030213691659778,0.004634923448526664,0.07783743509283518,0.009694250367089563,0.015958103039516943,0.0235477769761626,0.0531964980264969,0.07452367871958747,0.021455955497302975,0.02848074603618139,0.008901663420620671,0.0043847432096364635,0.0697757489488801,0.03138456407337266,0.04645755058121897,0.009270312171476993,0.0,0.010558197868677992,0.004774229935863821,0.03872970975968991,0.03592730955082924,0.03311620238152342,0.005599896979946874,0.024970990370932367,0.005501869607895216,0.0,0.004774229935863821,0.0,0.018216137772244703,0.01721608213813052,0.044318776710001354,0.01378233751687825,0.0,0.0,0.0,0.00476613375212369,0.03377342435877389,0.006813664838268353,0.0,0.03319092711481404,0.016775217558717023,0.004981388357865786,0.008835055388025963,0.013001081098511764,0.0,0.018874641109481248,0.0,0.024007300054225078,0.0
76561198078014024,0.02663070109240148,0.005970181252036457,0.02354487813056612,0.03215125722182379,0.04285447863486824,0.027726455621907956,0.02373075703491866,0.017677461183422727,0.03799118505704072,0.017863780895032343,0.0,0.019186155018900114,0.0565484017554526,0.03215125722182379,0.0,0.028992143755060748,0.04715915994154116,0.0,0.06321874194971458,0.0112167006419719,0.038206673970618596,0.00826550609510477,0.031445191028526776,0.005693345935184105,0.020765759003672443,0.00561989937963674,0.015487942370226424,0.015487942370226424,0.02055700860775109,0.005376772806754966,0.021202465571461562,0.08055284946494713,0.0060486335199693006,0.011304639731749607,0.00561989937963674,0.0,0.005839927835216935,0.0,0.013386538043229928,0.018779495919369164,0.052740063448804615,0.031346899448682006,0.0,0.01878373031566747,0.0,0.005407212279797833,0.018349366607806044,0.0,0.01660910168488675,0.012509438772589112
76561198078165637,0.0,0.0,0.0,0.0,0.0,0.0,0.0,0.0,0.0,0.0,0.0,0.0,0.0,0.0,0.0,0.0,0.0,0.0,0.0,0.0,0.0,0.0,0.0,0.0,0.0,0.0,0.0,0.0,0.0,0.0,0.0,0.0,0.0,0.0,0.0,0.0,0.0,0.0,0.0,0.0,0.0,0.0,0.0,0.0,0.0,0.0,0.0,0.0,0.0,0.0
76561198078169237,0.041776223969967996,0.02959525079692895,0.02461007836414025,0.07423024781036372,0.04113992544361901,0.06341873497139104,0.03955401766616443,0.008770334993514421,0.06935609681207723,0.03447778158330659,0.006741730534231354,0.0,0.0,0.06860260147155998,0.03477026233205971,0.03868702764614951,0.007693474138123557,0.0,0.06324948567068236,0.012386326112864878,0.01819677227413608,0.04435415135855386,0.0,0.0,0.008770334993514421,0.022171927064399872,0.0,0.0,0.0,0.029958331084834103,0.011308999049492218,0.040557513994661676,0.0,0.012095358766563421,0.0,0.0,0.005627646338803732,0.009302454482503754,0.008770334993514421,0.005627646338803732,0.009426437280621657,0.024251041449058566,0.0,0.024324189710713453,0.02368178389097364,0.006472791120634349,0.0,0.012765289577904052,0.023277395913168002,0.0
76561198078272251,0.0759217701278127,0.05745907706333257,0.06689304726018776,0.02635807751960872,0.009460395576456703,0.042500851044311824,0.00989479752641876,0.02098524366815713,0.016015201731781958,0.030587627780064904,0.026429229659926338,0.015698730290826753,0.08469435346020175,0.016015201731781958,0.010089155764182702,0.02560717682507218,0.020880897689003964,0.0,0.02566082678742961,0.0,0.02507462527928979,0.010064642249226697,0.06527856850350132,0.0,0.016057775843080935,0.0,0.005644461293315672,0.008393207782069558,0.016057775843080935,0.0,0.01570910354254237,0.037324797308200014,0.0,0.010801041683113598,0.0,0.0057705709799264725,0.004997370533165361,0.015534761663803793,0.0,0.037952411490369084,0.021754851519230258,0.022162648128009776,0.01733819575212343,0.04731595676675446,0.020080810668834465,0.0,0.010192130206198224,0.0,0.005342631457605572,0.0
76561198078817922,0.024241154400735203,0.07665432076342253,0.0064944431625047405,0.061173938901778885,0.0064944431625047405,0.013325653680292171,0.018020254613472245,0.043726251679618224,0.0319382342221603,0.019939466064744327,0.03275410667169884,0.0293387300233222,0.023065727985214647,0.03144258594074194,0.009792374001130493,0.06265444113797862,0.00834188301398418,0.0,0.036722534679162006,0.0,0.03784583082250474,0.026342187011978973,0.030224233648413167,0.005333252959284764,0.044383127939876206,0.0045418169545721416,0.03142394223250024,0.004109740500028854,0.007556444919202286,0.013480558631838807,0.03609868580758204,0.014913743957371049,0.01687019174670647,0.009711668733397277,0.0,0.0,0.008717157205822295,0.041997035265108236,0.01386465831891673,0.0,0.011622502128262473,0.01820550388909033,0.02111973187562045,0.012592917077435156,0.0033896331148676653,0.0045418169545721416,0.01830583061466562,0.0045418169545721416,0.01794406070619641,0.004201365925147147
76561198078883021,0.05718448853737255,0.07711288242010977,0.024577759130496982,0.024818052992510612,0.014567827389351067,0.03364577827523377,0.010098872572951728,0.06178323885203102,0.01035999834788869,0.05714920933215709,0.030557922967867492,0.031191808110851846,0.03032038930613231,0.0054795675876234,0.024818052992510612,0.04750659277901912,0.039352239970555286,0.0,0.020131098399525794,0.014410719452301017,0.009309256374095182,0.004428825613829894,0.025151299026872336,0.018654359728154407,0.03682898935732716,0.023653185667007876,0.005198362176040553,0.009790253835934012,0.00457230558109454,0.0,0.005198362176040553,0.015867885221159502,0.01036082989596429,0.0,0.009127594549946442,0.0,0.020557269884869903,0.05231033187309431,0.0054085438050717315,0.01478750529456297,0.004468346568614556,0.00909987147133363,0.011181714604529562,0.025358789608009677,0.01573624405655325,0.0,0.02846493714398095,0.0,0.019418437069422586,0.0
76561198078942414,0.04047540713514001,0.014263479149577086,0.038160500316219204,0.04558705060581512,0.04943233902421976,0.02555864169054303,0.051707500101239715,0.0289184282925213,0.02466091228579018,0.02641539549572306,0.00556914247818215,0.005665637197099854,0.012286948135869119,0.02466091228579018,0.053587207760847064,0.04446114357713274,0.010018659556779322,0.010342293012887693,0.026903611408791033,0.014224551916336467,0.027460554551641942,0.03307339936741155,0.011487146997450166,0.04002451554387043,0.015858448521171346,0.029056198544201533,0.010198830468693387,0.024045037188449345,0.004528220684309853,0.04390085538956598,0.01874389570098128,0.014086137261775263,0.036877989850037235,0.004896372789031308,0.0,0.0,0.0,0.020400551176876846,0.0104724742425224,0.0,0.007949065234475503,0.02309571717537016,0.02039411361518826,0.004292491600933823,0.02457721779067856,0.0,0.0,0.0,0.01715278419455002,0.004528220684309853
76561198079488752,0.03758007765471418,0.047854030737014365,0.030486317763706736,0.07132521044272204,0.0,0.024677631202075518,0.022261959843049562,0.031107193640639,0.046119614252665204,0.03614744323872518,0.03959047588249936,0.01677255778434049,0.03602128978404947,0.06550133768295677,0.02832778811587639,0.02418260713677874,0.013588869999892566,0.0,0.03632585632051599,0.0055736514061969075,0.039905097656219586,0.02970798373802274,0.04602714556831197,0.0055736514061969075,0.011461350633148154,0.0,0.005213624623816763,0.0,0.0,0.011028455330372158,0.02862693322277754,0.031102544174914374,0.0,0.005659853106480495,0.0,0.004244810437162541,0.004690093621614006,0.008442319529424865,0.0068372405764150325,0.020103912178258368,0.026911329420957246,0.028299569821407973,0.014658516794751697,0.02999541343679489,0.004322623543901911,0.0,0.004624110056733121,0.0,0.01911950823389935,0.0
76561198079917174,0.03132887157636049,0.04025785949550058,0.03808333092867032,0.03757801548992454,0.03513011048552898,0.0293113253415884,0.03339584782123318,0.02340310443338406,0.034179676691255906,0.020905890290701463,0.039883199725042964,0.030197873456817195,0.050620664163882154,0.02387534633691161,0.011015364134157482,0.009800388408266757,0.015838912532874307,0.01998204855929856,0.05517288592437918,0.029384941361198794,0.027598476168039145,0.009984540469059536,0.017239301642852617,0.03123262899035671,0.01677089731286509,0.022664017890167677,0.005642115452864397,0.005642115452864397,0.011359969304843539,0.0,0.011366557387352278,0.02430733180535399,0.010040156755321467,0.01248769342712221,0.014217294648501827,0.0,0.022389006040704193,0.006556708083179502,0.006241682900284642,0.010040156755321467,0.013781836361258277,0.014567968718463819,0.023800342992016492,0.033383093245970843,0.016814138378706208,0.0,0.004887098959716054,0.0,0.012752114740120708,0.004887098959716054
76561198080951406,0.0,0.0,0.0,0.0,0.0,0.0,0.0,0.0,0.0,0.0,0.0,0.0,0.0,0.0,0.0,0.0,0.0,0.0,0.0,0.0,0.0,0.0,0.0,0.0,0.0,0.0,0.0,0.0,0.0,0.0,0.0,0.0,0.0,0.0,0.0,0.0,0.0,0.0,0.0,0.0,0.0,0.0,0.0,0.0,0.0,0.0,0.0,0.0,0.0,0.0
76561198080978566,0.060988055224515135,0.04671919139349368,0.035460917979509704,0.03466247811572459,0.038054122975024134,0.05982839596576972,0.025684758753137443,0.042856839438977466,0.02894446130487848,0.03970580475172261,0.021213853566997613,0.005718016810846113,0.03813484258176148,0.02894446130487848,0.009023940243068518,0.027430973132175532,0.023734153425954245,0.022683722433470378,0.02148594339079854,0.004364098202881912,0.02973147073673824,0.006846841574280446,0.008387278149214363,0.0,0.011660672233094464,0.019362377960218276,0.012869728336314026,0.013145675527354373,0.01515180890129796,0.004931007378986355,0.0,0.047938694692642496,0.0,0.0,0.004364098202881912,0.023222898978284553,0.008387278149214363,0.0161720985842418,0.005718016810846113,0.017415883382108654,0.02284755074120334,0.026930803922781788,0.006846841574280446,0.013512137444985382,0.008387278149214363,0.0,0.03333901485853064,0.014117529305493157,0.0,0.013073983410206677
76561198081505083,0.0,0.0,0.0,0.0,0.0,0.0,0.0,0.0,0.0,0.0,0.0,0.0,0.0,0.0,0.0,0.0,0.0,0.0,0.0,0.0,0.0,0.0,0.0,0.0,0.0,0.0,0.0,0.0,0.0,0.0,0.0,0.0,0.0,0.0,0.0,0.0,0.0,0.0,0.0,0.0,0.0,0.0,0.0,0.0,0.0,0.0,0.0,0.0,0.0,0.0
76561198082199261,0.06712798122989301,0.05155696816108769,0.04009600246071241,0.05550343505033137,0.015312442751255656,0.03885362511773126,0.009974921289484821,0.05458183852291811,0.02863205359226582,0.032619740050775475,0.04182594990585656,0.0034186985307160453,0.017276416788573654,0.02532196706773308,0.032876948464107145,0.04698004102990886,0.02100430172152269,0.003117192502480779,0.038257500201665046,0.0,0.02610734669286761,0.022416750178216895,0.04486194381189403,0.0,0.02021489519887296,0.0,0.0,0.0,0.013674612872161105,0.009579712926636766,0.01999484542623682,0.020733547865388658,0.01664523558022904,0.0097961915660425,0.0,0.0,0.0034761451571566583,0.024316903142457946,0.0034761451571566583,0.02516735577891929,0.011988321065184774,0.025151413300031327,0.021698237241421427,0.034985385195515285,0.006535891033196825,0.0,0.00618004953020498,0.0,0.008661046841189023,0.0
76561198083275991,0.04592786525419418,0.028215317109087822,0.026191988865003953,0.05258493306323945,0.02853927454871054,0.03961332979928453,0.055192455623050425,0.02840328239290128,0.03007934887086192,0.03273042787787544,0.03265429534470917,0.027644893506181337,0.017383213320906914,0.03145488633548945,0.037693905145730636,0.028273946798497797,0.03126853660268538,0.0041706319792680835,0.02393407811576574,0.031663804425161236,0.004246076593978245,0.020908893013914392,0.03053192316335076,0.01730874040471165,0.01565060171652124,0.00665346681320408,0.01563986619526025,0.024809663783075617,0.004512092082841045,0.019723880097978718,0.019681256401081638,0.012326756859461557,0.020259571858193774,0.017360020659445974,0.014732256812904587,0.0,0.012646317557768506,0.011404525122542995,0.009459084884680256,0.0,0.0038497470437425818,0.004246076593978245,0.01723556264824456,0.015534334768618385,0.01502394648876916,0.004178866935876612,0.0047510583093389154,0.0,0.02370499821191101,0.0
76561198086717023,0.0,0.0,0.0,0.0,0.0,0.0,0.0,0.0,0.0,0.0,0.0,0.0,0.0,0.0,0.0,0.0,0.0,0.0,0.0,0.0,0.0,0.0,0.0,0.0,0.0,0.0,0.0,0.0,0.0,0.0,0.0,0.0,0.0,0.0,0.0,0.0,0.0,0.0,0.0,0.0,0.0,0.0,0.0,0.0,0.0,0.0,0.0,0.0,0.0,0.0
76561198086810047,0.05085371722089681,0.07743566948676243,0.021632362065276047,0.03633071861683776,0.037120157898885724,0.012725895584707788,0.013474410380031143,0.05263034438592658,0.013187447030252247,0.029722710881744187,0.02692884935366263,0.019015666017883983,0.01455315253928582,0.009996436691809961,0.020063807826596645,0.03528623608185183,0.004740294670943299,0.0,0.0104436044919137,0.02369457496168672,0.03847660455503872,0.008897228255678043,0.023134054957618087,0.010891366046426343,0.039029523233342,0.03145050202702626,0.02521431061818209,0.020983188432458565,0.04120928817333008,0.008070919002181933,0.004441603407609736,0.003974264735927124,0.0,0.004157496059338415,0.03644868123389845,0.004157496059338415,0.0,0.033858198915411246,0.014881262574929647,0.0076595317175328645,0.01658199847947754,0.021411100996126895,0.018272724499456872,0.011091596975036571,0.0,0.0,0.028898806297414672,0.0,0.010436076694594686,0.0265361198656695
76561198087883574,0.039008159235502896,0.06883172223942265,0.006112999949254281,0.014901023883165141,0.02823011139259793,0.04301410144394628,0.02721770115550506,0.08640344505427745,0.011403341240764732,0.028108677711570943,0.015528275171775777,0.009821696099675639,0.0,0.010513247670812794,0.00335315859434275,0.02734016888175015,0.015540761628823977,0.007602374147477062,0.022744406148045588,0.0,0.046760940746072704,0.0,0.009445372531837255,0.0,0.07284986847392257,0.003858441800760469,0.022572481167420007,0.005263748520105318,0.08309116103882166,0.008359886540594158,0.0,0.021411197065534505,0.007310088367495071,0.0,0.04281907425467772,0.00925535770941757,0.0,0.021516371983906463,0.013277070382939814,0.0,0.017481019607103486,0.06580310591325587,0.0,0.006112999949254281,0.0,0.0,0.022561862851342002,0.004115521820233285,0.0033259770798205975,0.047133080546774064
76561198087896550,0.051826949173817284,0.03836274696770881,0.029599956562190895,0.05817337016523822,0.04605055869813396,0.05831072336742779,0.03531118872505117,0.036431798892777985,0.03816087816557299,0.036443578546699766,0.020329540921675115,0.0,0.009634840424271839,0.043317533769411345,0.039253977319972246,0.034735521133451054,0.01418469019343876,0.0,0.037719590607750014,0.009345402074533955,0.02631746697879275,0.027349912534854998,0.012384400375446641,0.00443808769972982,0.02560555408156013,0.02826855338309531,0.007187647650904621,0.011625735350634442,0.0,0.01941629536447898,0.010272086285179347,0.025662426751024134,0.02647364668260441,0.004726758904595087,0.004420037485963027,0.0,0.008995862532753649,0.025961898912700787,0.006298774837126779,0.004618643169938868,0.008413485560794985,0.026444810960892663,0.010712750711170069,0.005196752724542019,0.005772642028532207,0.007187647650904621,0.0,0.004726758904595087,0.014328516768061293,0.0
76561198088261628,0.0,0.0,0.0,0.0,0.0,0.0,0.0,0.0,0.0,0.0,0.0,0.0,0.0,0.0,0.0,0.0,0.0,0.0,0.0,0.0,0.0,0.0,0.0,0.0,0.0,0.0,0.0,0.0,0.0,0.0,0.0,0.0,0.0,0.0,0.0,0.0,0.0,0.0,0.0,0.0,0.0,0.0,0.0,0.0,0.0,0.0,0.0,0.0,0.0,0.0
76561198088724831,0.06958591165286002,0.06124927313628489,0.04075017002581904,0.021142579540678046,0.04281473469603232,0.046707613801310444,0.0148019911959961,0.024527143043263006,0.003971022135492577,0.03190524639363666,0.012461899825031014,0.043431494653607766,0.023445293232947174,0.0,0.022592085565806823,0.017512455360279736,0.014592838791788269,0.018446837561060428,0.020765171627238867,0.007282013925246475,0.017831587750924145,0.013722905900614512,0.022779548665668718,0.028615640313029614,0.010244408388346888,0.0,0.017598977862760976,0.016869684759677844,0.017076495506936733,0.006371610150302818,0.014408200474555594,0.03265002822861963,0.013191327422798278,0.0036263041226240293,0.0,0.02008849889630484,0.008636854942252742,0.011541104066202302,0.008636854942252742,0.005971351294077436,0.04535597016827319,0.00937563321370274,0.0033109917897538982,0.018397196986766985,0.009238859831402239,0.018205175606589047,0.03289193730897212,0.01684331882674326,0.015468942060842587,0.023064814354624475
76561198089859684,0.03884053896393546,0.04448432247302883,0.03964815857147346,0.05020106824243387,0.0,0.04005574545428887,0.024061371465191415,0.07093137607507577,0.021372168922677074,0.040131531680225686,0.03132745811335966,0.03155178396304144,0.031128987297005008,0.021372168922677074,0.003989703851152772,0.013660820953278257,0.012883607766831898,0.00854963250193056,0.0,0.012298097009625588,0.03872277779793091,0.0038212018832275013,0.05966589028495917,0.004917936252309017,0.03611875726503516,0.0,0.044420105772292044,0.021083847856348044,0.012467506281005283,0.012499982268611858,0.0038212018832275013,0.016222210840122216,0.0,0.008475036737450016,0.04003723184406958,0.010855722426619599,0.008204075811449973,0.014648257242501956,0.008359259202749202,0.010817801220259804,0.006521408755032237,0.043810918399835655,0.014566265727954834,0.019325651340211143,0.004559928650777786,0.0,0.019568482028786832,0.0,0.0,0.0
76561198091122227,0.06671371502255372,0.0737757858520693,0.04873610919855741,0.028395454658291602,0.03490753648171286,0.06259106760778908,0.024178102858067766,0.033943006129527734,0.025024479014989196,0.03631456047291787,0.0500542848152481,0.010191869398984964,0.03997918919169228,0.019372170098365726,0.01995533223534454,0.015445354175686899,0.013225250339175099,0.025922555096942794,0.040337597409289404,0.031785234416554294,0.0160998723859918,0.021401175415863498,0.028088302300460916,0.005104302970885681,0.01156545958512682,0.01785506029779092,0.027211993748263923,0.003827869038913442,0.003827869038913442,0.004375993347435983,0.01052060064041689,0.011163460291358457,0.0,0.011952788613328822,0.005147809155830266,0.007791869721762976,0.021546561749506813,0.01635709712159175,0.0,0.00964080759480222,0.006474919872286474,0.010393901461326672,0.009855407201897834,0.014355590950298347,0.0198009954857204,0.0,0.0,0.0,0.004791637536464931,0.0
76561198091140590,0.05036215525582355,0.05026935397108813,0.05829756640163756,0.019118211609056142,0.05776000559747481,0.04807576999801602,0.04435679251471733,0.03602660505779427,0.0035291426427166658,0.03697364924883952,0.01700694495948979,0.005766593647477289,0.034855311288437635,0.0,0.008550719097358137,0.017762541371189898,0.033750112806416016,0.004343643621435122,0.032500085844232966,0.034013879503420066,0.010139002739817365,0.007403540699618445,0.03958588162899943,0.004566827611745335,0.033340481269399876,0.028779745041128804,0.0043724090923400755,0.005998625235229988,0.02699967999863673,0.004117833834359956,0.00754134895542217,0.008446281360817959,0.0037136563581869255,0.018843580617497878,0.020883730555826846,0.005948077261960408,0.005766593647477289,0.008958305397841777,0.0,0.0536396988068408,0.004552994143762255,0.028840485869167154,0.02290335851321396,0.007345211339342456,0.0037136563581869255,0.005841731069789249,0.013904593086051983,0.005998625235229988,0.0,0.014534959835487029
76561198091232355,0.03569786413213391,0.053226758030258996,0.02632475260557722,0.007410869493294357,0.02225666164059418,0.046548461243660334,0.01124831463383001,0.029625694061343293,0.004518468313495339,0.0285693347270958,0.03499127261640384,0.0345280188372325,0.06045382600024216,0.0,0.0,0.028435200554659743,0.030856529196548833,0.009383334256209307,0.044604495321822216,0.016732049276909782,0.009205675302359143,0.0,0.0420971305083524,0.02230343790315297,0.028966714546645282,0.017240645770851864,0.014830127679207137,0.006561107644966208,0.014838444288870694,0.0,0.010882398776477916,0.051372394951808655,0.0,0.015429095269063003,0.0,0.01662830181673875,0.00953903959155257,0.02785602460051167,0.0,0.021728954550175913,0.02666468663599429,0.011338120079807838,0.007610123625403551,0.0209867078056776,0.004851832602688768,0.005049982305480877,0.039161468661191245,0.006561107644966208,0.025279346449679135,0.017605226047064493
76561198092225547,0.08147591439437595,0.03739180077914173,0.05207917032087874,0.02221546291925841,0.023451309242170395,0.04095924739647549,0.014879082150233857,0.02374191752303557,0.02451912225427803,0.0522393900809062,0.025430015294512748,0.03303303005234745,0.02737113018750721,0.017453861778033743,0.02174546457726352,0.013897210275418891,0.027345964724350334,0.005452342176721201,0.03936749704721678,0.023018779310918353,0.0220810800484677,0.009918602959794562,0.029583311558709666,0.010058539793747566,0.01144505756357172,0.004980298526345824,0.01641880707530553,0.0,0.01144505756357172,0.005083106106392008,0.020244271759165072,0.0,0.0,0.017393981692905847,0.011414792778325926,0.004914588662814959,0.01801721048012404,0.017185816073972453,0.016703926225159624,0.0167619092026665,0.0,0.012873675055321191,0.010250185604525022,0.0351901861309971,0.024056890427890144,0.02584830342656558,0.006361951457179712,0.011178385030283176,0.01716040085397286,0.006361951457179712
76561198092251510,0.05982344600556366,0.07813823044798204,0.010463393945944106,0.026725697698050097,0.020564355757920347,0.020999347772820656,0.023400494360839633,0.050448501457633334,0.0420381160327405,0.041444372208481246,0.04650421048276013,0.0,0.033800563654772416,0.03300518597228627,0.011569750895367489,0.04542701978840946,0.014245638195761074,0.0,0.037408039942192196,0.021485324314521635,0.02349581907170515,0.011684074041941824,0.04474690597666581,0.011622303769626495,0.028304389795532913,0.0154529629226939,0.00482037749762608,0.0,0.00482037749762608,0.026152422646981203,0.02313134579371563,0.006410775142939043,0.0,0.0,0.008787153625803564,0.0,0.01670537105808776,0.03252856039335595,0.0,0.0,0.006410775142939043,0.02269273564470146,0.011142304253428869,0.03394288579470606,0.0,0.0,0.018696992181407298,0.0,0.03095977881446951,0.0
76561198092612698,0.039865658548679656,0.05435722247765418,0.04219444475280385,0.022802997957585003,0.04304865036092981,0.04332671181149534,0.007033443865879886,0.034965872026852085,0.01741137956474721,0.019120116129588097,0.02582420671772834,0.023396885410115163,0.09343536213942134,0.01741137956474721,0.0,0.02735575841763465,0.03616371127028309,0.0,0.02429042912200091,0.0,0.010731834173600959,0.011730523256876816,0.03711057774741647,0.017499530845057572,0.022925932486662876,0.013671014645635844,0.007033443865879886,0.013554712256107482,0.03783904090751016,0.0,0.018220203107007525,0.04772502051192462,0.0,0.006027466299270421,0.00534021578076317,0.0,0.0,0.011551552186817998,0.005512745694908716,0.0123370810910672,0.025733715934301002,0.017033037407721104,0.0,0.030983585024916056,0.011720615711165758,0.0,0.028731901697990295,0.0,0.017554213316839044,0.017427805912413136
76561198092647624,0.038751528227506486,0.04626259387428575,0.018920970349886868,0.04869075717464451,0.03125574187606307,0.04466638553248094,0.05176702192646151,0.06715663289990352,0.025949886696202813,0.021426022722262912,0.03289539095807415,0.021375685809709444,0.01571286335626255,0.02194898337862443,0.011715178001341522,0.0178060062340485,0.009427787004446337,0.008389346216823896,0.011993527498902852,0.04092478487075686,0.023444637636507448,0.010917387100694087,0.024962185068632587,0.020787864337573493,0.0343253345703269,0.026788001917383137,0.027527696605869494,0.005495611246601308,0.021240156941192936,0.02325226256966843,0.004447865128244081,0.008647108568334616,0.0,0.010173805507732626,0.039975339561271306,0.01268264908539618,0.003910479270922226,0.01102743042000812,0.008079850042960798,0.005524005526452848,0.0,0.026317553588826894,0.014490930142598446,0.015010491078964641,0.006469521972450006,0.00946452571313859,0.0,0.003767043998472163,0.0,0.014233167791087726
76561198093260511,0.041205297503835184,0.08166224055802919,0.03069661590122588,0.022526451907053744,0.03293692205220199,0.014122343825935902,0.008301234311942532,0.0778829574115306,0.007130741877027321,0.060460322930208574,0.01094713318458562,0.004008927956418035,0.01823277006649383,0.010945261839344888,0.0034085716594390598,0.06245299807318703,0.05436730365403275,0.003280098940172959,0.019747419952565473,0.0071665374258390365,0.007108954480446437,0.0,0.02167493887534994,0.0,0.07409234123076334,0.02686709267889846,0.0,0.010207880678700997,0.028725205264620916,0.005000382719029555,0.0,0.0038176721809645283,0.0,0.006813554947913749,0.013699615792625904,0.0035398864119143233,0.0,0.04170074805645015,0.015389436139648952,0.01816117188466787,0.0,0.025955438874215832,0.007501288473285529,0.010604343116378671,0.007154645658577631,0.0,0.0513129661255988,0.0,0.01092653895665625,0.038263746422222696
76561198093336856,0.044048748996229806,0.049863364048093474,0.020021615834269365,0.06942184299413592,0.01502687574320463,0.020143106871373852,0.02968944952686672,0.027652082297481038,0.07100634067128403,0.013812924467554862,0.03372854590193638,0.005368729762940442,0.03495140178280288,0.057365037536356925,0.021798774627444995,0.039610904739374314,0.01997163778272996,0.0,0.030363307699319865,0.01641182668867144,0.03362977942864846,0.01939573707207771,0.032966259091789636,0.01149773200060923,0.014982717582945098,0.010490328971004598,0.009910966691589604,0.0059525834004277925,0.0,0.01781416961039531,0.019786783629568493,0.03535434538556709,0.0,0.0,0.0,0.0,0.0,0.022540280694134815,0.010160082715781924,0.0,0.04022475169057245,0.014732435432364788,0.004490729913260189,0.02339802061112125,0.004587172984259891,0.009846542543230646,0.009877322762812224,0.005309995771030613,0.022794744044737393,0.0
76561198093697680,0.0,0.0,0.0,0.0,0.0,0.0,0.0,0.0,0.0,0.0,0.0,0.0,0.0,0.0,0.0,0.0,0.0,0.0,0.0,0.0,0.0,0.0,0.0,0.0,0.0,0.0,0.0,0.0,0.0,0.0,0.0,0.0,0.0,0.0,0.0,0.0,0.0,0.0,0.0,0.0,0.0,0.0,0.0,0.0,0.0,0.0,0.0,0.0,0.0,0.0
76561198095755900,0.06462599545121847,0.06643106728993534,0.041022246025239156,0.0379081242361046,0.04157952805674124,0.05321977518876264,0.01644868692703847,0.04962542205533007,0.03135574419639883,0.035604755509107376,0.032604292104748384,0.010517187750138518,0.042846200429597144,0.026429473248967914,0.030941778241480488,0.05007586188652939,0.010105787245846985,0.004416474341409875,0.05734634623940924,0.02061405034837477,0.021289012810721944,0.013704834581350743,0.02363212016888679,0.010440695505811004,0.02332660605925698,0.01104121227499779,0.005787144887690901,0.010934541992937957,0.005787144887690901,0.0,0.013953334985325309,0.005700858575967181,0.0,0.004460393049623792,0.010498818983094613,0.0,0.0,0.033646082065802725,0.0,0.009282591414454021,0.0,0.0,0.004537356786180073,0.02673120235774351,0.030100581946829755,0.0,0.0,0.0,0.005639525005564301,0.005787144887690901
76561198099004296,0.022718785247961282,0.04702236456852066,0.018953052708743076,0.07009411811983124,0.004223987051946409,0.04531554054969004,0.0482428384976061,0.059863070340379236,0.04776134383816396,0.028411041870752846,0.04399491241745703,0.0205612944315699,0.020426503082948452,0.04384145902496489,0.0,0.017958465592636953,0.009288341300456216,0.0,0.017484721324326616,0.0038787007757909143,0.04884658254483085,0.0,0.045725146595178755,0.006615049106771963,0.03370631032033193,0.0,0.020535222368797904,0.012022676245126939,0.02539850283891637,0.023685614203381066,0.0,0.023213031082321613,0.0,0.009350500703166512,0.0,0.010413134816426639,0.0042534547637582566,0.00762104965044439,0.026513607831899915,0.0,0.019694071559825166,0.060967460601904486,0.0,0.009268982055017388,0.0,0.003976856519256442,0.013759554070966445,0.0,0.016108936691010243,0.008283714686920823
76561198099250072,0.04608110640333183,0.09268972349470446,0.010037814473883142,0.10455731274488689,0.0,0.020139385563147195,0.016425839449980755,0.06111199401866947,0.033378305916389045,0.03277411729267098,0.037912727911812924,0.01647712278760433,0.004671968526290261,0.03902325907459006,0.008130076318393291,0.027758523662059793,0.0,0.0,0.02758165715027551,0.0,0.08934335979845964,0.020260184014250768,0.010316921684491276,0.0,0.027105368856149597,0.0,0.004823893996819303,0.0,0.01185108789156657,0.006076413144305576,0.00951077884047505,0.028012459968796165,0.006076413144305576,0.004671968526290261,0.016979929525010463,0.004671968526290261,0.00851316121977623,0.023245750148377514,0.025701427937910488,0.0,0.028012459968796165,0.0444611248573555,0.005365845947592882,0.0,0.0,0.0221756012975643,0.01629305356825134,0.0,0.004351733626807587,0.0034281587216675223
76561198099562777,0.049923897854254294,0.06561235930598884,0.046616394805398836,0.04728268723752002,0.03778118582544918,0.023143742789503964,0.005074472564328584,0.056678079822281534,0.042806394616351384,0.036487805458654404,0.006374066690013118,0.0052982733791861044,0.03757631935972831,0.04271650527180622,0.014747638631914077,0.031367992418476515,0.01192698417330081,0.0,0.02441029273008141,0.0,0.034887428566107714,0.023832854332722593,0.0341829671995205,0.0048489672800936644,0.01775191862879687,0.0,0.0,0.0094594335547624,0.023225387865410552,0.0,0.021398843559212986,0.026460534134435654,0.0,0.010584732502420927,0.004538050149905898,0.005099010338909844,0.015236887676507532,0.00732822044492572,0.004746330476869042,0.03314629353307817,0.03215592284725804,0.02834374461196064,0.028565328754745416,0.0175030626307308,0.004855029496916312,0.0,0.015522708522780995,0.0,0.0054022396187802,0.005099010338909844
76561198099813068,0.0,0.0,0.0,0.0,0.0,0.0,0.0,0.0,0.0,0.0,0.0,0.0,0.0,0.0,0.0,0.0,0.0,0.0,0.0,0.0,0.0,0.0,0.0,0.0,0.0,0.0,0.0,0.0,0.0,0.0,0.0,0.0,0.0,0.0,0.0,0.0,0.0,0.0,0.0,0.0,0.0,0.0,0.0,0.0,0.0,0.0,0.0,0.0,0.0,0.0
76561198099985988,0.03930213856465208,0.08028874150307765,0.003781903915184918,0.056627987530174985,0.009789415777517328,0.007534618765743987,0.01568807262506598,0.08477193230386006,0.041213520698898845,0.024196627776077177,0.027743574594890033,0.008695066966383704,0.0,0.042186785788953594,0.0,0.031401275541158596,0.01711801056665797,0.0,0.02556686157338915,0.0,0.08291953397337083,0.007176649534116913,0.014961248199626754,0.0,0.04086391210784178,0.0,0.020246332394967783,0.01471596287035404,0.03174098897363425,0.0035674150015581117,0.01150614927009699,0.037025066903146005,0.0,0.0,0.01400052042064883,0.004103946809179347,0.0,0.0134968305160568,0.020419774554081328,0.009391428757921634,0.042871819350895936,0.058932757868931644,0.011825952032532835,0.0,0.0,0.005203376919753445,0.01331840616733792,0.0,0.005984436295527949,0.01982095658673282
76561198100098775,0.05093497023860272,0.04750614791928822,0.07555638450184661,0.010660558335475913,0.011050414857070971,0.05149689716564512,0.005293494753827066,0.02468414765702648,0.010660558335475913,0.02629158828678776,0.04809222321259379,0.026049147651859613,0.08668967710943919,0.010660558335475913,0.0,0.006468666820052916,0.0,0.0,0.04199058102153897,0.015968462587190615,0.010660558335475913,0.016364716304493192,0.0481523240881421,0.03876874610172054,0.006468666820052916,0.0,0.008333847203025215,0.023667002585145903,0.006241992176042466,0.0,0.04419663345694133,0.040035910321942605,0.010230938669086084,0.01155629362346469,0.0,0.0,0.012504791045680091,0.006468666820052916,0.0,0.019998497957806637,0.040035910321942605,0.0,0.02545574750088485,0.058455966827154655,0.011071221550666128,0.0,0.006468666820052916,0.004808422681028504,0.0,0.0
76561198100808600,0.0,0.0,0.0,0.0,0.0,0.0,0.0,0.0,0.0,0.0,0.0,0.0,0.0,0.0,0.0,0.0,0.0,0.0,0.0,0.0,0.0,0.0,0.0,0.0,0.0,0.0,0.0,0.0,0.0,0.0,0.0,0.0,0.0,0.0,0.0,0.0,0.0,0.0,0.0,0.0,0.0,0.0,0.0,0.0,0.0,0.0,0.0,0.0,0.0,0.0
76561198103186740,0.047466303384805515,0.09188787094618044,0.038986505958837826,0.032470006822449826,0.004297335634159268,0.02596933192466849,0.008983610686374623,0.09596233656688588,0.01339960467527879,0.06092141392225284,0.038564589597347244,0.003939059732337147,0.03920555620572684,0.019228352918201064,0.005095309080487652,0.06633164872483878,0.023944880885505483,0.0,0.012359946687122642,0.004923875358920371,0.012723321874043812,0.009236635675605648,0.044401862796680514,0.0,0.04855386823613221,0.004297335634159268,0.008862935091257518,0.0038633428734497458,0.011878498839640202,0.004059735327454253,0.008839147888131813,0.004550003559154256,0.0,0.012519947887320063,0.008862935091257518,0.008452982747543792,0.0,0.055806679297238135,0.003777893300094422,0.004550003559154256,0.00406455189754129,0.017192363933040588,0.003851815982951146,0.026300853109533173,0.0,0.0,0.03906705505102549,0.0,0.01627759324260117,0.004071097392609107
76561198103234257,0.057441792538927075,0.0301565702635965,0.027546149546510315,0.03684322580488606,0.04698362503087457,0.03636002474686631,0.02115018738715866,0.017472211638695,0.02501547172930077,0.01424577782401781,0.007022333835343924,0.015073525190865788,0.009843907285742378,0.02205864951973937,0.019859551934309744,0.05974330128192371,0.03434204247194212,0.01041325576325653,0.04626232149155115,0.00418513322660034,0.031192496753737788,0.004693977184421467,0.015202864104174521,0.0,0.028197380516025414,0.032749833060393516,0.008556378733695509,0.004371245507095169,0.024249284696418644,0.01665987652436432,0.004693977184421467,0.058216721539089335,0.010226796391860499,0.005592961723503976,0.010263398688771009,0.019032635113928723,0.0040146815901557185,0.030705587771386884,0.004065511625782524,0.011740925317089023,0.016417735612010518,0.01752401625346102,0.0,0.011292725819519622,0.011566225291921377,0.010808853671415534,0.03141667761602839,0.0,0.011037015425499643,0.02349115777172028
76561198103723769,0.0,0.0,0.0,0.0,0.0,0.0,0.0,0.0,0.0,0.0,0.0,0.0,0.0,0.0,0.0,0.0,0.0,0.0,0.0,0.0,0.0,0.0,0.0,0.0,0.0,0.0,0.0,0.0,0.0,0.0,0.0,0.0,0.0,0.0,0.0,0.0,0.0,0.0,0.0,0.0,0.0,0.0,0.0,0.0,0.0,0.0,0.0,0.0,0.0,0.0
76561198103942045,0.07708000636314193,0.06316200159037134,0.025266904829989955,0.04849163978732418,0.013153868470395187,0.02837190271938899,0.030712877533949717,0.05889490323897206,0.033520701307919364,0.029177104998175878,0.043395093683446885,0.025466815772315004,0.013148255981526831,0.02403886961660513,0.014986230844818616,0.0162727269218582,0.023261021108651962,0.012820473613656071,0.029985025639420185,0.004058074241740353,0.06960080636563301,0.004607555783212008,0.004058074241740353,0.0,0.029324762084988177,0.0,0.025258360972011118,0.009843790518698848,0.016909037956671986,0.01005281270903335,0.0,0.020673296937241542,0.0,0.008456975063716716,0.013526654078525598,0.016063708170548373,0.008456975063716716,0.00977482902982329,0.037096661223192044,0.0,0.01893196599953068,0.05743008468050565,0.012770272446360868,0.0,0.0,0.0,0.005768966251438096,0.0,0.0,0.0061299121597437195
76561198104612711,0.046393786042490524,0.07238000992087544,0.016175002452854224,0.05956660026086694,0.00815154656674691,0.0269845600474031,0.004080103563215245,0.059520600739226145,0.052636347121075844,0.03802638731762185,0.025974875133715557,0.008079967520302416,0.009463082545895007,0.05583097725740842,0.03296249938589375,0.052747014081607015,0.051652206997482755,0.0,0.019331117224110076,0.004315206127162026,0.031109257407971092,0.016167791470720005,0.030080128011923116,0.0,0.027828957937635047,0.00815154656674691,0.0,0.0,0.005251219722693021,0.003951293333345762,0.011715179503995738,0.023449700347163847,0.008031396896561007,0.0,0.00815154656674691,0.00891256273602748,0.004080103563215245,0.04026726319001735,0.0,0.0,0.028493582316992772,0.02545436991701176,0.003951293333345762,0.017299311919661782,0.0,0.0,0.020380936235689463,0.0,0.03300066871658271,0.0
76561198105432969,0.06276621026537108,0.057875449221565005,0.023133689230221917,0.07637493428967458,0.018312903297547155,0.030745503301798757,0.03190001891264737,0.032375186438735507,0.03661064472995954,0.017041590088271902,0.02416118187749378,0.007834325870276673,0.03135657027980764,0.03661064472995954,0.029822203481573422,0.04684929554742469,0.019463723844043466,0.0,0.04528199376725068,0.0034770228246915943,0.02440194121698948,0.019350937854341433,0.035217306553176175,0.0,0.018828685699997166,0.0,0.01950062585973926,0.007762591741904377,0.006242913550624795,0.01114967346267641,0.01756399110645075,0.021133387541208817,0.012444748844980119,0.005530203982303165,0.0,0.0,0.0,0.02132239420243801,0.011720585116470214,0.011903843960376385,0.021133387541208817,0.030728631138948706,0.02188061648633471,0.009814293369237607,0.005585916720284789,0.018209955501989287,0.010994359829720492,0.0,0.005585916720284789,0.0
76561198107189063,0.04137528289902704,0.05494529893217554,0.040945575229791156,0.03409667992959406,0.008788137378091003,0.04464353150146696,0.004281086070309923,0.02614955010552185,0.02927832559987441,0.02765843700115328,0.07064529110131221,0.029202756902186506,0.048554800003450846,0.02505200593976686,0.005206452617123439,0.03277537709392161,0.026454965595748652,0.00403400966841185,0.04279759127791477,0.004392624307701399,0.020594188021289626,0.005206452617123439,0.06633326734995804,0.021598291702999522,0.017700513580966765,0.004392624307701399,0.006077047998509185,0.004045301596466749,0.0,0.009487538687433362,0.015328802212099372,0.02487780191182379,0.005206452617123439,0.012886559272758537,0.004392624307701399,0.017003264155950618,0.0040648616504251195,0.030713903570481673,0.0,0.014228390671764526,0.016326909611142425,0.023406147669765166,0.019259651605299258,0.02928549895536897,0.0,0.0,0.008912376202875763,0.0,0.017393750568428557,0.0
76561198107786111,0.05594740526889331,0.05899394545692859,0.04199173627295947,0.058135834970648156,0.026332154576421272,0.03635079835523045,0.028032673838029615,0.06440487133567493,0.04462055643350061,0.039331036646007816,0.04491223796265169,0.015490406747952769,0.021623773950154846,0.038514293800171524,0.015463819700920442,0.04429620223068466,0.018665800445846356,0.002916887168610558,0.022713682073157954,0.006159250041729389,0.020941416067258908,0.015529964708413883,0.03843426284223003,0.003358812305105428,0.01790472124709085,0.009049622078961142,0.006159250041729389,0.003189375464718526,0.003701171052176097,0.019949377922949752,0.00812750020037506,0.010211384880660312,0.005127218110472258,0.0083515954316788,0.0,0.0166336420669048,0.0,0.022204733112600707,0.00827058962192185,0.003232201199515822,0.0038995685075248372,0.0416837464263589,0.0185452992804969,0.025922362302336584,0.0,0.0,0.0,0.0,0.004674817852344778,0.0
76561198112849349,0.04831968340807234,0.050288509947170434,0.039652631667824415,0.0194373626959659,0.039509163388437366,0.03550674276622407,0.04248282683497471,0.060788677281599326,0.010164877046814898,0.018473820634399823,0.02460816306191395,0.004853301486895116,0.02356892829974238,0.010164877046814898,0.017726839866462184,0.029108812852350417,0.005166647318012542,0.0,0.023537624596327075,0.020234738378126328,0.047708003669289734,0.019003956975495655,0.038856491528785786,0.015751956928804323,0.04985723151222814,0.019558806277988623,0.021570846278990762,0.004492671710343954,0.03440455603466775,0.009290884925788261,0.004448380098528979,0.013716053277116308,0.004938399454545047,0.004459119036926107,0.020467707579780944,0.004913836850502603,0.0,0.02971107199967149,0.006352318002473685,0.02394650252777504,0.005333909532965835,0.010500556850978377,0.016203512148066757,0.009969415347174469,0.0,0.009433650851685205,0.0186918710707068,0.004913836850502603,0.019121708624497222,0.008788515475591327
76561198114540370,0.09086584028880654,0.05588575192803345,0.059358979367443124,0.03813965940748056,0.005508092036507979,0.049181177961118525,0.007319334860777943,0.01784264871621482,0.026377263166032654,0.013408696338346068,0.04435098165890259,0.02645294813084247,0.10126581914936533,0.02025395864017788,0.013110012299052827,0.006763110172526541,0.01944789468381605,0.0,0.01870149708673196,0.0,0.02025395864017788,0.013490848467651334,0.05326224972593248,0.0,0.0,0.0,0.012015359962026637,0.008737801471137766,0.0,0.0,0.014149739146949301,0.03725144888904044,0.0,0.005931980256194353,0.0,0.011963283463213334,0.0,0.014776594529874674,0.0,0.039357019586174956,0.017000613482727384,0.01959283395701033,0.018969085000010603,0.040487482220603783,0.02693027273220218,0.005467541077622183,0.005899558524345741,0.0,0.02022866297492744,0.0
76561198115422851,0.04655703327275712,0.029651537390048693,0.015636630995175056,0.052145516255646236,0.04299442416227794,0.01252388283899734,0.03306491971402568,0.013695058653102726,0.028241040111250282,0.01681524085606185,0.020525073140645334,0.014189870570084483,0.05438926842087453,0.0383274402793605,0.0342448755651958,0.030470169263090232,0.005918844289305834,0.0,0.04381299304314227,0.01328434737816939,0.020143664053923007,0.03260953085184121,0.03161759920121932,0.007324293933754616,0.014608340090034883,0.03147434769236915,0.004798841788028949,0.019676287632821154,0.014958289894140277,0.01270007177431308,0.019554363189038564,0.018589352725371707,0.029870180067722286,0.015503523676889588,0.0,0.003962343805663915,0.008078262696127861,0.017855733668177276,0.009431115909163765,0.0,0.012178179200043595,0.012382761816066552,0.014985738516519383,0.03627651175746582,0.010260830895279398,0.004284904851074766,0.0044488919839235554,0.00515766305184077,0.030620760971862872,0.010159448106111328
76561198117435171,0.05812520784562328,0.06477770129636155,0.02488939230903796,0.059979746359883145,0.011944310621479957,0.044134487523407366,0.01222953793788086,0.04227903996362429,0.054745264507901244,0.01985847318325535,0.05234017222976346,0.020549520117952354,0.01903930503033842,0.04761699753621911,0.007221246173101151,0.05145388862028608,0.012269769622245012,0.0,0.0622374030977119,0.005859398331833097,0.02904590939565928,0.018929782254495705,0.0336574450991188,0.011825769456793297,0.025258037348034723,0.012216569942983216,0.019006613261658,0.0,0.0,0.007221246173101151,0.020569568072894413,0.016541870965887304,0.007221246173101151,0.0,0.0,0.0,0.0,0.03817213714538348,0.0,0.0,0.016541870965887304,0.008867306456256597,0.012597017631190992,0.02078911817009704,0.005892090100513515,0.011825769456793297,0.005141502650562879,0.0,0.007128266971682132,0.0
76561198117724596,0.06441344196894419,0.06264482937163682,0.04863143510805222,0.02119036781691448,0.03795670141066343,0.07062038034486537,0.04298424911993653,0.041308638011792194,0.025237824751474847,0.04017560080419849,0.048394752370225544,0.024000621035198413,0.021688749978830277,0.021255152185634788,0.0187488819139051,0.02808649212616904,0.0218083932644681,0.004485283020416845,0.046678843733521234,0.01801825907594636,0.0041070649874097075,0.009773113763388167,0.0436277622147974,0.008922271411356392,0.009286151397374647,0.01945377939754382,0.013986392985533941,0.007942158021683054,0.005588191167806792,0.016206918620758994,0.009777175729887908,0.0,0.004485283020416845,0.01624849623785942,0.0,0.0037970431314160824,0.0,0.009669571540065027,0.0041070649874097075,0.009189574992631008,0.005588191167806792,0.01423062173590954,0.01373964238176816,0.03505254570315796,0.010605411869804657,0.0038568561092384747,0.0,0.0076538992406545575,0.004775920771526553,0.0
76561198117983678,0.06530868790609336,0.07321315077562494,0.03571317912849306,0.037774563786676894,0.03476818048357734,0.03921195314313461,0.020049406930113523,0.0474423953971419,0.017059313257150724,0.05907680918118358,0.01605153840318965,0.0,0.03195776226124711,0.02261549462951636,0.03624330558701801,0.05363715846325151,0.008588425840885374,0.007538654197807012,0.06670592659515173,0.02772781712163079,0.018041593744008846,0.022674394018344448,0.025216282247992078,0.004177977694406612,0.03215320700745953,0.0037161407571348875,0.003305797316776011,0.004459029506440903,0.007179275146096709,0.0,0.013748495400644864,0.011191230340056299,0.004602942872556605,0.008857471943441168,0.0,0.0,0.007342527207966029,0.032514621079286384,0.0031096703269350274,0.007584400600913985,0.011191230340056299,0.01471331242427834,0.008909756008218157,0.015201071369185536,0.01245668568466447,0.0,0.01911542106214137,0.0,0.003985482968328768,0.003868259843779098
76561198118672016,0.0,0.0,0.0,0.0,0.0,0.0,0.0,0.0,0.0,0.0,0.0,0.0,0.0,0.0,0.0,0.0,0.0,0.0,0.0,0.0,0.0,0.0,0.0,0.0,0.0,0.0,0.0,0.0,0.0,0.0,0.0,0.0,0.0,0.0,0.0,0.0,0.0,0.0,0.0,0.0,0.0,0.0,0.0,0.0,0.0,0.0,0.0,0.0,0.0,0.0
76561198119156573,0.049274861569914945,0.04202840550228421,0.008589992675191387,0.08570333470027552,0.014304385815089388,0.013378775323393514,0.036392979507561214,0.03414690877440299,0.07283325010862003,0.021537044591600718,0.03905267635727464,0.00918511923642722,0.004219797324328091,0.07205742648148013,0.024268687990189483,0.054467969842023796,0.028770956633054415,0.004165382603915549,0.035046172192793774,0.005315723775347228,0.03522710188822266,0.015451368725720659,0.01930273937126861,0.003990436173641256,0.020276179129115033,0.010352577094890306,0.0,0.0044246100712758375,0.0038661025572832314,0.02705158816972759,0.010842526813134572,0.038314016926758766,0.010170434479646086,0.004165382603915549,0.0,0.004421774241861612,0.004165382603915549,0.035851040363601976,0.009960621571636269,0.0,0.016150783717424413,0.02957199926279053,0.010480584167190287,0.0,0.004830721014997088,0.0,0.008287876799144845,0.0,0.014238198690385737,0.0038661025572832314
76561198121971834,0.07021910218421275,0.07496290231526906,0.04895486656600026,0.08093404091677266,0.0,0.03489029360951337,0.015910957307113022,0.03937392987448918,0.0652539713208322,0.04791311508512742,0.033534950386828445,0.004006314656865786,0.011079533355661173,0.05944638571259837,0.01932823213978936,0.034900984239835474,0.035853665381578935,0.0,0.004738331410158878,0.0,0.034847099177578555,0.03109955616145428,0.024633122418607264,0.003822876791667965,0.012259474868996806,0.0,0.0,0.0,0.004049732864752657,0.02342649138623132,0.02588339741471531,0.008689276324318406,0.008493851327257267,0.005228952627748236,0.0,0.01725973569947762,0.00783071550835056,0.012379033060750829,0.00820974200424415,0.0038244008514847746,0.004738331410158878,0.023590652474346142,0.005120999380863252,0.013947421438861582,0.012444796241416794,0.003997190143967104,0.004049732864752657,0.0,0.01887184109535137,0.0
76561198122264375,0.0433932307199948,0.040868360435546876,0.0544359556738297,0.04334719010145452,0.022022504244248623,0.028564534508950228,0.018012878265664868,0.005213920509226577,0.03817721391653244,0.02645376102882212,0.017111995551279253,0.02500794019324289,0.049760066885600265,0.04324630385144533,0.0157351471400586,0.015899375173955056,0.02285944991326366,0.0,0.029693405255893635,0.005049692475330126,0.038887075702047406,0.017075243291692098,0.059130810754976205,0.0,0.011405758654553792,0.016972811768918496,0.005960242581866918,0.0,0.011405758654553792,0.0,0.017966395938646126,0.06363861347420653,0.0,0.017988166397056984,0.0,0.0,0.0056706910044533815,0.0,0.0,0.0433282091060562,0.03048401696304018,0.028932143960010887,0.02306055723078239,0.024684356116909435,0.005616364729815587,0.0,0.010899518293464637,0.0,0.016826419023382864,0.005213920509226577
76561198122741582,0.037932578769901366,0.022524960425860635,0.018141275719330524,0.08364109928992802,0.02720341528918778,0.03893525845947998,0.038117636565288375,0.02131271013672146,0.08239848633081101,0.00739850062122279,0.009386371665883115,0.02782493698022844,0.013588373232895325,0.07852766032988484,0.015210785829897426,0.04594834010650199,0.006012041659121878,0.008807741182547272,0.0441021672725756,0.013850844341817955,0.038906559065840944,0.0034199166229573925,0.008641113580339805,0.024133772783815965,0.0033789956157706975,0.0,0.0062517061197828174,0.0033426294890758334,0.0,0.028084307700374116,0.0,0.07475118188830014,0.010087538839842803,0.010828253391298202,0.0,0.00809436232694497,0.0025560350627644546,0.016825669175338738,0.0033789956157706975,0.0,0.035569765190507925,0.03329963659267494,0.010978133837805834,0.004842465558458336,0.003125567915382858,0.0033426294890758334,0.0,0.0011695761006635418,0.024126003828127438,0.0
76561198122844648,0.054149583544798915,0.07103008280100641,0.03269766726042315,0.05031260966446559,0.00997382986088845,0.02707286064091044,0.01601013381538755,0.05297508354865861,0.0284588099413169,0.04970676234920868,0.03639883965023915,0.016394420925600887,0.04833055399477482,0.0334001580717764,0.015614229940252706,0.035905297067942654,0.027866549441716064,0.0,0.032953504832689315,0.0,0.02732255796826819,0.02512499182313931,0.02883382156865628,0.0,0.02004056082111857,0.0,0.0,0.0,0.009688402217790841,0.0,0.0201723585176111,0.02239454936143086,0.009720457034542721,0.0052231695694389966,0.0,0.0,0.010225696234516036,0.02004056082111857,0.0056227526624617885,0.005927102010675991,0.01696472134002723,0.03683184132847499,0.0,0.033559708491384815,0.010662827233612842,0.0,0.009603803947719055,0.0052231695694389966,0.032546409492041926,0.005019560634474236
76561198123084475,0.04125220750831487,0.06818065388591593,0.025968430003807188,0.02986748154600076,0.025065395792552927,0.04447440566701288,0.00532939159437784,0.02750243171050315,0.03090537026623767,0.027537315563554782,0.035599470176709884,0.014245888784270778,0.04538726274641332,0.04399778526137939,0.019085932277635487,0.035308051706035695,0.005493423337581381,0.005493423337581381,0.042478491646532376,0.0,0.01791807096056597,0.006356567068999218,0.03347164691157701,0.0,0.035460485903416085,0.0,0.01917611048274287,0.00683462464719121,0.01390345705561573,0.0,0.020791519821791365,0.04047302283466697,0.0,0.0,0.0,0.024211810444914123,0.005493423337581381,0.029425653292856152,0.0,0.0,0.01756871793473313,0.02386714214184996,0.005945402862702794,0.027926667836078254,0.0,0.0,0.03974229592215984,0.0,0.04033875257583843,0.01792181515230175
76561198123843456,0.04895608864808904,0.03512401115314285,0.019641186622218042,0.03412667111875206,0.032345982829567035,0.019942935619339106,0.02558231924488957,0.04552880032098855,0.02908576020315972,0.024121487806033785,0.006016416067462249,0.02433778174549586,0.04055027043088841,0.03412667111875206,0.01768753311199088,0.04780674526078434,0.020117651243864287,0.0,0.0312283633502585,0.00784146285283815,0.01706351409384114,0.011029260296234569,0.040227305524562204,0.0,0.026104264927343118,0.0,0.0,0.016210580399356595,0.02823328246672924,0.0,0.019249796381107548,0.0797922242609929,0.005988349380642226,0.0,0.00784146285283815,0.0,0.010786528093022291,0.017149527944306478,0.0,0.007446047834292874,0.06281678771390509,0.02079836533050644,0.007446047834292874,0.017109262298298775,0.005900042576788688,0.0,0.012965792221007747,0.0,0.02163085228380464,0.02004256653761182
76561198123908949,0.06460429786528617,0.0556755920010318,0.05023216830529793,0.05563990930602284,0.004706958355557489,0.032469405274991606,0.04721526775805867,0.01967795920125758,0.02230830470392026,0.03112606380431169,0.03907876083816916,0.014593594855946038,0.01001878660241516,0.01781905562790423,0.04203347210499597,0.024435826120539152,0.0309339884724664,0.021753513606567076,0.008703503189213299,0.021419753987928458,0.009207072448887675,0.03736016392533579,0.02165683806205377,0.020591114622746768,0.008920473396231006,0.0,0.01114944293516743,0.008758306437379005,0.0,0.013869103016997142,0.04154425521555023,0.0,0.027768265009341812,0.028087758391555764,0.009352600546764043,0.005297590702942487,0.04211783618933902,0.008920473396231006,0.020311587596607086,0.008464401829909917,0.0,0.005788427217208073,0.004645642191206554,0.01508107340437417,0.013450818410491252,0.004605397948467315,0.004503109883325166,0.0,0.014102065240006642,0.0
76561198124133723,0.0,0.0,0.0,0.0,0.0,0.0,0.0,0.0,0.0,0.0,0.0,0.0,0.0,0.0,0.0,0.0,0.0,0.0,0.0,0.0,0.0,0.0,0.0,0.0,0.0,0.0,0.0,0.0,0.0,0.0,0.0,0.0,0.0,0.0,0.0,0.0,0.0,0.0,0.0,0.0,0.0,0.0,0.0,0.0,0.0,0.0,0.0,0.0,0.0,0.0
76561198124421887,0.051998022840287816,0.04952482188910401,0.046552997920361924,0.05418362794346081,0.015377638731422241,0.037987875701576766,0.016312913966394834,0.04444022699501709,0.041162900504232734,0.027767838486961745,0.03921546797795605,0.00981278056146804,0.042305509397921784,0.0362746127966018,0.010476371077970873,0.0213828679362712,0.016726230844601266,0.0,0.02587515675297168,0.004888287707630926,0.02237506686535806,0.004671304509784008,0.061502530874190255,0.010362344989621648,0.016854983760575717,0.015377638731422241,0.0,0.005805066568186863,0.017665684258759726,0.005805066568186863,0.004671304509784008,0.015602558824763932,0.0,0.0258180936430886,0.0,0.010688980562454153,0.018776934560485743,0.015721221702172865,0.0,0.005619559690577043,0.015602558824763932,0.0547223143433665,0.0,0.04524404742576692,0.004671304509784008,0.004810890854190376,0.005467337589853939,0.009420684722678088,0.004671304509784008,0.005805066568186863
76561198126548553,0.05694272124779457,0.07641281430986878,0.02595278178348598,0.03377948833019376,0.03508536246123213,0.03475836962430752,0.02014842527268368,0.048593677305977405,0.025940746398510885,0.03984602072084142,0.02972880859393913,0.010503703503142028,0.03818933319641026,0.0364908655458604,0.014259310736357366,0.04966109206115695,0.01741023043473375,0.0,0.04146006563557676,0.004292966821456278,0.02738895753339693,0.018811236479456192,0.054750240217837656,0.005449377264165659,0.03320195405398243,0.014458998381065642,0.0050543262389763696,0.004292966821456278,0.005095500743802879,0.004484486042351714,0.014967374413802066,0.0156583226845735,0.0,0.004824882576526859,0.0,0.0,0.0,0.03353519677127797,0.0,0.009171868986552865,0.004279732813893468,0.022873713878961414,0.00486179785133483,0.033446025887446905,0.004346986410026005,0.0,0.014019409237065615,0.004292966821456278,0.02127689390706161,0.0
76561198127431044,0.07325045274147385,0.06125880407189646,0.060944973340440606,0.07687444123246155,0.0,0.0698488369418832,0.0193800490461036,0.02293233498108998,0.050884516952711116,0.035708880520674634,0.049309527337414207,0.0,0.019072077704222395,0.03921922300389725,0.012427775753591809,0.017918069746898115,0.012427775753591809,0.0062505116142307915,0.031280719118113746,0.0,0.04417566893914135,0.04178512147631989,0.025020716767420948,0.012094309837378501,0.0,0.0,0.006174999955507565,0.0,0.0,0.0,0.04412359231812942,0.021105931153871407,0.006252775798084243,0.019557784771526084,0.0,0.019584934280603972,0.0062505116142307915,0.0,0.0,0.0051563093126331516,0.012924392855546446,0.021425378912552608,0.017119486532375862,0.006425143948363771,0.0,0.02373944983697507,0.0,0.0,0.008094521828643729,0.0
76561198128667294,0.04228675772509462,0.04212058388240236,0.023904910301565864,0.05671652091176059,0.04678804776151574,0.029475720798651572,0.03586613772799158,0.034622125753551294,0.039498287535198885,0.02012738745919006,0.009071530075510323,0.013303150839222903,0.020068720265457182,0.04370892812367635,0.03355002880626507,0.05621777889199768,0.013253485907742913,0.010626009867189931,0.049285691552916344,0.01946812976056267,0.019055930929483832,0.02344451015506697,0.019304696176777405,0.016941527342201515,0.007452820189470174,0.01952049453214037,0.010775173548080235,0.00795060489187464,0.0,0.021508866748901456,0.004557880670677025,0.024819001347423483,0.007570048378366644,0.020802547421573555,0.0,0.008248571129719082,0.004566997715950549,0.029637874034756952,0.0037821661396710295,0.0,0.014488933213533284,0.010714513915385294,0.0,0.018375136510305885,0.019001392310010787,0.016465716757608294,0.0,0.012912338716999004,0.013862057392327213,0.00428026588423148
76561198129247774,0.05685222780261758,0.06989482761938111,0.0381870109561449,0.029120769579163656,0.0,0.04682176712618989,0.026908528059349922,0.01815809276706971,0.048155949781566114,0.04673367125825104,0.07001447717039473,0.005844814167563797,0.05059150142614832,0.029120769579163656,0.02595487666925237,0.039916657637034336,0.014651339743027354,0.01233818873265908,0.02729724186661238,0.0,0.014303877543532857,0.03865769615373421,0.04845315218606033,0.005844814167563797,0.014264434638207623,0.0,0.0,0.0,0.0,0.011109088368534834,0.027335833724537434,0.015747504629828213,0.0,0.017560104327979685,0.0,0.0072048163814159225,0.018594678818135237,0.007059618256791703,0.0,0.0055845423823689296,0.0072048163814159225,0.011869167658001008,0.0058633022314560895,0.033189726446765266,0.0,0.0,0.01978642810133285,0.0072048163814159225,0.020314244003700098,0.00628462527563208
76561198130015375,0.03988768133447379,0.05347439750570459,0.02497174351637126,0.07855115174521977,0.010217124469136274,0.03867336178471049,0.029519217101771567,0.048328629527254266,0.06137524133193364,0.014632501806541723,0.03487197875273186,0.019725769221927782,0.026307717634255767,0.05499136586891717,0.0,0.029984888009266998,0.015282634675455622,0.0,0.02614212735366048,0.0,0.054054445426738124,0.0135886931084055,0.030567510437634626,0.0,0.019388000852535742,0.010217124469136274,0.009806923861107285,0.006104388878707668,0.0,0.01887099291147304,0.01413340788295886,0.05265688989180197,0.0,0.005157994090102868,0.0,0.005157994090102868,0.0044133117948379225,0.014908723315061835,0.004543487872550906,0.0044133117948379225,0.04304825213159176,0.034566800113107844,0.013472481714132921,0.015123990488622889,0.0,0.0,0.004627388510848562,0.0,0.014240354724369644,0.0
76561198133585402,0.0,0.0,0.0,0.0,0.0,0.0,0.0,0.0,0.0,0.0,0.0,0.0,0.0,0.0,0.0,0.0,0.0,0.0,0.0,0.0,0.0,0.0,0.0,0.0,0.0,0.0,0.0,0.0,0.0,0.0,0.0,0.0,0.0,0.0,0.0,0.0,0.0,0.0,0.0,0.0,0.0,0.0,0.0,0.0,0.0,0.0,0.0,0.0,0.0,0.0
76561198134388656,0.05658154460611842,0.06603124620614771,0.022876232172751268,0.023815094375332593,0.02507390679737031,0.044631696283550626,0.03184120834710127,0.057157295359594885,0.0,0.04372454412212951,0.0,0.0,0.04181790449342537,0.024774812944233532,0.01331010550959298,0.041956221829775805,0.018666286046821266,0.0,0.005405196490506049,0.005405196490506049,0.0055301053271012545,0.016135863481633917,0.04399638966146893,0.007021348005556951,0.045114662446099116,0.019543801470269052,0.006961878375463548,0.005405196490506049,0.039507328111725595,0.007021348005556951,0.010806824546498821,0.026684939794499804,0.0,0.01371683541210008,0.0,0.02509450158898154,0.0,0.03486631878858109,0.0,0.012693353639586232,0.013645001138882442,0.04646757928968538,0.0,0.03332956857622501,0.006220202468398264,0.0,0.02033462908790381,0.012367074865969597,0.017290030748049426,0.007176726604299456
76561198134731689,0.04186776380946581,0.06786147899646473,0.008841479580879136,0.04379546140835883,0.01915823552556507,0.029447820176323605,0.019791294349048697,0.04871539571745367,0.037810243732487585,0.022618031428769052,0.025773779709605774,0.0,0.05074735874292484,0.0491165608693571,0.017668509462331543,0.0593280204888922,0.010909095045126703,0.003177173864396905,0.03201207795166798,0.0,0.023928228596678536,0.014936556428311406,0.050425702662806694,0.0,0.04871539571745367,0.0,0.0,0.003816209383984951,0.015066958383288373,0.0033534531495588936,0.00984003151283561,0.04195490352248451,0.0,0.004454976345218734,0.0,0.010985603359174532,0.003177173864396905,0.04045269470596618,0.0,0.0,0.021734026364990045,0.017152089265276425,0.004454976345218734,0.03507011599017746,0.003177173864396905,0.005664305716482231,0.028102902076051383,0.0,0.024896741886128677,0.0
76561198135384760,0.05842204949488994,0.07489520825433922,0.053655530321958564,0.03769662169158484,0.004566320015314511,0.047566382199689054,0.02046986908709068,0.03684615653844771,0.0232124759264395,0.0482495297757659,0.04412739660295243,0.011456587350354213,0.04844567064895407,0.033959720864315514,0.011898880271320347,0.03130018701068569,0.02772628099989353,0.004513805073454032,0.020384871440029633,0.014715688258721979,0.005049225826836395,0.0,0.06107517769528531,0.01617536777425082,0.020678603636806285,0.004566320015314511,0.010674943025500623,0.005038466005571816,0.0,0.004513805073454032,0.004648943494657274,0.01508320555720426,0.0,0.016355559106726265,0.004566320015314511,0.00643276881248279,0.004513805073454032,0.009395937945547904,0.009563030900290427,0.011954278712791746,0.01020156717125542,0.032759855884642676,0.013352937347699245,0.036056979756149056,0.0,0.006025999530843351,0.016112283621491773,0.0,0.021095386190228178,0.0
76561198135685349,0.020540150657143416,0.03345633169005049,0.0,0.0955173268977147,0.016953946287352396,0.009362181620124942,0.03975183729808236,0.05388686995478806,0.05326310840957645,0.010459233870854606,0.025130785901115393,0.0333834981598371,0.011763356696362963,0.05267125019121603,0.027247997589604417,0.052861732390305116,0.020691371010464702,0.0,0.03110277873180782,0.0044864162229160745,0.039308215795987866,0.03570436235083316,0.03241450927436167,0.0044864162229160745,0.02826898899324221,0.004286322644967518,0.02390466176227994,0.00884884205981829,0.005633262675846077,0.017099065942050354,0.014303530850269997,0.040749373452365976,0.011955374680536342,0.007770967727945577,0.005040822632052548,0.004925932224325472,0.0,0.03140022284876318,0.0198341305088722,0.0,0.021961289860288676,0.01740652310571783,0.0,0.0,0.007519125284736872,0.008770323401764516,0.010244299444894507,0.0,0.0,0.005633262675846077
76561198136484955,0.05144706454907609,0.04534568903466204,0.02347097516528028,0.050648059741931234,0.029958670001561303,0.04966637756304689,0.040500776473344255,0.05186478951120764,0.04705471414605293,0.03878040538681718,0.02510143058148957,0.012084373404870249,0.019345008983967054,0.04018393966218999,0.019944639500940605,0.030951931295832597,0.020180632339529124,0.008747771478384727,0.03309900862739372,0.014771583374956336,0.011314115099949642,0.020149763782394255,0.027475833423724394,0.006698526171223555,0.0195855744324871,0.018686034459885693,0.007445974278512167,0.01119226800885351,0.006275553205735005,0.04078555030965328,0.00782309325797395,0.011297701480260259,0.006223216441635061,0.020340717638152643,0.0,0.009866116945180047,0.010227571225345082,0.01837734158110331,0.022601350228753384,0.0038343166238779323,0.006685898225765541,0.018211338169816252,0.0038343166238779323,0.01556255197237095,0.009317200576501622,0.0038465330306839485,0.002826515663302957,0.0,0.006367186320446792,0.0
76561198136577408,0.045866741866856214,0.05875796540567821,0.018402575989784304,0.012308055952336935,0.03171866445587856,0.03429585287047485,0.03233597734849315,0.028532840863636402,0.00682288498960966,0.04728543700584173,0.056201426403206876,0.03149069439511913,0.06815224320768166,0.0034053679136518953,0.00890268803868504,0.026695831221177815,0.003673654623704574,0.0,0.025753064480363956,0.048556763597655456,0.0034053679136518953,0.006797391686173773,0.057851159653419325,0.0572023168496318,0.03266660399405097,0.022872891504569177,0.023542722401755107,0.02282059392478484,0.0,0.013537728691803197,0.010312192691772661,0.0035189815643292557,0.003673654623704574,0.011057713365127808,0.0,0.0,0.01921258678641939,0.017361015297478785,0.01125340084116665,0.0,0.0,0.01015268974845379,0.006570011645130903,0.030215859583800787,0.0,0.0034242984538286232,0.00559596405451102,0.0,0.032643225146480756,0.005152898948118391
76561198136985842,0.062148733058106136,0.07233021726984078,0.06892127340583602,0.051335058012131896,0.003871856341772782,0.036751907811138684,0.02099903607903435,0.04913081629259934,0.016339871467613138,0.04474468752024212,0.04198709273538032,0.004101012316271039,0.05433013197340128,0.021486895915515322,0.0077233382360751964,0.018213474897947543,0.036340202836896277,0.004215809516696678,0.016949485988467572,0.00797286865804382,0.021609673991155834,0.011526892810483745,0.03307337872054758,0.003871856341772782,0.010491057892313445,0.0,0.008371925214942906,0.004101012316271039,0.004270912898671867,0.010321157309912616,0.004196316873339009,0.016935789292533934,0.0,0.031031719017532947,0.0,0.018113031243015096,0.004215809516696678,0.01287036268397738,0.010321157309912616,0.023694630191806718,0.015287442809010225,0.06587124324938973,0.010573670722724172,0.023356292491989554,0.004006645634242795,0.0,0.0077233382360751964,0.0,0.0,0.004270912898671867
76561198137180760,0.0,0.0,0.0,0.0,0.0,0.0,0.0,0.0,0.0,0.0,0.0,0.0,0.0,0.0,0.0,0.0,0.0,0.0,0.0,0.0,0.0,0.0,0.0,0.0,0.0,0.0,0.0,0.0,0.0,0.0,0.0,0.0,0.0,0.0,0.0,0.0,0.0,0.0,0.0,0.0,0.0,0.0,0.0,0.0,0.0,0.0,0.0,0.0,0.0,0.0
76561198137208244,0.025977601373897954,0.02883045719095738,0.019801973773402926,0.05006419457127162,0.06573956748359717,0.03292658771616167,0.047939736857521766,0.03475909251578427,0.06353039409506185,0.02223182457660832,0.01803716138888902,0.01670249762772649,0.028287459813524183,0.05006419457127162,0.009098337730596913,0.03548519345576589,0.017153474417412665,0.0,0.04768080999020318,0.017425064693064273,0.02651104821204035,0.004148744440066773,0.017361363061343713,0.010786865043473492,0.026267296750008405,0.03043133933352655,0.008400202322438382,0.020011755496260764,0.0,0.02376806684790581,0.008463725355001278,0.04658161576819292,0.003980762035410978,0.004441337153164342,0.011553672877815514,0.004314980914934505,0.004314980914934505,0.024911968240104637,0.006193157627149876,0.014648653334232386,0.021975605244521967,0.02121649557991605,0.0,0.004212876414160294,0.003980762035410978,0.01146056590405786,0.00416326762560424,0.0,0.00416326762560424,0.0
76561198137264082,0.07470945046055681,0.07988288805932346,0.06532424858199809,0.019218931087606094,0.0,0.0740825691752097,0.01644766284678012,0.030719688048458683,0.02525220303042154,0.02621597891243633,0.06962008644169085,0.023761166904961686,0.045812313875132696,0.013318089437635256,0.0,0.0,0.011122635961681412,0.009951440376750846,0.02422763162655838,0.012037107917006963,0.02617616574518467,0.008191702548865858,0.041391126432334745,0.028921003920098696,0.011308749283032351,0.0,0.024267578134661474,0.023069711815009664,0.01163734542068444,0.005900841649970838,0.02597628716990365,0.02673223035371279,0.0,0.005089364018865964,0.012105226087637028,0.005089364018865964,0.016652765821499653,0.0,0.0,0.0,0.005173437598766658,0.02231806513514307,0.014092544198836696,0.047692618380906084,0.011089345213771,0.0,0.0,0.0,0.0,0.005420434308039882
76561198138316742,0.051883483195993174,0.06503750848868194,0.018462790721185302,0.08372520474416875,0.003905936518942807,0.008216643742626553,0.007664245759865456,0.054782991079898785,0.06707809738902368,0.030487460876091662,0.029628001014968892,0.013698802388984408,0.014917573777279421,0.06590567746979067,0.003767530748171802,0.05005357606216999,0.010327274432819009,0.0,0.027039133935312203,0.0,0.05753430290796053,0.01648828319685183,0.02760323942199699,0.0,0.029508144248923722,0.0,0.01980282850430484,0.0044344848263796486,0.030115603937297442,0.0,0.0054283414932584165,0.027779441368483763,0.0,0.0,0.026209667418354635,0.0,0.003963618222684045,0.030767188593650213,0.005491412447840486,0.0,0.029627485297978817,0.03317202939171823,0.00988667599496232,0.011011637258336614,0.0,0.0,0.008011302466631681,0.0,0.016582380656411228,0.0
76561198139411198,0.04677725783793176,0.06425608843970061,0.03890563414801784,0.018075066500776074,0.029022844795991393,0.04196006890212157,0.012813879192004964,0.05062947963456993,0.02288745339327002,0.04514297666492027,0.03554259946025675,0.020910923598324752,0.03970258931461999,0.028217778971331688,0.0058429919972558895,0.033972635513930365,0.042061895662005196,0.0,0.027324178332249843,0.016621323561904395,0.0,0.0,0.056318230236867835,0.030975068590198312,0.02700660648280993,0.0,0.005321897339126846,0.006912553943707796,0.02923539843253093,0.0,0.005321897339126846,0.005101900584472551,0.0,0.02144765335780606,0.006912553943707796,0.00467453984847686,0.004996605312806065,0.016079792229508595,0.004572948426034099,0.012018760124166826,0.0,0.024438329507388633,0.025934996356931913,0.04222906618378942,0.0058429919972558895,0.0,0.0217599644255578,0.00467453984847686,0.017556039568068796,0.0
76561198139915980,0.05366749922948714,0.06804794207290715,0.05310658115808814,0.0302047973328453,0.03137742681655705,0.06799991285460529,0.014645028032048306,0.06753855630523532,0.019686675332075375,0.005516711466370414,0.044596091712029495,0.009820705082564088,0.04883378524137818,0.011378517620506075,0.014657921765787224,0.02288334925316347,0.021452239644804423,0.008556275690231416,0.019837900995344746,0.0,0.024098151818924805,0.011316967949420319,0.03119164431059487,0.009820705082564088,0.02187846883317632,0.0,0.0,0.0,0.03246023595133302,0.0,0.00494821035865622,0.023979326782197764,0.0,0.02308086648960235,0.004215963952542092,0.034601560117210425,0.004276298611824136,0.005819173020355417,0.0,0.0040281806331620195,0.010920769877949365,0.06169609029944613,0.006368757590764101,0.015811298731434834,0.009709711407131005,0.0,0.027283935188358643,0.005516711466370414,0.005009760029741976,0.008159293891211165
76561198142432184,0.03188701235678206,0.049047219083435206,0.011790805750845961,0.059369239651124374,0.009132311149813842,0.025470757239195677,0.03551213680631711,0.0644265934884801,0.06771618124030597,0.017016802982962768,0.02237595860235779,0.01376369505155676,0.008868417775511213,0.058086820140851425,0.021320173467467052,0.05533896706214539,0.017181485377545058,0.004300865643609088,0.02528564902400047,0.006573498272707374,0.03462698623719568,0.034440275464814755,0.0129469746509373,0.006573498272707374,0.04171704610120764,0.0,0.009032710285549172,0.0044004665078737565,0.006368907108217784,0.010517168033576035,0.014259111452268478,0.03685732494379751,0.0,0.0,0.0,0.011880732245366727,0.004300865643609088,0.03919269930844582,0.006438611158149945,0.004300865643609088,0.039981233714163594,0.024088381367736552,0.013937187769762641,0.004300865643609088,0.004300865643609088,0.0,0.020136173396658394,0.0,0.01093645924011991,0.0
76561198142871256,0.042163106511980276,0.057588924363501146,0.03186198474711876,0.04200693802283153,0.01146235788053974,0.05135629223429294,0.06059520161346407,0.07169110360937972,0.00729220958517935,0.0402008307158141,0.028560749903616067,0.023398136861829143,0.024434508016302474,0.013783396694975088,0.0028815323967452387,0.0,0.020339696413027138,0.01681605137637449,0.00522542220961315,0.012195230743835698,0.03378441119366273,0.0,0.03295384376442521,0.0,0.029553645097086606,0.003212129289722526,0.05700870875519554,0.030965262720152296,0.025302040921110044,0.026127584941310934,0.0,0.0,0.008731754034098297,0.01391724641644992,0.02479013662439487,0.02027584804832247,0.012615992546251592,0.007345329025755766,0.022982313009555323,0.0039392852527754445,0.0,0.03901339011300207,0.0,0.013128540101677333,0.0039392852527754445,0.00522542220961315,0.007153774453850441,0.0,0.0,0.014180382328391847
76561198142992067,0.02327501997365276,0.029221745752013962,0.0057824793161493655,0.067258371282436,0.046758530207588286,0.04230989295202908,0.07779092400689101,0.03618630254096186,0.06365195704568712,0.0165515136809591,0.020061667067930312,0.02053892051295547,0.010549861835187777,0.05497967714561862,0.016980032813120795,0.04510013516374832,0.011506750641360529,0.004175387690556921,0.041487724514432736,0.014648011899089772,0.0238744046358263,0.0067235062926936625,0.026538611286213046,0.0050781145612075985,0.026782404652009383,0.01822185822059368,0.019170685643505245,0.018949165836430422,0.010102875293839134,0.03128254409070417,0.0067235062926936625,0.03261113274304806,0.011399831263697138,0.004109685639639159,0.004924463334619599,0.0,0.0,0.020719584886306718,0.0,0.0,0.014168856217312687,0.019187005137347165,0.011027518093671555,0.0,0.0,0.013638334029688073,0.0,0.004327046387169002,0.016445547460195123,0.005178411959219536
76561198143412503,0.04529925608271932,0.0658352831849915,0.0038353516202707318,0.07197766383039687,0.02546608018585289,0.0037380908997479835,0.03537691569270477,0.05692704302689616,0.06115748368302936,0.03303291237066776,0.01930162111514172,0.02001592210760907,0.0040212388886599025,0.06207028889454276,0.016005910682739342,0.05302127818595625,0.0427706278614664,0.0,0.013801256356783245,0.00681822307369175,0.03832332593036192,0.008437887104680176,0.018570749990402403,0.0,0.044819928585427035,0.009546894672838709,0.002999939823039841,0.009075044862174118,0.007500012894970608,0.023814216111382003,0.008951009357319184,0.022954785896620665,0.012606488604695078,0.003912544330683273,0.0,0.0,0.0,0.041209719323413385,0.01782479851147655,0.003194456830128277,0.013692561798806615,0.021823406865861147,0.010764921014883598,0.0,0.0035467846893992624,0.007012740080780186,0.013960701543896496,0.0,0.01198469360985182,0.002999939823039841
76561198144180358,0.0496173934001143,0.05842618300838018,0.0336715899956701,0.0441014692407864,0.01806258212643289,0.027327726050524956,0.03450694297973623,0.04804207949559419,0.048510029285619864,0.02177934487963167,0.03753296409549927,0.004402398065153959,0.00826590199266138,0.03809626337198529,0.01193845898572661,0.03290470402307932,0.02070546142698502,0.0,0.018606679974287964,0.0038144218678446223,0.0485492965978001,0.013281791135985547,0.01669574559923576,0.012518564149414506,0.039565866107753415,0.008909749924044022,0.021971905436711896,0.0,0.03493913607356608,0.01090519540463844,0.007626167673483756,0.03260555738331336,0.0,0.003830642767029496,0.005743130568990979,0.0,0.00427026874536447,0.025387857056723466,0.010847341387117968,0.01600255257512075,0.019563689256520907,0.04053008106896325,0.005192871878678794,0.008724347441301909,0.003795524906454261,0.0,0.016131947159424065,0.0,0.011076356167502865,0.021021819269145897
76561198144852786,0.04971898535301168,0.09504427260598801,0.02649334289806173,0.010173066677696137,0.027010253270366692,0.03693025972997058,0.014462062190759285,0.04490401609964882,0.016359636151842365,0.056612099212242674,0.060907108678773504,0.01748029582866051,0.05520399543659019,0.015403653161626835,0.014057093592355583,0.03141292511035214,0.009775610206115426,0.005411036146741038,0.03315602728863703,0.022814013372889134,0.010816836685093553,0.020728155445637088,0.053732742288889336,0.017103979367178106,0.036339670384779206,0.013491090989296687,0.022898753312400284,0.010265822293281728,0.0,0.0,0.022659645932183184,0.0,0.0,0.004486550008812951,0.012136015990820924,0.0,0.005411036146741038,0.044990798226286155,0.0,0.00958547683225739,0.011273510232830687,0.0,0.005601169520599072,0.029071552937466924,0.005411036146741038,0.0,0.012123857743466783,0.0,0.008542546502908418,0.0
76561198145824277,0.02977590821236154,0.08338533615584429,0.00912783779290213,0.038804932159042814,0.032476158105176144,0.03496994472129518,0.009880630659483145,0.06374160708126392,0.03310689920839096,0.028571098016320476,0.024845754350622917,0.015512316941256434,0.03453077559973705,0.04045031787547015,0.0183183137602022,0.05267391089275448,0.015822564301362627,0.0,0.014624549198420465,0.010345368862290984,0.022041989960827357,0.011549075283917114,0.03754483890076549,0.02133660465597102,0.04750082654138116,0.01103717893262975,0.005100226781737462,0.005316808711257043,0.0,0.009475155400001663,0.01630867987846229,0.031835529222099035,0.011225303316166477,0.00456401584467603,0.010345368862290984,0.00912783779290213,0.00539380209760441,0.044660139725793406,0.0,0.004563821948226102,0.010886229383965171,0.0048964310123324264,0.0,0.01885595597899017,0.0052759824422071895,0.0,0.02405705321455479,0.00456401584467603,0.03157290437236737,0.0
76561198146396342,0.05545091062139401,0.06974322871094742,0.050049100112109224,0.046356971415184134,0.0074355190294886,0.05453772013009454,0.019616914066195174,0.04857232944536495,0.030318825907949334,0.03163097891336116,0.047789714552940094,0.025430406470991627,0.02633154530425737,0.0190443673430969,0.013963102864214733,0.025399927724646058,0.012236268037548733,0.005178411296277986,0.012638808173928933,0.008007961005248485,0.01892384946225444,0.0,0.03786615346563737,0.034060564295147214,0.026211191473209244,0.0074355190294886,0.019503365117448684,0.0,0.01148150500661601,0.006351569069557565,0.005927968356477031,0.030364051832451073,0.00595514185896625,0.010632676830534102,0.0058614405752449705,0.005454265534256118,0.005178411296277986,0.01423955797228064,0.006351569069557565,0.007054075739907837,0.019167360686919387,0.051127375300274926,0.007054075739907837,0.013823204030093414,0.012051189127540699,0.007713956185726682,0.013640495380888485,0.0,0.0,0.006836456438096444
76561198148262444,0.07531656749041554,0.06512708030603064,0.04319864086558428,0.029804619610527616,0.037652721078313904,0.07148234432239915,0.0041703355881435806,0.016987117934468103,0.0359801707424088,0.02675137729291277,0.05647159542763411,0.015855155375440744,0.025549497609651993,0.02531808062638943,0.010998175325566104,0.026893925898701685,0.010563027658004692,0.0,0.0714783872039297,0.016087638288440557,0.0187349438360588,0.029562412547211536,0.037859812608978805,0.008691674194065767,0.011485671733486875,0.027417919083675385,0.010682427242643493,0.004579851403982801,0.0,0.0,0.023911530908520346,0.011120621842047044,0.0,0.009297282273709734,0.0048798976158571875,0.008635487915223786,0.0,0.012998862250733647,0.0,0.0048798976158571875,0.011120621842047044,0.016206846101968986,0.009650395132066829,0.031672571195409734,0.01572930920084966,0.0048798976158571875,0.0,0.004579851403982801,0.015735755790801945,0.0
76561198148591865,0.036087124073118614,0.06362021961108166,0.01852942076719368,0.045027293661649856,0.014725492778875455,0.0237268328075971,0.02839585292009649,0.09987893983574411,0.029845620064509002,0.033651153927647386,0.01810246008819737,0.010404003113640144,0.024675945435982182,0.029845620064509002,0.014095087389230272,0.03163110961601746,0.022599872203871905,0.0,0.011927815300882367,0.006521096785364001,0.0286124349346073,0.004405953691498421,0.027793359020927708,0.00451914609435624,0.03284466188010617,0.004845833582695362,0.011080483115615871,0.006521096785364001,0.03485247024675526,0.013367934257119954,0.010825816905128042,0.02584744114325114,0.009304239548348388,0.0,0.004638668781058477,0.0,0.004644743158313153,0.021880750363297712,0.012591344195360862,0.011251924205190706,0.043781816964396945,0.05997706938572639,0.00661325542413223,0.01475974933112598,0.004659496390035235,0.0,0.02107767662400799,0.0,0.004644743158313153,0.011366930368059363
76561198149149071,0.04835794255568565,0.03924006700065555,0.014912408563544394,0.061201191730987474,0.03527058198852225,0.013726598800563754,0.039278362026278255,0.05252077488340885,0.03980671097825988,0.033082916038610743,0.014925349988117056,0.016661786389798934,0.01014514897291696,0.04079854617191257,0.03214087747499629,0.0535454478043021,0.025270674915347145,0.0,0.03827351789694126,0.013195913822297418,0.03467038724374822,0.025928564998660756,0.01928199325168863,0.004611754660565374,0.030724795870229058,0.015492420283433955,0.0048657531415439,0.006817985230077248,0.01583496885286679,0.021912373254351473,0.011531677262866252,0.02077869728447343,0.010579978620655017,0.0,0.0,0.0,0.004389716781363545,0.024278600888574982,0.019476678363992556,0.0041512304812456385,0.015700616764565183,0.02523488106852012,0.012567568789639992,0.00527939583137306,0.009309963467207688,0.0042002880297818115,0.00936214275910015,0.0,0.013844763586251462,0.006817985230077248
76561198149717332,0.038145867063110954,0.017369565732361657,0.031834738145513714,0.05193840404644693,0.010966340549992994,0.0561398877820187,0.02737243640175549,0.037008926706662476,0.04389506736961812,0.017769599662558547,0.02408606008604843,0.031311636761428084,0.027105656891664717,0.03876475119254293,0.01156499356158686,0.022864668586051913,0.0313099824157715,0.005688533787407775,0.02248711362975609,0.005653286533825949,0.018138188303366613,0.030026883793657862,0.024921922531288016,0.012382914333654411,0.011594267001848341,0.005313054016167046,0.005653286533825949,0.013702024708469474,0.005688533787407775,0.00783933856004391,0.023525247141797545,0.06099374091359053,0.0,0.0,0.0,0.012029281481469162,0.0,0.025868282946403916,0.007267919639463431,0.010958994894458052,0.04606697596117835,0.027229918759605207,0.005670495037247165,0.03070347530965195,0.006434677384511666,0.005313054016167046,0.01849323230624231,0.005313054016167046,0.019687986501752845,0.005905733214440566
76561198151733556,0.06096357129821144,0.04491731534455916,0.025945200423254662,0.06735159766507712,0.0180629985522954,0.034717721360610874,0.018709339989753097,0.02840270569258296,0.0632534646247529,0.028453290825787556,0.030489211205396913,0.013361613060085703,0.03362970976731142,0.0632534646247529,0.02061255293888594,0.02616289903066645,0.00852167087218851,0.0,0.05013350981528897,0.0,0.034999013055742906,0.02535833034544717,0.021298365012970562,0.0,0.011469494316693736,0.0180629985522954,0.004544010782142251,0.0,0.0,0.010802900223016824,0.02119541165257175,0.03324772519498467,0.004014586483766232,0.0,0.0,0.02187667844264799,0.0,0.015077763189033892,0.013700194717788149,0.007975637620912603,0.02422399343925349,0.03314308279018302,0.0,0.033334239151337014,0.012554047044596029,0.0,0.0,0.0038821827896493664,0.012297508103504969,0.0
76561198154693814,0.05067724132163871,0.0573848619888057,0.05206279443816028,0.03670222938495458,0.020487241661850543,0.0507178051664909,0.017772983884617323,0.017307087103381386,0.03240488048537307,0.02813595525124852,0.0467264681290941,0.030408780391676094,0.034365420620788296,0.031695380364177385,0.009186438815548361,0.01793662567242355,0.017215178241370487,0.003814354174064516,0.05795755581223831,0.01624970970214593,0.01872018925428561,0.01686099278262988,0.02235346863957571,0.03214490930618235,0.013537599521105274,0.008902502555636883,0.018030716648556523,0.012641760758315189,0.0,0.01762780929476208,0.010108741328875365,0.01039769036585193,0.01010526261914892,0.012146899400034902,0.0,0.0043119269179914006,0.019663084127697857,0.008984588214947705,0.008634491991618204,0.008608240848721251,0.01039769036585193,0.009722785384979008,0.018538754924635633,0.03269381965920751,0.003814354174064516,0.012922046179188863,0.004230241842914086,0.004148156183603265,0.016312042256656056,0.004230241842914086
76561198155700223,0.05596563725216649,0.06827634888915814,0.0354297171775609,0.04982681057193319,0.03381297541571656,0.049594529680797486,0.028014189676636114,0.03224891361367467,0.045906621762051715,0.03498139777981291,0.036506920988733677,0.01653350462608093,0.034159808872889226,0.040329748122677554,0.009503525546516914,0.02098189141508977,0.020915217355941557,0.0,0.0281703263646571,0.02709481213777982,0.0233100334847854,0.015848624217310172,0.03445728529515222,0.009379212141662126,0.022535586335246858,0.02324436472774556,0.005707940647400452,0.007200057731721012,0.004123082806768236,0.005576873639374162,0.011670654074406222,0.02370336403436378,0.0,0.011248569964315825,0.011890771150167371,0.006075319039398527,0.00919169786003551,0.022595667770604268,0.004743781842020668,0.0,0.011693016480857498,0.013536728306873759,0.011099597680088759,0.015027996536148043,0.004432365761810424,0.0,0.004123082806768236,0.005576873639374162,0.009631471968957833,0.004123082806768236
76561198158802282,0.0,0.0,0.0,0.0,0.0,0.0,0.0,0.0,0.0,0.0,0.0,0.0,0.0,0.0,0.0,0.0,0.0,0.0,0.0,0.0,0.0,0.0,0.0,0.0,0.0,0.0,0.0,0.0,0.0,0.0,0.0,0.0,0.0,0.0,0.0,0.0,0.0,0.0,0.0,0.0,0.0,0.0,0.0,0.0,0.0,0.0,0.0,0.0,0.0,0.0
76561198160310073,0.049768481001809514,0.09561480364574079,0.025206897454479904,0.05068507032635908,0.004359563740356211,0.024601353869543586,0.021901279623946363,0.03821294558623604,0.0363093911627081,0.03183520072825621,0.06184425678415897,0.005065473194579151,0.015473124461184814,0.01978551370588528,0.029502830511323075,0.061637267832116815,0.027533566373889998,0.0144731925958483,0.010934633945159764,0.008083458292470414,0.022242869510307517,0.031862707674775226,0.02057719938390516,0.0,0.03821294558623604,0.006665891304532574,0.015473124461184814,0.008425105069598846,0.0,0.005869160750580613,0.04109845408566331,0.004017916963227778,0.005869160750580613,0.0,0.0,0.004087318387550417,0.021545038505549643,0.03821294558623604,0.007541729039917582,0.010198891898921288,0.0,0.007541729039917582,0.00995647913813103,0.015264365093500439,0.005043574540422102,0.010161211595571998,0.03313360358132811,0.0,0.0041702732163089295,0.0
76561198161403415,0.03980213430376468,0.03894613805609647,0.020535545275531312,0.07584709358783384,0.029531677661363963,0.027103037079875054,0.03962183366693619,0.033752025883293235,0.04961752299631553,0.029202651576463883,0.015743839038035584,0.02600854715324614,0.011306934926628532,0.05034656993050409,0.02304519069368945,0.04245419614805966,0.022350711169751163,0.0,0.025296959584797267,0.011043979494581992,0.040201461772389604,0.017373262306527748,0.024372556273152303,0.0,0.027084161635614314,0.006019241555908913,0.02696681341165077,0.004528764500508496,0.008280406987078123,0.004569775345083082,0.006778848519542682,0.04171810729691484,0.01407303955452912,0.0,0.011572375449118408,0.005156389310564087,0.013316930365093751,0.02247325208387232,0.004898768032430136,0.009256771476110403,0.025675100125912953,0.013455878679376237,0.010780279413054539,0.00608576842714064,0.008791917152505581,0.0,0.0042620667964049464,0.0,0.02519834140953852,0.005553133893209494
76561198162182031,0.03252558005094292,0.07135394798211545,0.00889575399692809,0.10475846232084987,0.004636461017222847,0.003093334868915134,0.020928788092975666,0.03337483536319578,0.07549360646641001,0.03918397049604446,0.016001089249246838,0.012318005042240131,0.009774430376483817,0.07340451601228719,0.03299946330660832,0.07005954517218978,0.004724873086613775,0.002754653299084359,0.006154707378040762,0.0,0.03491563343312697,0.02300143423364923,0.01988013407976536,0.008903824106133452,0.027220127985155017,0.004636461017222847,0.004636461017222847,0.009774430376483817,0.004211018213919385,0.004551955791272125,0.021475599228476215,0.029372468949573446,0.009500586470343833,0.0,0.0,0.008464629584951176,0.023610312699224735,0.02730463321110574,0.008061022847576715,0.005926618884426505,0.018482084733728293,0.010706663169312887,0.007504229203865489,0.014822372881354596,0.007082039771857572,0.004636461017222847,0.0143242686282238,0.0,0.024558504886409895,0.0
76561198162456427,0.0,0.0,0.0,0.0,0.0,0.0,0.0,0.0,0.0,0.0,0.0,0.0,0.0,0.0,0.0,0.0,0.0,0.0,0.0,0.0,0.0,0.0,0.0,0.0,0.0,0.0,0.0,0.0,0.0,0.0,0.0,0.0,0.0,0.0,0.0,0.0,0.0,0.0,0.0,0.0,0.0,0.0,0.0,0.0,0.0,0.0,0.0,0.0,0.0,0.0
76561198162847888,0.0,0.0,0.0,0.0,0.0,0.0,0.0,0.0,0.0,0.0,0.0,0.0,0.0,0.0,0.0,0.0,0.0,0.0,0.0,0.0,0.0,0.0,0.0,0.0,0.0,0.0,0.0,0.0,0.0,0.0,0.0,0.0,0.0,0.0,0.0,0.0,0.0,0.0,0.0,0.0,0.0,0.0,0.0,0.0,0.0,0.0,0.0,0.0,0.0,0.0
76561198165565385,0.076143793296355,0.036574607243043615,0.011914613084253614,0.07537805772909412,0.022624397333268344,0.00441147893793331,0.037666776107859144,0.029169634919654505,0.031341115172761606,0.04684175964617462,0.0024629203901207026,0.030493565190868554,0.04198586046173368,0.034765809704772235,0.03898564081050816,0.048103018628154595,0.020024923400917518,0.0,0.009572247893613169,0.0024629203901207026,0.0270833827579656,0.032305519527054766,0.022872914702537172,0.0,0.03358111385758782,0.010897770003797234,0.007404972323389105,0.023641240413724725,0.00441147893793331,0.0058601679912588965,0.00622578164094789,0.06331087066765827,0.018092477577863322,0.002146711092938831,0.0,0.0,0.018886930608148424,0.029169634919654505,0.0058601679912588965,0.0033154447194546762,0.040129507877089396,0.00441147893793331,0.0,0.004718881295615485,0.00604088659040359,0.0,0.009221684965826048,0.0,0.017341129165812742,0.002146711092938831
76561198166039566,0.06279883314923988,0.0548042249700173,0.025714428703165367,0.07501025708343138,0.00452229846382935,0.04768882087232916,0.028375462934174846,0.009549497961803207,0.07060425702731854,0.015849289037455173,0.031071153664692083,0.03255814881825471,0.028632696594758297,0.06526413635096204,0.014161314351209184,0.030224187481391898,0.06187948135770861,0.0,0.02910095194887671,0.0,0.018683301336086196,0.009600471395642754,0.036682452955844096,0.005004987178903831,0.0,0.0,0.00615748924950276,0.00452229846382935,0.005108447246058512,0.009396789569240857,0.015757960645145515,0.03884261932773136,0.0,0.0,0.0,0.02373762512420953,0.008845075609952624,0.00997023275794466,0.005305070016724651,0.0,0.018980706064064476,0.019571712841016244,0.0,0.03191740563566859,0.004153341540440335,0.0,0.006842796803274003,0.0,0.033109775468101774,0.0
76561198166226287,0.04209599324825611,0.04085456479749886,0.016957653253562268,0.04606615213352109,0.022658798210304622,0.04381716330338798,0.0505195595822366,0.047800728254539175,0.03653703544208704,0.018087962824912297,0.02931635305857045,0.05004481381536875,0.028896698412710572,0.036578381467849114,0.008575079325208351,0.017753395639218943,0.01206167045025525,0.021692822266762734,0.041017485268556794,0.012624163158596538,0.03523589250586282,0.0,0.02049879704706538,0.00446449220437652,0.028670090426329255,0.003664044204639725,0.025033808112082598,0.030088505947219284,0.015139622176824075,0.012804805694625745,0.005114966134042709,0.023243168198572396,0.004259611001851817,0.003724773091259684,0.01887291466617801,0.0,0.0084539184593577,0.021908888285999604,0.022638833646029415,0.004729145368098015,0.019140543779134857,0.027049550148140075,0.008450587585405234,0.009844111502140722,0.004729145368098015,0.005469067313609265,0.004174875507638544,0.0,0.00446449220437652,0.004174875507638544
76561198167407399,0.04927778399012019,0.07239433164597386,0.05995833740200586,0.010488415310291129,0.03203273093029826,0.03466329343373602,0.002929333724595561,0.03574816548931973,0.0,0.021433751392247666,0.010113291232064017,0.009062360809875056,0.04383934535754253,0.0037970083090334474,0.02961254698369903,0.041106942850606176,0.02618175558695347,0.0006250900286492909,0.018331265180306772,7.779329329533034e-05,0.0,0.011939067081419596,0.03302579141363932,0.0,0.04045661510631535,0.01172133137647703,7.779329329533034e-05,0.0005562939291753699,0.040751245286232356,7.779329329533034e-05,0.011400348636797526,0.02430826557638765,0.012395191303661733,0.021855389779968946,0.0,0.04896159971317404,0.005286747831893887,0.016139876158371216,0.002851540431300231,0.03203105297564562,0.030111912479478472,0.047230846430381404,0.02057035883621003,0.014113529739699506,0.005559280896437617,0.002851540431300231,0.04972307943920963,0.0006250900286492909,0.0,0.013704875580969908
76561198168362702,0.06545236819086418,0.0651650755167152,0.03529965570982922,0.05298802084130232,0.01506937703065173,0.040244519322925686,0.019990973691035054,0.03520570848308434,0.042944375797033724,0.03521001207259887,0.03502267368065791,0.010045403087600909,0.010040877772026743,0.03289514671555559,0.02002544051034256,0.024900488516795525,0.015067125917508892,0.019962784587487705,0.012517284077813906,0.0149616098475691,0.027849488951921037,0.03294091821376783,0.01988544735183031,0.019878707253103613,0.025004611905058045,0.01506937703065173,0.01997636771648572,0.0,0.005021680015440704,0.010044227671726755,0.02818382612779621,0.007598829655620688,0.005023569714565248,0.014909616179662839,0.0050222932987815236,0.004949889814800753,0.01504448322112482,0.025004202831576783,0.009939316548787578,0.0049183013663628835,0.012627799777268134,0.012630306850562895,0.015232823567839327,0.0050237227703955846,0.015005090081903164,0.015080633780621563,0.005021270941959442,0.005025659366912884,0.010056936608632001,0.005021680015440704
76561198169509065,0.07040761874324329,0.04746716972132139,0.055122732112349616,0.02118022645965557,0.036829023748833185,0.060979831177075935,0.031140578174069847,0.04866833494626432,0.007868591648688255,0.03400973048349019,0.03340504903260425,0.012573567081027106,0.04757741166359835,0.007868591648688255,0.0127011401698999,0.021437284348144712,0.013592228784065118,0.0,0.017260949567720184,0.013671043154054421,0.008427089803084507,0.00804111889257813,0.03535471420442983,0.017841263829319002,0.017645072892947547,0.023866804688448585,0.017760965775256998,0.01527084965871027,0.01126454003546362,0.027771658382984874,0.020580484256552487,0.017556194197713676,0.01915223078633108,0.01086376508214397,0.006821211311068965,0.017528008959439324,0.0,0.010366499406781764,0.009390196273960537,0.010708182442778859,0.01253024568794701,0.03451212843401539,0.0032564563759530612,0.02708165276768456,0.015177136910194747,0.0,0.0,0.007470426279417578,0.0,0.0
76561198172594941,0.050928496579883846,0.05823595663081476,0.014067849648918157,0.0705681772695591,0.02653773102319338,0.020020653616713728,0.04506196811041972,0.055485171647847754,0.024906383555374757,0.02941901027765597,0.027672774963458623,0.02548370074762363,0.004535389164533584,0.030349689357442314,0.03455006230389244,0.051249945064583816,0.014971099721689548,0.0,0.027859287005695454,0.02302155435117524,0.04183854249243021,0.02893176516595756,0.011134806375873984,0.009575151886295943,0.02188322913206775,0.009351656652618737,0.02078728724201408,0.01552714051297001,0.005123808991950553,0.01835651073383638,0.014284819596762177,0.01667207100049362,0.01379801989050389,0.0,0.011511557154083883,0.0,0.004953485962924768,0.025741317167372588,0.009089514847134028,0.0,0.01667643616122567,0.016529783177484516,0.014220481849627122,0.005443305802067559,0.0045310240038015336,0.013302980822573461,0.010367096535386453,0.0,0.005443305802067559,0.0
76561198175781507,0.049516090178304696,0.06888796605121378,0.01250615632677556,0.042246426573935736,0.017548036415732375,0.023400446080386456,0.04314736191364837,0.07216584679137993,0.04860264339378007,0.0400853193975336,0.026367892974310678,0.01660367446978926,0.01027439143620603,0.03432260607598681,0.0,0.03619481101920554,0.023574084254042442,0.00931905188794767,0.004958013830312614,0.01027439143620603,0.02027109383292429,0.0060228846380005596,0.009799095619960384,0.0,0.04761857190871851,0.017351671400315877,0.01027439143620603,0.011553213481295763,0.024462986217475845,0.026051458909796387,0.0060228846380005596,0.03221796882945435,0.0,0.005120012590476918,0.009284685632695477,0.0,0.013237626992497165,0.03686471736490632,0.010512025637939666,0.009000470055033924,0.028242976368409077,0.03159426579970003,0.005428643760734357,0.004228928729026963,0.004530065054954379,0.0035718262942995654,0.015310255529179162,0.0,0.012555014132940374,0.00887705463836032
76561198176903937,0.065086703909716,0.05609731023999075,0.012610318881121801,0.054580898156962245,0.03752677592421863,0.024389490588321783,0.04073746230386815,0.06392686394276181,0.03131900625180083,0.027901160988213932,0.007788526328444971,0.008217498480499049,0.01710654627933663,0.036891081937779756,0.029213947375002682,0.04769943784621535,0.012469250199825473,0.013226248172641427,0.02040975240232759,0.013341085349829553,0.016948184094236988,0.020407339871253326,0.0040984548843008145,0.015977786054627477,0.03480470383014485,0.024681002353178903,0.0,0.01607944588834271,0.016996252865925914,0.027389206689662538,0.006879824117525329,0.018446810356408803,0.010376018203293627,0.005572075685978932,0.016020570343636274,0.013355449381297934,0.008939690450666782,0.042556030448295354,0.005572075685978932,0.0,0.012149047183942876,0.0328111049311885,0.0,0.0,0.0035295597491586906,0.00366866903552484,0.0,0.007036283800212689,0.0,0.015165048536338568
76561198181134839,0.05750421562194814,0.0696962781127258,0.05899873891807616,0.027726858614315918,0.08277333250377547,0.05329423745750084,0.028201371432474205,0.025633980550702512,0.029321145202236668,0.03473120193631603,0.0034139650470949097,0.0,0.03587358581772247,0.019557442590964213,0.003381984034522234,0.021068320370780866,0.02497133864667703,0.011218109741914293,0.0380503610923001,0.036418672442932655,0.0,0.01573196132233535,0.016879698867454166,0.004864840097408735,0.025633980550702512,0.02999760310621643,0.01656508230056182,0.02123384203516544,0.0,0.023156803501717522,0.0034236881269392493,0.006856786349926029,0.003381984034522234,0.020250104250826715,0.012854188404269629,0.0,0.006707567470110096,0.029754868858027445,0.007895321896772957,0.0068321335112008635,0.0034236881269392493,0.0,0.0,0.025305672949074955,0.011396148164221244,0.018556568783525074,0.008772702307282219,0.007520841206566626,0.007161693804102201,0.004007089839150665
76561198182434729,0.04594053279571664,0.04100266453470895,0.025213515709549997,0.04779608849319066,0.035831385307257296,0.02895026146080271,0.028386279891257284,0.05808079515486372,0.031999544780803385,0.029129076583420427,0.0296847186885864,0.009948082741603427,0.017255300214133535,0.03324401092337642,0.02812888908541046,0.05074599982544969,0.03176631606692437,0.0036721157437092236,0.028257426174883297,0.007505620003066601,0.01797137423904353,0.021718490666936888,0.025603959748839195,0.011692570396275819,0.034578340926689904,0.02331145673354231,0.003528816572643008,0.0,0.017843890823309574,0.026616731972907433,0.01643544527182846,0.019163339880986643,0.020356018587085963,0.008370631943541205,0.0037758365120962698,0.0046985161998319815,0.0,0.025003253841207614,0.012255946322883588,0.004441196681098261,0.003425606390483368,0.035931505547866165,0.012923908604838797,0.007976245840872068,0.01138281073995384,0.0,0.013543407245060096,0.0,0.004912074131463487,0.0
76561198186851741,0.04803575820053341,0.03280166546153278,0.026444613052033192,0.06333385856371217,0.01901329213972856,0.031146679996168977,0.037519727611151604,0.020705854079695902,0.04842591870107499,0.017026002929689244,0.01599016763536296,0.006260963181322697,0.028326542270225,0.05373434401689758,0.04263355876768996,0.031383565409421534,0.02219185247684981,0.004796487873568959,0.022873991368109105,0.019757078254684493,0.017023427590119083,0.03689212070389007,0.032155295985227476,0.031325005402450166,0.022732752705209965,0.012966571975059972,0.012050539654399072,0.006695157941236959,0.006695157941236959,0.02845655131641498,0.022419541087994682,0.016342505042795944,0.004796487873568959,0.0053084253158225845,0.0,0.005176003363796206,0.0,0.010939859042051798,0.009766180730149994,0.0,0.010795583456991732,0.030653297156120186,0.01482454736671908,0.01604135680446171,0.01497363847780695,0.0,0.004668445008228786,0.0,0.027204468127556804,0.006695157941236959
76561198188197794,0.026725456717872617,0.042625978512613794,0.012142130846695852,0.04534709230690128,0.023575016098225553,0.04355900138768497,0.03401927949703018,0.06376527964685304,0.02902918277645651,0.01716917488192028,0.013923988849783697,0.013411766886735597,0.02573118325939926,0.02902918277645651,0.01322520992122662,0.013028090740160292,0.007859285836048934,0.003949361998308461,0.01208291742866784,0.00553701397977145,0.049941528309148844,0.004514520539255055,0.021755547313114413,0.004655105085723826,0.043744551866372106,0.014980808041807816,0.015323593528646257,0.00897407589045593,0.04559846843166588,0.0047886889763125405,0.008493505038662379,0.043172907950671316,0.01357104378151779,0.0,0.016032063863938042,0.009124900341422576,0.01171588629445097,0.019165354100101797,0.0,0.016330661271076494,0.032278234381548955,0.05664806942661318,0.01238129927276803,0.008604467084032287,0.003949361998308461,0.0,0.017663589919347068,0.0,0.012339689747565115,0.028516483196660215
76561198192535273,0.05765466144112429,0.06209698268864119,0.02526212985043229,0.08282861742432326,0.011312291508529419,0.026656414140558745,0.03410490021357475,0.050524115270054994,0.06045004483805394,0.03670163948814822,0.02615065924173062,0.021148854129461447,0.015290282283712426,0.052978291990373544,0.009756171528706625,0.03723945042058039,0.020289841007034053,0.0,0.02224447893975999,0.0046723052644003045,0.042913496463231414,0.005825083890193568,0.041053293040905596,0.009125269352750449,0.021588355155163372,0.011312291508529419,0.015268627356347363,0.0047990033452889585,0.005283846938741379,0.015557263620513118,0.011010860962510595,0.027193265885831527,0.0,0.005322413936924286,0.0047990033452889585,0.005322413936924286,0.0,0.016290199093446724,0.010476044321069014,0.004782091274471114,0.011409706782128916,0.02183660798925687,0.004782091274471114,0.015544398366064959,0.0,0.010403658124550965,0.010276063646633953,0.0,0.01046251871956148,0.0
76561198193941166,0.0,0.0,0.0,0.0,0.0,0.0,0.0,0.0,0.0,0.0,0.0,0.0,0.0,0.0,0.0,0.0,0.0,0.0,0.0,0.0,0.0,0.0,0.0,0.0,0.0,0.0,0.0,0.0,0.0,0.0,0.0,0.0,0.0,0.0,0.0,0.0,0.0,0.0,0.0,0.0,0.0,0.0,0.0,0.0,0.0,0.0,0.0,0.0,0.0,0.0
76561198193985237,0.060385001571643476,0.06981242243925262,0.013934682690173133,0.062140046204828256,0.023490405496203935,0.025168518266367564,0.03404727651398498,0.06399375700923604,0.024940647448844038,0.03730439994088827,0.019351177126501917,0.027142044826623177,0.01720812722282421,0.015658676577841497,0.012877234993748274,0.01439770400071076,0.03393251143254912,0.005110040593085421,0.004522603208878428,0.0,0.059928155089271566,0.014662545098873022,0.004477204475471384,0.011459286478709377,0.03147523967289583,0.01518818199064203,0.014254945819186505,0.0126935743449375,0.03193841777537881,0.017320062987529083,0.00943458906643466,0.016179561289517967,0.008939703026523712,0.0,0.018808654696271465,0.0,0.0,0.014382797936117101,0.00443657589105697,0.004268568020179476,0.0042043462356076465,0.02837154089652201,0.010073351012383935,0.011459286478709377,0.0,0.02620038395195968,0.01439770400071076,0.0,0.021655447908825246,0.028372598292099743
76561198195856567,0.04102914843068248,0.04383672354205483,0.01604778780541985,0.09120877639634488,0.0,0.018297283904506936,0.018492893880184092,0.03384582229345235,0.08134674698849977,0.02757522118978545,0.04012942959876654,0.022934194345408276,0.026386800490444375,0.08860988388987527,0.0,0.041458078001617146,0.01854456390100013,0.0,0.027063706442234128,0.0,0.054361480478622895,0.006137980788830109,0.03473317362509581,0.0,0.010066660829311678,0.0,0.0044844509722552,0.005641306888696088,0.0,0.0,0.01630384621699212,0.0655662569046531,0.005262978404545797,0.0051777895359402665,0.0,0.0,0.0044844509722552,0.02276210947712324,0.004961393659210293,0.0,0.04887601337064632,0.012486463972281479,0.0051777895359402665,0.009178070509261315,0.004599856888588976,0.0,0.010760854202779845,0.0,0.024865669138350005,0.007304342528343442
76561198201869792,0.03459013954589481,0.05007566539059377,0.019779018889168866,0.05277274591776286,0.041854671820260585,0.02235258079433474,0.05747192298694508,0.061589411641342545,0.022559016836173524,0.040093396123935816,0.01275828874957894,0.01900958240581321,0.006346783988269222,0.029189840435213676,0.027468370779203315,0.039562589198474475,0.02303665161505092,0.0066856834490191894,0.029779324103270485,0.013959578206520735,0.007222890296195817,0.00816426965643,0.00510121034489715,0.004350312594603367,0.03618399527507432,0.03358477767719695,0.011761258025879493,0.014972389977240501,0.005993708281709929,0.03935022760314842,0.004286798305796579,0.007398139154275391,0.023404436171028175,0.0063625293955999526,0.00999168471027834,0.0,0.01032480104778939,0.03338196345162363,0.034248520076418605,0.010546048387744677,0.003098228378775082,0.020975141881586994,0.003168683798166487,0.003178337174487669,0.006709214689749115,0.01518216675125459,0.009717107370039672,0.010586686040382539,0.003639117598770201,0.006180093007030387
76561198202541610,0.065629433609898,0.039722907596711786,0.01836721540737745,0.033812502916442375,0.04555836105883963,0.046419030653549506,0.034470987901518084,0.029650867333770772,0.022040662166103002,0.03841310049251086,0.025917488380395544,0.015575922583596238,0.034083844508172804,0.02133335824078723,0.021295821163629682,0.04535156623549017,0.0087287783396083,0.004298614846287562,0.05804287845706058,0.0329152560159591,0.016495181089699894,0.0069572751626233754,0.0332881862105698,0.004813416104933037,0.026845339349548223,0.00941403907393267,0.009756900908022023,0.014073485719355293,0.008611897048097136,0.012567973747534577,0.0069572751626233754,0.007107759570145354,0.0069572751626233754,0.013517274876280867,0.019005664163384797,0.0,0.0,0.019065930544022225,0.009820484359319327,0.009140385145080199,0.011432758083751736,0.02844226790514408,0.0069572751626233754,0.01868887073298652,0.013969749601046074,0.004298614846287562,0.012928481859430404,0.004376245460432042,0.013976591769626755,0.008904803273167387
76561198203294379,0.06644460575602781,0.06623730026298763,0.05992057620506676,0.05207121239497491,0.010639713793128475,0.054144652176740825,0.004817815353983448,0.03320283582196231,0.04801759705266268,0.04947334040168168,0.05453722463548009,0.010082679290429478,0.020639062363379007,0.044242373432794614,0.011273424691390038,0.03349586524563806,0.02950685032918372,0.0037752236198680643,0.02261772766583134,0.004817815353983448,0.01597300656387931,0.011041963989152859,0.04078005973564114,0.004817815353983448,0.011872022045931878,0.0,0.008910441477948733,0.0033469148340573994,0.0043572457415533535,0.0,0.015399799077611206,0.012567688001039828,0.0026492086485680627,0.007581624308706591,0.0043572457415533535,0.02125878910034642,0.009304707173902164,0.009574495026671386,0.0,0.0,0.017765203549530605,0.02134784465983083,0.0026782037688941047,0.04678652935794683,0.007014711843090269,0.0,0.018962359415340472,0.011519348441268236,0.002731865322284915,0.007443010974072235
76561198205514059,0.0,0.0,0.0,0.0,0.0,0.0,0.0,0.0,0.0,0.0,0.0,0.0,0.0,0.0,0.0,0.0,0.0,0.0,0.0,0.0,0.0,0.0,0.0,0.0,0.0,0.0,0.0,0.0,0.0,0.0,0.0,0.0,0.0,0.0,0.0,0.0,0.0,0.0,0.0,0.0,0.0,0.0,0.0,0.0,0.0,0.0,0.0,0.0,0.0,0.0
76561198206869732,0.03958377474418061,0.07427230199010078,0.024294310357923978,0.05273692612207504,0.024051358713933088,0.026548941685116834,0.016877945725617433,0.05529537377606231,0.03615747176531996,0.025439611266369976,0.02525646835504053,0.012117673235119333,0.03010763123540748,0.039034617706807384,0.0018951849321860894,0.036967357408411346,0.011930162494549134,0.0,0.03360974934080037,0.007015747962868579,0.03479420176144519,0.006506219652568754,0.02463296518902851,0.0,0.043986102058203955,0.009792525463217641,0.007015747962868579,0.0,0.03187360325829283,0.002743704963997861,0.004611034720382664,0.023379584036182524,0.0,0.0,0.007015747962868579,0.004561767087250676,0.01015149359051735,0.028682468851810812,0.002743704963997861,0.005133101026439156,0.027934428239683954,0.036441871381963545,0.0,0.02370266312254032,0.0,0.014596134828618254,0.023665644063262683,0.009792525463217641,0.02725075050587354,0.015799401027876917
76561198210123867,0.050408299938387795,0.026950374294241908,0.019920225308653994,0.036335947001105665,0.033820880172510816,0.0789431958559457,0.012354591744885016,0.028792447490272644,0.039209227201835964,0.02250157367704437,0.03283001804659766,0.023220970500362863,0.02960648279461249,0.03263681033569296,0.01507876495209733,0.030258112069784633,0.018617534131702362,0.005456819777219466,0.04556228732752894,0.013237879642510776,0.0222434753210922,0.010607350430518097,0.024533498427950908,0.0,0.02966566890588444,0.010614740712723888,0.011086567776671205,0.008877909374642506,0.021631197433450277,0.004243135132206003,0.004269069713113491,0.04221913474213131,0.0,0.004343478699874016,0.014047095146106641,0.013005068435061799,0.008943947967563131,0.018569242062295686,0.004243135132206003,0.0063096904386223725,0.03355754500694353,0.03770930911096951,0.019465126238380794,0.009274446452363397,0.011686150039791838,0.0,0.004713642866544226,0.0,0.014350837023792742,0.014047095146106641
76561198212109881,0.05497211021918964,0.07539773129381104,0.021530617228105606,0.07386353389539806,0.0,0.013919534195705347,0.0075518933572817715,0.026965471501018856,0.06497860820120227,0.0360328806603987,0.02266596997246845,0.011275120597436034,0.04881287858660006,0.07281263962126415,0.03083628763460761,0.03749382086553073,0.01127649691966984,0.0,0.039418547222569,0.0,0.02570350423682022,0.00829920793420653,0.04351285726749374,0.005300021319106323,0.019063978106227862,0.005300021319106323,0.0,0.0075518933572817715,0.0,0.0,0.01642893795746796,0.02930850579477912,0.0,0.0,0.0,0.0,0.012272406948404249,0.026965471501018856,0.004742248769052984,0.0,0.020907711394315152,0.013963207125239553,0.015029540095798575,0.04476440032101975,0.0,0.0,0.007610652032799683,0.0,0.04347129254760415,0.0
76561198212143500,0.03368688829664595,0.04161574274778536,0.01496633637009873,0.02586523232006535,0.08058796743241034,0.037610524233750206,0.02886360950536483,0.0322395729175432,0.008318728079982253,0.04457197929064197,0.014484455013166165,0.017186430612992232,0.02992790658938659,0.008318728079982253,0.013597796618842707,0.052689856317414796,0.04303286466195949,0.0,0.02421389352716747,0.008222328296719622,0.0,0.00521197396603194,0.02311594161826058,0.014063332074700454,0.0349997582934137,0.03549716334246781,0.008165078974176145,0.013495760333758199,0.025915440514472355,0.0131838178645213,0.00521197396603194,0.003964775400239756,0.016338038756308283,0.005718715076574741,0.017415626057614122,0.0,0.004416958194241349,0.03961316402489252,0.00886126459640494,0.004504345418303323,0.0,0.014148858343898401,0.012348847071166116,0.023734464649859188,0.008555108970953035,0.021186161021630553,0.033303320062361606,0.003811156598747717,0.012790414069647421,0.030427699827403187
76561198212519471,0.05215343454687653,0.05409854818484376,0.008277461459845776,0.06956934150735995,0.025857630337675384,0.013828792482433188,0.01471225213256278,0.04783521483015245,0.05837579531101095,0.03425061427711897,0.028882560400223276,0.011567018132681064,0.016886811931859383,0.04779913906195937,0.021453459230237396,0.06484317866418206,0.03573705172049712,0.0,0.03184508127392647,0.003932311517379791,0.03794839819049583,0.012176446835868686,0.025463628978697327,0.003932311517379791,0.03945194657682201,0.015548525020733735,0.0,0.00926939164316722,0.0,0.0044043932987990735,0.00841757160581538,0.034639546290758175,0.00818151233290889,0.0,0.005107630867511456,0.009289735506497079,0.0,0.04061238383221897,0.0,0.0,0.02873022036065104,0.016067351029359224,0.0044043932987990735,0.004450956735950649,0.00938902106973402,0.0,0.01949475474612966,0.0,0.016275404488330526,0.00483877877054643
76561198213107237,0.028428670446816486,0.04945192984053853,0.009282625864157826,0.10115839133443111,0.0,0.0,0.021717615325644826,0.03709440551118838,0.07063507508196086,0.010052678631489145,0.029786626632676807,0.028418626954738912,0.018265466764128702,0.07187110731421373,0.020309760698159263,0.053746901133214404,0.019615976435400355,0.0038313485215382952,0.031038060283076603,0.0,0.04645698424849904,0.03306105186888566,0.028940519393189885,0.01386456947475268,0.01508823994362243,0.0,0.0,0.011511026330761419,0.0,0.01777423179411405,0.017946607437051548,0.04694566053361147,0.01288912972598754,0.00467138302153942,0.0,0.0,0.0,0.019547460454700977,0.014236706712318829,0.0,0.03256686569827421,0.03240823867397709,0.007721553162624905,0.010431878591511318,0.012656472103988336,0.0,0.008624843762766714,0.0,0.00795131029444815,0.0
76561198214234216,0.042518507000818925,0.06312702369619169,0.012965241849717956,0.09773872170022947,0.009029019788578995,0.01295712397369185,0.027068813652074353,0.06516260088945681,0.08042838630280569,0.02120298611319865,0.014618828294349124,0.008871511688195841,0.012284304132576272,0.07521935132911241,0.01385338897246311,0.04343501024614254,0.01566523954212825,0.0,0.02473994453034548,0.00854221388934096,0.038678175445270316,0.008083686584695916,0.012284304132576272,0.0040389408359733795,0.029620450462330056,0.009029019788578995,0.0,0.0,0.0,0.023490987887745108,0.0039676025079461285,0.03963935754299289,0.0,0.0,0.004503273053367581,0.0040344728515195,0.004541929781660222,0.03766651413113742,0.01076652744312269,0.0,0.0317982841647811,0.03841529475292574,0.0,0.016400388209326062,0.005698364059739941,0.0,0.00984361963730011,0.0,0.018070589135592206,0.0
76561198214300979,0.07368311795947592,0.05675138574320321,0.030366910494532717,0.06434153093066781,0.0,0.019831971942165585,0.009359368847950118,0.030744638237224356,0.035550415890609824,0.056099238185623714,0.05905127622816816,0.025035075298439114,0.015514207326692392,0.025576353588010373,0.05195487032298385,0.054795997205177326,0.01943697180329671,0.011253837687373081,0.018015240371055164,0.007600758698466549,0.028414130628210375,0.026636150623301515,0.031143126358956868,0.007670125194196435,0.008897646784314466,0.004891531158952484,0.008586577576802352,0.0,0.0,0.012464479369595017,0.022248254775632085,0.005036312504676033,0.02165234716445388,0.014869839556540072,0.010090401137258433,0.0,0.032492016770410144,0.016842660261054465,0.0031892507704746973,0.008578176795228945,0.0,0.0,0.018223992422807117,0.010622676167739905,0.017502740873203394,0.0,0.012121678243614833,0.0,0.012862718101460498,0.0
76561198214648473,0.04436298441173622,0.03989994578211133,0.007770781033608024,0.04576012084042836,0.04434063723679994,0.027687864308208923,0.038824908169363764,0.05341515398667563,0.03531664672366906,0.03871012227398337,0.018558857975762053,0.012773486084202503,0.0077923707573670726,0.026246854241583215,0.026635101900399232,0.06376178564133761,0.04338018674246282,0.0,0.028342702274102155,0.009056604444145034,0.02303015730271134,0.004372132149306383,0.02650099305521034,0.003931543082390551,0.053153445712781536,0.02059190091150726,0.004114634184704878,0.005181119243783235,0.016571050198178817,0.021356492251514526,0.004372132149306383,0.02224750609580602,0.008616073301344689,0.0,0.0,0.006099094140953305,0.004243941152038306,0.03298430338746294,0.0159445065496657,0.0036777365726621937,0.007017798805089199,0.035144817940939634,0.008049352081023536,0.004093044460945831,0.0,0.0,0.020297723881560436,0.0,0.022483667526376705,0.013287719034789912
76561198219075073,0.05225115135526619,0.06280258581571528,0.02030195724760553,0.029895123222094526,0.003633376951900978,0.055655610320526024,0.03000284541633772,0.07089182120431367,0.019404248328518187,0.03908243632462356,0.03431774756096617,0.024467965851139604,0.0,0.003633376951900978,0.004916658157913997,0.006883933309448345,0.02290890219561787,0.0037792811331025045,0.0033099409068100822,0.008550035109814976,0.057735353043680805,0.005057571458405045,0.0034022187605839355,0.008550035109814976,0.05060586357763166,0.006958260973339706,0.02397361125092195,0.0,0.06561982864892359,0.01464901796948583,0.0048927782598087175,0.019909847108081507,0.006746768555066148,0.01593196925543958,0.022077655583076748,0.004930957330708558,0.004178235993132827,0.004384222715048236,0.0033099409068100822,0.0072410208451335585,0.02742487713255143,0.059695758305255406,0.010874397797034537,0.004178235993132827,0.0,0.012711259682464506,0.01264395769718995,0.0,0.003291918434327594,0.04233544024933402
76561198219470507,0.0,0.0,0.0,0.0,0.0,0.0,0.0,0.0,0.0,0.0,0.0,0.0,0.0,0.0,0.0,0.0,0.0,0.0,0.0,0.0,0.0,0.0,0.0,0.0,0.0,0.0,0.0,0.0,0.0,0.0,0.0,0.0,0.0,0.0,0.0,0.0,0.0,0.0,0.0,0.0,0.0,0.0,0.0,0.0,0.0,0.0,0.0,0.0,0.0,0.0
76561198220559105,0.03830982609330465,0.04808836475573711,0.02546713351030962,0.05404698575441012,0.02503766382625324,0.020605976248049683,0.057245958793245816,0.056482921536906656,0.028216159373391093,0.0350717380243256,0.01940663295183818,0.014989658379072419,0.011733039485070339,0.03296340937670687,0.020366344579527976,0.01712695997267411,0.012437005329760158,0.007076651963822215,0.01869231319211873,0.027066176795236156,0.021217076738961435,0.0074491074738929205,0.01623546768482317,0.010333187905222198,0.03252264741617234,0.02590269743615751,0.01254826967853714,0.021461084104619957,0.026136092388161773,0.03494010745018772,0.006512134178224525,0.01108053549521419,0.0,0.012637337640686006,0.018761739145407803,0.01119212050120967,0.0036658338579489036,0.025631127642034107,0.01643695904279213,0.01436818734339603,0.007295213292316457,0.02003376954264575,0.013669042561695481,0.006866301136805734,0.004140853840067258,0.011225257639018663,0.007947450318524521,0.007406212699384951,0.004745310652365433,0.017207955251765477
76561198231347376,0.027759187618097342,0.056729621102294445,0.004552235386103451,0.06960227001665184,0.030729199325200754,0.015557219054937075,0.017863736579064867,0.052189508163183795,0.05986661555132012,0.03375821675620362,0.010332582405076902,0.0034681326858220303,0.00218048670213187,0.0526624168767245,0.05431101817266689,0.060262810763101186,0.008678694149310762,0.0031283837304812846,0.09285848422469373,0.0056486193879539005,0.03911228167900628,0.012242577886321278,0.0,0.007835975335979756,0.011830264993631082,0.0,0.0034681326858220303,0.0,0.013937417934826524,0.003503922264631774,0.006258105667431267,0.047624037664998835,0.0009478970283494148,0.005315739678507141,0.009864527550313572,0.0052369465754795,0.0011767509366870542,0.0446014053672119,0.0,0.0,0.03617031503358864,0.05936123379897792,0.0,0.0,0.0023073091706803843,0.006667507414757767,0.0034171991111976658,0.0,0.007116486020266397,0.009864527550313572
76561198238420992,0.06314933970897055,0.05117883832903246,0.05020259067507839,0.0485994514742041,0.0,0.043918270215919125,0.007746199887422136,0.02129138954100828,0.044367137059019214,0.017986176844676696,0.06063028902172832,0.02806440951853454,0.02176163714503799,0.04388170983136344,0.0,0.02711849541856151,0.034659120594107286,0.0,0.035779080841507216,0.0,0.028648640907419507,0.012432635438046282,0.05774932132634768,0.020062404488380554,0.00581654121440144,0.0,0.008108982170672073,0.005723603605836264,0.01476804548776823,0.0,0.013832585776508336,0.02298531599800923,0.006832424604568387,0.005857613302449838,0.0,0.005857613302449838,0.01241480217231669,0.01253987092657099,0.0,0.02314729946121946,0.024190620383953886,0.030048233686403726,0.042933681357123006,0.026221897331427806,0.0,0.006148657270273849,0.0,0.0,0.013345073681681766,0.0
76561198238846116,0.03133233959827621,0.057353779643301094,0.015398474859737988,0.05995804583638971,0.029169872490038454,0.03481650608044579,0.062220761444365814,0.06802008474267256,0.06626345573657501,0.03080021341722341,0.026663877509904586,0.01780883758437209,0.009862371450649221,0.05972361806165994,0.006380254179557925,0.048757595893462354,0.02508712415737406,0.0,0.03096327263253677,0.006380254179557925,0.023438622118535417,0.006101636009938616,0.02370069901430525,0.006380254179557925,0.03204364815579288,0.022444286668652932,0.011169621997804078,0.0,0.0,0.02561813020895892,0.006101636009938616,0.03575851744640501,0.0,0.009377073317133652,0.005094106602378829,0.0,0.0,0.03119637864161861,0.015895622202890886,0.010342409067372313,0.018208744316149786,0.020915226089555407,0.004632951300023012,0.004619697154886824,0.0,0.0,0.0,0.0,0.0,0.0
76561198246412594,0.061330470372864675,0.08701810139933712,0.03954651324102382,0.03974593136136504,0.00465551588844474,0.04745574139442757,0.04805554480363527,0.06911560951530603,0.042900446044927744,0.03597037758035743,0.054531348493023296,0.0,0.032735342172488954,0.034561231738182624,0.004382025843206232,0.02549183481493945,0.014859793966355643,0.0092549992305257,0.0,0.006377356022929573,0.02382209463351941,0.025944272734233453,0.025578833347222323,0.02037754736262691,0.021948007706376324,0.011096586261471548,0.020659576376334594,0.005277050455040768,0.0050272211228793206,0.014489647641606282,0.010037365558525654,0.01653178879099677,0.0,0.0,0.006377356022929573,0.0,0.01860782963120146,0.01571169469486953,0.0,0.004605567100546572,0.005825340697199595,0.016037261443261328,0.011776876413693332,0.016016271859129086,0.009913900917480064,0.00465551588844474,0.009270116688454242,0.00465551588844474,0.012741355757292369,0.0050272211228793206
76561198248263124,0.05698738009385412,0.06780337003973495,0.020453793753064813,0.046487500310694894,0.0055311085636734455,0.03532208694666856,0.012364935695180228,0.04368423713815929,0.023804043693714437,0.025598788519674658,0.04984738295964797,0.02682267118863879,0.022998194440650488,0.029608650247175176,0.018497868909921483,0.04765164346599007,0.009025309811585667,0.0,0.052000385608888436,0.0050686188572903355,0.024620870205552686,0.030629312146129406,0.03303935237418171,0.004148929425741708,0.03431941430889376,0.0,0.011403717540147877,0.008008206580136384,0.008785893991637421,0.016421422235444957,0.03889023607467254,0.011579333339598312,0.008465198384907831,0.008376993397294624,0.004408711844643105,0.012343905956759002,0.004415261008985917,0.019205898914343836,0.00988783767871729,0.0,0.007062986089885503,0.016950823768602793,0.01822437092013419,0.02859647933280241,0.010027010187535958,0.0,0.015645682638539042,0.0,0.01060699926350968,0.004377182146994317
76561198249893146,0.03668868888227925,0.07844195577387966,0.03839902842847248,0.06416709639425251,0.03174492172501261,0.04426653540751809,0.04436424906849631,0.040964333194579886,0.00972641506554511,0.04099904250165174,0.03735376179147434,0.01088873425799904,0.02253982146327548,0.026749013208954276,0.021073036071731367,0.03580449036771262,0.03083507379310652,0.010649610935538253,0.004645166088666676,0.011464085584799688,0.005099695659017762,0.009941124474209072,0.032951428284683996,0.019325333801029725,0.03670569683924825,0.01650361292274175,0.00630495615109282,0.015877410507290794,0.010716395418302504,0.01694687855371974,0.004965673840965697,0.0,0.004775043673868226,0.005892692564881827,0.005159129433706869,0.012197648715974646,0.004775043673868226,0.04120345651704067,0.004542630915301196,0.01231961570038579,0.0,0.015075103334174915,0.0064452535596036835,0.005874362140782107,0.005668234927373662,0.011404651810110581,0.026281196837407227,0.0,0.010941903668330694,0.010340766069941689
76561198251071604,0.059051007327104395,0.0643616038776016,0.035918555167455096,0.07336846305851928,0.004035032577205579,0.027082888175986586,0.013175595901299294,0.04704505306664578,0.07010988286619636,0.03527666513986169,0.02872781692710891,0.008764039655409587,0.014297752289911888,0.06379373788188612,0.02695495231739476,0.047836168026083585,0.026025901129219504,0.004051063733945667,0.011160182593633744,0.004029415503417287,0.02796617172783794,0.010624170420696437,0.021979720001283284,0.0,0.028360794340886515,0.00953625523119118,0.0055012226539856,0.0,0.005433580429027106,0.009146180397882007,0.007071297292279985,0.025054694358607212,0.0035054269206578844,0.0,0.0,0.01653556813370794,0.0051981692837874864,0.02869766491201423,0.00874338900457025,0.014083475417841908,0.01877220924625575,0.04506041478472234,0.0051981692837874864,0.01842684687286683,0.0035528731284164517,0.0,0.004256541035155254,0.0,0.012229387906652319,0.0
76561198252530300,0.06837593164995646,0.07756868906997255,0.023365376669247467,0.049197995914169915,0.01206051082708634,0.019978448101921387,0.012871473313166425,0.034230390390848645,0.02934177938884547,0.04437809699208937,0.03877058231041676,0.02138123735399679,0.03263777553822493,0.02224474015790896,0.020431466760529832,0.04050748062984737,0.03823355396271703,0.0038358257013037917,0.023675057008064843,0.0038358257013037917,0.032726931723144004,0.013359949011630403,0.0371430575742969,0.0076376692527417595,0.02963636536167828,0.015924104042595526,0.0036788016075887013,0.007609901738536365,0.004392805229428586,0.0,0.01286546259028204,0.013679765885447429,0.004438467907417601,0.004406295130444123,0.0,0.0,0.011584739291273965,0.036733404592614795,0.004280201726902901,0.009035181846273273,0.009241297978029826,0.009241297978029826,0.004628886715829151,0.022938966070961922,0.012755916031061826,0.012899635345146597,0.017250253631734453,0.0,0.03887152861237097,0.006116875682920892
76561198256116084,0.06377897408231982,0.0342197828604019,0.05137562340818091,0.06367496757330478,0.013791706322482812,0.0364178546149116,0.030525064014115606,0.03549504467272911,0.04836037687556149,0.011273220557859957,0.028415664423562446,0.011848854947724575,0.009318763896151421,0.045160888948476356,0.029710308296955503,0.022831624385543193,0.034247563793644256,0.03502392970617263,0.028644799863555316,0.01161346830786052,0.03352924926106066,0.026060436371591125,0.00531740172824927,0.00524649841799635,0.010702279346183556,0.0022947044117090985,0.011925743278253242,0.012244732879335243,0.002264110001020364,0.022606710041220935,0.018270472698999674,0.02106503658856101,0.027126801026735578,0.008240300692823568,0.00792438111035109,0.012590992412752631,0.014332258535731406,0.007787800185655675,0.018491006556650133,0.002655531508065306,0.014332814354263191,0.02558421704615,0.014368896421551924,0.0,0.01723145382025383,0.0,0.0,0.007206600370198804,0.0026069793821018204,0.002264110001020364
76561198256822801,0.0,0.0,0.0,0.0,0.0,0.0,0.0,0.0,0.0,0.0,0.0,0.0,0.0,0.0,0.0,0.0,0.0,0.0,0.0,0.0,0.0,0.0,0.0,0.0,0.0,0.0,0.0,0.0,0.0,0.0,0.0,0.0,0.0,0.0,0.0,0.0,0.0,0.0,0.0,0.0,0.0,0.0,0.0,0.0,0.0,0.0,0.0,0.0,0.0,0.0
76561198262787729,0.05599226833481883,0.08411951102372538,0.03289159053808865,0.0400613567297326,0.022100749792183277,0.03460006242203972,0.010653278913010392,0.05925325648114735,0.021521652178379983,0.026155563469664557,0.04411080353796261,0.02520345962368411,0.051968898509150624,0.010936919210284056,0.0,0.034110669298422845,0.01548471383091287,0.0,0.028471718369098113,0.006748334424190613,0.015666475537595027,0.01986509686082071,0.057267156937896864,0.01686036301311225,0.0430420488093313,0.013169370281274819,0.0,0.006709446188320943,0.0,0.010653278913010392,0.025715949366294493,0.010936919210284056,0.0,0.006513574873952134,0.0,0.006513574873952134,0.0,0.03912286540931585,0.008931379510908458,0.0,0.004911631922613632,0.027853497311154343,0.020344484910499068,0.020176489626823717,0.006709446188320943,0.0,0.01548471383091287,0.0,0.019167429737109352,0.0
76561198263694383,0.04639197190618679,0.03517500755745614,0.022331195532906346,0.05199328702942426,0.04811810702285799,0.03381456580569065,0.04879664098071929,0.03680638042242758,0.029087543764298892,0.046490674747094216,0.025923846384915777,0.01850910451345154,0.015041460080737727,0.021223219807196835,0.04919990286478639,0.041998651053084486,0.011110069291687874,0.003371266858622452,0.03554835495674315,0.03005644681594911,0.013279847582068247,0.01371640820874938,0.027358161419385026,0.019213017124009187,0.025403667355194007,0.02983181574786244,0.0,0.006820126180013983,0.0,0.018338731699821652,0.01457955580892753,0.016386185137345105,0.01913643989961221,0.011724386313091143,0.003507476953473681,0.0,0.0034304728442797064,0.023244798097474182,0.012311008157385062,0.0199949635979016,0.004547789506871107,0.005395575846853309,0.014359755926190881,0.01121758364063997,0.006731364407773464,0.007182092790899908,0.0072552539822544814,0.0033600975491510127,0.007167359494538384,0.0035183673319958034
76561198265883417,0.04747206591819726,0.07299058222827846,0.004411679152015041,0.08584661024268275,0.0042103429227096315,0.004411679152015041,0.027924857128408236,0.044635921777411824,0.049912384982508745,0.030716694872213214,0.03484426541742851,0.013087780175906323,0.0,0.04634170222654798,0.02360972770864972,0.03554777778845637,0.023338557600079492,0.0,0.012636394194955153,0.0,0.07334670196331804,0.026897775293651657,0.010252169608293223,0.004698886136400281,0.020597443536828155,0.0,0.026755060855110983,0.009554031066202546,0.014064675710333522,0.013462025302248926,0.012939521444762616,0.030806123159838543,0.004089760418467383,0.004411679152015041,0.01478821565405362,0.0042103429227096315,0.00443160668588185,0.020597443536828155,0.027964078900706353,0.004411679152015041,0.027078029741735853,0.03777357759390504,0.004528332842206983,0.0,0.0,0.0,0.020092236942089683,0.0,0.01556733168653137,0.004742247205401969
76561198268230924,0.044450669232027014,0.03532931751592865,0.035261527143304015,0.05638141380663997,0.037137312550916124,0.04769806208604721,0.05575668123939028,0.03491998201470187,0.027420838600494164,0.027867884649021398,0.007371421056257328,0.0,0.0033199326191128533,0.048657385618339793,0.02428601413713252,0.04096727527770445,0.023463257100915763,0.014669203523273264,0.02771692660928588,0.023829614010135277,0.012870627286822162,0.023849917407335372,0.004717269716560807,0.008194757937801818,0.03044601302706901,0.02434094188137297,0.011437084917831703,0.011811788979670362,0.0,0.03868073077488756,0.00740041073271225,0.021627377844776634,0.012009935055124824,0.020218293127818112,0.004034492626843242,0.006732013392848371,0.008626505918424713,0.026655079340280836,0.013435549527675186,0.0072636756621090965,0.0034545058212610415,0.01417535177070717,0.008194757937801818,0.005071381987031514,0.011060007168487686,0.004717269716560807,0.0043751058927323965,0.011038262306105799,0.017835231915752443,0.00922094153496644
76561198268729880,0.04369184368728962,0.034915527479896846,0.027431957635388343,0.013717081576345014,0.08907493773634109,0.04951796807211946,0.026582449684653165,0.03409125774451832,0.013717081576345014,0.014475814237487545,0.013817770007202943,0.021501941536268693,0.03442551135529996,0.013717081576345014,0.021422253291171634,0.021097757472693903,0.006886106612441745,0.0,0.05614978569762431,0.012699600638575706,0.019819467718664094,0.02204859429848801,0.02079212833909732,0.019989696460318142,0.04068052894684097,0.042122590200336985,0.014119457325964499,0.01875986649318799,0.02666009287649396,0.01269666486170532,0.013817770007202943,0.0068654176336366765,0.020443549132407462,0.0,0.0,0.0,0.0,0.027770428485826722,0.006851663942708337,0.006672671013132821,0.0068654176336366765,0.02089555599143677,0.007112755577872927,0.020139992653156462,0.022163501002161214,0.020184018625951414,0.007371221035595612,0.006120893559134061,0.0,0.020102328567034342
76561198268967656,0.054934677383372675,0.05976743478485764,0.012186796720540273,0.04145382608588844,0.03917410706385963,0.02164499231247509,0.033860754434841586,0.052275186525033046,0.024443900977102525,0.029870323342334932,0.031345077999846975,0.007978462771070302,0.02394496026677937,0.024018410680100143,0.02493737920927522,0.05267231115636402,0.026378727934723487,0.0034342620144143543,0.028572521692340036,0.015682863612269192,0.014833237396661791,0.02066460841816235,0.04422765906364998,0.011069360158500359,0.045921702627068905,0.019854936931051444,0.0034342620144143543,0.0072258416752468795,0.014264589423235571,0.008477811697622075,0.012220655926730143,0.017611545342383583,0.007850376869135967,0.0,0.019583031612172414,0.006852991708292606,0.0,0.04268271588511932,0.007823791163763008,0.0,0.0042169502100416,0.0042169502100416,0.012359074340564722,0.005272486384179366,0.011705800606289916,0.0034342620144143543,0.02181037944484855,0.0,0.018017292599265784,0.00579070930965447
76561198269218599,0.04638469109915931,0.045990348875013264,0.016683682660375627,0.0674926826342747,0.004447375727630561,0.022919650470168116,0.03359201522018545,0.02388489839775011,0.06373966600199181,0.01436251481137782,0.05407796996450915,0.005130965396176827,0.03410752760775162,0.057503698192199325,0.04586917871159315,0.03198818822980514,0.016460940786773678,0.005353707269778776,0.023149363363367,0.010428715128520503,0.034687151654671455,0.034338908327076305,0.03410752760775162,0.013889624540056782,0.025818094060172686,0.0,0.009671280101646116,0.014231713610420652,0.0,0.0,0.02876302916178004,0.021165094745281814,0.0,0.015581674582304153,0.00431757283186734,0.00623596780979249,0.005353707269778776,0.013456183269229606,0.0,0.016683682660375627,0.025844982034818807,0.021165094745281814,0.020004448108364832,0.015558241165463626,0.005353707269778776,0.0,0.0,0.0,0.010204533895684847,0.0
76561198271318447,0.0,0.0,0.0,0.0,0.0,0.0,0.0,0.0,0.0,0.0,0.0,0.0,0.0,0.0,0.0,0.0,0.0,0.0,0.0,0.0,0.0,0.0,0.0,0.0,0.0,0.0,0.0,0.0,0.0,0.0,0.0,0.0,0.0,0.0,0.0,0.0,0.0,0.0,0.0,0.0,0.0,0.0,0.0,0.0,0.0,0.0,0.0,0.0,0.0,0.0
76561198271409027,0.05333603000492416,0.07561425987662325,0.04687265358146537,0.0309073531446274,0.020822567770781664,0.03811180450095406,0.039200977537234276,0.016497187990337486,0.018969102087581933,0.037534321072560835,0.06667270496541905,0.030112563292925065,0.039130626822031445,0.013724786667603227,0.012094069838441563,0.023705481881540022,0.0238567951353128,0.004371013890960871,0.023555793248826562,0.011621929600298727,0.005244315419978703,0.016676860309153243,0.051644660952444944,0.04086386683152141,0.010129436567272656,0.011050024009860951,0.01543240379487062,0.0057192409873165,0.00533078302254445,0.015914211333993098,0.016312782751948682,0.013146303772398142,0.005726318415376732,0.0,0.00533078302254445,0.0,0.024202628985099856,0.021179460577133605,0.0,0.008437331178083776,0.005296576873507509,0.0,0.015667695471212235,0.03870796270822246,0.004371013890960871,0.01046575798154968,0.010129436567272656,0.004066317287122906,0.01224180437816005,0.0
76561198271535585,0.06662537830292839,0.0820541053231966,0.03963502457533885,0.01013844418931434,0.026401467728388896,0.05749713439400335,0.005000858752870513,0.0525593541992261,0.009522918302800486,0.040678156190080354,0.04956364060293304,0.026085882499793486,0.015629665219668878,0.005036373004776994,0.0,0.03521704962669196,0.04766302472432465,0.0047361381413022815,0.015762551323289454,0.005708592798652498,0.0,0.005234957288157923,0.02173654329224949,0.0,0.036262950651955714,0.010809263636304856,0.005485887409408374,0.004945607462053507,0.03809436499105408,0.0,0.015249355929117686,0.021055612317272907,0.0048069148416932965,0.009838209325839628,0.005708592798652498,0.010092443040082133,0.009202721647188898,0.02079124410313536,0.0,0.0,0.027667578650864395,0.042299266170353664,0.0,0.01499417754101815,0.014828652291349423,0.0,0.0417718939762884,0.0,0.017373061561357123,0.02623494117502137
76561198272701149,0.022218888311570067,0.04844506905126765,0.02030409237110761,0.014500222152882767,0.04368373618708429,0.05043013331907971,0.03246594320340956,0.07381981042705898,0.01157877970489362,0.007915662042910072,0.004168201510525709,0.02016407788044151,0.028474410538921496,0.0116678353847754,0.004405173435502811,0.03957529897600006,0.0016410952605759085,0.0,0.019222373253597824,0.020840724626660735,0.036430503848120424,0.007656561400844705,0.035183272747973934,0.011642847984316878,0.05870862579457492,0.025265443143927705,0.0187367510632376,0.011932848783824546,0.03355525687219978,0.018312870782911085,0.005849553877052861,0.018005093276708503,0.0,0.008546539214111193,0.028451070123008015,0.0,0.004598004615161655,0.03621151211018938,0.0,0.023005867907520582,0.02260369738697006,0.04028171919087455,0.0040377561539063755,0.007226990970661256,0.0,0.004800045622327257,0.01877942716244244,0.0071612396090611225,0.01045093179669979,0.027044040923107675
76561198272738490,0.0564862887668241,0.03856419619053136,0.07273977338310987,0.019144303427241823,0.05016478487415464,0.04823739414453999,0.052677644169200934,0.02076225213976769,0.0038472441348209687,0.03192462843406266,0.013519194752447884,0.022102471971638244,0.034814236551045985,0.0,0.016057640902276668,0.01011809035470802,0.01396533448952899,0.03562338483550973,0.013899753416961735,0.02921254405390889,0.009897592648362104,0.006161824126496125,0.024847532005022037,0.022582833080449803,0.015314315800561076,0.0338781936359287,0.009671950617626915,0.02705436812812928,0.005531547341634648,0.014980134933053078,0.014216021526430495,0.007010718468232446,0.01977019112431324,0.013194755656605148,0.04399319281130022,0.0,0.005464997352513514,0.022357758497094878,0.005447936339206613,0.02622340997026062,0.0,0.0035019555047568116,0.008321010291901064,0.02234036485133148,0.03227404354882449,0.0,0.0,0.016570643406050446,0.0,0.005531547341634648
76561198273177152,0.04383706583262748,0.06620752137616392,0.007740972533156725,0.08034266329818016,0.005035281403393566,0.03414982483604596,0.03256236743896913,0.041386223509917074,0.0447162191594671,0.019502225755110396,0.030230422125349515,0.02522827331557501,0.007245251075564558,0.03434837979262842,0.02677458811154026,0.02803309186278829,0.024408890138716388,0.01092075611414735,0.026368199147702814,0.0,0.052053750623357244,0.02847382724935234,0.02053249737763796,0.0,0.025282560087100604,0.005035281403393566,0.03189725636288509,0.007576023988641446,0.013640396649516596,0.02090195993325741,0.02403268421483878,0.02028475548051545,0.01747832054432285,0.010245558895309535,0.012261672801331329,0.007156168040569908,0.008222970641287653,0.014308974751551162,0.01268130526757368,0.0,0.00801691481842443,0.026985966985860744,0.0034556482897392642,0.0,0.006846068617382881,0.012462740484446858,0.008713332389489063,0.0,0.008513637229005293,0.00390151004616463
76561198273477765,0.044927962341217285,0.04669711765890345,0.011262490648217308,0.09391939425617085,0.006989215654052152,0.0156944288439731,0.03777758177073772,0.05092267689463201,0.09878033804122513,0.025721012670223656,0.014252592690524092,0.014582325137319517,0.0,0.07809898302798465,0.03415122558580571,0.04217342033171781,0.04798651532555009,0.004262316178995157,0.011316462968677757,0.00949518373973396,0.023832633217613978,0.012507172518351158,0.01410658618733457,0.005549013825339595,0.03444599124522218,0.006989215654052152,0.003946169914394366,0.003946169914394366,0.004522808788536218,0.02037110030109197,0.008328918152395386,0.02527857495854771,0.0052329759334831276,0.0,0.003946169914394366,0.006024158739470369,0.0,0.04490441543038646,0.013857522201043564,0.004816863629325213,0.005908509043170185,0.011191561874713247,0.004532485574511176,0.0,0.009444633025611675,0.004816863629325213,0.014093715832410869,0.0,0.014448356814825201,0.003946169914394366
76561198273602004,0.05795275829745387,0.06244634655789177,0.03441826047444691,0.04253843218620927,0.031760034157069475,0.0379623079605712,0.01848403918262364,0.02787030602050641,0.028673964993498845,0.032135989577062735,0.03814178560110466,0.017062611733535404,0.034270330815001915,0.028673964993498845,0.015239424063780586,0.029618700870887266,0.028058217370501886,0.0,0.04206382027487467,0.026437380788328448,0.02610964465633012,0.024921221744412927,0.030290096542778065,0.019980713046320528,0.010078638141563071,0.013027667278056647,0.007525385093729895,0.009376980747515574,0.004891759171387465,0.0,0.014841695465320942,0.015635274874800643,0.004252917628291713,0.0232837563253597,0.007525385093729895,0.0,0.022822196651742604,0.01760402323529297,0.0,0.0,0.007743235419449241,0.007743235419449241,0.010931165510920294,0.0401547217703194,0.018202835781504847,0.004197706222030131,0.010078638141563071,0.0,0.014972430119283184,0.0
76561198274446234,0.06236421852007809,0.07264847140573089,0.0231098653477107,0.04047111442846702,0.016506246597770433,0.04390279673333714,0.011379827259988292,0.04614071482596229,0.048100522149105075,0.028870655400134674,0.067012678504428,0.01685009091756729,0.031471724426232875,0.0348368043534411,0.02154568379536898,0.03893592964546417,0.023651544274080012,0.0,0.020503708831854782,0.01791594272194702,0.03333897991256079,0.025081959141066906,0.03677734336971729,0.021550058202564136,0.020167963725210646,0.005023473247661575,0.0,0.0,0.0,0.0,0.017681475288065344,0.032101186054790114,0.005326481604751286,0.005045562150713091,0.0,0.005928649101365173,0.0,0.020483397239014635,0.0,0.0,0.022429984161773192,0.006246892908187068,0.004865897216285493,0.03216312848797822,0.007307731270618692,0.011194847958257958,0.0052386907349397,0.0,0.015827758085809798,0.0
76561198274842511,0.047139748174675124,0.07416302276680325,0.026665122719188746,0.04436561694411679,0.02563478748592488,0.02092932480648572,0.01420435628432536,0.06527916415174692,0.03781464737563768,0.04946417373581842,0.015674164764307868,0.0052768514020651094,0.008876108266641381,0.047986818102112104,0.014169150626641407,0.06091396947725396,0.03364367514898509,0.0,0.025618323437879724,0.0,0.029575064466559664,0.013436258453967061,0.013228955730719014,0.0,0.0534029175755946,0.005552068613507538,0.0,0.004689409740290756,0.03500721905602692,0.0,0.009169547072843664,0.030936979355062056,0.005222189441015225,0.004186698526350624,0.0,0.0,0.0,0.044176878352658766,0.0,0.008066266055268589,0.025009609740264886,0.02694028838706326,0.0,0.0,0.0,0.0,0.0322974124440353,0.0,0.021969120565622467,0.019314090752540092
76561198275767100,0.07085084313361625,0.054943896218285736,0.040675167709212194,0.028120785165852955,0.02325864411381742,0.057927789816638264,0.016137231204948383,0.028822148572483317,0.030391404660264357,0.00950194697832101,0.02248935429251734,0.02037745275249942,0.02848040033387049,0.015625472319037267,0.01565721658899728,0.0376822959144683,0.005280044383056381,0.009999400211474899,0.0208559581746099,0.0,0.029283046526597585,0.015257179797785847,0.011140547761825137,0.0,0.01569906045976275,0.0,0.0,0.0,0.025937224144866614,0.004932288109156188,0.015433636031566899,0.05574006213544028,0.0,0.009999400211474899,0.004927686554092997,0.011520721605474455,0.00950194697832101,0.01625939810094801,0.0,0.02034965401979809,0.04931170531537328,0.03919460694329196,0.004932288109156188,0.0047718908955254385,0.005282102862017345,0.0,0.05000977458414628,0.004959388545399315,0.020260540586853212,0.03821839717715509
76561198276820389,0.03405697066537718,0.06155750242873884,0.025789818544506654,0.05296855289526885,0.019873265176775054,0.035858980111734245,0.02015624190638859,0.04015124281656304,0.041045848831954355,0.03523552506749257,0.0486469901404938,0.026055674226432585,0.041879261804302376,0.045704630702007,0.006389625110091372,0.04815067133356539,0.013706440455896843,0.0,0.01663773472549797,0.01963990088784669,0.012913536571156212,0.006431887449131325,0.028067206539352723,0.0222398391297485,0.02750053176336166,0.019873265176775054,0.007487616851826787,0.007487616851826787,0.007221695663363267,0.0,0.006111863002453915,0.020163743214410012,0.0,0.006532400907492545,0.007221695663363267,0.0,0.006481649122024886,0.027329730257340343,0.01306231652607379,0.006752970939110438,0.012500514144943572,0.006685113415370222,0.013184858388241762,0.03405022932957356,0.0,0.006469906897690092,0.02750053176336166,0.006469906897690092,0.02675449570338425,0.0
76561198277899306,0.066049520464141,0.08341765326401346,0.03061615803829729,0.05865683296732086,0.0028676023921293554,0.026479981035962934,0.010655449447298628,0.07269199167584718,0.01648990753333267,0.04994870505007193,0.04703499617428092,0.01088042742539484,0.016380260047646172,0.01648990753333267,0.012994241289654287,0.04844370470174685,0.02002277238794828,0.0035633178843353843,0.009293971336746018,0.003113000287475459,0.03381077390432862,0.017566986895491393,0.006408171932411745,0.0,0.0500706617413222,0.0,0.008152044741750738,0.0035135058275646822,0.02198122960143008,0.0,0.00834724802129386,0.02111312421297239,0.0034081821433150873,0.0035633178843353843,0.007297905767088322,0.006098230431474156,0.016432959117190095,0.03905658794869583,0.003889723623773234,0.0029044614032740362,0.015843511952786826,0.02480251113806319,0.0036177422500836996,0.026364494340567216,0.0029044614032740362,0.0028991349080322924,0.03240064517851244,0.0,0.006549406201740809,0.02491257649225145
76561198282596613,0.03481667775825409,0.06392649469794047,0.005040791571658326,0.06302638437227155,0.018012362756732778,0.02142640728307968,0.017387336643358068,0.04852000069655138,0.03395511618375781,0.03807140689593092,0.024835791481264826,0.01692601201514213,0.009480959281067102,0.035429786172928204,0.007577288726492047,0.044208623653141835,0.00945643826799213,0.004176260041188331,0.01890521600979213,0.009179940807475497,0.06813417791694536,0.01676720078562127,0.0414866355045424,0.008926260811981628,0.043478323002331634,0.009146590854585373,0.021306770768906542,0.0046895118609590735,0.004626799527233634,0.004176260041188331,0.017588374646596416,0.02264842926968614,0.0040058019989182726,0.007557128950474726,0.008640317718430806,0.004176260041188331,0.012613671804101343,0.054085126278807696,0.0,0.0,0.014753402454270993,0.008232412040181568,0.009832238991766353,0.0035567314700315177,0.0040058019989182726,0.00842935277732784,0.03483800528390083,0.0,0.037939117885084396,0.0
76561198283021088,0.05456067887195267,0.044018420414044565,0.031078249224363544,0.017575567186947604,0.06840880907035998,0.06876811690456759,0.012074469380976815,0.03224316045021766,0.017749125103301535,0.03906868918253926,0.03232045974366634,0.00929096935958229,0.03736594722293813,0.006185906376214517,0.01672578649378861,0.04467856112501691,0.011003597468966071,0.0,0.06837369602944272,0.0157882988776615,0.006185906376214517,0.016742380041581736,0.010595697157807794,0.012870431102029617,0.027155383228347478,0.044785440892753464,0.010060500590028519,0.004407998688840413,0.027098092896036107,0.005473840563637198,0.01975088097714929,0.006185906376214517,0.012651564430996442,0.005084717885131483,0.01012189637501932,0.0,0.004671109747341205,0.02012444495080018,0.0,0.004630896245577559,0.006185906376214517,0.01321684465376182,0.005473840563637198,0.03738459024755052,0.015939649225285745,0.0,0.005915820247095885,0.0,0.016792311184924823,0.023215440489474447
76561198283383463,0.04299678058806603,0.04145736038545593,0.03332937054552484,0.06612559770907081,0.012677659606144436,0.032289392068215794,0.04985006093837515,0.05312916982899458,0.04745877094932562,0.02685623314598112,0.017550486862349893,0.013415343461187628,0.006169989534058806,0.05023113304666512,0.031425477087310805,0.022608846335178692,0.021683348642614418,0.00872622149050311,0.013020239653139608,0.009013535019944759,0.03113621660773428,0.03746040070236269,0.009403924920573082,0.0,0.024016018103354225,0.00907500066909733,0.01444993256811102,0.015899140502774314,0.0033823385415072383,0.030011419367712303,0.02165046480425106,0.011533836977906414,0.012500044275799317,0.004315190712860869,0.0031787595392487266,0.012487862443952839,0.009428649374440408,0.013255134267449885,0.03071455613633513,0.0,0.027592755755232456,0.03426332270695562,0.010435539313841311,0.0035356221335242845,0.002639330394955796,0.00345862891304953,0.012551951573955849,0.008836579697567381,0.0027723620973395054,0.0
76561198283397484,0.05859967245638508,0.084739068355084,0.03940953047721839,0.055370162790653495,0.0,0.045251600962352055,0.01828206629286476,0.03945480407011841,0.03621201190004249,0.0584063716264003,0.04569432056645034,0.012753074455003725,0.02141708634353415,0.030412061793391162,0.0,0.026745593167980707,0.018603046667603283,0.0,0.05091083080645735,0.0,0.04176674556730657,0.030503615799650656,0.04049487799974452,0.0,0.021172737777253647,0.0,0.007119349081411354,0.0,0.0,0.01177998608900873,0.027035432348649215,0.01699649632901574,0.0,0.017617138893996905,0.0,0.0,0.0,0.021172737777253647,0.0,0.0055728553907270564,0.01699649632901574,0.01136277095542337,0.0,0.02871489191073579,0.01321730741974215,0.01207079289775534,0.013330027703605285,0.0,0.013764281703645817,0.007050155294518821
76561198286376504,0.023377311812862685,0.038054086067877496,0.031723856457676405,0.0076297803609403705,0.06544025761674818,0.05030923570067685,0.022545592945476457,0.0718971077305777,0.004201607129778336,0.008150685767062306,0.005145949898601154,0.01294964827426145,0.034576922095284346,0.0,0.012407776942006342,0.024741605795293296,0.017246169558466713,0.011689327718922922,0.04103729828333348,0.014099806980075385,0.011015060876684074,0.0,0.0290025690401589,0.005596679825079315,0.0579292881910856,0.02156293903578497,0.010144811093397092,0.009333205212829822,0.06813817352960445,0.0,0.00928263736914545,0.019699745847879282,0.003943822816874235,0.00455704955191588,0.030353380403363106,0.0,0.0,0.013597278034682523,0.0,0.025681926036504824,0.021112667033907698,0.05329308003798099,0.013593070324463268,0.003916182425177541,0.008721819397940206,0.007606021228313661,0.020001583691065167,0.011545962786117912,0.0,0.0431470190741222
76561198286525675,0.04657917195657865,0.03734054570847882,0.015260555798688328,0.07411376849823503,0.014322626306071597,0.030618166197359138,0.03393773655147205,0.028690419436326477,0.06618083376699854,0.005155699313560422,0.030722587674684512,0.030003252547886522,0.015312059098663029,0.06618083376699854,0.02079873546633837,0.03317061384337865,0.011769992674394365,0.0,0.02984889398812498,0.01848050435721057,0.037869345401408655,0.025645106440378162,0.030297533441135244,0.033515895178750595,0.009270772965436451,0.004439108160586564,0.009111573155692089,0.009006336960053351,0.0,0.01690263161791473,0.03552312018764047,0.04731855584710814,0.011144662923087306,0.004149396100786493,0.013116461871866044,0.0,0.0,0.0045285385478676405,0.005155699313560422,0.004144540934975648,0.030913797174209456,0.012994568101706029,0.016121240426280496,0.009878013747262304,0.009649605652806675,0.005610950145881653,0.0,0.0,0.005205548752156777,0.0
76561198286544260,0.029610448198650708,0.061443523064114436,0.028685908026407202,0.06888782506873788,0.007722931729055049,0.008258509001535517,0.0,0.011694354766869513,0.050837860434620026,0.017637078297355255,0.046843549311043016,0.033487344613494036,0.031480892934591755,0.05703485344604409,0.020064835443343587,0.03856147075949838,0.006196993011424063,0.006196993011424063,0.03046657844412753,0.0,0.02752716746265829,0.03805020911037778,0.022144620565967738,0.018199576383163326,0.0,0.007722931729055049,0.0,0.0,0.0,0.008258509001535517,0.03805020911037778,0.07647847491179313,0.020064835443343587,0.006989674380276609,0.0,0.008258509001535517,0.02605922269442498,0.0,0.0,0.0,0.028583326189395245,0.030083976840902086,0.019184346046261288,0.02822789140079859,0.006196993011424063,0.007722931729055049,0.0,0.007722931729055049,0.01936171369626325,0.0
76561198288995710,0.0,0.0,0.0,0.0,0.0,0.0,0.0,0.0,0.0,0.0,0.0,0.0,0.0,0.0,0.0,0.0,0.0,0.0,0.0,0.0,0.0,0.0,0.0,0.0,0.0,0.0,0.0,0.0,0.0,0.0,0.0,0.0,0.0,0.0,0.0,0.0,0.0,0.0,0.0,0.0,0.0,0.0,0.0,0.0,0.0,0.0,0.0,0.0,0.0,0.0
76561198291180742,0.04375152673854541,0.04853414886652638,0.012120796091156317,0.05176583866827331,0.03182867437021034,0.04049663185966661,0.026922388444757767,0.04170235086488878,0.06243889689205793,0.01960007902119535,0.04051990908321501,0.01846706880904996,0.022589129878040563,0.05230279884967782,0.01392270730445303,0.0453014958881828,0.013187192167808984,0.0,0.03662755852473543,0.018850862474233093,0.025154450262318495,0.008365877957528765,0.03084714204576421,0.008242465364418198,0.03315698857273541,0.026541392653696594,0.00932221992698919,0.004193461811881794,0.0,0.011780751186208851,0.012378983746283953,0.03483141204030205,0.0037257902495499637,0.0038777438591086275,0.012513961813065397,0.0038777438591086275,0.0,0.03241572412981964,0.0059790724751302305,0.004099747913129658,0.010162305821124554,0.02417580975067511,0.004414704040513132,0.018042359588676737,0.008834136387490085,0.00814875146566606,0.0,0.0,0.013986948282139807,0.0
76561198293954147,0.05645264988836109,0.08534217968150938,0.03202867209160383,0.04383327435631284,0.009174649705782315,0.04545397791024889,0.015882217217504376,0.06535868207266854,0.0327411739692524,0.03513744162029646,0.038264958229666454,0.014232113555666328,0.016673794852519425,0.032082387408500085,0.0,0.03848371926681732,0.02058715073650988,0.008251222422567414,0.02687826822907725,0.0,0.03693700074921139,0.01977460258457364,0.021556746788506654,0.0,0.0239567863547958,0.0,0.03251533210387898,0.0,0.028281377933549283,0.004231029373229766,0.026254359243157787,0.003830019959627281,0.0,0.007963267575643258,0.019062519914539673,0.003830019959627281,0.018458494133126276,0.01863844946049063,0.021270517350939853,0.0,0.0,0.021579400168866544,0.005253112258586342,0.030160686790887507,0.005325400319006143,0.0,0.016322460246160676,0.0,0.0037102085972857248,0.014229674919445125
76561198295206449,0.051873827514032134,0.05620686329037554,0.02612622683342174,0.036922204518399844,0.01655456436264298,0.03550483582993614,0.009477766373381767,0.05574289984527196,0.02652786837159837,0.034626480790346754,0.04087809760657857,0.01590376969894692,0.04600584132449569,0.02652786837159837,0.005434820913542923,0.031355617244056805,0.005162153226726429,0.0,0.04146674301292704,0.009461759878344845,0.021365715144871945,0.010368844976834725,0.04548280609381617,0.0,0.030945223913225576,0.011969692118136045,0.009992711611278278,0.005083522340713847,0.014238221408452162,0.010327715042417755,0.010842660280314265,0.035983402122762534,0.005434820913542923,0.0,0.0,0.0,0.00981708339130834,0.0154698999167766,0.004892894128874832,0.020290920364439836,0.04074120569041392,0.03477085466943555,0.0257894381766322,0.02512693170435617,0.0,0.0,0.014328963347657967,0.0,0.020259857938769867,0.004716405698343799
76561198302298927,0.04124748670023742,0.04289849681975974,0.04843655718410632,0.06832522617237682,0.026233581573728924,0.03618446729170173,0.031149550522351604,0.045861500309397694,0.05050971350040408,0.02427366588422452,0.025331489082256155,0.008773661444584356,0.018965993637447633,0.054261578290518045,0.016028302396195727,0.022816902223434705,0.017336904326209542,0.0,0.028291564726958134,0.0,0.030166245258984224,0.026537332356073782,0.014594086314879406,0.024597430528785113,0.02090534928880296,0.026233581573728924,0.006753253687295652,0.0032676538646413075,0.0034855998226543438,0.020892951448486144,0.015183434324364618,0.02917711287325707,0.008125967563073263,0.008179284335156172,0.010493098854210237,0.02377760129655922,0.004402095510249523,0.005168830377275354,0.005884364599680481,0.0037398451669145853,0.0038966518289917837,0.030084654749051424,0.010101798546484329,0.011728782122713988,0.009044732871495632,0.006957972789271006,0.005401343311754972,0.008334960098651284,0.01595734255062007,0.0
76561198302636427,0.04609829566317497,0.05838842516402997,0.0190032151170169,0.029993296779265165,0.04279674623369463,0.046985803049127035,0.021976278683894578,0.05780847638891448,0.038532119603228825,0.029745767587036814,0.01691124023015068,0.02426176086595522,0.03463897729358191,0.02466365620251209,0.0,0.05132467349842447,0.032289192931003755,0.0,0.037724397910094506,0.011708027690132336,0.005329640576753075,0.0,0.025614692110824264,0.0,0.05194597394952802,0.031947423195763366,0.018223495420741698,0.016671257966535426,0.02049530857937436,0.0,0.0,0.01986302201284095,0.0,0.0,0.0,0.0,0.011206294146585935,0.04560108535810165,0.016910425253410934,0.007755069058689558,0.013011001007584507,0.014543206020131684,0.007755069058689558,0.02856561670779362,0.0,0.01578645741881778,0.005329640576753075,0.004763737473643399,0.013831233216198701,0.0
76561198306886649,0.0,0.0,0.0,0.0,0.0,0.0,0.0,0.0,0.0,0.0,0.0,0.0,0.0,0.0,0.0,0.0,0.0,0.0,0.0,0.0,0.0,0.0,0.0,0.0,0.0,0.0,0.0,0.0,0.0,0.0,0.0,0.0,0.0,0.0,0.0,0.0,0.0,0.0,0.0,0.0,0.0,0.0,0.0,0.0,0.0,0.0,0.0,0.0,0.0,0.0
76561198307891464,0.055765892248558865,0.07781308717975045,0.02841316102444438,0.059500189061363236,0.0,0.01652741723669027,0.03694446559330249,0.040649132973831714,0.046568513950266975,0.03096698449850813,0.06602965525317316,0.013878907628371672,0.007409040866048229,0.038521431901572444,0.01771075161794681,0.03363932621048252,0.01422525768806438,0.020342673960791945,0.022344843533246443,0.0038306031895472335,0.03693059589907602,0.01962771221673534,0.019171594533706496,0.0,0.01082485183511846,0.0,0.0349382029316172,0.0,0.014654335196012154,0.028422920750165538,0.0,0.020575054434966326,0.0074250019395390296,0.0039607931507716744,0.014638607365975474,0.0,0.020175070345159925,0.01577723304985059,0.004525675101427656,0.0,0.014610301629948967,0.0294387930823215,0.007546660698879799,0.020034468609381097,0.006398784756807844,0.0,0.01082485183511846,0.0,0.023627572877366936,0.004789582144092292
76561198307911644,0.07515869808207144,0.044216960116468,0.04526481098798756,0.01581360115295937,0.0,0.06759952961631571,0.006069252731612914,0.04436500758014547,0.01602743876197996,0.017697592064085537,0.031880281554708595,0.0046041795896033634,0.046989880182854035,0.004958403414216134,0.0048008400127617255,0.011125124387732752,0.030489371433948215,0.0048008400127617255,0.009882167250356308,0.0,0.03311933985738545,0.00929599252586699,0.03585979138562247,0.0,0.0,0.0,0.0,0.0,0.012344718193083344,0.0,0.022695532391708097,0.07924035437947967,0.0,0.021180365037188943,0.0,0.05915471530919397,0.018423697967735367,0.0,0.0,0.0241270273219149,0.08975017432738172,0.07528732450770789,0.01674379646400436,0.009326398396574228,0.0,0.0,0.0,0.0,0.0062681953350021,0.005438597667581586
76561198311777128,0.06165711593697597,0.06244775283487666,0.04064518629045863,0.06069777889128037,0.02279520238014191,0.051737496158132355,0.01857509810461497,0.04637417924878438,0.055623746815997695,0.02985538597815721,0.03514374199263097,0.013345530781058167,0.011512959767495,0.04420738343664721,0.01606974555481189,0.021531066816318736,0.016537727522935624,0.0,0.04423770535385303,0.005633938451825735,0.034285965119172354,0.02200610398106916,0.028875727664780287,0.011343343942423655,0.018674333284987056,0.01121451570175926,0.005791712812059491,0.0,0.0,0.01829250482207004,0.01170226624804427,0.02158685411350444,0.0,0.0057212469554355095,0.00591391864614502,0.01143065244603343,0.0,0.01645213529885897,0.007357408033500004,0.017207075756032173,0.015396182032126077,0.020921019052062912,0.016954250975648694,0.017570729090055547,0.011491269136992605,0.00591391864614502,0.0,0.0,0.005268123924097495,0.0
76561198313453043,0.04880421583918552,0.0523450305769062,0.045381108020921705,0.06414724923454775,0.005431618485940067,0.04667576605340077,0.009886058628481974,0.04348980016012111,0.034118032151462335,0.01688594126612069,0.0402057914468324,0.027875438434783514,0.02784364722524771,0.029838099644890856,0.01806112125430632,0.013703312822488307,0.02364668614659506,0.0,0.009036552813447406,0.009802550983206445,0.04072670053758309,0.009224884554168235,0.06250383526736228,0.014604301996387334,0.015580842798915988,0.005431618485940067,0.0049589019309765146,0.00557089962151214,0.022613470928068855,0.004035284697239162,0.024490312009598926,0.03164433777708869,0.009654904059800778,0.01022170674148643,0.010094088363548885,0.005559236863877614,0.0,0.010094088363548885,0.004035284697239162,0.022543575074609756,0.027787307673452628,0.04069578493328771,0.012802483374603595,0.029160525166142214,0.004507670388103435,0.004279932506571485,0.0,0.0,0.0,0.0
76561198314815990,0.05306870592188883,0.039183198005861376,0.026855843756059036,0.0369176091819228,0.06008657143662206,0.03417646442039975,0.010251145437138539,0.015947433380053076,0.03729370960185937,0.02458133809821122,0.004860004115176049,0.0047470612560651425,0.05201490547685516,0.03729370960185937,0.005443044012732754,0.015947433380053076,0.011499611859713536,0.009833106052186413,0.07555587167552036,0.005861083397684884,0.023483413361589215,0.014950689473790685,0.025517857147763372,0.0091371232955188,0.017006218090187975,0.02071449669245163,0.010721087512860931,0.021750119681893165,0.01712634471517674,0.017506648593848362,0.00725550315670982,0.020061548462339176,0.010190105268797897,0.0047470612560651425,0.009505335363536146,0.004390062039453657,0.004716790024557846,0.01997390131904741,0.0,0.029731541201403817,0.015311233120419496,0.03540526106445567,0.004716790024557846,0.033232000952413306,0.008776783280914016,0.013888339490446808,0.011197118038133395,0.004872047405958138,0.011499611859713536,0.011197118038133395
76561198314983684,0.021020903856702855,0.022335539905362443,0.057297405471568176,0.030192020148001254,0.03228331568675888,0.0633325650909076,0.021289358395096655,0.0,0.03557172933558141,0.007830733640122624,0.027073887238210168,0.04187723626868144,0.05908900915676341,0.03557172933558141,0.0,0.01504801836505822,0.026763864228426453,0.0,0.0627191183774638,0.024434639899736675,0.027063169142742476,0.0,0.05993784427271222,0.04999129796629303,0.0,0.01261026918568688,0.005568465266719114,0.04105495696777233,0.0,0.005568465266719114,0.021751310062227157,0.0369982227821043,0.0,0.01292059894050183,0.005513030930474446,0.0,0.0063361366757880766,0.0,0.005568465266719114,0.014894876063833534,0.020727032466954398,0.012306720440490934,0.013177346996201262,0.04405645614301126,0.007233662068986394,0.012990598694038742,0.0,0.0,0.0,0.0
76561198315234904,0.04080749652705885,0.06176606237937372,0.03777168891172079,0.042113804091138525,0.016427906902787854,0.025491554564861713,0.012118515934508267,0.04237457046244832,0.03194319158615776,0.041481916438662385,0.02711052090635884,0.023685117840338332,0.028772720789425808,0.02296997701175914,0.013084058533705537,0.0462619205083138,0.02124697464239488,0.01137038515355666,0.030931641977611685,0.0035837350617547365,0.019733993854701995,0.006173868111304656,0.02520923985934793,0.0053247357107127045,0.046769403835218826,0.012460167596364863,0.017444787323286765,0.0035837350617547365,0.010588936495324847,0.00848279858059414,0.011890797255424744,0.01389646414794424,0.00414430942161039,0.007306160775987937,0.0,0.003064895218881095,0.018786555909433275,0.03866364884184367,0.005373825688170578,0.017422061636220124,0.012300808048153571,0.02309151913573694,0.005934671833289316,0.010700097076949081,0.008631313676350899,0.006788487278274255,0.03944237817535149,0.003064895218881095,0.020268744292771,0.0121429397161772
76561198317130606,0.050969929733166726,0.05421102483179654,0.03580446351449952,0.032755305612732294,0.014744376766992806,0.04218307639343253,0.017141860359673116,0.027560925911911074,0.026921606051707424,0.03366083816107689,0.05003809621574148,0.021503958965596776,0.05215900822862867,0.017264240442579917,0.011034360271851642,0.038280779029596784,0.007898698688545392,0.0,0.02969793658589421,0.0,0.019345955695609346,0.02901109113287857,0.0372549318813154,0.012858007110911219,0.021010701559797174,0.0025136606681335403,0.009652988117519065,0.007839969960645515,0.003288906506873035,0.009301890399027601,0.02887880679078567,0.019098389325858094,0.0,0.014412794460017303,0.0,0.024295903069216186,0.015848461479655636,0.019108802220620683,0.0,0.0,0.015221890588061032,0.02779939683349143,0.018750942316432363,0.03249995373063607,0.012899463280358995,0.006946746445667386,0.022487244002225692,0.0,0.013745917882558994,0.012096698776280385
76561198321474420,0.08938797508670572,0.052616582472162714,0.054211656230105994,0.02892049717125139,0.0,0.02657010641775721,0.0038924329683616213,0.02106924504141134,0.052220554190192815,0.0317867711480053,0.06988816670606691,0.0081444478217895,0.04622312758746594,0.03817171963372422,0.01672401471395059,0.017131677064078574,0.04750258907370372,0.0,0.013487589827123156,0.0,0.037029954725385304,0.023521441885244476,0.028744938239934178,0.0,0.006792757667944347,0.0,0.0,0.008611841546214015,0.0,0.0,0.012480262261749761,0.012949583120677947,0.0028023991908171886,0.02657010641775721,0.0,0.01408984415600745,0.0,0.01669463085920331,0.0038924329683616213,0.024332957154859305,0.04564179627159932,0.01408984415600745,0.009050369107626497,0.023521441885244476,0.004243752452200825,0.020431392562391855,0.006792757667944347,0.0038924329683616213,0.035873909580610694,0.0
76561198325641981,0.07082045615742558,0.056580940083538186,0.06598672124322301,0.04917446374373444,0.031230164996598503,0.03861217634446916,0.03709284896358617,0.035332105517725976,0.018605736671825624,0.027503812810097766,0.042539077823067005,0.00954296569520768,0.0255131876291724,0.022793223353721234,0.0205699647433374,0.013526407651033422,0.03993519173764028,0.022033962413558855,0.024937526289048825,0.03175339275359935,0.010759204104254388,0.010993823885889936,0.028287216554787387,0.011837781744637326,0.01386131829626429,0.021821374059467963,0.015232084550524976,0.015240757586825289,0.0038430523153392903,0.010609514551713753,0.00427414926898912,0.006485054835265269,0.002992937845233776,0.011010572105957694,0.013596268541012986,0.015284506510092345,0.026574685702798712,0.010018265980925001,0.0039689392592285894,0.002992937845233776,0.006485054835265269,0.02352572540357543,0.004383662647411171,0.021094115445473897,0.013303203796436132,0.0,0.0,0.0035964133904461096,0.0,0.0038430523153392903
76561198326689259,0.03439061697744765,0.02602901684106,0.01696731312163128,0.0688482930587351,0.01440297351331276,0.05059321356594178,0.057904288493615584,0.0039589698903540515,0.06303108269759192,0.01338782564222995,0.01316033963404297,0.021190644597840893,0.023107332902653654,0.05931487772928646,0.007614378500975786,0.006930033874329665,0.02237228745517062,0.024976082672733095,0.02814614105544147,0.0,0.05514512078691398,0.02004342770989592,0.03654799563431087,0.0,0.012673736314652366,0.011313593586632809,0.02177019273273755,0.020608511025107423,0.01663270620500642,0.003945075958474886,0.03297259011987565,0.03395578057632376,0.015396910681431834,0.003898173532670327,0.01160645570736519,0.0037817226990777444,0.009428855751875898,0.012673736314652366,0.003716204968305458,0.009428855751875898,0.02055037785943341,0.02055037785943341,0.0,0.01326950969952561,0.009428855751875898,0.003716204968305458,0.020296112961379825,0.003945075958474886,0.012537472712340736,0.0038406539476497125
76561198328407838,0.039432910696971094,0.04269231203820466,0.014686217563354842,0.08897838792546635,0.014103121820193285,0.016927666172658725,0.02194720418617603,0.04979922091410743,0.06534781107199093,0.039471461141072764,0.011841701008508804,0.018401567935129804,0.0,0.07386133734994678,0.03262427914673137,0.053462197067483445,0.015605967883393435,0.003122213200653749,0.026318974878374434,0.004063347391896617,0.034711856648193234,0.03341469220775058,0.0,0.004063347391896617,0.03500203246988481,0.014103121820193285,0.0,0.0034449191902184992,0.0,0.01241804266715476,0.018641846782415428,0.0357259448370366,0.012577198295767127,0.006736123122201284,0.0034449191902184992,0.0035299889406915047,0.006373851930260485,0.02453224317915134,0.012332972916681752,0.0,0.017677051669797748,0.020522404104424918,0.0,0.0046984557115468195,0.015845150320308688,0.0,0.012571411299615922,0.0,0.031005398283785904,0.003939127628489652
76561198329030307,0.06895980382744281,0.03556084452571187,0.03891319511185253,0.022587830159960996,0.07927950762807419,0.06698587109942837,0.054365456642294606,0.023160867946465602,0.04168868439521852,0.03206825023896972,0.012361663331621343,0.0,0.012561704746800139,0.017364227987652033,0.04175016020365045,0.022146806016912792,0.02062519625642741,0.016030378755723013,0.07074423262939644,0.02807911359777698,0.0035357722815924893,0.022934727625209577,0.009736698083005549,0.00430369602337832,0.015374173811841575,0.04878300192297928,0.004795787937873792,0.014707023330000379,0.0,0.02799262811114796,0.004066655545626465,0.0,0.0176974630059831,0.016010869335503893,0.0,0.003820139211260908,0.0035579214433282104,0.013795416162406536,0.013633092558987248,0.0,0.0,0.007355911492853397,0.0,0.0033925444034104027,0.018217940007098227,0.01409382290274562,0.006178952873106032,0.02078196682928114,0.0,0.0
76561198329860101,0.0,0.0,0.0,0.0,0.0,0.0,0.0,0.0,0.0,0.0,0.0,0.0,0.0,0.0,0.0,0.0,0.0,0.0,0.0,0.0,0.0,0.0,0.0,0.0,0.0,0.0,0.0,0.0,0.0,0.0,0.0,0.0,0.0,0.0,0.0,0.0,0.0,0.0,0.0,0.0,0.0,0.0,0.0,0.0,0.0,0.0,0.0,0.0,0.0,0.0
76561198330374062,0.06329467879845468,0.07587001918135548,0.06931129695074098,0.06575264427718502,0.014511094366889172,0.03386595782141653,0.019602480024216867,0.0300105230643152,0.0387716908901684,0.04584547717954385,0.023251714235882598,0.005388616295037808,0.01822416992177311,0.04983593309486457,0.027247282372918034,0.04236318896794551,0.00773970561154599,0.011885635019708506,0.009942107087509585,0.012376845569212664,0.009139875594416062,0.013152468992532062,0.03805907095187557,0.01167909834743032,0.01988742057993153,0.0,0.004045756525767924,0.012441027347300735,0.0,0.01151369418512948,0.01662248739363623,0.0,0.007554652716100201,0.035700277856958736,0.011543938906298852,0.00535574499467024,0.009808406682701812,0.01172380945943684,0.0,0.015810766439674617,0.004200258318693237,0.009556003313363476,0.025391322377378806,0.02991283464484064,0.01233688103312514,0.004045756525767924,0.007175995711009902,0.004045756525767924,0.004205633845507221,0.0
76561198332366336,0.05013359824400554,0.039870765293185624,0.017097283390726487,0.05993508571287663,0.014173196993671255,0.019731464028750416,0.02475676150582582,0.04172645406541358,0.061207439970227304,0.011825059574717614,0.023222582098451724,0.019007182785281747,0.0,0.047094024158202095,0.01540169411967225,0.014136016026569392,0.020346939213885057,0.0,0.036307544211731546,0.022710241987395914,0.06587762398850874,0.024717985598860473,0.011032769262575329,0.022710241987395914,0.015583596775514814,0.0,0.0,0.0,0.009980567544873543,0.005603029230641272,0.02026165438475526,0.06663313234443739,0.003934973535870012,0.016091210776797725,0.0097352399283482,0.006863782201337628,0.0,0.0048476893732040454,0.005603029230641272,0.0,0.05364822614044788,0.03451088319064859,0.02320792662265067,0.011032769262575329,0.0048476893732040454,0.006222030344076342,0.014136016026569392,0.0,0.02007915101378015,0.00415544848169585
76561198335877752,0.046358514522803325,0.06811397504610402,0.009967095653205044,0.08377801209901534,0.0103104990878945,0.009958020917863046,0.019385522857440073,0.05120010635476953,0.05329746947978549,0.04040272780808218,0.012910466768448021,0.016790509211769417,0.004061484570754801,0.06622037406970568,0.03821315722035666,0.06641655484432624,0.021964615907220104,0.008042198698379513,0.027047582990744827,0.006649506889774448,0.02456593890329751,0.02015657566345605,0.0159905094880947,0.012581758750666623,0.040890132119404864,0.004875584363346348,0.0,0.011188849044350049,0.0,0.0,0.014040736038772783,0.027824804388131442,0.010220174742629215,0.008192350894621397,0.0,0.0,0.008398806495040077,0.032866132533215756,0.0,0.0,0.016574305610335557,0.005377636767814683,0.006936185866738917,0.010752828514622198,0.006776091916185564,0.005753934319801897,0.02949314730686545,0.0,0.02545512127416669,0.0
76561198338123050,0.02599256709996454,0.038023649442114185,0.06098119856975288,0.00850332436406488,0.06536569654365339,0.04268298912512688,0.03621590249810624,0.04138017510063123,0.004157356977898494,0.012729144556267174,0.0034762078483612084,0.021945802959283795,0.04894505832678246,0.004157356977898494,0.009689182931656097,0.016258800081664585,0.018928162136934212,0.009055810797160188,0.008565606567385205,0.05247851637239656,0.013220586794646409,0.0,0.018006244302275435,0.0629466874212456,0.036838913250378275,0.04095507445631972,0.015171418540030516,0.04023286271317114,0.03692005579250046,0.014558992729952099,0.007860498953022061,0.013542761244288293,0.0049594594086360645,0.01836912154215238,0.028303347597636,0.007818087588684044,0.0034762078483612084,0.010036071539608069,0.004417593429398518,0.00940394291215048,0.005944795724637026,0.00714198369513003,0.008892645133885473,0.007023707819557262,0.007764936474572139,0.0035474999711960537,0.00714198369513003,0.017065061830137385,0.004355919302938215,0.01455102901125681
76561198338661363,0.05492388983409717,0.06196570726531785,0.03760564197387801,0.05525768061154654,0.01624746359850324,0.043284190475305434,0.005521744511468173,0.031239341788047128,0.039428746088723175,0.028976524659800187,0.04322617097724665,0.04096282323374865,0.032874378954587516,0.039428746088723175,0.0109516480173807,0.017901624443045737,0.005429903505912528,0.0,0.04530930696836886,0.005521744511468173,0.034313355099893625,0.018101934932321078,0.03654914045197904,0.00960249250579117,0.012471720937133206,0.0,0.006979134746059882,0.0,0.024469500341649922,0.0,0.04122489895966718,0.023329954712279364,0.0,0.016272735051492827,0.005985271782769637,0.003920194387388411,0.0063869956239667874,0.012471720937133206,0.004144679954595468,0.01279094184770774,0.03384190354820961,0.00935645118202668,0.025859618416065905,0.018054034962814335,0.00941324029724647,0.0,0.0064864491543635714,0.0,0.011916352660276098,0.0
76561198339879556,0.04186190447204484,0.05106370800140254,0.022754122151804758,0.0636544617891094,0.029591575849039917,0.03521490472468276,0.03661427402597481,0.032543513415151035,0.03407865606566824,0.027267102546885653,0.028033352976475776,0.01971535913289907,0.017804682679040548,0.030038287898695913,0.03541413200220279,0.027194935561959753,0.010531269135393378,0.014573381007951048,0.03439393884578735,0.02834039041464568,0.039285581004074886,0.03051974398658109,0.016756976242497307,0.016123167812532105,0.017656614917542394,0.010817805610477243,0.006170796345674255,0.004848255621348071,0.006170796345674255,0.026595300267358866,0.017446624045887475,0.025503094450381462,0.023891038962481733,0.004488111667463405,0.006777437443504912,0.004973476773312538,0.00446696883645837,0.011485818571868141,0.004924107920365361,0.0,0.020529617677068922,0.018996314210458252,0.013784626790989052,0.007344756654668543,0.010510728453942937,0.00404036816697233,0.004973476773312538,0.00404036816697233,0.005049800464329235,0.011144273118986794
76561198340169992,0.05005525535136362,0.04953699742143587,0.0,0.06201028801746378,0.02097097543105196,0.01798138787683494,0.029335813378117765,0.05515151121818454,0.05774144858969302,0.02586808607609654,0.022758236699225852,0.02018755045061447,0.0,0.04739033254017368,0.034235477174987934,0.04188507192276733,0.01295988398776748,0.0,0.03784835940449115,0.008773914275325112,0.05019246093317616,0.018074917678773023,0.007666226064629706,0.0051647013427391555,0.0231469256365189,0.017255498462634456,0.0,0.0037154769684175034,0.009873008335494008,0.022143087357790733,0.017424161811244707,0.0480946121639459,0.01789256597967164,0.0,0.007147523358936045,0.004579081480715699,0.0035270872157074783,0.020100760551159905,0.007067845457909342,0.003995491384134412,0.049599923694156035,0.025786316953271098,0.005433573762000606,0.0,0.008157173810503267,0.0,0.003978521989784095,0.008477688598539068,0.008156365073019891,0.008658414119532066
76561198341278283,0.036636535309086886,0.05906364057015343,0.02761490246618178,0.009445550573966963,0.014336918235534523,0.0494999623520491,0.013139007449180251,0.07837246872689388,0.017586009970745588,0.037331414324296756,0.034565672003238304,0.01755843367608353,0.03723262618335457,0.009445550573966963,0.0037533174717577908,0.027030285378032176,0.0165344225129837,0.0,0.02534779082649374,0.005275754500890182,0.03294201961291182,0.005465183331807309,0.0338360182384916,0.013728935707272828,0.03282010904201563,0.0,0.015065897816689882,0.007760770225936398,0.04997474309695811,0.0,0.013389714923114476,0.042045115652862626,0.004454438518945341,0.005465183331807309,0.009730193019835524,0.0,0.011496286984209894,0.011962744327895474,0.0,0.010122878740804567,0.05192303223974828,0.029894292975062645,0.010122878740804567,0.030756067013469234,0.0,0.0,0.013647457880998084,0.0,0.01163045079365672,0.031995324679811456
76561198341668214,0.0,0.0,0.0,0.0,0.0,0.0,0.0,0.0,0.0,0.0,0.0,0.0,0.0,0.0,0.0,0.0,0.0,0.0,0.0,0.0,0.0,0.0,0.0,0.0,0.0,0.0,0.0,0.0,0.0,0.0,0.0,0.0,0.0,0.0,0.0,0.0,0.0,0.0,0.0,0.0,0.0,0.0,0.0,0.0,0.0,0.0,0.0,0.0,0.0,0.0
76561198343083907,0.07235680633009749,0.07552898001086844,0.05410324432237189,0.020027197507118715,0.035459962264813634,0.03933192247139356,0.018650434295393353,0.037812193781063944,0.016763718813105618,0.05018504909224396,0.050452058139114235,0.014574935011642538,0.018776155959019623,0.006144590545350241,0.028665323547938333,0.038315173437481864,0.02393356879546889,0.0038211748812580944,0.034806215958654727,0.016554119152387407,0.0,0.01283071616935766,0.025581774491177503,0.005982375919154391,0.01796011549229266,0.01577676316081653,0.006785992602062229,0.015394949484887588,0.004225180226855307,0.021187079791790065,0.01758997767566375,0.0,0.006466255232591146,0.008580755994564964,0.013052681640600399,0.005669517157204735,0.014673021874738163,0.037134747001768165,0.0,0.012104446394882595,0.0,0.0068163538121001335,0.010159537846540802,0.026245058912048806,0.017381481016627853,0.0025608123752069224,0.018952562211246256,0.0,0.014533096270629913,0.006091922928404798
76561198344355760,0.0,0.0,0.0,0.0,0.0,0.0,0.0,0.0,0.0,0.0,0.0,0.0,0.0,0.0,0.0,0.0,0.0,0.0,0.0,0.0,0.0,0.0,0.0,0.0,0.0,0.0,0.0,0.0,0.0,0.0,0.0,0.0,0.0,0.0,0.0,0.0,0.0,0.0,0.0,0.0,0.0,0.0,0.0,0.0,0.0,0.0,0.0,0.0,0.0,0.0
76561198344803968,0.038670487529501474,0.03823006847912591,0.014797887585953861,0.07899719193165328,0.014989559255336826,0.03229422090731671,0.04640584184702481,0.03903200724647394,0.04508662878707246,0.03813705221261863,0.013852568165783225,0.02299283074154298,0.003392686912569188,0.03480392343433261,0.04442979998178417,0.028286139040744663,0.02356085390356472,0.012285155704372967,0.02413884450598387,0.0033030528939045176,0.04486842788432416,0.021505707728644453,0.01651079518830614,0.0,0.026720930550926135,0.0036214547110474957,0.01439302703356856,0.01136810454428933,0.011711039155189226,0.028794351233075804,0.01737056019188442,0.01332691669241595,0.018811644408078042,0.0,0.013179372777227425,0.010502733170489786,0.005057839395716437,0.00865463643506384,0.038169565974950595,0.0,0.011772610935526095,0.03622628730542734,0.0,0.0,0.00970959901334785,0.00852743097654006,0.008083019968976974,0.0036214547110474957,0.008094649792086257,0.011711039155189226
76561198345413393,0.05877720976567838,0.05460224645199597,0.01856839051965586,0.06002858228513892,0.013013348680857888,0.0260493775571707,0.0319636821064487,0.031175968782535785,0.004746018891538225,0.04324529375828482,0.04003701819506385,0.01807103995556519,0.009030062583782318,0.009406779035282323,0.03960036796831213,0.04648097951734442,0.010601788031943744,0.013143156528004421,0.022865391761285558,0.01503247500350984,0.04320522658201756,0.03083809598122259,0.017771591310167117,0.004729505549397909,0.026103884367141516,0.012988530932559124,0.02802425858145842,0.010376536560400098,0.009051141689689261,0.02611278923905792,0.02144897357236673,0.004363651310549117,0.016001634074001736,0.0,0.0,0.004363651310549117,0.018401013929456003,0.021626501908710773,0.015029140652050245,0.004260392992790949,0.0,0.0,0.016237251483628305,0.022764356130987033,0.008779505217455304,0.018148832906766343,0.01629539258042901,0.008511148474128382,0.023650432825189655,0.004477382458430742
76561198345645365,0.051907901744725926,0.06385555582500775,0.02483649721158421,0.07359249805825427,0.021003550817915235,0.03675346404521593,0.047318434391161686,0.04091455712346779,0.049588207159202737,0.026042908222383285,0.021838683983270192,0.018302846563986102,0.003369919068529935,0.05724454954477606,0.013571923493229679,0.05897741356163446,0.02221533899554628,0.009355912926409332,0.023897311053215534,0.0062462320785785,0.03842910243682106,0.008212448518053613,0.013285500707832444,0.0,0.03010812409772292,0.006618960011454192,0.008547125893780668,0.009989146817575486,0.011274909958630206,0.008367579946623377,0.014149161177517279,0.02374351412754327,0.0077760559707793,0.0058895911012615395,0.005177206825250734,0.008489311197460908,0.008606328669050404,0.04018287366455475,0.0027545817592110316,0.0,0.018640927115167835,0.008956142257807347,0.013980915390752255,0.0,0.0021451612015197055,0.0,0.010403552045828806,0.0056129981874123444,0.017825075052293526,0.0
76561198346465577,0.06555964818123436,0.04832708735974282,0.02169400444989044,0.06207831829411141,0.025718621895318823,0.032713165876289196,0.03563216771903671,0.040021136711509614,0.03289441810362698,0.032132880178090927,0.02083794360080291,0.015926233927993833,0.021556434258823642,0.04371866633738739,0.015164889928649186,0.019262633193543335,0.02799970874903403,0.0,0.02696902863070813,0.025815172574684058,0.015899814300183113,0.009929564583361375,0.03914697623688252,0.0337074629343383,0.01686050278799277,0.010014516726446343,0.005630184458752501,0.010307561959822782,0.0179409653183662,0.013124326611436202,0.009929564583361375,0.03077836020886904,0.01487449573397842,0.02068321866313423,0.015570917016256493,0.0,0.006017797454662441,0.011231804886259958,0.0,0.01099882949415772,0.018192170150281524,0.017611733076265183,0.011356048546511678,0.02197025603080776,0.0,0.0051273001619326335,0.0,0.0,0.019073468105461816,0.0
76561198347406063,0.05363776583719293,0.05697525611837451,0.03478861976085442,0.04679712936380969,0.03277447121619871,0.035934697462668724,0.023191813987032257,0.048508237765888015,0.03397929565606566,0.037283556809203665,0.03611400210452499,0.021984354156048883,0.015393807653633115,0.03421179576375235,0.042052738136593215,0.04604146444762455,0.01386929449991167,0.008476814960442475,0.03226661851416648,0.004419907587101645,0.020555080450110293,0.0255328374210328,0.010039364750459228,0.009376019188764951,0.029575360702861556,0.013696212464984656,0.004419907587101645,0.009512088232199374,0.0,0.01810409709008543,0.013067705126293424,0.019674663584948945,0.004033438869321904,0.0,0.0,0.013066339561119876,0.013629478980010682,0.024771452056656238,0.009094664902306383,0.003924354563337891,0.015251188792677287,0.015283168851156336,0.005311433132035476,0.013371215550825873,0.023927038501983716,0.0044243713352525495,0.008859035976248186,0.0,0.012797840527137427,0.0
76561198347513175,0.05571802341191061,0.0792558325695748,0.017615222370174117,0.06781712342001518,0.011264999743515169,0.015527380679258879,0.00817884820793604,0.0419049859503217,0.057455241197390435,0.030641937422887826,0.03154888218749128,0.015656555587414234,0.008295368666201139,0.047297068325023076,0.0337717870457196,0.07498666797728135,0.008106978547559394,0.0,0.02891694622560587,0.009790594026249787,0.04040893054574455,0.03194525947841154,0.012665065568988073,0.0042529472558729626,0.032641430634071204,0.007301032187134193,0.003992901629514895,0.0,0.0,0.011615223895563784,0.030082339818838524,0.017165036263268183,0.014762714821021752,0.004214880651555066,0.0,0.0,0.02445919345017469,0.03927397686116172,0.0,0.0,0.013950382567001911,0.007122018359812106,0.007400343244008718,0.009790594026249787,0.007362371577013035,0.0036022528582142655,0.011619246337930583,0.0036022528582142655,0.017019161548703754,0.0
76561198349527228,0.03632840411114145,0.05351365698656821,0.0,0.08896376659759789,0.016564733798859404,0.015556686762406265,0.038484434983547464,0.04930500970256026,0.08216137355930268,0.024351565356687584,0.015001646311761978,0.009949373115827052,0.003327194449171984,0.07098451441497378,0.013404709142496555,0.052200268530600835,0.008787792898374924,0.0,0.03181690799929355,0.0,0.04922853578273264,0.026101367725343553,0.017943397970716247,0.0,0.03938040077079313,0.0057761602910661545,0.004836910864732772,0.004836910864732772,0.0,0.017022343053381114,0.017178302978314942,0.03561994694561686,0.012119456161688314,0.0,0.0,0.004047291015011552,0.0,0.03617839794581877,0.009467479469573539,0.0,0.02420696017959155,0.029018764985220567,0.005484512586260297,0.003327194449171984,0.004642816546337815,0.004836910864732772,0.009548232261862768,0.0,0.02849566756612792,0.0
76561198350976816,0.061675826659404846,0.04266115545513776,0.022185876344310154,0.084254722459995,0.0,0.021552552616915334,0.022236973155179585,0.017436417694206043,0.04566884704032707,0.04510431524275063,0.025819818590384448,0.013381469960715526,0.014118409223878789,0.054171840245011094,0.04933947795774966,0.04547559319589155,0.026433573524631316,0.004022593471054026,0.027021932282559342,0.004431220621952021,0.037819349561538984,0.04040531214027607,0.018930769369709163,0.0,0.013310222681798618,0.0,0.008356598135397061,0.004431220621952021,0.00392537751344504,0.0042347785823312455,0.030148344346520597,0.009576851530906304,0.017333223178632205,0.009457251766126782,0.0,0.013394143795875679,0.017717447701193375,0.013322903068896367,0.012286351108183708,0.00986344440363122,0.0049721067640104135,0.02879543078546124,0.0,0.009131047412162412,0.01956255956528998,0.008398911581416138,0.009075444099467372,0.004539142764657669,0.024019151779066272,0.0
76561198351821528,0.03726443949087073,0.04361367597076328,0.032911917397959074,0.053961067958526295,0.020466488783564985,0.03320256809781197,0.03292446373123526,0.041812142481082046,0.049725678978011174,0.014201741036484436,0.025681696377258943,0.00965532066116165,0.005722789652929839,0.03134234875496747,0.024887054867825737,0.011941789267118752,0.009670977390512784,0.004113242013601631,0.03404695750860874,0.018301022465235257,0.05747948695069421,0.03883536150183901,0.013483321485524854,0.013477973679765403,0.013734320567926766,0.020466488783564985,0.03212297724998649,0.00383757343704584,0.02302516023422077,0.016906985951334105,0.025765897200102635,0.01440616925392419,0.004113242013601631,0.0,0.023305344169886506,0.010431622163888828,0.005126354143329009,0.0,0.00383757343704584,0.015591348305189509,0.033253861084172276,0.020508494372612523,0.005126354143329009,0.009707385714650569,0.009036625365996373,0.01702477616189586,0.0,0.009579508806047975,0.010634090368968008,0.013734320567926766
76561198353246717,0.08209080842891527,0.06429015950926215,0.03152881558318435,0.04866415090927877,0.005263636844332285,0.052063705352346654,0.026743531766296628,0.01683716819611877,0.04292376789844797,0.03277670678824707,0.06020317125974386,0.029390237822141823,0.046867002831652904,0.03283072225606165,0.010008889468000517,0.005596144316874131,0.014621303369046823,0.0,0.04346768703640912,0.010011017244003847,0.024176831786815588,0.030717503196546193,0.038495540595116916,0.010803659043866414,0.0,0.005263636844332285,0.006168681814028472,0.0,0.0,0.005060506863970785,0.02171103597045401,0.01778117149222222,0.0,0.011312108950626223,0.005263636844332285,0.0,0.010241759256899359,0.004814797763524931,0.0,0.015392393404062597,0.012185027175348091,0.010128756559730313,0.013884886901551433,0.043573511969668854,0.02032768029328608,0.01629155660810383,0.0,0.0,0.020226689785148477,0.0
76561198354464634,0.0626495194547175,0.05701126713400834,0.0309956632734725,0.04630950541170821,0.037239846956803456,0.04735447057329507,0.022718930542592206,0.03605875752949746,0.051389435572621905,0.020933386827056977,0.04130244317348199,0.0,0.026511004244039904,0.03546264842923976,0.011167531500110926,0.037952786456864944,0.02172096643494977,0.004904845891228221,0.022763396704635484,0.006357125818677516,0.02869258002864511,0.03518968396193237,0.0331259194311083,0.0,0.020392806916718437,0.01552099230589447,0.004904845891228221,0.01126197170990574,0.004718199163337656,0.009706033374767865,0.010682738721830362,0.024721415237445785,0.004888267812106797,0.010440022582763867,0.01126197170990574,0.010264834191645596,0.005049820862520271,0.02587905185913725,0.0,0.0,0.013737585768818679,0.01878997184156356,0.004805651385407957,0.01607098166127604,0.006279263688004129,0.0,0.014630637693557685,0.004815454039288926,0.02864756706884945,0.004718199163337656
76561198355407343,0.04457310474325192,0.055971244829175155,0.03121023686553914,0.051638931275741984,0.024800804598805546,0.04150237303620831,0.041366723353144966,0.0592897516484794,0.025721634277254997,0.02203434113826623,0.035977918609669146,0.043277454267981484,0.008601257495638592,0.025304074712548356,0.005439565082129577,0.024600450880292436,0.019183811750661153,0.005334785085019317,0.019510938531301678,0.013845774653855251,0.03846036618251318,0.022292731591066796,0.020558656191394888,0.0,0.022246806080777153,0.02249492135826112,0.02386593265225327,0.006270023877594493,0.03414971403594013,0.011538814642519943,0.017175379755680908,0.0,0.0,0.0,0.011750374854193021,0.0,0.010628548006268342,0.017063303963369667,0.0059816076716695706,0.008601257495638592,0.0,0.022722526897000137,0.028110492252343088,0.017268346632127052,0.0,0.021087873532152867,0.010943738509958422,0.016827806681805668,0.0,0.010775600300507018
76561198355821938,0.033410103011131946,0.037056641847470644,0.021660063023195526,0.033882484589059805,0.030086272590112723,0.031022324422628055,0.011505490017391692,0.06469590693505792,0.0197768955288192,0.0,0.015189775795289932,0.030454275118554235,0.01986540222079604,0.0197768955288192,0.0,0.01489330209261283,0.005064109342413304,0.0,0.020042707814069537,0.004882162389922019,0.07609993534816475,0.005960163627638057,0.03653026344831983,0.0,0.018372432760083195,0.0,0.02573820741083405,0.015240266790538517,0.0686007490110259,0.0,0.008431070888324973,0.06649712145927196,0.0,0.004875976892588732,0.0,0.024664809080408717,0.0,0.0,0.0,0.019205039415787616,0.080970467651696,0.0659679739884994,0.018480207253225456,0.0,0.0,0.004882162389922019,0.016483558430515084,0.0,0.0,0.029734781885810944
76561198358134442,0.03277419006081323,0.045442994471875296,0.015254116282515192,0.009814361727688308,0.019646387190250938,0.03174353037528062,0.010465960352926757,0.10899333468297646,0.0,0.018940331465316585,0.0,0.01570269306458015,0.009119998372872905,0.0,0.0,0.0380725348118409,0.004837219240764678,0.0,0.006782334362076179,0.009203191277701474,0.028847514479720678,0.010623030745560825,0.008830911916547798,0.0,0.06957203414129702,0.009483427701900395,0.005440388924741743,0.005440388924741743,0.08719734692036697,0.010465960352926757,0.013941399428122146,0.015277693588619964,0.0,0.0,0.01357716408064804,0.010806598751693958,0.0,0.01791098396118283,0.012659426579181928,0.026397989820614563,0.06084353172259643,0.05383044346315304,0.015929440275736992,0.0,0.006782334362076179,0.0,0.05432396614937218,0.00538897426732951,0.0,0.07963587170238863
76561198358601039,0.032848030996814444,0.06642196927483525,0.02884338840365159,0.06745686698874463,0.014554064231442636,0.03681272915240617,0.023597539675566253,0.04613583413293939,0.035184546490470404,0.029179555955050285,0.028027456022931052,0.0036666436208514846,0.012568925571640665,0.04311169557683047,0.03551790620000361,0.06489839641406844,0.02194282669958566,0.0,0.022010655410326034,0.01281830504664592,0.019882153433208764,0.03109443302164934,0.032701120908423635,0.020793964366057224,0.024069452191025662,0.009390420095498897,0.0,0.01184771137084152,0.0,0.01049686507497756,0.03086445250708797,0.022179434408900172,0.015839273676981375,0.0048583602115059524,0.004658151707350987,0.0,0.0038811756001804806,0.029300336621945516,0.0,0.008064057659934926,0.012094331804603984,0.006492760485217434,0.01464616938194959,0.016584934040205817,0.0077818964144220045,0.0,0.01875129265111195,0.0,0.018129916502114696,0.0
76561198359999689,0.042722605877467346,0.05459173015886652,0.011568208018383824,0.05559527121550454,0.011534076490004987,0.027083720049875467,0.028574026493131493,0.057306998716512604,0.011568208018383824,0.003317128327816501,0.033236378611196764,0.057084946542754054,0.006928564502404068,0.011568208018383824,0.004030364508191423,0.014543813098734655,0.007512543211578573,0.0,0.013443563550639717,0.011670298519321842,0.10310303493670361,0.00348217870338715,0.043963936118931346,0.0063150053073885055,0.03698788963263037,0.004741734016917773,0.03763522532977178,0.023412736600451584,0.05643268211155896,0.0,0.0,0.0067923424730872125,0.019012273438118385,0.0,0.02267524034741957,0.004030364508191423,0.0,0.004055664806805252,0.03413615048878581,0.0,0.00348217870338715,0.041021494224865424,0.0,0.0,0.0,0.023911116342377838,0.010488148291929403,0.0,0.01693214850316871,0.033507801184970556
76561198360775008,0.0416316672779957,0.015321039916124875,0.03458549104244307,0.06329507712057676,0.02428925477885397,0.042962970417838614,0.07011602097762545,0.021833937421080262,0.038683984126768364,0.011013640166043745,0.017794076769632527,0.01235743543440706,0.0032225925933990806,0.03271952566205744,0.04894972104239007,0.04160610915016138,0.026410434953191,0.010989993665566654,0.04930199424655587,0.023300112869250614,0.019250724118366258,0.018844482086165244,0.022544868884977674,0.0,0.011932504079246724,0.007574342697295453,0.027898964649288014,0.025686172780934564,0.007823797160907073,0.02907770002067151,0.012085856942739318,0.016884952306990223,0.034435873399141274,0.0033819330743768456,0.0,0.0031632191831943634,0.007779281896043799,0.01785831559798378,0.01728354303113389,0.0035218138864658837,0.008591921893141246,0.0,0.004367771075922912,0.0,0.02316646773430589,0.004705106569725442,0.007879975268417156,0.00824230225993555,0.014086933737828553,0.011546096032838876
76561198365702929,0.049311539529372415,0.04282559434264669,0.033807268195547996,0.05096583942600231,0.017803155215219284,0.024263362985500265,0.04987157799246896,0.034824064262997625,0.03691084051881471,0.02193089702972246,0.04516070642417634,0.01648721765222769,0.010050518955820953,0.03493068146368665,0.026942858574920563,0.028101623953884866,0.004312456736249392,0.004170603160531028,0.041685590713706436,0.01470826820492571,0.020929980213611695,0.04835887197467686,0.017329881129962234,0.014658180964863697,0.02158371782734849,0.013490698478969892,0.010100606195882968,0.01441306293213236,0.0,0.036812462954505076,0.02853064523054609,0.022301523124588125,0.01737357640070931,0.004332186472106728,0.0,0.004332186472106728,0.009120049488744826,0.009168686171248755,0.03069938849020782,0.0,0.008652380765715985,0.0299803516665408,0.00895389045868695,0.018379064864415002,0.005768374288155567,0.011129429105131832,0.0,0.0,0.0045361389907199205,0.0
76561198366069046,0.07340870778444833,0.04589770839671723,0.040430678917233225,0.03445713531347394,0.005322281153413197,0.058426685914498754,0.005322281153413197,0.022175189310283314,0.040082457664063924,0.02313252439072524,0.05241484400167674,0.015752259688857042,0.024426283288810757,0.03445713531347394,0.022030013153074467,0.016006871596580742,0.016762590434351198,0.0,0.05752146302579554,0.0,0.042810842464009936,0.04095910657460267,0.030580174433075036,0.0230292020555464,0.0,0.0,0.006846853749023397,0.00589861945824773,0.006171577896235118,0.0,0.04526201447884182,0.03245881437064718,0.00518874750051505,0.005437724325430022,0.006081260173716197,0.0,0.011856291614232038,0.010569147271150721,0.007421887979092542,0.006171577896235118,0.035429068602562314,0.013865805672530304,0.012084762133371433,0.024426283288810757,0.022831607393344763,0.01135555115678283,0.005235969011105824,0.0,0.0,0.0
76561198369639036,0.05412608955177854,0.06284981323662026,0.08913326916019222,0.017402344745973547,0.02563033721928977,0.04386263697149527,0.019543878355002313,0.01114717073521165,0.005438765069139762,0.038007750795081986,0.036040037768913416,0.018867251909763752,0.068314432514546,0.011142963992663683,0.0,0.022220931555621118,0.01822978387282625,0.005634995751269701,0.05006111677440721,0.006506801714951524,0.006259380753309864,0.006017956482209679,0.06749810887898532,0.005626770927572615,0.011383119842772162,0.0,0.006981100228881273,0.005626770927572615,0.011383119842772162,0.0,0.02934290875949313,0.036796395051092466,0.0,0.02773037168276353,0.0,0.0,0.006259380753309864,0.0,0.0,0.0482547161413107,0.012607886514100095,0.01941321767317849,0.028192827185668838,0.03085664004458432,0.006017956482209679,0.0,0.011383119842772162,0.0,0.012607886514100095,0.005599993776592884
76561198371780990,0.0,0.0,0.0,0.0,0.0,0.0,0.0,0.0,0.0,0.0,0.0,0.0,0.0,0.0,0.0,0.0,0.0,0.0,0.0,0.0,0.0,0.0,0.0,0.0,0.0,0.0,0.0,0.0,0.0,0.0,0.0,0.0,0.0,0.0,0.0,0.0,0.0,0.0,0.0,0.0,0.0,0.0,0.0,0.0,0.0,0.0,0.0,0.0,0.0,0.0
76561198372595912,0.06261321217154109,0.05903710780296971,0.042052222429188164,0.06139597215162079,0.0,0.052629739925677585,0.0,0.010132567383889733,0.0671426388119576,0.019064934374569308,0.053837549797715926,0.02770371959905066,0.033489422239851414,0.0617607972548876,0.010056081589894449,0.028547094586175707,0.032684938059954864,0.0,0.05081413986863239,0.005496480743958835,0.023170463466998758,0.019817625923882424,0.04554387509506668,0.0,0.010132567383889733,0.0,0.012599061293652703,0.004988832443901123,0.0,0.0,0.03299001205360879,0.01846691321223954,0.01207917153050279,0.004970043722506372,0.0,0.004970043722506372,0.0,0.010132567383889733,0.0,0.005902718864868776,0.013420469834556147,0.009611043357623267,0.01123758769064196,0.03363834184726872,0.011011505512242923,0.0,0.004512453845097652,0.004988832443901123,0.027357250579618582,0.0
76561198375365129,0.0499824112257909,0.07127121680547151,0.028681920083935032,0.06610650650606624,0.02025512692228732,0.03685150937362383,0.010433957148250206,0.04783012782128601,0.034529842872016395,0.02812693188870503,0.024570075509503145,0.005820768753640511,0.02092341348005285,0.030090131349075684,0.03234510753753683,0.0629875687889337,0.025013734777971947,0.0,0.039941855560855416,0.011073970403198748,0.010882020138048957,0.02332427259102748,0.01044704658544445,0.011685739439829191,0.04586971435983822,0.021965146987823623,0.011593955606238594,0.0,0.007725851741798277,0.0,0.02583907150455123,0.016080566732612493,0.01318750919848874,0.0,0.0,0.0,0.009478856483356824,0.04215535770574451,0.0,0.0038472658549984808,0.006891901109975922,0.011454288900808553,0.00401149508770456,0.014979498439269512,0.018034184820028484,0.0,0.02627460577365525,0.0,0.009709622388757071,0.007725851741798277
76561198376124646,0.044177830711439534,0.040504279822271276,0.03763577707204343,0.05119775890824841,0.018903818869826904,0.028244289745632607,0.044265113675349986,0.032072321834324825,0.024459764434472626,0.023963744526269367,0.038728097597624356,0.03623365631868641,0.058043972089182466,0.02059746907656151,0.023926743761389334,0.023908910350195798,0.015205385614311782,0.0048076653062167135,0.013310095444602082,0.024075337388920065,0.017243129407115507,0.008615599023098447,0.05088473721510545,0.006248243692969527,0.019523818714536182,0.012353884394787866,0.0359972734979776,0.017125072590750367,0.005599385199642492,0.022535864543122935,0.004622263156952468,0.0050240030732045865,0.020395003282392125,0.008585764527425316,0.020478393426914623,0.008585764527425316,0.0122520253930411,0.018854028897689244,0.010800337925849317,0.008863016027931723,0.0050240030732045865,0.020946311777123715,0.008863016027931723,0.011385995344323694,0.0,0.011702256051567017,0.007612256389384021,0.0,0.015616520270963594,0.0
76561198376986116,0.0,0.0,0.0,0.0,0.0,0.0,0.0,0.0,0.0,0.0,0.0,0.0,0.0,0.0,0.0,0.0,0.0,0.0,0.0,0.0,0.0,0.0,0.0,0.0,0.0,0.0,0.0,0.0,0.0,0.0,0.0,0.0,0.0,0.0,0.0,0.0,0.0,0.0,0.0,0.0,0.0,0.0,0.0,0.0,0.0,0.0,0.0,0.0,0.0,0.0
76561198377061737,0.050988009073977124,0.055791071900045196,0.05038416701080258,0.0,0.0,0.060442297665988826,0.013627868127294463,0.05810773880682276,0.0,0.03127708749561944,0.04258591918114326,0.026662880540796505,0.020129200927091757,0.0,0.018609917807185045,0.011840408508012679,0.014744228723269203,0.015311756970551382,0.02378102530522549,0.0,0.0,0.010256544164660505,0.04270699441477285,0.01389256755798709,0.0,0.0,0.013821355033991909,0.0,0.04836221374488312,0.013627868127294463,0.040931886991109334,0.016713690757259696,0.013627868127294463,0.004982049679890583,0.0,0.010701779638772412,0.011277782332268624,0.0,0.004644727883924365,0.02825142172364077,0.048496025430131054,0.05515322260358992,0.03018016355275241,0.03295914161732832,0.018525571549837007,0.0,0.012413595044131214,0.005719729958881829,0.014220976628898535,0.014249245392873769
76561198377168031,0.04785938191450925,0.052002250263379304,0.031458170197030254,0.038822185680792314,0.020373184613545068,0.030437424956678588,0.01550419058370609,0.028991615580098985,0.03643687680329265,0.04316142043386759,0.03695044868676537,0.02520852480306493,0.009994029021234896,0.03872031621144891,0.0512078605129041,0.052953150135311815,0.031060521867276352,0.0,0.013172427550562166,0.017633652961693114,0.009949394772589817,0.0379237489702706,0.023994571258462858,0.035821793173004865,0.028991615580098985,0.020068022952201166,0.004336692055347539,0.011800382507176835,0.0,0.004606140511803825,0.021807590685767667,0.011121298922538514,0.008562820789801431,0.00673560288979085,0.0,0.0036966819494099108,0.015637894754884855,0.017976131138127335,0.004606140511803825,0.0,0.0043856960327476645,0.010408795926136511,0.01901758183356617,0.02547267033000512,0.011935511421513383,0.0,0.01354284714055443,0.0,0.02565274111523399,0.0
76561198380711412,0.045970337618711596,0.0813807612965445,0.032112537955016916,0.04248121669985781,0.021439181682516538,0.03238297714085805,0.019243093369835595,0.03629072496992892,0.032896801742206,0.051372180136112396,0.03339844362554985,0.028106698256506413,0.02754312077739299,0.04004862169189493,0.025842389811916413,0.05409261183788943,0.021541858990363837,0.004604838433355636,0.022294379656714193,0.016447430592158113,0.0054747156937186275,0.012529287885480545,0.03109700912048482,0.010420519337774405,0.024127109372220963,0.004966804292705458,0.006204784116728016,0.004955170873326628,0.0,0.004566950673687252,0.029264299938125116,0.0,0.0,0.004604838433355636,0.014201961057894435,0.0,0.02446594816534737,0.036982837956355076,0.0,0.011398994923951683,0.0,0.0,0.011398994923951683,0.01730802791381414,0.010965985074075736,0.0049422813348111065,0.020699060565789632,0.0,0.039934212061071395,0.0
76561198388039360,0.030283567251446118,0.033821836865732084,0.044346072399707254,0.0197537757713735,0.044637344729901385,0.053507385325553096,0.025428282387991226,0.01103410732527866,0.019620662857686384,0.014400879558012034,0.02975082646724207,0.04023840781972289,0.07784634243683602,0.01968105703826565,0.01814507124505112,0.02625247122886621,0.014017621101030116,0.0059713182498614585,0.026540058772026864,0.03192214198711262,0.0,0.00468818077476877,0.03699341469813185,0.0544527083547242,0.020043495460332815,0.016694542860045826,0.005135507808525055,0.032839393808247755,0.014144895943579212,0.012113358814610398,0.023104502860114413,0.033744437382894274,0.010690188155459322,0.00468818077476877,0.0,0.0,0.0,0.006286515184653888,0.0,0.00468818077476877,0.007869742465143152,0.007869742465143152,0.02537969576363946,0.02975082646724207,0.019411745126647065,0.0,0.005898599516753605,0.004448071131748308,0.025589689110924903,0.006275153478436059
76561198390714886,0.06430971838181941,0.05536572152823774,0.04353697902595323,0.040205474998744585,0.022526196470407916,0.04592735666533009,0.018907148979417903,0.03158139744622877,0.053033620201905926,0.039839210646739794,0.05313069789448536,0.01576328945816907,0.02380220747952325,0.041812340759809295,0.012861074488507636,0.04815656499765305,0.0375419552453828,0.0,0.04368146313567397,0.01785439670937372,0.009026453231761105,0.004557616341041656,0.03677770591197156,0.0,0.017675727499423737,0.014012124314461935,0.005402811342762785,0.0,0.0,0.009009450987788558,0.014877842758168149,0.009263952948202604,0.010149311085595181,0.013441756673952851,0.003984516280611485,0.013198731291137642,0.0,0.032822031017553634,0.009587176774096505,0.003945606790604238,0.0,0.013407674003954446,0.009388669831646813,0.027230187554175757,0.013283310901242091,0.0,0.004732023699379017,0.0,0.014388504247104786,0.0
76561198391845269,0.051258513522546616,0.05204589276933382,0.026680945088086824,0.05132702919937264,0.021216426284883246,0.02722975493234024,0.02428734532715704,0.04889614745646285,0.046027780092410854,0.043851108561267026,0.026841650347561932,0.0,0.016494630805093474,0.04527346387513257,0.03708208982078248,0.05148382373632709,0.02291081167960703,0.0,0.03350027719952445,0.009129655400105829,0.0186898636106759,0.013637785834366907,0.023306252507978062,0.008394099245874405,0.035535281770356995,0.013706218526433915,0.0,0.00412675150175056,0.007313085538663103,0.00612803550228865,0.013444471350848957,0.031794152307486785,0.004243873816901298,0.006124806577399,0.0,0.009369247343143913,0.0068575298519023406,0.038163634510302205,0.003907836748414911,0.008271522466435201,0.026534366302213074,0.011475966618677537,0.005233240879165544,0.007148032695723693,0.007306217538709951,0.0,0.02883008817473558,0.0,0.02492029268155556,0.0
76561198392370761,0.05103945942409193,0.05150869441660701,0.021257892979655885,0.06423864428046827,0.0037118126505028396,0.04445020904387046,0.02433696145185434,0.009730568355361582,0.05106991780782331,0.022162773722360453,0.03654847461022988,0.034858621059699293,0.0206101858409025,0.045668237956008356,0.01134840678037476,0.01891555741780018,0.020651512610475556,0.0,0.05208721975740236,0.013442381005864422,0.04654433876752258,0.01548069003407149,0.0474105248876352,0.02083381868673331,0.006792310806661427,0.0,0.012084116387592268,0.0,0.010443173201015,0.0027584313752291654,0.0325995030562033,0.04867165299616844,0.0016178384250131763,0.017619189597534897,0.006409293769582738,0.0,0.0,0.007776239852700907,0.0,0.0027584313752291654,0.032466600791702674,0.020891901623748335,0.007553246617432248,0.028494967469835014,0.009910661402484226,0.012195765861879253,0.0,0.0,0.011049771842671776,0.0
76561198395338546,0.03001944936084061,0.0535889924467577,0.0,0.04666739300457433,0.047656760343893226,0.023822942596637177,0.05508558945371349,0.05992260971488036,0.03361375676223101,0.028537830479576257,0.02156352730284502,0.010650853392307896,0.011997048407115662,0.030696785037195303,0.015851598636080638,0.03525660587762652,0.004907618279871628,0.010882361070363883,0.03418889017777105,0.017447063803263153,0.03974536316109991,0.014634616684248909,0.0115726108594922,0.007866105207594188,0.031775784371250886,0.024940910888482482,0.027959665171469004,0.008673601737966266,0.014583784466628192,0.040328409625136834,0.014634616684248909,0.013257785751420125,0.010943980356209007,0.0,0.011619022279859245,0.0,0.0,0.027524079506939893,0.04063760748353931,0.0034527397820166166,0.021602101797846697,0.04252289828474091,0.008566331857612021,0.0,0.0,0.0048149811644703664,0.0,0.0,0.005985326730183155,0.0
76561198400702869,0.07842942782862336,0.0634143940349717,0.028171303286929905,0.07496561476856169,0.03875961234845305,0.05075607054122303,0.027126777774928515,0.03835659178672612,0.041319398213906414,0.048693603999322155,0.03376064502693703,0.015739444170304,0.004589557377423967,0.032929430286290334,0.022852823697735423,0.03013505665148554,0.00835308475410153,0.007075780865864233,0.030048888349888992,0.015313683345486202,0.039166594049341585,0.01493973862876903,0.004589557377423967,0.0,0.016015824887418196,0.015576768859473135,0.007799741010252217,0.004402300538188207,0.011561575252956317,0.0034388489238118265,0.013217554395246621,0.02014650949183615,0.007429449790051265,0.009324901851465957,0.01292608853021059,0.004589557377423967,0.0037501732355091602,0.026135773764823164,0.014005709075993503,0.0,0.009164234941535995,0.008876723367301269,0.006318629218113874,0.0,0.007999415829914496,0.010694442501993353,0.0,0.004402300538188207,0.025461988190515733,0.007274409263079013
76561198402329390,0.07153462470792667,0.05537299090907424,0.05230606834552496,0.007445880450581436,0.023123430181287968,0.08686162593818615,0.009110777094644357,0.007445880450581436,0.033703769173685415,0.02337392199998884,0.06086307684400804,0.030345411535433634,0.039912819936517595,0.017978669221742825,0.017579893008473856,0.0,0.021268482464119394,0.004169090665087036,0.06681962649358653,0.007023593940492225,0.007445880450581436,0.02482299873521673,0.044427554401347845,0.014089262789948627,0.0,0.01822311016712645,0.009001564490558327,0.01032646856347318,0.0,0.0,0.037114376468151626,0.0,0.019003304468177294,0.016557345707687347,0.007209820186523563,0.0,0.020102020103765206,0.0,0.0,0.021042654030881767,0.0,0.0,0.031811503066101025,0.04893688407688171,0.01571382671722098,0.0130314722012529,0.0,0.004900320014161518,0.0,0.0
76561198402363447,0.0,0.0,0.0,0.0,0.0,0.0,0.0,0.0,0.0,0.0,0.0,0.0,0.0,0.0,0.0,0.0,0.0,0.0,0.0,0.0,0.0,0.0,0.0,0.0,0.0,0.0,0.0,0.0,0.0,0.0,0.0,0.0,0.0,0.0,0.0,0.0,0.0,0.0,0.0,0.0,0.0,0.0,0.0,0.0,0.0,0.0,0.0,0.0,0.0,0.0
76561198403785238,0.03441411458270886,0.057878974803930096,0.03232358005068155,0.015556779117932865,0.0661119865066932,0.0426677794527848,0.032157152425405476,0.0588183857384132,0.014283780871281161,0.026833925617818218,0.005718751671356282,0.004972747349467629,0.04813369371615218,0.009838027446576584,0.005588749546757415,0.049621500101207534,0.01430798520577685,0.0,0.04095456808621479,0.016985861274820633,0.01608920627423824,0.004284827712023324,0.023077162022807674,0.010120077700236423,0.05179498246518604,0.044470773696508814,0.004753319292837189,0.023883816345263313,0.004428926104190378,0.008578338865547035,0.00544281822534367,0.016672150081275337,0.0,0.004157701699646953,0.01807417089668385,0.0,0.008866390590604659,0.04739192458289432,0.0,0.018241191759214622,0.010046061414235148,0.029789302461423726,0.007111533662824291,0.02244206392969495,0.006535049592253444,0.004616220459562102,0.00860345512435153,0.008617019957322457,0.00971218401290835,0.00503098750494298
76561198407819907,0.032204735042424625,0.07477667111788973,0.004318078179440486,0.04556664771568108,0.012524710056355921,0.00890415737349208,0.016412886840221394,0.06535904308029543,0.03913515503299443,0.050248721481880615,0.038399572990931684,0.00888043464717743,0.025735018395826346,0.031180212947924973,0.03818046329026314,0.055210997586162026,0.027747484871290872,0.0,0.004517210971899313,0.004013131079898572,0.010609704634217332,0.011476769491113512,0.029565673701771468,0.005752136676091733,0.06184478504402419,0.012524710056355921,0.0,0.012051125197563215,0.012184819046866325,0.007508729466729316,0.022866511262659976,0.0,0.0,0.004013131079898572,0.004013131079898572,0.0,0.009763869684399516,0.05785441978278533,0.004305645013088955,0.004318078179440486,0.004305645013088955,0.0,0.015729219613269934,0.009726099841790627,0.010018578749690244,0.0038660135638957805,0.055082885499152176,0.0,0.03490595750726524,0.012397028112892521
76561198408126263,0.030536346252784657,0.04298758560194675,0.029509172030964308,0.04616950343474205,0.04509063453111593,0.03555707855327729,0.049537376143288576,0.03533583490026793,0.01980157160940108,0.03645136646046585,0.01694552759582046,0.017661839426219274,0.015463707405512658,0.016459502586112652,0.035448908649961704,0.04284519040800844,0.02374456587781805,0.012307856032919498,0.030678597887594333,0.008323656974573304,0.005539093357942861,0.016040962692662048,0.007506824571680421,0.005286521534283288,0.04369914541318357,0.02129598588457572,0.02124685631398038,0.02587890063992982,0.007209426739230733,0.034753955896922546,0.012929091097425169,0.008907623121622691,0.02287271580869468,0.0,0.0,0.012243855758014573,0.02276082812576651,0.022082418041276947,0.025559423240713666,0.003175871870141805,0.0,0.030614231395128973,0.019834854191211965,0.0,0.00651794089343023,0.005286521534283288,0.01192045352503339,0.00914300572608132,0.003452582099344583,0.0033850881646440146
76561198408226782,0.038207944145329936,0.028063811350732673,0.04316226204987685,0.02949555250171674,0.04523750573045764,0.025440010965200096,0.04483256451684368,0.010908332540322871,0.01897382894293909,0.020086108193104815,0.013049326241630502,0.019708185490904445,0.04260765169434808,0.01897382894293909,0.017913962005229277,0.0050111306512907175,0.031797980065457435,0.01018037995861756,0.05338479882654373,0.03299617779886282,0.01638401879901311,0.0,0.04956783675132482,0.011203466409533116,0.017842560591770428,0.020818279110856184,0.03601915460947321,0.046217460849894344,0.018462712743309333,0.023219996410859308,0.0,0.02805398893841301,0.010492950783189282,0.004582026758624819,0.011712285656874964,0.0,0.009731293422947492,0.010811402480282247,0.010167702385989689,0.012952068022229021,0.024133226119105875,0.01589723562842067,0.016857053296562334,0.017742260435028568,0.0,0.005631282802829623,0.0050111306512907175,0.005631282802829623,0.01340496970496032,0.007421011222039999
76561198411775487,0.062344595559278015,0.08918528937026507,0.05221364098867542,0.06398549921062935,0.008512193724407967,0.04769385071765397,0.006391744266764243,0.03929513967102582,0.025930865346451587,0.020600908990014592,0.04907017913983309,0.004769819032928358,0.010747500576585323,0.030100459760637643,0.014726442250573573,0.03398795265886693,0.01799431991632218,0.012729156802773813,0.035556216282654256,0.004410088040575753,0.04643561710065927,0.03843022769388431,0.005942105739659872,0.014367822675567323,0.025653254675057593,0.0,0.0189297095541632,0.0,0.00740836856782417,0.0,0.020943904761991015,0.009120897624064444,0.006114093625014093,0.004562502268561681,0.00740836856782417,0.016104494430803334,0.013535663383325193,0.023671598448869107,0.004242074525892525,0.005942105739659872,0.009440440172370572,0.015776775739144263,0.01566901210904241,0.016822394938172194,0.012937845586561662,0.00817769781958389,0.015159404724461138,0.0,0.006957757220925925,0.0
76561198413767937,0.05637742466884189,0.08046851184356106,0.0384230664926465,0.03931488214474292,0.029649610411015628,0.03275110753746386,0.013220900462386557,0.044769614448747275,0.027387063281904968,0.030934868391347806,0.039868622719543334,0.02370779925656555,0.035225164369003394,0.01708241651723592,0.0182410061121265,0.028786573022132847,0.0,0.0036801014156482297,0.04135223845003362,0.02587304048728447,0.017871720734707705,0.02367699888379804,0.020393788110388677,0.01240417432079863,0.02576881339940973,0.02254013226581426,0.004612100251155081,0.0,0.006128809830914504,0.004482321265288668,0.02432349103506131,0.01482306331424858,0.0036801014156482297,0.013480498145327473,0.006826998665855413,0.0,0.023829482732176596,0.024350487564117312,0.0,0.005923578510428222,0.015082652247653991,0.016779372733531667,0.02500014730100855,0.03374458749098336,0.009082722588242383,0.0,0.011951135330294883,0.0,0.0,0.006128809830914504
76561198414097340,0.03643056039129354,0.06020201306067956,0.021435792610807847,0.08450808162472448,0.0,0.018032884499321875,0.023928177642687662,0.04145281365192442,0.057389041990815196,0.027564885364256598,0.031141307526192943,0.02596346958576578,0.014647456497845952,0.05446114611411082,0.02833424550739478,0.034555974105464175,0.020784365000752616,0.0,0.02158717077814607,0.014750642721730033,0.05684010069505457,0.021531317194404,0.0411793928073807,0.014496539636017677,0.014499582314745643,0.0,0.0038762251117433876,0.003615797612699023,0.0,0.012485109400419421,0.019605481898198048,0.0377287623606342,0.00491187226668111,0.0038762251117433876,0.0,0.0,0.006475392851966939,0.020503392724949235,0.0038109830422413116,0.012859737219778088,0.03702609036374784,0.014547994466926601,0.01664364583577274,0.008263112130034802,0.0,0.0,0.016193147700131815,0.003615797612699023,0.008244270968115981,0.0
76561198417236415,0.0,0.0,0.0,0.0,0.0,0.0,0.0,0.0,0.0,0.0,0.0,0.0,0.0,0.0,0.0,0.0,0.0,0.0,0.0,0.0,0.0,0.0,0.0,0.0,0.0,0.0,0.0,0.0,0.0,0.0,0.0,0.0,0.0,0.0,0.0,0.0,0.0,0.0,0.0,0.0,0.0,0.0,0.0,0.0,0.0,0.0,0.0,0.0,0.0,0.0
76561198417579142,0.04530972927839677,0.05353366302575191,0.008337157839663854,0.04989935547049518,0.03558473465021951,0.032284056047957824,0.02790057127120204,0.06722156533458855,0.02796771275430804,0.04935675972348076,0.00851384412101117,0.018005689768641985,0.012945343644936437,0.03679484125040742,0.03589349713098103,0.0629711497398071,0.02232626896620039,0.008556379428489875,0.01712848847897595,0.0046772007763942,0.013324441060027649,0.01333399308558981,0.013911174698237655,0.004726533044869355,0.054249749900190915,0.026929657998114205,0.004570630733604729,0.0,0.02224108802229141,0.004334883877348206,0.00859143040136782,0.01859260676725981,0.0,0.0,0.01396634779555336,0.0,0.0,0.04885387913882372,0.013643309982002886,0.0,0.009016326356173728,0.023469004036832865,0.0,0.0,0.022168922733777623,0.0,0.026730798205810757,0.0,0.0232236659574997,0.008913547502713889
76561198418235102,0.046330877800831366,0.07566974249201497,0.014467064898363616,0.07989131313526711,0.0035529663411480185,0.014540731067065825,0.018806767094212227,0.03963081472454516,0.04046759897979358,0.04207503949533391,0.03263780768872489,0.017947969096797727,0.010566660152549917,0.04311412431066999,0.03008441138570627,0.03904556907289123,0.019894216059013536,0.0038676793229372106,0.020594633977641483,0.004069176163385619,0.054111339302293573,0.019208918157408817,0.003811419129382184,0.006110540491933056,0.02015583076034347,0.0,0.025230647396034974,0.008695242048475545,0.011272756583137719,0.004069176163385619,0.0241504628208667,0.03094371835676724,0.008972931001567007,0.009263345120458373,0.007892286682991153,0.0,0.012750182515471253,0.024003168719944394,0.010179716655318674,0.008685643328773257,0.04101937128482243,0.012080521463017168,0.005585208606646026,0.008081417916974048,0.005097934623993875,0.005254567720135184,0.013505904399779327,0.0,0.022612585491185153,0.0
76561198423335954,0.06800451338539915,0.045439331732220894,0.055444662418503925,0.05639386254737855,0.020928039063337407,0.04722756285984315,0.012892507722470808,0.021264754426322727,0.056200652609765304,0.0076823394284148685,0.04587421696497698,0.014931917599977546,0.03207350120667837,0.04338267180080301,0.025526475025562625,0.013163872712566391,0.057438830628260086,0.0,0.02476261542067809,0.006425571287136342,0.0,0.0493899933999144,0.028199126087239984,0.006561557909264757,0.014502467776201063,0.006466936435334466,0.005960799291540827,0.012892507722470808,0.006466936435334466,0.01194846971948599,0.04384310974287314,0.006896386259110949,0.005481533284151524,0.007529657462424015,0.006425571287136342,0.015146863476959822,0.0,0.0,0.013693739581482768,0.0,0.012474030564599177,0.015565188803290615,0.018801816129137262,0.026606603318703896,0.0,0.0,0.006896386259110949,0.0,0.016725483778602095,0.006466936435334466
76561198423405088,0.05974696272663963,0.06502753457068777,0.024616256753819905,0.053837238459395774,0.021115487628314607,0.04104709555715529,0.01838630456501102,0.041605489958679846,0.02557925000653223,0.0340416163288639,0.029334746610669007,0.008553947200782824,0.015564880203523222,0.03426999906283097,0.030562432198611936,0.05886752709018791,0.025380928884120003,0.003498390381426488,0.037747544223286286,0.012966828563549162,0.015023912374269347,0.03016764810662643,0.03620436003277916,0.015120984656055542,0.02322469291056445,0.013499627551818544,0.0050555568193563355,0.0,0.00706192665972804,0.005433374155111142,0.030478475961276664,0.014742945787954199,0.015531533842536433,0.00880082628527143,0.004856170477750375,0.0,0.0032200692221756397,0.02651251864025316,0.0,0.009013118361951363,0.010689267561809289,0.014779882755346281,0.018123451945955976,0.014895945284825126,0.0106542779606058,0.0,0.013594719006462606,0.0,0.0077846079595675155,0.0037796447058613923
76561198424437575,0.04675890559742304,0.06275217738837804,0.028121700987042735,0.04017066145397763,0.0331633512483286,0.04189791898605948,0.05257306654988677,0.04299728727457421,0.027132788879736965,0.014741006052163571,0.024600223651314288,0.03247236104255214,0.021551428331916003,0.024434747319433993,0.026528674473296026,0.04479569787350441,0.013917948966373998,0.009815635839353444,0.0423259025470109,0.01760150169373889,0.021358361897408938,0.014644132641735735,0.02696292880030371,0.02702940580345627,0.013454452792989222,0.01788950524730284,0.006160752732984848,0.017151334060479053,0.0,0.0067715796461500066,0.029548250957551203,0.017359372825867515,0.012210660260748138,0.0052854777467729345,0.00992136627635704,0.0,0.005180161642344756,0.028145656579831656,0.0054430983919124,0.0,0.011260432966890381,0.003805196130702529,0.004573375807886333,0.017986625587960912,0.01402692206503315,0.008064974037795738,0.0032802598980568964,0.0,0.024132729045412558,0.0
76561198425842216,0.04783565110667837,0.021590354549212085,0.05537945200932243,0.03256609557645057,0.061152338718275114,0.05287902432369134,0.07208446729149466,0.014545807897433323,0.006727619396372251,0.0383927244858154,0.008269776030040749,0.01768327569451145,0.026135597675377032,0.017754645836461382,0.043395442149068035,0.013076542786617618,0.0173866807294032,0.019336371046748416,0.029457788778292002,0.025975665933098174,0.0022586077829956693,0.01426405533107374,0.0,0.007691660988963453,0.010260427565941302,0.042983300996680275,0.010310344802464552,0.02861812022553297,0.021281130674387503,0.04813262522920639,0.00989370273228246,0.0,0.02524738702574695,0.02882804632681994,0.005306866251888267,0.00813432056169181,0.005086991622780096,0.004737490883521385,0.009537711814758563,0.018756433494541168,0.0,0.0,0.004613837744588067,0.006202529921909317,0.02141450080470823,0.0,0.0024788831005257157,0.03433388231968271,0.0,0.008001819782945632
76561198427245183,0.042898776259436916,0.048593689893689715,0.05265974813681758,0.03977115959883294,0.03214273780588703,0.04593525461013844,0.019310387532689093,0.026141331124828283,0.04860807923746901,0.018168423990867627,0.028568245629124966,0.01897954238421699,0.04109954352579963,0.03977115959883294,0.008964581027614344,0.03578129931794399,0.01897113975882602,0.008568743813044542,0.009617558708052561,0.014815077402247077,0.0148608626227359,0.023924068663601427,0.019981531431566234,0.0,0.019829213704109037,0.03139304077683328,0.004334961396347889,0.014996921981365735,0.02380272463668135,0.010278927059148724,0.009002737395480966,0.02007772441975097,0.0,0.004233782416696653,0.006130155350208279,0.020233362708381147,0.012800826485361464,0.029810518919707367,0.0,0.0,0.014201585304244568,0.020013839956992834,0.0056408408736328755,0.019332232783055167,0.004641293589806041,0.004677353172548166,0.021188950755402926,0.0,0.014999348720483674,0.030246715519497643
76561198427383896,0.040395428664155936,0.03243900399193536,0.008379488896414471,0.07597270258893578,0.041247872814946025,0.02241455950491887,0.04734800141619923,0.03763949581202549,0.0704127749504615,0.019818192930743824,0.01842038171561323,0.019306047095166576,0.004436932069346967,0.06368820438184453,0.021930887727988013,0.05186560597990087,0.01760241341573473,0.0,0.03118685797713684,0.0041468470849197825,0.028246944848203188,0.025408053227869647,0.01885975609853836,0.008583779154266748,0.0252643733725779,0.01929525462321878,0.004288161518272138,0.00893917974238348,0.004020474568686839,0.03331988604659152,0.009137306715761188,0.032488561635898264,0.013162549057966865,0.0,0.003942556827067505,0.009491672165449614,0.003942556827067505,0.030061446323683724,0.014293497091982419,0.0,0.012640597964233119,0.020288448097993343,0.004174407417876205,0.0,0.005120791778870392,0.008725093587619104,0.004020474568686839,0.013854870300745024,0.005757132851415392,0.004020474568686839
76561198427779859,0.04963994203540825,0.07661945234646413,0.015646234818547784,0.08677068743642136,0.0219035230210148,0.025813531682551093,0.023461129490433007,0.06271779290144891,0.04917852244884705,0.041107138926091816,0.014248409429521184,0.008122257971349963,0.003874357484272176,0.04851420160819868,0.030733608470505557,0.07383740118727136,0.02898943693560646,0.003592351782839828,0.024806246283500224,0.003592351782839828,0.029883366421353374,0.013763493124191915,0.009374442324307156,0.0,0.02416216839241486,0.004358739891786556,0.003592351782839828,0.003874357484272176,0.004358739891786556,0.003592351782839828,0.005019146746255231,0.03828340411721299,0.008575933374385005,0.0,0.009241293748817022,0.009118377982654286,0.003874357484272176,0.05431901168662237,0.0,0.0,0.014995566488836461,0.010747666001758674,0.0,0.007514920913596156,0.0036078301761821073,0.0,0.029436514865979983,0.0,0.009611361074687503,0.00552602619981446
76561198428123404,0.04912428243116856,0.03915453790341872,0.015537348506509674,0.054021140534387724,0.04993173603679082,0.01686661460153925,0.03863534190757193,0.041305113622561576,0.049831896554982054,0.023887132627374828,0.022248254111520035,0.024974077615095954,0.027705009840986342,0.043474492874684814,0.028102469070051164,0.04281773662850432,0.03297699157850666,0.004547552073059012,0.029444915633905125,0.0260968458259246,0.03050293694706334,0.018266508871318123,0.026953426401706903,0.006698127792201865,0.039813410322938225,0.03215825812882595,0.013995878513787271,0.004677406586506795,0.005206424492578516,0.005934331612293536,0.00705968771995608,0.025836759770162726,0.0,0.0,0.013793066190738348,0.0,0.004547552073059012,0.03460698583035971,0.005934331612293536,0.010989796433450666,0.009495071567256154,0.009495071567256154,0.006710905605010358,0.0,0.010559632716892227,0.0,0.009831518352796382,0.0,0.006249420913004932,0.0
76561198429193409,0.06153718524187129,0.06841314221820838,0.012438952861651883,0.05655807056460464,0.020913472654226033,0.02941036990569906,0.01999489938649601,0.056087929134371196,0.057203227510057145,0.04280682335375299,0.02487968412997785,0.0,0.009071314344914028,0.04821824619128742,0.005899878725034383,0.048526707225361815,0.03466126394906625,0.0049329834091200115,0.009637079590344691,0.010771524229174476,0.032396566262314054,0.005107050848457652,0.023559357121331403,0.0,0.045072130957151145,0.015980489245106023,0.005838540820054464,0.0049329834091200115,0.01445327046904414,0.008847684398357964,0.014191642372684755,0.02541177890563665,0.0,0.01157912691524351,0.021642748042860125,0.003232773524859566,0.0,0.029081682141715876,0.003914700989237954,0.0,0.03510032520508551,0.026794283645750094,0.004939424700163691,0.004099128488334666,0.005899878725034383,0.0,0.0048148002479879515,0.0033365995044996443,0.02781027843474921,0.0
76561198429606249,0.06196027647408181,0.06532786380616,0.0285092391099659,0.05750779125791594,0.047949531054050934,0.042841167912846964,0.027275349387370397,0.04953447277252903,0.04790507915714048,0.03910107477213913,0.011950861119390541,0.0037347090928884137,0.006175845633463084,0.04311202720682224,0.013585502212930154,0.05676295133022548,0.01505962456336867,0.0061198821669296065,0.034942238164226105,0.033111885048651625,0.0075406522361023695,0.01749292799742914,0.01189775350571918,0.009017684011716261,0.03157131932987844,0.023515903784929324,0.007324940535713638,0.004943081574989562,0.0083241959759684,0.0,0.021597718419489226,0.01836433296296915,0.007472732299093944,0.013688345174979374,0.0069714045490326055,0.0,0.010677541067909158,0.03123370766589943,0.004622893401136324,0.0,0.012877222187897604,0.012884864545986766,0.009424873736593226,0.004823211996089745,0.002585614190637859,0.009371497040458828,0.011985432673768958,0.0,0.007322776892515041,0.0
76561198432274758,0.04491653825665642,0.04094019816558976,0.02721666007937541,0.07340565863134907,0.020838443830219607,0.026579962567609212,0.03754268536976356,0.041780378697167685,0.047257705155193806,0.02871064090530484,0.011964562892985389,0.025269255361104567,0.009605963633382281,0.03986159687014263,0.04090932520169204,0.029787327636100702,0.04597846413881498,0.008578188685963871,0.04528616447836082,0.01419848642374552,0.021313445488285326,0.004106821079867635,0.0222674075078007,0.016514355442231884,0.015231318176599147,0.016553844867430143,0.004374195369832625,0.0,0.008171284262974731,0.015333927129769798,0.009134461858205871,0.01652550859949313,0.012719514832602826,0.0035231047675957482,0.0,0.009711083234553695,0.00428065506377426,0.01346163908152619,0.024169804565690584,0.009253397049102148,0.01683349084950148,0.04181868059842378,0.005062246180825339,0.008066822220152689,0.0037097847407047448,0.0,0.008171284262974731,0.0037097847407047448,0.01347286204517446,0.011881069003679476
76561198432337304,0.044294714051502745,0.06868863119332749,0.03588025166473153,0.05952116858385523,0.005503275488991282,0.030948462126222757,0.019563455538105474,0.053588027902681815,0.037522479063813736,0.04129656919282937,0.04844508303592302,0.0059029087796304966,0.0,0.032095191033700676,0.03688119766132502,0.07378707426670512,0.02697911935903317,0.004896830781146431,0.01566449864298234,0.017570598092585286,0.015934064710653454,0.026088503171213695,0.028182104694913456,0.024389166018662967,0.030253160491051076,0.0,0.0,0.0,0.004756666021753862,0.0,0.016360853561964425,0.017852884556133913,0.0,0.016266615548252924,0.0,0.0,0.01934993384340495,0.03111327831380084,0.0,0.004756666021753862,0.005607334874647499,0.010450091273052853,0.004837341776155685,0.010024257518569654,0.019805415900372058,0.0,0.030366668846563416,0.0,0.01981879037623255,0.004756666021753862
76561198433458297,0.04677075673652981,0.03993735488282237,0.025206365354137967,0.07148380342604592,0.005954792840625477,0.05391901387458471,0.03061733467546735,0.034803447532397024,0.05558596164051869,0.016786230565768872,0.029338605308470996,0.006328869237806946,0.0114170497571178,0.05523431233544372,0.01103205453971612,0.021098109192114384,0.009502056339054042,0.0,0.040275964834221245,0.004940709034360757,0.04729264165027082,0.04090850600556128,0.02743322541057643,0.010858541694207833,0.006475018676892349,0.0,0.0,0.005917832659847078,0.012485744428456978,0.005217436550886078,0.03747585500291834,0.0636203884138829,0.005504707347704977,0.0,0.0,0.005954792840625477,0.0,0.006091345505355363,0.0051781240424100755,0.006010725751564629,0.05186660258543856,0.027754962486038592,0.017545362475672222,0.011920443319957758,0.011974870769761007,0.0,0.005954792840625477,0.0,0.010370494593516088,0.005954792840625477
76561198436639398,0.0506809295496961,0.08211250058468501,0.007621169234639045,0.0610781448266217,0.014048050722723688,0.022854182457610662,0.03915666621059147,0.06971844058301598,0.00843084219722809,0.02513026939236814,0.03717951164869147,0.014984867932475335,0.0,0.00424022002175804,0.0,0.024434959632911812,0.009601076997057385,0.0,0.015091334580925073,0.007083279758723663,0.07582684432426308,0.0,0.007768587247779711,0.0,0.05113998452032087,0.0029625410108905757,0.048075877884059585,0.014905404856793147,0.062402410565056965,0.00818163671308195,0.0,0.00424022002175804,0.011091006793309328,0.0,0.04159923285450953,0.0,0.0,0.010007331836142637,0.03046290192941477,0.0,0.00424022002175804,0.07014703428644312,0.008567519327908554,0.0,0.0,0.0,0.020786745961207526,0.0,0.0,0.03414805351357984
76561198437664846,0.06219221030395462,0.058479267545245454,0.043133527055135006,0.07055752316884423,0.0,0.051898377308294136,0.0,0.03174765803796537,0.08036806704002727,0.015785462659039483,0.0482398344362599,0.004772750613696806,0.015333504908754354,0.058917704213491615,0.02029943938881233,0.00962726780313568,0.030093231458372206,0.004726796811529665,0.012020683034131166,0.0,0.05912429906119449,0.023985326907760358,0.0,0.0,0.0,0.0,0.006158194855903803,0.0,0.006158194855903803,0.0,0.025806224375278942,0.057688372711815816,0.014400979426706813,0.00938990493475503,0.006158194855903803,0.023315725402982886,0.009170602296372132,0.0,0.0,0.0,0.059649731790690386,0.040933349649957436,0.005532679437902125,0.009320402927322165,0.004208609702875774,0.004772750613696806,0.00588766177103273,0.0,0.010145488635255506,0.0
76561198438587738,0.03930267167632118,0.06192013823836149,0.008452456281094596,0.09445344108435572,0.010660991237580058,0.0,0.018825607124235467,0.04757220338308015,0.0934123450488812,0.005093803551508405,0.02705391357669111,0.018531409720851346,0.004956922445773963,0.06455926983972318,0.02603162518521633,0.042505561602536414,0.01967469682811076,0.0,0.015442094103449426,0.004387923895516774,0.0792315485822071,0.021278799949798557,0.008276061299835085,0.004387923895516774,0.017914497973434057,0.0,0.0,0.005296239241223299,0.0,0.019564505073860556,0.029789407554041174,0.0401514050292912,0.021643701289699554,0.0,0.0,0.0,0.0,0.017702568077440545,0.010890099194783474,0.0,0.04376903775332309,0.02441260702890749,0.006278155984865125,0.004224035417246499,0.009220394601563642,0.0,0.006949021086885771,0.0,0.02618291614278942,0.0
76561198439100835,0.04442571579669093,0.08535218104272453,0.0349917522543565,0.07785667492956694,0.004289240309631063,0.022896530669720222,0.02859841384779772,0.05473372145713436,0.027949363250586345,0.05248000294119206,0.013590600684047962,0.02005306164738823,0.01584349566932835,0.025730076467291307,0.01920008529444047,0.04095750130079395,0.01007242527007312,0.008566817545368909,0.0058137993740337065,0.012308235649187212,0.03612750811849231,0.013267283858896988,0.02743443219838917,0.0037684444089800292,0.04557990024963544,0.004289240309631063,0.016960166314879066,0.00869004091954173,0.012013847042286082,0.003583493832964687,0.009663826305369896,0.0096010047164022,0.007357384545354842,0.004427624181629878,0.016939040443937115,0.0,0.016035830497661357,0.04526537608577952,0.011219595101918911,0.015458369951857814,0.0058137993740337065,0.0058137993740337065,0.0037042672741044802,0.01717167157128853,0.008134575962752747,0.008383531497631286,0.02962300319132461,0.0,0.007963247269868886,0.0
76561198439220419,0.06157593093967869,0.028369696748622945,0.024037426661394808,0.057540404427802755,0.023546645392356978,0.03867576097044666,0.003077813227458106,0.029330370868454254,0.04740328284005007,0.03370090667200804,0.010252524766565123,0.008996434768205667,0.036312428114010475,0.054462591200344655,0.029997965352149394,0.041841270017720686,0.048360501698480496,0.0,0.023600527456134453,0.0,0.01845414753960267,0.030696998091579983,0.028996899451058683,0.008325832374874066,0.016208794987728245,0.010314982647414052,0.009844749706155868,0.0,0.0,0.003077813227458106,0.01266712031325403,0.01813719361162317,0.008577011971375626,0.0,0.009844749706155868,0.012486399454896185,0.007989917127586026,0.0256356937402082,0.003077813227458106,0.0,0.018643431818771383,0.02373594792974847,0.0,0.03470583345215427,0.016097331698431347,0.010314982647414052,0.024853509840882804,0.010314982647414052,0.03591538066487042,0.0
76561198439304389,0.04870192852801421,0.044044305557830135,0.006593944476359703,0.08991551001606177,0.0037985766021030026,0.019780289398079076,0.003422606519923062,0.030513212851405,0.08467397416126128,0.006301275874029669,0.027800728127831003,0.016255367558001086,0.011812645473267996,0.08061176781357696,0.009197269579288165,0.012859484441450766,0.0034158685360265013,0.0,0.022694319545340583,0.0,0.09437610422969135,0.03824610896948937,0.005882831899014562,0.0,0.00968590982435011,0.0,0.0,0.0,0.0058873332222471085,0.004078859751501716,0.025397624865386815,0.10259075593535544,0.003123199933696468,0.0,0.0,0.0,0.006301275874029669,0.0037985766021030026,0.003422606519923062,0.004009097622916549,0.10769926700409131,0.024221612249411124,0.003123199933696468,0.0,0.0034158685360265013,0.0,0.014056376830283993,0.0,0.015094224293972745,0.00319609084296272
76561198442308189,0.04235599104434958,0.06482726544746457,0.01038804786162614,0.08481473530934024,0.019320220355926853,0.022172068018314155,0.040029865502988676,0.0692405909093241,0.061699549618269296,0.02380442306761243,0.01573421899401124,0.013233856650295707,0.004112074159563208,0.061419287808534395,0.020983954979452376,0.03516237581764842,0.0,0.0,0.02121769173826369,0.004265334716770972,0.05628056493121039,0.023813156175138007,0.007788102048749803,0.011359421945156017,0.04175172883829123,0.013982229502731902,0.007356207021688631,0.003523277720709611,0.003676027889186594,0.021947378750304364,0.02052254417822684,0.026745536768860146,0.016388459220626532,0.0,0.0,0.0,0.003024054196151523,0.028473193697383666,0.022808423161168608,0.0,0.0128146123247597,0.03418558423839335,0.007635779210291121,0.004112074159563208,0.006767410582835034,0.0,0.003676027889186594,0.0,0.006586653549631002,0.0
76561198447217647,0.0799630163404221,0.08215788730846135,0.07843592507096823,0.05711338875192438,0.004093856590239876,0.0488517403644529,0.0,0.03753435909265729,0.04066456682105219,0.04724067994476073,0.05440358193578376,0.006020034296898191,0.026901820923940816,0.04101097875709678,0.029646322967946222,0.041770775917698434,0.03534079625704213,0.0,0.023628856623781613,0.0,0.0,0.029235372565456226,0.03716572631021221,0.00491835500538253,0.00491835500538253,0.0,0.010404016224227222,0.0,0.0,0.0,0.02265437317386182,0.0,0.007466069223465407,0.0067724027414447635,0.0,0.019405310134667623,0.012449303096588952,0.01849076034340347,0.0,0.0,0.0,0.0158381201955263,0.004282294683713982,0.04950666842911779,0.007497796348387091,0.0,0.009081524089007913,0.0,0.0051349644650271874,0.0
76561198448175035,0.05518533583132601,0.06327195444819175,0.03060612524395551,0.10504340515643171,0.0,0.026798971286066217,0.005998264507798952,0.018930387697236276,0.0676801136547422,0.023463501836640515,0.015299706773098071,0.007039926362874858,0.014798377661985551,0.0761417327228672,0.010669896371594111,0.027567376597835487,0.010963650098991317,0.0032311965560031576,0.023504139176236803,0.0,0.05815718012630696,0.042302497178402794,0.02183830402486041,0.008461619068124981,0.003630680924138204,0.0,0.014537724173717648,0.0,0.014537724173717648,0.0,0.030548635894523633,0.03771166042519972,0.0,0.007392778608582951,0.00749779781084279,0.01826363872920006,0.003417022165452514,0.003630680924138204,0.007546627933538803,0.0,0.036729936695400534,0.04666344438416299,0.015652559018806165,0.014798377661985551,0.0,0.010733267335708674,0.0,0.003417022165452514,0.006336758593860571,0.0
76561198448417314,0.03908834513888644,0.050148352216405,0.02253262202321428,0.02773939739138139,0.053540908859780384,0.02776471802086169,0.0720358878399801,0.07249262884415038,0.02141294093983183,0.021793620882969447,0.013414450418739645,0.013097246783894853,0.03538491673126234,0.013796704264542867,0.0,0.0190014845273373,0.019818542133536392,0.015321291397914393,0.009049026848572833,0.03234391627646733,0.019174993752219746,0.007713735300040445,0.017551144381697664,0.005973795462865377,0.042548544521102225,0.025851481586654193,0.03593623218677674,0.020959428736769616,0.007434106560529872,0.0446428329824695,0.005211615889152435,0.0,0.0,0.003863426283923704,0.028542086548492534,0.006482458897957467,0.004316261219846911,0.016671896389739694,0.03628694321421263,0.010541271265791137,0.007107647126073919,0.02750138227883265,0.007356259132374234,0.01469363967163542,0.006571499238671169,0.005740297917491816,0.002014043590165778,0.006571499238671169,0.0,0.002964475086113055
76561198452163269,0.0638184192454412,0.046217731768520176,0.03450635762742665,0.07645934176834407,0.0,0.01198002551842711,0.02077028941422288,0.01834863492522525,0.06129895808864773,0.022817949175819245,0.036831357045882425,0.027565995229663454,0.011321437119258121,0.06402750170805528,0.03277177727838809,0.04900597719446052,0.027480262191384747,0.01310067615254232,0.029474225749392506,0.006503035037474929,0.03155761730317205,0.02356969656625193,0.028506395045479395,0.0059504992157912995,0.00816066002272723,0.0,0.002872984747418753,0.007170648299070825,0.0,0.018639366520425565,0.02192338120845319,0.02565217190314102,0.012266514722210551,0.012693586672643482,0.0,0.003459632064275574,0.01419128727983279,0.01806364419286747,0.008335378773729944,0.012891936786344668,0.019089472390065896,0.007574862390048278,0.03236214180010823,0.010560396110016676,0.0,0.0029201344274780243,0.0033952218370414474,0.0,0.013892417482828991,0.0
76561198706984079,0.03077198868711077,0.038833093120094093,0.02181517162251268,0.06761855656879406,0.0005401252791439896,0.013212918936468861,0.00263460358723132,0.03336224756935045,0.016545301800035113,0.03808599698852007,0.02674652673322747,0.06739954889683065,0.01823438825940399,0.016545301800035113,0.06384635268521954,0.058830919662609976,0.0005401252791439896,0.0,0.008219547502966681,0.0020944783080873307,0.010000923212672356,0.008018895059781156,0.011268128006532365,0.02891234729007503,0.0268178689819877,0.0,0.0,0.0005401252791439896,0.0,0.009360033875200083,0.017883971098611236,0.056477146983888296,0.04171322089355886,0.009210346497049248,0.0,0.01111844062838153,0.020202148145864716,0.0268178689819877,0.009360033875200083,0.01781259918309307,0.008219547502966681,0.008219547502966681,0.027094317595660486,0.020202148145864716,0.05982089073133624,0.0,0.0268178689819877,0.0,0.01823438825940399,0.0
76561198742491552,0.06963199438129962,0.029092197019875483,0.06937368435983854,0.07086193221899353,0.017340999431712675,0.06078837427196192,0.041865474475401114,0.007444683251057602,0.04419058656603037,0.038769941912422994,0.013068649048379018,0.017919342374370432,0.002592159620581372,0.05358276124067459,0.03494539391597969,0.005452214885785104,0.04717315860906879,0.0306245463185666,0.024532470650833978,0.016942572686462862,0.010319067204627453,0.01673066251429051,0.0,0.005717850986665878,0.004721164382330312,0.008832301179156798,0.005171244903762998,0.0090105853982157,0.0,0.031050693850587098,0.009760194468485228,0.009324224905716634,0.022484308844089824,0.014252024782907248,0.0,0.026495988480893243,0.020036624023851764,0.006301017844021816,0.024047101547524912,0.005306257790304369,0.00302320706169482,0.030685253399662854,0.0021799047785923697,0.0,0.008881051866543957,0.0021799047785923697,0.0027235188687272905,0.02457270889945821,0.0,0.0
76561198752631782,0.0,0.0,0.0,0.0,0.0,0.0,0.0,0.0,0.0,0.0,0.0,0.0,0.0,0.0,0.0,0.0,0.0,0.0,0.0,0.0,0.0,0.0,0.0,0.0,0.0,0.0,0.0,0.0,0.0,0.0,0.0,0.0,0.0,0.0,0.0,0.0,0.0,0.0,0.0,0.0,0.0,0.0,0.0,0.0,0.0,0.0,0.0,0.0,0.0,0.0
76561198757776931,0.0566040840097863,0.0729521654270914,0.027342437755878718,0.08084920809872534,0.007208448198874484,0.013844028005568753,0.025131258699740224,0.03741758917769439,0.04461188410384439,0.04519459995735138,0.020659645065519924,0.017049734400280323,0.0034187652601336367,0.039247018276145094,0.04944996473875949,0.0585413120370905,0.01871262808518272,0.005779217211007511,0.02720958954982996,0.010734789111204738,0.05180505317234854,0.022263821840546677,0.0021970409018233676,0.008537748209381371,0.0212947979065993,0.0007865772468769168,0.010703559110270586,0.004829228915080088,0.011884075357763518,0.012065950190278953,0.01067096291205654,0.016764797610569128,0.028598401533866998,0.0,0.007589326369923739,0.009051701891328574,0.01119805735793744,0.016493131746432556,0.01724044862085227,0.0022082847346569408,0.012958411759566003,0.025007097393779622,0.013041204623277715,0.0034903330904931767,0.0,0.0007865772468769168,0.010227848627860848,0.0,0.0034903330904931767,0.0028568613693496976
76561198763852134,0.0393917137105765,0.024792327694584042,0.0,0.07896575701915379,0.020161151896415926,0.013531319593002057,0.04005862469370994,0.03387665743827836,0.058448082846851664,0.025412529069592148,0.024792327694584042,0.0026687344290528573,0.0,0.058448082846851664,0.022566207226346866,0.022657549998442977,0.00662983230341387,0.0,0.06993086938580897,0.019897472797294008,0.0672126928464066,0.0020485330540447513,0.014151520968010164,0.019897472797294008,0.0,0.0,0.0383236472875861,0.020161151896415926,0.024792327694584042,0.0006202013750081061,0.0020485330540447513,0.05639954979280692,0.013531319593002057,0.0,0.024792327694584042,0.0,0.0,0.0,0.0006202013750081061,0.0,0.05639954979280692,0.08324041054143572,0.0,0.0,0.0,0.013531319593002057,0.0,0.0,0.0,0.0
76561198772090380,0.03744594732090001,0.04940928532874242,0.045144130798076394,0.017641513537505392,0.04158832748403762,0.0379018881263788,0.030748357707040336,0.045267451912210634,0.01854518307029392,0.03851795273636588,0.024927196390102435,0.017542216174574608,0.04032767604357511,0.0077670434303698105,0.013745186728372752,0.03449499025928629,0.025606334568154265,0.015057177592694296,0.02808801365875093,0.043428250387056215,0.007798844340698426,0.0011238336398013615,0.002705969912507044,0.03932271183549181,0.029545269333317047,0.020077876808808046,0.0011665787922542335,0.014203313003208649,0.00809019701509419,0.011692152336169999,0.005811421379993638,0.013107535538939875,0.0030273316606432336,0.040146834863015436,0.024197317079124116,0.006001980153227725,0.030524152588563985,0.03013960590267748,0.007291469150334761,0.018147824481614932,0.0,0.0,0.008925134011773838,0.021105738047045564,0.0021064172765093963,0.008260591916506884,0.022362506737431814,0.0,0.0031099456576197506,0.00681332328313867
76561198772743620,0.0,0.0,0.0,0.0,0.0,0.0,0.0,0.0,0.0,0.0,0.0,0.0,0.0,0.0,0.0,0.0,0.0,0.0,0.0,0.0,0.0,0.0,0.0,0.0,0.0,0.0,0.0,0.0,0.0,0.0,0.0,0.0,0.0,0.0,0.0,0.0,0.0,0.0,0.0,0.0,0.0,0.0,0.0,0.0,0.0,0.0,0.0,0.0,0.0,0.0
76561198778416827,0.06959470898090109,0.05586353658241879,0.04804896055728447,0.03386000980555583,0.02242526997546504,0.03095591115825595,0.02335916709083575,0.03638659137601314,0.016947151821843403,0.04327713505710173,0.023824566272041676,0.011518614420748391,0.01793976005781843,0.009335144258994553,0.05161667557078351,0.04682201420951572,0.008827664564011375,0.03378235731799049,0.02262359778348709,0.020871508544125554,0.015153874059470976,0.03779327559964946,0.004602312129155914,0.0,0.023839166594351095,0.009881804598993247,0.015080873130670617,0.012000813289880466,0.004373417846768933,0.009103548941822323,0.02782367320532951,0.0,0.02980752399963765,0.02279601992493863,0.012203421966092034,0.0040995965093844925,0.03360333947694371,0.026137316577589075,0.012085287131672924,0.010904329440414461,0.004416762970873952,0.0,0.01087697486856043,0.005538131542154828,0.01948597424875081,0.003998461194040583,0.010975623805507246,0.0,0.005538131542154828,0.0
76561198792381604,0.05945637910138754,0.0047002728451727175,0.05786378831870704,0.03605295142777958,0.0530488554791261,0.017438092560217992,0.04698771115992755,0.04595463045388913,0.0,0.01868993700129203,0.0,0.02182538499165462,0.006868766568082379,0.0021673250212033888,0.03239354772272814,0.005042908052354489,0.018504370874226905,0.03960862114996073,0.0027686538408296622,0.05430705428209237,0.018796900434139563,0.008560644742653646,0.010538417144254547,0.027997218076864942,0.01818626216473523,0.02368010801509967,0.059044592753170345,0.050267217599575156,0.02337488140917492,0.013975853125691178,0.004926257821861125,0.0,0.026622448072931886,0.026442064366937523,0.06756861111040527,0.0,0.0,0.01676557371315219,0.0036343869207925207,0.027373642920398386,0.0,0.0,0.007694911662690788,0.0,0.016586770901592343,0.004369809587685347,0.010075216298811973,0.0,0.005885874006399269,0.003953086300349941
76561198796975770,0.031516328280699425,0.090621320177826,0.004978484944249225,0.10006481288116949,0.0,0.009177328598112783,0.020990523180664227,0.059604012776773144,0.05753598398757784,0.027442472028761565,0.03769397230056502,0.00766053049705713,0.01385131932800635,0.0668308255199137,0.01318562659765305,0.05239595146006979,0.012260930813291722,0.0,0.007781842276216383,0.0,0.06377049980928215,0.023610977845092578,0.02175061404593444,0.0,0.022402054358988226,0.0,0.009301546872812972,0.0,0.005014264535374059,0.006082238170691227,0.014464258464226304,0.03125365231406373,0.004055862848463454,0.0,0.018002563154710455,0.0,0.0,0.03832493969810782,0.011791092551129086,0.0,0.016804897057971536,0.03283840819628482,0.005273470874181929,0.004978484944249225,0.004055862848463454,0.011567444020260564,0.01271647678225361,0.0,0.028348124958851414,0.0
76561198797617660,0.039513356547008674,0.06831514625195342,0.014139926597530616,0.07824860135272986,0.0051096172388871985,0.017802810869732892,0.04628182746801515,0.03748771939745062,0.06248387177912606,0.01673540666209309,0.03591368387089172,0.039198056132608884,0.015371478429619608,0.04983451648351584,0.02078333138501946,0.041950291332322226,0.019726945204449123,0.0,0.005006268062795082,0.0041050036731710236,0.04370950866208937,0.027167684974935002,0.06502079408117581,0.0,0.010595536730277926,0.0,0.021165649805822053,0.0051096172388871985,0.034499827747596176,0.012649355295610221,0.01839981954973328,0.024463465769575015,0.00945432990713827,0.004883945182612963,0.006720773023296784,0.0041050036731710236,0.005725412943433983,0.01006095912652084,0.008429195868505119,0.0,0.009985105088595842,0.02291537900479916,0.015538562634524855,0.006199897936211449,0.004839869741218008,0.0,0.004152549339137585,0.0,0.006199897936211449,0.0
76561198798513564,0.0,0.0,0.0,0.0,0.0,0.0,0.0,0.0,0.0,0.0,0.0,0.0,0.0,0.0,0.0,0.0,0.0,0.0,0.0,0.0,0.0,0.0,0.0,0.0,0.0,0.0,0.0,0.0,0.0,0.0,0.0,0.0,0.0,0.0,0.0,0.0,0.0,0.0,0.0,0.0,0.0,0.0,0.0,0.0,0.0,0.0,0.0,0.0,0.0,0.0
76561198798566786,0.05422382949264443,0.05341631501900092,0.016564189173425763,0.05803403308639625,0.016944163810470893,0.013247931409843192,0.029290083108658754,0.07366781812838454,0.038593789165701685,0.03651543668266649,0.026530792118368,0.009057576943972039,0.02573987229665239,0.04309268134464875,0.013638945115628145,0.04715851260714173,0.029222618095116292,0.0,0.010350548108673084,0.008725067278572505,0.025031042685689075,0.022309670241072454,0.013919515942957626,0.005183369126899042,0.04104060878832691,0.009241824525781178,0.007177157410465302,0.010925546768615343,0.008288749216004379,0.014606838737797305,0.017649904341267075,0.031273624830268215,0.003989350769347613,0.0,0.004202828640289712,0.0,0.0,0.05175272169120765,0.012011805316907192,0.004494108529737321,0.0300570840785873,0.02188927042017965,0.004494108529737321,0.017728237027743246,0.004466225219381492,0.0,0.017367602543438852,0.0,0.013342903480659253,0.0035416981516734622
76561198801499715,0.0,0.0,0.0,0.0,0.0,0.0,0.0,0.0,0.0,0.0,0.0,0.0,0.0,0.0,0.0,0.0,0.0,0.0,0.0,0.0,0.0,0.0,0.0,0.0,0.0,0.0,0.0,0.0,0.0,0.0,0.0,0.0,0.0,0.0,0.0,0.0,0.0,0.0,0.0,0.0,0.0,0.0,0.0,0.0,0.0,0.0,0.0,0.0,0.0,0.0
76561198802237869,0.041216917652789745,0.05412563633721537,0.010039086380183611,0.08121213095934154,0.019156390437547934,0.019265320301829005,0.04147647801682732,0.05640119492438021,0.04172972994937086,0.033180929015810864,0.020256886617295244,0.035437970584720105,0.005711165074022587,0.049769868663036995,0.028898113224345278,0.0625506646022407,0.014724880776526018,0.011572439176569931,0.01753157072341447,0.006967696005032717,0.03308123919381136,0.009042387478887066,0.010471392452443018,0.006967696005032717,0.04045884933847777,0.013949506846757071,0.002518368538901715,0.01894304422582365,0.002779357090498861,0.010515467133916545,0.004271575765075734,0.018902074459888996,0.016087417827707652,0.0025643794551000556,0.0040743290908296405,0.0,0.017583546549704947,0.02814582821270718,0.018573012863904496,0.006004007831753514,0.011048673876919147,0.02585509919928364,0.0027878028887912028,0.0,0.006369627706685318,0.015558537090954179,0.012191605763469258,0.0,0.007250746599675767,0.002779357090498861
76561198804601630,0.05246319325050681,0.08472617327015855,0.020338685397390012,0.07176975632940501,0.019168945290334992,0.045110776266647494,0.07290661362810702,0.0836209285498575,0.03192194730077677,0.031313887512446216,0.05307691802380932,0.010895016817584546,0.017854780925635836,0.03159315341784786,0.0148659527605407,0.02455820851874806,0.018717516176217135,0.011711437233983428,0.023116739597812488,0.01831303756380539,0.019179738802001734,0.005428748049084702,0.019255612228311385,0.006261113477191245,0.017689560103722093,0.003855321894011822,0.022385562815074894,0.010179468244509512,0.00511682239250991,0.01748581962275396,0.005428748049084702,0.004009919926365807,0.0,0.004020194268310737,0.004042003556751153,0.0,0.004020194268310737,0.024371526856008734,0.03238400392921843,0.0,0.0,0.010895016817584546,0.005778194425074637,0.008583131611994031,0.0,0.007963645427754313,0.012944891978150725,0.0,0.010677093424605046,0.0
76561198804680697,0.0391109395219988,0.06471149037146862,0.01477281744288322,0.05205906447800462,0.03313027550961149,0.029409208178226877,0.057004006785705476,0.058610801222198965,0.05907792623914122,0.023108592839677436,0.017827010485357772,0.0,0.004399977854673636,0.053785419263175434,0.004708316079714924,0.03649860315277375,0.0,0.008377504286685449,0.02153238103654999,0.014309663090884623,0.03310776416333033,0.014088576430581678,0.008583862819582781,0.0,0.033628486633545354,0.017891036005521357,0.009615474799635289,0.008918197750771413,0.0043023968888265575,0.028856505324109383,0.014596214877855847,0.03367812504735761,0.009438714659020336,0.009154123250312935,0.004694188291249334,0.004399977854673636,0.004217708134065143,0.03907580616608313,0.018760635554736067,0.0,0.02813484903299163,0.0267780370794548,0.009000652344004434,0.0,0.0,0.0,0.008741267624060014,0.0,0.03360100454067193,0.0043023968888265575
76561198807749950,0.04041584441079415,0.07576186162269906,0.005167308166314538,0.08148371322316059,0.014964101830346237,0.020180324435253787,0.015949973874342566,0.07080833379791251,0.056458651565334576,0.03036516523630513,0.015271523733860672,0.01484549050967405,0.01015799512023162,0.05633970505863966,0.025221355496436445,0.03532154440646818,0.005167308166314538,0.005167308166314538,0.010234085825061563,0.004996185041053948,0.04040114069968552,0.02494428096378197,0.01011695899100965,0.0,0.035474219571941586,0.014962400312536277,0.01508852031560639,0.0050189072534361666,0.01010460448500646,0.015949973874342566,0.014919842613201978,0.020773396865106826,0.009920199950767653,0.0,0.010045834885991338,0.005167308166314538,0.004999642662434324,0.03568802880141853,0.015542278449531297,0.004999642662434324,0.025275661532660396,0.051066359706465225,0.005245544100920163,0.004999642662434324,0.0,0.0,0.01014379442012827,0.0100168312278853,0.004857205138440502,0.0
76561198812864080,0.07351299270954653,0.07627220067740167,0.040128808119560974,0.04431599005774902,0.01615090537757379,0.05966150562375745,0.027693610226837577,0.03725333687844876,0.047339355709386216,0.02910087192163692,0.04962397285141198,0.009495673065714647,0.018237055233858844,0.03946281127350552,0.02481182239847218,0.031045854773326814,0.03207419087036642,0.0,0.033615346339558996,0.015180179187105744,0.018726934925086234,0.02491896093969756,0.03920930865144224,0.020675800338516945,0.01333571751067714,0.0037813307801415038,0.00956665467869635,0.008777216540936817,0.005503569809209538,0.0055269080616994065,0.020826763254333528,0.01664528498696538,0.0,0.0037813307801415038,0.0,0.0053087629673041654,0.0,0.01234220302807575,0.003820248892642342,0.00788274781707142,0.003749267279660639,0.005503569809209538,0.01251915058387173,0.033006997304182197,0.0,0.0,0.005568437481819108,0.0,0.014046350283398994,0.0
76561198816134762,0.03694010268076182,0.03735168181675411,0.025083181387046894,0.07674216631810128,0.004920096682347638,0.03903669965487642,0.027841690108669746,0.04105562731688253,0.05853679697454426,0.01569783590120971,0.030184598062872523,0.04141284080866314,0.007376564945940054,0.06269148732072129,0.023870150234686728,0.01214223658954935,0.029618563965159116,0.011681029164844616,0.02320911162738437,0.01788194435269076,0.04936373427912027,0.007113681804891767,0.01991467362443368,0.006009920243083481,0.015175087860285302,0.0016251722600700933,0.0179734094702782,0.0032949244222775453,0.01679864800971831,0.00993401871511679,0.0037477662855929694,0.048289816478525135,0.018265479509629718,0.013805502526351519,0.01679864800971831,0.007688139680919886,0.02696902853649981,0.004951296497137206,0.004561080169453726,0.0,0.021251944465228767,0.018429398070025638,0.013337346780274574,0.003365915519298797,0.007594319057093564,0.0,0.0,0.0016251722600700933,0.008617678188050504,0.010223791363148096
76561198816301919,0.060060612014773876,0.02489254067707807,0.03916982297969044,0.0418057500847753,0.042232161999559155,0.05721323617219152,0.05535728193321192,0.026328556286002953,0.02241320357395703,0.023213325814379508,0.03562882689898838,0.027853107041421504,0.006626320071588402,0.017618042302876006,0.04243635784680281,0.011025946080146717,0.018211519944212686,0.009808107770233101,0.025862209080554734,0.04858194818363873,0.01797620143653469,0.01268183832310684,0.03599946414792805,0.010238707054120805,0.009381853557366242,0.0093319645614659,0.029793676893453046,0.03296047324141438,0.0,0.015482327434624172,0.01079572433876172,0.006493263177001123,0.031228376251466627,0.012306436636789738,0.01810840119091003,0.004052126526909246,0.0048586981119079055,0.009381853557366242,0.012563004000798825,0.015047314675361754,0.0,0.004052126526909246,0.018792706700368998,0.004777830988843116,0.013289148139138124,0.012497499157178972,0.0,0.006711408502283319,0.0048586981119079055,0.0
76561198818769123,0.05037609523121244,0.051454591111109914,0.017798978257653024,0.05639475575923576,0.041525382819951474,0.03063185242246938,0.025058708352091123,0.04623121033649172,0.04747490491734481,0.025339618613782096,0.022616524850982863,0.030411810252329054,0.011212805729710937,0.034056660262742136,0.030227435489655795,0.05833956112486491,0.03804554122231466,0.0,0.01684612826627421,0.0,0.009593075654932033,0.01493971517214034,0.02180827087277422,0.04909729396354031,0.02820226677920798,0.020139988263267846,0.0,0.004443743612192314,0.0,0.023110746454344598,0.013291753409769645,0.02024969889771703,0.0055786563315757655,0.0,0.0,0.0,0.0073614852603802365,0.02580758365635239,0.011728647695366651,0.0035340695618734596,0.0038986919813918594,0.015393717159986577,0.011287273335514034,0.014264908695779566,0.01710550468436937,0.007874787541371062,0.010937922320190262,0.0,0.02630763367574626,0.0
76561198822653847,0.060297316696426496,0.08488284735888964,0.056638973312871176,0.06088221809218991,0.0060738721843201435,0.02979714480623767,0.0,0.018088770620612087,0.055436519286524065,0.022238262616545736,0.04100225197573008,0.0261817971178485,0.04980885897358715,0.055436519286524065,0.0,0.024931896428809445,0.0252586897647237,0.0,0.03185670560078367,0.0,0.036905070138573824,0.019175572800384635,0.047249221003143334,0.0060738721843201435,0.0,0.0,0.007796557234633814,0.0,0.0,0.0,0.027338273437406076,0.03598134122565814,0.0,0.005468951684172406,0.0,0.005468951684172406,0.0052805282038112765,0.01282617201363413,0.0,0.017393694757643727,0.030313705671211135,0.011696207260351943,0.011852181820879113,0.030139798613478052,0.0060738721843201435,0.0,0.0,0.0,0.02717310004202015,0.006980283917562143
76561198827623243,0.049587995102361906,0.061019332546154194,0.02480669454509547,0.044954831616161296,0.033434548799654504,0.018693925649231672,0.007041625434893592,0.05846592829962694,0.029752741762789026,0.04023951144351436,0.01440636997840782,0.008064117934065716,0.013590956188991926,0.02480639366143622,0.028513727895450997,0.05762149770776944,0.04284693942429539,0.002714288429470816,0.027403156626421846,0.01209209167332881,0.008417084776647493,0.02305844873192256,0.014871091691536087,0.014562751054527595,0.04789940054654482,0.02314053643694231,0.0028058021761492562,0.0,0.023513639427783936,0.0,0.032248909453409094,0.008608746104962452,0.02463126994480983,0.002714288429470816,0.0047592451331387176,0.002470659381198785,0.009755913864364408,0.024341478314652887,0.00970365092532705,0.005786361167642757,0.005487542333889133,0.0321601142826235,0.009803505921388877,0.0,0.011331333715023784,0.0,0.029701578068228852,0.0032511470224236973,0.01718232379279441,0.007736502583474827
76561198829174449,0.055339843059901465,0.046163890321682846,0.047913443970874804,0.029773196686871086,0.06942314886197508,0.055456613006756944,0.032192809330170706,0.04067205816710391,0.0030404973195920287,0.03876145120970624,0.015593220179343559,0.0072705229208811185,0.027371446174823018,0.006881240658897781,0.019247998818704003,0.026379790163430308,0.012174663315462403,0.03018641233785076,0.030787132766687104,0.024346713904474317,0.0,0.0038456030899728226,0.019467295596804154,0.005061404643995072,0.026803812201651685,0.04070315031409895,0.0174061608200976,0.011898148876077532,0.022128884238569773,0.018226913274879637,0.010583136539224897,0.006498832301357615,0.0072705229208811185,0.0073310533363524786,0.016775550037292204,0.012550964943237194,0.0,0.029812924673358606,0.005955552810035135,0.03445165715055657,0.006498832301357615,0.02113032288986635,0.005547574933765372,0.0070397476217874235,0.0037166970737631455,0.0057456978928998054,0.004556588213650436,0.01767312131266029,0.0,0.012343756816617103
76561198831192918,0.08344181422147716,0.08161894518896778,0.06764134921106468,0.05870271353923893,0.0,0.05308605248785183,0.01135097485500653,0.022806347977669842,0.0417501494889717,0.04335071539486528,0.05366707199939479,0.0,0.0,0.04306023500204569,0.032203746789670855,0.03467198444173272,0.04679500560283753,0.004119445335105957,0.01275479631431399,0.0,0.03698361124367016,0.048950312354696,0.004681308852298431,0.0,0.0,0.0,0.0068185582726345405,0.0,0.0068185582726345405,0.0,0.026828793263881698,0.008558352873186683,0.008879891140256325,0.00946846037445952,0.0068185582726345405,0.008283103953728426,0.03300489257103471,0.0,0.004119445335105957,0.015984851414848112,0.008558352873186683,0.01949635648092718,0.009240781656436194,0.02591558602634461,0.003983399576947263,0.01029199225085194,0.0,0.0,0.005293485090021263,0.0
76561198833276319,0.04476938412141745,0.05544481017597664,0.009765208298424536,0.0914054395878187,0.0,0.02135016947731738,0.04695282416297884,0.057757667690741504,0.05927818292016681,0.018319532372702257,0.03428703135341055,0.02042262604160165,0.00917049612128308,0.045318928609586806,0.022072072260981315,0.012924073404172697,0.017852770941795444,0.00436199086621337,0.02466053487158398,0.009748567601999979,0.05380651983532047,0.022486430406622623,0.018936663181866417,0.0040351203416162055,0.008799917693780553,0.0,0.01829746006238838,0.005082722140327874,0.0045312505771954925,0.013293121436525593,0.01775039107535078,0.03726539959707821,0.013692439511575035,0.0,0.018467189784465262,0.0,0.008204615117040523,0.004134072232108446,0.02780901616311492,0.00982782557670417,0.02994292299122287,0.022895553733769166,0.004736039331271843,0.005029168967152693,0.00950546627772742,0.009789192383357083,0.004973069422148061,0.0,0.020846121280097038,0.0
76561198833867588,0.06395700081683028,0.06834418342562676,0.06417694438847311,0.05566841958070189,0.0,0.05188673994720798,0.016993821185918922,0.01907887730677551,0.05333298283705913,0.03024073459786163,0.060014648263851056,0.01594098417339706,0.016823105046149225,0.0456104334599275,0.030122318237326747,0.028367102918974256,0.025622408213324063,0.004665898827919317,0.013679720421213234,0.0049990662044503515,0.031339774646147386,0.04259112191169585,0.01335160499321736,0.012719213333574298,0.0,0.0,0.00966496503236967,0.0,0.0,0.009028593722292252,0.03215553861932065,0.02524365182511882,0.004794599918712583,0.0,0.0,0.0037339534552031013,0.03357316465755823,0.0048224065036718555,0.0052633862020618075,0.004665898827919317,0.018980816879562865,0.009788614174627773,0.014733691389255659,0.017558391805155987,0.015139030513516801,0.0,0.0,0.0,0.02132619173602979,0.0
76561198833987527,0.08633747690497033,0.07525291043912435,0.04687999598064865,0.013782378746149824,0.0344639119300022,0.05009730936112387,0.01416435838243114,0.018565116348265305,0.01849907011180708,0.04706450894530202,0.045978065640867934,0.016901756121348678,0.037673726525107996,0.006013838759494814,0.01849907011180708,0.01922568127451747,0.019556359776452054,0.00782858372357426,0.04051663423185704,0.0373222070949095,0.007768539986655009,0.02162111717530258,0.033325379270178444,0.0,0.018565116348265305,0.014384224111712975,0.017090240005763296,0.007588340261346359,0.004708360777764057,0.0038596717793466817,0.023688288354287483,0.0,0.00434834725492956,0.027643442459338738,0.0076437741895077705,0.009737180450681374,0.035098641003005096,0.018565116348265305,0.005956339348154901,0.0,0.009627527243086966,0.004919166465322909,0.0,0.033325379270178444,0.0,0.007768539986655009,0.013808419479639296,0.0,0.004708360777764057,0.009627527243086966
76561198837284017,0.07128957083047704,0.050281844740701756,0.04202071360053573,0.07533946066388864,0.026320938892908246,0.04292964619385581,0.03332080011918363,0.012206992949164767,0.03403250975017872,0.026301588526030945,0.04049617993359898,0.01860236501023441,0.01775487692123195,0.03948223229038421,0.035056788858306855,0.028845895276678687,0.011997317847416433,0.0,0.019060295503562134,0.008527363012952293,0.0289014378229438,0.046625866285917486,0.014741547165776143,0.005712476080839883,0.0,0.0,0.0,0.014239839093792176,0.0,0.01583541506366049,0.029236316513131144,0.027974521951893833,0.02251111984023117,0.0,0.008527363012952293,0.0,0.01879096961748323,0.0,0.0,0.0068020088916520074,0.009439064592725498,0.009439064592725498,0.02213699379665867,0.023931922221031448,0.012178608289962242,0.01909001063567982,0.0,0.0,0.03001807360965187,0.0
76561198837631318,0.0341318464684407,0.046101231077105,0.029090239449397877,0.061175953433878265,0.026393095031280463,0.046479917565906685,0.023421545470328802,0.034654222577787386,0.05982383726613486,0.02551827449257475,0.022296430154222398,0.0075356237136187925,0.017488160745056543,0.047505292688301566,0.037501401446527756,0.05674586826070238,0.02823479997352579,0.0,0.06220158490226634,0.028674012683618747,0.017010386611414522,0.02148098400597346,0.02102099605603726,0.0326174955295072,0.0280235390940729,0.0,0.0,0.005684573326716834,0.0,0.008654952637907824,0.016322176188015496,0.020225121192995073,0.01852775541160255,0.01373404353755181,0.0,0.0,0.0,0.01955313593821348,0.0,0.0,0.012439035671711104,0.004903411958092312,0.005684573326716834,0.013562633246461498,0.007682358736540971,0.009485244533288209,0.01978553596560534,0.0,0.008628709630900216,0.0
76561198838206590,0.04099831078764627,0.046054343274869146,0.018498524449383304,0.05712337123883748,0.0413255134394598,0.025442392357875307,0.07068246865928679,0.041584363027328965,0.04642442866151874,0.022031385787997706,0.02286978152003657,0.007707999712484821,0.00470819940516733,0.042955898302600416,0.0221878192073867,0.03514125061102162,0.011055644996818612,0.010757778649422201,0.030082646192759646,0.009580239931064868,0.02907032977770312,0.012352693090917518,0.017347363409665938,0.0,0.025644549647087567,0.023082518086186353,0.00410593697425958,0.018753590947158442,0.015496943722104781,0.023803137352266097,0.008042949549013375,0.011164488116059728,0.015498322079569901,0.0,0.012632341609416162,0.0,0.004042261202158504,0.030055219313448095,0.014489645318725274,0.01819260138276803,0.011164488116059728,0.024682487566905397,0.015006929213805044,0.003618963554380621,0.0032836647528600147,0.01369780274095192,0.006993215196693653,0.01034591812126933,0.00809051214579717,0.012128766799802175
76561198838823687,0.03996013012675056,0.03576997734957192,0.015825331940309873,0.044223990797921636,0.03434723818607444,0.028639041722545274,0.06577207373480744,0.05409774553197283,0.026822964464537687,0.03321098724621913,0.016175686712044546,0.022125331511428283,0.016934642233328887,0.035550472723959406,0.009638002116283226,0.018520885010210597,0.029806151492053484,0.019700271076064632,0.029375651153441575,0.025171286314700714,0.03417524815363127,0.0,0.010672481670389783,0.019630958454272734,0.046025497604881095,0.008737878747169322,0.022788082948407652,0.03812838323080538,0.03157422740223125,0.017570927580003396,0.0,0.01299679231161666,0.007407180314576763,0.016647869837188422,0.018299556314748427,0.0,0.016213835363936818,0.009346653241481259,0.01324749175822586,0.0,0.007523291860143528,0.008254370530793075,0.007184046425113184,0.0,0.0,0.007149118527003245,0.01831264173601063,0.0,0.008903383555957092,0.01754222098718691
76561198839966280,0.0,0.0,0.0,0.0,0.0,0.0,0.0,0.0,0.0,0.0,0.0,0.0,0.0,0.0,0.0,0.0,0.0,0.0,0.0,0.0,0.0,0.0,0.0,0.0,0.0,0.0,0.0,0.0,0.0,0.0,0.0,0.0,0.0,0.0,0.0,0.0,0.0,0.0,0.0,0.0,0.0,0.0,0.0,0.0,0.0,0.0,0.0,0.0,0.0,0.0
76561198842146094,0.046786622641205956,0.06675443082118813,0.02090303748458619,0.05234725797702369,0.012253382187499674,0.03405884216020363,0.04104436823983474,0.053072328204034354,0.03731266757909509,0.02760127997599668,0.02408388288626117,0.020565443045762053,0.021841646857408352,0.03012796945595276,0.019532097266930608,0.028719253209051734,0.0098203484493316,0.01149912598067993,0.017542742357355583,0.014430837632818034,0.045095776318185316,0.01245503169048135,0.03223229472828739,0.005090029758893356,0.043478696628069496,0.0033530199046695793,0.02899361987295388,0.003022352840531896,0.009994868638319176,0.005862819367678502,0.02778120412697733,0.01708292394981189,0.005814414777652938,0.010474894094803157,0.019335676512243855,0.0,0.0059669736771391126,0.02112066727529374,0.00812244855778225,0.01436234325503458,0.017737469595283446,0.00591815241001071,0.011606151483899131,0.012500838983483671,0.011057698318139426,0.0066219393692728765,0.017179566761461505,0.0033530199046695793,0.004087542786750922,0.0
76561198843353774,0.05735185429123148,0.055871469722347925,0.029860239180031507,0.06522240830467026,0.027889210065122502,0.040917607829298736,0.024921200573153113,0.025037962531630466,0.04605365400902297,0.02741230541419538,0.02074776404417706,0.010140432752372076,0.0179640962305968,0.046213258200106834,0.024987084159138744,0.03395883993863269,0.028134464058424583,0.004423609456208556,0.025075490424339562,0.013290149690289119,0.02496166235198481,0.020403419863083874,0.02185992849305718,0.0038932893961361402,0.01642840875867001,0.01642840875867001,0.006792066446172852,0.004019719575198049,0.010281894395592083,0.004423609456208556,0.0170392682907674,0.040896527773494985,0.013395191186242994,0.012870333619156436,0.017433894910257465,0.021050584192419113,0.004423609456208556,0.020692414023794705,0.00913987383303287,0.005213751050571558,0.01390559064068727,0.0305581498863101,0.0,0.005529054800760609,0.012883781849328752,0.0047162643768243135,0.0,0.0,0.015286201740378993,0.0
76561198843437563,0.05833051104981863,0.07347455660658311,0.07347455660658311,0.08751753455989207,0.0,0.05833051104981863,0.0313536748512458,0.0,0.033779550640657574,0.0021666513411723646,0.07347455660658311,0.015403270005003885,0.07156712971365015,0.031612899299485214,0.0,0.0021666513411723646,0.0,0.0021666513411723646,0.0,0.0,0.0,0.0002592244482394071,0.056423084156885676,0.015144045556764477,0.0,0.0,0.0,0.0,0.0,0.031612899299485214,0.0002592244482394071,0.0313536748512458,0.0,0.05833051104981863,0.0,0.05616385970864627,0.01731069689793684,0.0313536748512458,0.0,0.0,0.0,0.05616385970864627,0.0,0.015403270005003885,0.0,0.0,0.0,0.0,0.015403270005003885,0.0
76561198843783506,0.0,0.0,0.0,0.0,0.0,0.0,0.0,0.0,0.0,0.0,0.0,0.0,0.0,0.0,0.0,0.0,0.0,0.0,0.0,0.0,0.0,0.0,0.0,0.0,0.0,0.0,0.0,0.0,0.0,0.0,0.0,0.0,0.0,0.0,0.0,0.0,0.0,0.0,0.0,0.0,0.0,0.0,0.0,0.0,0.0,0.0,0.0,0.0,0.0,0.0
76561198843790470,0.04774971854993018,0.04482375818249572,0.0,0.06769841118750891,0.032775640929862855,0.027923722544236054,0.03327727816038038,0.037321401255180395,0.06406716612943093,0.020133614709572537,0.012577703244433322,0.024320903507231713,0.01314366883658288,0.058460370880932755,0.02547472362667705,0.043065860723292826,0.0114037380126747,0.004514234159074443,0.04345436203997787,0.010633282560988291,0.051207727108993455,0.010690167905808998,0.014771964641939543,0.0,0.03193010016083113,0.021323687024314007,0.01314366883658288,0.0,0.004378042030192883,0.005840286841581864,0.018576454035126647,0.04598311874594645,0.004514234159074443,0.0054601829805579006,0.0,0.0,0.004514234159074443,0.03148111441359853,0.005840286841581864,0.005026487312490122,0.03485693990550749,0.021744272763580437,0.0054601829805579006,0.007882460788339285,0.005966361758307286,0.004695242456094035,0.006263804899227074,0.004695242456094035,0.010934175554133554,0.0
76561198844902387,0.05542080872882079,0.08134650535159096,0.03220042258423005,0.05697799340105922,0.0,0.01795431073616543,0.017304263934186437,0.03854780026510632,0.06550219312254058,0.034944405298444815,0.05797470456951967,0.020686395846204103,0.02743588257446818,0.04982663303149807,0.014577652257090143,0.03502959676327629,0.028461347945937708,0.0,0.02927770604747181,0.0,0.023426129854563785,0.0,0.042485842645564625,0.007000388904026039,0.020648586764337815,0.0,0.0032611637649129018,0.003522793225423672,0.0032611637649129018,0.0032611637649129018,0.02057909965615015,0.021141845425322332,0.0032611637649129018,0.010010893311319945,0.0,0.00891298547736758,0.014786032171864295,0.028317053598862076,0.0,0.004663674917843661,0.014459268498626986,0.01266716722077062,0.016786994634775707,0.020444134069152436,0.0,0.010096724875647167,0.020648586764337815,0.0,0.02288852046678109,0.0
76561198845485546,0.06406297899913768,0.06156707636477119,0.010486089103722328,0.023090608535261146,0.028577302729243564,0.03845427423201487,0.005073228018359611,0.05060915616085309,0.01899374443651121,0.03295912086686908,0.031295339513088744,0.018427964696267292,0.03504578293848294,0.01795843557764877,0.008610886045684931,0.05194344039765271,0.049785829518795566,0.0,0.025007015301036585,0.0065950773722355345,0.02001805802521411,0.008958255784032726,0.04530976070647051,0.0,0.028840599160303553,0.0171378754187112,0.0,0.004996896527981558,0.01709978366926719,0.0,0.008855934466194698,0.02767325799521562,0.0043566036817614786,0.0,0.0,0.010219818431838093,0.008610886045684931,0.04175744906438454,0.0,0.01419736845650556,0.02871748747928008,0.031225997201919622,0.010062158648097203,0.03049309109772239,0.01258800280578341,0.004658540182340533,0.01576210551360388,0.0,0.02458019438063066,0.005336524449419601
76561198845632839,0.038492034633117636,0.08149604197481974,0.04238161873104878,0.02880026635572843,0.026308733775743356,0.04173033343632783,0.048585500092282845,0.04520926213937909,0.01157139945142706,0.032993440967636636,0.04502947195713402,0.020385814909711853,0.030439810145290902,0.015646380901427892,0.024172455669835096,0.028496896569200115,0.0,0.014125416393001983,0.03568180615070862,0.026623190415322132,0.009648421445908103,0.020526842414914006,0.03087181954124665,0.025867848145278084,0.0067424152059809075,0.0,0.022208957223858142,0.013313006260119786,0.007393330794361364,0.024691448871863857,0.02799287434294583,0.005619549424699666,0.0,0.006084064034395584,0.0,0.0,0.02625102576165573,0.020005968215409082,0.009072024579098307,0.00960670641976078,0.009648421445908103,0.012197665783584844,0.0,0.04825155071200565,0.00519075951597058,0.003508064292014724,0.0067424152059809075,0.0,0.010394945693895279,0.0
76561198845689870,0.06350505439449682,0.042953078054178355,0.024747177948063564,0.02227024042770399,0.06130150642720771,0.02414333955688941,0.015169814654047663,0.03545524465506281,0.016150397210804072,0.037540436354758816,0.01895508287714715,0.017755960005238866,0.04202297587958987,0.010464051054370075,0.02408530440732609,0.0449896939065598,0.03278537144780805,0.0037186384587098273,0.015107429409748789,0.017145678530785628,0.011268490729293444,0.010464051054370075,0.0273398483066111,0.005336879141305187,0.02852331166286486,0.03995426315640242,0.0037186384587098273,0.007588202819869212,0.029825915361449157,0.012272105905745881,0.0,0.013194288531515235,0.0039002837049213323,0.0,0.004185860777560918,0.013056327389191814,0.00333336581231866,0.01869454930047642,0.025664475689797975,0.018501680371166576,0.0,0.029921387896594005,0.0,0.012830330188786552,0.009798940275530332,0.012409324503186728,0.020401211188399108,0.01694330907089162,0.022798586413528263,0.02780789662901589
76561198845916760,0.0,0.0,0.0,0.0,0.0,0.0,0.0,0.0,0.0,0.0,0.0,0.0,0.0,0.0,0.0,0.0,0.0,0.0,0.0,0.0,0.0,0.0,0.0,0.0,0.0,0.0,0.0,0.0,0.0,0.0,0.0,0.0,0.0,0.0,0.0,0.0,0.0,0.0,0.0,0.0,0.0,0.0,0.0,0.0,0.0,0.0,0.0,0.0,0.0,0.0
76561198846183374,0.04068477262537084,0.05066505058314523,0.03782460342298601,0.04251756662561832,0.03847563375792458,0.025969231228449373,0.06232029128695515,0.05162029244794945,0.016186373470102322,0.013400847901857905,0.018477308409326997,0.010217802174768968,0.0,0.021805125689449183,0.0320927200633843,0.03130018684926134,0.006179943303035314,0.013909669676654603,0.03875378635057347,0.029238253681071663,0.04904032038784539,0.020490936003521,0.019661941989965803,0.006573994084151068,0.017107319335605636,0.020904082084361574,0.020933402712564223,0.01990289710303089,0.01573464451250761,0.02923902529990643,0.008826277209027728,0.010041394308297254,0.014334093868184771,0.014715958909796671,0.01996625967941621,0.0,0.005653019975989026,0.026162875740132086,0.013457938805628957,0.024209191253219492,0.0038614510052619416,0.0,0.016145740500558073,0.0,0.0,0.0059258384552779535,0.0,0.0077621893265036445,0.01942715644217296,0.008282591459188533
76561198847297910,0.041315534019227475,0.057197377648930174,0.019567572894114454,0.0478211302879792,0.04248539491117673,0.025009607907547395,0.04109180117053934,0.055597076964996016,0.007591672208154917,0.04776321230686754,0.010130419111628607,0.019807006736163518,0.02755163134091015,0.010374062268432389,0.023942145469220077,0.03632918210609096,0.02279566267621158,0.0032599427206278816,0.01799197331140603,0.038123444220318076,0.014443238985947007,0.0,0.021695104428795183,0.010428536705283426,0.03488291228485254,0.024894370595264916,0.016265725778347104,0.01954325529011818,0.048256494651957534,0.011332619758204838,0.0,0.0032599427206278816,0.003475914605547009,0.01316862940000682,0.029990701325595562,0.004651690010282821,0.006355469469837648,0.03784374712035054,0.01086636629913075,0.003198435124618138,0.0,0.012554803663004236,0.003198435124618138,0.005935110369264296,0.0037386709792701037,0.0,0.03317803403665341,0.0,0.012305630435310173,0.01879031055656927
76561198847593484,0.08803699875211317,0.08173741438872241,0.043860246827594145,0.06270041471054766,0.013746335519237225,0.0205755418838703,0.01992379895628244,0.05100941870170694,0.06667946273669667,0.01926845892790026,0.049098255464049244,0.010474929824534433,0.009332353809363092,0.05030504004970842,0.03505031193697492,0.039966646771331216,0.004445781317584816,0.0,0.016187069378586043,0.0,0.01829359525697284,0.047743358617916794,0.004865262091387234,0.0,0.011841773056509715,0.0,0.0,0.0,0.0066995090073672815,0.012118372703084038,0.018612215007892025,0.02067783814316362,0.0,0.010588044605027554,0.0,0.004445781317584816,0.009425211077576526,0.01764867410352214,0.0064842192319032755,0.005705241742091662,0.027288153878298516,0.028275172010490544,0.012975893125337123,0.019856975863050103,0.010222812096985487,0.0,0.012206822228730648,0.0,0.011626594878304598,0.0
76561198847902117,0.06677789807803325,0.04707701853322899,0.03720968039339978,0.07158818087347224,0.005524549068284894,0.027820692823239908,0.0,0.031026081302164055,0.05536720198930937,0.04456495738789006,0.03816290438726275,0.01322603021852672,0.0,0.04734317228980943,0.04416792551114054,0.05911788433842655,0.03756860080069574,0.00961004691177983,0.01756467931721628,0.0,0.026082521154004494,0.026138854350716827,0.011782581031980835,0.0,0.009552551004143909,0.0,0.005524549068284894,0.005524549068284894,0.0,0.005410081260762615,0.04413831840434256,0.019765305555939992,0.014392833550258324,0.016996041746625144,0.0,0.0,0.018215576031337468,0.013675772298818329,0.007420798235522828,0.019389153508316444,0.027157818717248806,0.008031376761779247,0.01378448308462284,0.015482557407128393,0.008476865894709815,0.0,0.009552551004143909,0.0,0.012085875486905004,0.007701481150241827
76561198848316420,0.061983275194421435,0.032257440783877246,0.029694335638407815,0.07030761337395128,0.01414793644622924,0.05873558232827808,0.021172169607662265,0.012923586183339058,0.0925742847125762,0.01979399553714669,0.042609761573412265,0.0,0.006870409353807635,0.07030761337395128,0.03028839106493472,0.027563378979944174,0.03531980833857731,0.0,0.020829325237506455,0.0,0.01371645130020664,0.058378849796180264,0.026665571533907823,0.014494716648989655,0.006205104832754176,0.006407419327634405,0.0,0.0,0.0,0.01352186101753953,0.038535516840246385,0.007226547656313255,0.0,0.007317699976934809,0.0,0.0089039547804933,0.0077442550083861245,0.0,0.014122019895154868,0.0,0.007916915062400694,0.012527586131874664,0.007601242983714202,0.02731401000896173,0.01406673630750661,0.02090213597662406,0.0,0.006407419327634405,0.032645077858519236,0.0
76561198851738367,0.033747348951588325,0.034652091995084504,0.004674483540351103,0.03920485024808855,0.05685615088158506,0.013826625846807918,0.03624883080264455,0.028555889224238084,0.03986569622317376,0.0131101466404075,0.02272050757148785,0.032110244854548504,0.03466494383698428,0.03409426792173711,0.014734128013923794,0.04134886363985043,0.02155542851979843,0.0,0.027435324330994805,0.009729675474573018,0.007402166678182431,0.013441670315695889,0.025961064059742005,0.011038403799732355,0.029756345278493336,0.05120204684541494,0.02132362100330932,0.033856867075166656,0.009199785049519136,0.0,0.015411487455126119,0.02155373632547692,0.0,0.0,0.007182325167026586,0.0,0.009342857336758716,0.026424290469990574,0.007182325167026586,0.010115942842788089,0.011493509150170509,0.007402166678182431,0.0058729358396173315,0.04093179567221235,0.009033266504467084,0.03745077709365376,0.010508513374678473,0.016598871752743695,0.02117773054695725,0.0
76561198852349730,0.0,0.0,0.0,0.0,0.0,0.0,0.0,0.0,0.0,0.0,0.0,0.0,0.0,0.0,0.0,0.0,0.0,0.0,0.0,0.0,0.0,0.0,0.0,0.0,0.0,0.0,0.0,0.0,0.0,0.0,0.0,0.0,0.0,0.0,0.0,0.0,0.0,0.0,0.0,0.0,0.0,0.0,0.0,0.0,0.0,0.0,0.0,0.0,0.0,0.0
76561198852781577,0.03112290886841159,0.04348715041546077,0.0256240844786673,0.07117542039253012,0.004364999467898641,0.026733190209792965,0.02590895287237797,0.012154694509673937,0.045898590936351784,0.025983928875030458,0.01568062943810602,0.014667809652814725,0.010200696228001375,0.04472386829879868,0.03578442866814501,0.0386710721432459,0.012552313275498397,0.0,0.026312709676980437,0.02205868883676215,0.030706707738013428,0.04156862078237172,0.014067612128337988,0.01707928256858471,0.021905714745813598,0.0,0.004316739734214052,0.0,0.021905714745813598,0.009186686036740062,0.05145823790801436,0.027210329743873163,0.0042226794503347,0.01856235409751949,0.003952765548654622,0.0,0.026516632045948726,0.003952765548654622,0.014292979210686459,0.011109737849620967,0.043390224716529764,0.021536644033397858,0.008578361179071988,0.0226381869839496,0.010209097268004076,0.0,0.01794340301032241,0.0,0.009332876574413571,0.011249509106566144
76561198853165772,0.037978134202187146,0.04918400384530001,0.025913824912532496,0.028209690464225737,0.012747968898690511,0.05406516802460158,0.013296360313220987,0.04197400914359913,0.0197375843598835,0.03218141541860144,0.0351162504051336,0.00905885161205995,0.03040940249291223,0.01883892067592158,0.00528188395887074,0.03178453308800774,0.021204991582479953,0.0,0.0026267473103882273,0.01013623166208545,0.0223726907312107,0.010285413373066815,0.0209212264079507,0.02455654932387173,0.026938981035436786,0.0,0.023432591975306435,0.016990115603274184,0.022155032500150548,0.0,0.029762774668102947,0.049494675914440234,0.00969989975578566,0.0,0.01013623166208545,0.03104244799625298,0.00528188395887074,0.016802749373351338,0.0,0.00969989975578566,0.04137503388884918,0.020345004341896136,0.006917598537027469,0.0,0.00528188395887074,0.013296360313220987,0.03748502531831613,0.013296360313220987,0.02469819406113991,0.02798540286181359
76561198853188317,0.049023300406386604,0.05700452143976388,0.03633236547027577,0.05948058431649504,0.017543560297119506,0.01359173718390921,0.03298154839533302,0.06231750525294059,0.027314636843472895,0.03494837696252693,0.021892952250286826,0.021330566452198448,0.005462410741341955,0.0313471757523675,0.0339563639900513,0.03664362281246938,0.02080068671949394,0.015279730504898392,0.007625061846588092,0.009658964082950845,0.02954989378450512,0.018246515880877674,0.021775946386195937,0.0,0.036250042691656714,0.0059116720320124385,0.009658964082950845,0.005462410741341955,0.004196553341608889,0.029152395909003707,0.009541974680805426,0.008398933905726396,0.01393049083930117,0.003379797049255407,0.004196553341608889,0.003701470753609684,0.022042164583405483,0.023746522166629907,0.04475604354154902,0.020887056859541744,0.00967167832610894,0.024235514019397827,0.007624657669701431,0.013942305628720604,0.01187380068994805,0.004196553341608889,0.011253224347307314,0.0,0.0078811916847504,0.0
76561198858486665,0.0,0.0,0.0,0.0,0.0,0.0,0.0,0.0,0.0,0.0,0.0,0.0,0.0,0.0,0.0,0.0,0.0,0.0,0.0,0.0,0.0,0.0,0.0,0.0,0.0,0.0,0.0,0.0,0.0,0.0,0.0,0.0,0.0,0.0,0.0,0.0,0.0,0.0,0.0,0.0,0.0,0.0,0.0,0.0,0.0,0.0,0.0,0.0,0.0,0.0
76561198860104675,0.0,0.0,0.0,0.0,0.0,0.0,0.0,0.0,0.0,0.0,0.0,0.0,0.0,0.0,0.0,0.0,0.0,0.0,0.0,0.0,0.0,0.0,0.0,0.0,0.0,0.0,0.0,0.0,0.0,0.0,0.0,0.0,0.0,0.0,0.0,0.0,0.0,0.0,0.0,0.0,0.0,0.0,0.0,0.0,0.0,0.0,0.0,0.0,0.0,0.0
76561198862661273,0.04559354485760502,0.052779479765646786,0.024915408516108697,0.06856612583155827,0.0,0.015228237493264345,0.024665259681315888,0.02134328288962107,0.09074280585321656,0.02773526876572008,0.01938433666142955,0.018726484900086077,0.025998219275174515,0.06015111009163484,0.02855484817714471,0.0356019789285432,0.04899377843235639,0.0,0.008016672205740703,0.013393023160437579,0.03386836698686496,0.020626756984228143,0.042509970714619,0.013393023160437579,0.00795025972918349,0.0,0.0,0.0,0.0,0.0,0.01844568176320199,0.028534305519925193,0.0,0.0,0.0,0.007211565287523641,0.011541882889183976,0.018364415886741415,0.010582237614525914,0.010814828532664963,0.04044264197653621,0.005174641238991743,0.00541373335206131,0.03828832915169826,0.005174641238991743,0.0,0.01411222006858457,0.0,0.037160632417431685,0.0
76561198865591103,0.0555096313465897,0.036496610469492353,0.03849689186996304,0.06869610169498279,0.03780554271390745,0.03223095139887482,0.03290331219341462,0.04314975226707321,0.042417222430355304,0.03882269490958823,0.0041544370746985585,0.007375194464222149,0.016569376186115137,0.04696661446140477,0.04863650824561432,0.04426480469515691,0.026052990112515346,0.007524753970585031,0.039697751112574974,0.013671379782107008,0.016761691445143605,0.03163432202935538,0.0,0.0,0.019305313921588633,0.034780726359244105,0.016263337705427365,0.007634857164843404,0.011161055397075962,0.012843074370824931,0.007671647127989664,0.003563357424042941,0.008780588931078158,0.0067703270585077946,0.008583298733396456,0.008630289352636737,0.0,0.02657622605575736,0.01237911143071391,0.012363518639852515,0.003563357424042941,0.011709548230919197,0.0,0.013871761243323961,0.004405787201921693,0.008064887378891702,0.012852977243264072,0.00798871691069605,0.010397699820225717,0.0
76561198867608134,0.07731760419813034,0.06816591066164585,0.04169457880671343,0.044613877117821776,0.020327357041325097,0.06028168437689408,0.005856093752132595,0.04430086645204664,0.029114632121367258,0.0443268466357702,0.05966249320288152,0.0061564140001870975,0.03295461378407447,0.02514695722805641,0.017934220128598306,0.02796385450665965,0.01403612916558557,0.0,0.05336617035551549,0.016044807151745256,0.01480362294413983,0.019368868664108155,0.03960616744837841,0.00964517545149424,0.019900032325703632,0.019879538976760085,0.0061564140001870975,0.0,0.0,0.0,0.024671002601220557,0.01029501173551499,0.00441765660148588,0.006149442905545687,0.005972306984629551,0.006149442905545687,0.003967674893310846,0.018782436662771015,0.0,0.0,0.0058773551340291115,0.02154161234565862,0.004508611208624839,0.04293312700865946,0.014659837040739967,0.0,0.007481876581030631,0.0,0.003967674893310846,0.0
76561198868323862,0.08584889740312912,0.061894209899718985,0.08665929032811479,0.04216685828919829,0.0,0.07162888700723569,0.029519812644467923,0.0056327227776733334,0.04945362006266756,0.037387067424788985,0.05660152366507343,0.014549388453188157,0.01203062288416485,0.04216685828919829,0.03731290276070965,0.01828613605844132,0.060647788357392325,0.0055542540356812485,0.012011269706057181,0.006476368848483601,0.007673411632801676,0.04292777828616268,0.00728676177346927,0.0,0.0,0.0,0.01812842240495993,0.006476368848483601,0.0,0.0,0.039111155085759325,0.0,0.01237266587317922,0.00728676177346927,0.0,0.02426171077027748,0.030688589290135054,0.0,0.0,0.013753630029108708,0.0,0.0,0.02670151209256699,0.021035884988602607,0.006466868255639438,0.0,0.0,0.0,0.0,0.0
76561198869428936,0.05013517293673181,0.07168564336722201,0.024027625372819494,0.02418426859482302,0.016929673224124142,0.044146279935741356,0.010409603647417802,0.04822662144485167,0.02663134100213195,0.020769388325951686,0.03039168114363901,0.01149336823024396,0.03945396499812101,0.01755419048660023,0.018474968308805406,0.04016673120773698,0.004574449580759794,0.0,0.026410699676866267,0.0,0.03250955497406531,0.022613679835035046,0.04077366454074387,0.020541350461512183,0.023180442590356697,0.005415782271742694,0.0,0.010870885882990643,0.011004037545934703,0.005103364845327672,0.019788853785839004,0.0320214738472474,0.005415782271742694,0.0,0.0,0.004574449580759794,0.00663007810822279,0.03510286510255121,0.0,0.013156739489828853,0.04488097400581196,0.021384041756413365,0.013156739489828853,0.02223800638110165,0.012809777573993915,0.005103364845327672,0.02792018539339071,0.0,0.03346571896418284,0.004672514971460913
76561198870279063,0.03771153005840736,0.06650715802174008,0.019359651443910553,0.07146625637546762,0.032545246688655056,0.026761669630447467,0.06018439265929802,0.03599123395641808,0.017131023211248073,0.034774347575614484,0.019485174629669005,0.02618848359776559,0.01220193241473353,0.024486773652752602,0.020250631394036635,0.017597510141797085,0.02063137030153704,0.0072476394518017654,0.03423002957756823,0.023778888122615603,0.01743173136019386,0.0,0.018749914130128584,0.010734765173712649,0.021204912226036453,0.012054742447627699,0.02584487377994182,0.04016735829467165,0.013825874430991142,0.021505319731001008,0.0,0.004887331408401332,0.015132421451587047,0.012400301160049757,0.014809506336429544,0.0035802848700994022,0.011173240886654614,0.020434481077573948,0.034600853210102346,0.0,0.004887331408401332,0.03592824536450599,0.004484416839077055,0.0,0.0,0.021486376331320483,0.01693164561535433,0.0,0.0,0.009213129560654013
76561198870768812,0.052526805291208505,0.060587983058951626,0.028678813119756296,0.020667636106958105,0.03259715407200627,0.038188287160534955,0.01650295640100555,0.039209301595324195,0.020940869645426782,0.03051491076066966,0.051809307279604255,0.02102139404181547,0.05344767582431628,0.010844906102192025,0.021119554191461668,0.03919007371381055,0.006037450154795398,0.0,0.044078000838511704,0.01113331456194456,0.009617421922948205,0.004807455947396628,0.034025079978841036,0.01103092128693338,0.023379455356654005,0.03259715407200627,0.012431972930481028,0.018659080365027593,0.005369641839060993,0.011597950150796904,0.026430640371332432,0.02432509206752894,0.0,0.005012764029214504,0.0,0.005012764029214504,0.010293962937452817,0.023041497847914306,0.011381682888963397,0.0067660899571834,0.019420085817320295,0.014751876199068906,0.0067660899571834,0.03669806967900004,0.0155431466610944,0.0,0.006052020782990736,0.0,0.020522047165037048,0.005369641839060993
76561198870946600,0.043759003337343255,0.038530094855053675,0.024465462742097037,0.015752420288535338,0.08432555552072993,0.05359513962975453,0.03507147370609158,0.04574206795078462,0.020771063057719343,0.025981213241361264,0.021936742147098707,0.008569417844379616,0.02899304318232267,0.008018331244467828,0.010904956474730911,0.037088964439634615,0.012181110559127099,0.0,0.040392316299133785,0.030166094998971122,0.0,0.014088624720842671,0.021400515068973044,0.0,0.04198529450781742,0.0591160453970428,0.0175237802208619,0.022341335974195284,0.011980815581401525,0.007388137138713003,0.00837942464124094,0.007751772826927662,0.0,0.008381054177342575,0.024656554296784247,0.0037996241139424277,0.0,0.03286937884836516,0.006004821003208937,0.008947939128581911,0.0035473039343264182,0.02225961033931802,0.0,0.016486086823845426,0.006690085236757592,0.01220953596745825,0.02002123979023704,0.012057898140249807,0.011701100661223669,0.012167549941005483
76561198871046795,0.0,0.0,0.0,0.0,0.0,0.0,0.0,0.0,0.0,0.0,0.0,0.0,0.0,0.0,0.0,0.0,0.0,0.0,0.0,0.0,0.0,0.0,0.0,0.0,0.0,0.0,0.0,0.0,0.0,0.0,0.0,0.0,0.0,0.0,0.0,0.0,0.0,0.0,0.0,0.0,0.0,0.0,0.0,0.0,0.0,0.0,0.0,0.0,0.0,0.0
76561198871845380,0.060428119036011765,0.051449944283278225,0.0215353041914335,0.08664729221043038,0.0043791750329653595,0.017724295047719704,0.03538000891202174,0.02274757101713319,0.054988080129939415,0.030007327345750515,0.009147431145803575,0.007780825339527988,0.014373962987758013,0.06289315644401282,0.04079730429603318,0.0336010252815341,0.012397396711999806,0.0,0.013410613451573157,0.005434424858277137,0.05423390629177526,0.04701065433113018,0.028401406970999285,0.0,0.018368395984167826,0.0,0.0,0.0045478684639853224,0.0,0.01171411156149817,0.03150371990282253,0.031086362824874637,0.008786979310377946,0.004765694864842973,0.0,0.0,0.008833098314875455,0.023482538630752715,0.015872905060196285,0.012496690828358975,0.01750496114842502,0.01671294565920736,0.012244882551757513,0.019055484902407802,0.010501784440086316,0.003907584342744881,0.007613884142950951,0.0,0.02623088174855907,0.0
76561198874472241,0.041654866170337146,0.044998042353164194,0.015207091412906399,0.07515249348217629,0.023437966817153794,0.0038751250890168305,0.041993183270331635,0.05303492798361488,0.04872790453302617,0.027852263901041112,0.014009649361426908,0.02176324914023204,0.012373580446977731,0.04234719271648753,0.029137928407534645,0.036617975947380865,0.015182201286597764,0.007942946853314257,0.016124557123215564,0.012623969329884709,0.03515161934663745,0.009655684728201738,0.0032553425117365117,0.011628530043271548,0.03404714206504864,0.014451719589053329,0.018737038989184652,0.02636771490873698,0.008060357267509817,0.026719953958449488,0.003560798032238369,0.021303179674551444,0.015930767604467787,0.0,0.005515460383971607,0.0038751250890168305,0.003013556895816538,0.0354063715850199,0.036598295996296784,0.0,0.025391259919181456,0.027895438495438685,0.0,0.0037430133165611812,0.0064325357810863055,0.009054568030659337,0.0170878378562613,0.005091696037892135,0.003468317032618257,0.004499559235271449
76561198876451323,0.05281821953285554,0.06942162698524647,0.041082538671410686,0.028921193190445817,0.025458872484774523,0.06719967807813189,0.058490489593846125,0.04334984914607345,0.016058374100870278,0.022013312884793534,0.05101000901371953,0.014269755500965323,0.03680448917553192,0.00922545674777365,0.013645044387168763,0.017116975551168544,0.02362854545618797,0.016792781474590027,0.01941435679858177,0.010253887030068276,0.02717481868744626,0.014732770810615537,0.028046719499222248,0.031595371652606404,0.01600750561037595,0.0,0.0313083375733479,0.009388336703709237,0.022047878989173274,0.023781001468504773,0.004322599045979922,0.012771259151695618,0.00999951473099368,0.03464457522848632,0.018865921184173146,0.010367079032064564,0.004487629701301169,0.008478393368528393,0.0,0.00492861376956343,0.0,0.011386419110356878,0.01197960928480972,0.012440434091876135,0.004105662794292343,0.0,0.0056515995299943516,0.0,0.004512493176678629,0.0
76561198876615080,0.06047422727163068,0.06955472044571392,0.03612072547413543,0.04844428923503938,0.05519331894419033,0.05045899807094548,0.054128436957183695,0.03643968494321835,0.017428407008411133,0.040029643845182754,0.013336170329615218,0.0,0.009208356234707313,0.02215922640966403,0.02154746232027162,0.03916249840504407,0.01724347843361881,0.0127384470785936,0.041075529688741855,0.02072905960056934,0.0,0.015727345148068193,0.022525065718151244,0.007823079353476363,0.01861571717880939,0.0224670882386104,0.023452839919378764,0.018336098853077923,0.0,0.026037781210175158,0.004127814094907905,0.0,0.013582165747817829,0.018091354005569018,0.0,0.009184756599097432,0.018625901416823843,0.023667491513272736,0.023596585407494108,0.004151413730517787,0.0,0.009053818767627748,0.004127814094907905,0.007800501703599216,0.007692825584661788,0.009254024276191966,0.004467006316345687,0.003763400057833977,0.014561643568588026,0.0037937867985186036
76561198880142983,0.04111202141761681,0.0815144156301973,0.007316660774710575,0.0644814206339208,0.0,0.02914161225580085,0.01297548808309364,0.06536371466603251,0.05427249242159058,0.014664721281573903,0.01761178747919813,0.006205190612281385,0.0,0.054057088861752464,0.0035294551717656225,0.022283001985546586,0.0035294551717656225,0.0,0.008736976473240081,0.00395455890417119,0.09231301527427214,0.00720331479923175,0.0,0.005860129013233076,0.02762673068267258,0.0,0.033809247441154065,0.00667005025069224,0.03656727003584527,0.0,0.00694556436805242,0.047199358691394265,0.004894904493825443,0.0035294551717656225,0.018449565956161432,0.0,0.0,0.009763596923698086,0.017192675323978467,0.007131070108458513,0.05295736984155643,0.047114193519354954,0.010457255853637193,0.0,0.0,0.00823498454631384,0.014462160894416485,0.0,0.024961738631707538,0.025906286354320216
76561198881008111,0.02426834829724285,0.03564971787552791,0.01478385244351241,0.04114053972029873,0.027710659834805237,0.03988531113512516,0.07166909071064326,0.03967081899714521,0.04044241289371313,0.017690717059113015,0.019366407248913114,0.014392662962214376,0.014708750792243179,0.022755369580603924,0.021449377584031638,0.02653007191739752,0.01596585369398413,0.00982543941020761,0.010963314674677573,0.03807062046338667,0.029326024007366405,0.01628548910248296,0.03172077624671199,0.0,0.03610702217205274,0.013584574622516369,0.0443632989148279,0.019406766301047124,0.009882698981191533,0.03210205384549509,0.0,0.02404670524825795,0.01008017545740262,0.0,0.03127973228097548,0.010191991351983287,0.005782343145425107,0.032085921050435444,0.023271919176542394,0.00892156052605627,0.011229141114083643,0.011229141114083643,0.01478385244351241,0.0,0.004929069797740282,0.0,0.014506443644434732,0.0,0.01794396216058805,0.0
76561198885046549,0.055103177705197175,0.06053449501078277,0.020742443225313156,0.07407153993241933,0.014172733581069453,0.02833600732514552,0.03694187234992921,0.037386563875864275,0.025629969955342932,0.03750115259112849,0.035324955793236204,0.024553577325086375,0.01717652067855372,0.04131323372375698,0.03192735259582174,0.04810054144193364,0.021759168267734105,0.0,0.023053433704637163,0.005534108404910789,0.014337772471747461,0.017268734027684113,0.02823209681626335,0.0,0.017272913713911077,0.0,0.017070779653128587,0.015322396835165614,0.0097033166572552,0.02017795933435945,0.024652936758823154,0.011388554078321105,0.028070766549788156,0.005534108404910789,0.0,0.0,0.01251340237750415,0.029188706793900305,0.0049881842660078266,0.0,0.0,0.0049881842660078266,0.017121094012528027,0.018203861780708177,0.01812439687505053,0.004975453754204685,0.021145187157517335,0.0,0.02055634592735004,0.0
76561198887083618,0.06022067579223528,0.06934282920609504,0.01708506287257162,0.04960416398755381,0.011424462310903908,0.03832233671289295,0.05198967565595049,0.06745973605085487,0.021127394834942262,0.04092404936197177,0.0436542508220083,0.02719743344416077,0.011785700805625072,0.02979787697059347,0.0061156309608585546,0.009581597445576627,0.010604353900671356,0.00878002289849204,0.01933793020038956,0.011718324616226197,0.052631217717647893,0.015102562094468931,0.024783481273523082,0.0061156309608585546,0.027790082204444642,0.0069702663896472564,0.038520944826829606,0.0,0.03564876861021207,0.01672041852804867,0.0,0.015107039353913785,0.0,0.004963447304881064,0.018173076385904343,0.0,0.0042422665431070435,0.005640906595790291,0.008254104058274973,0.006168153064197773,0.009007752563460432,0.027425334647986247,0.008902105479678244,0.006183007150257429,0.0,0.016289408812180987,0.006168153064197773,0.0,0.010039977640239688,0.02307838587967537
76561198887943085,0.036897003248570745,0.0272955927224609,0.035881419645431754,0.03657943738002787,0.05107034712903081,0.03312405006324062,0.050264180857291826,0.05670576048172083,0.02508830895676222,0.032174646535682,0.0,0.012681654324975849,0.02199970947346606,0.027734380087316074,0.02342019018173619,0.012935018179805498,0.02091692691434068,0.012474046683963439,0.03207736464824876,0.017039453896538565,0.01549655061595474,0.022477245140508226,0.0,0.007179635206248511,0.02795450918148473,0.045249799826678996,0.015539036505714351,0.022584231034219023,0.011857871119208212,0.04761810972673797,0.007549730853760123,0.019837675432153132,0.021071920308454183,0.0,0.009764625560100347,0.007166695987714759,0.0035483825359317795,0.013484853157303876,0.0239504530931504,0.012489559178229496,0.021022344417841975,0.02387358390537279,0.0,0.006935080648220712,0.012805059228516604,0.0026460711305538536,0.0,0.025788559093228455,0.0,0.0057489257021021475
76561198888074333,0.025240779091539545,0.022522137383633047,0.03920686481622101,0.04747218390870463,0.0365792223746156,0.043703751118532634,0.04142076741641424,0.025896920738910235,0.026667419285920438,0.011683690565153093,0.019367864298684197,0.022090766383220037,0.01995432607714096,0.026667419285920438,0.04198637835768377,0.011625305009515354,0.0,0.017029844992281665,0.01618538855803148,0.04205679520603523,0.03879942334313011,0.03305577040271769,0.02582724086999631,0.028666465421446827,0.008906663301608856,0.029025275518175662,0.005931300348493086,0.020360983458226484,0.005752390216660007,0.016290101344216164,0.03236227354260037,0.018266556896841403,0.0258385394008936,0.013887603200046538,0.008906663301608856,0.0,0.017556605358008442,0.014659053518268864,0.0,0.027112914083392673,0.010712610040401463,0.0,0.02129216523454765,0.011683690565153093,0.025584869628336625,0.0,0.0,0.008154888360829629,0.005872914792855347,0.008135212983386531
76561198900476414,0.03324159241075719,0.05781490003679168,0.013175964977006759,0.045789378593936766,0.03241286440325347,0.03125360230527339,0.05539655715545752,0.0609083039497842,0.024266003979130184,0.027920046088018534,0.023622221440717812,0.017163599407021154,0.0208971262329111,0.03212690412710803,0.00859568580489419,0.018858011740592005,0.0035124465907891535,0.0,0.017638281321012656,0.02693917773546489,0.04369564764391173,0.02011627770929376,0.010606145723729705,0.012993764467372533,0.03129213738742535,0.030245347731423972,0.021595645032892366,0.023989042129458342,0.022056042879071164,0.018855582233307824,0.006902501208739392,0.017559858730598656,0.005083239214105036,0.008663042368592146,0.018969797285828476,0.0070279739511263815,0.0035766912397161483,0.026038880710870623,0.016457942894039936,0.0,0.01607818059498617,0.02723746479160813,0.0047614105115101855,0.014674827734616315,0.005083239214105036,0.011956793966128422,0.010082871309352733,0.008162300292005818,0.004704682744262949,0.0
76561198902671770,0.051846629462969855,0.05006073872255538,0.018555949434606818,0.036461664750017185,0.027208728668320865,0.03486267735988588,0.03697988457540787,0.07317405636787096,0.015791669297417956,0.042034459245860946,0.021375676640753623,0.012367266901564996,0.004235965969155682,0.0031288050972494512,0.02693911329715938,0.04725298394724871,0.035838535129774314,0.014171313831070844,0.024212490697554514,0.006822819390259984,0.012504183370939963,0.0,0.008610514544557185,0.003455792805507329,0.04889779037228768,0.013115964033940794,0.027788868124871805,0.007941478682595184,0.029827989640398157,0.01014000340002692,0.0041662412892558695,0.00624735596264831,0.019282121138438947,0.0,0.0,0.0,0.008441700758714688,0.040025544233207824,0.02027899940431052,0.011769233843164207,0.018626009302100854,0.02701445940614126,0.0,0.004235965969155682,0.010804287246318189,0.0,0.043391262086928,0.0,0.020719666314283333,0.019393139283502083
76561198906743730,0.048820201275073666,0.06109097154709343,0.04139593006951776,0.051182297962890144,0.025473539959518756,0.059912515675083156,0.02876396548766813,0.029148577878405284,0.03901537524027008,0.015052285704144429,0.04289029013836983,0.021088362620960154,0.020319935458096426,0.02443838337971554,0.023466777656769956,0.020226160697653088,0.009666290088710162,0.01018195332910248,0.028453256027944792,0.013074149968629581,0.01985715488851981,0.03291859590872224,0.03319111275054416,0.013855960898513417,0.0,0.004423470769909043,0.02030655169107632,0.015607857827707272,0.0,0.021228492145892085,0.041566676350810156,0.013361973881019396,0.004967386291178613,0.017617607915771185,0.006346928000999845,0.016835796985887348,0.011917046731893937,0.0,0.009342887518038705,0.0,0.008124231272085699,0.015298814879130306,0.006576190726007705,0.02427779747429024,0.012549322882732625,0.016243008211050184,0.005322128000009229,0.009260929826707426,0.0053408560058862305,0.0
76561198907957525,0.04840416499217523,0.04670967039028676,0.020393404292083115,0.0715757560616313,0.023599968437652177,0.0121099286563458,0.027588952116536558,0.05941151836774196,0.013374461607064366,0.049552594206802476,0.0,0.04842329101423455,0.0072891182949911685,0.013374461607064366,0.04661926305695516,0.02682308173645893,0.015144010566487938,0.01220316124592511,0.01748761360651467,0.025891694390251237,0.045032986589824436,0.003530053379698254,0.018716819966900666,0.0048846713411716544,0.04694892212864141,0.023599968437652177,0.024314476042989162,0.012036908154710212,0.019872306276990492,0.00771979342132487,0.0,0.009841556267457146,0.022153394144040602,0.0032378932934530543,0.03317915197506305,0.0,0.011525627660717047,0.023655823181415174,0.011409766118943327,0.00811704184245876,0.005518582588949048,0.013827653880222546,0.008237321625446575,0.0,0.004322973678508098,0.011395997154668826,0.021687397020148515,0.0037551526958119075,0.003794401503529695,0.01170724498206037
76561198908664868,0.06296097287650973,0.058299194719396395,0.07775426197746411,0.023029149327941666,0.005879759755503901,0.04606815766908607,0.005526649101825861,0.043686536208408545,0.011253897885087611,0.03183655084815542,0.027996719589158947,0.021721881999336324,0.05462297523653376,0.011253897885087611,0.005879759755503901,0.016322121476248796,0.03270141763658085,0.0,0.010620397824267115,0.0,0.009870468776872272,0.0,0.06144985940939139,0.0,0.012279923539598094,0.0,0.0,0.006759176259155974,0.019205887966423443,0.0,0.020953719014352706,0.04896667937262381,0.0,0.01749323620069144,0.0,0.011598829381625488,0.014625668745326873,0.0,0.0,0.0453110448330885,0.05017591584605557,0.03793758388205395,0.04089734952998759,0.02113852827629667,0.005879759755503901,0.0,0.005195575937038364,0.0,0.011449439056385138,0.011397052445432232
76561198931909013,0.02835905260709223,0.039206299952372806,0.007751699277646351,0.06769004806241044,0.007071906305542965,0.007751699277646351,0.03452063221741881,0.043540285871953924,0.03496829234319787,0.03950376491277857,0.041181780455466444,0.059822552634248405,0.0,0.035666631342841176,0.039387364013819606,0.048370105302878774,0.02423562613402176,0.0,0.008307753382652303,0.006516787498393539,0.04608622496417153,0.02875266716184654,0.05411160252572618,0.02007459115817597,0.025287525119545944,0.013260408360322853,0.0,0.006188502054779886,0.03354310801780414,0.014066255371064752,0.02875266716184654,0.020742301816315187,0.02034119159707251,0.0,0.0,0.0,0.018874054947453173,0.018636512676091493,0.005758501988412447,0.006840616733032965,0.0,0.0,0.021486632652399668,0.006840616733032965,0.00534886606905055,0.006047205068693857,0.011564606370548526,0.0,0.006892047416775643,0.006651012443454453
76561198937925146,0.04588109872501472,0.07966227653687992,0.0638021386259871,0.03432830938822561,0.027316531338300906,0.019626639900536393,0.012999891301886871,0.02130181975889714,0.02109043774766247,0.03316011682061059,0.03822168009756059,0.0256849163543128,0.019861368880006645,0.02012246020058172,0.0337811778118652,0.03408834359703119,0.0066642367184650995,0.006014711579403766,0.0,0.0,0.012629024439680666,0.03972313505604525,0.0,0.0,0.02796605647736224,0.012999891301886871,0.006014711579403766,0.006014711579403766,0.006943694509678693,0.0,0.03353177561828103,0.027522003237722463,0.0,0.0,0.006014711579403766,0.015272690156245132,0.03938474902222271,0.00622463220161212,0.006985179722483106,0.014405487913302449,0.02692283399905918,0.01339857551800795,0.006014711579403766,0.05274093537681336,0.00715933698484497,0.0,0.034379452272887086,0.006985179722483106,0.019764092218134036,0.027394272550403977
76561198950687868,0.03985339496337463,0.06234858233072228,0.03404808148148892,0.04788208412908565,0.004230108798683997,0.03137599383992474,0.03189678581471678,0.022246169701353062,0.049689139876718455,0.018125606268968242,0.07661105731647634,0.03553905171098965,0.030454433530321963,0.03690704910372301,0.01290111740002496,0.03525129305087352,0.038976355001507514,0.0037097276056997884,0.021343519021444227,0.013005580261409836,0.016642029507149655,0.013690519880759798,0.06373695347602655,0.007997638670839066,0.009514945515943944,0.0,0.013537874144227593,0.007995794305726207,0.008495832101722103,0.015703756880305217,0.020322165472400948,0.01916518073404368,0.00898726331344609,0.014261093584019398,0.0,0.011310285524202483,0.01943229811933531,0.009514945515943944,0.0037656855070422107,0.003872193808287527,0.012188580562773754,0.010401849174033641,0.016903955396383216,0.021144071428025213,0.0051016298075941555,0.0,0.009514945515943944,0.0,0.010403380846316791,0.0
76561198954743459,0.04711430898326054,0.06466241610820156,0.0280163736202152,0.08050489182338952,0.01665774252327877,0.02832488465885376,0.030802909067473717,0.0579400474177484,0.05305074244131757,0.02785734575331609,0.024982571405648062,0.011898984530629068,0.003974142731462065,0.05295530417876707,0.01856267788353184,0.04314568932862963,0.01695369492845179,0.004343786541884695,0.017691669245599794,0.0034927803369178326,0.04637988267579863,0.03202269401151018,0.003974142731462065,0.0,0.041705993484548606,0.011374218158789277,0.007836566878802527,0.0,0.0,0.015589735319278932,0.01519302253009156,0.02492960737978701,0.004003140163363136,0.003974142731462065,0.0,0.003974142731462065,0.01110686205299254,0.03605199383543353,0.012497188704561181,0.0,0.021432949319528313,0.022488502983731593,0.00921452860630212,0.010708402573303938,0.0,0.0033745418850845772,0.01565700977907794,0.0033745418850845772,0.010203226069966613,0.0
76561198961057393,0.07322917523135057,0.050171494501195214,0.04507032073256721,0.04298896207661853,0.030648890930808984,0.06367833265868038,0.024087222748632658,0.01939511211098574,0.03888944204317128,0.03864904902251125,0.03855155083212475,0.015153013445228061,0.022813424122005006,0.034122704807830334,0.021653192712826543,0.009555266026718447,0.01943702069769341,0.004081417847442103,0.05011110781257477,0.013895055545546892,0.02492991604085928,0.021388582543862982,0.02206757203703307,0.005028514228766472,0.006156574815592345,0.020142286808615777,0.013997216275529618,0.0,0.0,0.015533596149829847,0.02477524079415805,0.021974825208317034,0.00748797145680093,0.01303599684548572,0.0,0.003664853724655305,0.011845791605544656,0.009511713900934667,0.0,0.007580989304376331,0.014905181542461688,0.010412120163288406,0.01854443985249462,0.021062326214059488,0.02217734264483203,0.005028514228766472,0.0,0.0074117198291465715,0.015154957878076426,0.0
76561198962774260,0.0274953469851392,0.027364643682770636,0.03294945255350755,0.035795512836900904,0.047490121771710324,0.023924300694056655,0.08237543745256172,0.02617843087713731,0.016678492261088834,0.020200873961357564,0.03758241224204136,0.017917712615514454,0.014341514270505059,0.014476957107876023,0.0288207625986621,0.016568610773543494,0.006595855209782888,0.06185367385069754,0.03439056065075435,0.0443965429953805,0.011303443749497044,0.021246622286047175,0.018749499000858268,0.021804223539385176,0.0,0.0,0.011246836764978025,0.025906012426984183,0.001972128432838681,0.044176266998699,0.017287706665498385,0.010858933611964536,0.01146035353620314,0.013130306024996754,0.006937497960664087,0.0,0.015351630460664815,0.004125682828761201,0.0325747621050683,0.014663896994318066,0.009053823515294894,0.009053823515294894,0.02864299052823427,0.015169817295446968,0.0,0.014759479494976416,0.0,0.013347821976420237,0.006937497960664087,0.002841726935252898
76561198963902506,0.04345653005056722,0.04932482813718322,0.007718727371426158,0.0558370820324,0.02748356387487458,0.016600890292739534,0.019228515606660276,0.06805322585904429,0.045388336606279465,0.045235543999628466,0.023159693549117913,0.01874875429172639,0.016085120520460232,0.03790379168720939,0.03556298389257058,0.06899799531275622,0.010562045598344689,0.0027632469894707428,0.019307759015342187,0.013911624050747758,0.023604355891597546,0.01293072973507841,0.016609921637152785,0.016206022898198873,0.05564940215462,0.030073304709064975,0.0,0.0,0.003552138173281335,0.011304597351119583,0.0022627230211455774,0.022594562123157403,0.009189592975841565,0.0,0.00560655926533362,0.0,0.008907378046253715,0.04483656164700275,0.011304597351119583,0.0,0.010701307341239086,0.030069502389602452,0.0,0.010091412649743808,0.013449740324396948,0.0,0.014381119231188346,0.0,0.017792074172030818,0.003552138173281335
76561198964730990,0.044078324096547196,0.06035683909249606,0.04517992532995262,0.07551634627458473,0.0,0.02548688445945057,0.016619080374161904,0.054466521728058985,0.07312817445040498,0.042847322513451164,0.057353311454874836,0.01545203953902946,0.011893395235270136,0.06271127162023665,0.010977415728409712,0.03775824173719496,0.028670577734857056,0.0034953880464234817,0.013240958934507675,0.0074020292956486254,0.04645071389269711,0.014463395768024544,0.025997066998598554,0.007000116796536607,0.01870745488310986,0.0,0.0035753864327610877,0.0034953880464234817,0.0,0.007695337762332927,0.006990460345683222,0.01783593442017202,0.004965879916320937,0.0038813320425191036,0.0,0.0038813320425191036,0.0038075826885999625,0.02135080521875341,0.014111708466524098,0.007850358941395862,0.02830899073931619,0.026836594401080438,0.01573089482332211,0.015284543827706523,0.0,0.0,0.0067637200707988425,0.0,0.00838095382924307,0.0
76561198966274908,0.05233646253696594,0.0641503426932805,0.024428265319446897,0.03725753900139439,0.05204334638786463,0.04747776575612786,0.014760904965563848,0.056951591321568185,0.014145995332308547,0.04979465665047999,0.025823737899015427,0.014935472389051956,0.03856858214219452,0.020789480476731015,0.00845158318366588,0.04164979086633883,0.018116798336471944,0.003542124040564567,0.050047265894320105,0.016534740232922677,0.004677876223992351,0.01288659878265856,0.024769702065832924,0.011746374944675135,0.039184076243003664,0.03703854963724357,0.012874039933143313,0.011258616964726844,0.0,0.006962291771309674,0.002909182925263454,0.004677876223992351,0.0,0.003542124040564567,0.005603171377685311,0.0,0.006945557675553623,0.033988448810404234,0.008167492094187314,0.0,0.004677876223992351,0.02787120722951392,0.0,0.02966305308142577,0.010435751273995273,0.003420167730745107,0.022310483614463954,0.008274330781403024,0.006972249312601098,0.007336455611344661
76561198966998552,0.025002212196308334,0.06581000344548138,0.02274756229848945,0.023713480736768582,0.009378758305580838,0.028973608833539288,0.019738801295045544,0.07371651454531558,0.018898395464210755,0.024632194385315515,0.043036879490633506,0.010933117809522119,0.02980504051117866,0.012275618492410035,0.014603868448673812,0.04492422577326657,0.00682255727836005,0.0,0.011072584124872576,0.008924744948091498,0.026140608612490054,0.013431717759577624,0.05289413020993771,0.005060132387175051,0.0464489551522671,0.008807107242068032,0.009736174226718911,0.0049424946811515835,0.03416524441654322,0.0049424946811515835,0.00953446897395642,0.020463430918625007,0.005508898901751298,0.006377729857183498,0.004644643163072465,0.018462791069019675,0.01110330176269775,0.03723662720899164,0.0,0.023999369503753816,0.023275753741243917,0.029397880637249935,0.016429417847942506,0.01522807521576866,0.0,0.0,0.03475235355640616,0.0,0.023254368882762208,0.018751661007430153
76561198967733216,0.04623636417622048,0.039091262345391835,0.03122616795787541,0.05684254606223318,0.005619187409545861,0.037504756692549115,0.04397723723772546,0.042389153917004554,0.03638914830881475,0.013133514933964306,0.04826764782444887,0.01702629025409233,0.015922633836653342,0.031032425225874516,0.04342658275275795,0.024908845613540672,0.01180766480659512,0.0065415685387387665,0.037303296149697365,0.00978026952460851,0.015697075244567836,0.02993229232867573,0.02713715095457986,0.006064535007110358,0.01592686832226955,0.0,0.01025730305623692,0.0,0.0,0.03541155023394959,0.03588216310028457,0.022144719729963697,0.02666384318036115,0.02125213334818995,0.003715734517498153,0.0,0.0065415685387387665,0.0,0.01664739201390745,0.02132751856267981,0.019008886010678322,0.02250429962066393,0.02319178974455628,0.012206899319155189,0.024866928734398087,0.0,0.0,0.0,0.005192784863202302,0.0
76561198968237390,0.07839713996228671,0.07040990570472189,0.07395592946372721,0.03374381269106255,0.012402905769785531,0.06475869253484823,0.0033836450713648322,0.02231979505154246,0.02888730912333368,0.03298313372881854,0.04408267536141033,0.00646955740162304,0.07110563339198209,0.03374381269106255,0.014338421017296913,0.011741998843009907,0.011986219371183202,0.0,0.02589315649381822,0.0,0.011158389668421363,0.04017739629840502,0.056630074944687955,0.00646955740162304,0.0,0.00555216632014393,0.002738769419112519,0.0,0.0,0.0051413620891545995,0.017499635482661577,0.014310106393161059,0.0036217305197410077,0.005279818486127378,0.0,0.01276750005378269,0.004879809666015568,0.007970569771649566,0.0,0.03009619953540423,0.005471929820426183,0.020655853221915904,0.019795538576139027,0.058397703229241586,0.014821309221291169,0.00555216632014393,0.0,0.00555216632014393,0.00485650356772887,0.0
76561198972795993,0.0732130665145072,0.06618411774528123,0.045151303861772615,0.07019096083450019,0.004915292873687489,0.02477702447673357,0.01843923412973987,0.041830772285160085,0.03950505157826715,0.05734234036294094,0.03475553706788046,0.008009705446756369,0.0,0.04004731775810022,0.06029566373397989,0.04753102368324126,0.02010322682083912,0.0,0.018891424193020208,0.0,0.017630741410830823,0.04498396365501015,0.0,0.0,0.013504881554073275,0.004915292873687489,0.0,0.0,0.0,0.025966736973672275,0.026898097831773205,0.009057072126296905,0.02779791682915146,0.008133949387518314,0.0,0.007497172467444693,0.018738737062328818,0.015521729184468706,0.018150311030741856,0.007771421113201679,0.008995015038003384,0.018992496211918886,0.010505513016385215,0.013217832730722558,0.008218446241617302,0.0,0.008085039423282786,0.0,0.014234570471462305,0.0
76561198974123949,0.04404075466178561,0.061804266855535674,0.025493103536417656,0.0670465210512283,0.023561920791260328,0.014090485403117959,0.014436704658248813,0.035974101438184046,0.03971880932627908,0.03520501670330579,0.022775810661837433,0.010341117284214628,0.0332605559812395,0.04154447513314479,0.014529706804551333,0.03570241010156046,0.028506309714311655,0.0,0.029412950501875958,0.009141183962258964,0.02838018047103995,0.024849305771359093,0.02260279829251996,0.004903545519555292,0.0313457921291668,0.009993419296084704,0.008416761326274913,0.0,0.014174010901108364,0.0,0.020372496089950447,0.020138744697272108,0.009626161284996042,0.009759844814111768,0.0,0.005283035132703122,0.011182088033533998,0.031692705719981645,0.0,0.010505024936680523,0.022990633070227428,0.017506237788641344,0.0,0.02313337524819296,0.004944940694274876,0.015318225483947566,0.02436382925231416,0.004728317435756103,0.022286448935338033,0.01491587310461082
76561198974989829,0.06666852618886572,0.08126595893324169,0.06090638553949921,0.03477480937325239,0.004270802860156779,0.0631003262375647,0.016070333942422292,0.021062699512345025,0.01930372704256944,0.03970164961026673,0.07067949146116527,0.02364970237957429,0.06146370290007248,0.01930372704256944,0.006897500964304575,0.024236093239229414,0.01800872302550554,0.0,0.02597229653893432,0.016880847584962458,0.01880259631455746,0.015407068141708771,0.06815353249512951,0.036098560826307816,0.004382965543438254,0.0,0.005344343388282297,0.004270802860156779,0.0,0.0,0.015882280321220108,0.009521494037967251,0.00464074229951557,0.018778614059218136,0.0,0.004525719632518998,0.008767590327482679,0.008653768403595033,0.0,0.005140985744795918,0.004619463920006313,0.009145183552525313,0.010556527811864388,0.052137920126398625,0.00464074229951557,0.0,0.004382965543438254,0.0,0.011928827973855175,0.0
76561198975067132,0.03796723922617719,0.028669249719483283,0.01608534996323697,0.0537459774963079,0.05289225380636116,0.05770555903024054,0.05715491642707785,0.027411356259402882,0.055498746289062754,0.02772158959294809,0.021950524545557765,0.0,0.014738311812365892,0.051331358242249873,0.018419266139911607,0.01644675217623597,0.015999885279478526,0.02068851322523388,0.04369706698909612,0.01344510214886666,0.014540002171826417,0.02172436172721161,0.01521575886663172,0.0,0.014080609476428738,0.03351620549666614,0.017505276730553375,0.01631326260693796,0.0,0.04157665816534027,0.011722969786831641,0.02051447294897654,0.004352504841382709,0.0,0.009647112367479999,0.02000401426795837,0.00474471997546674,0.01567975854353833,0.016287895036215427,0.0,0.0071781178693231945,0.035372918887110534,0.0,0.007907214734429891,0.011497546824816943,0.013750347390107437,0.0,0.015299252915471148,0.0,0.0
76561198975990427,0.051535414489265706,0.030542120253558593,0.013829867831764223,0.019777401003384477,0.07066154779291099,0.06837702327029944,0.02497199794088529,0.038161624098316,0.04026520112978589,0.024036797808882373,0.02236986730475151,0.024990366173905303,0.01513915094752716,0.0056784045038689775,0.04842582376366806,0.06053149140306751,0.01060774720983909,0.0,0.08106247303862439,0.0252577887608364,0.0056784045038689775,0.04568480247469989,0.0,0.012750361443626068,0.02310962418662607,0.051115365908563776,0.026291145465696625,0.007038754567136888,0.0,0.0,0.03406803599332415,0.02136320607747615,0.009179479128930952,0.005344556426471235,0.0,0.006664758954998158,0.0,0.01724568454425504,0.0,0.0,0.0056784045038689775,0.010783457012955579,0.0,0.0,0.018980550588590345,0.005688229839254539,0.00491951737058455,0.0,0.012193552283930759,0.0
76561198976541186,0.05951773207478776,0.032945738481018214,0.07052218435905173,0.010677212094071022,0.06882513468262341,0.044484520410229975,0.04268128593520249,0.026922348834601095,0.0,0.05587689566521246,0.0,0.00392057419693281,0.01105687236570412,0.0030879197347299845,0.039357146656220414,0.017277916320893136,0.016261916820486045,0.020840798032710793,0.024161343683797083,0.04765028035845614,0.009569425793695808,0.007239159446750055,0.006830890472415318,0.03541427162026655,0.015708936029659514,0.05490034365710591,0.007177455273959472,0.015342303630396025,0.007768498821305419,0.008852487354311765,0.00937407599959934,0.0,0.03813817375099109,0.02082941584883444,0.014876352515335235,0.0,0.0071489264266448894,0.020920264173471065,0.0032650520317831695,0.042055878601489585,0.0,0.0,0.018218807209096986,0.009432669542932936,0.02147803195054511,0.006649151034698991,0.004653556942898994,0.011697349749019923,0.0032695093349002407,0.003121192081163376
76561198976557185,0.06602539705416383,0.06405779704889798,0.015581527683513641,0.06298766178733518,0.008971315303832264,0.023787770446237564,0.03397107373450527,0.06432868141704594,0.05100039539963815,0.038071399896084684,0.04209384178330527,0.009068144225508923,0.0036964235267911436,0.03324686188580088,0.03813464200406921,0.03583472786740433,0.012001557259725869,0.0,0.015601172240936254,0.005145413930438993,0.03996292051199894,0.022410370704280064,0.007243640658672763,0.010629206643085745,0.034284447173339186,0.012667738830623408,0.00416746965317958,0.004343639641726193,0.007863893179970723,0.0350977539027207,0.019428649494048864,0.02330909770405064,0.01801263069352645,0.003656942532330264,0.007863893179970723,0.0,0.0071851527397773845,0.023400837123558473,0.011120230859221343,0.0,0.020923205758077688,0.024781576573691396,0.013815334490188142,0.0036628426566198908,0.0040677739121243355,0.0,0.011945646657587933,0.0,0.0045493002303936565,0.0
76561198981659881,0.04245910441896885,0.06247795440335456,0.013843578847887146,0.08900659712130873,0.0048732812122234985,0.014613126847262797,0.04354905624188618,0.048465244751707055,0.04091487496164836,0.03874050557430112,0.039776034983463916,0.015840811464811748,0.004769452041567039,0.041268470580724005,0.019352062178600384,0.03881430553206845,0.0235775262058163,0.0,0.017249088450458833,0.004846734455557638,0.044908963675456985,0.02300575260294479,0.027661313504864483,0.018308196353798354,0.014395239795464523,0.0048732812122234985,0.008418149929650872,0.0,0.004062625039365152,0.019660307835457032,0.02300575260294479,0.0253425209308721,0.019939620977172168,0.004769452041567039,0.008606463213875959,0.004769452041567039,0.0101302369897471,0.019144929706031665,0.020139173902234218,0.0,0.01728426449152712,0.019526678735938174,0.010031374210035198,0.009683521392332998,0.003940892996533131,0.004543838174510807,0.004602076272194535,0.0,0.024808111098073553,0.0
76561198982027831,0.04267803464754102,0.0709499746292682,0.003110536957341251,0.0600434555632607,0.03387195244698958,0.027890235880400786,0.052720450401738485,0.03966933338538747,0.040471443524475584,0.0236028763246702,0.023065347632568383,0.0069628079178587765,0.008719433161179662,0.043408912513399026,0.013219217045380604,0.04994448994292688,0.008462554660980054,0.01215251644393286,0.030741382369880943,0.02523969586539272,0.029249031471749846,0.01916553306243484,0.01782825127595962,0.021838813113169788,0.0201883327477014,0.015501867418373937,0.0141438888528992,0.015599303347758404,0.0,0.01961718303758506,0.028846898801463114,0.030251553274551653,0.003069897490315118,0.013785287296304096,0.008912191911469622,0.005087751132991162,0.0,0.03100380942283699,0.010836038497837536,0.0,0.021973858299279527,0.01241192079289056,0.008153359752971009,0.004058064544608708,0.0,0.008096201046874432,0.009347833945898413,0.0,0.014108478147502768,0.0
76561198984355584,0.054017937859438876,0.06922263241064149,0.04136417248721881,0.03920677607679736,0.013282557877438485,0.04390456821131921,0.006244727099054124,0.040300868640104445,0.015141970541051295,0.029346938003152117,0.049357779687827695,0.023349427978513523,0.03909718079653971,0.01934860921882293,0.018470448867944723,0.043996749218326595,0.02038050878218048,0.0,0.03956578700108215,0.013220657655491476,0.009102823340338318,0.023870443150506886,0.036262693324844414,0.02776461460643627,0.023557176666746324,0.009090705122221234,0.009265703597377948,0.004888480681101255,0.005798058925948146,0.0097924086919255,0.025116543392046296,0.012764518202714516,0.005516805276506927,0.009334113158309083,0.0,0.0,0.004676981396588734,0.01914384027145567,0.0,0.013894720744467164,0.01231785002960854,0.010211395321238801,0.02388979492257233,0.03861658212941116,0.00964511022233262,0.0,0.014466471544525088,0.0,0.022191866867831266,0.0
76561198985222961,0.048996060633712445,0.05993546001758245,0.01820764736668676,0.05346208841029559,0.02444441741722235,0.03406063879317151,0.02608511421964317,0.03878942305989921,0.03946235608690215,0.039600840888853635,0.030399372706017863,0.004708143809962543,0.02576951165515347,0.034850138456349496,0.03282633636075655,0.0560253524567434,0.0173938427504888,0.0048673435574010885,0.02671851728362583,0.02374796359526933,0.012697146024285453,0.01850129376528753,0.03362614186080645,0.017963840896168967,0.028673292289500812,0.01935880382160944,0.0048673435574010885,0.0,0.004183460388484542,0.0048673435574010885,0.01794341589721291,0.024550559690178695,0.004655977349130486,0.0,0.004844604865824524,0.0048673435574010885,0.018370327399814312,0.0249685124536601,0.0,0.004612380807549259,0.011713039136636821,0.02135792522174275,0.00468637744729693,0.025537162275273226,0.009029906417733479,0.0,0.01401472728432957,0.0,0.023758504509532874,0.0
76561198986771778,0.06272665007922851,0.06688345899721576,0.0660646778721369,0.06359132961287865,0.0,0.04364553655142577,0.016347892436473083,0.029063226906998484,0.06717273203632178,0.006659997977332228,0.055425352787446085,0.0049949874552421515,0.008280970499929624,0.06742010154133066,0.024961078209338666,0.01647332952788896,0.006091061171279106,0.013667861259922653,0.015281332688481706,0.006435933640722091,0.04187720267945929,0.05745199400814819,0.0,0.011451156958841368,0.0,0.0,0.006659997977332228,0.0,0.006659997977332228,0.0,0.035743799321093624,0.04692828826629728,0.006225459438622605,0.0,0.006659997977332228,0.011106284489398384,0.016050710756174553,0.0,0.006091061171279106,0.0,0.02381214750743706,0.023017168518973764,0.013207351463158677,0.014489594458644487,0.0,0.0,0.0,0.0,0.031380275778882104,0.0
76561198986772742,0.049533361430793586,0.05093156117960116,0.027860498424817904,0.06514643936921576,0.004137321739508285,0.02003190125691037,0.02963026330949063,0.02588176820808633,0.024481590732839016,0.04819665665973121,0.009838611355041764,0.02113237929534835,0.022057526762809587,0.020429014497148273,0.052969722384070834,0.03627047128694364,0.01012752338021267,0.01630781972888702,0.012545118479450067,0.015872733150171795,0.029065125792556813,0.03054648531121642,0.03924042305978464,0.004048408063639044,0.025152982080578364,0.004137321739508285,0.01233053630870641,0.008032472817299088,0.011082227088945141,0.022665501442404666,0.02214008470133848,0.006124755095069405,0.030583379609092232,0.011558961006092884,0.015219548828453427,0.0,0.007065808395320573,0.02390532467700301,0.014650894223808011,0.013289852018902844,0.0,0.011063695054273834,0.009234201920679145,0.012035698851364632,0.028553086558984243,0.0,0.010698910431711802,0.0,0.03048909369882396,0.0037029385933644208
76561198988021642,0.04510285846282197,0.04724349688002169,0.007167169998842382,0.06399457303021003,0.019344173691829145,0.022660243516097228,0.05194367713573115,0.06504911277156869,0.028690986742626236,0.028169646741338223,0.01914988938493142,0.03072954457075406,0.0031387919451280623,0.028690986742626236,0.017099630028740924,0.017247003167689515,0.0,0.008251988481644846,0.014800455763569134,0.013481164323821931,0.06947443773907928,0.017099630028740924,0.02189596536860583,0.0,0.04292799431803181,0.008124061496737271,0.03449947917507014,0.015472523329228655,0.027963876828702505,0.016050137899490516,0.01041005332823345,0.023014174368584803,0.019327203034139408,0.006168200429662638,0.016127417192787475,0.003041804601035529,0.004780062358299467,0.003647772099471946,0.027701235377513164,0.0,0.018309012894607662,0.04644214175469989,0.0,0.004787052451711824,0.0,0.012548785472588761,0.0,0.004787052451711824,0.0,0.013444532621272424
76561198989511606,0.059452369183800986,0.05911826017172379,0.04095497054065162,0.04586428085839756,0.029614634383572626,0.04197180960366005,0.04424409195235716,0.05137987212118204,0.030286116485212455,0.021909874362534068,0.03007354297033728,0.017625835899592417,0.007178562697577862,0.03643279506013625,0.010708852287534504,0.03296987960728472,0.03739624406804021,0.02401826211995554,0.025884497458816637,0.016295812102671076,0.02303339923873638,0.004052350037232067,0.014478165055773684,0.0,0.026029904962656208,0.014270677206825687,0.027350116232266842,0.004544825431576427,0.010625651435490475,0.014279374466205452,0.007899673086170272,0.009928756746622027,0.0038240165567666722,0.007346355253501545,0.007398038262957313,0.006861529238596301,0.025727902380637838,0.0187953294849612,0.011329254279570506,0.011942203169327646,0.009928756746622027,0.025285996171289765,0.003550054688813015,0.013668309844032984,0.007516669276021728,0.0,0.0069007698663862025,0.0,0.016691832709935833,0.0033595242359851455
76561198992122481,0.03528843920049204,0.048613428041897305,0.00856822358338537,0.09167281584501782,0.0027368316802991346,0.013537638923473918,0.03328828579332025,0.05581718014922638,0.08745490923722853,0.02146929579046762,0.016976290057891048,0.002373654782862576,0.0,0.08627120855188851,0.009000916968325058,0.026110430497615324,0.008050459676655686,0.007711005232370431,0.014402712237050376,0.0024598363267076557,0.07560604898374047,0.0,0.011164049350602705,0.0024598363267076557,0.029256487494491813,0.0,0.01915577493261047,0.006330881711613207,0.015958972311455932,0.014945384277048696,0.0,0.048782223252491604,0.005570457404017108,0.00229857127596788,0.007224238644455015,0.006218900490526355,0.00229857127596788,0.01882243532331096,0.027217111955594314,0.0027368316802991346,0.0468610518416902,0.058775243716293814,0.0,0.0,0.0,0.004671535307196343,0.006460433624858208,0.0,0.013007741460022714,0.002373654782862576
76561198993588247,0.04299463430043589,0.06204962283445774,0.016875170107138404,0.07500290495793449,0.013379500832435935,0.024000348691682903,0.030439321723591903,0.07106776219573258,0.050315498280452134,0.028921881086358125,0.008549659860877077,0.0068787468109092155,0.002120458330973447,0.06361964755162125,0.030327651845276943,0.037983745485291216,0.0027093168728091963,0.0026178836195213306,0.01338882327518811,0.017840335610052844,0.03226729961662657,0.01481694021943161,0.012750780328135482,0.015412917513318322,0.03415109054491349,0.004850737635504076,0.0,0.01037374837749142,0.016181408723336763,0.00721180151304127,0.008712768329545598,0.03571853888286728,0.014450130698487964,0.003030086179957164,0.0,0.0032516612775691438,0.005359076567355167,0.02436120310332778,0.00478438341630675,0.006429674838761775,0.05095161978108687,0.03320135895229733,0.011520060489531253,0.0,0.006440180940983051,0.0,0.017342891257239004,0.002427418096734521,0.02291930844340964,0.0
76561198993810829,0.0,0.0,0.0,0.0,0.0,0.0,0.0,0.0,0.0,0.0,0.0,0.0,0.0,0.0,0.0,0.0,0.0,0.0,0.0,0.0,0.0,0.0,0.0,0.0,0.0,0.0,0.0,0.0,0.0,0.0,0.0,0.0,0.0,0.0,0.0,0.0,0.0,0.0,0.0,0.0,0.0,0.0,0.0,0.0,0.0,0.0,0.0,0.0,0.0,0.0
76561198995117447,0.042983404492657806,0.04433171082443339,0.026160935335116323,0.056439999448099826,0.027767904868925646,0.02491776515259004,0.03516273682885992,0.06850029475758787,0.04344270472841883,0.027109871857313377,0.03183665878905857,0.0169778126454777,0.008387064295672887,0.040428407288188854,0.020799902134350432,0.03426616374033058,0.03370141001145656,0.007500589597449272,0.00941808782505866,0.007524527871713046,0.04747468222262927,0.021525075560627875,0.02572869180523821,0.0,0.027626877083271908,0.007343513813759954,0.015435241932474577,0.0044600921224803615,0.016612365722082596,0.008722646174004395,0.013490837134675098,0.023590486644893348,0.013490837134675098,0.0039269721731925245,0.0030809597622359196,0.0039269721731925245,0.0030142974402299835,0.007486409586473698,0.03478071742708604,0.0,0.018709243308253756,0.03778113037941942,0.004900239655553157,0.00909991694179143,0.007309064999675334,0.0,0.012270191513889507,0.0,0.01354108277310005,0.007013502022334307
76561198995486953,0.04390555885899718,0.03383547210440732,0.02808462400784289,0.07066578887953795,0.013955952552025202,0.018445783397084272,0.07722453274133027,0.03082799228539901,0.024121175986887098,0.02318525742083434,0.020724132123336396,0.026552668237231694,0.01639213176482573,0.03542173575278596,0.06274702323499794,0.03571307884161789,0.015403599892305747,0.02258305313030579,0.01722336791277493,0.03364267815832172,0.026065496686495795,0.03275892018532435,0.00805378926685518,0.016583785455952394,0.00805378926685518,0.00506958264385574,0.03460441546778464,0.011777364586773191,0.0,0.027052191304311135,0.019811205762224574,0.008263764811493938,0.02101440267031678,0.006927802078003575,0.013378479088680995,0.004281239437195336,0.02516059341664821,0.004237085875770614,0.008628106079513006,0.005786330734137179,0.003734261503713837,0.008015500940909174,0.013655727144771784,0.0044059484001583524,0.015415979631866505,0.004226956186569763,0.0,0.0,0.012381674090969285,0.0
76561198999705859,0.037720871992379564,0.045001267975849496,0.013802982112520465,0.07337345894080485,0.021690701851959884,0.008322907250681764,0.03589294483902897,0.05131559257547761,0.0557900988666148,0.02829340127352875,0.01826326614694451,0.02107658233817791,0.0,0.05584216725860157,0.04155183468292206,0.04348665079409099,0.027324568358554308,0.0065085539737046085,0.029408194934480627,0.01162823187108765,0.044662947414153185,0.022679202885472257,0.014120700417887487,0.002617477191896664,0.02248198378966191,0.0074210514599312,0.004433257459978891,0.008789738621111915,0.0,0.018017791487139192,0.018206189514931196,0.03154413417684617,0.00979221210603279,0.010659551024949464,0.004577497219212092,0.0,0.010071804558572803,0.03434532362942726,0.022894138421325098,0.003745410031469674,0.025693420771274914,0.02337992584036447,0.005983477347470306,0.003592497489723651,0.0028000748583416396,0.007312427284752455,0.005857732010960504,0.0,0.003592497489723651,0.004433257459978891
76561199002493106,0.06553507610258416,0.0733638876489115,0.053873622853883696,0.047083843977024774,0.014834635070702871,0.051318553810451334,0.03036604806931933,0.04823472048039985,0.041101200326822476,0.03374262264181891,0.03225249579470107,0.004317647450325897,0.01171518864935419,0.03887874431577279,0.03462623641888916,0.037689178133437896,0.02556537857944045,0.011732776631065419,0.008007849285065493,0.006561790331091247,0.02027948124791673,0.017938406779186518,0.017060192512449716,0.00469335892158401,0.020813917474769763,0.01014127614911886,0.015342931471868975,0.0074731659487648075,0.012112922792053225,0.020529011358931093,0.009232926670579449,0.007359923762625483,0.018324222901519274,0.025002847014783638,0.008519201151755683,0.021997829903191976,0.004317647450325897,0.015030444087289334,0.011050762023167297,0.00902985902091412,0.0032165209124161405,0.024607008893583002,0.009575119363730402,0.004143402850209342,0.004336500099330111,0.0,0.003577673998034898,0.0,0.0,0.0034919486688377984
76561199003329860,0.026773161651657485,0.04256785044240319,0.03165762660451564,0.07112895905993828,0.010944393220764658,0.010792392599363243,0.025189855587091175,0.029545865833665058,0.04429273380779546,0.015048267875440847,0.017240910704147898,0.06954645528133731,0.010634624151520864,0.05044789646024075,0.02027881135604397,0.03709035200586655,0.01129885152116332,0.0,0.025108038850571817,0.00883954788444453,0.10554196550407068,0.016182160883326913,0.06969535170670903,0.02065182512740383,0.010180729545727102,0.0,0.007334277599238107,0.004477999643721191,0.04328405212472313,0.0,0.010194345814089177,0.040842959707150815,0.004477999643721191,0.004477999643721191,0.0,0.0,0.010696668233140088,0.010180729545727102,0.007334277599238107,0.010570817015665871,0.019060274356380108,0.012715436488354676,0.010570817015665871,0.011896099070325204,0.0,0.005051456181483325,0.0,0.0,0.006155162652445286,0.0
76561199003463982,0.0,0.0,0.0,0.0,0.0,0.0,0.0,0.0,0.0,0.0,0.0,0.0,0.0,0.0,0.0,0.0,0.0,0.0,0.0,0.0,0.0,0.0,0.0,0.0,0.0,0.0,0.0,0.0,0.0,0.0,0.0,0.0,0.0,0.0,0.0,0.0,0.0,0.0,0.0,0.0,0.0,0.0,0.0,0.0,0.0,0.0,0.0,0.0,0.0,0.0
76561199003732668,0.06434682992021558,0.082422221512082,0.06886166269644146,0.030256113304650865,0.02019259146143991,0.0652881548349303,0.009064174897780204,0.04271340133442074,0.023244984462584214,0.02909185024930213,0.04918493814013297,0.015110958650114486,0.016519464013395643,0.022061094980729896,0.01600228649003995,0.03168101232794181,0.03228658351903807,0.010316007552259138,0.015648036083448898,0.009436048376909504,0.01566337117872753,0.01584670326247192,0.0,0.018726924625890935,0.016326238696379402,0.012626230992542458,0.006245688313878538,0.005823389087173563,0.016618807502134195,0.0,0.009587058569582457,0.007566360468897451,0.005496002962383876,0.015512478177374141,0.012969630972820723,0.013061722505810858,0.038384393738793654,0.011560086608704107,0.0,0.01058954117484886,0.005606967100580362,0.01176142010555919,0.02223958198860328,0.022970764706660828,0.004766152087675297,0.0,0.022775623606915034,0.0,0.005606967100580362,0.01793947965715311
76561199006086136,0.0597802187334887,0.06662298267199275,0.0078827699757413,0.03280224246020322,0.01613598377663968,0.023424247922104936,0.02973622274331733,0.08719712677109152,0.020923830532224158,0.01714899158209399,0.022197107206954166,0.018536181867793076,0.012551244809609164,0.01420425700657859,0.00826323343763554,0.022288534135439363,0.014131094965311237,0.00899818069127537,0.011058869976983481,0.016306424122572973,0.06454694825611348,0.0,0.016641273247820533,0.0031286059783019607,0.051676868099779415,0.003749790975398051,0.04624880743533958,0.02254995592192907,0.06101850310830088,0.0,0.0035365399907245684,0.022426337822926797,0.013131008005390021,0.0031286059783019607,0.031080998293187116,0.003474149802513454,0.0,0.009577587128180002,0.011943804548227284,0.0,0.010747504863218613,0.042334127479256745,0.007076029980472805,0.0,0.005162052352295615,0.006073225931194867,0.010984211429815637,0.0,0.003042630804899116,0.03653068717736188
76561199008988100,0.03504841907504081,0.004180625307284993,0.016023235713224143,0.06462061974923236,0.035974847782750216,0.02908706751851126,0.06226985591625208,0.030018684027470918,0.057039868076740184,0.02152473180973136,0.0,0.013575894141388954,0.004461003860641827,0.05578338598035412,0.028268579893643984,0.01939942128167234,0.022696366578393825,0.009965710695590591,0.016887285375917774,0.03260087656893784,0.01756828539726911,0.01939936837173936,0.008381918128417173,0.015365759125241841,0.019924116175092897,0.02540075806585744,0.021863147355655574,0.0,0.0,0.04116547236933498,0.015185821795109458,0.031497920991050726,0.020159502398035264,0.009117444823363883,0.004461003860641827,0.02061484955173757,0.009378838614036057,0.011809974343912946,0.044614157522471685,0.012869169414874803,0.012775517209217494,0.044403004545435366,0.0,0.0,0.0025859885072264037,0.012046940158278946,0.0,0.019984561923219582,0.0,0.0
76561199010475789,0.05118939261300888,0.034852787194150095,0.015202352518845818,0.05132406563934047,0.028344317554514404,0.04592865451303746,0.05489255737987423,0.020793032703008384,0.05841837272861145,0.004165681516398859,0.027311140508941904,0.0236746929881716,0.004319786556282384,0.04573597365839105,0.03386829655907213,0.029176989668028026,0.012110307203788155,0.011558594139038671,0.05911496679877825,0.01576694538742036,0.02465502030263947,0.02597792680337704,0.00954005132825519,0.004208351248381691,0.0038600687521133823,0.010893257759293153,0.02040307492697518,0.014213117493091435,0.0038600687521133823,0.03365948658360856,0.007892200985362778,0.021842673452820496,0.02969233678855076,0.017992745906010126,0.0038600687521133823,0.011115279812729265,0.00837403276478055,0.004459387959097376,0.011098705632444018,0.0,0.01595794533167053,0.015492599328540782,0.009633049194884398,0.0,0.0177064365351233,0.008107260620899335,0.0038600687521133823,0.025159756180256284,0.005884728121149967,0.002851392102902067
76561199010548373,0.07186509568992915,0.04247540318419708,0.04995417249148761,0.04184063942334387,0.02051304102585078,0.05809652870634985,0.027478347693298707,0.045285168740013246,0.00797610935260103,0.030373474419266317,0.034713995072144545,0.024353532095311495,0.0034229460294769648,0.018456025800993574,0.042355859496971376,0.013500188655841577,0.03098121807683404,0.022136968490280035,0.04159819019152993,0.022305647340765046,0.011252406891543398,0.0038867428371977954,0.03484570731078222,0.038300464569171064,0.010930180642566038,0.01941818378098581,0.0051085740472312105,0.011315263043953824,0.0,0.006770725728688365,0.002099667499648038,0.0028711003724784675,0.005948194109293396,0.011310826016710466,0.018516095951504854,0.010698304909739513,0.023470946751804635,0.019437589102195604,0.012409187704765302,0.0015965220789636466,0.0016888629864687174,0.007676981110937284,0.02001842590829998,0.007028280147722225,0.006720394738888597,0.040696997578619214,0.008507408459629566,0.005384014110860133,0.002409399632864495,0.0
76561199011315469,0.05517314805156176,0.06043714327547672,0.0,0.05521874950582918,0.04004092545684996,0.03282757390077697,0.030089360977889848,0.05896555517198909,0.012376108860198548,0.024636257727918127,0.017006135069465616,0.022641636894009692,0.007830859702493398,0.017023593023203703,0.00756583959450108,0.01923397174869276,0.006654374302322995,0.013314721394594534,0.02150746166273303,0.022505596949195752,0.05425739896247498,0.0027088541052574374,0.006010440857347424,0.01222348369757602,0.03806130745415993,0.017504594236360835,0.0479621194612342,0.019888672891022093,0.04869153375547965,0.010106515433771642,0.0,0.010147982015839831,0.011123971887566498,0.0,0.041159588915580476,0.0,0.0031732155994184568,0.023426590516472064,0.012572216474997714,0.0027088541052574374,0.0068914120982225,0.044985270962065574,0.0031833755394882397,0.0,0.0,0.01803040213506999,0.013135956071325325,0.0018713994193638305,0.003256569917617331,0.02186926021732786
76561199013537219,0.026280260654115633,0.03552979667056382,0.03424530296851623,0.04211868518020508,0.03219352147134878,0.05194838419345688,0.043630167988868325,0.044456965612302154,0.03831069657239219,0.022073892256579516,0.011206638096359153,0.013835476993951778,0.01441767889131174,0.03382421352120693,0.01278095471018341,0.026497274976189335,0.011548187780862862,0.0045129570223503375,0.03697516240109729,0.01982823168209541,0.031292259500136456,0.008952713819122026,0.027895474777278478,0.04799152421088501,0.026912957936855806,0.02065976144825153,0.0045297507086071295,0.021485001525509702,0.011947159901095832,0.010206920434841888,0.02479222514775043,0.044456066478778686,0.00960415191799338,0.02299563917662277,0.004469772210751754,0.0,0.0,0.007656213365267777,0.0045129570223503375,0.007697523846137842,0.037394361749101074,0.03287615334750105,0.005117668866808122,0.006720155045173896,0.005014304381258435,0.005117668866808122,0.004478706981274255,0.0,0.004478706981274255,0.0045297507086071295
76561199015330455,0.04310347384644847,0.03363866884325667,0.02566959476359836,0.07913260015467077,0.007708066187363854,0.03356568196495089,0.040698712621563195,0.017332345859668828,0.06462800955858365,0.022285332488722356,0.03452089836858716,0.04067648943772467,0.01682211595045042,0.05987120497459955,0.01657313383286297,0.02223833811589967,0.03199543327383096,0.008348528826183471,0.045804933856887574,0.0063926137727970895,0.02852141906752321,0.0035917242421993675,0.045688923561084664,0.01848185043940348,0.004778554985147421,0.0,0.016719640714360398,0.007708066187363854,0.0,0.004778554985147421,0.017423603302248115,0.02247383699038541,0.017888586247429734,0.004756804583984103,0.0,0.0,0.011345600401850618,0.0,0.008955909732077478,0.007810541423453872,0.013404332233721413,0.015324503095228703,0.02683523745788246,0.01383187906004875,0.00841202877525157,0.02595847995569456,0.0,0.0,0.024303745859862873,0.0
76561199016522989,0.06623927573000722,0.07512012259320545,0.03438069863760886,0.07679539095866293,0.0032605392005410293,0.02826081877844094,0.012420760731789578,0.038618580703697246,0.03459260273682329,0.033525111626521865,0.04953277326755617,0.01818610552109072,0.010637691326295745,0.033987584540475554,0.02281989668405104,0.028884023639344728,0.013980479325672148,0.0,0.04306801349311948,0.0032035745463375002,0.04843398762419039,0.029909592786740945,0.02650697874410225,0.006610320722344011,0.021075127797211667,0.0032943779367657897,0.01713525833767561,0.0,0.015758742053069246,0.009217186185452076,0.02824296460364171,0.008878322117121942,0.008045780114438236,0.0,0.005193739223961816,0.007862137914911992,0.0038793512278081335,0.014416136023470966,0.014374155660003116,0.005382195546219958,0.00559217248922838,0.029924659302683215,0.007864301874913913,0.023088891354320268,0.00899766484681116,0.005550403627835139,0.007861218886164147,0.0,0.009390288957672242,0.0
76561199016903214,0.0,0.0,0.0,0.0,0.0,0.0,0.0,0.0,0.0,0.0,0.0,0.0,0.0,0.0,0.0,0.0,0.0,0.0,0.0,0.0,0.0,0.0,0.0,0.0,0.0,0.0,0.0,0.0,0.0,0.0,0.0,0.0,0.0,0.0,0.0,0.0,0.0,0.0,0.0,0.0,0.0,0.0,0.0,0.0,0.0,0.0,0.0,0.0,0.0,0.0
76561199017224533,0.048694086225059954,0.038309295172612064,0.04924684364342411,0.024184952860780606,0.006314169724546599,0.06050530678029634,0.010538551991604434,0.0,0.041455123781647105,0.026630421182464645,0.07716742228249777,0.02429925939889126,0.030021253170920283,0.018428654789428234,0.03823380896516562,0.02314242836758629,0.013391974000176575,0.004723676190604407,0.042201532714843344,0.00510553156380714,0.015545079832356347,0.05168071908897275,0.027568265351007776,0.04338217479818699,0.0,0.0,0.012130852188078361,0.019390891940672755,0.0,0.0054330204277972935,0.040067269005841614,0.018426848126896496,0.004723676190604407,0.01534294116721384,0.0,0.012213326887539372,0.022245671600340446,0.004590895882632124,0.006639994323573726,0.01047997426195678,0.007007146838542758,0.007007146838542758,0.01134364467386007,0.031881884021867625,0.01741676695495164,0.0,0.0,0.0054330204277972935,0.027454496364410098,0.0
76561199017665090,0.05227452755102155,0.050951850763742715,0.030074345829169336,0.07126645860828527,0.025149712945512038,0.025296093770177754,0.020250108300548953,0.042506198314873386,0.04475779761344875,0.04000457230768014,0.027791647057222594,0.009641910361647701,0.006292577679133898,0.05089378091371391,0.031443507432696846,0.04818982575168651,0.010730036419290412,0.0,0.044548065766205465,0.00994731968341572,0.04565742900724997,0.02793501423058222,0.010629113804286416,0.004479660056834375,0.0266177669654105,0.004929083796846299,0.0,0.0,0.0,0.02214184722186433,0.006645213931750559,0.031340805984409886,0.02206058231385317,0.005108286123588979,0.0,0.004479660056834375,0.0044374587401565125,0.024581722217265466,0.006526508990712217,0.009275336383947418,0.026640716014930295,0.018469033354197754,0.02199398801851259,0.0047782520589915835,0.0046853319628122015,0.0,0.004763851709584252,0.0,0.01981299998590572,0.0
76561199019851662,0.04406889177033586,0.042903338825073044,0.018279814743277414,0.10553575891259179,0.0,0.03377901196904673,0.019401339858359484,0.024950061631082234,0.09046312892471359,0.007872223152293682,0.023117517531176048,0.011067965792048643,0.0,0.08644471538045974,0.026167060102165646,0.014377692231183143,0.01934062606056569,0.0,0.029274952818184354,0.0,0.08052819756245062,0.04064625810510084,0.0044876259845991525,0.0,0.0,0.0,0.005325088699315401,0.0,0.0,0.0,0.04352046262513083,0.06445631214521202,0.01069177142687655,0.0,0.0,0.009820064346625365,0.0,0.005608708810934641,0.016986887129361625,0.0,0.05102273239741203,0.03214366815715412,0.0,0.004573510405623576,0.004641912447625642,0.013968699333603547,0.0,0.0,0.014534000720416877,0.0
76561199021482467,0.05311831118691013,0.06674768759636354,0.018740014762997543,0.07802643667936193,0.026138602805903244,0.023371157066756344,0.03327564589975998,0.05929754454145669,0.03566825130877778,0.04448478545196216,0.014126868535154715,0.012436389149546041,0.003062230524560327,0.05285074604692647,0.028987493977135147,0.054209889657889906,0.030063316164675447,0.0071870663080876,0.029692432580522093,0.003234281146356111,0.01837418369078693,0.0063626036500875165,0.016748601292925044,0.008993009609721233,0.03973708171442682,0.014636987857981123,0.0032636961212863303,0.013586452262356491,0.004135052080394094,0.018640980779363304,0.0032636961212863303,0.017853487032342966,0.01673165713539521,0.003062230524560327,0.006192162222638566,0.003062230524560327,0.011929416364673269,0.037951317031812516,0.0029594182926851,0.0,0.008632574508868365,0.018319564454309146,0.0,0.0039949612635509675,0.008257283754936035,0.002947044849097689,0.011791116922659462,0.0030989075288011866,0.01662007893699629,0.004135052080394094
76561199023588691,0.03462788266295742,0.050299660200128576,0.0066241371226443265,0.06281537390572968,0.03290803712839482,0.01921880206289148,0.04377480446093199,0.059314109050796884,0.034592016920515105,0.0323529772271511,0.017975894313011817,0.019246091601146143,0.015403479155746492,0.030970600192884494,0.0278300234783725,0.043063342207740586,0.014898209775862169,0.006404212236611843,0.017587554704734373,0.0033923903611811908,0.01734455882163299,0.01958704568279499,0.007345361110258351,0.0069042020068641775,0.03898017071781552,0.02476026365434171,0.010372688393760501,0.003733045863044675,0.009213707907867576,0.03958078137420166,0.01666630733951235,0.030554087189303022,0.02035791762487393,0.0,0.0069631319341614565,0.016894543785141908,0.00865430706479825,0.03333301143453491,0.021179365895144773,0.00446028397806792,0.015427667199478674,0.03801009322094445,0.0036214167276306104,0.008193329841112595,0.003401314779734694,0.0,0.002848197824549324,0.0,0.015465402034446834,0.002848197824549324
76561199024416168,0.049182644938999424,0.03786746840069602,0.0387753023564958,0.05249599129630892,0.04340718188980916,0.055692422044489036,0.03940527978314299,0.0337998010665873,0.05333237466641166,0.021382339282561207,0.03136977842223765,0.009114793534708038,0.004243126331202519,0.046269268513456585,0.03164362453944845,0.02655618924596135,0.017201032283942035,0.0,0.04382996208227864,0.012474716181229402,0.01750766670464669,0.028328503327860233,0.012937589172434177,0.0,0.014188066445196093,0.029350370112166305,0.008848645548034939,0.022059596157261843,0.004312434589692169,0.022511611930686334,0.007612590441586934,0.03404505434851292,0.012683454662675928,0.0,0.003662105824837228,0.0,0.003662105824837228,0.017239262564239754,0.003805430486781459,0.007767139494184426,0.00926017607829805,0.01870992233175149,0.010668782922419517,0.00865807354301939,0.020917758305015032,0.008628034629527511,0.0,0.015864945892859274,0.004414947211816872,0.004312434589692169
76561199025426416,0.03094276992886592,0.0732681725772901,0.007772592534014543,0.06436608929505125,0.026771345306019184,0.020694270392426845,0.01706665048697356,0.05406390218201489,0.0198451616774604,0.03530941970726819,0.017086167894184212,0.03006407535581934,0.0038497961704732036,0.0340298596082474,0.02069322930777811,0.044172797843835154,0.02547131909808076,0.0,0.01882714275578525,0.009078751348370048,0.06304831767642037,0.008627864228378555,0.02404772712454102,0.00797232117829574,0.04601192069593347,0.010915724632597287,0.031110346853186248,0.010764436075840966,0.018782431501070413,0.008478134781110213,0.004013383593318131,0.02579148863643405,0.008132279114212932,0.010233345539403771,0.00955619147698316,0.0,0.0,0.03376635357117492,0.008676568788763267,0.008624293415336723,0.01508020483009769,0.015456852912618519,0.0,0.003759208940696412,0.0,0.0096404779285585,0.03406120550867466,0.0,0.021697065360727845,0.008378342165666927
76561199028361033,0.037955776787758126,0.06580594551145111,0.0,0.08604197371936576,0.003318667559726324,0.0037788358473350974,0.01971024641110937,0.061196646594656214,0.05633747206567902,0.02906653761414914,0.038733435113076725,0.03397633413004553,0.0,0.04429472616595099,0.012350085999454615,0.0039255590875334765,0.0,0.00481810563461262,0.01791980663978251,0.003964877806953134,0.10416121886262711,0.019527786385781745,0.00882565256956756,0.0,0.02552353752948507,0.003318667559726324,0.0237918016860128,0.011481861460893769,0.027408299677871346,0.00886740628912923,0.014880397017701818,0.026817054782034902,0.00842452691192114,0.0,0.015061792829350808,0.0,0.0,0.014461156315470514,0.04046612584304387,0.0,0.03804474465834672,0.05149747408820458,0.013065722383343543,0.0,0.0,0.009503799808329544,0.004059592018137177,0.0,0.0038375127870455784,0.0037788358473350974
76561199028905855,0.05303874670912547,0.06999588481964757,0.06416705949501764,0.06776472092546387,0.0,0.024447530859905194,0.026372706247558705,0.01753131372650511,0.052515973894082406,0.03034512991087812,0.06985238859197211,0.022993221404515804,0.005071871017940456,0.04586593114861734,0.016349378954104585,0.022122257129379454,0.022562903562811865,0.0,0.015874088660697824,0.015923740427622398,0.049515668774329745,0.04683626369575438,0.01407258789708627,0.005213655750544346,0.0,0.0,0.0041251926296378945,0.0041251926296378945,0.0,0.0041251926296378945,0.040408974628007376,0.03512539250107913,0.0,0.006584892047440157,0.0,0.0,0.03470299368890083,0.007388690068015083,0.0041251926296378945,0.0,0.018229519337969603,0.007385898975205132,0.018872058986808236,0.00881890415348561,0.01476007293686502,0.016685134026302183,0.0,0.0,0.01610367452780933,0.0
76561199031051001,0.05608731339858977,0.05189386152982459,0.03008738445792892,0.0355392771097634,0.03223286936325377,0.05256740191710378,0.033671396161905696,0.053687397022640006,0.030660868901450318,0.031055581367893423,0.025843282885731435,0.03251446826519409,0.006504892181642406,0.024072315618927965,0.023412311491737593,0.014575034601615534,0.018219558498185157,0.0,0.02489345544051389,0.03296992407934033,0.026813958298086114,0.01794328803091604,0.017724306288826642,0.0,0.013348227168745874,0.005767837465555851,0.03240630150586668,0.006504892181642406,0.03182737017591971,0.012272729647198256,0.016295784683609864,0.035681129772420425,0.011336624122737816,0.010641902563091157,0.006797117724469043,0.0,0.006224595218156607,0.0,0.012272729647198256,0.012028790076843437,0.04024223330078735,0.037595207641475566,0.01740444503534999,0.006224595218156607,0.005568786657181967,0.0,0.0,0.0,0.006588553282522352,0.0
76561199032352779,0.06007629669771792,0.05621433059827331,0.021651384489544817,0.08312796769987633,0.0,0.01812583947871338,0.03266363010340659,0.041657863433258426,0.04703212658344402,0.029397338991405075,0.022463762074412343,0.017015286981868907,0.004159030975368384,0.03790630160881325,0.04545863951815968,0.06028889710742456,0.037359442783116266,0.004362594476333156,0.009398945236829787,0.0,0.03437826062242805,0.02846545172128616,0.021159486094954386,0.015253789371395066,0.024378514714018525,0.0,0.0,0.0,0.009113164890721033,0.010613851473999564,0.02376730382966814,0.03530709206172614,0.022119385025793057,0.0,0.0,0.0,0.013553048412877331,0.03396639664984229,0.005564169246717545,0.00445722846724414,0.00949357922774077,0.00503635076049663,0.0,0.0049936650309882515,0.011061173826953935,0.0,0.02405518203146844,0.0,0.025790062810993393,0.009113164890721033
76561199032380262,0.06253080566988119,0.047945494918645554,0.046166903721890314,0.05085138738482741,0.026405070785197687,0.051184768555019376,0.03251675073760635,0.042536934241918116,0.06080516909196322,0.015104463539414996,0.03197259747636493,0.01759622525621802,0.010372496185759122,0.04598006766421696,0.02116526287633094,0.021578387221732716,0.02065088028114959,0.01000824983159529,0.030234371365794786,0.019800270633319492,0.019177763909479662,0.03701515874220179,0.015668640207404282,0.004871319720610456,0.004884942617375564,0.009903709123158301,0.015563092005996499,0.0,0.005065028287210935,0.01611127601479043,0.03210825429725721,0.02402361581576055,0.0,0.030220321154621647,0.009905387439603102,0.011216432555703655,0.010084018717187457,0.010998695196386295,0.0,0.005322580795817719,0.02357741563846015,0.012549894911178706,0.010573994552358896,0.010416744295888914,0.005020780177081142,0.0052956098798378586,0.0,0.005018766505782739,0.0,0.0
76561199034135760,0.0,0.0,0.0,0.0,0.0,0.0,0.0,0.0,0.0,0.0,0.0,0.0,0.0,0.0,0.0,0.0,0.0,0.0,0.0,0.0,0.0,0.0,0.0,0.0,0.0,0.0,0.0,0.0,0.0,0.0,0.0,0.0,0.0,0.0,0.0,0.0,0.0,0.0,0.0,0.0,0.0,0.0,0.0,0.0,0.0,0.0,0.0,0.0,0.0,0.0
76561199034190035,0.07973711452683646,0.03319818644952717,0.04768475213755472,0.0650079552272432,0.026828785476789727,0.030312564215816493,0.023304088919242523,0.028273096956881152,0.004900481552474302,0.0375483099058065,0.006494566021823067,0.026651310780087357,0.027779119133702027,0.015844973400772223,0.05671604171369386,0.03205583212664267,0.02556732015386335,0.03742631707417047,0.025656607663219793,0.026156576868641687,0.008361937692611676,0.019745881164710603,0.006475009045938745,0.0,0.013262419245085979,0.004379111340169398,0.03084235945399672,0.014011080832492178,0.007222151459671231,0.011756840652906901,0.014403076823947604,0.00392035090585059,0.04301653724024887,0.02191431089929751,0.004900481552474302,0.0,0.018167691310397253,0.013699504473444993,0.003354712118111097,0.01850223250836456,0.0,0.0,0.007445914839751721,0.0031954809670090476,0.03374766915949323,0.003279528078929698,0.011845223292670648,0.008487019511062555,0.013562865710090653,0.003356609416483543
76561199034795612,0.05736679701898198,0.015358398377029793,0.05206567748078895,0.0663257523964793,0.019222765803794617,0.052303840762368624,0.04291396203287472,0.019554584830286593,0.03983317512251006,0.012305054156607927,0.006847092045112,0.007313110232422445,0.004330117634063405,0.04938623616683381,0.0385924081596161,0.016711748387312344,0.046584813567462545,0.02949493098327478,0.04013206445282847,0.019963391416633485,0.011060485325734674,0.03209096903563987,0.004259385993541293,0.0,0.014225665113338865,0.0032237633942059306,0.02332601867668,0.02979322215114491,0.0,0.0286534939676354,0.022218814456307273,0.003299041657412836,0.01736704879534765,0.00955306104432375,0.006225971100039719,0.02112788883800586,0.021611120175776818,0.0,0.028547826075999462,0.0,0.004084323774848781,0.01695579854364086,0.0037756802886998756,0.0,0.016711748387312344,0.007569048094930723,0.0,0.026716354651492316,0.0,0.010997349430658946
76561199035465216,0.0,0.0,0.0,0.0,0.0,0.0,0.0,0.0,0.0,0.0,0.0,0.0,0.0,0.0,0.0,0.0,0.0,0.0,0.0,0.0,0.0,0.0,0.0,0.0,0.0,0.0,0.0,0.0,0.0,0.0,0.0,0.0,0.0,0.0,0.0,0.0,0.0,0.0,0.0,0.0,0.0,0.0,0.0,0.0,0.0,0.0,0.0,0.0,0.0,0.0
76561199035689662,0.04423828908523275,0.02703368434036593,0.008916483367152686,0.06854455099727759,0.024531905687057248,0.017398261083064817,0.06304105718033312,0.012265603808430748,0.03067436054865864,0.04794741270528814,0.022210150577770302,0.026202945800030825,0.0,0.024306261912044824,0.06588213673011413,0.018266188877546278,0.03262799523550326,0.023101444227759678,0.016244974976413338,0.01739115918615163,0.032946643915189734,0.021881168667569405,0.023201787754514973,0.0,0.016802790902415324,0.013737041147529156,0.013210669988927599,0.02789548396456055,0.004537187093984575,0.024137012808884598,0.019004802413644384,0.004537187093984575,0.046695321944380426,0.008024694583714086,0.0,0.0,0.030734034475666108,0.004933840299517689,0.028375723684420876,0.004970210155263257,0.008024694583714086,0.0033643304070688695,0.0,0.0,0.009215245838792957,0.01676539164261637,0.008604051583621078,0.008341958981800245,0.029233859742023218,0.0
76561199037612036,0.04601105167589905,0.061479283601828354,0.028634820230078437,0.05614777155136582,0.0,0.01939683661707345,0.0,0.03755188975063334,0.021331843118566587,0.017365723693755174,0.02821177220832743,0.042718474920318446,0.016732932792251482,0.02068562054352624,0.00573563059324769,0.024212350656254687,0.011965346224542301,0.0,0.01602115474580963,0.012381413090876432,0.09243923138862295,0.006280761303209068,0.02826378638628284,0.018373975050299193,0.030792226766484413,0.0,0.02698983581063407,0.005256996000714471,0.038302984779236667,0.0,0.005977720592714282,0.014528908955624491,0.0,0.0,0.02478956925407965,0.0,0.017936356771208018,0.011723256225075711,0.013037240216644246,0.011725160212948352,0.014528908955624491,0.03138606228073564,0.01800592151615742,0.005322635299706849,0.0,0.040143853101432245,0.023530988438640835,0.0,0.029225569043006865,0.024854135636562726
76561199039143583,0.042568330716572525,0.017346385195371534,0.020128432350715847,0.06804043298947433,0.031215034510529975,0.026796679725928554,0.06429081392211677,0.027008501180496906,0.05709605269359509,0.01843383888996936,0.004206119666020999,0.013563145422031759,0.014960022842470782,0.054598904543388366,0.0348287668570522,0.015357906323424606,0.028440404825297687,0.010181372497723096,0.024279366652739345,0.01602461069548127,0.011877877394387544,0.025043516766329616,0.018317547708397035,0.005040420673236272,0.021554516960482096,0.015314022192527829,0.01724841936364327,0.028117822075422936,0.0,0.03548933175971843,0.02198299212413811,0.014028587943071822,0.024419049691278547,0.0023596134787594826,0.00376580921611076,0.015162297073369876,0.009045874905991765,0.00959591128825492,0.03532959653365562,0.0,0.005896186396199712,0.040359416459598306,0.0,0.0034811831477011643,0.01265628865043004,0.00486449374718711,0.00857523807190731,0.010130328384629465,0.0065386321728122835,0.0044399033203575775
76561199040500135,0.0,0.0,0.0,0.0,0.0,0.0,0.0,0.0,0.0,0.0,0.0,0.0,0.0,0.0,0.0,0.0,0.0,0.0,0.0,0.0,0.0,0.0,0.0,0.0,0.0,0.0,0.0,0.0,0.0,0.0,0.0,0.0,0.0,0.0,0.0,0.0,0.0,0.0,0.0,0.0,0.0,0.0,0.0,0.0,0.0,0.0,0.0,0.0,0.0,0.0
76561199041231560,0.03650686293905179,0.020441905720773947,0.011175026731844992,0.09385918383375366,0.008836215413659886,0.014484818244869717,0.044542151836809554,0.04891555998676994,0.07106973307431864,0.020878339503268215,0.012801030534092765,0.017875961657257536,0.006734993092629269,0.061912469274944495,0.03429992274450849,0.01840515074787669,0.021207675351525863,0.014665371825483067,0.01633022859360941,0.0,0.038313257321208,0.042383110237144514,0.015062643952429202,0.0,0.021020995054974772,0.008836215413659886,0.0,0.0,0.0036232340019919473,0.029739317380185332,0.03861110496383505,0.02145999102009503,0.021948478829789328,0.011175026731844992,0.0,0.0,0.018071956418877,0.01102364038379342,0.05582342672497082,0.0,0.016428709011060177,0.03188196494989657,0.004962460849022814,0.0,0.014441584327741057,0.004814567043220491,0.0036232340019919473,0.0,0.011812480275219793,0.0
76561199042135432,0.0458663873086331,0.03646421494364208,0.014090990191615738,0.08479402403150572,0.02981115716900436,0.012046468403589188,0.030047072316163225,0.031375618586126246,0.05655409751931279,0.023826455046610892,0.007227670775960632,0.0045501755955729495,0.010258921066859864,0.06331084937208274,0.040810899518782855,0.07016621467632245,0.017032038635843832,0.008329652068839942,0.03128030289520364,0.00755139734192618,0.025810265105544437,0.018592042205806347,0.007700276221727415,0.0,0.01824403271970685,0.008637864377881286,0.013749559210668363,0.008239608609794134,0.0,0.025251339687920326,0.019851634472266788,0.04550255431487388,0.011777846371533581,0.013139395131922431,0.0,0.007787701237168297,0.00980364605451302,0.02129097878504607,0.013476411241003303,0.005385874303989524,0.017860926914955035,0.025098420728629466,0.01077103885304121,0.015425130627963394,0.0045501755955729495,0.0,0.008760555256635855,0.0,0.013457013235501638,0.0044411012727359755
76561199044097396,0.06157819595076022,0.08454479201333459,0.0,0.07089949991263154,0.0,0.02209545733051739,0.04457646570482431,0.05152076459793856,0.02766679260798664,0.038813580713549484,0.022546839207734,0.015739880444722062,0.0029660092384762803,0.018587516875944114,0.0,0.015541848429820915,0.01910312628958573,0.008101685134587706,0.02966880402116907,0.0,0.0841110551072625,0.0,0.0029660092384762803,0.003887291168005326,0.04066723378935543,0.0,0.018172166300841567,0.005225410762059728,0.02613898313072876,0.015227531601365857,0.0033200993547214293,0.026065939591393757,0.003934750371331126,0.0033200993547214293,0.014974151274494843,0.0,0.005408939344483221,0.012685999108247142,0.034185465368294976,0.003186023323808911,0.03144815958861108,0.061020011699516534,0.0071512311204591505,0.0029660092384762803,0.0,0.02370207481348483,0.01587202243205605,0.0,0.008594962668292133,0.011817121775928748
76561199044103584,0.0,0.0,0.0,0.0,0.0,0.0,0.0,0.0,0.0,0.0,0.0,0.0,0.0,0.0,0.0,0.0,0.0,0.0,0.0,0.0,0.0,0.0,0.0,0.0,0.0,0.0,0.0,0.0,0.0,0.0,0.0,0.0,0.0,0.0,0.0,0.0,0.0,0.0,0.0,0.0,0.0,0.0,0.0,0.0,0.0,0.0,0.0,0.0,0.0,0.0
76561199049721392,0.04291391536968279,0.0681679117744037,0.0,0.06719378165592055,0.004607823184340963,0.011260067048223797,0.028599153813205803,0.05069065678065655,0.04976065916084476,0.033112789311434,0.01997459234288475,0.015146389573508952,0.004006360940215136,0.04431032229143232,0.022795790508431623,0.023283261917987345,0.0038027156924758166,0.0,0.014878590866858105,0.004607823184340963,0.08978420480061768,0.023331174455878484,0.009037274777734293,0.0164127349867672,0.01869041201230827,0.004006360940215136,0.02315783006874712,0.004362188559959931,0.02453132155645409,0.008193519872526705,0.024031376148728422,0.03582128763022065,0.008412460858518548,0.005018100501469272,0.009738976260334185,0.0,0.003874717150404211,0.00541078840427216,0.008219215114240496,0.004537743708114338,0.06996520448398881,0.03123250933686619,0.008892817651873483,0.0,0.0,0.025344344316206215,0.00442945159339333,0.0,0.013898024101696235,0.010553355291616487
76561199049965144,0.04350569233061624,0.021151707502812447,0.025045681859875057,0.059516983197719184,0.03663745137493082,0.02039432068421163,0.0667799602778994,0.04336112323396536,0.005868479850772078,0.034143306688724916,0.020444653986232242,0.03917014486996927,0.01951775811668609,0.0,0.04749058043834141,0.021640861137596386,0.020202417868809802,0.023169520159321225,0.01304863564140003,0.04091133765343421,0.02734751013963985,0.021722913632188118,0.021806611598608954,0.0271801103359431,0.03297589339719354,0.008770622029615307,0.01464151610884278,0.02465997988483477,0.01366748311058753,0.016168856072263413,0.006353674865443179,0.0,0.028741144374712695,0.01919481270394215,0.02717368841780007,0.0049616887156588635,0.017107049160596192,0.01606941428056366,0.008496170823854014,0.0025550095789952623,0.0,0.0,0.01114110835276334,0.003022901989461731,0.014300487731922638,0.006833023190779985,0.009545355855035268,0.0060873498304199825,0.0036327634159770065,0.003842243529038819
76561199050075632,0.04454298929336523,0.06694225147785457,0.023382941250944925,0.0778754000563644,0.0,0.01380038820705717,0.015417049086866474,0.03089470393064916,0.04617397981269853,0.03583353209404218,0.027499132682245096,0.028369427157932996,0.013043433328774546,0.050393057726992846,0.03151581453095552,0.06283140803634439,0.027617062822944745,0.0,0.021473948362061637,0.0,0.04273966412384496,0.03439208762306698,0.028879635496388556,0.0,0.029892912680208873,0.0,0.006886379628614827,0.003589390650621698,0.004068667479438587,0.005070458729878879,0.018497582006063183,0.02717550571685647,0.003967857618686727,0.0,0.0,0.0,0.013635989288066043,0.03416625365450447,0.0,0.0,0.008056137728940498,0.009386014178193918,0.005070458729878879,0.01777483912842917,0.012609751960671113,0.0,0.029442489795334478,0.0,0.04277584847590209,0.004315555448315038
76561199051043192,0.021376238894145406,0.009036268591781053,0.003497184165315675,0.08959960817349796,0.013617396525853125,0.003790611088807689,0.05105618868488309,0.024800753054349044,0.06748085281399321,0.024280589688511642,0.0230869488616429,0.04298917388268663,0.0,0.0562047488916128,0.018738730433866937,0.03708396758906275,0.02382386992672845,0.0066207441100132524,0.030967340914004233,0.011544521262677254,0.06483235540977941,0.007130968167845861,0.040024790117323045,0.012646413670890254,0.009901193077634046,0.005260986366807789,0.02235512506652434,0.016346860431820178,0.00438792192152171,0.020473694614360972,0.010628152333161537,0.050450473189010955,0.010791013116965373,0.005969220000717223,0.0,0.0,0.015108521050165451,0.005513271156112337,0.033267226017206664,0.007954711000470674,0.021915743458388752,0.015147331026537541,0.01068308746585323,0.0,0.011030074452946372,0.012395373599394058,0.0,0.00974848534357104,0.007994111033201209,0.008447159358356693
76561199056252159,0.03752516405010292,0.07843274823377769,0.0,0.08356535333271936,0.012161973985683024,0.0,0.02667555816891933,0.08029824088725199,0.027924793330141487,0.041753341694901795,0.029093034632152688,0.03286715152058587,0.0,0.02130077452739562,0.010228824108442615,0.04693098168815639,0.02661924811170342,0.006496444637645971,0.011208531133040824,0.0,0.05510054927877011,0.003497662869728424,0.008604467166625709,0.0,0.05009105551912176,0.004653753417085254,0.017990523246922602,0.012808260073241713,0.030737896997516993,0.013273640371647761,0.003497662869728424,0.00561014655665425,0.007685420600849234,0.0,0.022997345236099104,0.0,0.0,0.03700510669398556,0.033365502723111486,0.0,0.017100289405272043,0.037689397603786035,0.00904718310498169,0.0,0.0,0.004622472382062868,0.024700959180802593,0.0,0.0,0.026838540659385336
76561199056820731,0.047389663295449004,0.028875637548745208,0.021056240237911396,0.04315922078171431,0.03361989649259662,0.03042001444844809,0.0716954526991575,0.05472570981713256,0.02034101972561783,0.02235229675612874,0.009806026670858387,0.012003466960969423,0.01839606342965776,0.014443516710936216,0.02314668216597411,0.016446531662145037,0.021816389335718746,0.0,0.015411386805095139,0.02981187861941274,0.03456263293981609,0.00907010910182821,0.04762324304712396,0.0,0.04033502681783893,0.019241805686541248,0.02632844913441369,0.01298402675654815,0.013403718671452866,0.04253065098672891,0.005077325391139499,0.005916115485347383,0.00974445882134984,0.005040344054689349,0.024929475887957867,0.005056639787547141,0.005269500867839941,0.019030626005256797,0.01328138846018829,0.019306335279580627,0.009222850314563758,0.026150795511084138,0.028851195418322175,0.0,0.009636136892635228,0.004076772812671504,0.003806860370160928,0.009531597741057041,0.010034479537958293,0.005040344054689349
76561199057510412,0.042734019822452785,0.033262118839158514,0.04509721909420934,0.05013177596143484,0.02997896460520591,0.027843729900327466,0.021135323127543973,0.01364701608295682,0.03852312770942439,0.04861366993611893,0.019640179332242245,0.01776797140870674,0.030063112994130115,0.04062641749518138,0.022093713909197926,0.027808010382317352,0.028101772507784107,0.0029256828126411586,0.03384602089749402,0.022890100277504183,0.01540988110535332,0.032300778211745665,0.028829083155872112,0.027821236928266355,0.017886559312510063,0.026939288409764894,0.009404785883611676,0.015889389662364348,0.0,0.007491700476593203,0.019298993507568068,0.014675729867670267,0.0,0.0,0.006219844734312314,0.007754431252604212,0.01698120915085974,0.015760640998803303,0.004566017663952043,0.007392568082167396,0.01047054030305191,0.01047054030305191,0.007052965718147895,0.036728282805479,0.0,0.009767618717500383,0.013811531510011386,0.015179945831621995,0.025166489311084426,0.0
76561199058171615,0.05497432523091173,0.0549941114990097,0.02309472281171769,0.08266140562180538,0.018198370355094442,0.012988125227145543,0.055518319767972904,0.04567882563425578,0.05610934775688211,0.03498153670953829,0.02588846127363649,0.03470419411935594,0.0,0.04044221635570659,0.022714427376333935,0.03303091089422364,0.023121326374401716,0.0030710188135689913,0.013638444593695741,0.003050620286053696,0.03892352073016618,0.013400459670175955,0.009287541852208113,0.005208969316370315,0.020939841693803054,0.0034295311329670046,0.01800860046768644,0.007998986038859544,0.012064391041511578,0.0398415528246166,0.009351516414879156,0.016914896772365334,0.007054448678720873,0.0,0.009362332636833202,0.0061572805463797585,0.004195643255925002,0.020585257403858234,0.028485775548368116,0.0026862165731177516,0.007025622556360373,0.035779013239818955,0.02284512755965048,0.0,0.007360693253592624,0.0,0.0037666800584281158,0.0,0.004578791828123635,0.005886598203903262
76561199058351895,0.048831934339928475,0.02678494057196446,0.021523989949074184,0.03635493867995376,0.05193465874598154,0.05366673845579088,0.03797040683379317,0.027231021297409546,0.03740352413082506,0.027657684663167342,0.033172981762556404,0.030773430261092884,0.0354684485862091,0.028744171555905324,0.04251341046378788,0.036605544116022654,0.01381797795792995,0.0034653804341989104,0.0469111185762245,0.028704742723308183,0.0035126953528409055,0.012348560777044916,0.02298866608401612,0.02894943532287907,0.015368010568132159,0.026047047661158885,0.016724031148112186,0.0034353428622937525,0.0,0.021367025959521824,0.007467873259004563,0.020061308190296633,0.010383045314479146,0.006246501262213895,0.004868519454537092,0.007099536725382462,0.004740547506781817,0.018624170565133873,0.0069869184246240884,0.004868519454537092,0.0,0.009120118758619775,0.013613418849923243,0.016079100149939185,0.02007961746819726,0.008601280751062888,0.0,0.0,0.02088166402414283,0.0
76561199059594777,0.0,0.0,0.0,0.0,0.0,0.0,0.0,0.0,0.0,0.0,0.0,0.0,0.0,0.0,0.0,0.0,0.0,0.0,0.0,0.0,0.0,0.0,0.0,0.0,0.0,0.0,0.0,0.0,0.0,0.0,0.0,0.0,0.0,0.0,0.0,0.0,0.0,0.0,0.0,0.0,0.0,0.0,0.0,0.0,0.0,0.0,0.0,0.0,0.0,0.0
76561199059767033,0.045317597831069104,0.06597967546044295,0.020999011665990962,0.04913094023593199,0.009392598172921634,0.020661460140802914,0.025008193663398192,0.05966895968587048,0.024111830051744543,0.04832447667476012,0.03895676253884017,0.04658483876099465,0.03110706813444653,0.019312125280947404,0.006377974425141362,0.031052875670688238,0.03128637413824329,0.003094089820513799,0.005381959844227129,0.02709237300337294,0.018647934205152126,0.0,0.06425198437141003,0.05048456813358971,0.03462716782267934,0.014845211421472722,0.0028757136345819627,0.0,0.003094089820513799,0.0,0.0,0.007054743547896689,0.0,0.0045939655406487985,0.01920994032862186,0.0,0.006253980078162004,0.040914746100634294,0.0,0.0,0.016030953731876428,0.0,0.00603988229361544,0.03821122171785055,0.0,0.024569930150236882,0.02167120757221948,0.00651688453833967,0.011264689790149827,0.0
76561199061202498,0.04449609901154365,0.05292316322451182,0.036605874056555895,0.05984413492261759,0.003839851736467012,0.02856541370781501,0.022711155831365595,0.029425181184910762,0.023746272081945487,0.030818163935214422,0.038017770540762295,0.03236223472346922,0.02209713271263851,0.030731187331441187,0.02361487471177692,0.038932411259239894,0.030103996855048533,0.015282701482151292,0.041223773750865965,0.004059545256708507,0.04874290981823816,0.0157805094021322,0.03654325280233258,0.009375072657749785,0.01239387153140635,0.0,0.020065769018988548,0.003839851736467012,0.014523046090376732,0.0,0.02950931220450624,0.023746272081945487,0.010243920652339457,0.0058965770097759405,0.0,0.0058965770097759405,0.008699136423878784,0.017918630477318526,0.004568881843359846,0.009402804951112651,0.01716375068118221,0.015164188080206375,0.004364024121300817,0.014980933775369095,0.015294392535864704,0.012821123384081928,0.017918630477318526,0.0,0.011958973059105784,0.00378664985681678
76561199061428348,0.06462478158666382,0.040613308973752274,0.027419110697424812,0.06223444773056077,0.03398981090978703,0.025790854385385722,0.0212228287964095,0.03648430162405326,0.06329798314333496,0.029226224275802314,0.025683707872853047,0.00900789153040514,0.008716183456715149,0.053852507283412364,0.0325294942147426,0.06515333331067745,0.00944953633830931,0.0041545712106088725,0.03187850858811264,0.015072032521138947,0.026770405684299177,0.03384575271048456,0.01956319289425742,0.0,0.012202951042472782,0.01912376832840829,0.0,0.013757721760297797,0.0,0.0,0.011621145952907024,0.03181234776573269,0.016259709313274032,0.0041545712106088725,0.009781127871825232,0.0,0.017827416307070996,0.02447476390073813,0.0,0.009476501369210664,0.016517365957573155,0.011626917300157857,0.006648785320776601,0.007398618649005921,0.020202475621651242,0.0,0.009905495194617841,0.0,0.012655454907324608,0.003972092487155167
76561199062295989,0.0,0.0,0.0,0.0,0.0,0.0,0.0,0.0,0.0,0.0,0.0,0.0,0.0,0.0,0.0,0.0,0.0,0.0,0.0,0.0,0.0,0.0,0.0,0.0,0.0,0.0,0.0,0.0,0.0,0.0,0.0,0.0,0.0,0.0,0.0,0.0,0.0,0.0,0.0,0.0,0.0,0.0,0.0,0.0,0.0,0.0,0.0,0.0,0.0,0.0
76561199062711136,0.0,0.0,0.0,0.0,0.0,0.0,0.0,0.0,0.0,0.0,0.0,0.0,0.0,0.0,0.0,0.0,0.0,0.0,0.0,0.0,0.0,0.0,0.0,0.0,0.0,0.0,0.0,0.0,0.0,0.0,0.0,0.0,0.0,0.0,0.0,0.0,0.0,0.0,0.0,0.0,0.0,0.0,0.0,0.0,0.0,0.0,0.0,0.0,0.0,0.0
76561199064718165,0.04347732916219215,0.043884201346591475,0.011034116571045603,0.04494830940697475,0.02606696571100704,0.02558884683518929,0.05425960254571995,0.04779366234836257,0.029001260695576278,0.037939403421383654,0.02138857248947086,0.011222724433989504,0.015664070056527663,0.02031239178961393,0.03214023347719412,0.05041516809435132,0.021101805780295257,0.004220789468609078,0.017505284631016103,0.040242978381862984,0.03152573752552573,0.0210269080280005,0.02087616042543452,0.0,0.04060348181608447,0.015249660475920225,0.029350310688319985,0.011847999462460406,0.018987403236125203,0.016978969891435464,0.013288348597679777,0.02130901766722738,0.009781558152655872,0.003184730975343812,0.02132313268264769,0.004220789468609078,0.014658459372719021,0.021507460584174246,0.0036028625850327563,0.004099934358594449,0.010604200801600119,0.010742952381410341,0.009833292405389868,0.014489098399406217,0.0,0.0035297263472830022,0.010823433459230354,0.0,0.011510540464532665,0.0068361131001833005
76561199065212767,0.0499193500030705,0.05167428642580292,0.011527832526326455,0.07894750778355689,0.02082340959438295,0.018874692697938743,0.0398507563638142,0.031159632450494298,0.02517984291649026,0.0312748177187507,0.029727578874515215,0.026765777269296395,0.0212059802504254,0.038014603159127455,0.030398178570783488,0.03320737451106083,0.019932298085921795,0.0,0.026669064217932602,0.010323544925648433,0.027456086484092476,0.01994867296210563,0.029472674602868034,0.008071604352367381,0.0118657512450442,0.010097396024547792,0.023213603484678064,0.011870632602546049,0.009321002757178386,0.026636332503133138,0.018044582009596334,0.01411975292459866,0.023266569046950125,0.012182448216208506,0.005549412001948064,0.0038445461752907714,0.006747554302163418,0.015143199923460006,0.02540212800129728,0.0,0.01036321394875573,0.032568163520151586,0.009245074392331968,0.018333822366463665,0.0033262376356360908,0.008617953848369247,0.003428959947515575,0.0,0.016386096375362206,0.0
76561199068146505,0.07118099572032344,0.024230853385861326,0.03558136207770243,0.08971854019388638,0.004100642856452813,0.03587393766173927,0.025492687504587233,0.022141236563203867,0.08204617759805045,0.006024828093621385,0.0078873185347667,0.0,0.004100642856452813,0.09002642849331134,0.024256491095175567,0.011507798469932752,0.0391755992680545,0.023422850980044114,0.024205639062047875,0.0,0.027079743462617198,0.03201081783698232,0.0,0.004100642856452813,0.006024828093621385,0.0,0.004100642856452813,0.004100642856452813,0.0,0.017489945246485172,0.035778470493364294,0.045067211633139245,0.004501203559056347,0.015513989207430896,0.0,0.03138014394516031,0.007885465538195165,0.0,0.021694424320221936,0.0038491843524378227,0.02861865597624246,0.05395143488896294,0.007788871681090328,0.004094563977738842,0.0,0.004100642856452813,0.0,0.011757243677721385,0.008137200268506355,0.0
76561199070380893,0.036617412852417375,0.04485419273263037,0.03296982657893892,0.05198789166434995,0.021900738101626866,0.043121932366755426,0.06576677409421702,0.02472462251672775,0.03537713756206383,0.028581716167275898,0.020970123019918272,0.012989768063459731,0.019416170837620966,0.03537713756206383,0.01648784263651475,0.036912130804629344,0.0401749891042538,0.009684297340651382,0.03451395814572382,0.02932706988147916,0.012989768063459731,0.009464527440644905,0.03247761578522451,0.036590467799787155,0.00756226101940762,0.008681102664801047,0.01141453257475729,0.020397183194937076,0.004677947633611806,0.03062131452423563,0.027811315731598653,0.029113179373954388,0.014455582854948263,0.011074300604918439,0.003033065155389114,0.0031518817859925185,0.00373439071247077,0.010605530170585178,0.007860497266869295,0.011396071373521683,0.012989768063459731,0.0,0.010505637050871437,0.01092004915792858,0.00636501527746893,0.004003155031189241,0.00756226101940762,0.0,0.008785846635240964,0.0
76561199071386893,0.031132602005883955,0.07976439183393569,0.0,0.08221584273092096,0.009451617185018137,0.0064380058525984815,0.03276574827805473,0.08328513465954845,0.02770140100111285,0.028799633111545063,0.024040831155710346,0.01932012821315088,0.009701249725991267,0.02721091647636339,0.0217563510954308,0.04114225464958896,0.013044843635332575,0.005028256538690036,0.01534509263664035,0.0219860944280071,0.055322839716859785,0.004183645529617367,0.017863050556536746,0.004158840664863789,0.07333701901754316,0.0074546429403811055,0.022710929280587516,0.003013611332419656,0.02990929300168165,0.006193193448782994,0.0,0.009584400368337954,0.0,0.0,0.027624968487148585,0.0,0.005167140664471957,0.04882960446959973,0.014127312664957066,0.002231865480627868,0.016902013947508867,0.022724790157017394,0.0,0.0,0.0,0.0026637040653356846,0.034683425600397576,0.0,0.005620442057836528,0.005562871333962898
76561199071636074,0.013493969939162843,0.052388298121767776,0.0037983702810099854,0.10059415598468854,0.0,0.013493969939162843,0.01783692762546911,0.029739375137281653,0.08699092816113893,0.004340036788495609,0.02628756393414469,0.033988349286668,0.008832755843025186,0.09463880884896592,0.0,0.03404131393653733,0.014784918869426823,0.004950215738905725,0.029518850385573645,0.008612403445358125,0.06417277751385521,0.012139806022541264,0.0351710304937094,0.0,0.017446262906979045,0.0,0.01489612617016003,0.003662187706452401,0.01658200225783552,0.003662187706452401,0.01772664811301666,0.0657462949731499,0.0,0.005878375594050379,0.0036286789315022527,0.0042660595903945475,0.0,0.02447516327017699,0.003662187706452401,0.0,0.047853295227351655,0.013908512605909222,0.007275563254377922,0.0053555628696572485,0.0,0.0,0.018304884078795512,0.0,0.023959276495251487,0.011895904245145902
76561199071908460,0.03922331974675918,0.06996754192891147,0.014777228843868036,0.07779712329142568,0.01857913162317888,0.024197765002725597,0.05395420708584894,0.05444399003514422,0.03566565138441442,0.026971775283064006,0.036095032721792396,0.011370603852174312,0.01159379326260361,0.03200862005122718,0.013038525374411778,0.01165169089152873,0.016032738214162106,0.014161608678636646,0.03074457140915668,0.005768114930097708,0.056965639433239276,0.008096410488375737,0.012789153056298437,0.010338618118826463,0.018033347481373807,0.0,0.039619621805509105,0.013373106144219516,0.007623426560708488,0.02633272344636551,0.00323625461177114,0.0054444987799073365,0.0,0.0,0.007623426560708488,0.01916424891867922,0.014522629388166336,0.005825678332505904,0.03762012604383322,0.007778915572633039,0.009240094580523448,0.060868838491669526,0.00323625461177114,0.0,0.004570503188728756,0.01725948622333157,0.0,0.009223006514656394,0.0031709580350666794,0.0
76561199073816082,0.03785123013066462,0.023018692823297562,0.02282826268717132,0.06703839832073925,0.0339038708220518,0.02989807883324514,0.07568984853650618,0.031435115862238905,0.04966531173989737,0.018797956705549648,0.015948714831020856,0.019712995945222817,0.0,0.042307708338486946,0.03761797704597096,0.0394417917177627,0.016500679499463353,0.009274300673197677,0.028996145436324818,0.022251955983591743,0.004348396585172856,0.00793264192754013,0.018021951286076105,0.016867898135793542,0.018012590136573067,0.02371506742934638,0.011529375108692256,0.026880604580247117,0.0,0.04703852903226176,0.008292025199107458,0.03596819694526823,0.014666401496310218,0.0,0.0,0.011747215311652558,0.004883387987024897,0.029046403326858986,0.020113327734226003,0.004366052507413303,0.0,0.02238307100313535,0.0,0.0,0.01771565543682545,0.00381204489055262,0.0,0.019990219097154933,0.010489908910363183,0.0
76561199076389886,0.07893372611876007,0.05712360083200205,0.031453489625406846,0.0564584535852445,0.015268347155773425,0.044295096922519164,0.01886875439103829,0.037734750490788456,0.028375864246181718,0.027996149657567557,0.0337165935529009,0.019856164714051192,0.04327394928207144,0.021624307843045983,0.005355408554637287,0.005355408554637287,0.012141569048477843,0.004640111696630745,0.03897791538080701,0.0,0.05438480441247873,0.006797052881578315,0.022840354264431824,0.006951465688405066,0.006674764424512946,0.0,0.016907643467601107,0.015023191662881097,0.02288867727366616,0.0067515564031357354,0.03858532875901821,0.03879332561649727,0.0,0.0051043372282739445,0.0,0.0,0.010497587165695028,0.005355408554637287,0.01020820740607559,0.016430297962525747,0.043897662844771215,0.02934605805934249,0.017713369100473966,0.011829709306892295,0.004640111696630745,0.016872030485769542,0.0,0.0,0.01005739368216406,0.0
76561199080519974,0.05920177885143324,0.06760960545915308,0.023060925680125056,0.06926859121008866,0.02022425958459763,0.006821964621875697,0.010951020317286246,0.05930428008728626,0.027303838704877303,0.04707058131124565,0.011279608979083276,0.006569873651411615,0.0035900575120409945,0.02774691747961074,0.05234174973978216,0.07331167350781616,0.03718740792325568,0.008720581392746344,0.03397044595470789,0.0,0.031080781415109674,0.03467037012736046,0.008293101720108111,0.0,0.036829633181172446,0.0,0.0,0.0035900575120409945,0.014912750518242476,0.003894954061232096,0.019419328179503034,0.010102511619476227,0.009688524893334839,0.0028657249996709286,0.0,0.002927010560643601,0.011011344293468357,0.04390533696440125,0.007003260677327132,0.0076984042539368115,0.010102511619476227,0.01764701027893916,0.005907661971802434,0.00395883872224347,0.008780078091077906,0.007056066256054151,0.03516664413594695,0.0,0.012251940442351582,0.0057009915366560155
76561199080871410,0.0,0.0,0.0,0.0,0.0,0.0,0.0,0.0,0.0,0.0,0.0,0.0,0.0,0.0,0.0,0.0,0.0,0.0,0.0,0.0,0.0,0.0,0.0,0.0,0.0,0.0,0.0,0.0,0.0,0.0,0.0,0.0,0.0,0.0,0.0,0.0,0.0,0.0,0.0,0.0,0.0,0.0,0.0,0.0,0.0,0.0,0.0,0.0,0.0,0.0
76561199080918647,0.025271453463865744,0.032749182352749276,0.00872163943985792,0.0708378569673761,0.016118830591607233,0.010223214663102477,0.0924298755279464,0.07072914932781718,0.0407266112475743,0.019508190562545186,0.029201705742640926,0.02434747688794938,0.0031016705837177204,0.04457704208703941,0.022576447627315897,0.019325913575528195,0.014477850278111857,0.013976600174504408,0.026282512167057005,0.013080434240558096,0.027451009238190313,0.009666177598413463,0.02208788147681707,0.005020613903000119,0.02216218481404063,0.0052363128511090555,0.040984733266589884,0.027939421048723233,0.00599795985329083,0.048811412649580395,0.009666177598413463,0.010349613075907073,0.023400446119607763,0.0030801715300926152,0.0075100362773970215,0.0,0.01469185987212657,0.010111922019109269,0.046237511211382934,0.0,0.0063747235696587,0.025930837848138974,0.011336885196382374,0.0,0.0,0.007260626872568283,0.0,0.0,0.004429864747304406,0.00599795985329083
76561199081710235,0.06596138082197776,0.06982166206617281,0.045570845515455705,0.03823369436628051,0.02410869574934918,0.05952756974323947,0.016181818403773418,0.026634238091691676,0.0221693151408982,0.041917955819096776,0.04270294803674691,0.025015206222108784,0.03173169275709311,0.0221693151408982,0.007904916585742754,0.025823810028521448,0.017007455583066888,0.0,0.0668132299407643,0.02109908038455058,0.021787788892325573,0.01735957072138981,0.03340669070602519,0.005086258564529097,0.022725808339502714,0.009368972757594152,0.009596509517096449,0.004264789023694256,0.0,0.008330842270666295,0.019328960421380617,0.01853422555675944,0.0,0.004835737331119215,0.005426426376675991,0.004264789023694256,0.0,0.022725808339502714,0.007974482999161,0.0,0.01853422555675944,0.010483500222844602,0.0,0.03839661267832754,0.02440418783384559,0.0,0.009337291451979687,0.004264789023694256,0.009166901994003588,0.0
76561199082377284,0.0446929803717697,0.03667952215130026,0.011821311055556685,0.0485681009380254,0.029506149957310084,0.01894758735655347,0.030222126378384583,0.06958528300814901,0.062041867923887106,0.011071519347165827,0.021840548483666483,0.0,0.0,0.038097422980778506,0.018186315379719275,0.01547871812160103,0.015559778509963972,0.003744721723614131,0.028313581223523215,0.0041042363080400395,0.05653355921640627,0.021211152571648687,0.0035561053735026866,0.0041042363080400395,0.03643639197379168,0.008692852416844395,0.004908869831367155,0.0,0.03489943012432399,0.007984463887037479,0.02168299815780354,0.06705275006814465,0.014082079071679236,0.0,0.0,0.0059167765652087,0.0035561053735026866,0.002852280433220501,0.012621273120484753,0.0036665259463792713,0.060528931221600225,0.06023100537189259,0.006476862222083444,0.0,0.0035561053735026866,0.0,0.01992085625007206,0.0,0.013577431417033886,0.01748918648542057
76561199082847964,0.04737140232005203,0.037000711174862776,0.03133253912671339,0.03144181347001305,0.036392481656277204,0.05082533462467841,0.015445131594803024,0.02719527662235964,0.03220926033184893,0.030943010639157734,0.04740819072675492,0.03602334766085288,0.037497361401593814,0.03220926033184893,0.005119502161790115,0.02280265653095682,0.011131100094161113,0.0,0.05751237206624863,0.0167507192217129,0.021087142223607334,0.020900107667281693,0.03870235893774367,0.0047219488329143956,0.034202608688282544,0.017064860711079002,0.01339269511787148,0.017811179558327235,0.007007332065922906,0.01009482051013859,0.026388801199197846,0.025389479312939493,0.005119502161790115,0.005117529743342581,0.011633189478370316,0.004839458446722033,0.004769116077925473,0.016091771165444996,0.004975318348348475,0.006931915773397633,0.01087717971341991,0.015970264530396214,0.02713617311900165,0.011000495768492194,0.005176895982589691,0.010300134149399292,0.004839458446722033,0.0,0.0,0.011846790512644938
76561199083912200,0.05497323246215556,0.05744198107339916,0.02505342276466937,0.04884560314615627,0.015109553369783377,0.03360336555245544,0.021294280662622563,0.047732914484367464,0.026530490616554183,0.028877794184696978,0.04874681145692628,0.013367629803153182,0.015082247434323924,0.018657789786739504,0.019794913398808876,0.010856355351219236,0.010015196285529882,0.004552550860990441,0.02409172795307319,0.004475787750750876,0.05036317565670749,0.020838088316790147,0.01966632325885968,0.005927656755858489,0.02422940783908618,0.0106337656190325,0.010489992445560188,0.010403444506609365,0.01818148195886063,0.017470385401039172,0.015528690100621304,0.04364041164187112,0.015518107292615617,0.0,0.0045623356897016975,0.009915140830436403,0.013913926816744436,0.010204462862051749,0.010890836156013195,0.010063266448142276,0.04720491634828623,0.050350970035656514,0.02062824183465975,0.015225247801282026,0.0,0.005927656755858489,0.004475787750750876,0.0,0.0,0.004642631478528707
76561199085212273,0.05988562657368222,0.05220309326074424,0.038099653531695456,0.07020231860877718,0.012821873843455825,0.0330066459208666,0.015964029121433278,0.030387281515916287,0.047600133911102266,0.034981680439141113,0.025111997442640727,0.004032120728646665,0.0,0.048395571081064535,0.06851657442387528,0.06484564501022282,0.036178459963092574,0.008762430103039282,0.022640295532016096,0.0,0.019481630633785798,0.053686111969712395,0.0,0.0,0.01784538160372276,0.004371596799037339,0.0,0.0038266848920197904,0.0,0.007858805620666456,0.03214938197938672,0.01131236891422254,0.0,0.021154774161706146,0.0,0.016040953690299658,0.021410676805289717,0.03892878947892061,0.00849370883730538,0.0,0.006666433198370053,0.02024558593140706,0.01275076642915254,0.004589836247299496,0.008340546525877367,0.0,0.008448956437516203,0.0,0.004589836247299496,0.004171742585590073
76561199085366031,0.0,0.0,0.0,0.0,0.0,0.0,0.0,0.0,0.0,0.0,0.0,0.0,0.0,0.0,0.0,0.0,0.0,0.0,0.0,0.0,0.0,0.0,0.0,0.0,0.0,0.0,0.0,0.0,0.0,0.0,0.0,0.0,0.0,0.0,0.0,0.0,0.0,0.0,0.0,0.0,0.0,0.0,0.0,0.0,0.0,0.0,0.0,0.0,0.0,0.0
76561199085433040,0.05292958932088469,0.052613110774417556,0.020279794114051987,0.051923661275665785,0.005122553172671001,0.016172766343112023,0.009631993307979767,0.059148993704971446,0.05849268519761765,0.02490837616414092,0.021398905008786807,0.015043759321078532,0.015261628719622633,0.04223257962106608,0.005025113698924246,0.014865334865009084,0.03177516924688941,0.0,0.011352720154455192,0.0,0.0788762342599518,0.005025113698924246,0.019178448879329235,0.004904991509650167,0.00981601081081367,0.005122553172671001,0.0,0.005768755249222635,0.02092664546457449,0.004904991509650167,0.009730783506380571,0.07237986092304312,0.005025113698924246,0.004727001798329599,0.0,0.0057991041008738295,0.0,0.009847169470579733,0.0,0.02416545561399252,0.08854465325192487,0.05775274120682217,0.009726830783090902,0.0,0.0,0.0,0.011181560464492155,0.0,0.0277987584224283,0.010618488192985694
76561199086185329,0.0,0.0,0.0,0.0,0.0,0.0,0.0,0.0,0.0,0.0,0.0,0.0,0.0,0.0,0.0,0.0,0.0,0.0,0.0,0.0,0.0,0.0,0.0,0.0,0.0,0.0,0.0,0.0,0.0,0.0,0.0,0.0,0.0,0.0,0.0,0.0,0.0,0.0,0.0,0.0,0.0,0.0,0.0,0.0,0.0,0.0,0.0,0.0,0.0,0.0
76561199086355854,0.0,0.0,0.0,0.0,0.0,0.0,0.0,0.0,0.0,0.0,0.0,0.0,0.0,0.0,0.0,0.0,0.0,0.0,0.0,0.0,0.0,0.0,0.0,0.0,0.0,0.0,0.0,0.0,0.0,0.0,0.0,0.0,0.0,0.0,0.0,0.0,0.0,0.0,0.0,0.0,0.0,0.0,0.0,0.0,0.0,0.0,0.0,0.0,0.0,0.0
76561199086769864,0.029746255545769998,0.04399012126656829,0.007915488082374326,0.03363107954120265,0.0420726901523872,0.049154625783070525,0.040512460435582896,0.04905006034649951,0.043521356676221874,0.01772646179189796,0.012698459752325683,0.020131843780163673,0.009211780146950808,0.040271008171904446,0.01499269398049637,0.03764029016222158,0.02200628599079,0.003771277670523149,0.02595544999656661,0.011519625925595571,0.016656526081777534,0.004862095732245144,0.031170000196343098,0.006266995889373764,0.015919529995580682,0.016400599637636307,0.02730098027054965,0.027375915975472304,0.02015810137401448,0.009233068347333225,0.007870237136603937,0.030394603951783953,0.009625172844241841,0.003008141404358792,0.0,0.022388642310411468,0.002975066142077742,0.002975066142077742,0.012208134489410967,0.004641403542576496,0.04144566431926418,0.05493219454591997,0.013916540836309051,0.005663938041275486,0.003771277670523149,0.027616296160785116,0.0,0.021560281351089523,0.004144210411851176,0.0
76561199087372221,0.053095384425543526,0.04783116600694612,0.006192350824756364,0.042970462845394776,0.05604331621316805,0.044661947506034125,0.04636742413698642,0.011556771771550891,0.014171181758100402,0.0229014832441601,0.03149298313233024,0.02537225594775909,0.03634901028309199,0.030541950273063313,0.006192350824756364,0.006192350824756364,0.01232908870332162,0.024954757400549258,0.03647821767980087,0.006192350824756364,0.028103836100171344,0.006192350824756364,0.02881227764506245,0.0546396823234903,0.0,0.04027956385106491,0.014701034096865557,0.006192350824756364,0.012871085757304538,0.017749122596307253,0.0,0.014278288356613166,0.012472414172481208,0.0,0.006218680404851044,0.006242417807827459,0.0,0.0,0.019717782876659633,0.0,0.014278288356613166,0.02150033222292124,0.021617551357820505,0.02181147439011758,0.0,0.03415280914907347,0.0,0.024957320490315207,0.025082113960273548,0.006242417807827459
76561199096657132,0.0,0.0,0.0,0.0,0.0,0.0,0.0,0.0,0.0,0.0,0.0,0.0,0.0,0.0,0.0,0.0,0.0,0.0,0.0,0.0,0.0,0.0,0.0,0.0,0.0,0.0,0.0,0.0,0.0,0.0,0.0,0.0,0.0,0.0,0.0,0.0,0.0,0.0,0.0,0.0,0.0,0.0,0.0,0.0,0.0,0.0,0.0,0.0,0.0,0.0
76561199097156418,0.0487229683009568,0.027310347360593394,0.03087493768901374,0.06826130595633033,0.024688322982251504,0.02242383087678169,0.03079985357523755,0.032744693938626154,0.05785937333493005,0.034300771757926445,0.018587580626803178,0.015307423017775813,0.0049699445540827255,0.05243667175397159,0.046586013971236226,0.035597088430035895,0.020771314069997555,0.00566874204791834,0.04016032669929327,0.01737962101173171,0.048942046854415965,0.01749963327374863,0.010742992109323017,0.0,0.026407243534658606,0.010201022011397876,0.007469960692254215,0.011552339262307318,0.0,0.016238324149952514,0.01113794548638928,0.03409184831876838,0.025963739716961635,0.009606578517543632,0.004947933448896399,0.009737829450839728,0.0,0.014439110598676483,0.008571726340866177,0.00566874204791834,0.024139475365819476,0.02354572522671008,0.01118788046107676,0.00597525968841304,0.013843707565061723,0.008014838790160211,0.002344080027057019,0.0,0.0,0.0022788851052894248
76561199097247135,0.04004944380522381,0.04931089203076807,0.027096405149973805,0.059946290588439304,0.024196201240416115,0.023932786216971907,0.037816142678001076,0.04686930847910531,0.01510339497064636,0.02891657706564169,0.029394093428288765,0.039211399407064675,0.02062794700330294,0.00859824518972305,0.030968979941353097,0.04139298864347721,0.02927035938083957,0.0044231267049943,0.005066182892006243,0.017858063232630464,0.012161747218870218,0.013264544985584024,0.013333639720557225,0.0075509609675791355,0.031793281859993486,0.01765639255579,0.017991340087807086,0.0284566548993198,0.018662948392199213,0.016176591145964,0.01221898175545608,0.012777091102093024,0.016631238780451432,0.005375133970522625,0.022827448059218634,0.005375133970522625,0.01710019485797177,0.028185727465826208,0.009671441365040688,0.0035068682118581805,0.0,0.011880283751445933,0.01589782289231691,0.003463019161843289,0.0053330537723817245,0.01042229472241144,0.023500716384592855,0.01042229472241144,0.008248314947014782,0.020066010224088507
76561199097271657,0.06465583487338739,0.0637582767047959,0.042232442186275476,0.010915062259864498,0.05185845539569137,0.060538012807890014,0.017265300106501374,0.05875095311478894,0.01015414582544277,0.01655374560950607,0.025442298938877277,0.02503644323766833,0.016429163852080677,0.0,0.024350319565873902,0.04447752689555195,0.0,0.0,0.03653470667370137,0.006774763525380211,0.006243777044087333,0.034617600159615305,0.021017511375867347,0.0,0.0436980024849489,0.037281326339716446,0.013540931430691853,0.00536533018985091,0.010465085378337544,0.011786835148351832,0.025833110732465466,0.016651687708267904,0.0,0.009275748221741409,0.012374514071517507,0.01015414582544277,0.011080300873940697,0.01883750024956848,0.012367284695463807,0.019978265073319866,0.009536137775693237,0.029361872681675484,0.028531589677273234,0.010829413305943383,0.010348578128690401,0.0,0.004865334832200249,0.00536533018985091,0.0,0.004865334832200249
76561199103998320,0.053685611159018105,0.08783106626948704,0.01114651373023232,0.08670361825008768,0.005600194123755837,0.0119566317990223,0.03491196208782935,0.04524351660997946,0.027603238715124122,0.05355591341362054,0.029326146028590655,0.011142809278025185,0.012485054638392723,0.033048294287311764,0.022578464495370792,0.02789066871940412,0.0053122042240333275,0.0,0.005994224892471293,0.006884860514636886,0.06687891893370558,0.039292746421776666,0.02291965154060976,0.005600194123755837,0.02321505698125208,0.005600194123755837,0.025014874244815636,0.005600194123755837,0.012529819606422913,0.005343302592355893,0.016811135085578598,0.011306429116504622,0.0,0.0,0.025045589192757962,0.0054416067999365865,0.005886663690815757,0.011335039149796214,0.017044944109738572,0.005886663690815757,0.011506125098798314,0.03556898860863278,0.0,0.01159157062111149,0.0,0.04121044292207223,0.005252048848218926,0.0,0.011216807136622754,0.0
76561199104391040,0.05041773522153188,0.01494112473684276,0.013198216749063673,0.05563360557237198,0.04277599741240964,0.021410201629800906,0.04235439962720745,0.02947581825751029,0.032415923560688314,0.014070424308428909,0.017800024787199574,0.01564953133594448,0.0036639750330892842,0.035891101416032085,0.026862781422717176,0.02052334334979906,0.01644189612557114,0.019798211656528827,0.03376273009696041,0.03315959494541926,0.027322041310309367,0.014371809888618208,0.01943256870763425,0.012240141105980706,0.012719184817833214,0.013852988841167679,0.031238370740724147,0.03468070729036167,0.014127942140608802,0.024126137479266264,0.013289963209453352,0.025985453908517312,0.026121790435033404,0.010876549963358595,0.0443709018227294,0.010863749111483464,0.003995592954237789,0.014288115071179107,0.0072789372837795425,0.0029476190397031412,0.01918144871293971,0.022356664049109288,0.014087750795735718,0.0,0.0032311446423877975,0.01783669166813632,0.005025744065875933,0.009681169615160062,0.0,0.004222184083558593
76561199104812024,0.059309612196405195,0.06747430086027303,0.045886066601716576,0.054147770347403416,0.02101344028122791,0.03943725796603306,0.0226144938693482,0.045196762775726325,0.050882381180400824,0.02151148370238137,0.036164197658086775,0.015999921072420074,0.007663166089282997,0.04879143547201081,0.017350361443136973,0.00971221078035847,0.02671346162122782,0.010638684248661039,0.030552471615109048,0.012994146757709955,0.054504450624538604,0.025924372159450638,0.0,0.003548726417988293,0.01026360079733192,0.009397936206599665,0.0,0.0,0.0,0.007675651735153299,0.03763766326053747,0.034153096126210175,0.008303414029054717,0.016642212056533174,0.004927369101070001,0.004212136898992116,0.011559946584148165,0.01026360079733192,0.013419808289166293,0.004959820103304713,0.04892289776066021,0.012806095846447213,0.003628028594662342,0.00616515899535643,0.0029630325135077385,0.009761353773429893,0.0,0.004470567105529664,0.009835433684075598,0.0
76561199105469404,0.054995729902292484,0.03557737350189876,0.027268424124621174,0.06537547251356705,0.013527169410438415,0.03287614984821558,0.045180106867097905,0.04379172004899644,0.03738547625033711,0.02164385574428031,0.03626844253275516,0.0,0.013466860336985024,0.026715820069868196,0.03772561418967459,0.037981826925183766,0.00923908694866535,0.019122975284455692,0.03596338281999694,0.014877491813050082,0.02469631385876155,0.039645243071097354,0.017181801884418844,0.024808297078336934,0.02027091475404707,0.01609474340399043,0.024979384578334384,0.003155578098974764,0.0,0.02963287031072201,0.015822520194365915,0.003991793206986829,0.02134080469561742,0.015478667954544117,0.0,0.01808738310506625,0.013199842086872499,0.007389125102035551,0.006743745343608653,0.0,0.003991793206986829,0.024291309783595685,0.012107694221136651,0.009342530417284922,0.02134080469561742,0.005617198873000539,0.0,0.004534465888836657,0.0072721950533807065,0.0
76561199108308292,0.04843869539905832,0.018806619761779445,0.007589171000370384,0.09245486421028266,0.016947235819124645,0.007163225569911429,0.04414881747719872,0.02626832934027218,0.05514448168519642,0.0374232710368504,0.011047459970256602,0.026298082064686652,0.005062954735512418,0.051443877277818656,0.05513109224994826,0.0420531583337158,0.03456624502240485,0.003390129820475636,0.03034235370973171,0.01020595136225584,0.02562468274958599,0.025217676823990887,0.008537125715876925,0.0,0.019375327952157857,0.005379393657916615,0.006907861960237742,0.011485952879941372,0.005334538024150963,0.03464201527788344,0.016426853628173217,0.03335298329125235,0.03413816925738081,0.0,0.0,0.011210849821633681,0.020237531894065554,0.015128862837724221,0.03146887744007157,0.0,0.010535660689169094,0.02360845557398864,0.011910733546416159,0.0,0.0,0.0,0.010249453718221712,0.007209503478333255,0.008091473934976947,0.0
76561199111379022,0.04872724782733657,0.04969972510076974,0.023379264383726707,0.04682137155105486,0.04753218820562045,0.02172694263049668,0.027178291285253457,0.06236100849350697,0.025464581052514115,0.05019250367925806,0.015423950308396838,0.01688838187797555,0.015763328022793264,0.018825624052328623,0.01942793398547672,0.03856987131106078,0.027850495976651325,0.01818457253793909,0.026594847749306434,0.036225801025630874,0.01907485910703175,0.012737402943612879,0.0,0.020848222220693758,0.04879956034861773,0.03110132667599066,0.0034346167578299413,0.014062364813596462,0.00763280442931854,0.011702823316366337,0.007197727167418409,0.008109739090448292,0.007182889435742737,0.02021477575264411,0.02144498915226143,0.0,0.0075411593791656975,0.03108302937682503,0.01948575920186597,0.003352907980647523,0.003718984216531786,0.024265721804096876,0.008877746025166324,0.0,0.003459216752800482,0.0,0.011665506482041035,0.00336106913575382,0.008278179859216566,0.004528687517218745
76561199113407300,0.046603149489396006,0.04797416052235822,0.04206840390279852,0.07402093794308764,0.007319888233076619,0.029174203898099594,0.01924752278150913,0.0466045920124075,0.07402093794308764,0.035519314685452226,0.02982958099191728,0.01087408437828308,0.0,0.0770084963270653,0.023835130259271194,0.03629104146005771,0.025162789325664302,0.00769367635931389,0.015056324501182588,0.0,0.042966696871159574,0.04331360229504414,0.02024255264700719,0.0,0.020691608649520143,0.0,0.0,0.0,0.0,0.01412521734556271,0.023453776985988373,0.02974538600498357,0.0051732677317211,0.0,0.0,0.01566039326565943,0.016253181554097593,0.011060943546173454,0.010616660703914182,0.0,0.020144805249642104,0.03774633997349244,0.003544580058835662,0.017855041414457686,0.003916597629029921,0.0,0.006532138442813313,0.0035306691809226507,0.00512230543594642,0.0
76561199114607305,0.038592798799828264,0.04558238444244281,0.008658100504979171,0.04371293036430903,0.019074934711072654,0.03668229702902699,0.06588288956211996,0.051707865995761174,0.014302743206432593,0.02376144368880475,0.02615140645331501,0.006781710490728797,0.008131012091978666,0.019406326857378045,0.017453636070041627,0.01162659235066234,0.005043141027700774,0.0,0.0067569593356118585,0.03616335332494095,0.08484739375685284,0.0,0.04105816734172806,0.01980989890980458,0.03361017651183263,0.011291816994647402,0.056434735914727606,0.0032876146535444134,0.037422041235394894,0.00839586052694383,0.019617183923860252,0.008841013498906005,0.003614959477278398,0.01552032551748789,0.037002976742106175,0.0,0.005043141027700774,0.02234292657551974,0.017849528015469115,0.0,0.008603729565860049,0.009974871803817682,0.01804681622805463,0.0,0.003614959477278398,0.0,0.004869633015050481,0.0,0.01927005841831703,0.02415764456068167
76561199116914150,0.05799080239131073,0.0662388176242512,0.048211518905586115,0.06863587453345041,0.019120396412675707,0.0343006873532741,0.0199395098927061,0.03530079756510806,0.0409035486237149,0.031650969870900623,0.025619609537073856,0.015030883119858835,0.009413696756464652,0.046042635175537326,0.034080604240467514,0.04061920808717734,0.004384824310845999,0.0037662520775180947,0.01909228743940711,0.0,0.02122852958968307,0.029524751077814368,0.008755769870654344,0.014251792011103447,0.017802805148397962,0.019120396412675707,0.0,0.014251792011103447,0.0,0.013877361910882421,0.023893810550322275,0.03181054415855175,0.008802408965927645,0.0037367710539070284,0.0,0.0,0.022293392157578123,0.026739128212059395,0.004708811062928881,0.005304068595312876,0.017462693800475323,0.015615845618308682,0.008261296606797919,0.03215042394364933,0.014883448540388157,0.0,0.004856953199371718,0.004011667623836793,0.016312613960940685,0.0
76561199120414873,0.029392064013771008,0.0735655180792635,0.01611051701664732,0.07405294616068535,0.014935528078505041,0.013072743555849078,0.023195941172975153,0.06646170663881883,0.0797101368754758,0.012065320694927287,0.03546941262609899,0.02680628577524661,0.0,0.06460960188290692,0.0060596863225806825,0.06268394226847723,0.024556487631016578,0.003680668691383498,0.009219973408177934,0.0,0.029554329131101807,0.02038142461134961,0.035432038124940606,0.0,0.03823804046067589,0.0,0.017191426578067003,0.003680668691383498,0.013030829576256918,0.015384151644831421,0.008518432285582451,0.028928786866669668,0.005773979405363645,0.005533283237504979,0.007495667685306877,0.0,0.008161735501158469,0.05192171782511118,0.006507100770806236,0.0,0.016799608004630682,0.005460781706363265,0.0035180809058016856,0.002541605416778997,0.0,0.0,0.017699349107607776,0.0,0.012516951211868174,0.01008153035803242
76561199120639628,0.056129497827274034,0.04920825698710339,0.006390174057679949,0.05244790628861937,0.0,0.0090417553723971,0.012699210181315179,0.05086824418247771,0.03600956423098545,0.03245891291884178,0.0517971635010192,0.04485778948142435,0.02108106428456976,0.022139042494865414,0.026519863544037795,0.026360506185112962,0.012933560359721935,0.0,0.013263819797934139,0.01469089022688981,0.08269529590429715,0.033560737080963146,0.02669647271294623,0.0,0.018161862177067067,0.0,0.013556011538587473,0.005649134854492713,0.013925871000894862,0.011862879325604385,0.021391945183044644,0.04893802162051687,0.012256586862935976,0.0,0.00790687668409476,0.0,0.0,0.0111117868502446,0.01963970026188855,0.0,0.04430896801874063,0.030400147200351047,0.0062137444711116725,0.0090417553723971,0.0060428423918243036,0.0,0.0058834850328994695,0.0,0.019956174183128304,0.011902479349699568
76561199121565961,0.05836623647407965,0.042547811228294846,0.04683659586523286,0.06773435685838615,0.006745107926612206,0.0367116686848655,0.025484209939332314,0.017504194418852318,0.05659439076274453,0.023753674975604246,0.0425376273864869,0.013204578584286577,0.01753361377176786,0.0473393883349678,0.05079685327087685,0.028706451742485595,0.034014866430609,0.0047749535882606305,0.029757920934142854,0.012720249854350725,0.016147778905584557,0.043615961473461334,0.011917258340098222,0.020281019037753163,0.0,0.009616277279950932,0.012995845810679686,0.006745107926612206,0.0,0.013204578584286577,0.0334376113991183,0.009350258328651788,0.004689599830063712,0.020372195139735108,0.006745107926612206,0.010639553456564602,0.0047749535882606305,0.0,0.013204578584286577,0.0,0.009350258328651788,0.009350258328651788,0.017437074033497372,0.019741204460318296,0.00577414280305704,0.00594677992557428,0.0,0.0,0.03099784547629039,0.0
76561199122736062,0.05287081756484725,0.02863197330110645,0.06176340448646571,0.035547998200152184,0.0547252175491104,0.03185435675862036,0.040070214080565186,0.030780711629369163,0.015992583004260513,0.034192543712829156,0.015016225680830761,0.025380907608053994,0.02711201151001397,0.011203620954012103,0.011117559449543788,0.010443630075541577,0.009889848629053082,0.052961167756972134,0.05232144933941385,0.024532017888303424,0.011203620954012103,0.00474704940477548,0.0,0.029948564294277877,0.010443630075541577,0.027557271509760842,0.012446043710953657,0.022810041079266218,0.0,0.0077044345970559616,0.01886111975348171,0.011203620954012103,0.02539252127463113,0.02072112537807426,0.023596350027827263,0.0,0.020768199878859854,0.010443630075541577,0.025126043604076,0.015598403821524337,0.011203620954012103,0.01832023300069586,0.01021555971743074,0.008564582997807876,0.015971664052105317,0.00588630898573282,0.004858100719478385,0.0,0.0,0.0
76561199122977950,0.06312889183026187,0.04106189491750218,0.01321302540188507,0.03786294035650249,0.036902691244408994,0.017640617159403134,0.02975910922519754,0.06366969183453461,0.037329256831305904,0.04365964237522337,0.01790225018800951,0.006135152813235512,0.012786777227838355,0.03138768923961098,0.02333423985877108,0.0544581016056045,0.04757814690671662,0.0,0.022014833849898517,0.008037471945428634,0.02771076775478997,0.009740589516098363,0.025713444710102753,0.0,0.033269624114064054,0.011678866037207117,0.011082279765686254,0.0040911600405959345,0.03170491656819756,0.023892749173968164,0.013389240389446186,0.026544077544809863,0.004694771227728861,0.0,0.00445809060125458,0.0,0.0,0.029855064358789322,0.0,0.014200060008835315,0.020159792340191555,0.0315829559916693,0.010490428730476897,0.0,0.005271842718158759,0.0,0.023645787042004134,0.0,0.014474942803338595,0.014486123751247635
76561199124943008,0.053959374090593606,0.04528613124915439,0.02626047145246746,0.07926927954999463,0.008371081373204255,0.01927663600310976,0.047189459569078836,0.04723884330306359,0.028706773189951053,0.040983283241441584,0.01773685789833438,0.02013648786384808,0.015140783827153018,0.02625751902683423,0.06377881925976009,0.04121952849112014,0.01922516617420735,0.014024671199509826,0.026982102805394197,0.018959707589323277,0.025404757107719913,0.028753608592162024,0.018155125645878928,0.009331616545071626,0.028145190083920805,0.0,0.0194578596468431,0.013173188239444633,0.005100185336755817,0.017398254587265682,0.0179233628468902,0.005240478411790849,0.028970833695017514,0.0045050073530985444,0.01019379523014997,0.004285547431622355,0.0147472574394022,0.014507569327702901,0.018199797915847808,0.0,0.004368789431795215,0.013644196199579565,0.009957715010360321,0.0,0.013034487888334863,0.0043257699749962185,0.004313205537797719,0.0,0.0068594233630073845,0.0
76561199126132515,0.0,0.0,0.0,0.0,0.0,0.0,0.0,0.0,0.0,0.0,0.0,0.0,0.0,0.0,0.0,0.0,0.0,0.0,0.0,0.0,0.0,0.0,0.0,0.0,0.0,0.0,0.0,0.0,0.0,0.0,0.0,0.0,0.0,0.0,0.0,0.0,0.0,0.0,0.0,0.0,0.0,0.0,0.0,0.0,0.0,0.0,0.0,0.0,0.0,0.0
76561199126787166,0.03995138875617359,0.057857489809717125,0.019026334316801036,0.06264685532933964,0.027813958198386904,0.011323833762718704,0.025236571857018254,0.06143257614516139,0.020637647151934783,0.04866850090337129,0.024284682712064135,0.010308209072617683,0.003755987078624086,0.020976501096248854,0.025700736347581857,0.06214764913848316,0.029149451731864486,0.01155871782112827,0.0227766802866848,0.009770069573660368,0.011823576583052076,0.0040861265811893135,0.011422440457163946,0.00973561463608972,0.05472472243307481,0.01980358159415608,0.004562303994388544,0.018695205888278565,0.002961563301438021,0.01479378948550909,0.0040861265811893135,0.008559793548136916,0.023734341052151227,0.0038819813791150224,0.00610719456833827,0.0,0.021470450973297552,0.04031420683751121,0.031423483114633693,0.0,0.008458771036614104,0.028379132143766084,0.0034480726098422817,0.0,0.007676736442013248,0.004562303994388544,0.0357630870084799,0.0,0.011040543606213083,0.013461009060389034
76561199132474887,0.0,0.0,0.0,0.0,0.0,0.0,0.0,0.0,0.0,0.0,0.0,0.0,0.0,0.0,0.0,0.0,0.0,0.0,0.0,0.0,0.0,0.0,0.0,0.0,0.0,0.0,0.0,0.0,0.0,0.0,0.0,0.0,0.0,0.0,0.0,0.0,0.0,0.0,0.0,0.0,0.0,0.0,0.0,0.0,0.0,0.0,0.0,0.0,0.0,0.0
76561199133897762,0.05612030748299203,0.044308117246319084,0.02733016379570927,0.09646026208045008,0.004206677582551392,0.01838530689942782,0.03934255285476093,0.0443539468014845,0.055401439473417614,0.03019457610572722,0.02215246370324074,0.019436152041643843,0.003602158642175727,0.06074933745279455,0.02756445938648186,0.031635711018539805,0.02956624186538036,0.01284143654739874,0.01607803070920869,0.008661827871490809,0.03822137240893696,0.02273518508707227,0.008153072129851993,0.0051900456071317415,0.024099214192960967,0.007692295642224615,0.004206677582551392,0.0,0.004881395443882831,0.02653508576111274,0.020681910559911112,0.016735212924103206,0.0079104142435818,0.00890406078325314,0.0,0.011763347681550384,0.018541288059625648,0.014087573793027703,0.014499899239090105,0.0,0.01379519249646006,0.03276233110509009,0.014706404915145722,0.005071145341552858,0.0079104142435818,0.0046658710760339814,0.00960026618423486,0.0033777584929541274,0.0,0.004881395443882831
76561199135584637,0.0,0.0,0.0,0.0,0.0,0.0,0.0,0.0,0.0,0.0,0.0,0.0,0.0,0.0,0.0,0.0,0.0,0.0,0.0,0.0,0.0,0.0,0.0,0.0,0.0,0.0,0.0,0.0,0.0,0.0,0.0,0.0,0.0,0.0,0.0,0.0,0.0,0.0,0.0,0.0,0.0,0.0,0.0,0.0,0.0,0.0,0.0,0.0,0.0,0.0
76561199135781565,0.03222402818517055,0.031064457591843033,0.012712956936777119,0.08367502679087574,0.01420277453715412,0.016362934598752342,0.04672397497435215,0.05362738045123187,0.0897184592419354,0.020104340904737106,0.026403913395910854,0.009505549182305197,0.00035429609802284194,0.0787866798683161,0.023092215884327135,0.007594914829844631,0.001159570593327516,0.00913609862362457,0.01648227156702646,0.015954160393851686,0.06563776398570975,0.025387529229093327,0.003524750449036783,0.010281294433345252,0.026026280774558888,0.01628166948712442,0.0,0.0,0.0,0.026805753551418277,0.018081195646055363,0.027801352887138836,0.008328510292199413,0.009398389255833108,0.001627097645518241,0.001159570593327516,0.003564451580819103,0.0020892822364003247,0.030750302948705503,0.0,0.05659337497585348,0.0464699456344164,0.020951775599282713,0.0,0.0,0.003564451580819103,0.0,0.0,0.006789252563957771,0.0
76561199136746247,0.061189725449372484,0.03073869419914832,0.04038172691744153,0.032087990526949925,0.06662927425082346,0.0529118251558582,0.05900854402530579,0.028787473243567847,0.0386323567344005,0.02431238820964056,0.021475127127446873,0.013929028384691386,0.00857213036993204,0.017104986342687138,0.02710428622230151,0.04233497411135516,0.02220770712762975,0.010837890990110755,0.04387974199903802,0.039655801822200284,0.0,0.01111548437354697,0.018347806404465566,0.00552123462185281,0.014408728357723805,0.026268853826231064,0.03836859346314298,0.03601794386549032,0.0,0.02339540772957456,0.003937398081496926,0.013626303652781528,0.018711574540390862,0.012085009100842637,0.00374843712204605,0.007277136923128316,0.0072701002568518955,0.011331160057825399,0.0,0.003560754066982439,0.0,0.01147584978117544,0.0,0.004260209158779409,0.014647192706962638,0.008324590992207634,0.0,0.012219111152304705,0.008551009432248489,0.00374843712204605
76561199136855449,0.04259972461359116,0.06612701908669785,0.024571160883111273,0.032960493662255334,0.039337788226306174,0.02755667872194442,0.022926291396589353,0.06781543709056723,0.012908142445513065,0.024989806561115543,0.0,0.026916120044684532,0.015214685216539285,0.017109347211277874,0.024610471477056185,0.030216083587029673,0.003941056998836165,0.007230291633462859,0.04192471410519161,0.029123554453805715,0.028228035952933737,0.004729407442411005,0.009705384373174468,0.012885691837318648,0.033497392291180816,0.019091996705067664,0.007262357413837972,0.007338208018543983,0.033262248695785326,0.00738591199813247,0.009976402871144738,0.02213626419772774,0.011629068078518138,0.016829599413283342,0.0032606390549253057,0.0,0.004800424664082242,0.02046079448377551,0.003973122779211279,0.01736853832194178,0.05617637143729274,0.03612870143956787,0.023239610779907608,0.0,0.004322925840349268,0.0033650852393327046,0.014574704374523018,0.0,0.007137581552104969,0.02315466332835041
76561199138247965,0.0586995005223297,0.026854216435177294,0.03525114317230593,0.06993378706225914,0.008738052903525717,0.036349543373605187,0.024373649372820376,0.01805035183505044,0.038698967251707454,0.03161977294851635,0.03383901723948473,0.023991646870572533,0.01499333072521283,0.04578947155719627,0.03416717291477785,0.026305730658798827,0.014350309583905704,0.015370892671550163,0.04840353402071824,0.006670374586989513,0.02481153882905142,0.02318305866455177,0.0312717071788478,0.009034393573843093,0.01770285388913794,0.0,0.01674756568346708,0.007672659590856441,0.0,0.021858345320527987,0.017608245620794893,0.031740582383263986,0.020150153993202368,0.006241782906757901,0.0,0.012860019362052494,0.00868104135187618,0.023434366528346916,0.011777580847567679,0.0,0.014301427352268978,0.018595345369032155,0.007281676141826257,0.02111248364980861,0.016117609446135637,0.005062275672599637,0.009480931421501408,0.0,0.01082188951617733,0.0
76561199138513253,0.04979968426776413,0.06051781149668436,0.025780771332453375,0.05753610033392129,0.0,0.013410577965350107,0.016063489739608885,0.04635185938634296,0.033578771811647645,0.047391911546205014,0.03956272618992515,0.011831226607499254,0.018806812412595526,0.0207307534141261,0.032982877031315826,0.061803208987891385,0.01232689189038216,0.007318202947086902,0.015569687868960678,0.0056946638248283245,0.04229616313227259,0.027801262922500437,0.034618275830796484,0.0,0.04265330621692201,0.0,0.014175770770309622,0.0,0.01281693165153986,0.015848483174544264,0.02704844147883133,0.010556896701173704,0.01046977172110231,0.009107627407498006,0.0056946638248283245,0.0,0.021752649758715107,0.039847171041509734,0.013245483664167607,0.017934122336107843,0.007541644311938899,0.010556896701173704,0.0,0.011954034291056919,0.007318202947086902,0.0036210570305739206,0.02809305628366724,0.0,0.003653587202985564,0.004336470544108639
76561199140016913,0.08323325806566627,0.08476179149835854,0.06430941347548283,0.02918887242098221,0.02018408586089144,0.0559807968028238,0.02912465631134292,0.019944541767677473,0.018966208124315462,0.03422721824542179,0.07103866176330534,0.011001230307659387,0.006697133531318282,0.012615784112324915,0.023825333603492888,0.019390617544816344,0.010555077159456383,0.01560309349486348,0.023763220977438524,0.02354946871214389,0.01175053854706824,0.01605489029846728,0.02762669484835803,0.0276983663074053,0.01358194016449716,0.013824799780706958,0.00631951196512072,0.009942722088786552,0.0,0.014604258648457236,0.00647476911322235,0.015935058185305075,0.0036858828340192765,0.023140947592576865,0.013901039071226749,0.003429210230425367,0.03440024722825147,0.016552951381527608,0.007530100951283923,0.0,0.00922750924917088,0.01640793504931177,0.0036117314962168657,0.03528751617238005,0.0027658889141071565,0.005761996804427588,0.0025230292978973587,0.0,0.0,0.0
76561199141759033,0.03311516970438072,0.06326537366594527,0.02001191380660546,0.041860607728386824,0.05147520165554565,0.035548284157935824,0.026487114904338492,0.04638659216349067,0.023625286433038805,0.01684244262151677,0.028074091502658226,0.03760375868571051,0.020856157025079806,0.011583286417372886,0.00788166749003618,0.027346198038151442,0.007452184993471043,0.001995874934970271,0.03959617623761797,0.01092273889032267,0.043218553350056324,0.00788166749003618,0.02515501381743097,0.04002119475649256,0.0373680338296344,0.02154467662180042,0.05293561835205552,0.002030184837933234,0.024206023885070205,0.01702207471405826,0.0,0.024591734052288195,0.007100172025730437,0.0,0.006420885717331798,0.0,0.0,0.016554063583317756,0.003939118793222174,0.0,0.014050102537351882,0.021475834693292846,0.0,0.0038131664783171535,0.00788166749003618,0.02011325512747223,0.012585806110809837,0.0,0.021055178820346254,0.017105851859339768
76561199142951886,0.05399944158987914,0.06464731841843153,0.02622402882249082,0.07244038189491145,0.012848778437699099,0.021847284567407147,0.016005634014700072,0.05756318443122573,0.03397058066705596,0.01794050852406188,0.035800924033644106,0.008728173126441292,0.00512385022341208,0.037138131533036564,0.0242335436990946,0.04581837844026239,0.019041814862103795,0.0043872406188759025,0.015275813019340693,0.010383102350757215,0.03277117308650984,0.030797259490148516,0.017667301581276877,0.006301621079559059,0.03691029346592292,0.012848778437699099,0.008653787465012776,0.012718230512145814,0.012813245412700415,0.005323804560801017,0.026872996150343793,0.01473925635640462,0.0043872406188759025,0.008763543330775643,0.00427357909067278,0.004479564191107477,0.00427357909067278,0.032639905302651526,0.008837195379045495,0.004365002976166414,0.023703245825278104,0.02466245222369134,0.023214406588842162,0.004407420382815726,0.008752243595042317,0.00849113788392131,0.01492066239531894,0.004081481271198157,0.009531270606227807,0.004380208374339996
76561199142956823,0.06773085716409265,0.08455640003228868,0.0016227960165103442,0.06718621843347804,0.004568723942327946,0.0011071734233159482,0.010950583393417274,0.04730550049698971,0.014357909742252505,0.06472076288636174,0.05739347158510498,0.026448509580122324,0.005937686153266757,0.015519338435093968,0.014327820592400993,0.02025564061768201,0.0011071734233159482,0.0011071734233159482,0.015344762736127277,0.001664149600589859,0.09215298100347283,0.021715186610129337,0.0,0.009303363310498174,0.016247580590896434,0.0,0.03845954545154743,0.004671288762754469,0.04455018479295404,0.0,0.012701785062576422,0.015108093753456953,0.0026030525370405256,0.0,0.04528288716259603,0.0031752994030940624,0.0011614286928414634,0.011436147936108906,0.03310705201201894,0.0,0.012005852021607255,0.07853709345076737,0.0,0.0,0.002295433447786109,0.01692380999042685,0.00465329593990339,0.0013926230789699668,0.009303363310498174,0.0
76561199143159259,0.06247935848558539,0.0315366583245001,0.04172471683946988,0.07888918082358737,0.02048329968144579,0.025044121603017482,0.037281578409385875,0.02586638115434202,0.03997889170746253,0.036707933446674584,0.01475672082531912,0.04985844926743903,0.0,0.04705322629715006,0.026617289450166372,0.004526204783551099,0.02637884515219765,0.023695697743127506,0.024321860943668058,0.008308558307275973,0.048320314325334325,0.00477142044917065,0.011851706575792107,0.02043054383046679,0.011147773525374797,0.01611521464801228,0.028495065127555466,0.030871667686569754,0.0050489959934434826,0.018053596596558242,0.0,0.007077569334237786,0.013056555847058997,0.017985523150699075,0.0050489959934434826,0.0,0.020347801953838562,0.0,0.032360798174271864,0.003758930614337249,0.012623166153862038,0.01822534285961258,0.01677220916971857,0.004088996019918004,0.004526204783551099,0.01180756057054703,0.0,0.0037391389678581703,0.007965934403401953,0.0
76561199143328855,0.03626840125704027,0.03859711284519013,0.007115181927309021,0.07364776077891097,0.006289418994613398,0.01866207052866492,0.02491433591520329,0.030150771676739765,0.07697954130349008,0.04358027401244672,0.021128644689091227,0.009838101586508616,0.0,0.059919912596222355,0.038638966426948876,0.04018887308091977,0.00787578860922613,0.0,0.02415817040159132,0.0,0.06092184164969448,0.022111637481500936,0.009672585472909402,0.0,0.02479060317466151,0.003166663246648099,0.00872661166322347,0.0031227557479652987,0.005603855915258171,0.018042078349139883,0.017114767427625428,0.04892918460330609,0.03246802956061774,0.0,0.005603855915258171,0.0,0.010028074853376876,0.01145142836744479,0.00994708515142278,0.006354258807881966,0.04358757169866787,0.025889991065434836,0.0,0.006354258807881966,0.0099579330449413,0.006289418994613398,0.013004388038513382,0.003166663246648099,0.03574113108524721,0.0
76561199145933358,0.05979320006267535,0.043901077919611675,0.026166420296177578,0.06769195593164103,0.0034698316149846787,0.030955558921344276,0.04441191608595243,0.01802763173267027,0.05803569096054232,0.019591023855546057,0.024731146750484028,0.03413521229234698,0.009522521747190014,0.0517919447041938,0.023412140666440873,0.017548630994446465,0.024446881089880072,0.003523891348566084,0.03330115363971586,0.003719255328620513,0.05014524949047,0.028225084053888877,0.02282021177142402,0.0,0.013716005729866422,0.0034698316149846787,0.015242915558652845,0.005720393811462832,0.0,0.021302099367600517,0.032313703204702296,0.030039729471173105,0.03042312066238378,0.007443905047141254,0.003719255328620513,0.0037146486156969635,0.0211755641316551,0.0034698316149846787,0.017025742777817442,0.007203680316736589,0.02424238249267744,0.014130311782813845,0.005720393811462832,0.005803266418569501,0.007067819383518881,0.0,0.0,0.0037146486156969635,0.023973118982968215,0.0
76561199148191143,0.0543303144476227,0.09696340518552031,0.00418859450611529,0.08462872238403871,0.004394012642344296,0.004863673425636623,0.018388325708513672,0.06718608705088738,0.03678486833047192,0.051656763687059,0.033288530741836894,0.019648035147621798,0.0,0.028857428255258902,0.020498226624981845,0.03704707007077198,0.009661800269492015,0.0,0.0,0.003046271990605285,0.07327750038659579,0.013353850313907808,0.00866703601039555,0.003046271990605285,0.04045428395917539,0.0,0.014875500993816418,0.006657764316476547,0.02148346992141531,0.005281237202888005,0.01357420445128785,0.0034333853971507903,0.0034333853971507903,0.0,0.013583527463251541,0.0,0.004152570448754409,0.04052495378327026,0.04909333570738422,0.0,0.003825647237511242,0.03254511224092593,0.011939001519364553,0.0,0.0,0.020975769986283237,0.019881082072934105,0.0,0.011721686990881122,0.00878729173979518
76561199148448392,0.09010023989551201,0.05254720853769953,0.0499127189375092,0.03571771187084722,0.027754220706204275,0.049650700956611955,0.01597816883552467,0.02735132633432363,0.005611977421643955,0.029237457105605595,0.03269474646077405,0.024380032675211608,0.04339992326903076,0.0,0.022783755892178105,0.013447402986455982,0.010292233152982574,0.01613462192833335,0.024535743753305903,0.02883529419898044,0.018001821832778996,0.021529157655686124,0.03139158469694231,0.003607901171830874,0.010212679739910012,0.010212679739910012,0.014735410183832365,0.006994202787011636,0.010292233152982574,0.016816102147165436,0.01322385823273359,0.024614026364231562,0.0,0.024596753616896956,0.012350232346992005,0.01415589471072791,0.022867635214777013,0.015055016931527972,0.007817823110340719,0.015247921581174393,0.02826364056750988,0.029281183846191612,0.02133563989659114,0.016907519963300578,0.010123595590219428,0.0,0.0,0.0,0.0,0.0
76561199148775972,0.05058145702178882,0.05202895397398216,0.06114491487834295,0.018042161479121806,0.026303600922417108,0.07014847510635147,0.042933142437210636,0.04470814961219408,0.007904615021004289,0.019160064885983877,0.05983720341033012,0.018018779922866317,0.01702057592536508,0.007904615021004289,0.007580275866894893,0.00839135429078043,0.007893637500139045,0.018528900748897948,0.02636620618870952,0.01627258775552923,0.01013754645811752,0.02585036583613776,0.009440300058470186,0.01711359829703461,0.009719764827513692,0.01791224663163668,0.00839135429078043,0.007881233464748798,0.009719764827513692,0.042933142437210636,0.05999205701343593,0.00839135429078043,0.0,0.01546150933164369,0.007881233464748798,0.01629596931178472,0.041931307465593586,0.0,0.01013754645811752,0.0,0.0,0.01762437984851798,0.018444691321302928,0.027884991379773117,0.018173724384586535,0.0,0.0,0.01791224663163668,0.0,0.0
76561199149640219,0.018631528906078266,0.03374615939532499,0.016887437168283174,0.055883543783556304,0.04771986067303066,0.0072678007686341325,0.06043406707763093,0.03007809527883055,0.05614795028159005,0.010023272447570493,0.009541036496769323,0.014059428318721751,0.0066234351610874485,0.0481898023336774,0.012836736459060395,0.02507851264421016,0.02005550596756643,0.03765754333869604,0.04162841424987974,0.00959362412571011,0.014174213785353653,0.013472703361738007,0.0072678007686341325,0.023707656877082633,0.025378881635306726,0.028897494415326665,0.019033757963695948,0.024676505859712688,0.004267731217590308,0.02951566631983241,0.0,0.02237697463744595,0.020543860142183828,0.017401822337017415,0.005142522033974366,0.0,0.0048309896736998,0.016808542392523367,0.03509751126829608,0.0051410558379948205,0.012979002832452605,0.020343799590433066,0.004451102091735743,0.0,0.004270668263589728,0.03547957414162082,0.004267731217590308,0.0171629072128813,0.016958038028788997,0.004267731217590308
76561199150096251,0.04888996884387705,0.04926572718139802,0.003967020186370382,0.09878067302095708,0.013707211115397773,0.01146234538352757,0.04095256092088595,0.035635254464613755,0.08005267794634204,0.007689791280900136,0.01180925547452453,0.023238462522576307,0.003454809348689941,0.06696664686252424,0.02105942034774068,0.024512393293649494,0.014034486588478938,0.0,0.03214151274764385,0.014667063173265655,0.057089794490926736,0.013783264490777712,0.02093961289823048,0.011216746212204053,0.006923885610477763,0.0,0.013896959323880232,0.003454809348689941,0.00376027454863388,0.012617339422574913,0.020161398477803346,0.057637432594360515,0.0171349327466198,0.0060561139113994075,0.0043124439457618005,0.0,0.0031636110618438835,0.00787985150908277,0.004368352892928313,0.0063348884886259525,0.05151680923639697,0.018060149059001978,0.009816388460033288,0.003967020186370382,0.006166852236012303,0.007980989567746193,0.006573873305311019,0.0,0.019138650722309202,0.00376027454863388
76561199153422953,0.03894825863783849,0.026821732004311025,0.029993325987685664,0.08945330241855197,0.008627495942365792,0.015835034681996315,0.0383418009514613,0.03543136422698378,0.05859114314457874,0.010105142853534753,0.03502701561566857,0.021027837051323064,0.005934721437134823,0.05014933112302218,0.03582242350728297,0.02936939395145653,0.010191144996903385,0.019009256998718194,0.04820453601750263,0.024896541887054466,0.024444391042181504,0.03380553984118037,0.019984659821013794,0.013224232694589692,0.0058788968767102,0.0055760158590962,0.011011849136650573,0.0,0.0025245357758266066,0.01195699846686567,0.013340757247480427,0.027917638311964338,0.007567032496888316,0.0034351326580364886,0.0055760158590962,0.024943494562079883,0.022939663217420508,0.008930376959979794,0.009466094830836031,0.0025245357758266066,0.02835025214068112,0.035819247953106,0.0,0.005934721437134823,0.013049588564855101,0.011946530022942787,0.0028274167934406076,0.009280548114693503,0.005963030104048131,0.0
76561199154157581,0.07281790885812647,0.0380510237980956,0.014194966569972592,0.05441225125795637,0.06096372086126664,0.025846272212485002,0.04670114387110309,0.02932187745030348,0.020180018714989995,0.0423311288482694,0.008679693998852009,0.02758820789307391,0.007838697180251718,0.012262939113662464,0.051388525668251986,0.04543745282721248,0.011983740258313278,0.005960685454669894,0.052807269975151255,0.02841922650337181,0.01625089940118227,0.01408646688958538,0.015690923888833773,0.01024343168061828,0.019059857229327383,0.022011320210908004,0.0,0.02161973545081733,0.0,0.03656710778085744,0.006561216102333954,0.018633518114272943,0.02023705667882465,0.007932878308406513,0.009082742013321146,0.0,0.010595971510702832,0.02539301942320811,0.018652122049376725,0.0022501738335044563,0.006239674463772909,0.011282982642944007,0.012380924523367443,0.008481323055859327,0.009571468711776226,0.0,0.007600424884551736,0.008755896053519003,0.003632113782748694,0.0
76561199156024770,0.05536879060921985,0.04092487980285106,0.01850975500243616,0.03157327162179958,0.0701938538219414,0.023907982204691057,0.018733781621272483,0.04649533389779652,0.01310756480067631,0.027368582691375116,0.017808797104587448,0.0195316645443811,0.008924293453374232,0.00899856977554169,0.03648888625498248,0.05918351429183367,0.013794073018086465,0.004419448928620089,0.03271999167094834,0.01977515432377662,0.009419472850268085,0.022984190375560085,0.013767299216182857,0.014562407384984783,0.04051436360574598,0.03288459772131905,0.009910777005177196,0.018661034910660377,0.008854121633435748,0.014489426124279788,0.01352856631419334,0.008786025210809699,0.032059069960908085,0.0050739153686331275,0.018386005916825637,0.0,0.00880759274758985,0.027652564112510367,0.0042889221992500485,0.00999438463769436,0.0,0.012861799493235609,0.009239644114943293,0.0,0.02316510040764596,0.004717193517251478,0.017350236062397814,0.009421429335138372,0.026540000593695167,0.014251669739472127
76561199159246290,0.05587312715078703,0.05061547504956051,0.04798651593485641,0.009540928232911776,0.009550245192099903,0.06358674075528124,0.01028083127161133,0.03188266095473397,0.0041182582445382825,0.02620755860295804,0.0467573280718681,0.02727293079734657,0.0747492933812329,0.005541334345623641,0.005265353104182313,0.008367943009979702,0.0,0.0046304865346761944,0.029230801335432485,0.01028083127161133,0.005015478167429016,0.011956287817359215,0.06268400439325712,0.02281352072856004,0.02471577705573829,0.005541334345623641,0.022562268003833357,0.015392722537203524,0.020402112808538837,0.0,0.027914998966177364,0.030667295172473703,0.0,0.004275575128729462,0.005015478167429016,0.004275575128729462,0.010650679436320544,0.0,0.004008910846476261,0.02884877918679998,0.03537801993917953,0.031184944036930565,0.02170813422444676,0.03959529998084448,0.020688816262064764,0.0,0.008367943009979702,0.0,0.006229458404603881,0.008367943009979702
76561199159754169,0.04046659077261974,0.05252141055206822,0.0031693103156333236,0.062149144032202994,0.008555062247353109,0.006669389215497265,0.04194698757791098,0.046976019601109,0.011175113381274457,0.04341976724291899,0.013904596958852839,0.037663289365716696,0.003353424232389347,0.01434442369690778,0.01994821074860288,0.03827713218013592,0.024781488323590534,0.006628455196192195,0.022538255962036225,0.003492900808565746,0.042521590915493304,0.010310243470407217,0.023068886361888127,0.0,0.03856273957062134,0.0,0.046681076999593646,0.037457424538606815,0.0235655909301222,0.02998333600149695,0.010310243470407217,0.01619346803612081,0.01675522852921682,0.0031693103156333236,0.011814789940442895,0.005293103869652304,0.01703824117091687,0.03189335035512408,0.03944543210900754,0.0,0.008853251528082922,0.034446441884452776,0.00704198185708286,0.0,0.0,0.010701728645370745,0.017871866224923698,0.0,0.0,0.015039700863757268
76561199160326290,0.05722537085166709,0.041383721963174365,0.014210596171563568,0.062491062880843766,0.04128679165214351,0.024357603440231204,0.026934745267672387,0.041755419427134344,0.019013005511703537,0.03000173247430215,0.016560526858934596,0.014387139458679307,0.0044025930598814,0.025128930850089225,0.04280142894866228,0.05946243366766047,0.01493751606840979,0.0,0.037250133508192285,0.024763847026222655,0.02760138769669393,0.03587160221700253,0.011467407975046206,0.012407113823307316,0.028974658935641176,0.020544249731173515,0.0033540280634918947,0.0,0.012159102570816286,0.010358249929011663,0.01515123399174328,0.01889040815200932,0.03298988959507047,0.0,0.005606494764014969,0.0,0.00954992653562178,0.032345977760779916,0.0,0.0,0.01889040815200932,0.027279107806378457,0.010358249929011663,0.01060486998980433,0.023448552792969757,0.0,0.007472074165051588,0.0,0.026320406336182805,0.0
76561199160469265,0.06115220943748829,0.040013865215900356,0.05122585311429109,0.0419987527942964,0.03498877481415229,0.041297871490270685,0.038633162649255405,0.01591778461377179,0.022198531718925288,0.015038820896309885,0.04437084074756181,0.015059508812697046,0.008909526724176981,0.023990757161561783,0.01906353464672094,0.016079327737232817,0.012099307074700326,0.05387451622610684,0.017307871487985946,0.02533193271197137,0.016287673890067723,0.020459561998418238,0.012492599015364892,0.02473877088336011,0.011536377034431656,0.012413600678205971,0.030093717444291186,0.017477050150635512,0.003958725755019951,0.022519296772715157,0.012919866658268631,0.017362209773512428,0.01918702197723467,0.015846191794048087,0.022192617117190134,0.026230154684214357,0.0159686205036206,0.0032911477147098576,0.004894270809779973,0.02284709829805728,0.013481956016649106,0.016293698856485465,0.008201371761515404,0.0,0.006994809205915564,0.008261972813894205,0.0032911477147098576,0.004894270809779973,0.0033527240375066914,0.003958725755019951
76561199161773396,0.06792354917549814,0.03489641791345275,0.02417664107741649,0.058794087386159696,0.025594681009272313,0.028978342803607816,0.019833597634865776,0.01101175009469963,0.04721322456736759,0.022038375479918087,0.036277102925842006,0.010810938205178127,0.023972960112759917,0.04218437441670935,0.0536162116936867,0.06454256472708032,0.011107710725874095,0.004708701251833669,0.040267450838563895,0.010072863147395025,0.013606627354960623,0.04238655093436831,0.02534285998537494,0.0,0.01101175009469963,0.01582758890921794,0.004708701251833669,0.009567804039216195,0.0,0.017287729183626185,0.031481516292196074,0.015226558122466455,0.016609712969450352,0.0,0.010072863147395025,0.0,0.009013958908041594,0.01646170487583091,0.0,0.004708701251833669,0.00919784834458888,0.0160531997430528,0.007021935587976603,0.02429307528102423,0.031519019472242886,0.0,0.0,0.00436885995030071,0.026209889113120995,0.0
76561199162150157,0.062057584209739176,0.023283387498005955,0.03732173711145555,0.0450263191610737,0.05753038936826608,0.06802764738738784,0.03702699608039857,0.014193107695589676,0.0403464326961678,0.02828477550109115,0.007138056738105755,0.02347612879615482,0.007652306652816034,0.0403464326961678,0.04810375817657518,0.018207779911241857,0.0201750739612575,0.0,0.059872192161382086,0.03194255081613739,0.008725687510050624,0.03640116892786854,0.009558137018527922,0.0,0.01856933560881965,0.028369253709553722,0.009189737569731416,0.02300918525731796,0.0045816349625107085,0.015049166030134757,0.021110957139822247,0.022238839317744567,0.007820310134492678,0.009517657396008601,0.0,0.007466301336188923,0.0034522261799134137,0.01743967741456028,0.004014672215652182,0.004615078513987908,0.006819857144338736,0.007428886935147685,0.0036858305581923415,0.01233356460680479,0.015894226366856803,0.0,0.0042976826586234715,0.018556179545721228,0.005260454359904451,0.0045816349625107085
76561199163724629,0.05573654888715128,0.04986084494585422,0.028551085363473627,0.05317751018502628,0.03819126177911831,0.04179999783910583,0.03545226275562425,0.04494300408582626,0.025415417929652392,0.04497885333197059,0.013943055052055162,0.013765491018208847,0.003533519277744308,0.025415417929652392,0.03924157234637334,0.03945628831316797,0.014070586251179781,0.0169722946410147,0.04339671526942538,0.015786115020716352,0.026046697817102407,0.024434420257406362,0.011858538361034515,0.0016811431720517237,0.03207399378175283,0.019609157702990883,0.02972249134263456,0.018424336937285183,0.0,0.01563314169356988,0.01378862127575582,0.013810204032223715,0.014985188679960413,0.008193831896621621,0.0025577334634733504,0.0025458856410694344,0.01372187218050008,0.019580687350426104,0.008012758760619071,0.0031486604020688476,0.015649060937547206,0.022966943200971576,0.007742787383158209,0.0,0.012470995671842754,0.011858538361034515,0.005794467474557775,0.0,0.0,0.0
76561199163970610,0.05505145945081946,0.040264641114177435,0.003835170383679539,0.05250975589806135,0.032269531283804186,0.01973698374808695,0.05193310634520744,0.052725564360511734,0.019847366686359533,0.041846223105717964,0.01769702311810548,0.026996219707905923,0.009113362628837522,0.02722656524012524,0.041251953914347245,0.034060501817648255,0.018261510778976732,0.0,0.03109419644601855,0.014983834992669485,0.033836542972003614,0.014627867178402833,0.01615738278705083,0.0,0.03288551066155919,0.015147611603400639,0.0294583221749851,0.02074145071611922,0.010442021447587923,0.028489463208173367,0.010021740062725906,0.010487107732967056,0.026326024382778018,0.0,0.01836352820757518,0.0,0.003470700938578401,0.014135168647014954,0.03440364664403466,0.0,0.014794879061739017,0.025421484848194092,0.013890824294452523,0.0,0.013450601463222585,0.004141079622777661,0.004472027977529286,0.0,0.011113168863352963,0.0030168734827148713
76561199166182764,0.05612354728681904,0.08034647605961358,0.019554643487123727,0.03600773740801778,0.009384673458628003,0.0344476586455716,0.025692379214662935,0.035075869851818264,0.021290252578864438,0.06491089339555893,0.06652202664994494,0.04818616508208263,0.04407719068430565,0.010417680483519303,0.02488078654907006,0.04151505106527901,0.01157648483323769,0.004371912049472317,0.011987338334934393,0.028470752923936908,0.013849529590728523,0.009739932626028368,0.06264644212368572,0.03932831776644906,0.024288961308144424,0.0,0.007766927110098341,0.0,0.006225739837606214,0.018158005314688377,0.0,0.005279074690320842,0.0,0.0,0.004262520857021893,0.0,0.007545969735301213,0.024853251591790256,0.015084732728165476,0.0,0.0,0.0030732725865229025,0.010149229162363584,0.03631026357420731,0.0021549571238965335,0.0,0.02025192475896035,0.0,0.007965687633953186,0.006225739837606214
76561199167276604,0.046375912604965874,0.038043382007387105,0.022754377427776806,0.07913514584322004,0.022321512617676204,0.01058523861563777,0.04765414853465567,0.04346067981532878,0.0250505147059595,0.04879330526657057,0.007021908412630294,0.03084830884131206,0.010451825624606666,0.0390927365296234,0.049967594104372307,0.053703934393655346,0.048625801382012585,0.013330678020374567,0.01514000578002692,0.007206721171205048,0.015738719559663095,0.010581416364187574,0.011373065119585107,0.006424162494312449,0.022907379947501534,0.012000512318535763,0.0029475308392927363,0.010405941388681336,0.002979717818398899,0.03067150052394821,0.012054515049711691,0.012116074107688387,0.026398725858046986,0.011121944607721073,0.0,0.002826176050986116,0.006804519900548534,0.024214693886450634,0.040753724463996534,0.007637707776345034,0.006599629536708706,0.020010139698032232,0.0026935719827404624,0.0,0.006164609090820916,0.00665435069842298,0.021227797920978734,0.0,0.004148423479297877,0.002979717818398899
76561199170689400,0.026135589558163495,0.08321655020778727,0.01194805724610225,0.04971066306670024,0.012642073050668156,0.008581371513986032,0.03522522502054899,0.07263088084843788,0.013213536902504448,0.04561748865765723,0.048087918816309,0.033181164084954515,0.0,0.008604424778106187,0.00525194602165808,0.022847132524645195,0.024101031568706226,0.004787546373220711,0.007876759034510265,0.004182553567006245,0.0590755527390315,0.003973380952645989,0.01379919626418484,0.0,0.057159573678179,0.00525194602165808,0.033631572772962665,0.02109056431116819,0.04315836131443424,0.009501558247838701,0.0,0.007425326857836148,0.0,0.004492090999233937,0.012942474970355475,0.0038076947448131932,0.011915026570501204,0.03218172830935406,0.0375259316557531,0.00810439577037556,0.008224403880615848,0.033697924952472987,0.011287873160940964,0.0,0.0,0.0,0.028590599161701428,0.0,0.003907552027357651,0.03141335779491278
76561199171022045,0.033439317494452406,0.07761570216432806,0.008963286440720438,0.05378532698302054,0.01913905735675634,0.0,0.016267666237816003,0.07764313855659899,0.03299431866067879,0.04980468004293492,0.015209860821910889,0.015695931918186568,0.025052185096854668,0.020314988796597627,0.028089929371282175,0.07637330379655066,0.008094378019513898,0.0,0.018850511940740947,0.0030742239198901476,0.022508211415519837,0.020555644367334956,0.009685802383008098,0.005238481002400222,0.05916914858734841,0.005471953069442268,0.008523683676723631,0.0038999524844417753,0.012329691793764022,0.004220758937868015,0.019601984989292255,0.007070626279772821,0.008673082886210921,0.0,0.0,0.0036335092017350697,0.016117496100238493,0.06228183364936863,0.0,0.0,0.018258829209415923,0.014782718588919008,0.004220758937868015,0.0,0.004082508905069279,0.008113801798007605,0.05606838597502375,0.005471953069442268,0.015623847722604672,0.023987527350345973
76561199172855668,0.043485744272848265,0.05518095589371485,0.02069975269590022,0.07930645504176281,0.021691215196184048,0.010603667588455962,0.03288688791128506,0.041715694657964625,0.055727311956203264,0.022981441455920976,0.024032999386275733,0.028135507642077718,0.004638324460761868,0.052513229012989604,0.009755788798192638,0.014465117382988718,0.013473654882704892,0.004486503716290939,0.020299853182003308,0.006117163872165023,0.05307825066958226,0.009677276183160353,0.025596307559389592,0.010400861730715397,0.020579856304100523,0.0107958245682218,0.038710631862301226,0.0,0.0325934679901362,0.018413533493845915,0.010308236804300186,0.03141362949345857,0.0,0.004638324460761868,0.023337330778390657,0.004486503716290939,0.0,0.01601603918910634,0.016246730104207078,0.0,0.012790814096601249,0.06198653304913756,0.016833187668075542,0.0,0.0,0.0,0.0,0.0,0.009458827571774641,0.010440563699751547
76561199175895006,0.04816790068467021,0.029995218650142888,0.007582500975646017,0.08030458934400819,0.025066977568043894,0.011561678504587388,0.055046140925363356,0.02002407146109545,0.0601218117496346,0.029713165905577505,0.018897339202640914,0.02332305685269332,0.006134252893946998,0.05284376366592534,0.03573998180662115,0.04608733959618886,0.03595658798127871,0.0044651045059371855,0.033416602469126956,0.027465238272999768,0.024240113055480576,0.0035803428773417308,0.029181074302356343,0.003164791151669204,0.01685928030942625,0.005126027488055209,0.009021500554160735,0.020850886907040088,0.0,0.0362486099352895,0.0035803428773417308,0.030230636368982915,0.02985124865750984,0.0,0.0049055578424766905,0.0,0.005250844147166294,0.027816945227337162,0.023415774826368935,0.0033603690389260896,0.0147346004029193,0.007345165239367003,0.0072913970845373734,0.0,0.0,0.007899536001542374,0.008089980775023741,0.003450114777478054,0.01861416873084569,0.003977368405228548
76561199176943260,0.039677440754916166,0.032092008448275214,0.014010333051336999,0.06184939203283625,0.024784566062321163,0.03081864677026691,0.06510840582125567,0.02689012033346192,0.03618517713015903,0.02876219470345248,0.009670772894692937,0.018175196208322926,0.01351511784434074,0.03096238825443342,0.03363784461912176,0.027748270811603772,0.024320691768258042,0.003368828225787757,0.03244702161591544,0.03815662655511531,0.008888842828455092,0.0,0.02768551041270937,0.04614207039983882,0.01037410264177085,0.019166863493817524,0.0036280733939194065,0.010708637869660117,0.0053101071109950305,0.034509546996521874,0.0,0.026323484958797848,0.025109194528781638,0.02501326908162543,0.010725819101588721,0.0,0.006687278430293474,0.014128735217988905,0.00742446248828664,0.007190191521513663,0.014198949939450124,0.018922167875682083,0.025772287732185897,0.013339923932044162,0.008201021423229829,0.010918621754248953,0.0053101071109950305,0.0035621181275942567,0.01326746061113632,0.0053101071109950305
76561199177263814,0.047071367811667396,0.049936367604155124,0.020792873491520317,0.07940894953122643,0.017303599278770884,0.020885486847562116,0.039598740558300684,0.036205316790123655,0.04254310835381516,0.03350548071605632,0.008070926113606805,0.01744137898775225,0.00538852584576999,0.0527446519314876,0.03711568714509369,0.0387574283934969,0.022889595459322933,0.006831094309734689,0.0272457209029214,0.004313564813382696,0.036887703871480375,0.022866254104327095,0.019735010681012022,0.0,0.026787650773935988,0.004567272156119187,0.022401482008536203,0.017049891936034393,0.009806974818428687,0.007389088511821225,0.007252390901096813,0.014280173657788088,0.022273768119087406,0.002821816355702039,0.008740137982570683,0.010744070739909033,0.016850967686227597,0.027216877184204964,0.01402684342208575,0.0,0.014280173657788088,0.02705003028553923,0.004421167449799508,0.004322674972590048,0.0,0.01875968781488522,0.0140853785655614,0.002940591693430291,0.014392055764271727,0.0
76561199177394627,0.0638923012360738,0.04940844026080877,0.04072502534837511,0.07235679470551268,0.015264436687154033,0.04096846992567419,0.036848364742980734,0.052320209532640244,0.04671653238518205,0.023344173074279474,0.016458600231123884,0.0087011139947327,0.013911744348652003,0.05132968706620537,0.04424202777008742,0.026509131338632932,0.044102071365146545,0.022167967168220247,0.015886018955455886,0.007479284340833981,0.013861452358296202,0.03502717159579921,0.012576865394039054,0.0,0.0107393654408482,0.007581896314902717,0.007479284340833981,0.008104364897442266,0.004295646115202282,0.023534275404710706,0.013152565245578084,0.0068240728230439425,0.0061409191258226335,0.008058207355534731,0.0032264584366485803,0.019877875291516744,0.003762561240332449,0.016012589554230208,0.024636060084383713,0.005579027077284701,0.020091471684497125,0.01770859171558638,0.0,0.007438616826863189,0.018291182142602162,0.0031220869174480013,0.00399672795634922,0.003126183264983418,0.0031220869174480013,0.0
76561199177732895,0.033798893872531745,0.04765946244127432,0.017764989919572722,0.07424227801330832,0.01093438642509258,0.027804472515056838,0.04616398264906658,0.046243500250769856,0.04390636065739366,0.03014298717334135,0.03574704362747949,0.03355209329959208,0.01573623439842688,0.0477532997445837,0.019788598487399042,0.02660905298590299,0.01986021094640306,0.003957885249044549,0.026599181035811756,0.010215342725921912,0.05482959193604162,0.02554596642646473,0.032399189162072954,0.003775054278787479,0.01709167193690124,0.0,0.021621975698979053,0.0034023182101524294,0.0,0.004462085117131984,0.032745004906745485,0.029467988338600266,0.014416477495254584,0.0,0.0,0.0,0.011587227423509223,0.008782647732579226,0.03819725044107365,0.0,0.015888825278660847,0.028741198175188436,0.004595957679234618,0.007551485355584772,0.004540884751351544,0.004494097977958146,0.00849346280572229,0.0,0.008889382454032117,0.0
76561199177743352,0.04188015310740199,0.06338116729232965,0.018216098704987645,0.08871198067038447,0.023661231000557167,0.017180435154486973,0.039997430019994465,0.06759867713693596,0.057024208770642605,0.03892910080559734,0.013735304165632059,0.022759252322805092,0.0,0.060815550710595745,0.021983687125104207,0.048014033082694564,0.015114817705089356,0.00807888695105926,0.011019714281027082,0.0,0.0376957214083484,0.019528542252628636,0.024421572927809054,0.0,0.0374752622421677,0.01478591827992189,0.004765181632061743,0.003521595898793719,0.0,0.02394145280200806,0.01010884959483712,0.021996371957567325,0.013377379438122838,0.0,0.0,0.0,0.013219158102720086,0.032436433394775616,0.02462000036752595,0.0,0.011019714281027082,0.016706571806957754,0.006085198462109301,0.00353298933538297,0.0034124642801227445,0.0,0.0076375667857358455,0.0,0.011610325742050568,0.0
76561199177799021,0.042071403118698954,0.008142616870405512,0.0374633186154688,0.04766491953013913,0.04703749548313765,0.057058859139795026,0.05269605931531691,0.020916610229446565,0.037280192982678116,0.013553970829188087,0.0034744269710312616,0.004850684989826708,0.006890740075548703,0.024045682133972963,0.05865845736456912,0.022165135667564013,0.01238367166101731,0.01718767559943099,0.030485531940614752,0.02072250618574525,0.007950864936181716,0.03997594065384919,0.01566514685191426,0.008541966254788785,0.021773730498194116,0.04143413015585593,0.0056955788013765,0.0239513577895877,0.008538430006893846,0.02378570541311349,0.028849776982384813,0.00819720677084464,0.03864148917431676,0.0,0.0028501043505205627,0.009361329676679056,0.0046122130731858346,0.010992721220926075,0.011566185281826518,0.004891980169888002,0.0026633879052498995,0.008716080931305957,0.003500330840468743,0.002371520515554389,0.03360384478804277,0.009121248444530407,0.012661836430399826,0.03434267324239263,0.005625850200399623,0.005367409935732092
76561199177910149,0.05730723438429539,0.029085298973494152,0.05337980271444799,0.028737334252968486,0.04885020280955379,0.035605102751558836,0.06826998221409918,0.030606126964755554,0.0,0.06070671399037378,0.0038335735937174375,0.020665494841527455,0.02064843744604513,0.008041756002038405,0.03401269157857192,0.008215887249541939,0.008144753050231886,0.0626627223942723,0.019861359646711665,0.058049287063414466,0.0,0.0,0.011394792527483906,0.010657830580864724,0.01060997759616502,0.01060997759616502,0.02808599083179432,0.04835971252933176,0.013540646135365271,0.034300293309689665,0.0,0.0,0.017140708851840568,0.024449114895986748,0.03337902419702747,0.0,0.02374783913610758,0.014419216648817653,0.02372111552969846,0.008379575126351953,0.0,0.0,0.0037610776330172318,0.0,0.009786475335249751,0.0038216854110471195,0.0,0.0,0.0,0.013151184206376043
76561199178946434,0.061584326071989694,0.05690645895154977,0.014411498483048278,0.05239763258705166,0.05061398163873674,0.048136765568174485,0.028279651698753995,0.04165190092418047,0.01814920251398279,0.031554852194582726,0.01580161505066539,0.0,0.013815236106354219,0.017811902495877788,0.01855930263913862,0.03645725233142806,0.0033160992433168067,0.010811421308515135,0.03571067019171687,0.03165424230024899,0.03228691241016032,0.01705778974025488,0.014745935987854768,0.012007387649794024,0.03505829504758755,0.043790416004029546,0.025898237867062666,0.01667649918037838,0.01406506507073986,0.005533257019512017,0.004571395786090266,0.019448841716997695,0.0,0.005278164289003118,0.01522737433658768,0.005533257019512017,0.008814319536333265,0.02345284157076928,0.006770800563537758,0.0,0.018882374061895163,0.034669126285526264,0.006770800563537758,0.01458352476940052,0.009287538724939466,0.006975813526879979,0.006852254490646953,0.0,0.00813776448165628,0.0
76561199178978453,0.0,0.0,0.0,0.0,0.0,0.0,0.0,0.0,0.0,0.0,0.0,0.0,0.0,0.0,0.0,0.0,0.0,0.0,0.0,0.0,0.0,0.0,0.0,0.0,0.0,0.0,0.0,0.0,0.0,0.0,0.0,0.0,0.0,0.0,0.0,0.0,0.0,0.0,0.0,0.0,0.0,0.0,0.0,0.0,0.0,0.0,0.0,0.0,0.0,0.0
76561199181453644,0.026254836972821317,0.04029475135046088,0.030654491106919125,0.06326561604251027,0.011056602038266408,0.02318867371398735,0.02414139834884338,0.03220069556435005,0.08078868642336227,0.012042742624061067,0.036357703313270096,0.014630590696220058,0.009002056766160138,0.06416004010228803,0.013664278655356776,0.03815140473765439,0.0054121784218828335,0.0,0.043608903661998,0.0,0.05599498867462979,0.03085156953773356,0.020954592281029125,0.010720087124601941,0.0175212489672901,0.0055780956950373765,0.0,0.0051274143172038815,0.0,0.020397017522372923,0.03957761402762699,0.06015592928041168,0.007123921562370622,0.0,0.0,0.005592672807398058,0.0,0.017865051069245016,0.011500406882463914,0.0,0.049584881419971936,0.013724308758872818,0.024632652729937494,0.009002056766160138,0.0,0.0,0.0,0.0,0.018378065326848266,0.006841774708381937
76561199182477254,0.03257041011909053,0.059884739989146986,0.025203947542148903,0.05972730995131946,0.02749961538078986,0.03202734938989833,0.02280466487084341,0.0616987046744865,0.02159153618203749,0.04038995577528646,0.012381150310694783,0.013766331437322421,0.011581824050583368,0.04720976816767665,0.036328771006210014,0.05792467303242739,0.01738058041192405,0.0,0.04503281179891315,0.015453869232756963,0.02486215826335579,0.01414375441070156,0.01587043207972981,0.01456395248789109,0.03988895004256043,0.02159273336808929,0.009066806738272806,0.010567872040562786,0.006014654005798731,0.004468513800383463,0.013407829164756134,0.01712302238165403,0.004668528961154469,0.014175154908963468,0.0,0.003789380090912559,0.0,0.029685910447911374,0.004468513800383463,0.0,0.01712302238165403,0.022125807866214337,0.008019022103942555,0.013634891594170992,0.004668528961154469,0.004668528961154469,0.029710217291465002,0.0031660789742197675,0.0050431213743887685,0.0030246001749975856
76561199183568045,0.05849291364619488,0.05132121485919301,0.03565117542549013,0.04739178236388749,0.030424465147328716,0.051825052274950385,0.02590341635703372,0.04619987193950318,0.02817794486893918,0.023337705020599443,0.03626489635636021,0.03729053292258907,0.020907476665450418,0.016793694152090012,0.023588430107483082,0.03085646582044005,0.029375323720013183,0.015617116882647802,0.03117739131671547,0.013432782770585565,0.016820802307930125,0.013754938977430407,0.017203306367271267,0.011700257172633918,0.02938157829310992,0.01680524886871529,0.008343117523244518,0.004830628855494799,0.0,0.022756642223140083,0.01657600345381231,0.003679929370393677,0.020446594813544695,0.011223251406722735,0.008602153915090765,0.008005202140401393,0.010644516653789342,0.01628235287826412,0.01559619178172138,0.004367488047809613,0.0,0.017115552720873468,0.024120570594396495,0.01260582117281544,0.014757711224719494,0.008836677363809558,0.00350303746508143,0.008010771790288914,0.0,0.0
76561199185923126,0.07815120558450199,0.009546557459237336,0.0798665902599784,0.020340884766176612,0.03489982098857831,0.044420642036109195,0.04509803009005144,0.004326393391041062,0.004832759180717847,0.06170242757878807,0.039463279398395265,0.017563586872766775,0.011108308476416053,0.0,0.052598367011543044,0.01645248142789539,0.033642853536733255,0.07524075392205827,0.004082231573503681,0.02042360228152535,0.007617688642487826,0.004082231573503681,0.004326393391041062,0.02052144299992278,0.0,0.003587171345256204,0.00845993748870293,0.026590960065022432,0.0,0.03494529150583716,0.026669657044827134,0.004098943607206668,0.02247225996352407,0.031036540284770753,0.020572769253567155,0.01028925658770521,0.03835869926509605,0.0,0.021738650801659178,0.02455206713294143,0.0,0.0,0.01791711348437633,0.0,0.0032705424878878594,0.0,0.0,0.007176341237079288,0.0036288726105264046,0.004326393391041062
76561199185957759,0.05186398384988262,0.07224871930837984,0.030933638101184484,0.027714909337754428,0.0661465480397087,0.0516117733788508,0.010153436238851595,0.05188042150362189,0.022670982019167882,0.030717309093439612,0.02119699355840042,0.005207894808269893,0.020603995460875754,0.022670982019167882,0.0107025584448201,0.051233954388738304,0.03076592525568495,0.005082392812865925,0.041069875751053,0.020181387486958934,0.010709510846925577,0.027695335191401736,0.015669993298116528,0.0,0.04635613995916638,0.020722613499520027,0.005082392812865925,0.005071043425985669,0.020579228822897734,0.005082392812865925,0.011074919046270339,0.011645332441280876,0.0,0.004950218894899855,0.005195514075010083,0.005082392812865925,0.0,0.036012040267886014,0.0,0.010417568985805413,0.0,0.015290110955926178,0.01076278278442886,0.01043149205814318,0.021094019084016067,0.004932513608182319,0.02562315614148428,0.005071043425985669,0.005266316891803658,0.015524246998588929
76561199186500350,0.04777383675134361,0.057301321259460726,0.01601871679890067,0.0895454261049472,0.012885715121899625,0.0040020851575071105,0.019503879407787715,0.052170479059249125,0.06961584196146677,0.02777956473037134,0.0198474264396325,0.011774009810874996,0.0,0.05926345102425001,0.028619614189017796,0.05215734813486824,0.0328198060700945,0.007369157177651646,0.00473923583998068,0.014599963314116912,0.03378748529683902,0.02428914632620793,0.01441577369271966,0.007356003500767673,0.02618043558651443,0.005641755308550386,0.0040020851575071105,0.007243959813349239,0.0,0.013837708623783035,0.028552936938414004,0.022305730675286854,0.01067780284007858,0.008800901170996998,0.007243959813349239,0.0,0.00717900068627336,0.04603395379983945,0.0042394877213725885,0.008530109417110559,0.02719216519403917,0.006136525259409681,0.01838386385213613,0.0,0.003272195921640024,0.0,0.029091820840068176,0.0,0.007818314210325607,0.0
76561199186714151,0.04634863745193724,0.05789021667984977,0.024170804180200692,0.08854129777534668,0.006274530917708014,0.013881487703002307,0.015870490744237645,0.028318301133703545,0.07591417333507096,0.028833738598157535,0.014535469896388679,0.010212097532010725,0.0,0.07083302809765216,0.03304150680618839,0.052316176653697824,0.024654634392315133,0.0,0.013839769766832455,0.002895055351639125,0.053659309982393336,0.030379863325846662,0.011945397145551958,0.002895055351639125,0.02076231595316843,0.0031055992111210574,0.010790285702627985,0.003168931706586957,0.0,0.007825081595175214,0.02670494748174799,0.035162650222063975,0.01823571492554061,0.005538225065246583,0.0,0.0029573505331018006,0.01100123602421212,0.016036017308766526,0.015752287250003678,0.007365619242491,0.03649984833078024,0.006823799304940555,0.005538225065246583,0.008385431146348727,0.004271208470782873,0.003168931706586957,0.013582846521980808,0.0,0.03007240441010942,0.0
76561199190983452,0.04596300996240773,0.06886255915547645,0.04105523202221645,0.07573228535007989,0.006918445452715396,0.021481756277320362,0.023872812410780205,0.03672254097025094,0.04863110620726398,0.03767204765739873,0.029706222364627687,0.02217090198004557,0.019959281548107315,0.04860037034772134,0.018891359863495844,0.05982885001318352,0.02518396608844809,0.007927677480055564,0.024413814288772522,0.007091997248458015,0.015800741187904827,0.012264113126595838,0.022369035158002152,0.02494664521598351,0.021125333662575744,0.003916541469892197,0.0034240146386273662,0.004580889218862497,0.0034240146386273662,0.004100601563348674,0.01378587582226463,0.02801724726746699,0.003498642596451267,0.023669731893571508,0.007453835955954262,0.0,0.023637655095686966,0.026206529083165557,0.004100601563348674,0.0,0.01446513898184744,0.008381949798126951,0.0,0.02602711963143874,0.0,0.0,0.017095512345248847,0.0,0.017021993396182485,0.0
76561199192245348,0.05022535874682809,0.03348609413300061,0.023445704958442167,0.02156695288129773,0.07208261152503048,0.038115903777592705,0.04729976885949567,0.02492027983576268,0.0,0.030373357844509397,0.015157783123503103,0.02122794526372407,0.038113784594228706,0.004157307932774863,0.026453333162531074,0.03277932016490969,0.003251674991809344,0.009847480676783212,0.05057481656944831,0.042224784649937716,0.007972402920669421,0.011828318935302057,0.012025948650157858,0.029921800635072215,0.022836081136508955,0.026746843386094978,0.022904908387180296,0.031023625408554627,0.0,0.04241387419476114,0.02403076037656491,0.014317220444293637,0.0246091124823139,0.00930991724111401,0.003333912137358338,0.005867510546423409,0.01418524062975665,0.018560679794314437,0.006639136090882908,0.018029220922828916,0.0032558885890724087,0.0,0.02246441299106218,0.008045978519798056,0.013347317625817931,0.014558544139931233,0.003251674991809344,0.003215405130746542,0.0,0.0
76561199194402331,0.038488265412072946,0.04170227795786994,0.015001608865572344,0.05183245356142451,0.02469034705982897,0.027526847065318903,0.055938059186486394,0.03356809439889835,0.03596893133744981,0.02641022337877853,0.022294480404264665,0.030778700647002367,0.01900206567114918,0.030873634887004356,0.02101822743884048,0.01149125660815541,0.0,0.004523471449941569,0.039417967948601154,0.033759477602550804,0.033314686628896036,0.013348645676029558,0.023250917347386803,0.005820938877815602,0.019337340227634187,0.011912422339742091,0.02846953236101249,0.01410592288119785,0.015079270311760816,0.030106008896301877,0.032925285952074675,0.029849508516975726,0.015001608865572344,0.011801570426366724,0.0,0.0,0.0,0.01149125660815541,0.03365510520760542,0.007233186692282039,0.03800218234719679,0.02463273158698565,0.011801570426366724,0.016888136863089504,0.0,0.003534467325650933,0.0,0.0,0.004151312752690145,0.0
76561199195416934,0.037691983483398146,0.059643730394094034,0.01553857610349553,0.05722813117384553,0.01844266142379489,0.03014425800643511,0.03637710537465388,0.061527685635277954,0.04114601563012585,0.029452242603317656,0.02945318215368411,0.027630499248240774,0.009662424072229092,0.03229527947648478,0.016328468409306577,0.0324938834271698,0.027661286715281477,0.0,0.012155760747087616,0.029971289230814283,0.03096991244467237,0.005290099515830599,0.02771072139459641,0.0,0.06119549302226979,0.01844266142379489,0.019319769235423886,0.007927701016071008,0.02136296163079213,0.012778009945085825,0.008760553521869538,0.017393571127764473,0.008452892782624823,0.0,0.026180441910538182,0.0,0.01920872389827472,0.032727234223218354,0.007397727797483701,0.0,0.006733263773864215,0.014528771711229677,0.01012375872991248,0.007309219847311259,0.0047827449878456345,0.0,0.01296354186796711,0.0,0.0036701477947791894,0.009925613088042696
76561199195958449,0.06401564573889577,0.03525499589802871,0.027988229291039817,0.07078998704920032,0.005216670526680032,0.018273300543167895,0.028493510774310143,0.025532599248270036,0.05300123591627483,0.033859576736639765,0.047430363971531955,0.018109519246644914,0.015620109445498999,0.029169754632209863,0.03849255668889667,0.0204554111422403,0.004850655423437677,0.0,0.022873583968637392,0.012034744441767102,0.05185803889626628,0.028387825579299086,0.02239887291332847,0.015031110658766549,0.00510230277656432,0.0,0.03268445065612004,0.010309783550436736,0.006949099319897156,0.023914300884487802,0.02316092770001027,0.0175299525591545,0.004850655423437677,0.0105530045777188,0.006949099319897156,0.00546277874308586,0.021264415227839988,0.010127089734429322,0.024279249964219884,0.0,0.022845166914018816,0.025407713518391127,0.019786633562569975,0.005713297128812049,0.01632963302227042,0.0,0.0,0.0,0.017642146685605476,0.0
76561199196035407,0.07155093215373697,0.048890610307482214,0.06088845471476492,0.03683978846380164,0.0,0.056801204747058,0.01829321043282357,0.03253835110968614,0.032480343202050795,0.03469759099254312,0.047307532918989176,0.00897947438647844,0.020568764732539196,0.028982148858257114,0.04418889151328751,0.037816715007160655,0.041484168792145,0.011350703067758223,0.00942212013335635,0.0,0.004818883021474888,0.029830894481598362,0.039535375983434366,0.0,0.015807335796200833,0.0,0.020563593276521786,0.00897947438647844,0.0,0.02289597260643111,0.028274190627624124,0.0,0.023834164534617716,0.019169203657437676,0.0,0.00931190965120443,0.025226728673992133,0.004585267621154427,0.0,0.02024179154583348,0.0,0.014460987743099103,0.004346280405382099,0.027987870394820074,0.025451241946159952,0.0,0.006274547640277159,0.0,0.00532328047233866,0.0
76561199199012410,0.0761559644592673,0.06658107396743478,0.05654154601007277,0.05102401955527087,0.013539027573086627,0.035563740673070256,0.01802487659594297,0.046177654882287006,0.03791079003023653,0.02668401530045291,0.03539024160680717,0.0,0.048624571783980254,0.03791079003023653,0.021580425355631715,0.045584500038515365,0.013024405810670306,0.003925436180607036,0.011714908090486186,0.007310848421274457,0.03331912066410531,0.01853517976928396,0.03594811641085194,0.007670473254116169,0.025920456718020308,0.010128798809182134,0.01155586158786452,0.005408987988540609,0.006703338721656028,0.0,0.004004358755628475,0.012349417218069801,0.00378962109560821,0.011242392527058697,0.007310848421274457,0.0072380337714302205,0.009194093166410929,0.01731525756363043,0.0,0.017393895352898946,0.0069410128174043975,0.017545960894404588,0.016953685942673512,0.028974817387327892,0.007986282258310882,0.0,0.0024583255550659645,0.0,0.014139488262194619,0.006703338721656028
76561199200039007,0.07210417454747292,0.05519930734632223,0.04683429422986284,0.02683583345658994,0.04339110052433229,0.061150823803788126,0.033788144239523844,0.04572709741140511,0.004270521612100914,0.04555207360791513,0.01568849959994113,0.01767515362544822,0.008257916616200992,0.004270521612100914,0.0328103126957995,0.02390088113524995,0.017672234660092746,0.009189153323327178,0.030372946075879786,0.04757464636500887,0.01408509010980827,0.009636061349491732,0.004657812731830984,0.040197178511148346,0.033778955323497055,0.019308832902980647,0.008380133664066217,0.01751623131841815,0.013162920052273305,0.0,0.021710370139717283,0.009095209756208611,0.010543063934578014,0.019794302560406606,0.01720667826193035,0.0,0.006358186375310617,0.02404183893424477,0.0,0.013373271995508284,0.009095209756208611,0.023420318830580437,0.009810282722415842,0.006358186375310617,0.010783181760310035,0.005565411564912154,0.005396277343613506,0.0,0.00445935723686697,0.0
76561199200202957,0.04438700101013272,0.05205743958410423,0.027246577482261045,0.08644495734307932,0.0,0.023940283620195162,0.007874277767292043,0.018829282026725645,0.07608256839014856,0.03105764142091893,0.013762093268663553,0.022615350380549477,0.012024202441350098,0.07237089697522374,0.04409294913119254,0.04512299303654745,0.004916821614906268,0.010121817485664321,0.023696799207562742,0.00636651278161116,0.04944223995658936,0.0372019743828235,0.015386776394890498,0.005491494578257912,0.014496736333411406,0.0,0.010396217970362259,0.000875018203353248,0.0,0.016132553286610007,0.03171471126015094,0.03492494206932135,0.00701043582739647,0.000862872623960206,0.0027812991761389984,0.004916821614906268,0.019260383409954646,0.014496736333411406,0.008120389283466582,0.013930737136184337,0.02594671739164052,0.015646851048440703,0.0,0.02226268226562168,0.01104014101614757,0.0,0.0,0.0,0.011975166716173165,0.002675636752657877
76561199200353988,0.05322526287763092,0.026808370792469678,0.025963053289216217,0.06861046939597625,0.011536137864779824,0.018755941887806,0.03768549254777896,0.032704120700349434,0.04478972600433003,0.01765392998974848,0.04001975858090731,0.020935609567742552,0.0,0.03312738841744565,0.07774980155285359,0.034974257474647635,0.01828704110855254,0.00925030035170954,0.030712662814742577,0.025802850697448504,0.01817186265970545,0.0261820297803913,0.008252580431349948,0.0130710782703077,0.013828601416148565,0.00362505461774152,0.012250623469503947,0.009318703202811907,0.003015367522290253,0.020686803853459952,0.02924754657208625,0.028848217671754595,0.02682009269772589,0.007603508146620391,0.006189831388375851,0.009200131102715208,0.01576323086598021,0.015128211276778493,0.008908478823887523,0.006364211180617482,0.014088791309416425,0.014088791309416425,0.026392143163698124,0.0,0.009782857889529982,0.0,0.004013715410031193,0.0,0.014375528663143837,0.006189831388375851
76561199201774235,0.055013568112732635,0.046411559943649414,0.04968744072426257,0.043889442505541575,0.026356754603564077,0.05286034867654484,0.02852175132349022,0.03850895328941351,0.03718061451961027,0.02270606069657786,0.03218540877161146,0.007098892406488351,0.026163349816532722,0.037000008780811534,0.020202512531464985,0.023126842806133027,0.024503800165127522,0.009779620304357806,0.022192685286396733,0.02142347602062596,0.008883321223393185,0.03797814581928454,0.02009475135108017,0.0035344257782167223,0.01990694497196555,0.02079319187770968,0.013383408477868217,0.007132573103413027,0.008298759739315752,0.02150069501297814,0.019101005594039724,0.010063365181116416,0.017001731545003805,0.003355007946513315,0.009163867910540557,0.021442338038098727,0.0031076107061234633,0.018600642103454353,0.00691462323091358,0.006987375613587403,0.0033288665071116463,0.02316010967857537,0.01543545430145021,0.020899402717646787,0.014956382371282821,0.0038037065963013802,0.0,0.016359201318078366,0.0,0.0
76561199203270822,0.038337315251944754,0.030948647176779098,0.012033003494128528,0.058321536209375455,0.05203172170814644,0.028581860951096983,0.034357364762229364,0.03779652871320342,0.024551768714582006,0.026281181685377596,0.008166751740609683,0.02500462698723449,0.01083447377810251,0.03568354545493915,0.04220348284635688,0.03629199076819939,0.00755270811492517,0.018139992911785613,0.040333286282157266,0.01945743247185166,0.014345910077097455,0.022705877414705262,0.013714469752306014,0.006663876606231111,0.04112640676743357,0.02884345852717248,0.019120435706265034,0.027412705696741386,0.00682181622235681,0.01990351046098807,0.014058932933363374,0.015342593648143195,0.032300328272758,0.0,0.010112254849617374,0.0025217998538445206,0.008074555336118755,0.02869768952038994,0.015987108114591433,0.0020491787152695008,0.007494995554327066,0.014331121653103128,0.00786155902301297,0.0,0.017801651679536012,0.011443108534763664,0.012868063757438585,0.002553178170077985,0.0033416019810542583,0.005592591148267573
76561199205535040,0.03042731772858375,0.05452434304749752,0.021684060512212267,0.07206906961416631,0.025407704150235588,0.014648972394456469,0.005955253681754433,0.048019286185177805,0.03771548217214716,0.02960519993872243,0.03360453126598641,0.01610813007072782,0.013670994541155331,0.04379056335299121,0.029892652650125362,0.04652922651008557,0.003462192520223565,0.0028780449337648235,0.01948590505618733,0.0035517899833223117,0.05197325245956091,0.04065736688507465,0.023651980464841144,0.005977846583503442,0.037967796446421224,0.024407406046132743,0.008025477446781776,0.005371106095295691,0.010105469974842156,0.004042530300455955,0.022988565016222106,0.025699437924466297,0.006522177774932148,0.0,0.0035517899833223117,0.0,0.01671505591411678,0.032148311940126593,0.002493061161530868,0.005337607332676889,0.017486299699654574,0.022879587810071947,0.005489019226467228,0.016387996621984063,0.003130677445362539,0.0,0.019550470297310038,0.0,0.034408988839322495,0.0
76561199205562180,0.08965376038758623,0.07520080908557533,0.0776876149698942,0.038214433510358706,0.022771015634189033,0.05223491089619018,0.01612933482709312,0.039250511858182145,0.01986020442334157,0.052273087197125416,0.0305002492964628,0.009258405911142298,0.025505436956915907,0.01986020442334157,0.0174453320736838,0.023451852310091423,0.018584147523605776,0.008961041508199423,0.016065695637244866,0.021507601007981575,0.013269919176489035,0.022975280054030087,0.02470505127909115,0.0,0.028579242435347596,0.01171504722697839,0.010045105797664218,0.0,0.008941302979199964,0.0036166249401528177,0.00835752618185818,0.009730310021466605,0.004502081029509697,0.021775984183884666,0.015161941792547609,0.01116453812900926,0.008993563117626186,0.029091554572157643,0.0,0.017890539675429248,0.004230993787423282,0.015395531916432541,0.02258021902993607,0.01976171431475003,0.009052117911875027,0.0,0.004048161008935375,0.0,0.0,0.0
76561199209636789,0.053866402512118,0.04869411279776329,0.031859373877279176,0.052779750668380525,0.0554608560479345,0.03191882584914143,0.0521930135090964,0.023023439508576916,0.0307332223004831,0.03293052853350153,0.01125364712816846,0.014652539969916539,0.011426779647632532,0.027942737716222625,0.013260271358785625,0.027495270501102897,0.018311798223851403,0.016300319783051315,0.042349738497066185,0.018797767310475895,0.033118402629608294,0.0041632331757738,0.010931106895624392,0.014163091758502952,0.018723510140442733,0.04176407324026739,0.02473955433494194,0.02025830725605875,0.007565372489985702,0.004299929368134183,0.0041632331757738,0.031785033827162065,0.010408411841867882,0.017522380049877145,0.008692894275989708,0.0,0.011290883103841349,0.019327896741873504,0.007766458767040632,0.0,0.013815985197039436,0.014601425044167038,0.002797687043527683,0.003990245686736355,0.008410690326011562,0.019477299480737748,0.0045830042846993265,0.014850325817183546,0.0,0.01153916830658286
76561199212301613,0.06924206413218836,0.0408556667539434,0.04876997697851615,0.04766000375101391,0.01722981975468916,0.04116212060165034,0.035487360299171426,0.04132359372308925,0.03168229930134151,0.026531652870703634,0.03350104506662948,0.005968783525780668,0.0165035649628257,0.031849932292880495,0.03903583604056126,0.022656182683046113,0.011895075198799655,0.004845124125407133,0.018473210323622737,0.00553924409843238,0.027496250421518393,0.04692897137760031,0.016025484516168077,0.0,0.017005249639661716,0.014128684477707001,0.01194584978748928,0.00553924409843238,0.012573091656748404,0.024027567047533737,0.019769631726154417,0.010645590300592539,0.008945055406445704,0.029759748561589118,0.005610755092172751,0.018285291028912267,0.007431990085133116,0.014521709127274953,0.021342158900412796,0.027212260080915367,0.0023993155662013067,0.0399830524743649,0.009436456291724715,0.0030544929374405967,0.008115567037339094,0.0,0.0,0.0037815678438297487,0.0,0.0038224080323445795
76561199214007024,0.0,0.0,0.0,0.0,0.0,0.0,0.0,0.0,0.0,0.0,0.0,0.0,0.0,0.0,0.0,0.0,0.0,0.0,0.0,0.0,0.0,0.0,0.0,0.0,0.0,0.0,0.0,0.0,0.0,0.0,0.0,0.0,0.0,0.0,0.0,0.0,0.0,0.0,0.0,0.0,0.0,0.0,0.0,0.0,0.0,0.0,0.0,0.0,0.0,0.0
76561199214725358,0.027020144265324002,0.037779565131717326,0.0053351300124202805,0.09663243648755258,0.010081608856662719,0.005081699758601776,0.03797277947039451,0.03392996734737497,0.0390208249986944,0.03430580204021939,0.02668570403089719,0.03412454215987343,0.004367673691100171,0.050271022306523326,0.03182974881546318,0.04040615651161238,0.010741172982598803,0.0,0.016547392426571557,0.00999784276726128,0.0472170123359504,0.03654878992430569,0.015455274655730903,0.005306797063411823,0.023438410211494152,0.005749502920608244,0.01748062479936247,0.013946447237296378,0.006859410251578967,0.027898416533392728,0.020646113098501253,0.020534833682340537,0.02626314009408608,0.0,0.006859410251578967,0.00520299471358293,0.015104182578110147,0.010097607030531867,0.033993349694925235,0.005524042280447706,0.00717482452912625,0.025081889230677976,0.009187276219669192,0.010859172292867985,0.005212466606562269,0.02538135854897977,0.004367673691100171,0.0,0.016477765462916596,0.0
76561199214927585,0.056823569594059285,0.04815694175783037,0.023609053745871536,0.05210518199890245,0.036537875991461126,0.04233848789633384,0.00947738926918626,0.03295222668901144,0.03218448641231546,0.03788500807852146,0.02920088462772058,0.030450397132806527,0.025210758195484757,0.025165009440151095,0.03263123183725456,0.025560036701651002,0.011630327563886222,0.0028092671324725584,0.03959299969618613,0.006596562518757983,0.018915198146647026,0.02252278868886959,0.014959746116172727,0.02240533751182032,0.012034481057390757,0.019846381032213957,0.011723466883331994,0.007340404670684406,0.0,0.0,0.028139787065865052,0.021244427002858994,0.025922298341791487,0.0061181670666789305,0.008276042893892952,0.008432580758541497,0.015059885975976123,0.0205753340073646,0.010932238577341477,0.0,0.016744814968060778,0.021419167726822338,0.0,0.0154009249857961,0.014904638627668224,0.014642815615299475,0.0041956453450755545,0.00701947697216437,0.02611060833673106,0.0041956453450755545
76561199217005171,0.06802681653282593,0.05032384341109469,0.08021755775923188,0.07530824982275727,0.0038611584154068807,0.05224924674542586,0.014543495771197403,0.02727577801385224,0.07634113683233251,0.01549691829776728,0.03904762770359545,0.006049220032225605,0.0,0.06462591246696675,0.03092022049001693,0.0349452823004172,0.0474531649347585,0.008808378746213236,0.007850567168292405,0.007680954017928812,0.017931393347351297,0.058508780032752394,0.013425483373004272,0.007802020415006627,0.0,0.0,0.0038611584154068807,0.0,0.0,0.014483116707131828,0.039245088308825435,0.0038611584154068807,0.0,0.008314320299506578,0.0,0.027202729991413852,0.02152698286781375,0.0067567378676832695,0.004947220330806355,0.0,0.004225466721257661,0.015678104439882653,0.023910883275631543,0.013425483373004272,0.0,0.0,0.0,0.0038683423558077083,0.0,0.0
76561199217242920,0.03645231723510984,0.041180295201402574,0.03255496777024669,0.07015019239048499,0.012988337704623834,0.01551844090038419,0.04545315481506266,0.038885132603611004,0.06601103591620083,0.043529581376227394,0.01494720194269659,0.031470621146439046,0.006925352844364799,0.06077739067040415,0.029991573564966092,0.03063765380004128,0.01891096453303571,0.011413347199541192,0.005621128963799286,0.014689094728755807,0.03588433470906927,0.007288319187901488,0.00953835717223825,0.0,0.023998896225047917,0.019545595900559105,0.010512296191079943,0.013352349775472802,0.004294207849593701,0.034787572216571354,0.006448506699082133,0.021075558577615023,0.017339399728232355,0.009527825715425535,0.0026311449947710973,0.0061647830900493205,0.009948480653371358,0.021286558128010617,0.03211149355369198,0.007661922831801904,0.01825777483394646,0.02636252224422837,0.0034851242941260382,0.005298185616288436,0.004176798537675865,0.0,0.0,0.004176798537675865,0.013150464082360591,0.003586943346715143
76561199218023441,0.08672057379171151,0.0632711106873511,0.08051700415681166,0.031853971588607144,0.02477039185642214,0.07360530195971977,0.012910563467353173,0.013583320307754066,0.037920884185158446,0.03764049770572359,0.04914505318087558,0.018460042279396828,0.012578952553137351,0.031465506239370014,0.005584032083666863,0.006455377945788436,0.023804411565170377,0.0,0.04138059739201407,0.006895532462079279,0.020766778201548246,0.05581443758793095,0.03707927547274648,0.006680333310162468,0.0,0.005656239305735612,0.005584032083666863,0.005610756775223905,0.0,0.0,0.035837907889643715,0.012469424700184117,0.006071439090678788,0.01895060435555682,0.0,0.00604976646548839,0.012316133191938916,0.006455377945788436,0.0,0.01968840988084731,0.0,0.006323247401567366,0.026537594512074394,0.017891668674402613,0.011859634629276552,0.011266996080959518,0.0,0.006071439090678788,0.006455377945788436,0.0
76561199218251849,0.06298103212139625,0.051492032090870485,0.051492032090870485,0.027254020929576506,0.032175843361094185,0.06692751346644361,0.01809107146403972,0.0,0.0392674159636106,0.07312405453763973,0.040688507601243214,0.04056705822620965,0.0,0.02557322571664157,0.021615403560486898,0.025258304300845122,0.043664297180681294,0.019522034897569006,0.06008718605840409,0.032175843361094185,0.0011794561590681093,0.015327291716936382,0.030220429323917185,0.0210574798583804,0.0,0.0,0.005527384842052079,0.0,0.0,0.01499383250956808,0.015327291716936382,0.0,0.006526957410163639,0.04131517276279933,0.0,9.461364075518122e-05,0.02031576129788786,0.0,0.01499383250956808,0.0,0.005527384842052079,0.0,0.04663070557502196,0.0,9.461364075518122e-05,0.0210574798583804,0.0,0.0,0.007853435407041066,0.0
76561199218355105,0.0,0.0,0.0,0.0,0.0,0.0,0.0,0.0,0.0,0.0,0.0,0.0,0.0,0.0,0.0,0.0,0.0,0.0,0.0,0.0,0.0,0.0,0.0,0.0,0.0,0.0,0.0,0.0,0.0,0.0,0.0,0.0,0.0,0.0,0.0,0.0,0.0,0.0,0.0,0.0,0.0,0.0,0.0,0.0,0.0,0.0,0.0,0.0,0.0,0.0
76561199218902109,0.036782468650556004,0.031118711530865654,0.030358723659733085,0.03782774584147541,0.056241548167119446,0.038303643621812634,0.06306738582527756,0.03515317897924917,0.019216787518116233,0.023625642046867384,0.013925741668216867,0.010888578875004018,0.02437365178675232,0.023374911180830356,0.014198369308610527,0.032297063996529936,0.018276211814352995,0.007644614625541248,0.025951303466110052,0.030263536358451935,0.009704784626471667,0.003365125291993227,0.01829859569959463,0.009008824613369154,0.020079448515237196,0.022366215978529686,0.027196239326189007,0.029997284411920476,0.016466405813262884,0.023586602143897645,0.01018613786265632,0.018922520572317175,0.007479838410894822,0.011445318700840743,0.009279865891010148,0.0038745787620211632,0.012600158321348991,0.03250226634972677,0.011538038375851467,0.014705761553084774,0.018477927194971405,0.014555555466736215,0.007172958615801365,0.00814064182291071,0.015774741148785083,0.004202769450210915,0.02001370855771161,0.016515941785672828,0.005341168308815664,0.004310757506693471
76561199218919589,0.026335316606992412,0.0319842959681473,0.0,0.05776060776917373,0.0259497727638397,0.021486663604217308,0.02237907233681641,0.05285806316464285,0.04564424174696973,0.018543163028294164,0.00432572789103247,0.03250818819030033,0.0,0.045117480122393916,0.030473578773506985,0.03615314209702703,0.010741069353655455,0.0,0.029454579018467066,0.004252989970723193,0.0595171637239949,0.015320652271212864,0.019020970534806572,0.0,0.031203660909900083,0.011467761047467606,0.0028709153817282084,0.006821977379132577,0.01843805473385223,0.008395881857790062,0.015320652271212864,0.06757972935751773,0.03761933741101045,0.0,0.005633607370029787,0.0,0.0034598459414713176,0.0071373139018720425,0.010434289858369644,0.009475177602866612,0.060349809095678185,0.04610778836995098,0.0,0.0,0.007206923317343317,0.0,0.007946003184950803,0.0,0.02626651195374198,0.026438020117899058
76561199221510423,0.057273711963167696,0.027676556053391525,0.023049144258507202,0.0715682586129633,0.016474845774429307,0.02608754941423162,0.025849578956713384,0.037272673371962405,0.05932002123358216,0.017108380314414758,0.029768142211710306,0.011735782757627943,0.005859427864330918,0.047510613225010184,0.05393848574574855,0.022166772554942205,0.03289043955416027,0.014051510788221276,0.019947020250715618,0.00799043262685013,0.03434679070520108,0.04814327427031674,0.0038248502143530044,0.004852881957521178,0.008824256617385855,0.012348233801527879,0.0,0.0,0.00412661197290143,0.01743645669097624,0.036056795273348506,0.020019396794390826,0.026800256465364148,0.012849031928086676,0.0,0.009950716534768554,0.01927706727498722,0.0030403334277558066,0.019835433977851327,0.004206575489088993,0.024461377313035253,0.027750094821446553,0.01356828134366669,0.004983070617177184,0.009140399289954047,0.003426759942568877,0.0030403334277558066,0.003426759942568877,0.016724612373320402,0.0
76561199221523939,0.06524265206835729,0.05132875580040888,0.02336911412233206,0.09149688477226453,0.013150552001435487,0.010976307868091131,0.024789180574911793,0.06355222312006709,0.057246655524339086,0.031231620155745026,0.011557057964284623,0.006803269845784339,0.007365106148791613,0.053260586572737516,0.03602295842216611,0.04594979641898351,0.01383909889623732,0.007258565695309322,0.014076370075855646,0.0,0.03420169516660045,0.02837425318334557,0.012230576499579888,0.005441904343376217,0.026121822826582517,0.008515236989466378,0.006344271299399145,0.006069411191270835,0.0,0.021721657498465732,0.01382345225456775,0.017859648670177083,0.007884256156897187,0.004359619546104225,0.0,0.005733714568392417,0.024850355877853548,0.0389003081290549,0.017430365175042227,0.005375474782624995,0.0069994821811270634,0.02689106518085396,0.011557057964284623,0.005375474782624995,0.013114868605322863,0.0,0.012014425552169233,0.0028347684191873204,0.0045131295836773775,0.0029449475238490356
76561199222145594,0.06016936430473955,0.02545398143834307,0.044527387843897696,0.07870236161849649,0.02642491555339227,0.02243394465423501,0.0313582765120114,0.03470836743905678,0.06167222379514484,0.023003867324881164,0.007105633573258302,0.027778897979693844,0.003858073464705535,0.05906198637027585,0.02946302300911286,0.03860430683917352,0.018138487055349522,0.01918322577595249,0.012860483100243774,0.009177228298149067,0.011531495379512863,0.017836066598020076,0.00511189478124646,0.0032355357547245566,0.014331258546407103,0.015984178694350083,0.009498869364533485,0.024382453809497953,0.0,0.025150767063568717,0.019124036797527076,0.020516086504764313,0.022687007667582137,0.009813321131486408,0.007064285637808549,0.009081140030466006,0.013955736216674938,0.019275281441890772,0.03132230705735394,0.007203580817205408,0.004358679959967386,0.02321251667029993,0.006570826197742722,0.007975603546552908,0.009996130073493448,0.007674967553717462,0.0,0.00985438392414181,0.009565552829350473,0.0
76561199222262354,0.03506242236541851,0.04362608586174438,0.019393181873441596,0.020988927840223767,0.08007545011408834,0.03311979575370796,0.04780361422943367,0.061503522018783924,0.015527836318859237,0.04511636459303737,0.0,0.006197419964606971,0.02510179337388872,0.01888977058934867,0.03770527965656517,0.060071856706709024,0.00888028289706328,0.0038351797999777158,0.04208137410250076,0.038423604015211436,0.0,0.0034914610411146004,0.020753754919710383,0.02291290458337952,0.03518886015201297,0.050397633145360804,0.025202840438026983,0.01423056771776496,0.010803899788597178,0.014983796495138969,0.0,0.0038351797999777158,0.004243463930189315,0.0073568882948963745,0.010851838745599647,0.0038351797999777158,0.006574889480067559,0.0361372227784839,0.0,0.011171558620521221,0.0,0.006593140830861706,0.007488250925631866,0.009619123154289437,0.0082468278004369,0.0034914610411146004,0.021878826243562983,0.013445702908710794,0.0,0.0038609652899613844
76561199223548527,0.05471078026793515,0.058188041511535574,0.005440928225913875,0.07877599526044114,0.019277926574754786,0.02299265778167148,0.02973646196506678,0.05874794769478402,0.054541462174894174,0.03404977190153269,0.030436252288791755,0.0043907915392646405,0.01431232700166645,0.054541462174894174,0.017342801635883368,0.03084917792935615,0.011690761362600596,0.0,0.02713299479406805,0.008960146537710071,0.04476914352161931,0.0246173641705499,0.008190235188569464,0.0,0.020456353313136704,0.013838519750417156,0.009364251470451952,0.0,0.01396149513985744,0.016149487916601143,0.00910902506930282,0.02615649602205752,0.011508791156025912,0.005834010479857458,0.008432795625464964,0.004536263323463495,0.0043907915392646405,0.008535638355105776,0.01161322459313765,0.004289753304512209,0.038622859117124826,0.06743104369433545,0.014121473069690723,0.003900481884057255,0.0,0.014051813672631273,0.0,0.0,0.0,0.0
76561199223661728,0.0,0.0,0.0,0.0,0.0,0.0,0.0,0.0,0.0,0.0,0.0,0.0,0.0,0.0,0.0,0.0,0.0,0.0,0.0,0.0,0.0,0.0,0.0,0.0,0.0,0.0,0.0,0.0,0.0,0.0,0.0,0.0,0.0,0.0,0.0,0.0,0.0,0.0,0.0,0.0,0.0,0.0,0.0,0.0,0.0,0.0,0.0,0.0,0.0,0.0
76561199226176149,0.03449146531722987,0.008736184079183718,0.03517671301631262,0.059828824065237596,0.03962873355753012,0.030875180559784294,0.09273796278035286,0.03282637978653412,0.028304835369591885,0.019696347964155755,0.0,0.02349077954289975,0.0,0.03688324191370697,0.04396937848716188,0.011839174842761738,0.02486689440013002,0.027290826471508052,0.014698303927077994,0.007285987529390536,0.014461923408329871,0.016454513420585022,0.012580538318489867,0.0248172038375994,0.019542914523972815,0.019889279980870655,0.012580538318489867,0.017429238546816005,0.0,0.05842426057491842,0.016454513420585022,0.010182049837579402,0.04597569583428886,0.005516529561126603,0.0019430578430477353,0.012706236531448381,0.009803509231491774,0.004840805965427768,0.03623395527725439,0.00476340860066315,0.005341243872151635,0.03499611206417605,0.007735824485656856,0.0,0.012034093607882396,0.012418937037914845,0.0,0.004818583926309166,0.005427818362374307,0.0
76561199229183744,0.04329954371213588,0.027944065598661076,0.003367027820322064,0.07872701806560722,0.021404676374715773,0.014839562207708452,0.03904129113735799,0.03359722897899354,0.07213481628306956,0.034926311040166066,0.017573783868252098,0.018587167013991802,0.0,0.054524551097077587,0.02855788195600768,0.038642793015046334,0.011457537410494148,0.0,0.02254416221647064,0.0,0.05347491867763127,0.020090210968476737,0.015457616970543112,0.0,0.030606731011269563,0.015802022401475893,0.018881699839022076,0.008969681793561946,0.004307953137833809,0.03190560406321253,0.012029420981533819,0.04449556739614286,0.021402177506607795,0.0,0.009912018045460134,0.0,0.006481406559851241,0.029693689805103143,0.020404301290935015,0.0,0.03450987434935972,0.030440076524288817,0.0035750094413166704,0.0,0.0036146743601570687,0.00560265397323988,0.0039552492874193115,0.002958950547852149,0.010259073271627487,0.0
76561199229382365,0.046149366036770535,0.04316548296404729,0.03112363647366701,0.04934218232554504,0.003970521546670611,0.03790917489019457,0.034997419344814866,0.030793143898616537,0.03391582125772028,0.020600643025346862,0.04312342888241089,0.021950319603115862,0.03302178447205723,0.03741212808175757,0.029712504302303003,0.0,0.024210319071271066,0.010003853714876863,0.012516061213013609,0.014738044870090346,0.04864469428649576,0.033342805471418775,0.04541876985781968,0.01920818762540601,0.0,0.0,0.025824597408338992,0.0,0.003970521546670611,0.0033046824804485193,0.05833164096905311,0.008839717415153958,0.0,0.007924395497716551,0.0,0.0033046824804485193,0.03805202687376852,0.00764565017162767,0.0,0.010003853714876863,0.009336409269299614,0.0,0.013977246190721037,0.04872880398934108,0.02427577165030392,0.0,0.0033046824804485193,0.0,0.027905024646352194,0.0
76561199231536128,0.028998053956936484,0.036478517328981726,0.0303001938343833,0.06043864977400266,0.04651779011685018,0.07841960375667706,0.044375938419148483,0.01672346909215533,0.05419804188277554,0.011392980979971247,0.03554322164376229,0.006424385150333929,0.005432703513162472,0.03994169712259974,0.005825591145170709,0.019246545037580106,0.005155514301955943,0.021206619245821054,0.03365778121969413,0.0161533203448435,0.005960277466808774,0.012597522009348789,0.011758270845847,0.014353168685132674,0.017116356724163565,0.020178759830303383,0.021003637305603114,0.034484691702608435,0.016588782770517268,0.027311097395372155,0.00521837305223225,0.010473701494178051,0.005089104251052078,0.010588217815118416,0.0,0.010488362590664577,0.013222776410324048,0.005330488112184084,0.02287719808055874,0.0,0.010795679831323759,0.022899032220731,0.0,0.011666528870953069,0.0,0.05894349450540686,0.005330488112184084,0.018137292793223174,0.0,0.011156079257354793
76561199233164979,0.04431888608992708,0.06320947438240763,0.0043240315439268305,0.06217766405437899,0.010840406897236558,0.019453606336538393,0.03761920553814897,0.0678720981428948,0.02686629081985952,0.05167701419803591,0.051595784977357236,0.037821473395246184,0.006281822369579812,0.02251659439055379,0.01816159569838569,0.02716405368680269,0.00801653827973294,0.0,0.03784347248073061,0.0047964128443847365,0.0654814982492316,0.018098165088088848,0.029812275068367648,0.0,0.03059251549626534,0.0,0.02555823345592587,0.0039058148950953243,0.008552215402399218,0.012441227313245535,0.015295190260778623,0.018192562846626962,0.004802499023859572,0.0,0.004235657951847119,0.0,0.005236929120032643,0.02627345573751328,0.040361108574300475,0.004210868867339237,0.013688420673426106,0.018811127357043902,0.0043240315439268305,0.006281822369579812,0.0,0.004482633464714611,0.012242016832996408,0.0,0.016314340815751265,0.008248963465515357
76561199233790996,0.0,0.0,0.0,0.0,0.0,0.0,0.0,0.0,0.0,0.0,0.0,0.0,0.0,0.0,0.0,0.0,0.0,0.0,0.0,0.0,0.0,0.0,0.0,0.0,0.0,0.0,0.0,0.0,0.0,0.0,0.0,0.0,0.0,0.0,0.0,0.0,0.0,0.0,0.0,0.0,0.0,0.0,0.0,0.0,0.0,0.0,0.0,0.0,0.0,0.0
76561199234936599,0.0,0.0,0.0,0.0,0.0,0.0,0.0,0.0,0.0,0.0,0.0,0.0,0.0,0.0,0.0,0.0,0.0,0.0,0.0,0.0,0.0,0.0,0.0,0.0,0.0,0.0,0.0,0.0,0.0,0.0,0.0,0.0,0.0,0.0,0.0,0.0,0.0,0.0,0.0,0.0,0.0,0.0,0.0,0.0,0.0,0.0,0.0,0.0,0.0,0.0
76561199241168041,0.0,0.0,0.0,0.0,0.0,0.0,0.0,0.0,0.0,0.0,0.0,0.0,0.0,0.0,0.0,0.0,0.0,0.0,0.0,0.0,0.0,0.0,0.0,0.0,0.0,0.0,0.0,0.0,0.0,0.0,0.0,0.0,0.0,0.0,0.0,0.0,0.0,0.0,0.0,0.0,0.0,0.0,0.0,0.0,0.0,0.0,0.0,0.0,0.0,0.0
76561199244382821,0.058113598147653316,0.025326296401785405,0.06484861512051254,0.056248625732505775,0.02595144261773331,0.06276216005877994,0.042077246581578166,0.02215944344649575,0.04641562421587947,0.024808159086369255,0.024762759680901587,0.015241533664988498,0.004297663204534954,0.04075966703768264,0.02686068261877912,0.003658291154735852,0.027308041953628938,0.016429708233846783,0.027814775265056456,0.004209145363048585,0.016805032087437076,0.039053123609226734,0.0,0.0,0.0041925131354609586,0.017920322632729708,0.008062174859564905,0.013927058055673566,0.0,0.03236039405208054,0.019494426183437063,0.016663145737239263,0.009841924905959941,0.008670854727585988,0.004275942803313205,0.027801799836297353,0.032950061853832605,0.005697554875563972,0.01701803246024753,0.0,0.018830713211462857,0.019374664744393297,0.013451654742799541,0.004297663204534954,0.013062078479678465,0.007975665182636808,0.0,0.022778809306162846,0.00544090972618442,0.0
76561199244845825,0.0,0.0,0.0,0.0,0.0,0.0,0.0,0.0,0.0,0.0,0.0,0.0,0.0,0.0,0.0,0.0,0.0,0.0,0.0,0.0,0.0,0.0,0.0,0.0,0.0,0.0,0.0,0.0,0.0,0.0,0.0,0.0,0.0,0.0,0.0,0.0,0.0,0.0,0.0,0.0,0.0,0.0,0.0,0.0,0.0,0.0,0.0,0.0,0.0,0.0
76561199250115440,0.03902951947164559,0.06916741633455827,0.006058280770886485,0.08493010165335677,0.0049155612390306734,0.006553126407701244,0.024279275890808694,0.059822543258232413,0.057513634597286464,0.02217331082967709,0.026693191747242998,0.020134539340118718,0.012195686328665845,0.056958591510097994,0.019631675539620405,0.05962967040721184,0.0,0.0,0.015773409582144706,0.0034562396013299267,0.0336919933228074,0.015092127166154552,0.010899738881326036,0.0049155612390306734,0.048386641846068404,0.013850507665599183,0.012105138501765226,0.01478222866831154,0.01365159075454309,0.008515830247756354,0.015092127166154552,0.030112990537533194,0.00277801996385812,0.0,0.010400022853732191,0.0,0.019072152024528017,0.049318242222102605,0.011417998911985553,0.003858580460457727,0.016796913562956876,0.02577167242774142,0.00277801996385812,0.003858580460457727,0.0,0.011951387015512072,0.023837312414641133,0.0,0.003473291530788491,0.004675555680713549
76561199252400135,0.04375628184343778,0.039117281762119295,0.029674223748892586,0.03759746307717058,0.056113683984889924,0.034613392709509645,0.04090426408386116,0.03059251511157882,0.025843933128345136,0.03177055311180629,0.02966190750078571,0.007852424867545768,0.015316104952769848,0.024352867299623826,0.034901153211406424,0.04080524684996318,0.02993522680085915,0.0,0.051870456119997875,0.017889644076160678,0.016751246035712878,0.011155258829421838,0.011501622394842528,0.0143368549675042,0.01639713714617257,0.021793649346362586,0.004366145973115649,0.015283580859112442,0.003451714738408601,0.007707612245298029,0.02637882826689043,0.011413287124404106,0.022453662336078293,0.014384289305942405,0.003451714738408601,0.0,0.018267655560045077,0.03543772875592163,0.0030911954343644838,0.017583068511870026,0.015386981502399843,0.011413287124404106,0.014655676797985151,0.017321740499947332,0.0,0.0,0.010051182813352617,0.010491130389357547,0.0154398233277798,0.007465300734173407
76561199256004350,0.04370852412335469,0.054363001777252486,0.004402973620539519,0.05131315000133804,0.03276760884773652,0.030989006704230052,0.030212873884867465,0.03856488712526114,0.03531651583170552,0.03167522740518471,0.023008141148215772,0.01743961987029188,0.012639167003357838,0.04544423513924682,0.021301798335724417,0.039129422909514884,0.017669926693960638,0.004402973620539519,0.028720457750414003,0.03019856870911437,0.027679086372084556,0.025095072524041296,0.0360162032536063,0.022436683341587948,0.02406902669179612,0.014959270486251949,0.007469694988875328,0.007906189338730427,0.0,0.0,0.02649062429475488,0.025877093311623856,0.01707840182580498,0.017266999677699166,0.013968951714599701,0.0,0.00781380410485187,0.02900455333273928,0.003626888765439662,0.0,0.01984060985976132,0.011091133221519374,0.01330495598823424,0.012639167003357838,0.004402973620539519,0.00386553346815258,0.014947848322983103,0.0,0.01988115398911442,0.0
76561199262202976,0.04827810602761348,0.041836679054462964,0.013468649884117702,0.06527731878297802,0.03730047574131808,0.02859446060299975,0.04531173315325263,0.044378871925197634,0.043006401590080075,0.021157779712699436,0.018527927865306774,0.003026811974266103,0.0,0.04617859558263951,0.04582952776943178,0.04064012904658434,0.0,0.0,0.037577413435546735,0.008432923372053189,0.041323061249274366,0.033608038596318814,0.008672884713627052,0.004391753462280287,0.022888677223287128,0.023517740521975396,0.013001372165184532,0.008598743524591473,0.004402628640593059,0.023201696839756952,0.016506429429701992,0.02521411533202952,0.03632535442623325,0.0,0.004402628640593059,0.005579810653775377,0.007775931405225883,0.021104900283480263,0.022552067474797266,0.0,0.013884110616857811,0.028996374285206752,0.004522174065078855,0.003172193992559427,0.014208336386598665,0.008325875496727602,0.0,0.0,0.014999295053696926,0.0
76561199264732687,0.03734958853905018,0.04369053197281826,0.03781219641006026,0.05855206905056218,0.03587541474088734,0.04150697583718771,0.027786537630901505,0.035976498334442615,0.03728442921046182,0.018766237861161755,0.02710100761262663,0.01641790439824239,0.009014838429021007,0.04053913503651167,0.020824860829548923,0.03753862914720483,0.022678821128492472,0.02170026762361925,0.030375399322940033,0.028838877806385034,0.03502124775652236,0.03170211165430142,0.011643692064762531,0.007341379360592328,0.01784325963438625,0.014040942777374006,0.011865633030092387,0.009221839691715212,0.0018254985655149498,0.020329300446117533,0.016069575374431714,0.01953900226513186,0.007618796427315973,0.014230919215107503,0.0,0.01351397271646047,0.00494696425655595,0.0160177610688713,0.01031751106591823,0.003710444848858095,0.014938671179681985,0.011485483468150481,0.016926676084992563,0.012798883604199101,0.0019362652893114857,0.0038121142331110063,0.013874133109229744,0.0028824763887114434,0.017679999476337048,0.007235224024119155
76561199266425816,0.05064566852259108,0.0389867900846029,0.021822173542685508,0.04018868523135005,0.06498088931044511,0.05441388953052251,0.03711905902049006,0.051040157292708395,0.01643946650806653,0.01870551905953404,0.009057210649149196,0.011198310363109323,0.007027512745741223,0.0231510151301031,0.03687452123728554,0.04680182218938776,0.0037190574598852115,0.006747650977304619,0.05408029897462122,0.02838255061665706,0.00399834755675776,0.01515772212540569,0.010433811885711849,0.007276436387088449,0.043344669924737386,0.03106824501852405,0.016119196225241834,0.025077713670506346,0.015571923203453193,0.01434035712332109,0.0059790801498557575,0.01680753654897634,0.018093473238740405,0.006711548622036569,0.012820891276660367,0.0,0.0037190574598852115,0.03599970672137946,0.0066870847231930855,0.01109803456206885,0.008557875535284183,0.017383798054853884,0.008947107413163631,0.0,0.014403298271298562,0.004471930005182747,0.008905078942710606,0.003591989386728564,0.0,0.012051837520993728
76561199267496067,0.043421577730667786,0.04563100863993131,0.025413486531351056,0.0771039345175538,0.032602574506142824,0.019054430419788514,0.052241715989152504,0.03767807906611638,0.058536506889709086,0.018428159193087535,0.004296119606072383,0.0,0.007942012667554428,0.05610680571535621,0.037567005486939926,0.034749934609854746,0.013554652319769754,0.0034820865482424186,0.01641854530114476,0.04460225534872382,0.019589966656937914,0.01657752021623402,0.019004057115457846,0.04495373203590384,0.014056781632754227,0.007816218116178572,0.00494399347865872,0.005924891129401491,0.0,0.026122973846951964,0.01657752021623402,0.02918595816706311,0.023951579600934754,0.0036213763877838904,0.005924891129401491,0.0,0.0,0.01800575405962349,0.0,0.011235861587937566,0.014932845470338291,0.017953163601056317,0.02476561265876472,0.006291868109278845,0.013996853378492154,0.0,0.009861939904359546,0.0,0.009581882303815055,0.006291868109278845
76561199268363521,0.03225699744674514,0.04743516316253527,0.016506226581537137,0.05909062391772458,0.015412236694290843,0.0160531657690943,0.05101074720887336,0.07130248201046245,0.046599018825333106,0.02539307774857705,0.027930509331309517,0.009958421880030568,0.01761902255431996,0.04254074925049745,0.023560619582942414,0.04350143070006683,0.010023994976470624,0.005675892426083077,0.008264566172363664,0.013389519351849167,0.06021055369016972,0.030867506907404224,0.01740252703673129,0.0064850872867988915,0.03582782523139461,0.0064850872867988915,0.013389519351849167,0.015050638357365491,0.0034945283522386525,0.01764058853893639,0.021125770356983466,0.013782348688155933,0.0,0.005793999611328211,0.006851405813573577,0.0,0.00428252945394749,0.031247961667377862,0.029515682148414827,0.005793999611328211,0.00951805295088933,0.01876425147854819,0.018217827974664143,0.010432676451480381,0.0,0.011195329479077882,0.012667160231956145,0.0,0.010432676451480381,0.0
76561199274384456,0.04235136961738025,0.03168808330118876,0.018640314691583604,0.07630480163549296,0.029071597656661872,0.02794935565132237,0.034398182457113124,0.025217011064770162,0.07469217798393461,0.014152647976065599,0.02295922219582198,0.016723629224275578,0.0,0.06556165234215064,0.024702728874555976,0.05334343262563885,0.01732256512328959,0.0054799355896680306,0.035740138230235245,0.01105077174741706,0.05141088274656039,0.027856073105650792,0.022019180048138205,0.004377495686845222,0.012527721096802143,0.008927429985722145,0.020726326938116477,0.019216412020540134,0.0076034295948697655,0.009220012227182928,0.004622914243753816,0.04050168577436312,0.010217328618628767,0.0021394139804991556,0.0076034295948697655,0.011687645029996587,0.0021394139804991556,0.012527721096802143,0.004167636169166273,0.0,0.027664047854787054,0.01862599969844978,0.011420893954628796,0.0,0.024717568126655223,0.008701498249238956,0.0,0.0,0.002028222188667117,0.0
76561199274730477,0.05639558056887177,0.035535907682450484,0.07481037388471268,0.05317673360507185,0.022224055157330683,0.07065509503868254,0.03763288146159809,0.029208121294418934,0.042984572440542525,0.019678152986779784,0.025891862519287386,0.004351648378374541,0.03503094837988275,0.042984572440542525,0.03659662306042438,0.01727038883260584,0.020484172660967977,0.012854171764894035,0.0,0.009963868989035096,0.009700755109306979,0.024237009665273437,0.021596626532960836,0.03959175607980651,0.009518704875952641,0.01340293627721282,0.004142953202078327,0.03370547541832685,0.0,0.027669012472562995,0.005429714242238278,0.0,0.013790669432419748,0.00901964360650597,0.004351648378374541,0.030263569751272285,0.0,0.004649570847362372,0.01009415161565473,0.008525147670307095,0.012087879081477773,0.022460779081913063,0.008873661255650915,0.012641965016621178,0.008839186838950911,0.004964706866694616,0.003826644564317133,0.008886100970284172,0.0,0.0
76561199274993293,0.0,0.0,0.0,0.0,0.0,0.0,0.0,0.0,0.0,0.0,0.0,0.0,0.0,0.0,0.0,0.0,0.0,0.0,0.0,0.0,0.0,0.0,0.0,0.0,0.0,0.0,0.0,0.0,0.0,0.0,0.0,0.0,0.0,0.0,0.0,0.0,0.0,0.0,0.0,0.0,0.0,0.0,0.0,0.0,0.0,0.0,0.0,0.0,0.0,0.0
76561199279081053,0.0,0.0,0.0,0.0,0.0,0.0,0.0,0.0,0.0,0.0,0.0,0.0,0.0,0.0,0.0,0.0,0.0,0.0,0.0,0.0,0.0,0.0,0.0,0.0,0.0,0.0,0.0,0.0,0.0,0.0,0.0,0.0,0.0,0.0,0.0,0.0,0.0,0.0,0.0,0.0,0.0,0.0,0.0,0.0,0.0,0.0,0.0,0.0,0.0,0.0
76561199289397551,0.04811573930092744,0.06280709230936471,0.014928082001845517,0.07531772971311551,0.010753813904454852,0.02169855538376123,0.03597917850254898,0.0506978692596683,0.06138420779458398,0.030538063896519155,0.04878729535996081,0.015857905719881205,0.0,0.04162692593083703,0.02816369730365348,0.021306179579616773,0.013304395479171463,0.0,0.02170767541142884,0.0,0.06425006063562567,0.02578354630816373,0.0,0.0,0.021853639052853136,0.0,0.0,0.0,0.011946709340196097,0.013135152434286455,0.022641603525726656,0.03481653495724537,0.007637149750744243,0.0034897506455129077,0.0,0.0041625936996342585,0.00788575840242917,0.019327137532737647,0.0216463055885605,0.006902924305947534,0.030095482826492145,0.032507991284210815,0.014276151683872633,0.0038625639962637224,0.011039670020460286,0.016483881189105785,0.005099869161151659,0.0,0.018181116807440344,0.0
76561199290213981,0.0,0.0,0.0,0.0,0.0,0.0,0.0,0.0,0.0,0.0,0.0,0.0,0.0,0.0,0.0,0.0,0.0,0.0,0.0,0.0,0.0,0.0,0.0,0.0,0.0,0.0,0.0,0.0,0.0,0.0,0.0,0.0,0.0,0.0,0.0,0.0,0.0,0.0,0.0,0.0,0.0,0.0,0.0,0.0,0.0,0.0,0.0,0.0,0.0,0.0
76561199296937509,0.0396423428325673,0.04889695374058788,0.017852782018917983,0.06873000725792662,0.023673960402583415,0.01451154506114206,0.042706515277657814,0.06509047480311671,0.051641952663309024,0.0161961146506026,0.02971736079697754,0.012356086384718912,0.0,0.04522041867611907,0.035422798759267245,0.025187054993113814,0.007528690497045545,0.0,0.01603137077360266,0.0042218071444021284,0.04931869013981283,0.02916507525229752,0.0,0.0042218071444021284,0.031222618111893627,0.008616377694953959,0.0,0.0,0.0,0.035751862300438295,0.022361347873245493,0.04420748740286455,0.024296038581405544,0.0036702125982197176,0.0,0.004001134685810233,0.0,0.007167657109941184,0.028521121788983084,0.0036702125982197176,0.036444582156918016,0.053135492711657094,0.020629572430673832,0.004193321486137468,0.0,0.0,0.00788338538130328,0.0037020892270415314,0.009010380435860908,0.004181296154261749
76561199305756354,0.03045181616546321,0.023720481974075502,0.02175097357138764,0.06102862267857182,0.036065566033726765,0.03915438989752128,0.03888912437730967,0.04880441461945824,0.059106569254771923,0.014849592076715766,0.03199887001423717,0.0190685849056565,0.005342099898266424,0.05382636735886685,0.017790948281109206,0.03064426845267751,0.04124761128623278,0.017190457491255015,0.013418742119057836,0.008399499563907037,0.03340040643784441,0.04098114481977311,0.010881258041702443,0.0,0.023987166823365397,0.019513164987151842,0.0048581476241064386,0.00822229969678748,0.007950290952301962,0.026156079355585577,0.03700518264989353,0.01544776334625557,0.010452374260712813,0.008962914084243451,0.004266837651458958,0.00875863882645299,0.0075434879353970035,0.016270875831633783,0.028433380287338376,0.0,0.020520462743833054,0.024225920251909193,0.004213804055345772,0.00553915814343602,0.0,0.007373714355322202,0.0,0.004336235865578558,0.0,0.007950290952301962
76561199309848738,0.0,0.0,0.0,0.0,0.0,0.0,0.0,0.0,0.0,0.0,0.0,0.0,0.0,0.0,0.0,0.0,0.0,0.0,0.0,0.0,0.0,0.0,0.0,0.0,0.0,0.0,0.0,0.0,0.0,0.0,0.0,0.0,0.0,0.0,0.0,0.0,0.0,0.0,0.0,0.0,0.0,0.0,0.0,0.0,0.0,0.0,0.0,0.0,0.0,0.0
76561199315863592,0.07591243850703881,0.0403835287556699,0.03948548986496877,0.05444706849708067,0.052417490116806874,0.045878155238012856,0.021487014422199902,0.02097844154622547,0.045234042398269614,0.057636939526952494,0.015526931399284235,0.007911850003864167,0.008287472578830541,0.03513783451379786,0.03726650297204271,0.04084511378056297,0.025833155735031834,0.0,0.0626644948360725,0.004360271505845714,0.015050551239019947,0.02475731787167553,0.014568163753253413,0.0,0.010057709517152128,0.0309626009152751,0.0,0.003783512847538083,0.007770556273649745,0.010709607495166012,0.0167666292709589,0.02129980394271867,0.008440827195424515,0.004488061799109467,0.0,0.0,0.007640669741354121,0.02367997946924973,0.008274371284584872,0.0051401058850875205,0.006157102935070843,0.010165511247989374,0.0051401058850875205,0.016906654136319595,0.022197405434138753,0.0,0.0,0.016115171591793882,0.013955632508616934,0.004277711561207296
76561199326716853,0.040014512271006546,0.06136380350469925,0.032487879225771614,0.06352198518977444,0.012245449857204554,0.01916998965706533,0.04015963197377801,0.05052398378681448,0.035414345343286364,0.04320005028665873,0.0319295600595799,0.01907371430137829,0.0,0.03130594060496771,0.04295220150910086,0.03647181793719466,0.013065675251935367,0.008140016418244364,0.01434318021924761,0.009334104273555887,0.030436802513423965,0.02642753366210857,0.020266529199357914,0.00925620437389075,0.028688626158674898,0.007001484783286423,0.005243965073918131,0.014418738358823976,0.004901409354228079,0.022216703113218886,0.025373896762634403,0.004973230154921524,0.02426362629701746,0.004908834041536144,0.0,0.0,0.03176770993660507,0.020338778146703523,0.0260651690739934,0.004907867966587659,0.004973230154921524,0.017637539745628802,0.009812908861378415,0.010138022250621373,0.007974450951182467,0.014603994367806988,0.013776068984729528,0.0,0.004908834041536144,0.0
76561199336091998,0.05441269919590915,0.055085183895544516,0.031222009370973462,0.06081688979427371,0.0,0.04090556688586766,0.017352226021202,0.011947324038158326,0.054885979170101996,0.028512644237221486,0.05273510950939551,0.020547652340845768,0.01803614849546997,0.04868743560156602,0.00552664887950779,0.011937867527846228,0.027357367369081488,0.0,0.021707131022118235,0.0,0.0799399735929755,0.03245990632109276,0.014627210336769326,0.0050321021275166015,0.00563269141410543,0.0,0.008322034223028529,0.0,0.011444742701240403,0.0,0.054117813132666885,0.031119355176360882,0.0,0.006913227194037101,0.00552664887950779,0.0,0.019792128203214437,0.006305176113740797,0.006839547769828387,0.00563269141410543,0.049832243849610734,0.007752405384984278,0.012989808185674231,0.01803614849546997,0.00563269141410543,0.01843463030644849,0.010026154064830612,0.0,0.016282094929497285,0.00563269141410543
76561199337941690,0.02507985817931118,0.05912180461672303,0.0042223534038535295,0.08366514873511582,0.013334081449919325,0.009783182859210534,0.026948514002388034,0.0587708135801563,0.05146190992483937,0.01489564286355378,0.03824652125190687,0.028907836257386202,0.0,0.039308059855461236,0.010328054765136834,0.008861440149268445,0.0,0.003763923013776256,0.016343924001468228,0.0,0.08870669843363174,0.02993030194014786,0.016425874263092038,0.0,0.02892867314768707,0.004586184725313031,0.017474087721974556,0.0,0.039894048995896596,0.011108729483562403,0.02173807319234803,0.03476665266313152,0.010328054765136834,0.0,0.00870597901223103,0.0,0.0042223534038535295,0.009560118033608301,0.0313636809875028,0.011837057888057858,0.03465608793443648,0.05509708736710815,0.010744898162102903,0.0,0.0,0.0,0.014397737804519643,0.0,0.0038399327013815886,0.0186446184638011
76561199347967453,0.05330704800906879,0.06651128597493641,0.01864783515050283,0.0209410948916574,0.05999104324269266,0.03163809386586836,0.033738978243499564,0.059372368627711954,0.012785509759475342,0.04318122200932626,0.01764615433385629,0.011050723523134789,0.02609923539873535,0.009410144847537452,0.0227635328949369,0.0634686559248388,0.022683753417526178,0.010368282421286875,0.04480010845406713,0.023125965658006422,0.002271845020164116,0.00857077820030949,0.01552387844896855,0.009082053864886804,0.05290820659564841,0.025964356048123385,0.009032196879714249,0.0023434969357482437,0.028457196605413532,0.002498366153897283,0.008552717195301988,0.01340088742342539,0.0,0.007044653869729641,0.006815948472066996,0.0,0.010365218358414295,0.034981172501680265,0.004993668244921985,0.002495302091024702,0.008502521686184927,0.015483167926671523,0.0,0.00616147693049242,0.003907692915335806,0.0,0.044517484065433245,0.0,0.007759966541864196,0.016834710375912682
76561199349057212,0.0,0.0,0.0,0.0,0.0,0.0,0.0,0.0,0.0,0.0,0.0,0.0,0.0,0.0,0.0,0.0,0.0,0.0,0.0,0.0,0.0,0.0,0.0,0.0,0.0,0.0,0.0,0.0,0.0,0.0,0.0,0.0,0.0,0.0,0.0,0.0,0.0,0.0,0.0,0.0,0.0,0.0,0.0,0.0,0.0,0.0,0.0,0.0,0.0,0.0
76561199360923051,0.04856842352878814,0.036892297144489807,0.051398188191416234,0.046500695768670726,0.03846137133908813,0.04354562762523117,0.020055205356750306,0.057212809580588164,0.002715870904549428,0.047567727541826275,0.004783444566758841,0.026640449583412117,0.009426694955984073,0.002715870904549428,0.025592864487180216,0.04542412991094569,0.010868102307500032,0.01971918789936333,0.007188782884599315,0.011452431910319267,0.019077194869194184,0.01264345483351498,0.006446981331740073,0.03698305558676517,0.06374183836225483,0.030744439753113088,0.00849480678424525,0.01906123413879135,0.015758613591956294,0.018136511053384322,0.024917065057066683,0.0,0.01225526360574468,0.015813277966441667,0.0170495725202471,0.00566180319180871,0.009436961529563038,0.036892297144489807,0.01244265220838908,0.016892512332461675,0.0,0.007188782884599315,0.01350245847707301,0.0,0.003921200271574455,0.0,0.026046373131542046,0.0,0.0,0.01016147298202846
76561199362890720,0.03443439665990041,0.02097046669070485,0.010489628041753426,0.06188851996265711,0.04853138668377096,0.020851110198102454,0.06603195241045856,0.03366627315881505,0.01780567102191386,0.03253611291658189,0.008069865992231843,0.038574629378241736,0.01179622239453504,0.01707312461721094,0.03731441869464424,0.03479241285086781,0.012717183752030525,0.01995774867066051,0.02421161861137489,0.03188959339397688,0.01907908348199603,0.010597255579160235,0.026873260545847582,0.007426559613535533,0.027041163770068096,0.016094792702526305,0.03204010120413333,0.03055705849729212,0.013183934822104873,0.03044171276347881,0.0036238263776552197,0.01074385131030737,0.031096169132968504,0.0,0.018727680376564138,0.00531265909173896,0.01848896378414256,0.013393272506640479,0.013477098056200577,0.0036238263776552197,0.005431192218568412,0.01398644918851255,0.0,0.0,0.014089187200002844,0.020790349434258445,0.009382614236597723,0.008437298287405977,0.00775706392275369,0.004701239417451327
76561199365659108,0.024152636071982928,0.03202950048702969,0.02872471058438912,0.04396918293992077,0.048513503303276105,0.0500438283382855,0.05569532103286395,0.035537171340050536,0.015043766722195175,0.025398186351785222,0.028422898666857523,0.04056907301795206,0.01062900307876328,0.016209854830316936,0.0353734523879952,0.023721289289871564,0.012377049171577063,0.010521676867867685,0.03785023991536332,0.01231521473856717,0.013889342733325332,0.02827321327684239,0.023053494152557547,0.0,0.02270626186004765,0.038087236976628774,0.025363550807717763,0.013548110149951813,0.01232736706899644,0.024891970380516833,0.016810708163422027,0.007752838253977866,0.028431216950612636,0.0,0.006364633123122588,0.0,0.011860728101937067,0.009748614197316903,0.031062074787902575,0.011549543544145602,0.0,0.012336399249782628,0.0,0.014216559325823578,0.014850828166969341,0.012902998467476723,0.005009352371323745,0.020547384055018533,0.0,0.007318014697672694
76561199375667566,0.08174625581691106,0.05440650369048635,0.04693692500152459,0.04440016646661792,0.014499556734699626,0.04744240811707145,0.022801291692176047,0.02891209190197696,0.04058996009967167,0.015826597719222797,0.05668688165031457,0.003161374082574962,0.01644150330557309,0.02679185066076032,0.04607777156302229,0.025483172851204022,0.02545772117307986,0.011742751817059836,0.03474233985127702,0.014598481701947039,0.014103886204875082,0.035718083938647685,0.018400867167989263,0.003813299381010569,0.003046382964516077,0.009816905415565385,0.015941588837281685,0.012244883544844303,0.0,0.027323087266160943,0.02232079253080219,0.01732683630010149,0.01577816623773144,0.011706594028654534,0.0,0.018042777158478917,0.029277402943136292,0.003046382964516077,0.0,0.007831886202519282,0.008245857088491274,0.012934471356266863,0.012070315538826525,0.011402307806162412,0.01808339949677955,0.0,0.0,0.004682651319134243,0.0036947102672014284,0.004400858143135099
76561199376134768,0.04503317860617186,0.058817936738781065,0.030778634489969165,0.06375371991888,0.035864093122888845,0.04072722297152627,0.03772754434147531,0.05840282884107378,0.04556634192803396,0.006609221455818469,0.026370284538395895,0.003925952825060873,0.0,0.04185806406659121,0.012237142787031753,0.02080364511996228,0.013757486029316056,0.016123929853138316,0.019019919853752166,0.010555531886881107,0.041436017399801045,0.017561439848869393,0.0033322192294999212,0.00370690699345901,0.0166471190052907,0.003383634735522195,0.0033322192294999212,0.013989241272153988,0.005901048419423579,0.01612217536992113,0.02424570863779741,0.043694589008358334,0.006653269759683157,0.020888409446428318,0.00370690699345901,0.004258772561027326,0.004800152835327105,0.007444695964138845,0.004800152835327105,0.005583873027348595,0.05823125123300837,0.04934416905281343,0.02420025336581871,0.0,0.0038396779218589903,0.006234533691859379,0.003831640933476314,0.006960289618076896,0.007936952236003594,0.0
76561199380289969,0.07484046532670734,0.0669307567616602,0.03171933688837249,0.0893631480995635,0.0073812965079897985,0.04406805644701208,0.02918284621447897,0.03964664579063687,0.045550536009280704,0.045738647956386276,0.02647920468309473,0.014348924052912083,0.0,0.03804321569100269,0.03287620674223875,0.023973654832124075,0.011026585797459205,0.00660256396576643,0.009059722544742028,0.01341721951899055,0.04916255306849964,0.02835311784151301,0.006048601143368234,0.006035923011000752,0.013478361203807271,0.0073812965079897985,0.0,0.0,0.0,0.010465557232449695,0.022066937378308553,0.02565108951532475,0.015949170151016073,0.026552236466894537,0.011614316827384737,0.0,0.022181374764629374,0.013478361203807271,0.0,0.009027069203799384,0.015533970796806504,0.009059722544742028,0.015789123181689874,0.0,0.015315670586049858,0.014010684851138414,0.0,0.0,0.012595828689361642,0.0
76561199389419785,0.0,0.0,0.0,0.0,0.0,0.0,0.0,0.0,0.0,0.0,0.0,0.0,0.0,0.0,0.0,0.0,0.0,0.0,0.0,0.0,0.0,0.0,0.0,0.0,0.0,0.0,0.0,0.0,0.0,0.0,0.0,0.0,0.0,0.0,0.0,0.0,0.0,0.0,0.0,0.0,0.0,0.0,0.0,0.0,0.0,0.0,0.0,0.0,0.0,0.0
76561199403138420,0.056199758054975214,0.05793333219063583,0.0469956649912389,0.025481090982215886,0.03418781700534225,0.04055327636466434,0.02020774704079192,0.014848179591194381,0.010308288124554392,0.03786917561413636,0.03949692590803578,0.02396733304292466,0.056015628497812414,0.01499533829953554,0.03003861325351885,0.04556640756985188,0.004334791066881695,0.0,0.06757619860177354,0.0,0.005973497057672697,0.024393640152220206,0.04196719980581785,0.009713235389567207,0.012860315097946157,0.018309400722966183,0.007191115778949721,0.010153244702237448,0.0,0.005981274923728362,0.03934804909348283,0.010308288124554392,0.005981274923728362,0.00501250792479392,0.0,0.004215096394050953,0.01415207696628648,0.014848179591194381,0.0,0.020734291893942138,0.005973497057672697,0.010986004982466616,0.01675857182125436,0.047555299054008356,0.016170395203145616,0.0,0.008429238831355813,0.0,0.016408738306873442,0.0
76561199403272332,0.0,0.0,0.0,0.0,0.0,0.0,0.0,0.0,0.0,0.0,0.0,0.0,0.0,0.0,0.0,0.0,0.0,0.0,0.0,0.0,0.0,0.0,0.0,0.0,0.0,0.0,0.0,0.0,0.0,0.0,0.0,0.0,0.0,0.0,0.0,0.0,0.0,0.0,0.0,0.0,0.0,0.0,0.0,0.0,0.0,0.0,0.0,0.0,0.0,0.0
76561199418668383,0.046251892540668596,0.031526969391457445,0.014346992978343468,0.07322927998736461,0.041880055845227075,0.02792744069268177,0.05065978347710404,0.03852131364672072,0.04862491963419164,0.03044049724428368,0.009209642291361578,0.011937304912990462,0.00585549375436715,0.050562447873882845,0.028006734071948446,0.045390137472809275,0.010822965845098618,0.002954804919390058,0.0318721563730131,0.012439620964337051,0.027200426101911555,0.011983586371755565,0.013050187716420383,0.005997667375420765,0.025639075863379643,0.020640248040254775,0.034492596838154456,0.014890653567918598,0.010692081472956111,0.023699082735916727,0.007956106245516754,0.022494192526958213,0.019846344064143984,0.0,0.010692081472956111,0.0054535595156812175,0.0,0.01038615862471875,0.026284313864238445,0.0,0.022184767518493312,0.04682905247294774,0.0,0.0,0.012414767657861757,0.012119591026329146,0.0,0.0,0.0,0.00259300500882442
76561199420955153,0.0,0.0,0.0,0.0,0.0,0.0,0.0,0.0,0.0,0.0,0.0,0.0,0.0,0.0,0.0,0.0,0.0,0.0,0.0,0.0,0.0,0.0,0.0,0.0,0.0,0.0,0.0,0.0,0.0,0.0,0.0,0.0,0.0,0.0,0.0,0.0,0.0,0.0,0.0,0.0,0.0,0.0,0.0,0.0,0.0,0.0,0.0,0.0,0.0,0.0
76561199422202390,0.04441290457642366,0.012694797061296363,0.05129337234876813,0.04775288160828704,0.04433348788441802,0.04613026615393205,0.06148660846953527,0.023074956738736663,0.03327397535493037,0.02331543211878402,0.010417173788587654,0.01481022810784003,0.00670446202764198,0.03327868487671298,0.026115866209790114,0.014645105113372194,0.023783386706035272,0.025593342038233328,0.04166696720766368,0.014220964833857626,0.020653269007273205,0.03915064264958104,0.009757677774216145,0.007524085491022688,0.011003244509044286,0.01879326509134338,0.016787431403981888,0.03244959796459746,0.0,0.040899675972660095,0.020245162132779753,0.0,0.020929960542721168,0.005287647851088384,0.0,0.01985214628215953,0.0042304636545060425,0.00277140653058387,0.02994558041366886,0.02142631286146854,0.003984477041224016,0.02440960508680646,0.0056655474570049035,0.0,0.006532613010081151,0.015313657508166904,0.0,0.023381666539173878,0.0,0.0
76561199433626235,0.032398739165117006,0.042342101736563505,0.011594131591653657,0.05960186010554662,0.031180494175584328,0.01708207833875872,0.027910054579274726,0.06498323272354727,0.06760011832049752,0.02791967625622906,0.028679564198593247,0.02305039082603767,0.0017727705754051486,0.04209040871511306,0.011662328072939732,0.05041130718492511,0.027113495978591504,0.006507156605633434,0.03644595808268217,0.0057333907494594065,0.05185869261995896,0.0046492663504417355,0.001641812847453587,0.0017727705754051486,0.052741695165619586,0.026342780966733783,0.0038020614940032877,0.002576730754469076,0.0017954189007573977,0.02049234083976174,0.0009205384427450799,0.03022286834252521,0.0025530450255232258,0.0,0.0012253307395342118,0.006550355359634607,0.0,0.030391892469270713,0.027728193443972725,0.0,0.04005796527871018,0.051442366599081274,0.004249122317630564,0.0,0.0032344460105368645,0.0075061613248645544,0.010164886149213575,0.0,0.0,0.0
76561199433753634,0.035735610681548215,0.040428455862149534,0.03136243206536716,0.06338034275012754,0.006787884339499465,0.013026217392560147,0.020744244247537343,0.03344561155898823,0.04425287086688225,0.042968663371790686,0.02204125945614328,0.047882804860004596,0.0,0.043263176113422716,0.02574917591276349,0.026112023824335296,0.0,0.030975040272976363,0.02231226336112704,0.006787884339499465,0.06327664815805002,0.021563100617510173,0.019571989577332114,0.011885328380443283,0.025688987496160075,0.0,0.006787884339499465,0.0,0.006364848011324242,0.014544508402327624,0.021563100617510173,0.05154467136848792,0.019524878649916918,0.011670865918031884,0.0,0.006787884339499465,0.020099371775883976,0.01309984222198926,0.01395635990803788,0.00558358927348191,0.030030171539539345,0.01357868533763114,0.005414409732195627,0.013956241231472988,0.007213992016306111,0.013347692314485545,0.019324139484835832,0.0,0.0,0.006364848011324242
76561199439557760,0.0,0.0,0.0,0.0,0.0,0.0,0.0,0.0,0.0,0.0,0.0,0.0,0.0,0.0,0.0,0.0,0.0,0.0,0.0,0.0,0.0,0.0,0.0,0.0,0.0,0.0,0.0,0.0,0.0,0.0,0.0,0.0,0.0,0.0,0.0,0.0,0.0,0.0,0.0,0.0,0.0,0.0,0.0,0.0,0.0,0.0,0.0,0.0,0.0,0.0
76561199441452962,0.056009121393220083,0.047210667888455654,0.045673541738419296,0.04487049192843053,0.025456562401940292,0.030818858996058057,0.01903003826196003,0.004737755622831976,0.03182287616096599,0.03242449998095824,0.03638531336173616,0.029843551150656532,0.03656788896442714,0.031782685846574614,0.019698345293174577,0.03932309638351468,0.03915995211050907,0.004737755622831976,0.05487964378247919,0.006025903074818949,0.01003017947688394,0.034945107308694955,0.02937377858159167,0.012263901066688083,0.005416716177112793,0.03128372761382941,0.0,0.0,0.0,0.011826155833284571,0.04466773844089237,0.007391113952082425,0.009989989162492566,0.0,0.0,0.005196457264826273,0.016199611775810203,0.009515701560055326,0.004970600507850036,0.0,0.0,0.0,0.012089693446780998,0.037927903434067864,0.0228510119380141,0.006465228191266286,0.010154471799944768,0.0059050247642709495,0.03507733773959752,0.0
76561199441844249,0.029792628495569608,0.021417308689560467,0.07544755683478098,0.032483856530502495,0.03385416515585916,0.04271897010659384,0.04261465424641034,0.030487645552029995,0.012096220213234008,0.008766421143157807,0.00528098604379292,0.0,0.0,0.04529721084456534,0.027469010239418497,0.0,0.018522056096721827,0.0,0.00810867728683022,0.09151884540745275,0.032677340776035534,0.0,0.0,0.09604838522333073,0.01580224234604751,0.0,0.019267308425113792,0.01898363903837534,0.01580224234604751,0.030775471921092323,0.00966275073333884,0.0059450435141060074,0.026370435820614775,0.00528098604379292,0.02803405400818927,0.0,0.0,0.0,0.0,0.034609633158429756,0.0059450435141060074,0.023910919632877732,0.08043962712281626,0.0,0.0,0.008766421143157807,0.0,0.0,0.0,0.01580224234604751
76561199442146005,0.02581896122903441,0.005081542785661082,0.07376681093173468,0.049306912597260034,0.0660329049417974,0.0410472039474522,0.04470207181306089,0.013006296068687664,0.029389019012701717,0.003980800166908765,0.0,0.009979067936133484,0.004515976182170837,0.03446910582400364,0.019743635038641134,0.013042146917882193,0.013161076004658195,0.0,0.02145472626872229,0.09013843656897266,0.008278450271464805,0.01782276262684651,0.004397923774778312,0.09875606523497407,0.003980800166908765,0.013078568197560977,0.009472403709330973,0.017333173594629055,0.0,0.026483960760408733,0.008166125571771612,0.008243570023206947,0.026702684691356046,0.03544900900988114,0.01746334245049562,0.0,0.0,0.0,0.003980800166908765,0.017915594756534495,0.013823258210202957,0.01780405837711172,0.06209975708445021,0.005081542785661082,0.004489300747491599,0.004299234392889168,0.005579688186996012,0.0,0.005081542785661082,0.005579688186996012
76561199442822555,0.0440258988689291,0.04372148001157989,0.01079565349842242,0.038943711433679515,0.021359743352392546,0.04188277189606843,0.036278507010164926,0.06673461714830367,0.023334282717964786,0.025028269643792105,0.02309042379524321,0.01205708435564583,0.014054138389873539,0.02707246673787213,0.02003566785798399,0.020393764279041854,0.01857659905925582,0.003070950194729561,0.03021952712798654,0.03385488222808951,0.05184250084581571,0.008973643910582639,0.027253661821018196,0.0,0.03560968557530969,0.0074162378841657545,0.035167051778597434,0.006383355792680408,0.033943491822164856,0.002993757867506432,0.020005008619997548,0.013459068998283046,0.0,0.007584176301827242,0.019510241494976235,0.0,0.011177847121623445,0.02716587738094765,0.008751021709153841,0.01272138090928496,0.02283318471635772,0.040752603331760284,0.01787375929325102,0.008905172371646812,0.003070950194729561,0.0,0.007583408754868446,0.002993757867506432,0.0,0.011498714028925364
76561199442878224,0.04765291162622752,0.05969782224334008,0.05917845008636012,0.04641520234705205,0.014676767573385376,0.039267864486734055,0.018214964346311584,0.03418373703873516,0.030325474697019624,0.03465913998083812,0.030823530468495196,0.01174430460483694,0.05093164346449697,0.026190262380719045,0.012433286610707984,0.012626057165253475,0.00828310755269288,0.012303471747137697,0.02884731892138549,0.0,0.040484942370916634,0.03383916544100445,0.048479194870353806,0.008113880967300896,0.004061006376213733,0.0,0.00409228631290886,0.004306364270228736,0.00942588049675866,0.004030282563294823,0.027168371787023797,0.02068557390093737,0.008565050789039743,0.009847902867127644,0.0,0.0,0.011968355096077557,0.0,0.0,0.04081778068141213,0.02953279003816507,0.03805107531156253,0.04208855512473897,0.019621745269853875,0.012303471747137697,0.0,0.004061006376213733,0.0,0.0,0.0
76561199443514192,0.055582283032155705,0.03859753247080683,0.02070704066685629,0.06118323081642022,0.036630355118038097,0.03416656053983396,0.03635221948198418,0.027770165737654603,0.04039527304966887,0.032362307518604694,0.017292057911639482,0.026365427249494245,0.0021574142368659946,0.02801409388555682,0.04946415525073668,0.03802348902057363,0.02497485437327724,0.009404417114172656,0.029123231571942448,0.027360267291988014,0.029252173206573574,0.020998677323485468,0.011258617254898313,0.011088558469420154,0.023498322684373584,0.013543509256669783,0.009679958113588258,0.0047961226629091285,0.004695745101352443,0.032192511055723357,0.014314417183000992,0.0239944606042668,0.031625089419927956,0.0,0.0,0.004586544257247344,0.0026876661607512595,0.018923732535354287,0.02082554802627485,0.013604458644119593,0.013974257177750823,0.017702247570556162,0.0028666192615260894,0.00235095104112199,0.016038740964186973,0.004805481335271066,0.006790594056885579,0.0,0.005883771338960458,0.0020948489555331355
76561199444606097,0.0486868612719289,0.03654309794744961,0.006535892766144764,0.007543117973104127,0.09023075184675852,0.06534878366181766,0.05114108301563361,0.03769954639630651,0.01926777924471721,0.029259781606714646,0.022660615798755075,0.020698662057226733,0.03253077002462182,0.005134812746612743,0.009986272015223717,0.03335384552276252,0.0,0.0,0.07697229960752411,0.047318624876464134,0.007835205422460825,0.013176716188331805,0.036839233229120485,0.0020985277930371023,0.030525946999475365,0.046874994073509556,0.02978066696144856,0.03707795910980674,0.0,0.011501525138739973,0.00642662238564263,0.0,0.008807626219257323,0.0,0.010245344030438643,0.0,0.0013206306080790593,0.02057737341479938,0.009099508929854418,0.005566134703056835,0.004655478306998268,0.009025811037629712,0.0010876746184123247,0.01615045068950347,0.006954228823306737,0.02258535032476666,0.010908380651627986,0.0083145398620753,0.0016514720988544647,0.0
76561199447044530,0.03266782168254211,0.025729658184068305,0.02766713889609416,0.08148477155250773,0.01235453308479026,0.02117179147653874,0.04950635108579058,0.045748667970179964,0.07133574463516797,0.029377513747645433,0.019512583563755383,0.02407282313748163,0.004920981902421255,0.06612062726905962,0.03677079640679576,0.03902743542485563,0.026331457125426408,0.015191484544316979,0.013534911979510456,0.0077281168507216625,0.018437499038145733,0.016095561492324016,0.028297794899569226,0.004782720661246765,0.013640705350167866,0.013381245492973324,0.006340596580135626,0.0038238658306142463,0.009409136895315362,0.03933361104124124,0.008305406838136888,0.019904970855554042,0.02834358463113838,0.01353924394823404,0.0,0.013862994998206354,0.010728950766094411,0.014048336626011149,0.016177328656022495,0.003588583075663601,0.008078266630297048,0.022249160220335226,0.01009345852241166,0.010285812170397875,0.0,0.0026076227603496005,0.0,0.0026076227603496005,0.004830951837384771,0.006949756902009476
76561199447952692,0.04453294746747468,0.030476531047384663,0.038549081970808044,0.06079405445655048,0.030542064539008932,0.02206608783443744,0.045678314669779264,0.05286325411303761,0.052234411113446656,0.029669558301398658,0.011444002057037965,0.012780752033297253,0.0,0.06033886712869503,0.015126304565051598,0.03146105941031793,0.05212648526176986,0.019997736302869128,0.030972691387342936,0.0,0.010861170151840379,0.009751224989600984,0.011444002057037965,0.0,0.021234691988256744,0.007236356775176481,0.002587864258134787,0.010148265502824157,0.003794779320736797,0.032160955442356545,0.001909787557690764,0.02288589948432155,0.0,0.006892632985131122,0.003747909516649494,0.02752316289743185,0.008104983357075601,0.010907496155992909,0.031294786827881234,0.006335773774784281,0.014571273582814728,0.0494372821489402,0.006461443395235525,0.011444002057037965,0.0,0.011888655055265523,0.005242675038401561,0.01999337194286951,0.005242675038401561,0.005242675038401561
76561199448991262,0.06566096614142229,0.057310141048367104,0.03577374463649111,0.03762539011619109,0.046016373986179825,0.05736331501921566,0.03259849490398154,0.03188874291546073,0.02145597083366088,0.05243585523292432,0.01270713678364418,0.018298078954194504,0.012894238155569468,0.013876468902075268,0.027402348355173006,0.01927045607524108,0.02022883020049155,0.011945356046369093,0.06092077748953136,0.026942497747704745,0.013659751008265105,0.010523785306779318,0.021286090623619306,0.0,0.014957194999964615,0.035146112400940635,0.01895812565892007,0.009175247958459972,0.007256917365292723,0.010866609138238063,0.012143233553703867,0.014734949374789428,0.0121852050733434,0.010250967904697447,0.01651087130432699,0.0,0.006968237937896285,0.01499193206159068,0.003816398079155819,0.012390623904924227,0.01585929646307504,0.012640821857570476,0.004767311294446747,0.008874576764906416,0.011233138824446006,0.004788922193433062,0.003984924329036989,0.014970248040998788,0.010987899328559338,0.0034554237047304086
76561199464469677,0.0230815446606757,0.037849809578140596,0.012068978251847592,0.09463355548886969,0.016721845831118656,0.026138820726171057,0.04274017193977162,0.04378348259699558,0.07107444687701894,0.023818009389556374,0.008736377316030977,0.02680055468289383,0.005638821345385667,0.07082519341416092,0.019385321340930385,0.038431783269010825,0.028408820674362283,0.0,0.022909869992642037,0.015048577229084583,0.018374548717882865,0.031000506867042647,0.0397423632731378,0.010798326808044727,0.013673589121705089,0.00489372629728791,0.017111015433570353,0.02976826065658739,0.0,0.014264762358041059,0.018251897867419833,0.04348897348027284,0.010222215930287803,0.0,0.0,0.0,0.009136215430954567,0.023922695031680905,0.004511435082501729,0.0,0.01282129527205247,0.018177851908568098,0.010969212926678571,0.0,0.0,0.005986605184286665,0.015408611372634877,0.004424336164872826,0.014955570209821684,0.0
76561199469179667,0.052519491666554216,0.07033528296815907,0.01861993150562481,0.08782914382973202,0.01466204852094598,0.012702209253845203,0.01852276763197129,0.054706657753059586,0.03346668693408744,0.04425865820325882,0.02721522325604144,0.020875612450352948,0.0,0.04345358002595793,0.032028427525301675,0.05795807490108498,0.025104181336860244,0.0,0.02418311914190083,0.0,0.06223105088454627,0.025066453555115224,0.011970597422739737,0.0,0.02772720275786815,0.005042738113652868,0.019724936872891216,0.0037675975745315032,0.007106279840282668,0.009847194334767977,0.017443678680846415,0.015083500625711664,0.013999415223758686,0.004440299178181393,0.003701634769870768,0.0,0.004758737519506086,0.03722907290326139,0.004153291155054557,0.0,0.010931279736720954,0.012912848512758153,0.007995373421128734,0.007477162592643715,0.0,0.004101112556519478,0.02297554453607715,0.0,0.018467255256414898,0.0034046450704119007
76561199469292362,0.0,0.0,0.0,0.0,0.0,0.0,0.0,0.0,0.0,0.0,0.0,0.0,0.0,0.0,0.0,0.0,0.0,0.0,0.0,0.0,0.0,0.0,0.0,0.0,0.0,0.0,0.0,0.0,0.0,0.0,0.0,0.0,0.0,0.0,0.0,0.0,0.0,0.0,0.0,0.0,0.0,0.0,0.0,0.0,0.0,0.0,0.0,0.0,0.0,0.0
76561199470080023,0.051620133186323594,0.04406372388679749,0.026987635834649634,0.08318229141615854,0.021400306693116582,0.026169596178052514,0.015391023611470676,0.06674479868177939,0.06774572027343691,0.005195272256494647,0.011939254972004225,0.007974959479010899,0.008120625382636264,0.06774572027343691,0.01712307217828486,0.05293783089949876,0.0,0.0,0.029639773049183485,0.03169805985097739,0.03907135085088119,0.01273244761100688,0.004925730641967946,0.00690543583798925,0.020262004272812002,0.021400306693116582,0.007188084973014449,0.014444323729168191,0.004788211898565972,0.010907279670301192,0.008154661453224039,0.033404755154406024,0.010080254782504496,0.0022895318400841763,0.018164657860721634,0.006054513945306712,0.0026361988018837696,0.03477772154011195,0.0,0.008485587773481428,0.029639773049183485,0.028742557308822733,0.004533766685184524,0.0,0.010080254782504496,0.0,0.002479757644851757,0.010080254782504496,0.010480376829329518,0.001610401483758413
76561199470418036,0.0184023402727084,0.056359044240732285,0.01099873018101267,0.06294389588027062,0.017417078558185424,0.006677322402981301,0.02564723310904897,0.07884513778762635,0.044126446070231674,0.032286736119089866,0.025975976780228945,0.018629053673808967,0.0,0.03998002365334177,0.027488592332359202,0.04603895347659581,0.006987549022767473,0.003621484348012122,0.017544033570513543,0.004245722520688908,0.04592168563910385,0.011305672341861316,0.019424832405921386,0.004245722520688908,0.07459941526693745,0.007282864088182569,0.0,0.0,0.009914393740874893,0.01432717097092606,0.004370185785173268,0.02256125572222848,0.010248503638924785,0.0,0.003055838054969179,0.006977040165652942,0.004570184439831422,0.028184893426794786,0.040224015934088295,0.0,0.03518322434855067,0.04881563981033363,0.00406961246148965,0.0,0.0028224797987823386,0.0,0.03494694376851158,0.002912678303009302,0.009905999626083977,0.009914393740874893
76561199470516845,0.06866191062484732,0.037499163475590194,0.04523365586057723,0.06893690512571118,0.008077275066811085,0.02233768971908287,0.031284744283846845,0.03376372174760809,0.05494595561615642,0.02441203607528242,0.03779878417415312,0.01305886272052907,0.0,0.05665236724088969,0.04120491540592309,0.0289061489881329,0.044770889102043,0.009215658551828746,0.010706678746047034,0.009015353834940353,0.028635419162390645,0.016848620253728,0.005819084650637061,0.006192579298258043,0.011934928721564956,0.0043240775129183605,0.013425113429406286,0.010428803315451533,0.003239102593157423,0.010084844280226298,0.02207752364799221,0.015739496999195062,0.016076666434342485,0.017460638138007908,0.003239102593157423,0.0017711554196563875,0.029134758458586114,0.011934928721564956,0.026855415063915238,0.012699278940424052,0.008935523326390646,0.017510652418851448,0.027439998937932208,0.0,0.009449261002358555,0.003753197553892724,0.0,0.0045939299563386975,0.01391318280965475,0.0
76561199471838775,0.032293573287369017,0.02545301896788478,0.01708739605619371,0.06725108720063995,0.017057072440102017,0.016958356177078266,0.03818911467057908,0.03563742409775141,0.014924117576198426,0.03710710644252349,0.026637820754115537,0.05211205027357693,0.011622270936976965,0.014924117576198426,0.009269766750338899,0.009511520802218173,0.01985425357813075,0.016568400002801797,0.008692442284626494,0.017057072440102017,0.051203103306300256,0.019974077452957092,0.015836475359288223,0.005187754132822655,0.04518382819597659,0.016495014290295287,0.03387752972085037,0.02670089955191904,0.052089642901119074,0.02145752413784205,0.015028077372013712,0.004368675615230975,0.00432376666939552,0.003728563605019097,0.055690259079705956,0.0,0.015556039592489463,0.017316725615797442,0.0165646069395059,0.011402786074071667,0.004368675615230975,0.0,0.010625882274708192,0.003677236982513551,0.003677236982513551,0.008004561169902,0.022049012181579387,0.0037241754107978104,0.0,0.02367988745474811
76561199476865533,0.0,0.0,0.0,0.0,0.0,0.0,0.0,0.0,0.0,0.0,0.0,0.0,0.0,0.0,0.0,0.0,0.0,0.0,0.0,0.0,0.0,0.0,0.0,0.0,0.0,0.0,0.0,0.0,0.0,0.0,0.0,0.0,0.0,0.0,0.0,0.0,0.0,0.0,0.0,0.0,0.0,0.0,0.0,0.0,0.0,0.0,0.0,0.0,0.0,0.0
76561199478273259,0.08560798202491314,0.05958718863077108,0.03656501390799903,0.04640543763655929,0.021052925707764954,0.03514191080090309,0.014684161911395342,0.05856357397721288,0.03137282064135182,0.009997703819252671,0.03939252753522368,0.018485041246535376,0.025019241311619388,0.032509230425557256,0.028333369097973665,0.04507760088919731,0.004197446678395912,0.0073712787032336295,0.02193153921009046,0.00817837944140145,0.024488381035926612,0.03614434671620802,0.013857918050993902,0.0,0.02232876417711241,0.008078496032322744,0.011664160592341339,0.003607644753766483,0.004570734687634965,0.003607644753766483,0.01573806055601289,0.03699974098082656,0.0,0.0,0.0,0.010037890355139474,0.013361261961821327,0.023191040841970816,0.017258382649206913,0.0,0.02678708276999091,0.02006906510660257,0.00678692568066755,0.011459508212713935,0.0,0.004714937889754087,0.034851547448519024,0.0,0.008677049285168313,0.01224504186418109
76561199478662488,0.07061983458129911,0.0467107242110883,0.031209794915367243,0.01783772366307357,0.07375000744047437,0.05772317783400803,0.017838060790737104,0.039164970811423575,0.01233081435573473,0.04621320758769871,0.019459810698155548,0.010241081572669371,0.03811815431659436,0.006461750125677037,0.02955451593918689,0.03401562157501897,0.011888011504989278,0.015141241817238282,0.05201419823688397,0.031960036325314016,0.006362081227690371,0.011827720774377605,0.01264129024780281,0.035245791072308214,0.030672065957669383,0.03892161511462254,0.00673463084369606,0.011575346039498611,0.0,0.016267851731603625,0.007707341897876105,0.0,0.0036895404930587707,0.02168330788557244,0.010179039257413232,0.0020680509667820625,0.010545502332954251,0.025289133547203243,0.0,0.0036895404930587707,0.0,0.008726488027815728,0.0,0.020091507836788015,0.01674218857364076,0.0,0.010469260116966793,0.013258937753277918,0.010157673298127369,0.003201356207562877
76561199479136443,0.05386483939712819,0.08835687365346304,0.013217162539217437,0.07496478173827187,0.013181205390579862,0.0043934772002310295,0.004269522098079591,0.007238444672750785,0.04174589568093025,0.01811988748643266,0.05935171541009786,0.020315629818632188,0.0,0.016198088096257023,0.004868544256760115,0.0280446358979441,0.026893283160038504,0.0,0.023809356058754977,0.004868544256760115,0.10491113010682147,0.030127537374382604,0.013869326747787195,0.0,0.005734549451179806,0.01576687419261858,0.02153662635850175,0.003177133841320464,0.013888271368121485,0.0,0.041232489141584255,0.008533637137413508,0.007648354990380264,0.0,0.008435279318257383,0.0,0.025516849988518248,0.014506439241305352,0.028133194103565143,0.0,0.03305949145008666,0.021574680391184986,0.0,0.010622857824711805,0.006867609674665957,0.05033575627223746,0.005734549451179806,0.005762802643359183,0.01932267211848701,0.0
76561199479939042,0.0,0.0,0.0,0.0,0.0,0.0,0.0,0.0,0.0,0.0,0.0,0.0,0.0,0.0,0.0,0.0,0.0,0.0,0.0,0.0,0.0,0.0,0.0,0.0,0.0,0.0,0.0,0.0,0.0,0.0,0.0,0.0,0.0,0.0,0.0,0.0,0.0,0.0,0.0,0.0,0.0,0.0,0.0,0.0,0.0,0.0,0.0,0.0,0.0,0.0
76561199480061465,0.06877596365779685,0.057087535173871884,0.04500419702988865,0.053863842193406834,0.027365987705858328,0.07249261736020325,0.04689569153033171,0.03680347108472942,0.03880130935222915,0.026618436312481383,0.03579462678052835,0.004175580661393379,0.010077288710380833,0.03880130935222915,0.00811381215719697,0.0029047485984995216,0.01513163119991532,0.016221542017736835,0.02197528174940846,0.01822416170065276,0.035346641593673074,0.015101434616262581,0.0,0.022437572609539862,0.020292615971244002,0.013292834909574908,0.008994021772418656,0.004107223169877019,0.017393936358694424,0.0106121865683725,0.02276707759998097,0.02881966031249987,0.0,0.013388558586740412,0.007205600944956266,0.0106121865683725,0.016003410669063526,0.007205600944956266,0.0,0.0,0.030104952419144557,0.029821017915573324,0.015400459816718969,0.0077647430936252475,0.0,0.006308104311011176,0.0029009258725209747,0.0,0.0029009258725209747,0.006089273173919134
76561199480220778,0.0,0.0,0.0,0.0,0.0,0.0,0.0,0.0,0.0,0.0,0.0,0.0,0.0,0.0,0.0,0.0,0.0,0.0,0.0,0.0,0.0,0.0,0.0,0.0,0.0,0.0,0.0,0.0,0.0,0.0,0.0,0.0,0.0,0.0,0.0,0.0,0.0,0.0,0.0,0.0,0.0,0.0,0.0,0.0,0.0,0.0,0.0,0.0,0.0,0.0
76561199483983127,0.034914551093104026,0.045324866701204225,0.023495739995225664,0.09381705103923518,0.012848100278688972,0.006894565519159243,0.02628877143437256,0.055078875447073676,0.055457538269473625,0.018421900250185003,0.003082791404208894,0.02859408238065708,0.0025170567186631595,0.0637613346697332,0.037673591470881784,0.03462166481649494,0.02883776001033686,0.01964285011738309,0.023424471877538555,0.0010652623183860163,0.04388517106925094,0.014309911475455994,0.0031673834275075816,0.0012712533867938614,0.036597670812838455,0.006270295369990754,0.003597910243366475,0.0,0.0014303657294178333,0.02223746851270642,0.014518918490841783,0.026947624964277137,0.016675983535776054,0.0065174241743081365,0.0010652623183860163,0.009014902653980788,0.01283951239525243,0.01978655687975119,0.04974094860808476,0.0036207761058072475,0.01997025523021997,0.040323830608841066,0.01123219233190424,0.0006404951443167701,0.001171042873098262,0.0,0.007425523473427176,0.00209127458314133,0.006456854059833904,0.0014303657294178333
76561199484238062,0.06959483413918612,0.042346804775723064,0.07289530360342926,0.037764272924746864,0.02167574810431717,0.074680100964574,0.016677145006069732,0.008091826335786137,0.028259573150628575,0.028633523918138726,0.0581422473025036,0.009278398400092824,0.02241372633450837,0.028259573150628575,0.014924670916487501,0.02348571261903844,0.022715421926498072,0.011192656471451297,0.06752299166896623,0.006115487883159481,0.005544151224130498,0.039815937803768374,0.038259678911491464,0.009452870575094283,0.0,0.0054844885346184355,0.012461678624499024,0.0,0.0,0.011192656471451297,0.053975495561674136,0.011659639107289978,0.0,0.00907809255015527,0.0,0.028774390528507016,0.009875750977260435,0.0,0.0,0.0,0.005544151224130498,0.010171703119235792,0.008826242641852442,0.042910525416478995,0.023024128732335215,0.0,0.0,0.0,0.009278398400092824,0.0
76561199485777278,0.037639979177968234,0.04897345296839346,0.022603144145407626,0.06436881762403938,0.030481161969869643,0.024054781868073704,0.014157206443870985,0.04813587268593435,0.031608174125984746,0.03701191508130177,0.021911395732319174,0.02482436356838259,0.02883277598016352,0.03627745226093247,0.028194304311433833,0.04883658641907488,0.023444128485589966,0.003979079556630181,0.033300457983371126,0.021763699634779032,0.02193160360623609,0.00676066320467295,0.010333447269508163,0.013431287395746314,0.03312704448284782,0.020367212667384827,0.0,0.004842792004614523,0.0038071174691849652,0.0,0.014376884106044084,0.017782369838322837,0.005979304491476216,0.0036371413447409537,0.0038159828827503297,0.0,0.021591684307153282,0.03592961903233053,0.005620542113303493,0.010693739161982737,0.026393947080885882,0.016279504188894216,0.014330880506723691,0.008558256048529824,0.010877583423197792,0.0,0.024662079331732395,0.003979079556630181,0.022264059432036836,0.00822742502954856
76561199487796611,0.06149271085196971,0.05603376412118313,0.03897210594308303,0.04690528747268626,0.017911860812722866,0.057675012904811196,0.030673946258445054,0.03486198847528121,0.0383559523508932,0.02690619550150811,0.05435329328992904,0.01320888997471893,0.027229840795692333,0.02921653256057692,0.01842454740018847,0.003875053403318673,0.004425407497415043,0.0,0.05017949510976582,0.009099689215889427,0.04141970639003917,0.026270989083266406,0.036176763834710746,0.004674281718474384,0.008273242121230566,0.009875212278395409,0.024892829004653266,0.008036648534327456,0.008072697993021927,0.009139419790316279,0.03370413939805856,0.01239184035747379,0.008036648534327456,0.008475054855258199,0.0036745092751100353,0.0,0.009814525148620164,0.003875053403318673,0.0,0.0,0.020242691133872524,0.024979761078291758,0.022162908574863832,0.033529232951588404,0.005620025851048277,0.008036648534327456,0.0,0.0,0.004425407497415043,0.004398188717911892
76561199488596444,0.05340405624788942,0.046712370959044014,0.034865951382818415,0.07710821177618794,0.005991491879878241,0.009741277879302672,0.016234752327393617,0.01564285782874419,0.04465398512615469,0.02923377196373686,0.040003844064444974,0.04475093776948012,0.009029784632237818,0.03914117694019684,0.04467880554360963,0.03901004089811121,0.03552191201446422,0.004150048378837875,0.02169819102385369,0.0,0.044602017892091284,0.027537723035938547,0.021843171562510144,0.0,0.015760637977372028,0.0,0.009029784632237818,0.0,0.004979321774530564,0.0121240198741765,0.02705742672602997,0.03181461342530281,0.02543193835359161,0.0,0.0,0.0,0.03785311326697379,0.015760637977372028,0.005081026404748445,0.0076843902612250764,0.00977546130102569,0.004904481582395164,0.025002953412983128,0.014255752715706302,0.022836754521809177,0.0,0.009769146097493785,0.0,0.015322158568099755,0.0
76561199489499857,0.05386921608598246,0.03843409464426607,0.020772102211540147,0.07536050528825312,0.02689856516577689,0.037226396729235195,0.043981652010406665,0.04564402649438444,0.061056526674973334,0.03027404950269697,0.0,0.010661044840842225,0.007220514262342136,0.06263409369709991,0.04053545942371015,0.037728017451720865,0.02819253840815865,0.010870503032709061,0.03186741436838978,0.007608268369945094,0.010677722117138933,0.02096526867977955,0.003554403182418321,0.007355721993591113,0.023540411005024228,0.018307758680722507,0.011162671552363416,0.011139377311291792,0.0032779317074308257,0.030977908200521924,0.007988349373202079,0.02916898364583961,0.010459688892605633,0.009851299173500557,0.0,0.010862141101160643,0.00657336746606973,0.030191164814547092,0.01866809096920377,0.0,0.00693711760280251,0.02686556922724854,0.0,0.0,0.006435208013127785,0.003554403182418321,0.006706911726058195,0.0075289184847445265,0.006414623234755317,0.0
76561199489520002,0.046573209078469215,0.05034496480749795,0.020685415109575892,0.03713841807973579,0.08124624731173019,0.0468428886993129,0.024179009284994543,0.05368444572062667,0.03569315181687369,0.034455205360019774,0.007564558016390203,0.01917768407526654,0.015050267844906878,0.03319741539700958,0.008961462484897811,0.04006825127798011,0.021390947026155304,0.003936398858905002,0.04847995161880728,0.03088848795860634,0.0,0.007613719669862292,0.016610567777405928,0.012831281169086198,0.023728263290222668,0.04601598345671576,0.013868146412248126,0.010871678943420298,0.006050694389447862,0.012731100876745463,0.003987181073071216,0.007770619468790961,0.006576011772475303,0.007611821322207273,0.022099681458531552,0.0,0.006923735375500184,0.028080089488808992,0.02072711398767033,0.005792590468795029,0.0,0.0198817800527703,0.0036649074825639764,0.011035829020706614,0.003626538596791076,0.009263861473111439,0.005334923888106736,0.010761413214927195,0.010931391652807747,0.006050694389447862
76561199491642775,0.03581541836296456,0.032934195965711156,0.003608540984326797,0.06811020802757832,0.02131367692272667,0.00784523581874754,0.05395878224062317,0.05708089528137435,0.03645024949900866,0.038520245009725916,0.023089318025064105,0.035044270371165934,0.005543923684851184,0.04454774834125325,0.024511559653856835,0.010064220271922383,0.0021633657718674077,0.002552114054561877,0.009754301841004514,0.012414026714267988,0.05847233150404302,0.02165382607551633,0.011317121397077752,0.0,0.039355893603940886,0.02005660523739258,0.023898092486983904,0.01985829959838493,0.02245325695763785,0.03550170754152079,0.01382965065537732,0.01547457407456974,0.018137776928781452,0.0,0.025870436778432218,0.0,0.0,0.009124300669923579,0.04458754967013799,0.003608540984326797,0.010641580349216239,0.04905489743125018,0.0,0.003380557912983776,0.003608540984326797,0.006737109212457872,0.0,0.01034565019678467,0.0026898894235279267,0.005019513482802733
76561199499958759,0.08050334962441683,0.05987007329899312,0.05083945416934907,0.03699517251167005,0.03376538434252307,0.05908963001018528,0.024270895677251877,0.03713166930451599,0.02194746299493208,0.035877465290263276,0.0421030082776784,0.012192057771187391,0.044897657678528456,0.015630016862318116,0.011140255725942488,0.02824951700038616,0.015630016862318116,0.0,0.044034322203866404,0.008943682249422399,0.00616823031012391,0.013238101677590852,0.041218377463776365,0.008943682249422399,0.02203983286804584,0.029156751926345998,0.0060238274610634815,0.004465568742731132,0.009225503376676464,0.014844077333206952,0.012599786919403111,0.0045563282747322015,0.0,0.005351408355842079,0.004669175101944261,0.005351408355842079,0.00616823031012391,0.01120093125003184,0.0,0.01628354275411694,0.0045563282747322015,0.026691186076422898,0.026116514973542754,0.03076276177772239,0.01641887806252839,0.0,0.0,0.005011105113781137,0.0058273691345017194,0.0
76561199502416746,0.02100220480108475,0.05714510820162522,0.0041919929601471825,0.061003592369763215,0.023517098449666565,0.018979987314714706,0.018458428294059442,0.05430018056539211,0.06480711909622837,0.021005373057289528,0.025867742537754868,0.034160545488301254,0.022793492317104373,0.06133829871518129,0.009022137612381796,0.035281012487443746,0.004196424406339593,0.0,0.02558343561880725,0.008686204373390441,0.03939829495708049,0.026900017912681456,0.024266589429290664,0.0,0.03312801823003724,0.028618382371534853,0.013855606177289108,0.014179838876606567,0.005532306446352697,0.016122811109690133,0.0183710815869433,0.03115240990766886,0.00881270548474618,0.0,0.005532306446352697,0.007788503023046691,0.016852965034500397,0.029500582287441204,0.030660833282578497,0.0,0.022715803803432046,0.021362970855339176,0.0041919929601471825,0.0,0.0,0.009724439943980685,0.009727467662704657,0.0,0.01026369354387963,0.0
76561199504742246,0.039663449515448035,0.01608697004819861,0.015820749764118965,0.04072378473274208,0.07182517700547043,0.03798856568275544,0.07557542929510899,0.04411506802713901,0.027380805379374297,0.036191808923175355,0.0027097404946725906,0.016398902798457425,0.007121067166334232,0.02124105710912734,0.031598368398389635,0.03821898964976623,0.01669378919399853,0.0,0.045415865566394764,0.025775131290812003,0.00952006552847028,0.0113655329701004,0.014620475191171625,0.0026036097717774985,0.034742001898551735,0.04010951226039066,0.02153022241283654,0.025273224934972978,0.0,0.040988640993201625,0.0069690531323199955,0.013272618657461826,0.022718677047345735,0.0038106223117141597,0.004235542076971034,0.0,0.007320244978019928,0.01643992055464891,0.025798913448308296,0.0,0.003954242497191687,0.02322203352666691,0.0,0.007121067166334232,0.015065691550971873,0.0061127285287385065,0.0,0.02067519223379008,0.011985446286559402,0.0
76561199508808924,0.09353564057219423,0.0669138498128401,0.042909473559962434,0.07101189305401634,0.011163322449023235,0.011465993495201863,0.007947081784737176,0.0480649442933691,0.0159788580969278,0.055323214733871695,0.04031473998371491,0.009301643742709614,0.008507337433586618,0.01942053057572848,0.04320878840504234,0.032107403089484884,0.011865902209289254,0.01587544353899013,0.011163322449023235,0.004505409305936494,0.0522977712506438,0.021491736259767885,0.005231496841494553,0.004505409305936494,0.015074016194204794,0.003354984398419224,0.019460071548531632,0.0060608631213206485,0.025289244800671244,0.0034416724788006807,0.00674059271062085,0.0,0.003711266213547678,0.008550964332545555,0.019460071548531632,0.00872250484664177,0.017995225047795157,0.032107403089484884,0.020963967738220214,0.010658843587240528,0.00582917325213961,0.0317465414737822,0.0,0.00520503145866626,0.01594852345819122,0.00882864876239237,0.015735866045297035,0.0,0.005174144397322538,0.00582917325213961
76561199509552956,0.05020236708325917,0.09415782942652043,0.01901750203209222,0.06407704879166026,0.016254589266685233,0.01997154241174328,0.031302899499956245,0.06756601899110883,0.01552378458354158,0.04628024316493618,0.046382824068212085,0.0288777795194674,0.003384444866005339,0.0115670859181992,0.0033199453927245915,0.022954193805613924,0.013784002328480028,0.0,0.02044930484715382,0.007929421972674065,0.0583162921495333,0.0,0.010314670053476646,0.0,0.030461935423130047,0.004203221725334274,0.023881226064622514,0.0,0.03390112546555421,0.018396373324077432,0.006353789814019802,0.01120572324272937,0.009094715415146582,0.006883621926547397,0.032946861192732234,0.00679316484434598,0.007700233361684674,0.013835713291227068,0.04026321307317509,0.014431064156941563,0.013349222170161852,0.0518356163167387,0.0,0.0,0.0,0.01454729963506344,0.0,0.0,0.0,0.008282089383723979
76561199510293669,0.03999698300509885,0.05427699735528825,0.009734990428088378,0.07775008061656132,0.017257320881235872,0.011498302438824494,0.035637708875108705,0.053454502683031695,0.045304271278400185,0.03549912210375666,0.01641258258842358,0.03445975178835735,0.0032707847856340106,0.04537988590204119,0.04284266849455097,0.05020269631540964,0.011777768973640709,0.00895455861411092,0.020607214782695425,0.01318359298821981,0.04014990044264853,0.005862759899736895,0.0025880642266944767,0.009772638374189534,0.041226928363029304,0.014151021995484176,0.01635036999333908,0.0031062988857516968,0.010374012808476775,0.027141237818201984,0.011971404371058413,0.02208061906561324,0.021820652013486427,0.0037399432418922713,0.013784967422507054,0.0,0.01455078630651706,0.029480221468256785,0.023191377158584207,0.0,0.009090272815614446,0.025007091815941657,0.005527915190036314,0.0,0.008488315503929799,0.0,0.005869452606669602,0.0,0.007171963313862238,0.0
76561199511405134,0.0,0.0,0.0,0.0,0.0,0.0,0.0,0.0,0.0,0.0,0.0,0.0,0.0,0.0,0.0,0.0,0.0,0.0,0.0,0.0,0.0,0.0,0.0,0.0,0.0,0.0,0.0,0.0,0.0,0.0,0.0,0.0,0.0,0.0,0.0,0.0,0.0,0.0,0.0,0.0,0.0,0.0,0.0,0.0,0.0,0.0,0.0,0.0,0.0,0.0
76561199512269509,0.04501289614010263,0.04213598997422561,0.0234890662945979,0.07120641873699553,0.019850237154846365,0.015365895437011142,0.056119967502110894,0.05312824445751094,0.045981135459359064,0.019597745977807324,0.026138773397972295,0.021582681341547564,0.0,0.03799514461570236,0.02482064514323661,0.011642953340432817,0.018108877425491086,0.013014509223749375,0.02873353004256738,0.0,0.04578614494752306,0.03653621246999847,0.006437635844272812,0.004823082329507141,0.02179009793766993,0.00809037164408224,0.01061698458546611,0.01450110138804231,0.0,0.04176277853610407,0.02686870331569879,0.012792139498891556,0.027681605422782987,0.009174086339614924,0.00445251584500591,0.0,0.004783248958425464,0.0,0.03839430719867221,0.0,0.024403142039327703,0.03432367573839369,0.02353133065515835,0.0,0.012085877390400835,0.006437635844272812,0.003595830353329061,0.003610949698763588,0.003595830353329061,0.0
76561199512376287,0.012599356000036893,0.027031903384543695,0.0015246519782171556,0.06700168676108459,0.04204183156055141,0.01007147670647836,0.03146945254738026,0.05415154061647994,0.026983657735826852,0.02451542792920411,0.003398345970055407,0.05604328986540439,0.0,0.02877356172721743,0.03719727671167849,0.031157540181077022,0.005021620088383896,0.0,0.014269038711436059,0.003931779536127064,0.0672622831211232,0.012210512596569965,0.0281733721062298,0.007330125506182471,0.035009981355548524,0.013083781342460145,0.03175842314678588,0.007260454531538359,0.06562945130879921,0.009768592198118134,0.0036469352568309884,0.026061611850893028,0.015765667740922567,0.003398345970055407,0.00894060037335453,0.0,0.006479232680945645,0.016630133412836676,0.01128672947515949,0.021598355975665208,0.009097451476387915,0.020214878621381088,0.009877578651001051,0.0,0.0015246519782171556,0.010039933991470537,0.025664905211355317,0.0,0.01074797532435697,0.044354596784627796
76561199512732822,0.05482840350435706,0.02945864335061668,0.06437315190734332,0.042509494743835606,0.010469516143533667,0.05632623503055248,0.020180490634128908,0.022125222194975584,0.02332426730940988,0.02250561513133177,0.03846301166446151,0.008898289145331436,0.032020335674930844,0.027631997755706864,0.024869233137403052,0.024011843677769772,0.02572464148102141,0.006599263116393391,0.01410795541701017,0.03154896562693606,0.0032643207924820754,0.031132323574928487,0.03034504937953641,0.03464877756200456,0.005441052365043032,0.0070208323256258035,0.02028764938914679,0.013686510173330115,0.0,0.030327620230315204,0.021559752267793608,0.012154056975432972,0.02272839208094779,0.011316447612670866,0.003150579298485527,0.035870788843374544,0.0034572367802884036,0.003940263990165836,0.0,0.007802383860939907,0.010275879016832808,0.0341507895696972,0.027676162635961767,0.03102351134030702,0.0070208323256258035,0.003150579298485527,0.0,0.003150579298485527,0.005441052365043032,0.0
76561199514742019,0.0,0.0,0.0,0.0,0.0,0.0,0.0,0.0,0.0,0.0,0.0,0.0,0.0,0.0,0.0,0.0,0.0,0.0,0.0,0.0,0.0,0.0,0.0,0.0,0.0,0.0,0.0,0.0,0.0,0.0,0.0,0.0,0.0,0.0,0.0,0.0,0.0,0.0,0.0,0.0,0.0,0.0,0.0,0.0,0.0,0.0,0.0,0.0,0.0,0.0
76561199515983042,0.056402877616889634,0.05743184185246274,0.008460878163840177,0.03648103595210317,0.032232917288861476,0.03141118250670668,0.02961778007648345,0.029210940968582805,0.02408018088457063,0.044771595060528066,0.0347636710972503,0.028967458158484987,0.04181701188839996,0.01602667875748115,0.010171056495844225,0.04744544772582011,0.01579841543807781,0.0,0.02581889175119326,0.013926180960508086,0.02565319597415392,0.0,0.02841553102125411,0.021487153960639525,0.03798601511778736,0.03278918171584158,0.015106413407962644,0.0,0.02371106892914488,0.0,0.010205887457024138,0.015814079478215885,0.0,0.003966959107754379,0.013811537974079226,0.0,0.016885469503419005,0.023964473229096245,0.0,0.0,0.005000744193754532,0.009939620622877612,0.0,0.03704661603199311,0.005173253805207839,0.01585768363389007,0.02755238844214238,0.0,0.03003476869363927,0.014761915056033503
76561199517455475,0.05255693184172996,0.05170227110606405,0.022046304823721344,0.06838513200709678,0.010056539271158066,0.015371648416908943,0.0357751374854454,0.049306121514333764,0.03949754085047103,0.05312351332021902,0.013475858181816121,0.011432109790608427,0.004655625753572913,0.042355527733407373,0.04961542076114202,0.048167519341991885,0.02942280983284407,0.0033901247533648085,0.01463030180512753,0.010424032549707472,0.02109806583012729,0.020815801984749596,0.012360234245629402,0.005768406796134558,0.03248694563044243,0.0033069708793153985,0.01809368714276589,0.008856922260296102,0.009872403535786079,0.01853838647462116,0.010992463988121402,0.01735291887459137,0.023861248247540903,0.0033901247533648085,0.004815276131124388,0.0,0.022557042779392397,0.02211798033161741,0.013255375488827692,0.0,0.006989335219214688,0.019638826117476187,0.01007217767811093,0.004655625753572913,0.004291811331156672,0.008856922260296102,0.022538959835298127,0.0,0.015660224481528782,0.012365390808166343
76561199518636045,0.0225752143932466,0.0680753594158205,0.004357405585771035,0.06727771848835197,0.018291205398015715,0.02384431919893267,0.04371326876453852,0.05829527375854685,0.03381520486849756,0.011514699076087738,0.0,0.01634627488205602,0.010950754528130614,0.04341766324662562,0.01839825258516493,0.055307037407978564,0.015837929084759773,0.004006337970004786,0.02150494319733249,0.02057083975492858,0.04343419341087292,0.015551010444440065,0.01558718896620274,0.011108333547361937,0.04756877478086274,0.007887444733871204,0.017520375653719823,0.007162804800914507,0.02557066451306537,0.008358894418698538,0.0,0.038257681979996766,0.0,0.004357405585771035,0.028781418456618923,0.0,0.00708053835819248,0.026853918445628767,0.002509593666710048,0.002591860109432074,0.028852138951076127,0.03242265902040381,0.0,0.004357405585771035,0.011352628648121706,0.006292602218652525,0.021452631973047354,0.0,0.006659163057038291,0.020328967068738546
76561199520743247,0.06047811741967553,0.01906763400698158,0.040773381149418704,0.056309947871574215,0.03546134284528669,0.0384979550158007,0.04796599837934904,0.009058071289276116,0.05225740495650047,0.015863735522527716,0.02003561120498095,0.006807214415966657,0.004718684380559433,0.04531679894271124,0.037774052755168375,0.023239052482336466,0.019611478190453387,0.019914663034304374,0.0327323921230481,0.015046991625520976,0.016359374209617947,0.03457763352882123,0.010723676469920828,0.0018702416823512394,0.0031868495095395133,0.024839252210279484,0.01867676719540397,0.012462828206723323,0.008088923574414979,0.04412496899646702,0.025497236365472766,0.015380257594034552,0.019193196241769364,0.009536017739366187,0.008088923574414979,0.01680384098196696,0.004712562454587725,0.008252628448142006,0.016319918692719496,0.0043006388955608545,0.005083601125663455,0.028666694551575223,0.005141081938704844,0.004718684380559433,0.02175282610781337,0.009521114282707598,0.0,0.021189733429960937,0.0,0.0
76561199521001438,0.047798608861580556,0.06243336726413024,0.020370751108733983,0.051141177050601054,0.022652589637803932,0.010628035548470725,0.03258883018687911,0.04176440143844391,0.034618159842423994,0.03116482971476934,0.037900269334733366,0.026263726818330266,0.009667623972960438,0.03287138402597667,0.03380198650601495,0.04855559637066842,0.038403933912383094,0.014845062755105453,0.021719317258968487,0.014418791984820021,0.0315318130928133,0.01606134997256356,0.01905143338462707,0.0031325377030594504,0.0310394227331668,0.006675394613043798,0.01655037844723178,0.020592614209084304,0.009299768679513343,0.01506058539414912,0.01725389745171025,0.023027306235394052,0.01024161950457439,0.0,0.0,0.0,0.009667623972960438,0.022276806794422035,0.01672461515927452,0.0,0.014524050636156745,0.011992851641306259,0.00775758093611651,0.013133606737934282,0.003041738909281513,0.013134287274187018,0.017327397669516558,0.0,0.007993106574601167,0.009299768679513343
76561199526209117,0.05869535047221033,0.06515777118533854,0.041715621250921736,0.07955195693039319,0.021211673237471196,0.024328441325327764,0.008464157808511038,0.025150611797125258,0.07436409485249898,0.0192319696967345,0.007226895738937839,0.008948221945805534,0.006646080484269531,0.07576535856087509,0.031537448149536705,0.025299624616877844,0.01577070108553061,0.011653319708917894,0.01583147342039774,0.0,0.032016170048120775,0.05578818909636567,0.0,0.004892281534493336,0.0034660617069159306,0.021211673237471196,0.0,0.0,0.0,0.008464157808511038,0.05714376908425448,0.039887664105029266,0.01673641363577127,0.01232246423042526,0.0,0.007044325655958329,0.005659633153321602,0.007849165437149402,0.0034724493819406257,0.0,0.048505998108793455,0.016870505379588924,0.008535865860907158,0.005471149559427973,0.015792104849150296,0.0,0.0034240181496473943,0.0034240181496473943,0.005471149559427973,0.0
76561199526487450,0.0654250314091568,0.044308056598476385,0.027775266393676383,0.06156753389491565,0.019001600941231867,0.01244440851216264,0.04523650278796395,0.03769430022830037,0.02371802440633471,0.02540644806458748,0.025795769086081322,0.022926697855861756,0.006525236381208286,0.015130465807802055,0.05307125869486825,0.050591507899951114,0.031204638542983856,0.013112140184738502,0.031096786839676895,0.021579561218506356,0.031394587503322836,0.01808176154496153,0.00526778987610576,0.007606321377726258,0.024232642285210187,0.00467449303739626,0.02049761722701058,0.016624532466195736,0.012447663634761495,0.04337232144848747,0.007405417669417749,0.0052750376516983374,0.049652276266658656,0.006775347122368675,0.01556779206050913,0.00250212559866062,0.007532551620102704,0.008834562029690195,0.012789107316872687,0.00467449303739626,0.0,0.010760795789561762,0.010054392539921348,0.0034874435788756907,0.015259357821727323,0.00526778987610576,0.005497432455737824,0.007688165136194452,0.0,0.0031649462788380122
76561199527406968,0.06897555723753393,0.0730438926789311,0.026660396336440455,0.04640531873441655,0.01202181341597794,0.04200599427952904,0.0046077570713025755,0.022379938470002688,0.025712117891561453,0.050778475881574255,0.049225263084338604,0.030589363785499386,0.04028224357342713,0.028671329742564783,0.017749314869710812,0.03266206813330028,0.01324590821356249,0.0,0.04776675138288481,0.02910841317540128,0.02025636248905394,0.008797031280032034,0.05236135953766593,0.00977505323361003,0.021966749519495208,0.018325885480721515,0.014782995042039261,0.004106793603071738,0.0,0.0,0.010692501496641521,0.020872005219352337,0.004789591061168813,0.011230148457651998,0.016523066004580707,0.0,0.010516103757721378,0.026805598681322602,0.0,0.0,0.006745753239154647,0.0,0.003799301980432516,0.04423300801554847,0.004789591061168813,0.0,0.00858802886719286,0.0,0.018151154014414275,0.0
76561199529575900,0.06072127124252455,0.023383310259146858,0.04929717166697388,0.0698121320671139,0.018825825977260294,0.04810049715115095,0.03621174963865363,0.020536341445923298,0.059865766602945826,0.015179633861705465,0.02293217161957001,0.005682574487947551,0.004172365019890026,0.06389112157315102,0.03802931512029655,0.016803250056979812,0.029251037966104367,0.02088956341501114,0.03402444236108362,0.0074242677553097896,0.017330292722973616,0.03684701944055588,0.0,0.0,0.008550080608889097,0.01176410381867083,0.0,0.0,0.0,0.042208210859031675,0.01976004584526307,0.014630507253422386,0.016836934786478793,0.012053345900896973,0.0,0.035431042474036854,0.008117973786371331,0.010428155369824487,0.022665497037347805,0.0030450044346143155,0.008749086247764389,0.03126668527155904,0.011861547021674185,0.004172365019890026,0.00989982829239833,0.0,0.002649085932348914,0.023267094031418814,0.0034322845558266567,0.0
76561199529590961,0.0,0.0,0.0,0.0,0.0,0.0,0.0,0.0,0.0,0.0,0.0,0.0,0.0,0.0,0.0,0.0,0.0,0.0,0.0,0.0,0.0,0.0,0.0,0.0,0.0,0.0,0.0,0.0,0.0,0.0,0.0,0.0,0.0,0.0,0.0,0.0,0.0,0.0,0.0,0.0,0.0,0.0,0.0,0.0,0.0,0.0,0.0,0.0,0.0,0.0
76561199530756303,0.026423748968488665,0.03399011539609618,0.0031746786965082623,0.10491511057133951,0.02387247032065572,0.014805157141064354,0.06035890434977063,0.026855631352162658,0.021330202204983148,0.04194743958755419,0.009256745376443536,0.050238086644611615,0.0,0.02840137458936835,0.04081874838151983,0.023230957766895422,0.0196198157984362,0.01843581845918706,0.025658908234053274,0.013534209638996392,0.04577044504139102,0.0038964936878769355,0.02237513163354698,0.002639872322580291,0.01650474843579549,0.004656087274972554,0.0174129680816638,0.028195513435018187,0.00900262879064579,0.022451907930035094,0.0,0.016743319134815603,0.05333489661972188,0.0031746786965082623,0.0108943373164161,0.0,0.01998693685384442,0.007302470404939665,0.05135900461958955,0.0,0.010987146013388972,0.028829055535610514,0.005187935184257283,0.0,0.009904571461916147,0.005626377511519296,0.0,0.004522692354572504,0.007693072504955371,0.004679585676283322
76561199537429327,0.079549028125292,0.07423933577632276,0.06854719758058839,0.02796801706788382,0.005754745830060297,0.051731932119430765,0.004885223186911224,0.015481813226218156,0.03232404824596334,0.026300944540650184,0.06835842790258669,0.024838250547602504,0.020209795013042587,0.028912280569347193,0.012574912470414583,0.019026050841118393,0.028015517450045248,0.011265249221534039,0.04687106090584698,0.0,0.025270203705024405,0.03041419946055398,0.03436596992257383,0.0,0.0,0.0,0.013329995800781123,0.0,0.0,0.004885223186911224,0.03550850574181014,0.011146728045294306,0.0,0.011476207643800418,0.0,0.006000278802676566,0.027991335774582182,0.0,0.006000278802676566,0.005264970418857473,0.011146728045294306,0.010885501989587789,0.010075863240549527,0.047384240710375156,0.031572048556494973,0.0057009193450893066,0.0,0.0,0.024726970186207696,0.0
76561199538031995,0.0,0.0,0.0,0.0,0.0,0.0,0.0,0.0,0.0,0.0,0.0,0.0,0.0,0.0,0.0,0.0,0.0,0.0,0.0,0.0,0.0,0.0,0.0,0.0,0.0,0.0,0.0,0.0,0.0,0.0,0.0,0.0,0.0,0.0,0.0,0.0,0.0,0.0,0.0,0.0,0.0,0.0,0.0,0.0,0.0,0.0,0.0,0.0,0.0,0.0
76561199539087405,0.04309622264752522,0.06680726357479068,0.013985518221580642,0.055030494045152006,0.017386692519690702,0.025309862378698363,0.029494016325399008,0.07426687862602731,0.03421840046663556,0.0483512136789815,0.01798691114609502,0.008629664524161711,0.015047831939972256,0.030096568861248247,0.03972979098547097,0.0638208915589888,0.009820872868124574,0.0,0.018444099945447046,0.013346240237009187,0.01119875171357034,0.018853346165155698,0.020248015836345702,0.011046632734464573,0.04785435507835677,0.013709226068598243,0.0,0.0037745676634773047,0.012480878017190193,0.012823451816523399,0.007415950132907764,0.013275108679108678,0.00714678645117289,0.0,0.003631221269757534,0.0,0.007741266861956518,0.04479988959359998,0.003451765209265832,0.006322689852810011,0.01962439806343492,0.028149704248281695,0.015558098312540321,0.008785496016340898,0.0061258516262175135,0.0,0.032506745153458964,0.0,0.018606368884465475,0.0
76561199541793625,0.05243428644667118,0.062925749665669,0.008076484076096693,0.05243618131964579,0.0,0.012144414283342125,0.014923816015948218,0.022572431826744652,0.028950938646928666,0.024054662672279858,0.020829843690794353,0.03397552892442649,0.003967715985952567,0.021160088944711997,0.020174598926142918,0.029344620729057826,0.04282631968819948,0.0,0.01639437839649283,0.012989629759202757,0.07938886312467887,0.006621282797195392,0.03556853343822832,0.0,0.012252498228943403,0.0,0.02359746039003401,0.0050204417023367205,0.038123387488247666,0.0038697820941567414,0.018123826711906637,0.05574505593521126,0.016621285012175243,0.004334843133447223,0.019725057073465193,0.0,0.004334843133447223,0.01844067443498191,0.028729981950231513,0.0038724033165688167,0.02775901369034651,0.028927536858568765,0.0,0.004895282706438292,0.003967715985952567,0.0038697820941567414,0.023701780797326644,0.0,0.041097359064573076,0.011229618839073927
76561199543961855,0.05610414725969207,0.049302012841111485,0.027042993127523448,0.07168204049977861,0.014577401153663579,0.020119296423702797,0.07061517472996998,0.05052254386399622,0.0,0.06223423341111403,0.0158858160995886,0.01748888094123534,0.0,0.007948655844683732,0.03320386610753426,0.006315220941160935,0.004167314272602557,0.023147617611653067,0.0027450693855692264,0.023456538775783863,0.06853744943825736,0.012713517531889615,0.012371088520130802,0.016745033071450043,0.025862574081974034,0.007666587555834578,0.027094076316001987,0.022583437568039422,0.03835150687357629,0.019834191952908833,0.020801545171842944,0.0028016016564570765,0.004105412471949928,0.008631474521935282,0.035161837615799836,0.0,0.018127325333806937,0.0035689399901507,0.015829203202775415,0.010975993251155216,0.0028016016564570765,0.012739012386898329,0.0027655185933488946,0.0045412913564712495,0.0,0.01746351434549042,0.014830207675390615,0.0,0.0,0.016537234569643226
76561199544472375,0.05304573952540598,0.048381326339391746,0.02270648349177463,0.06193742719172008,0.0,0.016894502600136706,0.02187690697180858,0.05571362267643928,0.043267874588074386,0.013965514814607614,0.011896632925997686,0.01164571373624116,0.0,0.03939195654036833,0.016635527848465004,0.04940747607382644,0.009220030722364034,0.002636795041860701,0.024723546801897454,0.015081555573934625,0.04020485825952566,0.013356383756440271,0.0062463978080419995,0.009944493473947146,0.04435163426843971,0.0,0.0071940277403919044,0.007042423239952677,0.036231657517715905,0.005069858278460462,0.014389865253589615,0.036526049126115796,0.002074132865922531,0.007195365040562703,0.006304469404865919,0.012504108424547506,0.0,0.018302856618238383,0.0,0.021543273550202774,0.04102443826610242,0.036328206394837526,0.022824323397461595,0.0017124835665032938,0.008879316433455233,0.0,0.034707730668226563,0.0,0.005364618597256035,0.04224839458488186
76561199545066123,0.035185409774649706,0.03158077893052073,0.044768181050662444,0.04639221099454461,0.02700879423361907,0.04062083912694704,0.018704598779733957,0.012157840552936927,0.041497049147399996,0.022184129553053177,0.023618493414686217,0.009490268444000936,0.009537288508375657,0.041362648547450205,0.026509134408319746,0.022389241350974923,0.04726071839972203,0.004466266988962348,0.0381471824582545,0.02137646741732412,0.015860284553359354,0.02526180744940481,0.026445691277198008,0.020319505410442546,0.011599712031532513,0.023153970506433547,0.0,0.01524394207373666,0.005019704926384419,0.008542015646567864,0.045690080949156414,0.01438431940050407,0.02030530692044014,0.028190252046745502,0.012770462442847465,0.004205412557812406,0.013571578093662268,0.00713813562655251,0.004466266988962348,0.021035539806265453,0.005019704926384419,0.005019704926384419,0.013670145686114948,0.024902481367659195,0.017283067016087752,0.010077355018213077,0.008747632835456303,0.0,0.027818377433553063,0.0
76561199546266669,0.06363988973430848,0.05501729056678656,0.054125508877035634,0.062177380501183536,0.028781894920219254,0.03349971038281257,0.043668189440726084,0.0338131814006814,0.01454311181493908,0.03594031716029131,0.03288827494990903,0.022120921163390657,0.028832263242195868,0.01454311181493908,0.0185274184767249,0.024048519297291703,0.03280440012062688,0.01535546949155961,0.0,0.004423095306941113,0.022817509600418298,0.019278336082776213,0.0243393460675357,0.0,0.021299310343951973,0.0,0.015447942880828274,0.008136233270727369,0.026133833776285167,0.02313936375159142,0.013428442465502536,0.0053271838327289935,0.004304491479329664,0.02312728461643928,0.004672561642167362,0.008780454208489748,0.00959235609135748,0.026762637467985035,0.009382896290900434,0.02474558923178723,0.0053271838327289935,0.014107638041218742,0.009356410680002595,0.005169260784416368,0.0109323741846185,0.0,0.021489173494259394,0.0,0.004423095306941113,0.019729141912449358
76561199551749900,0.05175514005928014,0.05845334019211635,0.010368163206551559,0.061675898194036,0.012261851649321375,0.010431391947381288,0.03613665858176467,0.03481999223936087,0.05578956975670699,0.021220828308270843,0.042455619061695114,0.03786725864923169,0.013123659791554363,0.0389580225341335,0.006489569684536762,0.0,0.03431844281195875,0.005226903109923234,0.00808326452545787,0.024202780809946332,0.07812482728915088,0.012587615956782382,0.022776867700142343,0.019314736354653837,0.0060887112521562205,0.007034948539398142,0.023675729775973424,0.024695248460575064,0.00628208371622398,0.021647251345061645,0.017783124462311246,0.03195125681502168,0.0,0.005307569707993199,0.018406595016303772,0.0,0.015710579363580928,0.007034948539398142,0.012102300118423174,0.00512382223938809,0.0139971526137306,0.013301419824106507,0.012433388354122069,0.0052443409671634675,0.0,0.025525947831967672,0.0059138880882727285,0.0,0.02429729055487105,0.0
76561199552824101,0.06579363936173711,0.09434496246532745,0.043609454904456314,0.06853139320572686,0.0,0.026349294539558348,0.013269361557800027,0.0322431984653437,0.05434522679039345,0.041165083263606836,0.0446736755539778,0.008632644233688648,0.004838298247418476,0.05666625465106608,0.021240970365659473,0.03898381313225316,0.01500166524650281,0.004838298247418476,0.013592102970593068,0.0,0.05482188523007676,0.02565670400242069,0.021555158371601043,0.0,0.011035361651431307,0.0,0.01538544120573464,0.0,0.015058354690183823,0.005016775553290102,0.019745042910041317,0.009110294549664565,0.010627946503310658,0.009787214784269017,0.014792000153995436,0.003918277258484035,0.017389219739591157,0.008941764242555463,0.004108620992908832,0.004838298247418476,0.01475354432233249,0.01874928294759946,0.02188091852411465,0.013565992684451435,0.004838298247418476,0.010247589114313881,0.0070022832844295994,0.0,0.009054393585834576,0.0
76561199553177714,0.046569796485744705,0.05733616354199416,0.01018894060815793,0.06777780354144537,0.015196394282547581,0.008320391124233693,0.0449965403374747,0.05991063074742029,0.020964431079867688,0.05517187207057918,0.027873306619049458,0.0363996627092733,0.003313713422247965,0.017740112210685954,0.0282171549678443,0.03286487523906362,0.020273875986478132,0.01747035603841501,0.012752091996977686,0.015864720135684057,0.05461184342376717,0.009048600323023015,0.011309955635006069,0.0,0.02721425749785527,0.008305860000210172,0.0325964439031068,0.028256514190203832,0.01054173122160338,0.021759677676987502,0.0,0.010145814943630345,0.013430106597878359,0.003347451928304559,0.010780581887659721,0.0,0.01291205016883162,0.022912432485439244,0.0533531314418936,0.0,0.01203117300406095,0.01713159627453877,0.01250585202379201,0.0,0.0,0.010129488461798635,0.012820904794853314,0.0029452748182136343,0.0,0.0027064241521572927
76561199557398352,0.05100441763929658,0.04392603626404881,0.034490978756550446,0.061230570908311355,0.019040450378717582,0.014303218989770891,0.027918612025753905,0.0343812610214167,0.032402667172989646,0.039424706320195124,0.030267312359680294,0.030756841231871872,0.0,0.03740214809915609,0.037057883057021714,0.05505678411321422,0.012933149055605426,0.007111290685183804,0.03262464903244793,0.007139438479620826,0.043167975339864564,0.035888299458700375,0.01568015834341642,0.0,0.01826717031162262,0.00404535114885257,0.02785856693879719,0.02224700465127161,0.009027810736521414,0.006492295143644384,0.014159223797795604,0.015524047719678191,0.022617345862589643,0.0036678614825128146,0.009027810736521414,0.0,0.023372250563337468,0.02240172756693198,0.009722003240582368,0.003229708096937984,0.015524047719678191,0.014498185864602999,0.012112102545270441,0.007392345217246768,0.011758887009409939,0.014847299473941176,0.008998105439418671,0.0,0.0,0.0
76561199557989035,0.056399155473120834,0.04039087224025812,0.03567914999080351,0.09279445445326116,0.015970292968815965,0.03453810671426356,0.04320418409531386,0.022654059203261533,0.053284876162018796,0.017374280766782,0.014713463062505431,0.009553096059239274,0.0034315905222122942,0.058450770481318665,0.03661096532933797,0.01147731548089684,0.021612598822684195,0.016021969464638918,0.04290462419888742,0.006198046641630056,0.03775682796987951,0.024191645173995854,0.007027396153897509,0.007255669536393201,0.0,0.011728267573207196,0.020922449532373568,0.01973484218842289,0.0,0.01610846056546023,0.019945125212303922,0.01549041923031416,0.029365905115877267,0.006276656222667821,0.0,0.01617025070256058,0.002623158581634775,0.007548107648787489,0.026929248931197993,0.0,0.015421403082103867,0.042546614442111046,0.0,0.0,0.00928313783544933,0.022176741813587742,0.0,0.008233800356523623,0.0,0.0
76561199559728739,0.07684254907111446,0.029268586907648355,0.023324216686396993,0.036077094757199966,0.07171966985186756,0.05047923153619633,0.03998890936150035,0.022300075897610728,0.031069764282357786,0.01942443354275494,0.005269447317777842,0.010437947811305743,0.027356142084929168,0.026749473576409843,0.04646826809753062,0.03551350140866478,0.01435592774020845,0.018810361922332115,0.050982970112182995,0.03087409918839398,0.010594917186173813,0.024273033408850786,0.0,0.017400046083435438,0.029189635939407092,0.04165658709402989,0.0,0.010288609182389474,0.02163923228663748,0.008372414111026374,0.015265085072749344,0.012700281510819204,0.00846446291136526,0.0066893678285048245,0.006533691596598016,0.0,0.0032492328690444847,0.0012666082862198963,0.011776954103541293,0.0,0.011280361000092219,0.019012894591846505,0.0023376246159830813,0.0011850415702060687,0.020491287925803788,0.0006415561454698869,0.016169949362374817,0.013685916564831986,0.00692720617870407,0.011595331419511964
76561199559993324,0.04622872437945483,0.06920339823377564,0.00985113971058321,0.06882599625515308,0.025683946157562414,0.010687956888780856,0.011236178638036226,0.06390467812781998,0.027826388107509523,0.029490967213541313,0.03499994854144059,0.02281231301757299,0.0,0.0340646519516028,0.0488478731408703,0.07308322590851313,0.009660476842920058,0.008008692808002777,0.019316359550706784,0.011539107892264762,0.051141160441552855,0.02701504307526766,0.012097915515720164,0.0,0.03370465522439989,0.014046705112942781,0.019751598318685774,0.005039261638924292,0.007058653876795872,0.01462948963107979,0.01522762573614352,0.007696892266972704,0.018388751390736154,0.009033648947151567,0.010827163802180599,0.0008227018147760121,0.008612626244773656,0.03794637491592889,0.004857307822755696,0.0,0.018208931456864023,0.01290447959736118,0.014357346102353119,0.004810681474763277,0.002468155872348192,0.002248025652838566,0.009837590245605874,0.0,0.011995190454966677,0.0
76561199568067378,0.05542924632779965,0.044683711255741894,0.015907126612814917,0.059554219314211884,0.04182666521651811,0.018433675592288108,0.02793468116275753,0.054525181473267466,0.02994916362524164,0.032239872362713515,0.01228530812227702,0.030163558450171726,0.0032895578922564933,0.02876404600308855,0.05894349955237269,0.04755887887261458,0.014322240406016491,0.0032369192434032125,0.03340796628887529,0.011443982217509014,0.022761243960658567,0.021278625415191724,0.004626858088082711,0.0,0.03663582865132878,0.026646346556823422,0.007176035970961254,0.0032895578922564933,0.007176035970961254,0.020699426808838805,0.013880288968318647,0.013226581986900587,0.022910348359084134,0.010310551493299146,0.0075662268895477,0.0036218184905378982,0.007230061963374638,0.038157234120082185,0.020699426808838805,0.01228530812227702,0.006706682550240018,0.019283832525122346,0.014815290390433881,0.0030376163310876017,0.018495742462394677,0.0030376163310876017,0.0038864780787047607,0.0066594348216255,0.0,0.0
76561199571958168,0.09970630563046819,0.07937027542435116,0.06631348951709069,0.03318228120725947,0.010554579902917414,0.04724192736862953,0.026892683766297037,0.0546888293559119,0.0382154198731139,0.007384416532330814,0.08584233500702282,0.007384416532330814,0.0052102620220893904,0.01552937748243426,0.023689704266551363,0.023740731786153404,0.016787170684696238,0.004796867725860992,0.010544136769013196,0.005117691705704832,0.031201649091056504,0.05207668337537581,0.009123804678656061,0.00474016594478933,0.010554579902917414,0.0,0.0,0.005117691705704832,0.0,0.02756746315639103,0.030834472039285573,0.011560495819670799,0.007296384638485769,0.02301492487645737,0.0,0.006969643798544147,0.021547976179715995,0.010554579902917414,0.008730645353551697,0.012290049239028466,0.0,0.0052854902182123305,0.035943583987344895,0.015031369695434945,0.0,0.0,0.003247752130527427,0.005117691705704832,0.0,0.0
76561199572634759,0.03153963497333259,0.021024716647285883,0.004519728381347463,0.045983552758025015,0.03629632850542927,0.019539805452867515,0.042928222435501706,0.04913754370682219,0.051707524811035646,0.02492686275630227,0.012059938474776455,0.02250146348564107,0.01805249443188048,0.040381446231473786,0.012357561745751627,0.022824306131925324,0.00172427176270432,0.008021459771093767,0.029322114966240667,0.02467255927221343,0.05285050945961811,0.01659367590124527,0.016062456040634034,0.005782571032870422,0.029225563315199043,0.026579403005269547,0.02792217253531319,0.03500001019044886,0.014448610644640463,0.025744040333183813,0.026701351767141737,0.029588066557435865,0.009759004251081513,0.0,0.023870513357218053,0.004189152515386578,0.0017697992708440415,0.011611150269782659,0.027132077231864195,0.0,0.02557881728038057,0.020776745116794115,0.0,0.0,0.0,0.014727745266303854,0.006375593681148672,0.010579448641804011,0.007707201947220098,0.009902783685520772
76561199575139982,0.04260450447701099,0.04989986071960079,0.023453375488560912,0.09257594971423933,0.014333825396514356,0.024002339289016766,0.03428751582324166,0.04074693963890799,0.03818596170761329,0.03388758308956616,0.006385434947282437,0.02733379307007287,0.007915544926810495,0.054696036937713875,0.03327159703860552,0.036493431173790336,0.01998358541926785,0.016220991026308407,0.025418281596837563,0.009687751251809247,0.025011726718572873,0.020958694670468424,0.0031128816883056417,0.003463285876927761,0.03790891901402965,0.009404318053239812,0.008413773183669203,0.011865725621682742,0.0037405061463560213,0.0140528219976132,0.0,0.022041213831037743,0.020231792949264006,0.007306530749291406,0.0024839592285254637,0.013940105780172303,0.01433306149871075,0.022453544865404598,0.03214988455317898,0.0,0.012381681910680039,0.025161965098674542,0.003463285876927761,0.0,0.01053492003011713,0.0024839592285254637,0.01911867092620429,0.013747984796331679,0.006410387676265758,0.0024400952970518998
76561199579773295,0.07133414951361469,0.038456655342413965,0.013570603528208216,0.0744546381997735,0.02660469300390196,0.005784595797963484,0.023538107594384693,0.03249724611772378,0.025787568419826504,0.05011359046895889,0.012057320998040442,0.015816430295332775,0.012657625095594737,0.027862697108515827,0.05863948265369147,0.06143389530192583,0.04449658073204863,0.006075138180700406,0.026399911806539923,0.0,0.019867433155157852,0.027024293196570112,0.006407853500306915,0.005959409224690187,0.020354943973941084,0.020635965245596282,0.005959409224690187,0.009993568378414358,0.0050676238184827315,0.01590031428785298,0.01808534563047306,0.012683608636725381,0.04219379923157187,0.0,0.00307081380575652,0.0,0.0176382711919406,0.0281578833330105,0.014165900900813978,0.00307081380575652,0.0075701101193439615,0.014457661839102647,0.009473437976363162,0.005716938235578508,0.007483641947313049,0.009030223030446706,0.014438499715559758,0.0,0.022504875713161517,0.005506430722219934
76561199581122905,0.06409011467158061,0.07678095807088724,0.04277990968187765,0.042386814374086305,0.024183530452330133,0.04894501037771994,0.009959845804016121,0.039915273844496814,0.024663597868515044,0.023178651441696098,0.04441529422744758,0.011152434847010976,0.039217924881871966,0.024663597868515044,0.012438645373999874,0.03963676391109455,0.022765110593593343,0.0,0.035071063296427236,0.010849325144179738,0.015135729502391844,0.017418367964031466,0.04442791122991922,0.0,0.028818858188283853,0.023032152459439962,0.006362256307778847,0.0,0.00578670572884389,0.007209141550688482,0.023591080221010852,0.02100304195924635,0.007209141550688482,0.005284571131571384,0.0062452873158786925,0.005284571131571384,0.005229503823311392,0.013009048654419297,0.0,0.011927786733655067,0.01104319615523023,0.026020883754484806,0.016999645343812937,0.03217136277846751,0.004790178539232129,0.0,0.01042203346479761,0.0,0.014483677779897937,0.0
76561199587644940,0.05855416088560841,0.04403114514941573,0.03406123644695112,0.06834919731891494,0.022271667396702187,0.008272363192362915,0.04038294134329148,0.016369639383914104,0.022836898737038796,0.0347935779710433,0.010360558352340262,0.01805053424071696,0.008335042107121477,0.0307527695388885,0.03698498542140949,0.04339127977361546,0.015743079776569413,0.040384415302227875,0.012268504091815539,0.016378531890511708,0.041068452484826566,0.016502194471995933,0.008908712005069788,0.005351780008000423,0.009451966481610374,0.005351780008000423,0.028552186164541807,0.019777250938998087,0.007000993462894477,0.02126073053992447,0.018510681170399033,0.02368405909148282,0.015780298495439053,0.016298391325340583,0.012788398464271787,0.005851221909068079,0.02878618959951863,0.017607889391867054,0.014165131554071984,0.0,0.018544262349363395,0.019269497554710018,0.00963532314699364,0.004740337649383469,0.018310538046825094,0.010474686607028159,0.004606811368616672,0.00662156433387319,0.00852614305542552,0.0
76561199589158503,0.07062630089027651,0.07597697439123174,0.006998655076672966,0.09386917849220469,0.0,0.019405798674697532,0.03615953031960799,0.04130457013056288,0.05212559483166175,0.038661859603417774,0.036566216511482334,0.007744359295010986,0.0,0.04313602974368345,0.019627211875969656,0.011893132368698139,0.0031739613808524254,0.006612453373233978,0.007471169234654917,0.0,0.07807046151440142,0.030432299951807625,0.0049061439316786075,0.003890678698929816,0.01520459752505665,0.0,0.018787342177746545,0.0,0.018787342177746545,0.024327169706064394,0.02316911426360553,0.009587763616729895,0.009916384627765935,0.0031739613808524254,0.021442255489087333,0.005705533634335614,0.013684178331713152,0.00971082724820372,0.014290487454899825,0.0,0.012565885890323047,0.043521041038683615,0.015120844854403397,0.0049061439316786075,0.008344635924060161,0.02065168014464106,0.004804683316525112,0.0,0.00921201123430804,0.004433535740832236
76561199589538204,0.03806115407260697,0.051001111745292614,0.0060586144963069065,0.08881033629427193,0.0,0.0,0.018818644673236653,0.04178042640359945,0.027138051070483744,0.06290736868987046,0.022637698911809296,0.04934627474994353,0.005335982427712989,0.03172340095004009,0.0529403550017866,0.061447894503390534,0.03816290616162851,0.0152114101803077,0.010663319144333992,0.002413452795175102,0.005487926163819232,0.0,0.02616407218561349,0.0,0.040517415955905606,0.0,0.0,0.0,0.007856376109826032,0.01609143259237259,0.0,0.020390587526889926,0.03918271616608783,0.0,0.005133988825876446,0.007096725400458862,0.02794595569812512,0.049466269307948854,0.022688296153731732,0.0,0.010214386271151612,0.0,0.005794148944353196,0.0,0.02157520077335363,0.0,0.04285279672914428,0.0,0.02439536279770098,0.002687940125843492
76561199589647383,0.0,0.0,0.0,0.0,0.0,0.0,0.0,0.0,0.0,0.0,0.0,0.0,0.0,0.0,0.0,0.0,0.0,0.0,0.0,0.0,0.0,0.0,0.0,0.0,0.0,0.0,0.0,0.0,0.0,0.0,0.0,0.0,0.0,0.0,0.0,0.0,0.0,0.0,0.0,0.0,0.0,0.0,0.0,0.0,0.0,0.0,0.0,0.0,0.0,0.0
76561199592008364,0.07634905600715106,0.04551748182245762,0.030493444312443673,0.06678478763276785,0.03415724929353407,0.03617053022002543,0.03340236349573139,0.03374440772957863,0.04375613177401952,0.04718778395377465,0.019105572901695397,0.02059219672238982,0.003521091025741476,0.03360219273457064,0.04857523027640041,0.02623432288434506,0.03855090248052671,0.014368995753853829,0.014862113892892008,0.010473091697064549,0.02437513734970125,0.012459925595809702,0.004740075950474387,0.0,0.021251511657063665,0.01961971107383184,0.010699267331267729,0.00997215954502472,0.011738188744907426,0.01735345004775632,0.009190012895076385,0.00315594549172746,0.02503165270801673,0.0032069301022737465,0.0163449699296485,0.019972870083192533,0.016177163790903663,0.02490555429223353,0.014679043399882886,0.0,0.00315594549172746,0.01679533498918848,0.008971410085324476,0.002911929332647181,0.004091690766551021,0.0029468579116468945,0.004926423458712885,0.0029468579116468945,0.0063710210134173256,0.004560012439381172
76561199608316668,0.043775570310049576,0.07087275082452012,0.028073420872606142,0.052231003014117136,0.03781042536941672,0.02079005631520954,0.031127404898960563,0.062088969494439095,0.050468889353247455,0.024616410487216935,0.019895197495972947,0.0,0.005714522119666344,0.02675635383031203,0.028700270761140467,0.054490424984395075,0.010858054770433181,0.0069910459194764355,0.04226811306474084,0.010047626011282566,0.040101211699465435,0.02378491061656804,0.00935139752050019,0.005311550335244913,0.0257772719754959,0.011160633637027337,0.01437990473078035,0.0,0.00768034018179236,0.009488934981696093,0.015008970228570296,0.031000046512957933,0.014728920229180415,0.005714522119666344,0.0,0.012899154779899105,0.0,0.030735235831301347,0.015120939136684178,0.0036368754008338456,0.021634817308593384,0.03544898516119723,0.00864310596802569,0.0,0.004891504433681392,0.010117465794888906,0.0,0.004254026134476589,0.011552765384269513,0.0
76561199627864130,0.04524737157544533,0.06545898069021854,0.02639036204734955,0.07137353294513583,0.015191741036643728,0.018684416417809192,0.018120906138275956,0.05415095503812656,0.04390996249955109,0.047325011545061094,0.014194738714184725,0.011110622977488407,0.0,0.041408404365423236,0.04405036314481773,0.04606523444175698,0.0284758179280998,0.007715374769168632,0.014361439014236838,0.002268486880561467,0.042495007047507236,0.016376684848812134,0.012396643807811577,0.002562904683497868,0.04512858105148349,0.0032765255066093254,0.0,0.002268486880561467,0.011363831327419197,0.014888749014773259,0.008385497172034372,0.019101975581468093,0.019393255934524286,0.0,0.007863643577244199,0.005377395312958885,0.02684911434606596,0.04026778647124928,0.013400107382563368,0.0,0.015543684254035047,0.018306678610215624,0.0,0.002878739784939031,0.008980237225701349,0.0,0.027102254557727454,0.005545012387170792,0.011329862343214418,0.0034136187210576326
76561199630639323,0.06795118486171399,0.04359767208834308,0.04323694731243639,0.0464861204037985,0.04738380073796331,0.031025538996241612,0.03668682882226896,0.053521095670382116,0.017651766701320282,0.024646778423287448,0.017891144500903882,0.0,0.008534858312448287,0.011822998510302926,0.031142202444309323,0.03610602791678369,0.015478305862805374,0.012082872582401736,0.03370320176592603,0.03298331027876702,0.012445384125452574,0.0093984908363067,0.002564498471898644,0.044334170791736856,0.029261169732387557,0.03181222639761616,0.0026940125648548755,0.004992171915272559,0.00480978839497982,0.018767494307887222,0.014868155981083469,0.00901721883910598,0.013050720135235627,0.025843430057820086,0.020573383111006874,0.0,0.008206671561110093,0.03157932392296025,0.0033441465728369165,0.023035198375148107,0.015667777936582,0.01911622345491953,0.01406832377010981,0.0,0.007736879729472239,0.0034281652863465935,0.012642529140485746,0.0,0.0,0.00480978839497982
76561199631745821,0.042277631086458885,0.0650441639435668,0.01155392031112203,0.06660041452568544,0.006533224967047403,0.019475741903204568,0.022981112845240324,0.04725739778571326,0.04965011528695259,0.04180378091807811,0.008238741269094506,0.03483375521319069,0.0024686416053891053,0.04305688426130089,0.00704646489212108,0.021429308018557792,0.02420290575837453,0.007258110561039834,0.02836739874481414,0.004849041845623116,0.07987543852801492,0.00914485159570531,0.0,0.0024686416053891053,0.030293729009226063,0.0024686416053891053,0.029126226343794373,0.007364716134044675,0.016232654117286114,0.010181580932351964,0.016289693828837985,0.020786650748657102,0.010124403884539222,0.0057012770901805725,0.022453125736064047,0.0,0.005289709903728493,0.011382266812670518,0.036878014922574746,0.01254782046476833,0.03476745996554568,0.038627528544057356,0.014830247860231932,0.0,0.0,0.0024686416053891053,0.005065856431475058,0.0,0.004490185925594765,0.016211880661908252
76561199638601866,0.051214533390763796,0.07893438165095161,0.06348886984061176,0.03523941686124939,0.01529220655311728,0.040405552767167376,0.0334623005669478,0.045334055883874305,0.01287489467796411,0.06809014881476043,0.04326831703552499,0.03402269431677331,0.02422531108734651,0.011065721116722459,0.005003136561217235,0.019170886062914717,0.045657635113111376,0.016334469215362857,0.0,0.019750132007392424,0.0,0.005524835315274714,0.022879197812180004,0.006843318213835083,0.02356345859841858,0.011098201231083281,0.0,0.022017248336109012,0.00966286302295877,0.017894033397933343,0.0,0.0,0.0,0.005524835315274714,0.010175460657105654,0.0041573881011439115,0.026925272525059652,0.044484797248861445,0.010430332364530483,0.013275501613103905,0.0,0.004387009349266715,0.013275501613103905,0.02278693286367618,0.005644088499646356,0.005244664750275583,0.01813626279510533,0.0,0.007230806178317754,0.026003326673961862
76561199639237662,0.04069730679211645,0.03712188871187137,0.03979210230792718,0.086415111390652,0.01250643954047795,0.024479343473872456,0.034711146805024705,0.03582097233187898,0.07434177752705688,0.006424747985864123,0.02056957290332529,0.0030201786880755276,0.0,0.07168853707941907,0.019840639424932752,0.016285331187519573,0.0,0.0,0.014085789086862576,0.013447206817372577,0.06748233958133212,0.04953426263567206,0.011922196071254653,0.013447206817372577,0.01839145329574084,0.0043018788606141445,0.007169015527632152,0.0,0.00579514257385469,0.023755048155693185,0.04633933415813097,0.03729103922570781,0.010542269447116798,0.0135670819964842,0.008185313727683264,0.0028253621644023074,0.00579514257385469,0.0076648264492625755,0.016521769420332958,0.009418245156927576,0.02050795347495568,0.025580552722384773,0.021132162318169338,0.004036476888126641,0.004055723840307181,0.0,0.0,0.004055723840307181,0.009434387022430005,0.0
76561199642042062,0.08607164503034831,0.01225262796795747,0.07513913429859562,0.03870872805789645,0.027731324785974464,0.02220559212303531,0.01887959846705513,0.004929775970802847,0.014136438512592006,0.044518353835099035,0.03829274418067575,0.02619584728076356,0.035673394574227,0.010230713832009677,0.053407961633639645,0.003905724680582329,0.01029334450532044,0.08200345071755123,0.017683152575373118,0.029725393416403328,0.006100255442759425,0.003905724680582329,0.012136855446697688,0.009273394108551124,0.0,0.00758930072156202,0.02833275765205495,0.016500637045553643,0.003836945174971519,0.007786936380182101,0.008432065294431553,0.006100255442759425,0.0349823358774072,0.03203111257351244,0.008434581348179742,0.0,0.06648649539632816,0.0,0.0036801882311718118,0.00829991027172617,0.006100255442759425,0.006100255442759425,0.007638682662123583,0.011939219788077608,0.05232688912994603,0.0,0.0,0.0,0.0,0.0
76561199645738773,0.06592873209190836,0.04758910344329575,0.05752154619541585,0.050580897095217923,0.021297977163837443,0.029918899547455694,0.03821033330451229,0.043861437189886276,0.011634710897922517,0.0390912164059119,0.028770363596510445,0.030508262879657404,0.02530758731070924,0.020719338302394034,0.03907685646162311,0.015677760392293533,0.03909519635214386,0.014087054184678332,0.0047915158742228865,0.003803501707122416,0.005032247408109579,0.02843476923385398,0.01936131215364275,0.01883742342630121,0.018674737700957542,0.017059432699927504,0.012096276688575004,0.0,0.0042030496787537775,0.04343636460533769,0.02843476923385398,0.0,0.020896737329248388,0.005251305069446336,0.0042030496787537775,0.004238544463909935,0.01901704213969537,0.011539033086755551,0.024207553647845496,0.021565376137870948,0.0,0.0067659772704733966,0.007334798920724003,0.017972788389985235,0.006489953722331694,0.0,0.01184443805726835,0.011427679180905507,0.0,0.0042030496787537775
76561199651398849,0.08884598145441769,0.06332877874006478,0.05677371028279737,0.05039480226547749,0.012719462453191516,0.05167196226046388,0.021859086841062577,0.03581182173686723,0.0337119436388856,0.02836607578001536,0.06294252012382145,0.015831856961309034,0.0060990042912593325,0.025679299564617734,0.027709996199731055,0.025385616137747095,0.023664039463485144,0.0,0.023909033284817256,0.003055902488095753,0.031168656881625192,0.020377531191317952,0.007033276481509033,0.009154906779355085,0.012521174261913947,0.0,0.015918331719191815,0.011822534993214825,0.011515338721269513,0.014824611922532545,0.016586410522438578,0.01343223116456324,0.019530198669987665,0.007340993882886795,0.00888505523768278,0.006125129186616985,0.026322295107126033,0.012252338008631855,0.003251505548926848,0.010396896370982548,0.013345013548344862,0.01989679534669676,0.01798514586160994,0.014775177405268413,0.003055902488095753,0.007033276481509033,0.007688378248574615,0.0,0.0,0.0
76561199651436954,0.04477807362771222,0.035488079838073665,0.012079857507055591,0.06436292419519576,0.023452605203497345,0.014459485192211368,0.04681797902736965,0.07406651921833325,0.0585297461657001,0.023948476491556764,0.010993337530704743,0.012761013006797902,0.010291169808288439,0.05373949738574962,0.012664889860890568,0.032350898967854216,0.0024227374341850454,0.00903525079102718,0.022298975216004154,0.022433932938186647,0.06837905200493308,0.01663457182937336,0.002952221365102043,0.008401182236223142,0.02206861098968848,0.009919945051287416,0.0057477996947457154,0.00870002105984776,0.0,0.012796612562590091,0.021177941942916084,0.03796707666888067,0.003968606596023774,0.005066644195003405,0.0,0.0,0.012621618410342155,0.019652144724099763,0.025911051884011813,0.0,0.06244276050185983,0.043266416068816094,0.003968606596023774,0.0,0.0,0.005187388087411698,0.013149671408397099,0.0,0.0,0.0030446067160284124
76561199653622095,0.04631514408663383,0.04131889555661636,0.014578762966741673,0.07131029203908702,0.014862889088446685,0.021407617640956018,0.036610950897233256,0.0596999102970607,0.050453354679553995,0.024286029300602398,0.020452070743967505,0.021894261059430636,0.009981955715822161,0.04823924771526567,0.02385473078520648,0.04693757631013699,0.027531601528618166,0.010735569364312967,0.017709662114237357,0.00579680878452416,0.03159732426777386,0.0038467816503038356,0.015602355004594403,0.0,0.037755580750080724,0.006149444817233092,0.00934251240980815,0.003556244103445284,0.02362362595073276,0.025918164728706124,0.007430306979185429,0.01953424928337788,0.008940159253148092,0.010043101425597889,0.00934251240980815,0.011049957748919443,0.0028094579504062325,0.018046678031666354,0.028150996978010132,0.004152520034736363,0.01967403020098155,0.03434169442027465,0.008988317389588153,0.008180563721376604,0.0,0.0,0.014759147305668997,0.0032777869444490662,0.0038467816503038356,0.01606237391536889
76561199657362718,0.0540964246795001,0.0595296755416706,0.023616707811837622,0.031128399461382936,0.040669096470742835,0.03698461074966477,0.049397237954626805,0.08530394415283442,0.014607367535162707,0.03168360236955169,0.020797089109154284,0.021241543579263715,0.00820972119651741,0.014607367535162707,0.024207209640196334,0.02404989928475275,0.009741229512257575,0.016167984994937327,0.011329447039210808,0.019559168193088977,0.018954407018677833,0.004804728414128499,0.02235053785504249,0.0,0.041075165284430726,0.02277539494373051,0.026136288467552428,0.01201012132282078,0.01721435767662016,0.03141407949822092,0.0055055792238280525,0.003152700123253476,0.01673691997611702,0.0,0.02591059817543312,0.005413364989202539,0.009060455960187605,0.03445269751492992,0.029832268352923307,0.010310307637956552,0.008815379083196937,0.014200960399801146,0.0,0.0,0.010918944213030591,0.0072215638171729095,0.017857477809177836,0.0,0.006947975431048253,0.0
76561199680990806,0.053225706035938646,0.07248336631815891,0.03097932859157997,0.054441321573532875,0.0045896683721919265,0.04016921125640175,0.02261723473093108,0.059722723688884385,0.013423535574549844,0.04424318717043466,0.03552673115637676,0.01324512830049009,0.009531495003048784,0.013188474811312885,0.05343573950604955,0.049898409950260514,0.01899182472217439,0.013252206894182742,0.01345452833192967,0.009528690290932198,0.013332150688178777,0.03966838592240469,0.01382988113097986,0.009432814477976894,0.0326659172816257,0.0045896683721919265,0.004397554623535189,0.0,0.004397554623535189,0.017579044316586696,0.03964585801969753,0.0,0.009025130876650673,0.013098396101950504,0.0045896683721919265,0.004463099312096932,0.022370833080185882,0.03257217031630792,0.013105648139499102,0.008706890650368435,0.0,0.008870950800622779,0.0180366296648222,0.013242977576445126,0.008996265336533998,0.0,0.02370760807876092,0.0,0.009328835333954122,0.004397554623535189
76561199681279488,0.0,0.0,0.0,0.0,0.0,0.0,0.0,0.0,0.0,0.0,0.0,0.0,0.0,0.0,0.0,0.0,0.0,0.0,0.0,0.0,0.0,0.0,0.0,0.0,0.0,0.0,0.0,0.0,0.0,0.0,0.0,0.0,0.0,0.0,0.0,0.0,0.0,0.0,0.0,0.0,0.0,0.0,0.0,0.0,0.0,0.0,0.0,0.0,0.0,0.0
76561199682596889,0.04899488510748353,0.036443317947416565,0.017720042133049067,0.09648313184795053,0.006539203840681862,0.020607955877539445,0.03088221951812024,0.03183323288423748,0.038178733752506876,0.04082609502866434,0.02782132543491374,0.03955839461848689,0.02216072997430328,0.038178733752506876,0.040949121038324154,0.03536823378503359,0.022521546338947374,0.0,0.024620639369086136,0.00640148834133464,0.015989857787865006,0.004986191872770206,0.03787675174268392,0.0033805496125886856,0.021342880779307908,0.0,0.009560142569427816,0.009560142569427816,0.010638112997625562,0.011714058407647842,0.004986191872770206,0.027194266678531927,0.028386017708195713,0.008177335683579897,0.0,0.014068752036857585,0.02269038711947907,0.02602585600675046,0.01419873509961264,0.0023909653563544677,0.008654555814379853,0.02428026769270691,0.011142948333834226,0.005891416353277686,0.00584621890079313,0.009560142569427816,0.022374565910558978,0.0,0.006023232449853932,0.0069704254831043375
76561199687646290,0.0506079139188035,0.033846966492986234,0.024483069089670184,0.04467563336459498,0.061419760532532196,0.04052584558489904,0.035845304732700395,0.05316944639802601,0.03388783298030747,0.029910024701214875,0.009170622205670968,0.02243601183623143,0.003156280836427464,0.026967712134345605,0.034291159795899785,0.024513770865639384,0.0019129619728731875,0.0083301068720969,0.051210018069418224,0.024344125672011527,0.029336600970851348,0.03215861533742174,0.0067749441299296085,0.004715194741605846,0.022687683564633836,0.03306124426075838,0.012733879990922153,0.019085062225985137,0.008397077695527971,0.018409381947270403,0.0168817582189283,0.014582492087855975,0.017313034622868387,0.0074650622529513705,0.010146866468055972,0.002409907628233516,0.0,0.014536987824539738,0.019957348280382693,0.007693106596482314,0.012144350253320549,0.02881630869046588,0.002109214759131324,0.0,0.01660272863617809,0.004936518840331069,0.0028026550245650816,0.009755053616427709,0.0073442114434908905,0.002438141834535425
76561199688154793,0.0579711918657793,0.07387477910530253,0.020209354730519748,0.06945162335652108,0.005275839007422127,0.014587517285702113,0.011468720412885247,0.05164128629828446,0.051598003678553175,0.04181145865024237,0.028011551226247294,0.025509812218640536,0.004097990572160804,0.043130799614788995,0.02730079949542868,0.03993222344699393,0.016498732463211714,0.005275839007422127,0.009806351974389471,0.0,0.02834247401099312,0.015406756520002476,0.021738814040101334,0.0,0.029240754420326746,0.0,0.02404829423318839,0.005275839007422127,0.011630205630089745,0.01221697361024643,0.025316853240393802,0.014961405363117302,0.009512404804233859,0.005935155064573223,0.005895334986314572,0.004097990572160804,0.02218674059455448,0.01989567124809828,0.015270670203613038,0.009651431342862473,0.03199807971522977,0.02407347928868783,0.03239650526166276,0.004097990572160804,0.0,0.0,0.02362143121569583,0.0,0.0,0.005734870643775173
76561199696739033,0.06886495504273073,0.07409538327816342,0.04680389344294548,0.04646254330125223,0.02536706499030622,0.037177617994335464,0.013639282201715272,0.044484972171169104,0.04507527473953397,0.045253871015425294,0.023030337832309334,0.0042854562050105675,0.0026040361705595445,0.04506765321498707,0.04000981692001313,0.06503939451269819,0.021044720486652117,0.004951381654821431,0.02837315057624148,0.01103214380166347,0.020976811722674255,0.010727768729589516,0.0,0.0,0.03271565975317911,0.015551558996183636,0.00761075312056619,0.006081292479120462,0.01009589950251303,0.005791217049700948,0.0068592013699388206,0.014938698234968831,0.011441310200309633,0.013973553412644602,0.011399071199861175,0.0062429368522750476,0.014366644153196911,0.03425922231814833,0.009694205430971627,0.005653421539825811,0.0058898978052688705,0.02496096815142806,0.0025608867124419614,0.0,0.005692409455462701,0.0,0.01661105136252882,0.0,0.00904880042969996,0.004193810464968175
76561199697755740,0.04721326550266747,0.05227741607730871,0.024295971893759004,0.05670574270430827,0.01083696053323819,0.020510988036906753,0.06388930727518642,0.04628352601632225,0.0032711530857298656,0.04499912006040907,0.028782963766920366,0.03328599314993082,0.008462858012649913,0.023527997443867632,0.012363825364702121,0.028949409375040362,0.04134834533141307,0.0407465291169153,0.0032087781860829865,0.021009135628897512,0.02375802684551371,0.0037029859865440056,0.017490253381794763,0.0,0.03448339473179953,0.0,0.043580867653700096,0.030875568688557595,0.010187451210219902,0.03554006230107114,0.0,0.0037029859865440056,0.0,0.014953861236141588,0.02310451799113306,0.004466110751810019,0.023710938430989002,0.022248892591757774,0.053594878828563994,0.0,0.006744890426662243,0.012392444156649807,0.0,0.0,0.0,0.0028931113852316602,0.006385889515597147,0.002622150249093111,0.007577518482382955,0.004013912605986956
76561199698533340,0.03697969843883755,0.07005558475608106,0.021961492747828482,0.06690350356617424,0.02154251482348903,0.023256603709498887,0.024365256757361075,0.08285025193655325,0.027975190892375438,0.03507854906900663,0.02576978678551186,0.014593457145481901,0.010809667185159664,0.03564158965891122,0.028237510992889205,0.049564388546936275,0.014013675756913105,0.004677292069762195,0.008596691197225795,0.014040253238987206,0.02722207274464185,0.01058473464622333,0.024404016421759926,0.00786109977471164,0.05624071352112122,0.02091776761953693,0.013040617237316074,0.010087463889213125,0.011883935966315734,0.010651087397024334,0.004066698158252858,0.00427677914630508,0.0,0.0031798211657895524,0.011721736194102418,0.0067119181911355665,0.00896840727891378,0.035566886711512424,0.021411382482185316,0.0075472235792646185,0.007450494252979521,0.025810029433255947,0.007302282771109149,0.01256369801685681,0.003480525421011761,0.0033498550437866463,0.023539806449797092,0.0,0.003245987210893263,0.0
76561199699572362,0.04087525221414662,0.03124982832959249,0.03399226616990173,0.054572308473144045,0.029705790930197377,0.031005469288722404,0.030657938552231048,0.05997361989594645,0.05410969581738129,0.018226437786870924,0.01591472076936977,0.009039341591866491,0.010600622403068579,0.04359446897756873,0.03512079490015777,0.01964842887460151,0.024715266980884384,0.019884651257242474,0.03171928159247468,0.011188814711457502,0.02905619028925938,0.02828892911371667,0.0,0.004909778756265117,0.028464488381169974,0.03391141955587003,0.002971280852556291,0.002971280852556291,0.0,0.025748159795965928,0.03237222141069791,0.023740903409893346,0.014829153983727304,0.0028733605231060053,0.0,0.01837789700435947,0.0,0.011315102361294033,0.029420531410085406,0.0033077551026360953,0.024132333401699343,0.03807210056453728,0.0,0.0034237129248396335,0.006464385605122705,0.005205678900503113,0.004134524391694749,0.012287162366299046,0.007926649525318631,0.0
76561199729570190,0.07013899623774146,0.06713860905300603,0.09215494772964852,0.017044034566223918,0.01765191862161605,0.08355137550011105,0.016130925315842346,0.012613731655024147,0.018158986850013346,0.03651591029754449,0.07797220664174606,0.026032193412711485,0.01701068057765417,0.014127660666189477,0.01008364024622627,0.006289534058200338,0.02190041125837172,0.004366459318735245,0.047768584428000756,0.023049620282165242,0.007216029994474956,0.03693380471947588,0.022374577959388166,0.02360692189596705,0.0,0.0,0.007656915742253882,0.012337404156375336,0.0,0.0,0.05659500438632662,0.0035575547749776715,0.0,0.01477767776290831,0.004685938585677079,0.014333445174066164,0.01935523990539245,0.0,0.0,0.005604494594855779,0.0,0.00443030291119977,0.03480941046445439,0.027791363881366403,0.01794395231586768,0.0,0.0,0.0,0.006289534058200338,0.0
76561199729773816,0.054786242484957406,0.07512597436853462,0.0235846257428488,0.04853914763910125,0.02836110040404143,0.019902952867509954,0.024530233427970945,0.06742165381331175,0.03458234879836141,0.027469484235214794,0.04240560177772779,0.008951323699096446,0.0035754144014560657,0.024342268312680028,0.020032850943658673,0.024510768457649768,0.027398254639943154,0.0039405783083403985,0.017779985532215218,0.006007464545233073,0.035154034307250455,0.02438048804033205,0.009366728321001001,0.003327084730590959,0.03320848305276391,0.009723496301916148,0.014669837312539007,0.006715356249233306,0.033982375421978316,0.011652123102827119,0.02343058876193418,0.016662012720444267,0.011403405480303342,0.008442302580541612,0.011120499962283668,0.0,0.007369512793818381,0.007898678094626842,0.020736865600227774,0.005302360732764372,0.02154124221228373,0.04296849946109883,0.0062522600111622395,0.0039405783083403985,0.0,0.013468609923081963,0.01929547082359081,0.0,0.0035754144014560657,0.011163416891756216
76561199738119259,0.03942958171815667,0.06061063849431888,0.015582537661836024,0.052294264625527144,0.03522956329336043,0.012733128675243743,0.02542340038989174,0.06290272642464936,0.03794804063307998,0.041269638411609404,0.012180906818983315,0.016413674345626923,0.003762641947750414,0.03873449929640844,0.02294381012258507,0.0428915512491509,0.015874759020612708,0.009733986262839129,0.01379155423068446,0.0,0.03190541861899762,0.018610069320873685,0.008434690538792623,0.0,0.05820525182306654,0.01733164645986642,0.01872796258747405,0.008611914141799397,0.017889768760011936,0.02023417643849049,0.010763312511658888,0.02425567175477985,0.014771362308155832,0.0,0.008725584513427235,0.0,0.0047674885235938465,0.02815562739696555,0.0297599905343501,0.0,0.012914345087301401,0.03993704533324159,0.007557976900201354,0.007528195325781469,0.0,0.004454556702473135,0.022100050737064506,0.0,0.015495772676524066,0.009111217382793597
76561199739359982,0.05572699888131819,0.0413553168227601,0.028007317947257422,0.07164357431893992,0.02424110132286076,0.036202816900470856,0.031600685345711046,0.03110728082959229,0.04847736078620612,0.021335147136863405,0.020835291829883456,0.018597616195990544,0.005281485365927527,0.0544218841606012,0.03816754383218291,0.02836668911127068,0.009248433408639966,0.015587545137356391,0.01987652871614691,0.022369337572148984,0.04445134046365508,0.026242924484991773,0.005717207670518106,0.034736541521843974,0.004077099710950307,0.005944523374395089,0.005944523374395089,0.0,0.011318645915063178,0.003857872728467727,0.020470471766614047,0.02393183999205857,0.021292606282959297,0.017379606064133968,0.003659013984208714,0.0,0.007748963597755558,0.014644988914595635,0.005670863476956776,0.00939118258140297,0.03457290143568743,0.00913635427843731,0.03023901771034243,0.0,0.00850303934016326,0.009250121216013176,0.013508437648980739,0.0,0.0,0.0058599568432811085
76561199748150200,0.06716312882533808,0.031136053250422596,0.05416289937335035,0.06134829956617031,0.005599631111930298,0.05645971482988212,0.008325203842272219,0.008489440955910471,0.05328793335959829,0.008508158837182265,0.03433908040735121,0.029551788502326076,0.011042756860751315,0.050636344481071814,0.03826714147699584,0.005271189678661616,0.05144252958187691,0.014798945500967239,0.018041687709254475,0.005937354370156623,0.012501589507349961,0.047352059545055815,0.008471952393725673,0.0,0.0,0.011536985482086919,0.0,0.00185862496664841,0.0,0.0,0.02528979192710803,0.0,0.0037632199182168384,0.008471952393725673,0.005937354370156623,0.0683567856879076,0.01720794322935067,0.0,0.027601942808011565,0.001836411193713459,0.002452931691300634,0.03943949161591737,0.0073145675979643734,0.0,0.011729064547594795,0.04289119831852716,0.0,0.04217685028416833,0.0,0.0
76561199750937606,0.05606198380851741,0.04722422772549986,0.04947224507039267,0.0728103108444106,0.011722685511744144,0.012114996868320904,0.034852949465576544,0.033492784477107046,0.034557057712251336,0.004987579628078856,0.05060530142902462,0.04272743105537949,0.01903836323573609,0.039661261954904006,0.010266147084399846,0.0038641345372732107,0.026317923755547635,0.027117275537269187,0.017292465555364685,0.007315009524023139,0.05571847931804909,0.050738781481457114,0.005124189537627571,0.0,0.0,0.0,0.01656511015160762,0.01451805941036837,0.007465845579535713,0.016793694403859343,0.027802054967402578,0.014964882233481391,0.006402012547126636,0.012846823240198844,0.014668895465880946,0.004243897940275204,0.021732462454543647,0.0,0.037488644700358446,0.014043335711499764,0.016322858038436545,0.008108032477548415,0.01513729687467429,0.006394203951239782,0.006402012547126636,0.005124189537627571,0.0,0.007302067532089912,0.005124189537627571,0.007465845579535713
76561199752752935,0.05701353591797484,0.03096835280123505,0.04851769507271759,0.02983847653567782,0.034474035830141726,0.01889629234240346,0.06792970374477436,0.015709547113158844,0.007790547374282367,0.0501871124554538,0.018872404056415916,0.010267694992329214,0.023003629792972727,0.007790547374282367,0.036774854905996364,0.02927365673544162,0.016294509957900705,0.009505681120459663,0.02787320190281615,0.030811417057455024,0.007984366284176725,0.02318886017687947,0.06136301755166413,0.013237507405244164,0.014205854458307838,0.011760476964157454,0.012508404318791471,0.016825948367053038,0.008209710817019293,0.021504236332762206,0.011974658399585721,0.007790547374282367,0.035305928382458295,0.02082384257763987,0.029406763815096486,0.0036269583745499653,0.014277524831618744,0.017019165678444637,0.013707212838418676,0.03262057056851334,0.0,0.0075707435826462745,0.011271077752855801,0.010378969752574867,0.008432977780570368,0.003631820118131989,0.003795867884889512,0.0,0.0057840905277776935,0.0
76561199754121666,0.07808677664681142,0.06711573078096698,0.08360609251987386,0.014345090464972439,0.02275304158448661,0.055911334051472784,0.011128260630915935,0.006091701174655924,0.04159465046078864,0.06113581683073993,0.0560290286096223,0.02233279953518198,0.02668916760541898,0.014345090464972439,0.011809629887989654,0.01090755776282337,0.022310325026660395,0.03175525047167238,0.031006430874803127,0.03397077611168373,0.020254329699536413,0.006091701174655924,0.010818444030332386,0.0,0.0,0.0,0.03427529435441579,0.01842859905105641,0.0,0.005213909404324779,0.019074675170680257,0.008253389290316515,0.005519470861572306,0.028506658471860475,0.005968154991419683,0.0,0.06599370914135073,0.0,0.0,0.010423408676803672,0.008253389290316515,0.008253389290316515,0.006091701174655924,0.01050469305035083,0.010728802331803322,0.0072108645238592875,0.0,0.0072108645238592875,0.0,0.0
76561199755294671,0.026162840181593514,0.017544505426866516,0.01800604044067637,0.030232944779063912,0.09113946545977292,0.022247599064522623,0.021434485039142488,0.03979984671379808,0.015493820883669638,0.030285040004412667,0.00421435064642195,0.01764080545508985,0.0015331754589104649,0.0012723589470327226,0.011311414739684417,0.014081079660469726,0.005104739855725099,0.032284396186180384,0.004472922295075787,0.06489249722456061,0.011633312559792986,0.0035478344759759285,0.020354366855014436,0.008060916956040998,0.02972097092029538,0.03551909753211453,0.04317905379262509,0.05968069903171224,0.0483720442566018,0.0025166996429629783,0.0,0.0012723589470327226,0.017580584588161113,0.028735086053010686,0.08742481413502498,0.0,0.013296374117537056,0.02467611949371822,0.0025166996429629783,0.017204954145719497,0.0,0.0,0.008060916956040998,0.0,0.0035478344759759285,0.014276114934899378,0.01824868334889525,0.0,0.0017560873684116258,0.029664047306803512
76561199766435421,0.05857418426458054,0.037862187023985215,0.05986518942723483,0.05562888333254245,0.010241388853669514,0.03490018996734779,0.052705163703119194,0.026088622840574754,0.04881004354848597,0.029586745019259827,0.041479000528440654,0.005805913064903358,0.0,0.020809774474340535,0.050688697466493564,0.039677218452517794,0.02910024884972958,0.011897397726164032,0.020728416172072467,0.0156196993222719,0.017905232518610058,0.04624562720193008,0.010051509739858456,0.011312147754689238,0.008438992585319665,0.010941016869463737,0.003325547535197914,0.0,0.0,0.014203971637274153,0.06055737500951168,0.014547527533484117,0.023371736730489822,0.015501055709485727,0.002729138577845909,0.006202258127542997,0.02114775243394016,0.008438992585319665,0.0029212644459589835,0.007911209550904354,0.006976383323331105,0.00633748250056585,0.00633748250056585,0.0,0.022975391667850186,0.009074437748978446,0.005364464852564233,0.0,0.003325547535197914,0.0037874892863857196
76561199780856085,0.03313446501761872,0.022109398248136552,0.05434492676299335,0.028727731251564827,0.04725481020580661,0.04047045369166706,0.03880809661208396,0.012539981252867491,0.01248956783198855,0.010158992967957187,0.017084491647174117,0.014896817582735243,0.02255588043038593,0.03729844011237315,0.03805020162619487,0.009660846412319098,0.018020632556624963,0.0,0.02394441838257171,0.08879732394704033,0.006986096280226455,0.020552111461263702,0.024884373570463695,0.07569593524669099,0.0050249066009624335,0.0050249066009624335,0.0100856449003622,0.016556651143177017,0.010805095103094403,0.028319568872167782,0.018626075098009544,0.012549815658342381,0.027300855960723566,0.0,0.023155930675263486,0.005428569927751145,0.0,0.0050249066009624335,0.004005765968706335,0.039154645674373455,0.006986096280226455,0.012641176723839216,0.04286785185112428,0.017084491647174117,0.005563719378115925,0.0,0.0,0.0,0.005327332235912981,0.0
76561199782026649,0.039940278745324645,0.04488006977181433,0.008404535545324275,0.058697911216581015,0.03593225734055025,0.02515919647288431,0.01931585868859237,0.05472981032589337,0.036319406230080994,0.021233663725333828,0.044954760730579,0.021337957145585656,0.005245406452647013,0.02090403435028825,0.022234692452796214,0.03206812366116802,0.019814155493818788,0.0,0.033399103865191855,0.008726654484729396,0.04552797280075438,0.01871963680830771,0.031838291463799885,0.0,0.037103571872291456,0.01377463167868392,0.024029188635557627,0.020336169060588924,0.012166252321036757,0.004225096080650455,0.021888894293132448,0.02090265521660896,0.012985951255741186,0.0,0.01331708277445708,0.007903442411505347,0.007393854317213532,0.014153078166214927,0.01611434177287247,0.0,0.02369323737588721,0.045709142723906145,0.0073793832678674745,0.005245406452647013,0.00346755594531165,0.010681621463673317,0.007066863053924417,0.0,0.014011939034257645,0.007066863053924417
76561199783971190,0.04670819696153329,0.032170311930853374,0.026909678305762137,0.06574756396534606,0.03230631847467718,0.023416341774108406,0.02202157784129695,0.04821782974605121,0.04554543306678589,0.031000281307809803,0.004270378350212434,0.023908684476677846,0.009414194855416126,0.052640915600832706,0.0350136831114378,0.03785494289285061,0.022386991237477442,0.008220178409717692,0.026599677453604927,0.006567353525129846,0.01912040311608745,0.034141235026042674,0.014467374890167188,0.009392226724611218,0.031472949187712145,0.024848175368989877,0.0,0.012498375242111505,0.0037777404382332317,0.02553182388617299,0.009672289754348685,0.01828774528073816,0.01588826723022901,0.0033935957041128333,0.003351606818603865,0.014668506601417611,0.0070452346806267,0.01943805123488395,0.028690466778439776,0.0,0.006535822455545853,0.029556153271520728,0.01037408286071304,0.011188011886672393,0.006968759482238129,0.0030528538670436265,0.012491427943798148,0.009020666961788276,0.006917633536459959,0.00728798648310927
76561199785196304,0.05094900006106769,0.0751300894316847,0.0063619984058099115,0.04519872029852809,0.011746563493216126,0.013406377612455935,0.014382948563044125,0.07312691739140917,0.032610041783838035,0.05166092522304921,0.03248451270883179,0.03214272229423923,0.007539719342900393,0.01899226662334246,0.012982275795126123,0.02769037488399055,0.03530174218987084,0.0,0.003886261794523523,0.006070384543471788,0.02865204947935594,0.003152203967735746,0.013598256398073577,0.0,0.03619608645987327,0.007539719342900393,0.0,0.02127971578948115,0.05059127305488241,0.013754540468792672,0.0,0.019845010646546608,0.00916953624889982,0.0,0.006186348670615075,0.0,0.01448047052150065,0.03823361441120823,0.017129592201657853,0.01229640196037196,0.040774660714968484,0.026515617906494766,0.010468365170095797,0.009251635123335485,0.004743234023851006,0.0,0.021443482653641245,0.002860590105397623,0.013337873407794123,0.02683587883212655
76561199786534958,0.04103332684700969,0.08252815931601465,0.015124223785760975,0.059827387363506866,0.025762401340349777,0.0027198888020839736,0.0371299858485759,0.08268970924350252,0.023145492911148036,0.049096132234862366,0.01747408434469963,0.04022157051611341,0.0,0.028841858952795698,0.007802234749583809,0.014980068891716948,0.008722236639776677,0.005463926360045636,0.014575679108808635,0.0027198888020839736,0.060827740789179054,0.0026048488554552022,0.006712189206693783,0.008452055898619349,0.047405594376253676,0.010995403328214446,0.03850738624972929,0.01760557900491186,0.007513604433712378,0.0167462787712634,0.0026048488554552022,0.0026761768835531123,0.009428316556568358,0.008452055898619349,0.026801082472639445,0.0,0.007980197829319722,0.012158685105538143,0.07102460117106771,0.005405141385560425,0.0057425791753508435,0.04149608387936932,0.012227480948329051,0.0,0.002716127349874575,0.0026048488554552022,0.006471985697422935,0.0,0.0,0.004980850963405004
76561199792770301,0.03161203689589189,0.024542453294082413,0.01734421160457047,0.055182553776730564,0.049434730235272575,0.03542347883194782,0.052020334582619725,0.036158076081436875,0.030744068500731338,0.020859995805009,0.011018607194401377,0.029633020842442945,0.004484802139505145,0.030898985119405496,0.04569130381496025,0.02964667760762295,0.007257055936464028,0.0,0.0389729793077239,0.017244169624149215,0.01732974781624771,0.04122797216705885,0.02366022854486831,0.0,0.026131120751172927,0.030940163069898052,0.022013987442353854,0.0295334413208271,0.011062919139307032,0.02769856369903631,0.015925331471323634,0.0163678918638642,0.03180771248629358,0.0,0.002088498099013002,0.004401583151135547,0.0,0.010207379979529824,0.021665292916079014,0.004763666885952503,0.005605268313361039,0.019209690630116554,0.0033049050042756843,0.0037020639210920765,0.023359896283239277,0.010934405505518975,0.003148720141713294,0.01720645138367958,0.0037020639210920765,0.004831492896982068
76561199795154363,0.04387454083161314,0.06987030425194322,0.0072175444426359975,0.06902471624914013,0.004873708881104165,0.015885503901439182,0.030913298994028702,0.07047224739903053,0.029818147088375987,0.05156127179778117,0.04175776521198243,0.01275145887162429,0.0,0.02252219082090186,0.013248220560898789,0.022427851261594956,0.010578070363189196,0.0038403252283176247,0.015684731344562868,0.00293632772426446,0.09071005043391919,0.01640927879586142,0.005945867397262421,0.0,0.043734287617020265,0.004873708881104165,0.027792339079618072,0.015102388689663128,0.02330279822797197,0.012423060213317391,0.007902427912080132,0.0075149670963183335,0.00825943924037432,0.0028748778633502494,0.018668029614012347,0.0,0.013609519497433074,0.024872619260341573,0.04703510049177835,0.0,0.01481092336379246,0.04528776438707291,0.00856805763386796,0.0,0.0,0.009452966143859017,0.008654975211288062,0.0,0.0,0.00293632772426446
76561199795377753,0.036597248024811437,0.030144297264628705,0.020018225175536853,0.031475792471613334,0.060165612782797924,0.020098652219851174,0.05246237532634648,0.046940070564343316,0.028612428721510215,0.0261267960436573,0.014081448111913116,0.01167632177807847,0.013426469412413959,0.026622575059489232,0.04058894442043367,0.04707770574006491,0.008645168058885612,0.0045528202483597485,0.027967771855124383,0.026538451062078403,0.021225756129927588,0.022985772110135007,0.017921369609176386,0.004375197053630393,0.0394256219245285,0.02723761292720491,0.0066458867708051785,0.017864675047649,0.003341747361321996,0.03092806756883804,0.022276375528726668,0.01774360115390044,0.010898906973885243,0.008808276496326772,0.008097323234352596,0.0,0.0045528202483597485,0.032305854987588624,0.024288550737436205,0.01072855029490153,0.0082629543310256,0.023182418945093,0.005180115922950354,0.004378079326932962,0.010909248109042391,0.01255637180393247,0.015177365183934702,0.004378079326932962,0.00609658888419918,0.004407637665323489
76561199795834891,0.034910774979951396,0.05530279680780844,0.05004517399118793,0.0433630566453351,0.04243270358899503,0.041830539016849085,0.023826182724733358,0.04003951687005272,0.03838856311606815,0.037344124100672435,0.015770760654757382,0.0057442524701243215,0.006569803481360592,0.03757202027128869,0.016326935965535576,0.05128203562203243,0.006760637450088631,0.002466624316144825,0.02348005469228122,0.018507005759464047,0.0184876147928749,0.03518477094433711,0.01042772006171942,0.0411180939483259,0.03071985364496428,0.03302985012392353,0.006569803481360592,0.023765896484418906,0.00706268422515645,0.009763664658612826,0.026581676593268717,0.008443791865861456,0.006509852485342813,0.011766772120958583,0.007048137051754852,0.003854381146047532,0.016544984556693773,0.027073189069282824,0.0,0.0,0.008443791865861456,0.015169042367913754,0.016027304235657756,0.006492671422291177,0.006426403645523751,0.009763664658612826,0.012431861242914037,0.002836289359298342,0.006492671422291177,0.0
76561199798719870,0.06984951706021697,0.05389050483176716,0.019767318041211873,0.09385941841869645,0.008016710633880987,0.024878999767920792,0.014967486864398577,0.020438135532007785,0.044780451982639434,0.03324031659305063,0.03759266659821375,0.019743492257448238,0.0020288348579768473,0.032314036736321335,0.06297183927300291,0.039334373358083936,0.007843538492463848,0.0032980294784261217,0.02420283547872523,0.001045334803053692,0.0393888304488958,0.013161245064118946,0.009761984613942837,0.004760210421067364,0.01613630051614047,0.0020288348579768473,0.010954650716246345,0.0020288348579768473,0.007880481055215806,0.006139190524507561,0.010149672381579255,0.03857091018242997,0.04072208396435469,0.007414749805312563,0.007880481055215806,0.00669137893425953,0.023197611309142756,0.018165135374117316,0.0009085289051874931,0.004943374734456525,0.016289541553752066,0.02289750536321645,0.008315006116506858,0.0,0.018491663446279977,0.022145224444723315,0.008460133844280437,0.0,0.0184525944495897,0.0
76561199801101431,0.055029221320908046,0.043337145506219796,0.030685708240846436,0.06174756994830283,0.02262778266475086,0.0195483316408257,0.03595217865798148,0.034626402707169504,0.0321179248411718,0.01369001934722984,0.03103229100771348,0.021969059092915848,0.0,0.03863551459407914,0.057126324008225544,0.014186136144900854,0.017323820443930295,0.025219098343198187,0.020159867525846566,0.04521982780470625,0.01781385243273425,0.02374798839341891,0.0,0.022625234760738525,0.009650788072335052,0.009761277767001147,0.0,0.009863229311067584,0.007269497693197149,0.017964059380167367,0.01710881011376224,0.011554927788049257,0.03716496178489246,0.02546453742705171,0.017948238287976055,0.0,0.008427488431560465,0.0057732981569594095,0.003541388053408681,0.016464538138263603,0.009003573351140349,0.01717128831519414,0.04104229370273192,0.003957147365919953,0.024492294262089532,0.0,0.0038774899153756416,0.010242935972746631,0.003957147365919953,0.0038774899153756416
76561199802479009,0.050504296060205796,0.0563321653467536,0.019901065292072292,0.09484473693911574,0.0,0.018295432342742255,0.03452607629467552,0.04342163006065806,0.04993100035753669,0.03870343668126904,0.0276628931708314,0.032547281931071724,0.0,0.05074791341312196,0.02396278132015561,0.028748057763146293,0.008629997938348117,0.014691610006677364,0.012282881210011252,0.0026644947891678573,0.07112806990982752,0.024003334946087553,0.009799259850207498,0.0026644947891678573,0.020674173950099496,0.0,0.010887900694066838,0.0,0.017636946481769653,0.018091634273947207,0.015875351186149467,0.012191827415755228,0.026925025102971865,0.005248977208334967,0.008966835952595991,0.010188961688612667,0.014624565232615154,0.0027942984126874282,0.041633981804317155,0.0,0.006060756392629093,0.04325160654839345,0.02350184221259186,0.0,0.0026581066169241428,0.0,0.0027942984126874282,0.0,0.0,0.0
76561199803381158,0.06320471540347918,0.053021999947576094,0.037113366243296836,0.0545993035249065,0.05125195510939335,0.02865264521090469,0.02945293904459228,0.029251379785232484,0.023736150828025722,0.025158431787301216,0.02365887188697656,0.025008486865416346,0.005865619740990778,0.014659968865139959,0.008350518153283179,0.008347154277390502,0.017171134253521875,0.025152234434534782,0.033227125906004136,0.003875014879300122,0.05186735248124645,0.008350518153283179,0.020730854711104394,0.005084455854883729,0.013325919251089977,0.026529230976683412,0.02912977041370644,0.017676170054091687,0.02126901120171817,0.013002128426920329,0.0038783787551928007,0.007719587442344183,0.014398279693581822,0.01808322040591138,0.015325251363022197,0.004472139398090378,0.005248734792427408,0.003875014879300122,0.02696810497893687,0.015500043392080345,0.010101786298225146,0.046383374418442855,0.014554642563402397,0.0,0.0038783787551928007,0.023755864287874576,0.0,0.004196068141844784,0.010061687882835561,0.003875014879300122
76561199807197342,0.06507499141243916,0.03637546439740521,0.03826342972356739,0.06301115428591621,0.030557944192117322,0.030352770312189366,0.05234696163278684,0.04586331294791074,0.022268572345750873,0.029268443313296783,0.0273023496662354,0.029077333491496445,0.0028963619605872027,0.022268572345750873,0.0500213612791862,0.05312146166811008,0.015138009464804971,0.011563046022134007,0.013746291435971704,0.007890948056712992,0.02511777479394526,0.019795941471409898,0.021664595238560694,0.0,0.01942534398114802,0.010112035084510244,0.014547037360830857,0.008724400749374597,0.022395586689865413,0.02676434095106562,0.010917954652645242,0.0076701400715556865,0.026162388672978657,0.0,0.00422041935623494,0.0,0.004022624542201231,0.023932400493247078,0.015988822089043904,0.020692601210496184,0.0,0.0,0.018024607786123043,0.010658607845829041,0.020414946510115238,0.0036995253542265777,0.005012210529826587,0.002435669947882925,0.004022624542201231,0.007168620120311957
76561199808319799,0.05774189965612079,0.0578681222544696,0.023275721475089085,0.06113170139650997,0.04478372020980068,0.01871112739860218,0.037837769600574944,0.019854574972638775,0.016251066095492754,0.051498916559772144,0.011912423957499751,0.022142378178526496,0.017993483165156123,0.014123971802756418,0.031503120044750886,0.021169184179419678,0.016561505479292814,0.015782380568026163,0.03090360082556143,0.023901913951378362,0.03902619154916494,0.01424836340823439,0.014141873436943855,0.016285815071585996,0.011944749455715772,0.024987921909170374,0.014537314834977924,0.016180934208575016,0.005402556378896381,0.019371444847934047,0.012582015635772029,0.015690605043492005,0.018667408327900196,0.0034902946741794056,0.012797857246329165,0.0,0.026155477606442507,0.011944749455715772,0.010029914281818157,0.00404224582842097,0.015690605043492005,0.026765474154855314,0.016214231764687077,0.016767319517895295,0.00817337679742501,0.0072510908171488425,0.004549448588282988,0.0,0.01811213834350536,0.0
76561199810023508,0.0,0.0,0.0,0.0,0.0,0.0,0.0,0.0,0.0,0.0,0.0,0.0,0.0,0.0,0.0,0.0,0.0,0.0,0.0,0.0,0.0,0.0,0.0,0.0,0.0,0.0,0.0,0.0,0.0,0.0,0.0,0.0,0.0,0.0,0.0,0.0,0.0,0.0,0.0,0.0,0.0,0.0,0.0,0.0,0.0,0.0,0.0,0.0,0.0,0.0
76561199811355494,0.0,0.0,0.0,0.0,0.0,0.0,0.0,0.0,0.0,0.0,0.0,0.0,0.0,0.0,0.0,0.0,0.0,0.0,0.0,0.0,0.0,0.0,0.0,0.0,0.0,0.0,0.0,0.0,0.0,0.0,0.0,0.0,0.0,0.0,0.0,0.0,0.0,0.0,0.0,0.0,0.0,0.0,0.0,0.0,0.0,0.0,0.0,0.0,0.0,0.0
76561199811370756,0.04594413265039856,0.07132480451012399,0.02670928045828378,0.054277375411949574,0.007124674220868511,0.026546593803473992,0.020033785138223976,0.0327524624091231,0.05446928197680507,0.05219486138931288,0.06591155935876243,0.029915904420783974,0.0,0.036473872182004936,0.013400231871358982,0.016402175238824434,0.03365957964690504,0.0,0.01536247620849692,0.0,0.06910870229785514,0.00981583942942649,0.01987988739882978,0.0036185646126124524,0.01273700130101036,0.0,0.005108288682336871,0.0035104820343174956,0.005108288682336871,0.007940709414788442,0.010017537298191827,0.0334324293823823,0.014096253319813193,0.00864592273846563,0.005108288682336871,0.0042416180418279196,0.02110523440917511,0.01581164488231349,0.02992640238663224,0.004404304696637709,0.02579936688523019,0.0245622611276988,0.01887459916109699,0.0,0.005783447548666929,0.0077477276500839765,0.009700386297843493,0.0,0.02141176074238927,0.0
76561199818269939,0.0583015383507842,0.051082455855963306,0.04067410851250805,0.05307668034966906,0.012977232151317427,0.032926332066831654,0.017891976264877638,0.057377529275764456,0.03532163564911845,0.027279011758851404,0.04594027510545029,0.024808889671529204,0.02134811260436845,0.03891211605964284,0.027602244590863505,0.0358385694053157,0.033758116326817605,0.0077913236598427665,0.00677735374658915,0.0,0.013831701409424623,0.025572119172719,0.02221016011040446,0.0,0.02128788112327302,0.017112047796436606,0.011128337349245577,0.00815944324192297,0.016472061686622474,0.014514264125975585,0.0239999161460823,0.004781731103020918,0.008626248548661002,0.005654212109639203,0.0036666159878745433,0.009986282228563906,0.007202229629477394,0.007208983215258849,0.021686887393376,0.007108545850464001,0.004781731103020918,0.04126937015053442,0.016409855748390045,0.02061170280358533,0.0033791879051988808,0.00722362393504874,0.011307724729058503,0.0038459117961466877,0.0037041089964570044,0.007571613198011927
76561199819516004,0.07107200236382578,0.03373475531198896,0.02367146799836727,0.0705888882410388,0.012785037434904957,0.010536234631415542,0.021334868354878758,0.02463200120604571,0.03546184589178325,0.058412372468159224,0.027468691873458403,0.028353443880464835,0.006547793839154206,0.041315592611758045,0.05396110008514063,0.03928783080874633,0.03618577167776731,0.014262640866775884,0.01180745650584079,0.009444338485005331,0.04783798283018394,0.015564153279197053,0.00691303046016822,0.0,0.021038571175997518,0.005622940778383112,0.018517656064701037,0.014613042070872724,0.011213392193416138,0.016601724517320907,0.01493282373223727,0.0106954012239241,0.014578711073697343,0.004143199342570949,0.007966422067808015,0.003902350718294818,0.020986565637824417,0.019601348981997817,0.01327564633200689,0.015437073904915272,0.007905105787545972,0.015315356978699235,0.013030156603659145,0.0019038205182319672,0.013251062286487706,0.0,0.016201010995327968,0.003326078185314017,0.011665099192543564,0.0030961385301528687
76561199820531118,0.058940252127229156,0.07977148461389211,0.004478804512399527,0.08941334814526711,0.004476490963237322,0.0,0.027301004221687224,0.0642170967577293,0.019511762835706114,0.0628931214145587,0.0260131134121709,0.05206981119314749,0.0,0.01624445361641278,0.029764085139373876,0.030215192026342468,0.031165576225874805,0.0,0.011831330385760038,0.0,0.05527942697688949,0.0,0.01417844555453578,0.0,0.017643031440361553,0.0,0.016958281453338775,0.026503461494039683,0.008225880958425158,0.017238427180921636,0.0,0.007119589064615218,0.018123195382518477,0.0,0.01988230696442781,0.0,0.004478804512399527,0.023187043726682368,0.06834584499715689,0.0,0.016163252863268664,0.040062922096221386,0.010453380221015376,0.0,0.0029379675834925005,0.006845621389316775,0.013578165206989063,0.0,0.0,0.004488023342595201
76561199828159495,0.048858251897278146,0.06213372781941911,0.015797044391777197,0.058665632768562403,0.025740888454611473,0.015522460714363556,0.056221987374658916,0.07258033592376409,0.019280375029647235,0.030859609348452142,0.010046645646584937,0.014033572631902245,0.0,0.044643221439299476,0.028212615819866713,0.02243138846149045,0.010875802335661456,0.02907705154590327,0.027598839672391916,0.01381694135872735,0.04775103191101675,0.013079881559036574,0.0021252226996448013,0.011088125563815554,0.03079254310796083,0.014326995401062595,0.019310889952943312,0.0027288157949117947,0.01864833739634313,0.02230480184675092,0.004163383262430579,0.021783801081013528,0.004992182550977918,0.014053813440718098,0.012171868346229736,0.004719108961831957,0.006156693373829499,0.014346565714151138,0.03198258684038205,0.0,0.020919713208697666,0.04664574105312364,0.004921242056115739,0.0,0.00700613987330061,0.004921242056115739,0.0,0.0006035930952669934,0.0034575954682084064,0.008601691749758195
76561199835282867,0.04814105602243221,0.04264914482562951,0.029226954812531795,0.04965224202784524,0.02649472184761926,0.03246751326501077,0.01845469934703153,0.02008926363035638,0.028558163616415784,0.030508075613781518,0.029083849170127667,0.02391299347979817,0.009944185670929096,0.02085709581106189,0.04390679730020119,0.03554979897383805,0.007491570192754106,0.0032706279853012958,0.042094929837853554,0.025508825722504343,0.024179401394037327,0.033370285067034884,0.017934563685407988,0.03435748248367414,0.016130577909828178,0.015241595190552322,0.007524836784558675,0.003733815448447926,0.0032706279853012958,0.02367739897252062,0.037491666045492575,0.01601795714387353,0.032632632007132484,0.007004443433749221,0.0032706279853012958,0.0,0.0031881845493739363,0.011291439242639818,0.008571910245652027,0.0,0.01310312311900647,0.012319332028548494,0.030488299153419694,0.02086127491152207,0.02625119502451765,0.003733815448447926,0.00799781855668644,0.0,0.015222559044948233,0.0032706279853012958
76561199835618401,0.013177464308640372,0.03798091199525365,0.016830506711443344,0.03398811405637672,0.057962945908018,0.014967940770046657,0.023346987658616813,0.05304463927790055,0.03741471687226596,0.006195056987021798,0.01393714509691258,0.01503428564666796,0.03003066289023985,0.03386590668131192,0.01756548970755487,0.018816585721563115,0.016290559539610797,0.00696411659773731,0.003930600236060589,0.02580677581927039,0.04052895565241188,0.02005036083563042,0.011732612967616001,0.010796725224040179,0.03495904394338882,0.02644314823017305,0.007631743955337966,0.019164428340839337,0.02960226983949695,0.005746640932025616,0.0028361802931460597,0.027141112090775757,0.008016835945405093,0.0034164714319870277,0.029721930310679802,0.008614257628881046,0.004045060088227801,0.015220898099426687,0.004013893115462981,0.0,0.06148569455411865,0.0434851303106625,0.006366694914261357,0.010584844938701357,0.0,0.0,0.018795131682209185,0.0,0.03243335504765911,0.040015167144922044
76561199836896572,0.04515667154569632,0.060670033500030515,0.0,0.09015368774964144,0.0,0.004797960890064436,0.024430953698088505,0.039917658147675776,0.08556240228522241,0.019892768559502564,0.04067857362797056,0.0,0.0,0.08068691483502848,0.004811163520509781,0.040081842309711714,0.025513780534875574,0.0,0.01499054860962718,0.0,0.07622201419682995,0.03533039224457546,0.015342094961851604,0.0,0.014543113649163976,0.0,0.005097377132897729,0.0,0.005097377132897729,0.01932728872642128,0.040447863730358476,0.04564848525380191,0.004811163520509781,0.0,0.005097377132897729,0.0,0.004926549978041949,0.029961284496461967,0.004798093973562828,0.005082193495014243,0.03587399675506264,0.02465416018162124,0.014678732445472478,0.0,0.0,0.0,0.010006185266672156,0.0,0.02570929591223961,0.0
76561199870547222,0.0829218983231476,0.056158852904437825,0.03573548841006737,0.030933242998005348,0.011190753767508086,0.05090192361946481,0.02043616400873647,0.028345766189753062,0.0073368710561229926,0.043429419079222015,0.03773721098496122,0.032937567400504325,0.05016304023073657,0.00900072363665233,0.01057830891070546,0.0037435812011650605,0.01610066796416941,0.0061464552252000326,0.025298855352641203,0.013754932930347142,0.01128464479535655,0.009134763525865092,0.03711636991717388,0.03774897830939799,0.005262383074755219,0.0,0.006101576408720403,0.0,0.03024596420504767,0.00710576626062567,0.013353484139676847,0.009040320210006371,0.012537350342651321,0.03342217620316382,0.0057369785671970135,0.0,0.019917175322497208,0.007028612901936788,0.0,0.020086711061684595,0.026209553656986462,0.03031786504954524,0.029543960149462714,0.04210223944845219,0.0,0.006303093028583036,0.0037435812011650605,0.0,0.023804728026500552,0.0
76561199872409865,0.06653796112256274,0.08741940522717713,0.05457587753155993,0.037617833836867,0.013980681246318575,0.03670389700376222,0.022439397438511432,0.04772143283432937,0.03485806641368724,0.037102047648738486,0.04234839034502363,0.015897079649311245,0.010760555031584084,0.040776521562028746,0.0184199474252592,0.05118527846995623,0.007398247042841342,0.006157198454190831,0.017000533135142652,0.00758766705787316,0.027267214583114967,0.02049501777918283,0.010760555031584084,0.018953656184384854,0.023181242968804402,0.014106967879424125,0.00913801728122965,0.0,0.003994158881553068,0.006315637231080262,0.01879793386997612,0.011900547024592818,0.0,0.0,0.004606848230834339,0.0,0.02380678706912793,0.03834288326976844,0.0,0.010151357335743898,0.011900547024592818,0.0024578052898767133,0.010686209892966968,0.02544822125116246,0.010716895588132345,0.009296456058119082,0.013540623142948056,0.0,0.004209498038805409,0.013436900616269173
76561199873886387,0.043840403011608305,0.04508579723245661,0.034624424196738696,0.05508351183921794,0.02446756053688474,0.040373730156106305,0.025126045774179723,0.04615697859707771,0.04154341799938798,0.02359698006325447,0.03839259971122192,0.018054383620360208,0.014378225351562388,0.03104348033048653,0.022235845356922152,0.04063364024605445,0.023439999176042402,0.010868623259490055,0.028116815480434616,0.021629876834331725,0.028610482406896634,0.022735183734669217,0.008072456120964706,0.011636898722096991,0.024219466598904085,0.01985881944374375,0.007698752043516831,0.016086281350429783,0.0,0.013582166628678984,0.03207483306853065,0.022661921808056915,0.004207601590528107,0.017379327267191904,0.0,0.0019685445607129756,0.02819001254112863,0.014288817567049075,0.007698752043516831,0.006737315508007162,0.026827568993423256,0.023697749969296446,0.006540349735551473,0.010355631576843376,0.009692314560591244,0.0,0.004360647155160336,0.0,0.0021257662306915126,0.0
76561199875437136,0.05980213291428907,0.029804872542570107,0.04884956522673873,0.041320810411226545,0.048818808630471354,0.06965860320323052,0.019041847573865227,0.023966688966373564,0.014363893524725167,0.045393140340399984,0.006675553734879533,0.025802169889743532,0.021541975929260705,0.02077894473018228,0.03641565731282596,0.024719644533606314,0.01084675278779048,0.007088639717109122,0.0539849445397394,0.02959148425423582,0.004830360081754993,0.021809610856096357,0.014584168131937072,0.05017932019703594,0.007281286146100044,0.02300782825321146,0.0020875455399007115,0.014177121729959791,0.011021082679868233,0.0050092794317881184,0.008319896092968702,0.019119204426681413,0.01647997904490042,0.015498870004927588,0.007400210775020389,0.0,0.014160830430031185,0.013418747890138775,0.006701907135178926,0.007400210775020389,0.009280335133673856,0.004830360081754993,0.017392360923934133,0.01828335436462604,0.016906547278725797,0.01395105129551751,0.007281286146100044,0.0015415610887090036,0.007100091800041545,0.002479461501133125
76561199875754390,0.0661617688541857,0.01649747251220118,0.024307789574778013,0.0785498982590112,0.025787724399887635,0.023444543467502438,0.03222449979174603,0.025692354679767812,0.06752437994821554,0.022839203632624924,0.013913428071096653,0.022540096405342255,0.0004364196206422594,0.04945345717088551,0.05994917015255131,0.0322801648853795,0.004788561333609596,0.00501020727210201,0.026427597846054224,0.010895018098333023,0.022378086812618103,0.026372957256666545,0.007708395544842296,0.0025850631975222202,0.015553506171884538,0.017235675361444793,0.0005577471768813347,0.006337972574345044,0.0,0.044778501706463955,0.01403634375777349,0.03512414301995381,0.025825103334123974,0.0025850631975222202,0.006337972574345044,0.004788561333609596,0.010781169108484773,0.026325853180877372,0.0188101866543118,0.00998418317901264,0.011696598941069123,0.016857325052631426,0.009176839071659747,0.0004364196206422594,0.021267702291303696,0.0,0.00472149946087527,0.010205829117505056,0.018807545325713198,0.0
76561199879374518,0.07173103584272088,0.058434591485850416,0.05354334300034187,0.033203715517913235,0.017869315294890133,0.06504910140148198,0.021833997380248122,0.021325079658430546,0.019971088052688452,0.04047166246355698,0.05450041928332752,0.005407947044050259,0.02371913903607938,0.019971088052688452,0.019672825346900954,0.017299448419030552,0.022217490299700077,0.02414909391354083,0.03508110872380967,0.004134687872061373,0.017857425226318877,0.030765605375529637,0.027239034998332204,0.0,0.010507332702342997,0.0,0.015029220657261859,0.004066820953805769,0.004134687872061373,0.022295782308599934,0.028290818757120726,0.011444493076362298,0.0,0.003334933295638186,0.004134687872061373,0.02517854359629207,0.020663619457726705,0.013232627465224784,0.0,0.019291384496955985,0.011444493076362298,0.007350092523975881,0.010524100242404227,0.030645941572071164,0.021868822582185005,0.0,0.013232627465224784,0.013746038464768665,0.0,0.004134687872061373
76561199882387137,0.03609613930424802,0.04164942527114532,0.06966879160757365,0.018755294131606516,0.020140658664690565,0.045423500645280716,0.00962516882213642,0.014425280812448586,0.018755294131606516,0.01517109075695074,0.04238145649849188,0.016533194583882447,0.039277766212329625,0.018755294131606516,0.005072465155452277,0.010250820149479003,0.015282585098969634,0.004827435414387494,0.015376802723544764,0.03465352358341385,0.03759829953089125,0.033587297638408134,0.011938880473369773,0.07030114077569291,0.009888605452988102,0.009063195040093893,0.004465220717896594,0.021177938344750315,0.004465220717896594,0.0,0.056215509458554816,0.005072465155452277,0.03397618415578397,0.034873853355463995,0.012209579017542037,0.0,0.015282585098969634,0.0054233847350915075,0.0043853113687371366,0.004920270607471739,0.018596474449480208,0.0,0.028758719830865063,0.028522037380878402,0.022036118727882578,0.009063195040093893,0.0054233847350915075,0.0045549957971016426,0.01161292397641071,0.004465220717896594
