steamid,avg_playtime_hours,avg_price,avg_rating_by_reviews,avg_metacritic,pct_has_metacritic,avg_total_reviews,avg_log_total_reviews,avg_recommendations,new_release_preference
76561197960612825,66.18666666666667,36517.333333333336,87.58733333333333,84.0,0.5,327183.36666666664,11.59681010128525,237357.4333333333,0.10751913779210313
76561197961222873,146.464,32643.966666666667,89.67266666666666,85.28571428571429,0.7,737173.9333333333,12.39657690524492,494467.6,0.028325504333260507
76561197961774441,217.21866666666665,35980.666666666664,86.40433333333334,86.45,0.6666666666666666,876045.0333333333,12.423324009253308,531373.05,0.0784278821955142
76561197964052205,492.23966666666666,28911.399666666668,83.03933333333333,85.83333333333333,0.4,682945.2833333333,12.442495735119476,452875.01666666666,0.0681090986165953
76561197964909627,510.2243333333333,17776.216333333334,86.861,83.82352941176471,0.5666666666666667,195485.61666666667,10.643142377076227,143430.56666666668,0.014302858938519201
76561197970412468,143.45266666666666,22675.33333333333,85.99766666666666,86.0952380952381,0.7,773169.55,12.346398216365891,395083.3333333333,0.029714795588788867
76561197970935355,244.64466666666667,42845.66666666666,85.17399999999999,84.36363636363636,0.7333333333333333,335668.5333333333,12.234814194854776,215545.46666666667,0.2030564056168538
76561197975515451,223.192,34926.666666666664,88.01933333333334,86.25,0.6666666666666666,499012.6,12.533705206549774,388849.1666666667,0.0730760959174164
76561197976062269,187.663,26141.0,83.27566666666667,84.66666666666667,0.8,318368.1,11.208970541441053,154442.7,0.0426899992717442
76561197979876290,112.17,37660.5,88.08366666666667,83.86363636363636,0.7333333333333333,152810.61666666667,11.066730860601348,124837.38333333332,0.09880538468396186
76561197984511411,245.01766666666663,21080.0,86.812,84.63157894736842,0.6333333333333333,1011797.0666666668,13.036723098823105,594758.0666666667,0.013302442136825509
76561197986853412,178.67233333333334,36751.333,85.15566666666668,86.06666666666666,0.5,406232.9,12.019346464293402,288349.06666666665,0.16697045056406792
76561197989427343,100.624,17181.666666666668,86.39066666666666,84.82352941176471,0.5666666666666667,753369.2166666667,11.335976707781532,408800.5,0.010683335983463188
76561197990751243,119.64,25639.33333333333,88.85933333333334,85.5,0.8,216258.15,10.501892467020925,135773.66666666666,0.0
76561197991266305,123.08533333333334,27412.333,79.251,85.45454545454545,0.3666666666666666,948026.3333333334,12.63938024815008,540593.6666666666,0.18254815087635676
76561197992664926,283.6213333333333,24502.5,84.13633333333334,85.56521739130434,0.7666666666666667,451977.4666666667,12.014967362375302,298217.6,0.026147539442261045
76561197994874800,172.683,24466.666666666668,85.441,85.7,0.6666666666666666,788352.3166666667,11.622562563398866,433568.9,0.012166802754179624
76561197995444569,209.6003333333333,27938.666666666668,89.39866666666667,85.77777777777777,0.9,227419.4,11.274966668305987,176904.28333333333,0.03490293431467189
76561197995730646,160.54666666666665,20102.849666666665,89.82833333333333,80.70833333333333,0.8,432963.31666666665,10.756043512102533,258178.01666666663,0.0
76561197996331680,446.132,26596.666666666668,85.41766666666668,85.17391304347827,0.7666666666666667,605261.9,12.46861178949054,296803.7,0.020524568214489582
76561198000672368,327.68,46622.66666666666,84.852,87.38888888888889,0.6,213461.63333333333,11.12165410725502,178001.03333333333,0.16515299479166667
76561198001075422,62.43333333333333,30640.333166666667,86.48766666666667,82.4,0.6666666666666666,660673.5833333334,11.907942186386787,409684.85,0.2259743726641751
76561198001198569,136.44633333333334,21521.966666666667,81.97966666666666,76.8,0.5,480911.7833333333,11.413971921850122,283884.36666666664,0.09601577176863188
76561198003022602,379.27166666666665,25963.666666666668,90.97533333333334,84.84615384615384,0.8666666666666667,136325.96666666667,10.922979757671072,103027.73333333334,0.0
76561198006572540,312.8283333333333,28354.33333333333,83.062,84.21428571428571,0.4666666666666667,292960.56666666665,11.683966978932313,204078.56666666668,0.06373250504802953
76561198006847070,281.19733333333335,27810.325,84.503,85.18181818181819,0.3666666666666666,755564.6,12.092308488848158,413697.76666666666,0.033466415044239396
76561198007100949,274.224,35343.0,85.71833333333333,86.15789473684211,0.6333333333333333,369066.2333333333,12.349710032202896,278157.76666666666,0.09342484003345199
76561198008475336,32.962,22053.0,83.809,87.25,0.2666666666666666,224832.88333333333,9.914768137632056,160860.81666666668,0.08608903181441255
76561198008608067,214.617,28802.166666666668,87.73533333333333,81.75,0.6666666666666666,162211.53333333333,10.829971048870242,132021.7,0.2243143211705814
76561198008886047,124.18133333333334,23636.666666666668,85.11933333333333,83.23529411764706,0.5666666666666667,747369.4333333333,12.381510623196569,394251.3666666666,0.026493514859989693
76561198009000791,531.9433333333334,25321.166666666668,80.72166666666666,79.38461538461539,0.4333333333333333,433220.76666666666,9.792115814090632,238220.4833333333,0.0
76561198010613920,132.72533333333334,30960.83333333333,86.85416666666667,86.8,0.6666666666666666,378279.56666666665,11.773670028361863,226103.5833333333,0.07687304106726672
76561198011617878,160.551,33424.63333333333,86.09333333333333,82.7,0.6666666666666666,336084.7,11.925811730363003,186574.4,0.10871311919576958
76561198014439859,99.679,13821.333333333334,86.13033333333333,89.2,0.1666666666666666,178217.96666666667,7.59903969577233,37742.73333333333,0.023348281316358844
76561198014489715,268.60366666666664,25208.33333333333,86.42633333333333,86.53846153846153,0.4333333333333333,258496.76666666663,10.640352953153826,189894.96666666667,0.060442212876220355
76561198014916777,141.20200000000003,23826.33333333333,91.60033333333334,86.42105263157895,0.6333333333333333,182745.81666666668,11.063268334512587,152638.18333333332,0.0
76561198015886343,245.96066666666667,20183.666666666668,86.611,84.5,0.6,507480.26666666666,11.709442482127706,227727.7333333333,0.016953930303219213
76561198016615227,466.36466666666666,33904.666666666664,81.97366666666667,81.6,0.5,344908.36666666664,11.035897835725848,225200.55,0.023124250407763877
76561198017488621,232.1433333333333,22810.58283333333,88.097,83.3157894736842,0.6333333333333333,363358.3,11.91370168407968,258135.13333333333,0.020978418505808193
76561198021181507,381.0413333333333,24951.83333333333,86.71866666666666,83.8695652173913,0.7666666666666667,414893.43333333335,12.22591590359675,301239.13333333336,0.0
76561198021642939,169.714,34873.666666666664,85.88466666666666,84.0,0.5666666666666667,525468.7166666667,12.224422219659704,336677.38333333336,0.10052205475093393
76561198022647651,104.785,26048.33333333333,86.41766666666668,82.16666666666667,0.4,599518.4333333333,11.48354317983146,380642.6,0.0
76561198023629256,114.27766666666666,23596.33333333333,88.77733333333335,83.72727272727273,0.3666666666666666,728797.35,12.029227760015756,490892.93333333335,0.026677711888878845
76561198024043746,352.372,28360.33333333333,83.97966666666666,86.0,0.6,353569.48333333334,12.000966361388048,276152.48333333334,0.015156330998679426
76561198025419566,166.08266666666665,14246.583,90.94466666666668,81.45454545454545,0.3666666666666666,201478.3,10.072619004554522,161149.36666666667,0.0
76561198025420677,159.007,16493.333333333332,83.1845,80.6923076923077,0.4333333333333333,556476.7,11.878751438307308,288402.35,0.10718605679833802
76561198025710872,98.88366666666668,34803.916333333334,89.09266666666667,85.375,0.5333333333333333,216497.9333333333,11.63657227101201,174477.55,0.09254983128322507
76561198026512221,339.258,27698.33333333333,83.583,79.94444444444444,0.6,390890.9666666667,11.380490766452091,316931.43333333335,0.14087017353557862
76561198027570687,311.21566666666666,21497.666666666668,84.65333333333334,81.93333333333334,0.5,932008.0333333332,12.880745732154606,522690.1666666667,0.0763725476545204
76561198028531972,370.514,27478.666666666668,89.79733333333334,84.11111111111111,0.9,223176.4333333333,11.945960721227133,144644.36666666667,0.010222735623125352
76561198028843852,73.61633333333333,34721.333333333336,78.78966666666666,85.7,0.3333333333333333,393518.0,11.496677063134197,280595.76666666666,0.06608587768113054
76561198030076768,248.61533333333333,23204.866,91.14066666666666,88.22222222222223,0.6,687278.1,11.75719234462564,399723.8666666666,0.08976786092571389
76561198030700598,309.48266666666666,24520.0,84.19566666666667,81.05555555555556,0.6,828140.9666666667,12.66460026838708,391559.8,0.01941950437719722
76561198033159937,967.3113333333332,23886.666666666668,81.89666666666668,84.07142857142857,0.4666666666666667,787928.6166666667,12.328866695732788,509133.3333333333,0.037715537293405016
76561198033904301,112.539,28537.549666666662,89.57466666666666,84.3157894736842,0.6333333333333333,364462.6666666667,11.841425907171988,294326.9666666667,0.04925107444234147
76561198035576206,163.75966666666667,28062.249666666667,87.00633333333333,82.95454545454545,0.7333333333333333,123156.8,10.65950735251189,92570.6,0.014889706256526334
76561198035678145,87.866,19536.666666666668,90.96,86.6842105263158,0.6333333333333333,222168.63333333333,11.109761191628738,158465.2,0.021396216966744815
76561198037116274,316.53633333333335,29337.33333333333,86.609,81.94736842105263,0.6333333333333333,745704.5666666667,12.376846937848594,484949.63333333336,0.011118260252377558
76561198038492608,42.25666666666667,24383.5,88.82633333333334,81.875,0.8,111131.2,10.89196828806499,79488.85,0.012676500749388656
76561198038973945,36.51766666666666,11651.3,87.30833333333334,84.28571428571429,0.2333333333333333,628813.4,11.347309713106684,415107.8,0.020793588491415115
76561198040275236,137.59966666666665,30620.460166666664,88.60666666666665,84.81818181818181,0.7333333333333333,710712.8833333333,12.05892212294748,485413.06666666665,0.08319545347735824
76561198042424940,263.13733333333334,26169.33333333333,87.17699999999999,85.0,0.5666666666666667,245621.9833333333,11.701705019462214,180070.11666666667,0.08985928767234347
76561198042752440,212.65766666666664,20996.666666666668,91.162,84.93333333333334,0.5,355378.56666666665,11.784852076535852,244192.13333333333,0.2351008585002814
76561198043309202,41.73866666666667,17078.333333333332,82.508,85.18181818181819,0.3666666666666666,144185.6,9.673230202488153,108992.08333333331,0.3317068106312292
76561198044169133,245.21966666666668,29399.666666666668,85.55966666666667,80.23529411764706,0.5666666666666667,736627.4333333333,11.806014244948456,502849.56666666665,0.049136896306576826
76561198044695535,480.447,26577.333,75.703,80.15384615384616,0.4333333333333333,281393.61666666664,11.02927883459345,134127.11666666667,0.013116951505577098
76561198046112241,637.3906666666666,33461.666666666664,86.00133333333333,84.23529411764706,0.5666666666666667,273210.4,11.959998542519,162285.78333333333,0.020497110092606734
76561198046544865,42.54533333333333,30245.333166666667,86.84366666666666,84.36842105263158,0.6333333333333333,195282.01666666663,11.52554259426483,127403.15,0.41031527155348024
76561198047089807,1120.4596666666666,26000.0,80.661,86.53846153846153,0.4333333333333333,760448.1333333333,11.40349043572846,431838.2333333333,0.04168319014309306
76561198047882234,489.72100000000006,27539.749666666667,85.20833333333333,81.95,0.6666666666666666,325056.43333333335,11.683140407447002,264381.1666666667,0.022041802032858167
76561198048967211,203.997,28056.83333333333,84.33833333333334,82.47619047619048,0.7,661782.3,12.406302771647198,408415.81666666665,0.017121166814544658
76561198049192663,236.326,10996.3,82.56466666666667,86.77777777777777,0.3,657112.1,11.630282704329062,378637.3,0.08326492500472513
76561198050935092,568.899,25096.583,87.48433333333334,81.0,0.7,371160.3333333333,12.105593483835747,242857.53333333333,0.0
76561198051250642,360.96566666666666,18836.666666666668,84.348,83.78947368421052,0.6333333333333333,795037.45,10.971411354020123,398156.1666666667,0.0
76561198051389016,41.15733333333333,18137.666666666668,77.75500000000001,80.64285714285714,0.4666666666666667,395220.76666666666,9.616165053702115,224686.06666666668,0.031181158481275107
76561198052549305,406.1846666666667,29639.0,84.98783333333334,83.22222222222223,0.6,74263.98333333334,10.323289823175209,57033.7,0.16506285318500452
76561198055682730,820.1506666666667,28228.666666666668,85.511,82.95652173913044,0.7666666666666667,444962.15,12.144163677456596,293798.3,0.0
76561198055895597,326.80333333333334,15543.7,88.68733333333333,79.33333333333333,0.3,96614.95,9.284613977758442,82045.23333333334,0.0
76561198056078990,246.3763333333333,40584.16666666666,81.333,82.41176470588235,0.5666666666666667,345458.7166666667,12.184899871480074,273537.2833333333,0.07253672904188578
76561198058903842,127.33266666666668,24299.0,82.82633333333334,87.28571428571429,0.4666666666666667,773269.0666666667,11.792747569423147,430971.2833333333,0.08665490395237671
76561198059495299,211.9953333333333,44125.0,87.11866666666667,87.77777777777777,0.6,253383.7333333333,11.45774893341595,197196.9,0.37570009402722704
76561198060883629,114.65366666666668,23459.0,82.651,84.93333333333334,0.5,86799.31666666667,9.98808915981894,63329.66666666666,0.0
76561198061178161,150.12833333333336,23630.33333333333,91.152,85.71428571428571,0.7,539847.9833333333,10.856081640148568,321367.13333333336,0.007819976242548042
76561198062256620,522.9696666666666,25329.666666666668,79.85666666666665,87.73333333333333,0.5,940896.0666666668,12.511288968501294,531682.8666666667,0.04263472260022729
76561198063490669,284.158,25142.0,82.89616666666667,78.80952380952381,0.7,208851.06666666668,10.840770497965597,142646.16666666666,0.05218340969929875
76561198064339088,43.49766666666667,20112.0,88.034,76.65217391304348,0.7666666666666667,60286.66666666666,9.521274681652391,28220.93333333333,0.0
76561198065931138,62.940666666666665,20244.83333333333,81.36183333333334,73.75,0.2666666666666666,148067.98333333334,10.681069523820035,106454.56666666668,0.0
76561198066122279,249.785,32328.666666666668,83.83866666666667,79.36363636363636,0.3666666666666666,291293.45,11.66273082458624,214734.53333333333,0.023909895843758966
76561198067067279,371.985,35178.666666666664,85.14866666666667,82.61904761904762,0.7,319008.2,11.888680720019703,238510.6,0.07028419604733166
76561198067362761,297.7286666666667,35382.0,87.48933333333333,85.44444444444444,0.6,831366.0333333333,12.413139945545009,493645.5,0.009468352616364339
76561198069077998,58.25366666666667,34927.0,89.247,82.76190476190476,0.7,724398.2333333333,12.294792083221738,400285.1166666666,0.04075279953765428
76561198070374664,182.93466666666663,21593.33333333333,80.21566666666668,83.75,0.4,774676.2,12.46354384528111,493329.4666666667,0.096646525899957
76561198070384606,70.02733333333335,16899.633333333335,93.85033333333332,86.82352941176471,0.5666666666666667,683850.8,11.882131267216373,462155.95,0.02758446701764073
76561198070394564,576.4493333333334,33336.666666666664,87.53433333333334,82.79166666666667,0.8,218139.2333333333,11.304172044559284,169804.81666666668,0.026548733973728828
76561198070426327,372.7,15333.2665,83.52,83.27272727272727,0.3666666666666666,937673.95,12.61261870351492,459491.8,0.07649226366156874
76561198070463763,241.5883333333333,17455.333,78.50366666666667,82.125,0.5333333333333333,614587.4,10.837947202336617,271686.5,0.00012831745462322272
76561198071154203,139.39866666666666,14604.839666666669,85.74716666666667,81.4,0.1666666666666666,449429.9833333333,9.610348823015178,274423.85,0.11134970205358252
76561198071193898,535.616,23074.666666666668,82.70766666666667,84.33333333333333,0.5,404844.4,12.218963776177317,228670.2333333333,0.02187574680368025
76561198072888615,1003.227,10771.666666666666,81.55033333333333,84.71428571428571,0.2333333333333333,590789.0666666667,10.208334644690447,304860.95,0.47431438747162913
76561198073067799,321.603,29897.33333333333,79.105,84.54545454545455,0.3666666666666666,753919.7333333333,12.509831865222116,455958.5333333333,0.08512669346989923
76561198073458595,131.83466666666666,18211.766666666663,88.72966666666666,83.2,0.6666666666666666,255336.3333333333,11.404677215654248,192018.38333333333,0.14564960152109713
76561198074367777,183.95766666666665,17926.333333333332,84.139,78.88,0.8333333333333334,702911.1666666666,11.626804154337664,360701.4166666667,0.01810561487878552
76561198075247829,534.189,26666.33333333333,82.891,82.58823529411765,0.5666666666666667,793291.6833333333,12.52707189288859,436598.8333333333,0.05837946244993189
76561198075601306,493.675,19608.0,85.85633333333334,87.44444444444444,0.6,762400.6,11.596827295347762,457586.9,0.0
76561198076111958,365.9986666666666,24460.0,83.74366666666667,83.6,0.6666666666666666,967724.9,12.779625198841872,560501.0333333333,0.0
76561198076319546,306.6393333333333,23181.0,85.597,81.5625,0.5333333333333333,780380.85,12.497917349705952,480523.6,0.0
76561198078014024,460.4796666666667,22954.0,79.77266666666667,85.85714285714286,0.4666666666666667,743492.5666666667,11.738722341023587,388364.93333333335,0.10690157147727841
76561198078169237,309.81,24023.33333333333,91.25833333333334,84.3076923076923,0.8666666666666667,720745.3833333333,12.368950467194344,443511.63333333336,0.019473225525321974
76561198078272251,529.5286666666666,31571.33333333333,86.27333333333333,86.8695652173913,0.7666666666666667,456718.81666666665,12.074363562074163,288299.5333333333,0.012863011508347675
76561198078817922,417.937,21901.333,80.35833333333333,83.44444444444444,0.3,876809.5666666667,12.543709506707469,522715.25,0.09004148153110796
76561198078883021,101.29166666666669,31188.3,88.02933333333334,87.06666666666666,0.5,321043.4166666667,11.68117889010892,244541.11666666667,0.31597202797202795
76561198078942414,345.9233333333333,19376.666666666668,88.99366666666667,81.0,0.5,716509.1666666666,12.065298716444532,425870.6,0.015700010599651176
76561198079488752,352.87833333333333,30648.33333333333,86.982,87.0,0.6333333333333333,928813.8833333332,13.09441632267308,610629.0666666667,0.03739249127414076
76561198079917174,166.5006666666667,16172.333333333334,81.143,82.6,0.3333333333333333,696423.8833333333,11.168725165404885,360942.3,0.038672517827756436
76561198080978566,322.9013333333333,27022.833,87.78716666666666,82.29411764705883,0.5666666666666667,537848.4,10.87882512082829,309058.85,0.007875470732029599
76561198082199261,597.5546666666667,25111.7,87.71533333333333,85.05555555555556,0.6,802186.5833333334,12.38081791028358,464975.05,0.0023043916762985144
76561198083275991,63.981,23036.0,90.24633333333333,87.26666666666667,0.5,454566.6666666667,12.448378496669026,326756.23333333334,0.3128220357085176
76561198086810047,312.655,25118.0,88.08066666666667,84.92857142857143,0.4666666666666667,411078.65,11.238089309063506,325107.48333333334,0.23678069011103828
76561198087883574,173.25,26952.5,85.902,80.43478260869566,0.7666666666666667,187081.26666666663,10.621779130327736,142672.33333333334,0.03737950937950938
76561198087896550,89.58099999999999,27588.666666666668,89.58066666666667,85.5625,0.5333333333333333,800926.2666666667,12.60295437277444,511009.2333333333,0.03115988137365439
76561198088724831,68.35666666666665,30731.666666666668,88.35716666666667,83.5,0.6,122962.93333333332,10.60977097115672,101110.58333333331,0.5749012532306043
76561198089859684,139.47299999999998,33349.333333333336,85.4355,84.71428571428571,0.4666666666666667,308184.56666666665,11.535207549376317,227817.95,0.08471412627055655
76561198091122227,178.18766666666667,38983.333333333336,86.94766666666666,85.8,0.6666666666666666,762301.1,12.22927127789791,532824.6833333333,0.08002611478908941
76561198091140590,97.19733333333332,32592.666666666668,90.86266666666668,86.08695652173913,0.7666666666666667,233466.06666666668,11.510082879617633,180181.81666666668,0.15235328815605367
76561198091232355,56.442,34062.3095,89.42433333333334,87.0625,0.5333333333333333,205606.65,11.09730095191492,149652.7,0.44853714137226414
76561198092225547,120.76433333333333,31151.33333333333,88.23366666666666,86.875,0.5333333333333333,211564.41666666663,11.148054763300957,168516.76666666666,0.2331648693184798
76561198092251510,521.431,18399.0,80.53166666666667,82.18181818181819,0.3666666666666666,773213.7666666667,12.484487083059332,389705.26666666666,0.04287368159289851
76561198092612698,560.5640000000001,24439.666666666668,83.38033333333333,84.13333333333334,0.5,164109.11666666667,10.812330191473162,111638.41666666669,0.03237572635179331
76561198092647624,207.6743333333333,15918.666333333333,91.01633333333332,82.06666666666666,0.5,246371.55,11.360663541964437,203332.25,0.05509106405381504
76561198093260511,142.42433333333332,30968.249666666667,88.96233333333333,84.05,0.6666666666666666,221414.15,11.11169814467536,185594.11666666667,0.0821956922155156
76561198093336856,443.448,26425.0,81.73466666666667,83.05555555555556,0.6,708961.95,12.214533200769012,429577.95,0.018549337614932677
76561198095755900,113.507,26269.83333333333,87.489,86.57142857142857,0.7,427296.8333333333,11.726570784567366,254456.9,0.02156107846505795
76561198099004296,255.76666666666668,21318.43333333333,85.812,84.0,0.5666666666666667,775812.4,12.46447019212352,495325.4,0.015502411051739868
76561198099250072,274.87466666666666,21435.3,86.97466666666666,84.8,0.5,754752.0666666667,12.307987818977978,520437.9666666667,0.062052523331845785
76561198099562777,372.4136666666666,31332.33333333333,83.485,85.05555555555556,0.6,477584.56666666665,12.384696846255236,307559.9666666667,0.034567295686427545
76561198099985988,177.268,24742.0,84.235,81.8125,0.5333333333333333,691477.5,11.861055144401478,447652.56666666665,0.0
76561198100098775,138.862,38015.0,83.82433333333333,86.88888888888889,0.6,412270.9,11.882995719838307,252124.9,0.039379623895186115
76561198103186740,1297.1293333333333,27433.33333333333,84.19166666666666,79.55555555555556,0.6,216798.4833333333,11.135784770062584,167723.0,0.03853046779195495
76561198103234257,72.06033333333333,25330.1,89.59533333333334,83.75,0.5333333333333333,243212.95,11.4151085383723,199022.3333333333,0.15841817736063762
76561198103942045,66.913,14005.333333333334,87.975,82.11764705882354,0.5666666666666667,484199.6,11.300573589427405,263885.98333333334,0.013390522021131916
76561198104612711,160.90566666666666,26789.91633333333,81.47600000000001,80.8125,0.5333333333333333,860999.6,12.503446803080005,505332.63333333336,0.06938848227843643
76561198105432969,242.33733333333333,25368.666666666668,85.01166666666667,82.44444444444444,0.6,674677.35,11.526003344467636,378541.68333333335,0.0
76561198107189063,142.92333333333332,20259.0,88.35233333333333,88.17647058823529,0.5666666666666667,782439.7666666667,12.33271498153171,403222.5,0.021160528954917556
76561198107786111,520.2243333333333,24697.966666666667,86.75133333333333,85.05882352941177,0.5666666666666667,402168.9,12.3154152109946,248719.3333333333,0.1503409106199697
76561198112849349,136.39133333333334,22388.999666666667,86.83533333333334,85.6,0.6666666666666666,285483.2,11.833850471536165,235901.88333333333,0.01698543895750952
76561198114540370,209.62866666666665,37909.333333333336,81.44033333333333,86.05555555555556,0.6,291450.93333333335,11.596444662094267,231290.35,0.10705119846840287
76561198115422851,422.6646666666667,18350.0,84.00866666666667,81.3,0.3333333333333333,689325.8166666667,11.95189978726894,348615.76666666666,0.05315876889007361
76561198117435171,250.7153333333333,24507.966666666667,84.51166666666667,82.23529411764706,0.5666666666666667,945989.9166666666,12.767545985808784,606678.9333333333,0.028986393599115066
76561198117724596,153.91266666666667,23754.3,89.93733333333333,87.18181818181819,0.7333333333333333,398375.43333333335,12.43144302725372,293589.2,0.10293283203894849
76561198117983678,274.8496666666667,28848.666666666668,89.96666666666667,85.4,0.6666666666666666,822408.0666666667,12.514607552606314,468533.9833333333,0.012656615919733091
76561198119156573,157.28366666666668,17900.0,82.87566666666666,83.27777777777777,0.6,973244.0833333334,12.455777566349552,584974.3,0.0330973124990728
76561198121971834,373.8976666666667,34975.1,86.86633333333334,84.41176470588235,0.5666666666666667,444080.05,12.44604937323336,344445.85,0.012784246669989025
76561198122264375,251.299,27697.0,85.94366666666666,86.4,0.6666666666666666,734414.3,12.242114321708195,472546.4166666667,0.025043208820303038
76561198122741582,71.583,8498.0,81.66266666666667,81.83333333333333,0.4,678563.9,11.861209048989,345499.45,0.012745111735095392
76561198122844648,285.6256666666667,26827.333166666667,86.11833333333334,81.93333333333334,0.5,374680.76666666666,12.105288258757238,271912.26666666666,0.015191211807528967
76561198123084475,340.747,25647.766666666663,85.606,83.85714285714286,0.4666666666666667,679209.5,12.14755063649646,412091.95,0.01549536753074862
76561198123843456,204.2323333333333,35410.0,84.18533333333333,85.05,0.6666666666666666,402715.01666666666,12.207726754638175,214585.2333333333,0.1566141175817737
76561198123908949,130.43166666666667,25236.6665,87.04666666666667,85.38461538461539,0.4333333333333333,299788.05,11.467050751606603,248900.63333333333,0.017263190176209767
76561198124421887,319.8326666666666,27730.0,87.051,82.82352941176471,0.5666666666666667,695187.7166666667,12.178032263443118,439762.2,0.02562590021031831
76561198126548553,501.8913333333333,27710.0,86.46766666666666,86.22222222222223,0.6,889050.4,12.893721255020264,465401.8,0.04767100979362066
76561198127431044,205.336,37391.0,86.89333333333335,84.0909090909091,0.7333333333333333,691821.9666666667,12.323888618554909,480310.2333333333,0.09045986415760834
76561198128667294,297.71666666666664,17115.0,86.48566666666667,85.2,0.5,794184.0166666667,12.215329226432504,394867.8666666666,0.004106812965347366
76561198129247774,231.356,20797.6665,81.67399999999999,82.38095238095238,0.7,258838.53333333333,11.561836009232454,135141.8,0.020322216266994014
76561198130015375,629.9323333333334,26032.0,82.72800000000001,83.30434782608695,0.7666666666666667,946787.1833333332,13.014435104730584,486995.0,0.04246064524390714
76561198134388656,274.6143333333333,33936.666666666664,85.56766666666667,81.77777777777777,0.6,334361.93333333335,11.82775773371066,234379.4,0.0
76561198134731689,558.6236666666666,17661.0,82.27199999999999,80.35,0.6666666666666666,749903.9666666667,11.488972639231957,412615.9,0.0
76561198135384760,114.89866666666668,28282.0,88.09533333333334,86.63636363636364,0.7333333333333333,500528.0,12.564779173507269,350611.4,0.14361930512683638
76561198135685349,96.20633333333332,14378.333333333334,85.645,82.8,0.3333333333333333,723748.9833333333,12.2756537343942,411931.2,0.19707295777478265
76561198136484955,150.03099999999998,17036.666666666668,91.09933333333332,81.77777777777777,0.6,679620.45,11.99104399060497,353915.5,0.027583188363293813
76561198136577408,134.35066666666663,25849.666666666668,82.619,86.3,0.3333333333333333,390629.9166666667,11.467245181801394,306192.56666666665,0.16018032412691166
76561198136985842,151.65966666666665,29454.33333333333,91.07766666666666,85.95238095238095,0.7,575156.5166666667,11.808175107597863,385753.5333333333,0.0
76561198137208244,270.738,12851.216333333334,83.76033333333334,83.82352941176471,0.5666666666666667,827888.3333333334,11.712221431858504,434389.9666666667,0.020026741720778025
76561198137264082,217.596,31270.0,85.10333333333332,87.33333333333333,0.6,407007.6666666667,11.854362946147312,246107.26666666663,0.09576769180806019
76561198138316742,764.7733333333333,27251.666666666668,84.09833333333333,81.26666666666667,0.5,810681.1666666666,12.16672180997212,478501.6,0.007521618605948603
76561198139411198,493.566,25644.666666666668,84.76066666666667,81.47058823529412,0.5666666666666667,363890.55,11.516945178324448,175453.85,0.10688337527301313
76561198139915980,215.88700000000003,22307.0,91.53716666666666,83.17391304347827,0.7666666666666667,212933.25,10.835398000675845,170945.13333333333,0.0
76561198142432184,722.3623333333333,19257.0,83.111,79.0,0.4666666666666667,830109.3666666667,11.82852972559469,558999.2833333333,0.0033561181438493243
76561198142871256,115.77133333333332,28505.0,90.55733333333336,83.58823529411765,0.5666666666666667,275580.15,11.273449986456402,232205.3,0.02629896865660469
76561198142992067,258.14233333333334,12257.966666666667,89.27666666666667,84.5,0.5333333333333333,953703.9333333332,12.890558292721744,584306.3666666667,0.005750057784658851
76561198143412503,73.54466666666667,18958.43333333333,87.606,77.72727272727273,0.3666666666666666,876233.7666666667,12.615382631273162,556065.4,0.27091925995086885
76561198144180358,125.78633333333332,24938.43333333333,87.36266666666667,83.6,0.5,650601.9333333333,11.4119400705646,447664.4,0.08474158559885944
76561198144852786,100.64533333333334,22250.0,84.78066666666668,83.88235294117646,0.5666666666666667,409099.35,12.414938946828403,232343.28333333333,0.14879643368130993
76561198145824277,187.008,21506.666666666668,81.54233333333333,81.5,0.3333333333333333,854599.2666666667,12.03699067201878,550565.5,0.020011621606205794
76561198146396342,232.7803333333333,28273.0,88.096,83.6,0.6666666666666666,635385.35,12.48283256291012,483210.4,0.06072677961053411
76561198148262444,342.567,32833.0,89.26933333333334,86.9,0.6666666666666666,816091.5,12.918498391391983,529417.9,0.084916721887008
76561198148591865,243.5006666666667,20338.0,84.72933333333334,83.33333333333333,0.5,731967.6833333333,12.06391160237245,442403.13333333336,0.0
76561198149149071,213.97366666666667,19880.0,86.334,80.13333333333334,0.5,950010.8,12.90399467410968,514011.9666666667,0.015659247789058153
76561198149717332,226.12166666666664,30532.966666666667,88.929,85.26086956521739,0.7666666666666667,373629.51666666666,12.14461370704523,260626.2333333333,0.11394603200342
76561198151733556,353.3896666666667,20530.0,86.25099999999999,83.61538461538461,0.4333333333333333,910443.3333333334,12.539782369181298,561283.3333333334,0.0
76561198154693814,75.77,26714.499333333333,87.70800000000001,85.8,0.6666666666666666,745814.6833333333,12.324284634545217,489985.1,0.1706700101183406
76561198155700223,201.206,22435.0,87.37866666666667,85.6,0.6666666666666666,1005806.1,13.035005576171908,628949.1166666667,0.04564144873081982
76561198160310073,48.86133333333333,27604.0,78.993,80.11764705882354,0.5666666666666667,442245.7333333333,11.42933645069834,329071.88333333336,0.05645227309938329
76561198161403415,118.57,21855.966666666667,81.26,86.1,0.3333333333333333,889013.6666666666,12.689590504787638,574449.6666666666,0.024238846251159653
76561198162182031,138.217,18440.0,79.779,82.4,0.3333333333333333,385802.2333333333,11.58115620172713,261504.9333333333,0.033635515168177574
76561198165565385,102.99133333333332,16864.633333333335,81.29566666666666,83.66666666666667,0.4,372754.81666666665,11.580522161648014,248721.63333333333,0.0007217435771294672
76561198166039566,200.14166666666668,25128.33333333333,83.88966666666667,85.125,0.5333333333333333,721293.6333333333,12.231684347411711,360957.2333333333,0.041254111670899776
76561198166226287,61.859,21283.33333333333,82.93433333333334,85.21428571428571,0.4666666666666667,668240.5666666667,11.798829772228803,403251.76666666666,0.10734088814885465
76561198167407399,190.67033333333333,19279.666666666668,89.07199999999999,80.8695652173913,0.7666666666666667,96910.5,10.109777262834111,78619.36666666667,0.0
76561198168362702,196.13966666666664,25539.666666666668,86.295,84.5,0.5333333333333333,779517.0666666667,12.03130081078324,536420.6,0.0
76561198169509065,131.94666666666666,27023.7,90.961,86.11111111111111,0.6,216265.1,11.1456549057989,168495.7,0.05427192805173807
76561198172594941,76.62766666666667,23141.633,88.33500000000001,82.08333333333333,0.4,839846.7,12.682171777542948,575018.1333333333,0.1083725199340534
76561198175781507,122.123,28470.0,87.60966666666667,83.6842105263158,0.6333333333333333,377851.13333333336,11.990656804061052,251125.4833333333,0.031981417641776456
76561198176903937,125.76566666666668,13216.506333333333,86.01216666666666,81.9375,0.5333333333333333,788406.7833333333,11.807510198773487,520901.26666666666,0.013445640967195605
76561198181134839,35.891,16129.333333333334,89.74,84.47619047619048,0.7,204259.66666666663,10.624483256186757,122475.45,0.01422826521040558
76561198182434729,340.53566666666666,21132.33333333333,90.835,81.5625,0.5333333333333333,485382.7166666667,12.30207528494063,319618.76666666666,0.037338232803808116
76561198186851741,133.66366666666667,19996.33333333333,85.17766666666667,84.33333333333333,0.5,621420.9166666666,11.7238375137378,356792.63333333336,0.03628510365569302
76561198188197794,122.508,24605.33333333333,87.91333333333334,86.05263157894737,0.6333333333333333,668367.2333333333,12.314469585345616,431149.6666666667,0.036977177000685674
76561198192535273,297.31433333333337,26164.666666666668,82.33,85.5,0.4,878463.0,12.75754713202436,486385.35,0.037904888541083905
76561198193985237,113.995,27780.0,85.19633333333333,82.27272727272727,0.3666666666666666,256186.88333333333,11.310859750380535,202354.7,0.24581487492141468
76561198195856567,204.1473333333333,26058.5,78.69866666666667,84.0,0.4666666666666667,772092.1666666666,12.575822108347245,454001.5333333333,0.13861557502587998
76561198201869792,175.97299999999998,13534.916333333333,92.85566666666666,82.9,0.3333333333333333,384207.1,12.206960176824454,250984.65,0.027598930896595878
76561198202541610,380.5246666666666,19799.666666666668,88.411,84.05882352941177,0.5666666666666667,685676.4333333333,11.639247852974725,371342.6166666666,0.0
76561198203294379,23.398666666666667,26605.0,89.63833333333334,82.4090909090909,0.7333333333333333,595541.7,11.93587813450798,381791.3666666666,0.0
76561198206869732,108.83266666666668,18854.166666666668,85.98866666666666,82.38888888888889,0.6,844833.0166666667,12.52293461871925,490702.93333333335,0.0
76561198210123867,254.587,27327.66633333333,83.25333333333333,85.125,0.5333333333333333,585379.4,11.888790908503204,346748.4,0.28972414145262726
76561198212109881,357.26500000000004,12419.3,78.97966666666666,81.66666666666667,0.5,811667.8333333334,12.05998713129285,409729.4,0.00267775087586712
76561198212143500,375.15866666666665,18316.766666666663,91.32233333333332,85.0,0.4666666666666667,240304.8333333333,11.164192627849426,172849.35,0.015959469593309853
76561198212519471,236.776,20947.91633333333,85.11,81.8,0.5,904309.65,12.953859808646095,523274.3666666666,0.05830827448727912
76561198213107237,223.3826666666667,15959.533333333333,82.887,81.46153846153847,0.4333333333333333,821009.5833333334,12.46895377109856,502970.7166666667,0.004866089281770594
76561198214234216,269.76733333333334,18173.33333333333,87.47600000000001,82.66666666666667,0.6,1011757.9,12.950834052819774,550142.9,0.0
76561198214300979,72.59466666666667,37447.3,85.347,81.11111111111111,0.3,236545.21666666667,11.140560542804993,195100.5,0.0730081181354002
76561198214648473,150.7686666666667,23296.666666666668,89.71233333333333,86.92307692307692,0.4333333333333333,461562.38333333336,12.627757160383284,292265.26666666666,0.1211370178595906
76561198219075073,305.73,29307.0,87.94200000000001,81.70588235294117,0.5666666666666667,311855.93333333335,11.643409226277385,233066.21666666667,0.0
76561198220559105,100.95733333333332,12072.932666666666,88.86200000000001,82.76923076923077,0.4333333333333333,709163.0333333333,11.201448194615686,406889.5333333333,0.07831030930558125
76561198231347376,130.41266666666667,15821.333333333334,85.925,82.83333333333333,0.6,497430.4,10.89339968547157,270691.11666666664,0.0
76561198238420992,156.41766666666666,39131.333333333336,86.06666666666666,85.52380952380952,0.7,700824.9333333333,12.581302745379151,407749.1666666667,0.13695810149322435
76561198238846116,197.859,20079.583,89.91533333333334,82.94444444444444,0.6,816655.15,12.180386176873531,573654.1666666666,0.0
76561198246412594,447.7696666666667,33726.333333333336,84.91966666666667,82.64285714285714,0.4666666666666667,351097.5333333333,12.197232135308443,266775.86666666664,0.10060752961530073
76561198248263124,178.44133333333332,25851.33333333333,85.74733333333333,83.0,0.5666666666666667,811837.8666666667,12.560093074423852,510592.76666666666,0.08881910768058224
76561198249893146,173.05566666666667,29396.666666666668,88.99033333333334,83.17647058823529,0.5666666666666667,335547.73333333334,11.911446798670344,268485.0333333333,0.0802285199174832
76561198251071604,173.17433333333332,22706.33333333333,83.80133333333333,83.55,0.6666666666666666,897548.0333333333,12.29018970986349,553325.6333333333,0.0754134080685552
76561198252530300,146.98066666666668,31916.666666666668,85.86866666666667,83.4375,0.5333333333333333,671589.7666666667,12.156969787360918,413382.43333333335,0.28295104571576307
76561198256116084,68.89200000000001,16834.333,88.28933333333333,85.9,0.6666666666666666,724141.7166666667,12.102972920303788,485869.01666666666,0.002201513480036385
76561198262787729,318.84866666666665,30582.0,82.65433333333334,81.1875,0.5333333333333333,396260.45,12.238282065139025,268217.8333333333,0.03435694676471388
76561198263694383,133.79033333333334,20395.33333333333,88.84666666666666,86.41176470588235,0.5666666666666667,451966.3666666666,12.020508446419486,363503.9666666667,0.04770897747968837
76561198265883417,151.212,15292.966666666667,85.35233333333333,81.35714285714286,0.4666666666666667,685463.7833333333,12.242753555219696,429070.13333333336,0.010034476981544676
76561198268230924,348.08133333333336,16072.366666666669,90.403,87.1875,0.5333333333333333,410200.18333333335,12.144750336633413,276446.1,0.023744450530718872
76561198268729880,100.121,18450.083166666667,90.45433333333334,86.2,0.5,471153.13333333336,12.086318442516438,362748.8666666666,0.037571205508001984
76561198268967656,237.729,20863.33333333333,85.85933333333332,84.58823529411765,0.5666666666666667,590940.25,12.3582735154325,421843.1,0.19723578808923886
76561198269218599,103.23266666666667,18991.66633333333,85.99833333333332,82.29411764705883,0.5666666666666667,691285.9833333333,11.934258715904551,403517.2333333333,0.002625138037701245
76561198271409027,95.257,27436.33333333333,83.16033333333333,86.0,0.3666666666666666,427624.05,12.199854273502655,265236.98333333334,0.09108691924652956
76561198271535585,227.1386666666667,37730.66666666666,89.60666666666665,83.91304347826087,0.7666666666666667,346860.9666666667,12.198838590126302,251697.86666666667,0.014230660859152118
76561198272701149,79.13066666666667,14106.666666666666,86.02366666666667,83.0,0.4,456836.76666666666,10.682643380150072,261654.91666666663,0.024748095976275527
76561198272738490,41.01133333333333,29635.99983333333,92.01483333333334,87.65,0.6666666666666666,280021.18333333335,11.180960826063,211462.63333333333,0.27112830599671633
76561198273177152,134.503,21635.13333333333,88.23266666666667,79.26315789473684,0.6333333333333333,537426.7333333333,11.664512701159817,331774.63333333336,0.023327856379907263
76561198273477765,551.9316666666667,17375.1,86.248,82.36363636363636,0.3666666666666666,801856.7333333333,12.675320767606305,446767.5333333333,0.01793579519203766
76561198273602004,62.746,29500.0,81.70766666666667,85.41666666666667,0.4,775874.15,12.435189097207184,472543.4666666667,0.16465857053304858
76561198274446234,293.2763333333333,22486.33333333333,78.60266666666666,80.86666666666666,0.5,820832.4,12.0876712117013,495563.2333333333,0.04082043215215683
76561198274842511,281.532,28057.766666666663,86.81266666666667,81.52941176470588,0.5666666666666667,659200.6166666667,12.363757615816452,392015.4666666667,0.015454726283335466
76561198275767100,238.74066666666667,24648.0,87.857,80.75,0.8,484862.95,11.52249999998278,289449.05,0.044297717746732156
76561198276820389,92.32266666666666,35356.913166666665,85.53733333333334,83.9090909090909,0.3666666666666666,480606.13333333336,12.018233315142238,358890.7833333333,0.16345570607434795
76561198277899306,165.25366666666667,31639.3,87.10033333333334,82.73333333333333,0.5,477333.2,11.699435360699429,294020.7166666667,0.26310460080563014
76561198282596613,139.43633333333335,30035.399666666668,81.88133333333333,86.28571428571429,0.2333333333333333,637087.9666666667,12.215293197322982,418402.25,0.21493202393445993
76561198283021088,297.23066666666665,23783.33333333333,88.06133333333334,86.0,0.5333333333333333,750108.5666666667,12.070682213646798,466184.8,0.1855035146664992
76561198283383463,195.833,23772.3,91.07133333333331,86.125,0.5333333333333333,614174.6333333333,11.543106950097073,420979.4,0.007050224766340029
76561198283397484,396.4623333333333,39557.66666666666,83.72600000000001,86.47058823529412,0.5666666666666667,845118.9666666667,12.623290369073011,575658.0,0.05249174574801978
76561198286376504,119.954,23591.999666666667,92.05166666666668,85.3913043478261,0.7666666666666667,184724.05,11.537087783978835,154113.8,0.021488792926177256
76561198286525675,322.28633333333335,21872.666666666668,84.77333333333333,83.38461538461539,0.4333333333333333,786322.2,12.19023416089106,485579.56666666665,0.048845798611793445
76561198286544260,123.85966666666668,14335.0,78.40733333333333,79.7,0.3333333333333333,621833.25,11.62803801066266,342619.56666666665,0.015506796670425402
76561198291180742,361.01433333333335,17874.666166666666,84.66533333333334,83.70588235294117,0.5666666666666667,981506.1,12.766034986256305,569754.95,0.07820188118107961
76561198293954147,151.25566666666666,28105.0,87.685,81.54545454545455,0.7333333333333333,457610.13333333336,12.181406421254447,289213.0833333333,0.010439278308030332
76561198295206449,111.224,27407.63333333333,83.98233333333333,85.66666666666667,0.5,812059.2333333333,12.63474328082058,510389.63333333336,0.0651388189599367
76561198302298927,189.2743333333333,27435.0,90.35066666666668,81.8125,0.5333333333333333,635368.0,11.913599509103788,410651.95,0.03203815273421472
76561198302636427,259.383,26124.63333333333,86.07199999999999,83.22222222222223,0.6,398732.63333333336,11.93306836676522,276553.8333333333,0.031064744669722637
76561198307891464,78.852,27529.666666666668,87.18666666666667,80.6,0.5,633904.9333333333,11.837649977520954,373682.55,0.030407176313431074
76561198307911644,266.9663333333333,30388.666666666668,88.88466666666666,83.15,0.6666666666666666,113545.3,10.766822519331471,92390.4,0.0
76561198311777128,329.914,26929.33333333333,87.31366666666666,87.25,0.5333333333333333,969797.7,13.00807744366898,667918.6666666666,0.0
76561198313453043,151.98466666666667,36056.66666666666,86.73466666666667,84.57142857142857,0.7,447018.9666666667,12.370210370249602,323143.3333333333,0.06742127495317511
76561198314815990,308.3713333333333,22254.7,84.967,83.52631578947368,0.6333333333333333,692354.9,11.966331232561169,350324.85,0.0047323897379133815
76561198314983684,157.06933333333333,19103.666666666668,87.35866666666668,89.05882352941177,0.5666666666666667,793998.6833333333,11.941447482296253,423186.06666666665,0.06535118249265717
76561198315234904,130.51833333333337,29337.13333333333,91.81866666666666,84.93333333333334,0.5,670569.2,12.054035758792685,447495.3,0.06710168430999476
76561198317130606,28.638,32046.33333333333,85.94,83.35,0.6666666666666666,555069.5166666667,11.387482725295856,352958.1666666667,0.16620108480573595
76561198321474420,57.095333333333336,20908.6665,82.819,80.0,0.4666666666666667,157309.0,10.320424388711364,98988.1,0.1024251836110365
76561198325641981,37.71866666666666,21236.33333333333,89.99333333333334,84.0,0.6666666666666666,570631.9666666667,11.650180798571444,378218.3,0.008554561843826223
76561198326689259,119.92166666666668,16219.616333333332,76.91533333333334,79.27272727272727,0.3666666666666666,475187.25,9.837992868490913,268390.13333333336,0.021138798938195764
76561198328407838,88.03033333333333,19727.5,89.60466666666666,80.0,0.4333333333333333,963387.3,12.834600839586187,674184.1,0.030107046434751657
76561198329030307,104.02533333333334,17057.333166666667,92.26533333333332,84.26086956521739,0.7666666666666667,257994.76666666663,11.50677135850205,213219.53333333333,0.015557107883976977
76561198330374062,204.1383333333333,24938.33333333333,84.18299999999999,79.15384615384616,0.4333333333333333,124879.66666666669,10.326617792901454,94611.26666666666,0.008486075618657283
76561198332366336,207.774,28637.0,82.925,80.625,0.5333333333333333,662012.2833333333,11.993618954400182,388673.01666666666,0.12639213761105816
76561198335877752,138.57233333333335,23163.33333333333,86.05,81.64285714285714,0.4666666666666667,973041.1,12.888217626150515,648345.7666666667,0.030896018204692132
76561198338123050,773.41,18566.33333333333,88.49499999999999,85.5,0.2666666666666666,106726.9,9.705891891666049,54875.083333333336,0.005886054399779332
76561198338661363,155.25566666666666,36520.333333333336,84.87899999999999,86.0,0.5333333333333333,895582.4166666666,12.81442247547263,615236.25,0.07592852220101466
76561198339879556,93.47133333333332,19350.33333333333,87.02,83.0625,0.5333333333333333,816347.9333333333,12.285173227142606,544291.9666666667,0.009457445063370588
76561198340169992,369.0286666666667,23053.583,84.70466666666667,79.1875,0.5333333333333333,850423.9333333333,12.475684833674352,566054.0333333333,0.015959013120931887
76561198341278283,290.508,28230.5,83.69833333333332,84.57894736842105,0.6333333333333333,315395.0333333333,11.839998862741762,215982.61666666667,0.0
76561198343083907,48.13866666666667,26825.3495,90.047,82.2,0.5,283682.81666666665,10.955903160432118,232512.63333333333,0.03394360735652559
76561198344803968,94.835,11981.3,92.039,82.06666666666666,0.5,694079.9,12.159392575558895,457310.2,0.10134795522047065
76561198345413393,220.07433333333333,29270.966666666667,84.874,85.1,0.3333333333333333,415854.13333333336,12.432106186689664,344411.23333333334,0.06390113643420481
76561198345645365,167.57066666666665,20456.74983333333,84.50933333333333,78.8,0.5,797933.5166666667,12.014544973814534,510201.13333333336,0.07016343353649804
76561198346465577,156.50666666666666,28769.0,85.07966666666667,84.0625,0.5333333333333333,749335.0,12.492873624085684,445401.8,0.016009967626512182
76561198347406063,164.23766666666668,19943.299666666662,92.29966666666664,82.6875,0.5333333333333333,785672.3666666667,12.565631803836208,512702.9666666667,0.049694243910755345
76561198347513175,93.869,21024.666666666668,80.99833333333332,81.4,0.3333333333333333,882826.0833333334,12.58021833414947,561775.5666666667,0.012510342427567498
76561198349527228,154.778,15752.5,82.25783333333334,79.25,0.4,935331.0166666668,12.739184650188268,587828.9333333333,0.0941649760732576
76561198350976816,118.75333333333332,36296.333333333336,86.56099999999999,80.26666666666667,0.5,596310.5333333333,11.814960529672474,395586.13333333336,0.01933419412788413
76561198351821528,211.083,16478.5,86.07233333333333,84.85714285714286,0.4666666666666667,624091.5333333333,11.598340449371474,396793.25,0.01098304142604252
76561198353246717,196.31133333333327,41895.0,85.63433333333334,86.5,0.6,471246.6,12.489474571255366,335057.73333333334,0.0813605599269188
76561198354464634,294.2436666666666,22446.666666666668,86.42733333333334,81.53333333333333,0.5,714758.6,11.738489718525138,451850.0,0.08850034721789538
76561198355407343,168.36966666666666,27335.733333333334,89.29433333333333,85.66666666666667,0.4,301811.76666666666,11.90495015994093,240702.85,0.21833703220493
76561198355821938,288.3243333333333,29237.0,81.21000000000001,84.86666666666666,0.5,651407.8166666667,11.799322173890248,424729.26666666666,0.029330395284014647
76561198358134442,175.42866666666666,29023.19833333333,83.47333333333333,80.9375,0.5333333333333333,56491.9,9.6719270458096,42671.68333333333,0.052659580532258124
76561198358601039,262.67766666666665,27637.33333333333,83.24,87.0,0.5333333333333333,945699.0,12.820042576078828,626510.1833333333,0.06051523223012234
76561198359999689,171.22233333333332,30065.16633333333,81.06366666666666,82.72727272727273,0.3666666666666666,137994.6,9.921586420722814,116672.1,0.14376239859675627
76561198360775008,226.867,19538.43333333333,89.412,82.85714285714286,0.4666666666666667,373933.7,11.918156789562834,250014.9,0.029556230449264698
76561198365702929,199.299,20567.333,88.82366666666667,84.53846153846153,0.4333333333333333,768482.0,12.22452128545696,495964.4,0.0603481870623201
76561198366069046,201.077,38563.0,82.175,84.3157894736842,0.6333333333333333,578886.5333333333,11.944353952179084,350320.9,0.03544744882142994
76561198369639036,164.66566666666668,39971.66666666666,88.52333333333333,86.875,0.8,331503.93333333335,11.98618902177204,242638.3333333333,0.1721285756796094
76561198372595912,477.7986666666666,34259.666666666664,80.798,83.52941176470588,0.5666666666666667,535384.4,12.806280695359405,356566.9,0.08020742348939164
76561198375365129,54.68266666666667,22263.966666666667,89.47166666666666,82.55555555555556,0.6,878120.35,12.48513359491573,575106.9,0.04738247342241295
76561198376124646,32.26766666666666,11730.0,87.21933333333332,83.375,0.2666666666666666,531905.8833333333,11.595324048944509,305445.76666666666,0.07561749119345475
76561198377061737,348.811,42324.0,88.80133333333333,84.94736842105263,0.6333333333333333,232846.3,11.612586891854004,171597.66666666666,0.050805928329859626
76561198377168031,65.06133333333334,19682.666666666668,83.83516666666667,83.0,0.3333333333333333,372050.75,11.686058317767907,250385.06666666668,0.33654910238544145
76561198380711412,184.76066666666665,36923.66666666666,86.48033333333333,86.46666666666667,0.5,384051.3333333333,12.246052822463758,289478.0,0.19045179168726387
76561198388039360,88.72833333333332,20934.666666666668,81.48033333333333,87.08333333333333,0.4,251298.25,11.428948158631837,152165.21666666667,0.20634145425174222
76561198390714886,113.27233333333334,30466.666666666668,86.28566666666667,84.72222222222223,0.6,631160.8,12.84175942264349,402093.9,0.2132059314277979
76561198391845269,119.54633333333332,23571.133,86.36166666666666,84.0,0.6,681007.8666666667,11.968135317868615,440941.88333333336,0.06842535251325148
76561198392370761,171.703,26097.666666666668,85.539,88.53846153846153,0.4333333333333333,906707.6666666666,12.696569613179053,584929.1833333333,0.02365518754283074
76561198395338546,111.79766666666666,14706.666666666666,90.748,82.92857142857143,0.4666666666666667,762780.8166666667,12.51572326872,488090.63333333336,0.020653382748000108
76561198400702869,108.90766666666669,22008.33333333333,91.254,83.15,0.6666666666666666,325175.63333333336,12.010800096109817,226701.61666666667,0.02014856621664223
76561198402329390,72.408,35267.66650000001,87.713,89.04761904761905,0.7,242537.55,11.618010392574314,164962.15,0.26110374544249254
76561198403785238,116.167,21693.583,91.30033333333334,84.77777777777777,0.6,620202.8333333334,11.973603390136706,383161.4833333333,0.022131930754861535
76561198407819907,242.011,26604.4,81.19066666666667,84.33333333333333,0.3,333484.8,12.213461023068705,225831.63333333333,0.07813005744917931
76561198408126263,87.57266666666666,12427.599833333334,87.70666666666666,85.77777777777777,0.3,289075.18333333335,11.6465279755765,203930.31666666668,0.051698018407570094
76561198408226782,36.317,21018.33333333333,85.59666666666666,86.625,0.2666666666666666,532233.1833333333,10.845470748455623,304922.55,0.3291296087231875
76561198411775487,95.438,32336.33333333333,88.35,84.41176470588235,0.5666666666666667,845703.6833333333,12.544895693063546,590512.0666666667,0.0019104898817382315
76561198413767937,87.75033333333334,32018.666666666668,86.04933333333334,85.22222222222223,0.6,825043.7833333333,12.299555124971151,555374.35,0.23499625832380502
76561198414097340,238.40733333333336,29739.991666666665,84.99166666666666,83.29411764705883,0.5666666666666667,851400.4666666667,12.882536391088324,540240.7333333333,0.031865630531499316
76561198417579142,292.6023333333333,23089.583,88.89566666666666,78.6,0.6666666666666666,388962.76666666666,12.141808912449052,285128.5,0.04051801819762203
76561198418235102,95.61066666666667,24415.33333333333,86.01066666666667,80.33333333333333,0.3,717652.95,12.51886177313446,462809.88333333336,0.0
76561198423335954,354.60166666666663,28623.33333333333,85.11633333333333,80.8,0.5,265941.88333333336,11.423234571300505,188396.13333333333,0.10860731055033584
76561198423405088,111.64166666666668,30734.0,89.99333333333334,85.65,0.6666666666666666,963616.4333333332,13.153273491345336,641453.5333333333,0.062261700380682246
76561198424437575,201.037,19624.0,88.43066666666667,85.41176470588235,0.5666666666666667,820596.2,12.458133293779948,550171.9333333333,0.061617181580173465
76561198425842216,25.722,15276.666666666666,95.66,86.875,0.5333333333333333,195886.96666666667,10.928928747650962,167623.56666666668,0.110709379778659
76561198427245183,230.48166666666663,22389.666666666668,86.53533333333333,82.45,0.6666666666666666,586013.3333333334,11.55203236794734,320229.13333333336,0.05143576134038137
76561198427383896,247.445,18196.666666666668,88.39366666666666,82.84615384615384,0.4333333333333333,892985.4666666667,12.39658020988765,547243.1166666667,0.023062364027022837
76561198427779859,143.40366666666665,21655.33333333333,86.595,83.21428571428571,0.4666666666666667,740721.8333333334,12.478428866189128,442322.6,0.0
76561198428123404,66.62899999999999,17189.916333333334,84.868,84.2,0.5,835910.0166666667,12.752589983745814,489411.8,0.0555563893599884
76561198429193409,447.1336666666666,25373.249666666667,83.62866666666667,80.2,0.5,760810.4,12.40674778494848,455980.3,0.0
76561198429606249,90.30933333333334,24288.966666666667,88.98299999999999,81.76470588235294,0.5666666666666667,493200.06666666665,12.421077811855044,331902.9,0.03186455442036261
76561198432274758,151.72366666666667,23063.299666666662,91.365,87.0,0.4666666666666667,664821.0,11.995236807716706,439468.45,0.029448273286303388
76561198432337304,192.2853333333333,22382.3,86.997,83.29411764705883,0.5666666666666667,698422.4666666667,11.975231626297305,432695.93333333335,0.07685106855090353
76561198433458297,243.15166666666667,39452.333333333336,80.36833333333334,88.3529411764706,0.5666666666666667,878576.0,12.753581926875777,581869.8333333334,0.03977627132585286
76561198436639398,110.651,22571.466666666667,87.13933333333333,81.14285714285714,0.4666666666666667,547343.7666666667,11.419654612628651,366425.9,0.09667031176100231
76561198437664846,126.67233333333334,24665.833166666667,88.21833333333333,82.9,0.6666666666666666,588486.8666666667,12.019198402626476,362990.9,0.10721888757608211
76561198438587738,235.40833333333333,20896.666666666668,84.881,82.08333333333333,0.4,539969.0333333333,12.671539570609196,351257.3,0.009032532125030975
76561198439100835,164.79966666666667,32732.63333333333,87.07300000000001,80.83333333333333,0.4,614287.6166666667,12.000231200573676,407667.43333333335,0.06607820808699047
76561198439220419,19.27433333333333,25402.033333333333,87.88366666666666,80.78571428571429,0.4666666666666667,577174.4166666666,11.7654157944845,346631.61666666664,0.0978849246839493
76561198439304389,269.05966666666666,23735.5,83.653,80.70588235294117,0.5666666666666667,653171.5166666667,12.062760101276558,391713.75,0.0032743666522543325
76561198442308189,203.4153333333333,23818.266666666663,89.257,84.63636363636364,0.3666666666666666,944748.5333333332,12.998586419274192,654565.9666666667,0.023467585203344223
76561198447217647,116.60333333333332,30637.999666666667,89.85300000000001,83.6086956521739,0.7666666666666667,264216.26666666666,11.867936586377498,201272.9333333333,0.029450273005345758
76561198448175035,605.3823333333333,21466.33333333333,84.157,85.52941176470588,0.5666666666666667,729138.85,12.08078757645667,469722.75,0.0003810264257243494
76561198448417314,80.74933333333334,10841.333333333334,92.55266666666668,84.9,0.3333333333333333,278933.35,11.11580041082218,178032.78333333333,0.011612066972689145
76561198452163269,249.5836666666667,27618.33333333333,85.57866666666668,87.25,0.5333333333333333,771553.6166666667,12.727800656480207,479283.7333333333,0.18264015674102604
76561198706984079,6.057333333333333,20142.666666666668,82.22250000000001,84.0,0.2333333333333333,472609.3,9.725953466247717,289695.98333333334,0.3125687871450583
76561198742491552,26.326,15475.833166666667,94.49066666666666,88.2,0.5,571275.15,11.633067403608775,346187.4166666667,0.016941426726430148
76561198757776931,17.37366666666667,8090.666666666667,87.20466666666667,80.11111111111111,0.3,577655.2833333333,11.056150385940375,362668.56666666665,0.12229235816657393
76561198763852134,42.246,11861.333333333334,92.05166666666668,80.5,0.7333333333333333,835721.0166666667,12.18127848952456,581398.2,7.890293361107167e-05
76561198772090380,36.219,24411.666666666668,89.69800000000001,85.57142857142857,0.4666666666666667,157246.85,10.67242202039114,137202.61666666667,0.6283166293934124
76561198778416827,33.14366666666667,22313.966333333334,91.153,81.0909090909091,0.7333333333333333,204122.9333333333,11.262005734029731,160683.53333333333,0.05913648660880409
76561198792381604,25.26833333333333,11500.0,93.423,80.77777777777777,0.3,67097.38333333333,9.075076720695863,50528.3,0.028850339687355713
76561198796975770,295.39000000000004,19198.33333333333,87.15033333333332,80.27272727272727,0.3666666666666666,802196.4166666666,12.664582214719882,498371.2333333333,0.00722998973108997
76561198797617660,29.411,26608.1,79.89733333333334,81.23076923076923,0.4333333333333333,366145.06666666665,11.758681556661154,256287.88333333333,0.16389559461879344
76561198798566786,231.9413333333333,23639.91633333333,86.72399999999999,81.53333333333333,0.5,815625.6333333333,12.728838299132075,509139.8333333333,0.07859027570190164
76561198802237869,459.6436666666667,14565.966666666667,87.14166666666667,84.88888888888889,0.3,818615.7333333333,12.323946384691755,548137.8166666667,0.026959289478588847
76561198804601630,92.46866666666666,17693.666666666668,88.04766666666666,80.71428571428571,0.4666666666666667,242119.65,11.295175222003529,183068.3,0.0
76561198804680697,187.1023333333333,23296.666666666668,87.467,82.28571428571429,0.4666666666666667,831687.5166666667,12.70564126948193,524677.5666666667,0.012698933025955494
76561198807749950,529.7423333333334,21510.5,89.24,84.66666666666667,0.5,806815.8333333334,12.59436897568796,509498.93333333335,0.10273736854458174
76561198812864080,339.14933333333335,24034.33333333333,87.08733333333333,85.2,0.6666666666666666,623718.4666666667,12.741563530025095,428696.76666666666,0.0050056612229814204
76561198816134762,77.89066666666668,16901.166666666668,84.08500000000001,84.33333333333333,0.5,781461.6333333333,11.979808061009248,502081.13333333336,0.202655859495361
76561198816301919,73.87233333333333,14831.966333333334,92.526,85.15384615384616,0.4333333333333333,389328.81666666665,12.039088375409714,321060.0,0.14281395380318296
76561198818769123,84.64966666666666,12036.716666666667,82.61633333333333,82.42857142857143,0.2333333333333333,607492.0666666667,11.78157215625166,336910.81666666665,0.1341962362521609
76561198822653847,95.95233333333334,20248.0,81.26633333333332,86.0,0.5,680574.9666666667,12.171239128655944,398547.3333333333,0.0816099660595365
76561198827623243,294.38666666666666,25390.33333333333,88.24333333333334,84.64285714285714,0.4666666666666667,263549.55,11.205893202447085,167571.4,0.0249060192943521
76561198829174449,56.49966666666667,19690.333,92.77433333333332,84.2,0.6666666666666666,238064.9,11.374062929065191,172484.45,0.09667903645449234
76561198831192918,390.0226666666667,34710.666666666664,87.74566666666666,85.35,0.6666666666666666,668757.9,12.117648500285544,447833.8666666666,0.06207331539705385
76561198833276319,109.46933333333332,22934.166666666668,87.55233333333334,78.61538461538461,0.4333333333333333,430397.6666666667,12.111305013893451,320070.18333333335,0.0
76561198833867588,235.733,32961.8325,87.84616666666666,85.07692307692308,0.4333333333333333,545840.6833333333,11.830325946698816,335500.7833333333,0.05152439412386047
76561198833987527,102.466,34995.0,88.61666666666666,84.6842105263158,0.6333333333333333,338675.23333333334,11.95553522577573,248430.35,0.2898359781130651
76561198837284017,464.3433333333333,28971.999666666667,84.36,85.53333333333333,0.5,791073.3,12.389637894098366,504689.5,0.14070407672483723
76561198837631318,205.1023333333333,26269.666666666668,88.68066666666667,83.42857142857143,0.4666666666666667,680057.4333333333,12.083442135392453,424487.26666666666,0.07765391910054656
76561198838206590,158.11166666666668,20616.666666666668,90.06433333333332,85.0,0.3666666666666666,696372.9666666667,12.046441920133995,449245.6,0.0965688806434271
76561198838823687,136.80433333333335,16111.0,87.42266666666666,86.5,0.3333333333333333,687586.0833333334,11.925127151268992,429275.7833333333,0.048434138294839585
76561198842146094,104.84866666666667,26384.33333333333,84.909,82.78571428571429,0.4666666666666667,828140.0333333333,12.356760516612182,531664.0166666667,0.0014687835801440808
76561198843353774,80.19866666666667,18454.666666666668,89.04433333333333,82.42857142857143,0.7,837998.3333333334,12.760754905358874,520623.25,0.026945585130259853
76561198843437563,14.048,16056.0,90.647,83.52380952380952,0.7,195981.65,10.936297270048454,123365.61666666668,0.005172741078208049
76561198843790470,205.0656666666667,23017.5,84.07133333333333,84.71428571428571,0.4666666666666667,1004381.1166666668,13.137311192098547,628131.2,0.06761248835738795
76561198844902387,549.8773333333334,29320.0,80.02416666666666,82.16666666666667,0.4,787169.3,12.454456761098864,466360.55,0.06963189365870692
76561198845485546,43.37,26022.64283333333,87.704,82.73684210526316,0.6333333333333333,312018.65,11.902698670085949,221742.3333333333,0.27478287602797635
76561198845632839,46.118,29662.66633333333,86.97566666666667,80.625,0.5333333333333333,750363.2666666667,12.22232667241497,480926.1166666666,0.04835422177891496
76561198845689870,23.98333333333333,22476.666666666668,85.61866666666667,79.625,0.5333333333333333,65914.5,9.801994757761475,51431.46666666667,0.21314801945795694
76561198846183374,58.09666666666667,19238.325,84.28933333333333,85.76923076923077,0.4333333333333333,558018.6333333333,12.044728443517348,427582.3666666666,0.02819438866257387
76561198847297910,57.934666666666665,18967.766666666663,89.86066666666667,81.18181818181819,0.3666666666666666,195089.11666666667,11.200230449621532,157013.91666666666,0.5337218936273044
76561198847593484,389.392,32969.0,85.64566666666666,83.3529411764706,0.5666666666666667,622918.4333333333,12.05928111445136,423675.06666666665,0.07329203818602675
76561198847902117,124.57866666666668,38415.96633333333,84.11833333333334,84.08333333333333,0.4,556996.7666666667,11.970280915118956,351089.06666666665,0.2318267440118158
76561198848316420,228.664,36296.66666666666,84.3035,82.0,0.6666666666666666,347496.9,12.217619309653552,235990.15,0.008712929596846612
76561198851738367,198.4923333333333,14480.1,87.68900000000001,83.44444444444444,0.3,551556.2666666667,11.022246755372986,354358.36666666664,0.09289527555220436
76561198852781577,66.91933333333333,34278.0,84.14699999999999,85.16666666666667,0.4,661475.7166666667,12.04591258220692,446866.76666666666,0.09590153318921289
76561198853165772,135.005,26180.83333333333,79.7415,81.3,0.6666666666666666,237864.9833333333,11.026051487418767,157621.1,0.05481278471167735
76561198853188317,184.03833333333333,20211.63333333333,91.27983333333331,86.33333333333333,0.4,770857.3833333333,12.446167156634855,521145.35,0.016496563215996667
76561198862661273,132.11333333333334,31253.33333333333,78.929,83.07692307692308,0.4333333333333333,339010.18333333335,11.888626553680815,206663.71666666667,0.064997224605137
76561198865591103,54.69833333333334,18630.0,92.233,84.57142857142857,0.7,613090.2666666667,11.982921204591385,390493.5,0.0
76561198867608134,266.2316666666667,36716.66666666666,89.366,85.55,0.6666666666666666,890311.2166666667,12.780121418291928,609017.55,0.023682381885450642
76561198868323862,96.787,44492.66633333333,86.00933333333334,82.8,0.5,181073.35,11.244137481535196,150419.98333333334,0.08353394567452241
76561198869428936,122.53433333333334,30068.33333333333,88.03233333333333,83.36842105263158,0.6333333333333333,308383.7833333333,12.034685805065116,196552.06666666668,0.03825322426639608
76561198870279063,71.45533333333333,18713.066666666666,89.75133333333333,87.88888888888889,0.3,572471.75,11.94288208624552,362988.15,0.22113581444818675
76561198870768812,109.664,32495.0,84.51233333333333,84.6470588235294,0.5666666666666667,540201.0833333334,12.10391762940667,406431.06666666665,0.05398915475148332
76561198870946600,205.89566666666667,18084.63333333333,89.98766666666667,86.0,0.5333333333333333,337408.7833333333,11.896626268703336,204872.13333333333,0.039550775716503665
76561198871845380,143.57666666666668,28121.166666666668,80.77766666666666,84.85714285714286,0.4666666666666667,426448.65,12.2111715380375,281890.3333333333,0.023209435144986416
76561198874472241,256.323,13243.333333333334,89.06533333333333,79.38461538461539,0.4333333333333333,576174.9666666667,11.831884726900418,322861.23333333334,0.004859753774209364
76561198876451323,43.91966666666666,19580.7,89.784,81.0,0.4666666666666667,175272.8,10.79126505376296,130670.56666666668,0.02156968404435371
76561198876615080,159.06066666666666,20473.33333333333,92.7525,84.41176470588235,0.5666666666666667,424930.7333333333,12.380717948428064,329226.7833333333,0.03837110368790106
76561198880142983,172.8766666666667,28839.666666666668,81.7195,81.35714285714286,0.4666666666666667,705147.7,12.188345791856015,452589.75,0.0
76561198881008111,101.77066666666666,20890.0,85.89266666666667,82.42857142857143,0.4666666666666667,699826.0666666667,11.692933077439104,478143.75,0.05045658211927471
76561198885046549,175.61266666666668,31016.4,90.56566666666669,87.5,0.4,505923.8,12.57353564350181,369604.2333333333,0.17021171593544884
76561198887083618,33.961333333333336,21868.33333333333,85.88366666666666,78.94444444444444,0.6,334554.3,11.818477173514353,240185.4833333333,0.0
76561198887943085,498.9026666666667,15591.666666666666,94.55733333333332,88.3,0.3333333333333333,238518.86666666667,10.763651953065688,152774.93333333332,0.0036680501473901387
76561198888074333,62.736,36175.0,87.25433333333334,87.73333333333333,0.5,391601.7333333333,11.840817036016611,299458.6666666667,0.15480744707982658
76561198900476414,132.47766666666666,17353.333333333332,90.75866666666668,82.92307692307692,0.4333333333333333,645705.5333333333,12.181189875469652,433779.75,0.020657569955187416
76561198902671770,103.56866666666666,19381.166666666668,88.49600000000001,85.0,0.3666666666666666,235067.8,11.480061498502955,163228.68333333332,0.07883658506755582
76561198906743730,104.013,33401.666666666664,85.53866666666666,84.23529411764706,0.5666666666666667,763428.7,12.213049907408427,516190.8,0.0
76561198907957525,51.675666666666665,19193.066666666666,91.99116666666669,82.77777777777777,0.3,685649.8833333333,12.038405296187705,467615.65,0.1939210589123185
76561198908664868,386.61266666666666,36347.66666666666,86.19966666666667,85.6086956521739,0.7666666666666667,222316.46666666667,11.65977510525149,181940.0,0.009449595546964317
76561198931909013,129.062,21870.0,79.57566666666666,83.125,0.2666666666666666,349201.9,12.025942216882838,197998.75,0.20947038374321383
76561198937925146,151.029,30901.666666666668,88.60466666666666,82.375,0.2666666666666666,106521.81666666668,10.009092263712978,88034.65,0.16862545162408102
76561198950687868,250.91333333333333,27304.766666666663,77.07066666666667,81.75,0.4,418562.6,12.158155949449055,285012.23333333334,0.35180540425644985
76561198954743459,89.70533333333333,25877.766666666663,87.46166666666666,82.5,0.3333333333333333,899197.0333333333,12.756317053329555,610973.2,0.032532439542799385
76561198961057393,164.75033333333334,26963.0,85.46233333333333,86.26315789473684,0.6333333333333333,922213.7833333332,12.582608337817346,594250.4,0.044216400169144826
76561198962774260,39.44233333333333,17333.0,84.365,78.66666666666667,0.4,647718.5166666667,10.96592407014362,421508.4666666667,0.003397364929390587
76561198963902506,87.60533333333333,11712.633333333331,82.214,78.91666666666667,0.4,840841.4,12.270537461121082,493938.56666666665,0.030565110191160358
76561198964730990,373.7376666666667,30737.666666666668,84.47266666666665,84.46666666666667,0.5,782767.4666666667,12.44693730739437,538203.1,0.04154072419781076
76561198966274908,154.55900000000003,19897.966666666667,92.23133333333334,83.61111111111111,0.6,635051.6666666666,12.083260477752678,395444.1666666667,0.0406468295817994
76561198966998552,262.77866666666665,28951.666666666668,84.40666666666667,86.8,0.3333333333333333,645271.85,12.034080404383698,427493.0,0.0
76561198967733216,289.1453333333333,25203.33333333333,88.46433333333333,84.3125,0.5333333333333333,839711.0,12.49725842857776,518482.3,0.0
76561198968237390,74.81266666666667,28082.666666666668,88.64466666666667,87.4090909090909,0.7333333333333333,284299.38333333336,11.991586933153432,213797.06666666668,0.031224658925850343
76561198972795993,95.657,24649.666666666668,89.568,82.63636363636364,0.3666666666666666,532557.2666666667,11.61700926855892,338953.13333333336,0.016046917632792163
76561198974123949,60.38533333333333,23016.1,87.62216666666667,80.0625,0.5333333333333333,684148.4333333333,12.249595364505987,439868.6166666666,0.11772726269071959
76561198974989829,126.61633333333334,41616.333333333336,83.99966666666667,86.88235294117646,0.5666666666666667,656800.9,12.066973103723402,404069.6,0.1498384884519901
76561198975067132,118.253,14185.666666666666,90.59333333333332,86.10526315789474,0.6333333333333333,680067.8666666667,11.710464398536008,421775.3333333333,0.0
76561198975990427,86.47433333333333,26897.966666666667,89.23066666666666,85.66666666666667,0.6,378433.01666666666,11.997113037855296,266980.4,0.006071165625252966
76561198976541186,18.98,18273.0,95.36033333333332,85.53333333333333,0.5,197868.88333333333,11.017126690537706,168648.25,0.015367053038285916
76561198976557185,265.72766666666666,18687.63333333333,88.20866666666666,83.5,0.4666666666666667,886942.7666666667,12.752217291795294,621466.4,0.012416220616847074
76561198981659881,119.525,29101.666666666668,83.508,83.66666666666667,0.4,610092.1333333333,12.468632910823208,433559.0,0.07651119012758838
76561198982027831,140.175,17333.666666666668,86.19666666666667,84.16666666666667,0.4,926145.9333333332,12.836705451424182,586949.9333333333,0.00772130075500862
76561198984355584,190.6773333333333,38205.0,88.60333333333332,86.75,0.6666666666666666,506904.4,12.690177157666888,347786.0,0.0816090708212128
76561198985222961,130.29666666666668,23046.666666666668,88.64200000000001,85.8,0.5,836075.8333333334,12.682642858127874,509326.5,0.055412008493438046
76561198986771778,50.14433333333333,35470.99966666666,84.97666666666667,83.125,0.5333333333333333,579116.2666666667,11.957710652981572,379072.1666666667,0.018499930201485045
76561198986772742,96.36333333333332,23713.766166666665,87.37666666666668,83.14285714285714,0.4666666666666667,319575.86666666664,11.864587120268,268840.13333333336,0.028693486457504584
76561198988021642,39.08633333333333,17517.3,88.16233333333334,84.44444444444444,0.3,649169.55,11.51067228722236,447733.05,0.030308974151237858
76561198989511606,52.872,23114.966666666667,89.66533333333334,84.18181818181819,0.7333333333333333,582939.1333333333,11.995998358756518,350680.6,0.11562515761335551
76561198992122481,40.61866666666666,13148.5,86.00533333333333,84.0,0.4333333333333333,784639.0333333333,12.035886780989577,472940.7,0.002215730042016807
76561198993588247,84.34266666666667,27519.158333333333,87.83866666666667,83.45454545454545,0.3666666666666666,808052.2333333333,12.69175751076415,549524.5,0.0047860315854371845
76561198995117447,298.64233333333334,25720.583,87.91166666666666,84.6,0.5,405021.1,12.16558133257359,328332.48333333334,0.03589020087574099
76561198995486953,17.679,19515.7,90.44466666666668,80.76923076923077,0.4333333333333333,603642.95,11.5747322201498,382161.93333333335,0.11882270867507588
76561198999705859,100.84266666666667,20228.966666666667,86.91866666666667,83.0625,0.5333333333333333,761582.0666666667,12.593648918135829,465925.8,0.027534641421620477
76561199002493106,102.37933333333334,18810.666666666668,91.647,83.36842105263158,0.6333333333333333,318981.26666666666,11.891875170176746,250594.46666666667,0.0
76561199003329860,125.881,22608.0,74.17800000000001,85.9,0.3333333333333333,774749.2,12.333832861386805,496387.85,0.08839300609305614
76561199003732668,46.678,25482.666666666668,89.88166666666666,82.47619047619048,0.7,208429.26666666663,11.181146590744644,180556.2333333333,0.0
76561199006086136,37.37433333333333,21161.33333333333,87.62666666666665,78.66666666666667,0.4,511511.95,11.422849294559324,304365.65,0.019398339323778352
76561199008988100,97.32333333333334,11266.0,92.90133333333333,88.08333333333333,0.4,625229.4333333333,11.64641387774994,381695.68333333335,0.020327430900434974
76561199010475789,72.11733333333333,13977.333333333334,88.96266666666666,79.94736842105263,0.6333333333333333,551062.3166666667,10.945958191656304,351134.4,0.0
76561199010548373,67.027,16704.633333333335,91.31133333333334,87.0,0.5666666666666667,655637.95,12.197677194267149,391487.3333333333,0.0060323949055355805
76561199011315469,97.99333333333333,15658.8,90.274,80.15384615384616,0.4333333333333333,442529.8333333333,12.035482404986906,352651.26666666666,0.0030682359344173073
76561199013537219,544.971,18692.833166666667,89.076,86.5,0.5333333333333333,764957.6833333333,12.256452673716714,491390.9666666667,0.0
76561199015330455,69.27066666666666,22633.5,84.60733333333333,86.28571428571429,0.4666666666666667,798363.4,12.695049201537248,467587.7333333333,0.07951898831636287
76561199016522989,297.91866666666664,34460.066666666666,89.40466666666666,86.25,0.4,689069.7,12.38866569000533,463305.4,0.026132411978213296
76561199017224533,82.77733333333335,30875.666666666668,82.37633333333333,87.21428571428571,0.4666666666666667,498102.93333333335,11.344974967356515,281444.56666666665,0.03941900359196559
76561199017665090,140.053,20040.0,89.63166666666666,88.05882352941177,0.5666666666666667,1035542.4833333332,13.136167291344874,686314.3,0.019023750532536493
76561199019851662,51.42366666666667,26243.16633333333,83.95533333333333,83.76923076923077,0.4333333333333333,717247.1333333333,12.39231449016922,442653.43333333335,0.0
76561199021482467,125.29533333333332,19754.216333333334,89.94833333333332,83.93333333333334,0.5,809355.6666666666,12.713292939220134,517904.26666666666,0.03125415684542654
76561199023588691,168.719,13246.249666666668,88.97633333333333,83.0,0.3333333333333333,706392.35,12.162002712839673,406478.2833333333,0.007039317840116802
76561199024416168,117.34966666666668,22026.33333333333,91.24533333333332,86.6875,0.5333333333333333,763325.1833333333,12.445797487986432,478863.1166666666,0.09902314734596604
76561199025426416,95.262,20482.83333333333,86.791,82.75,0.4,689850.9666666667,12.144838224189971,469607.06666666665,0.2550334865948647
76561199028361033,70.71433333333333,19904.266666666663,86.96733333333333,82.16666666666667,0.4,674326.1666666666,12.045987361573331,437427.3666666666,0.04384778192068558
76561199028905855,18.183333333333334,41692.499833333335,82.95866666666667,84.0,0.4333333333333333,699028.5666666667,12.14743896085697,432785.25,0.13693858845096243
76561199031051001,177.736,38224.63333333333,88.08333333333333,86.84210526315789,0.6333333333333333,388963.9,12.457314654799069,291795.9666666667,0.07386798397623441
76561199032352779,208.30366666666663,22977.966666666667,85.31166666666667,81.61538461538461,0.4333333333333333,710819.2,12.53926998060728,422537.06666666665,0.1978153689085326
76561199032380262,156.88500000000002,22625.666666666668,88.70633333333333,85.21052631578948,0.6333333333333333,701617.6833333333,11.7906271061118,459516.88333333336,0.0
76561199034190035,72.23366666666668,17498.733,91.97416666666666,83.0909090909091,0.3666666666666666,210891.55,11.485663413427234,162265.96666666667,0.06934901084905007
76561199034795612,30.30433333333333,16430.0,91.164,86.46666666666667,0.5,208348.95,11.17239976813442,156365.85,0.0
76561199035689662,37.549,12025.0,84.25166666666668,76.5,0.3333333333333333,158995.73333333334,10.386857783316588,116749.05,0.6924285600149138
76561199037612036,242.4826666666667,26851.8,83.60266666666666,81.4375,0.5333333333333333,528174.7666666667,11.400478651566168,345981.5333333333,0.07851145373964874
76561199039143583,338.228,7850.0,93.76833333333336,86.22222222222223,0.3,571529.0,11.660128428752898,328107.4666666667,0.00986514028012662
76561199041231560,47.06666666666667,26109.43333333333,87.135,83.14285714285714,0.2333333333333333,683461.2166666667,11.905685393078183,461058.7333333333,0.10063739376770538
76561199042135432,235.18,16242.366666666669,87.655,86.8125,0.5333333333333333,912165.4333333332,12.795691525239803,517922.7333333333,0.0
76561199044097396,61.373333333333335,25062.166666666668,82.37333333333332,82.5625,0.5333333333333333,733088.0,12.142864576060123,463451.56666666665,0.4334401477297415
76561199049721392,90.62433333333334,21991.666666666668,82.83333333333333,83.8,0.3333333333333333,744411.7666666667,12.225632071330496,474342.1,0.002420247689178403
76561199049965144,22.741333333333333,14173.133333333331,90.30533333333332,78.0,0.2666666666666666,152599.23333333334,10.294834100991036,123014.86666666668,0.2077421435272045
76561199050075632,230.2853333333333,30404.733166666665,79.807,82.85714285714286,0.4666666666666667,461905.13333333336,12.60171143332784,318066.4,0.03676164063133272
76561199051043192,111.06833333333331,11321.991666666669,84.337,82.66666666666667,0.2,710195.9,11.978847225391286,446699.76666666666,0.02300385648474663
76561199056252159,136.26566666666665,17292.0,86.079,85.33333333333333,0.3,671321.4,11.623022803493898,397837.5833333333,0.1582570322189253
76561199056820731,174.77700000000002,18716.33333333333,90.38733333333332,88.64285714285714,0.4666666666666667,697954.55,12.323238035477312,476301.35,0.051955730254362224
76561199057510412,39.78333333333333,19690.0,86.90466666666666,82.0625,0.5333333333333333,492747.76666666666,11.27910681715008,290690.4166666667,0.2262505236698785
76561199058171615,313.51866666666666,22890.666666666668,91.407,86.76923076923077,0.4333333333333333,441850.3,12.129137585048827,329291.01666666666,0.07570203156430877
76561199058351895,331.3456666666667,14612.3,86.35533333333333,85.85714285714286,0.4666666666666667,387313.55,11.792980295688857,244414.1,0.13928656579181659
76561199059767033,107.50866666666668,31328.999666666667,82.11233333333332,79.4,0.3333333333333333,316570.86666666664,11.556983605092675,234139.2,0.26056814024295716
76561199061202498,114.49233333333332,33649.666666666664,84.994,84.2,0.5,718761.4166666666,12.28000560697164,458833.2833333333,0.04766258002719251
76561199061428348,67.12333333333333,28275.3,85.756,85.41666666666667,0.4,758382.0,12.393169287525382,450010.76666666666,0.48498286735859364
76561199064718165,105.941,21349.63333333333,85.628,84.6875,0.5333333333333333,515815.8333333333,12.4462288151391,345417.6,0.021820321373846447
76561199065212767,74.61966666666667,13265.933,85.932,81.81818181818181,0.3666666666666666,778073.3166666667,12.500336165899848,475600.5,0.04567607288516432
76561199068146505,219.3853333333333,19285.666666666668,89.27133333333333,85.70588235294117,0.5666666666666667,629102.4166666666,11.959322449266352,420951.8,0.017419882216374232
76561199070380893,140.56733333333335,19578.666666666668,87.909,84.23529411764706,0.5666666666666667,484253.7333333333,12.196831262892164,324074.0,0.1488918715111619
76561199071386893,187.3203333333333,18407.7,87.08833333333334,78.77777777777777,0.3,740552.1333333333,11.978633007067833,480900.6166666666,0.0299362411270533
76561199071636074,227.8573333333333,26279.266666666663,80.58833333333334,84.61538461538461,0.4333333333333333,841838.9666666667,12.595626633315923,543362.3,0.02925222215070249
76561199071908460,28.826,15787.5,87.393,81.25,0.4,496736.6,10.748559168829006,304629.95,0.11703554661301141
76561199073816082,101.49833333333332,11394.666666666666,86.97633333333333,87.11764705882354,0.5666666666666667,537992.7666666667,12.262419632020489,335660.36666666664,0.00834824873971658
76561199076389886,98.63133333333332,39394.0,83.43933333333332,86.92857142857143,0.4666666666666667,740091.4,12.471729451152246,509775.76666666666,0.10271245783963176
76561199080519974,122.89066666666666,20346.666666666668,88.80966666666667,83.2,0.5,671961.6333333333,11.871778022484012,441062.6666666667,0.0
76561199080918647,33.157666666666664,12864.666666666666,85.32216666666666,82.57142857142857,0.2333333333333333,658320.25,11.796105941212383,390957.4166666667,0.09233661395554572
76561199081710235,125.02033333333334,27945.0,90.59966666666666,87.25,0.6666666666666666,728291.7333333333,12.577954196634062,486032.4,0.09998640221190686
76561199082377284,238.6483333333333,32033.0,85.35733333333333,81.9375,0.5333333333333333,703499.05,11.9699024785782,450868.4166666667,0.015551473926069741
76561199082847964,110.04666666666668,24551.999666666667,84.19133333333335,86.0,0.4666666666666667,833768.8,12.563753631034702,504566.75,0.23655116011389107
76561199083912200,224.22666666666663,23510.0,87.24533333333333,84.0,0.6333333333333333,792226.6833333333,12.389641458520371,522368.6666666667,0.006536540405542011
76561199085212273,63.28433333333333,28684.633,87.00433333333334,84.55555555555556,0.6,622066.5833333334,11.743488736884531,418713.56666666665,0.09320368917004208
76561199085433040,283.22933333333333,34448.5,82.57400000000001,83.1875,0.5333333333333333,375099.0,12.074266212461657,256927.2,0.0158469932492868
76561199086769864,192.10933333333327,17147.966666666667,87.65100000000001,80.78571428571429,0.4666666666666667,618688.8333333334,11.692577224092172,380784.06666666665,0.0
76561199087372221,261.733,15076.166666666666,77.02333333333333,82.5,0.2,534674.3166666667,9.29835742122839,268146.4166666667,0.007384115364385334
76561199097156418,55.241,19284.33333333333,88.14766666666667,83.07142857142857,0.4666666666666667,824516.8333333334,12.4970287745867,523905.3666666666,0.0
76561199097247135,46.40533333333334,22200.63333333333,88.309,82.5,0.2,272076.4,11.703680959211775,208292.4833333333,0.2812607746236065
76561199097271657,77.37466666666667,19143.33333333333,88.06366666666666,83.76470588235294,0.5666666666666667,341601.8333333333,11.627260621206013,254424.86666666667,0.04869380158880598
76561199103998320,411.41533333333336,28762.5,82.79133333333333,79.5625,0.5333333333333333,747878.4666666667,12.362335772525835,468095.2166666667,0.0
76561199104391040,138.593,8175.666333333333,88.32933333333334,82.36363636363636,0.3666666666666666,561750.0166666667,10.649877880164263,320087.18333333335,0.02026076353062565
76561199104812024,48.031,24304.333,89.16933333333333,84.375,0.5333333333333333,653415.2,12.247483340169124,424490.0333333333,0.0
76561199105469404,17.586333333333336,16220.099666666669,88.244,78.16666666666667,0.4,604373.8833333333,11.656257420831762,362792.5833333333,0.14424079304005002
76561199108308292,60.089666666666666,17445.758333333335,90.37766666666668,83.72727272727273,0.3666666666666666,617507.7,12.070788356034909,406703.6666666667,0.09037050186110757
76561199111379022,149.06033333333335,15896.583,93.72,84.35714285714286,0.4666666666666667,776340.5333333333,12.282543248368489,547611.1333333333,0.15270997649721252
76561199113407300,106.64633333333332,28729.666666666668,87.21533333333333,86.1875,0.5333333333333333,706747.7666666667,12.523817014606752,432488.3666666666,0.005251000972060299
76561199114607305,89.49966666666666,19714.866666666665,83.79549999999999,79.22222222222223,0.3,317399.51666666666,11.53048014329288,241158.86666666667,0.05093501279334374
76561199116914150,149.27599999999998,24757.966666666667,86.79566666666666,83.6,0.5,757799.5833333334,12.249089278526178,500178.5333333333,0.016390221245656818
76561199120414873,511.363,19474.666666666668,87.37233333333333,80.75,0.4,608758.3666666667,11.778511693497627,378736.0833333333,0.03218001041660556
76561199120639628,161.15433333333334,29175.666666666668,76.28733333333334,81.3076923076923,0.4333333333333333,325435.88333333336,11.919027971261892,217923.8,0.11776909504967288
76561199121565961,89.87633333333333,25795.333166666667,85.79166666666667,84.47058823529412,0.5666666666666667,671124.0166666667,12.46323842828685,391942.7333333333,0.11427925037737038
76561199122736062,47.022666666666666,21050.0,89.10933333333334,85.26666666666667,0.5,653180.35,11.604234264516766,418744.6,0.17008818442169732
76561199122977950,328.764,30756.666666666668,85.738,84.61111111111111,0.6,708608.3666666667,12.3416597704078,423833.1666666667,0.016577240817121097
76561199124943008,57.19466666666666,16685.36633333333,91.11066666666667,83.08333333333333,0.4,366608.2,12.080540069918642,290285.6666666667,0.04403091197314435
76561199126787166,156.61499999999998,14102.633333333331,90.41,83.28571428571429,0.2333333333333333,695864.7333333333,12.004649375831065,437614.93333333335,0.5387776820015112
76561199133897762,70.19233333333334,21979.3,88.18966666666667,85.66666666666667,0.5,895163.2666666667,12.723934301324102,602040.0333333333,0.04923139754104199
76561199135781565,53.844,13560.0,86.78,83.875,0.2666666666666666,652193.5,11.23938711714363,379539.2333333333,0.0
76561199136746247,322.27733333333333,18861.3,92.08366666666666,85.16666666666667,0.4,331265.06666666665,11.576767527814914,210689.21666666667,0.018043465669320004
76561199136855449,219.36533333333333,25241.33333333333,85.50566666666667,86.42857142857143,0.4666666666666667,782254.3,12.39932592202902,515657.65,0.11101419853638375
76561199138247965,94.90733333333333,20602.63333333333,92.53183333333332,86.5625,0.5333333333333333,687862.7333333333,12.232758353742582,424265.5833333333,0.007456396063528636
76561199138513253,71.57033333333334,23536.45966666667,83.76700000000001,81.55555555555556,0.3,522077.15,11.61349892365986,316163.7166666667,0.10117786233588405
76561199140016913,45.906,28046.0,89.51233333333333,81.86666666666666,0.5,598755.6,11.803703586035228,399500.2333333333,0.026997197171030655
76561199141759033,44.10433333333334,14849.866666666669,83.53666666666666,80.57142857142857,0.2333333333333333,489071.4666666667,11.030107580723516,267448.05,0.0
76561199142951886,102.301,37321.66666666666,85.35033333333332,82.23076923076923,0.4333333333333333,764179.2,12.205138775458424,530893.9833333333,0.08286657347761345
76561199142956823,30.30233333333333,17195.833333333332,82.50066666666666,79.5,0.2666666666666666,457665.0833333333,10.295944795436132,267870.75,0.0
76561199143159259,44.16066666666666,17869.733,88.029,88.0909090909091,0.3666666666666666,637001.1,11.415469685835578,390607.3333333333,0.006665056385018343
76561199143328855,107.707,20110.0,84.39066666666666,74.54545454545455,0.3666666666666666,722866.3,12.254918388109848,447623.3333333333,0.20330464439018203
76561199145933358,35.628,21762.99983333333,86.48433333333332,88.36363636363636,0.3666666666666666,641970.1,12.071173443463596,369241.0833333333,0.0
76561199148191143,66.023,28024.4,83.26733333333333,82.625,0.2666666666666666,358366.2,11.74661976494234,303739.7833333333,0.11576773750561674
76561199148448392,29.400666666666663,23926.666666666668,85.946,83.17647058823529,0.5666666666666667,187816.41666666663,11.316217069781242,143430.46666666667,0.20985918686651095
76561199148775972,42.688,23772.333166666667,91.25766666666668,81.7,0.6666666666666666,123839.76666666666,10.444769255852025,98302.43333333332,0.09624094202898552
76561199149640219,109.22833333333332,4920.0,82.038,79.75,0.1333333333333333,496588.1666666667,9.389529527129804,310152.9,0.023284556815234145
76561199150096251,107.40133333333333,20112.166666666668,83.416,85.125,0.2666666666666666,785422.9,12.424309162529198,493591.7,0.01881416742188179
76561199153422953,8.166,12271.666666666666,89.78999999999999,83.52631578947368,0.6333333333333333,672029.85,11.733512161467484,358575.01666666666,0.07551636868315781
76561199154157581,52.88166666666667,12149.691666666668,88.28500000000001,86.63636363636364,0.3666666666666666,694042.6,11.912853562290932,449856.43333333335,0.4357086576948533
76561199156024770,270.25666666666666,14827.966666666667,91.2125,84.44444444444444,0.3,369446.6,11.35594638246314,287702.3,0.12796107404072674
76561199159246290,108.15966666666668,34398.333333333336,84.68533333333333,84.28571428571429,0.7,353004.63333333336,11.872654857652831,258320.25,0.0
76561199159754169,42.736666666666665,15180.833333333334,83.521,86.1,0.3333333333333333,727948.7666666667,11.639214010256731,439298.51666666666,0.1596521332189377
76561199160326290,111.537,25953.0,88.02533333333332,83.16666666666667,0.4,775482.7333333333,12.43468792418299,533700.2333333333,0.142574511895903
76561199160469265,49.97,23525.0,87.42333333333333,78.83333333333333,0.4,86849.01666666666,10.12182930596774,67554.8,0.23989060102728305
76561199161773396,169.17466666666667,25420.0,88.87433333333334,82.73684210526316,0.6333333333333333,782100.5333333333,12.342969680391162,482174.56666666665,0.05599735184937067
76561199162150157,106.18766666666669,22080.3,91.00433333333334,86.35714285714286,0.4666666666666667,668798.9166666666,12.369860188480173,400828.4166666667,0.16842822298885932
76561199163724629,93.19766666666668,18777.63333333333,92.09166666666668,84.6,0.3333333333333333,614012.6666666666,11.565082959178794,404803.1666666667,0.015143440644079072
76561199163970610,62.87,14184.966666666667,92.12333333333332,81.0,0.2666666666666666,748567.6,12.713798062107408,490368.43333333335,0.10681300037113621
76561199166182764,30.015666666666668,12090.666666666666,81.376,83.6,0.3333333333333333,264238.86666666664,11.1364726790495,176194.98333333334,0.578975423945273
76561199167276604,36.20666666666667,14591.666666666666,88.843,85.0,0.3333333333333333,641849.9333333333,11.704772719425163,397161.9833333333,0.1997053949548886
76561199170689400,117.384,23206.43333333333,86.89633333333333,82.7,0.3333333333333333,186682.55,11.11388487649631,127583.4,0.3613468047888412
76561199171022045,75.25,23472.3,85.74199999999999,78.9090909090909,0.3666666666666666,631725.55,11.624324795097992,421304.06666666665,0.1327796234772979
76561199172855668,249.478,8537.966666666667,86.12766666666667,83.53846153846153,0.4333333333333333,774273.55,12.02290489491486,420028.8666666666,0.0
76561199175895006,71.47866666666667,11824.166666666666,85.49466666666667,84.33333333333333,0.3,771835.6,12.210963767027652,431870.9,0.1383070006901826
76561199176943260,373.1593333333333,15039.666666666666,80.91566666666667,89.0,0.4,755916.6833333333,12.292054390738995,436277.2,0.03068573031359258
76561199177263814,48.23666666666667,15118.133333333331,89.15666666666667,86.28571428571429,0.4666666666666667,884679.1833333333,12.781942132546302,600886.3666666667,0.0
76561199177394627,50.260666666666665,19167.33333333333,90.326,81.35,0.6666666666666666,257856.85,10.893017741693344,200493.21666666667,0.0
76561199177732895,48.21633333333333,28276.63333333333,87.03133333333334,86.875,0.2666666666666666,798280.2666666667,12.54810308519442,523838.13333333336,0.07687574749911856
76561199177743352,85.90266666666666,23366.666666666668,89.152,81.6923076923077,0.4333333333333333,905855.9833333332,12.909190332226151,635652.2666666667,0.010019091374734196
76561199177799021,100.752,14836.766666666666,93.12866666666667,83.125,0.2666666666666666,331744.68333333335,11.844016409296934,264156.9,0.01306839235614843
76561199177910149,9.836333333333332,16377.333333333334,94.08733333333332,82.41176470588235,0.5666666666666667,215161.1833333333,10.900460671958228,179046.91666666666,0.07401131858077198
76561199178946434,104.015,20340.33333333333,90.87233333333332,83.0,0.5333333333333333,776222.7,12.244479272624362,502833.88333333336,0.0
76561199181453644,300.019,29281.33333333333,80.45233333333334,84.71428571428571,0.4666666666666667,1020741.4166666666,12.863030207504732,538300.9666666667,0.031483561596654434
76561199182477254,30.849,24606.33333333333,92.71966666666668,85.0,0.6,761021.35,12.49236175634631,508327.8666666666,0.019147027996585516
76561199183568045,22.63533333333333,24950.0,89.622,87.41666666666667,0.4,439498.4833333333,12.401241660218927,289725.75,0.15223986098430184
76561199185923126,17.947,23402.657666666662,90.756,83.21428571428571,0.4666666666666667,91942.46666666666,10.844261052053763,70048.88333333333,0.26516966623948296
76561199185957759,324.5726666666667,32140.0,92.79233333333332,84.95833333333333,0.8,487096.9166666667,12.733508865604364,392472.1,0.022475706518725134
76561199186500350,176.79866666666666,22600.13333333333,81.95033333333332,81.625,0.2666666666666666,559159.7666666667,12.500202570255317,360272.36666666664,0.062274225295816714
76561199186714151,152.86499999999998,20337.466666666667,83.86133333333333,82.375,0.2666666666666666,791373.4333333333,12.445849255058883,494975.1666666667,0.020630403733141442
76561199190983452,136.06533333333334,25390.966666666667,85.94466666666668,84.25,0.4,747058.6666666666,12.395669142565334,457157.6,0.08174014444041589
76561199192245348,29.73333333333333,21463.33333333333,93.345,85.26666666666667,0.5,317195.73333333334,11.461796979014364,254435.9,0.007847533632286996
76561199194402331,40.832,22258.33333333333,86.64416666666666,82.0,0.2666666666666666,669250.8166666667,11.254898429590307,429862.2,0.03165001306165099
76561199195416934,81.69366666666666,21832.099833333334,84.27166666666668,82.28571428571429,0.2333333333333333,512419.2,12.194053092507398,362384.05,0.137982952574863
76561199195958449,43.220666666666666,33671.0,85.49333333333334,85.75,0.4,717217.8,12.224284681046374,489838.81666666665,0.07767888818620722
76561199196035407,254.12,33947.666,89.73533333333333,84.91666666666667,0.8,286162.26666666666,11.792450232491174,220881.9,0.011733301852143344
76561199199012410,94.627,19176.833166666667,85.88533333333334,81.9047619047619,0.7,191957.51666666663,11.48517987605358,140123.83333333334,0.11791208287979824
76561199200039007,62.348333333333336,26797.666666666668,91.40033333333334,86.88235294117646,0.5666666666666667,753290.2833333333,12.29998777332164,500455.75,0.06094255393087225
76561199200202957,79.87899999999999,20354.999666666667,83.21366666666667,76.57142857142857,0.4666666666666667,631359.1333333333,11.771149943550514,388493.8333333333,0.019279159729090247
76561199200353988,55.081,18258.33333333333,82.69800000000001,84.58333333333333,0.4,744300.2,11.889052848567468,463348.3,0.02216735353388646
76561199201774235,134.49866666666668,20718.33333333333,91.429,87.75,0.5333333333333333,363010.6,11.723724852914897,266562.95,0.02944267105497948
76561199203270822,86.13733333333333,13080.766666666666,91.1225,84.375,0.2666666666666666,750676.1166666667,12.111903456881803,529819.4666666667,0.027382629289661467
76561199205535040,182.967,22176.8,84.341,83.16666666666667,0.2,635040.3333333334,12.242694309787494,400863.93333333335,0.149475041947455
76561199205562180,71.63766666666668,32086.666666666668,90.641,86.88,0.8333333333333334,431695.7166666667,12.27546706467969,352669.5333333333,0.0648029667819071
76561199209636789,93.352,18798.166666666668,85.84366666666666,85.42857142857143,0.4666666666666667,617997.4166666666,11.301115044260596,379276.5,0.0
76561199212301613,20.635,18920.0,92.09533333333334,82.89473684210526,0.6333333333333333,419503.4833333333,11.792919264884114,297898.98333333334,0.0
76561199214725358,165.65266666666668,16363.333333333334,88.028,84.28571428571429,0.2333333333333333,448513.1,12.127513243338802,362039.56666666665,0.03174916190100572
76561199214927585,31.464,18756.666666666668,87.884,84.21428571428571,0.4666666666666667,631097.7166666667,11.773336793014844,404548.15,0.007362912111195864
76561199217005171,48.656666666666666,36115.66666666666,86.53333333333333,88.27777777777777,0.6,292141.13333333336,11.972392992276127,230308.95,0.09614989381379735
76561199217242920,95.39266666666666,13506.666666666666,89.94800000000001,86.92857142857143,0.4666666666666667,708020.6333333333,12.205083061565016,431330.2166666667,0.020532675467715897
76561199218023441,68.34633333333333,39380.333333333336,87.17566666666667,87.54545454545455,0.7333333333333333,234545.51666666663,11.789004130320528,192956.9833333333,0.22355746955457256
76561199218251849,18.661,18380.33333333333,83.963,82.2,0.5,220682.7333333333,11.129277448046578,135227.96666666667,0.5757997963667542
76561199218902109,82.99533333333333,20720.0,90.51266666666668,83.64285714285714,0.4666666666666667,600044.3833333333,12.079183938387878,356431.13333333336,0.1575590595455166
76561199218919589,121.03966666666666,30157.0,80.05,81.75,0.2666666666666666,605990.2166666667,11.656831172317586,365380.13333333336,0.42340114397759415
76561199221510423,187.5653333333333,23463.63333333333,88.47733333333333,81.375,0.5333333333333333,606315.4,12.303836467452507,368832.63333333336,0.026760453246513216
76561199221523939,57.54600000000001,19773.966666666667,88.40333333333334,89.3,0.3333333333333333,838975.0166666667,12.644693803566216,495427.55,0.02681912441061643
76561199222145594,82.16266666666667,17006.0,90.84966666666666,85.27272727272727,0.3666666666666666,617884.8333333334,11.960314526528766,409922.7,0.0847018921813638
76561199222262354,135.53833333333333,18851.966666666667,93.758,85.61538461538461,0.4333333333333333,284941.13333333336,11.191352888802552,222922.2333333333,0.05699248675036582
76561199223548527,121.746,17611.0,89.56,83.33333333333333,0.6,723007.2333333333,12.048647195569838,499769.3,0.008619037449553441
76561199226176149,19.3,11710.0,92.06233333333331,87.45454545454545,0.3666666666666666,629314.6,11.569889118287124,379908.5333333333,0.0
76561199229183744,81.106,9436.166666666666,86.24533333333333,81.45454545454545,0.3666666666666666,818839.5333333333,12.478543475779365,474017.8,0.020643766593511373
76561199229382365,152.63299999999998,39836.333333333336,79.74333333333334,86.25,0.5333333333333333,347047.88333333336,11.609635134423543,250414.51666666663,0.04350741102295484
76561199231536128,220.0103333333333,21461.666666666668,89.89433333333334,82.0,0.5333333333333333,157068.86666666667,10.633775974820493,128623.78333333334,0.07660549277230917
76561199233164979,117.08733333333332,28134.63333333333,83.777,84.11111111111111,0.3,646500.7666666667,11.945169120799475,391960.8666666666,0.06423125757981223
76561199244382821,76.63799999999999,24421.33333333333,92.31433333333332,90.3076923076923,0.4333333333333333,371496.3,11.86641893386165,277925.75,0.10226432492149239
76561199250115440,220.8973333333333,17615.966666666667,83.868,81.25,0.1333333333333333,668935.5333333333,12.054612782768812,392789.2333333333,0.02038805357541663
76561199252400135,69.422,25506.666666666668,89.47133333333333,83.18181818181819,0.3666666666666666,649435.4666666667,11.70047240695862,418657.1,0.02900137324383241
76561199256004350,187.653,20944.5,84.48,87.14285714285714,0.2333333333333333,874188.3833333333,12.694725697550234,549538.1666666666,0.24619377254826727
76561199262202976,60.464333333333336,20151.0,89.179,81.3,0.3333333333333333,842715.9333333333,12.942269369125617,548949.1333333333,0.025607382864829404
76561199264732687,17.738333333333333,14623.333333333334,87.363,84.5,0.4,627576.5833333334,11.433716139142453,377502.51666666666,0.11883867330639858
76561199266425816,80.24,15724.633333333331,92.66,85.13333333333334,0.5,804367.4,12.643552843482846,519679.6,0.0
76561199267496067,300.735,15837.0,90.04666666666667,84.4,0.3333333333333333,692741.4,11.797577314413171,409691.2333333333,0.08643379276328551
76561199268363521,122.261,16033.0,85.24,84.38461538461539,0.4333333333333333,409816.4666666667,12.026220346747367,281988.5,0.1608335173658539
76561199274384456,205.673,9896.666666666666,84.39933333333333,84.53846153846153,0.4333333333333333,806562.3666666667,12.301806813592735,486253.2,0.05378278464682612
76561199274730477,78.17233333333334,31660.33333333333,92.967,84.63157894736842,0.6333333333333333,239340.36666666667,11.52440924481938,198027.76666666663,0.06128766784497498
76561199289397551,133.32066666666665,25818.166666666668,84.88433333333333,82.0,0.4333333333333333,723628.1833333333,12.17552779340112,463595.56666666665,0.05337257039418745
76561199296937509,97.27833333333334,28265.0,88.42066666666666,82.06666666666666,0.5,800875.2,12.61410657098105,546024.7,0.04959994517449929
76561199305756354,104.58233333333332,24747.966666666667,88.938,81.88235294117646,0.5666666666666667,414228.8333333333,12.231539027045049,251160.76666666663,0.061125684070285936
76561199315863592,92.63433333333334,24230.666666666668,91.12766666666668,85.1,0.6666666666666666,614111.1666666666,11.857914727020551,368327.0,0.022680575596521087
76561199326716853,45.82233333333333,34609.5995,89.91333333333334,82.88888888888889,0.3,719004.45,12.374671273772414,511329.7833333333,0.292673878094379
76561199336091998,193.2623333333333,36592.833333333336,81.16633333333334,84.0,0.3,773151.4833333333,12.409207199765058,463802.9666666667,0.043258989939408785
76561199337941690,97.47766666666666,15246.433333333332,83.84566666666666,84.0,0.3666666666666666,749273.6333333333,12.17670919193879,478516.0333333333,0.17207360318431913
76561199347967453,79.562,25053.33333333333,91.29133333333333,85.10526315789474,0.6333333333333333,377146.0833333333,12.106295504495275,270897.5333333333,0.0719145655798832
76561199360923051,34.39866666666667,22395.33333333333,94.48833333333332,85.6,0.5,316074.7,11.774462728950978,248282.4,0.10237799914725378
76561199362890720,65.73666666666666,10333.333333333334,89.99166666666666,81.0,0.1333333333333333,596731.2333333333,11.45177583731424,368026.3,0.1741138887480351
76561199365659108,69.72800000000001,23439.733333333334,91.99533333333332,87.625,0.2666666666666666,300913.81666666665,11.887163310273456,231312.36666666667,0.20424124216001222
76561199375667566,71.00266666666667,24002.0,89.09766666666665,84.95238095238095,0.7,675306.9666666667,11.834422434158826,456998.8,0.0
76561199376134768,49.86333333333334,28691.33333333333,86.89633333333333,84.52941176470588,0.5666666666666667,743223.3166666667,12.285760498677837,525546.75,0.1960826258439735
76561199380289969,98.36933333333332,28135.0,90.76,83.625,0.5333333333333333,591395.8833333333,11.995323559026463,395808.7,0.011944779538338507
76561199403138420,155.65133333333333,32170.0,88.28999999999999,88.16666666666667,0.6,816204.1666666666,12.641284035455485,530615.1,0.24768392603982403
76561199418668383,43.20366666666666,11196.666666666666,91.94866666666668,79.07142857142857,0.4666666666666667,690058.05,12.140679082938275,441084.0833333333,0.01832406200091042
76561199422202390,48.617666666666665,17564.0,94.86,89.07142857142857,0.4666666666666667,292296.5833333333,11.170988513805035,255207.15,0.02846701816212214
76561199433626235,28.907,7154.0,85.21866666666666,80.41666666666667,0.4,615318.15,11.602135053281865,339306.1,0.0
76561199433753634,84.77566666666667,31263.33333333333,85.77166666666668,84.25,0.4,706177.4666666667,11.770897968362435,452727.1166666666,0.04174546941535897
76561199441452962,49.71566666666667,32821.333,85.70049999999999,83.08333333333333,0.4,285143.06666666665,11.728988281388364,159613.4,0.29516517261493697
76561199441844249,70.45933333333332,26612.666666666668,92.66133333333332,81.25,0.1333333333333333,402546.9833333333,8.630375790951133,238677.7333333333,0.16621408093557513
76561199442146005,44.535,11903.333333333334,93.07,85.71428571428571,0.2333333333333333,556257.05,10.458105619046291,372545.2,0.14871449421803076
76561199442822555,35.14366666666667,25501.825,84.913,84.05882352941177,0.5666666666666667,779390.75,12.318873654751457,526169.3333333334,0.004922650833246388
76561199442878224,91.16733333333332,29964.366666666665,87.28933333333333,86.9090909090909,0.7333333333333333,648091.0,12.373848953743607,416712.88333333336,0.16722729632690073
76561199443514192,55.852,10779.666666666666,91.36266666666668,80.42857142857143,0.4666666666666667,609011.6666666666,11.983722203318846,349861.36666666664,0.38963689751486075
76561199444606097,77.59533333333334,12860.351,88.99616666666665,85.81818181818181,0.3666666666666666,349922.9666666667,11.849110223150491,240350.4333333333,0.03339547910956845
76561199447044530,144.31066666666666,12761.0,88.65666666666667,86.0,0.3666666666666666,647210.2333333333,11.788986282490074,367213.31666666665,0.0072020548261620765
76561199447952692,37.177,13307.366666666669,92.25133333333332,86.5,0.5333333333333333,567946.5,11.565771262703798,331240.98333333334,0.0
76561199448991262,41.574666666666666,21485.493,93.07966666666668,85.21052631578948,0.6333333333333333,698310.3666666667,11.968093469595704,448788.8666666666,0.05951541002533593
76561199464469677,41.72833333333333,23235.966666666667,87.666,82.72727272727273,0.3666666666666666,736684.0333333333,11.707869800933643,460612.1,0.025194711826496786
76561199469179667,84.39033333333333,26994.633,84.65533333333333,86.33333333333333,0.3,682624.5833333334,12.45470512774446,443956.6,0.14514695600996952
76561199470080023,22.584333333333333,14500.0,84.08633333333334,87.1,0.3333333333333333,698688.2,11.595308784181675,424903.6166666666,0.0
76561199470418036,121.58566666666668,23388.8,86.94366666666666,81.3,0.3333333333333333,706664.3333333334,11.875082813729447,472526.4,0.010513848946010632
76561199470516845,95.98,21405.657666666662,88.25366666666667,83.63636363636364,0.3666666666666666,666151.8333333334,11.883269137605794,431610.3666666666,0.09760019448496213
76561199471838775,67.526,21821.1,85.70966666666666,77.0,0.1333333333333333,193640.41666666663,10.275457057984209,125461.18333333332,0.39623749864249824
76561199478273259,68.96700000000001,24170.966666666667,85.93766666666667,84.26666666666667,0.5,332481.68333333335,11.55064075730278,239667.01666666663,0.025799778638092612
76561199478662488,45.764,23097.325,92.32,86.83333333333333,0.6,310621.8333333333,11.926632789960452,249042.56666666668,0.12897328322116364
76561199479136443,22.77533333333333,32637.303,82.91799999999999,80.4,0.3333333333333333,133761.43333333332,10.772599259186372,78986.35,0.09358077452214383
76561199480061465,53.94266666666667,32692.83333333333,86.99766666666666,85.8,0.5,820401.1833333333,12.687721755465123,547468.55,0.0
76561199483983127,51.99966666666667,12611.633,91.94433333333332,84.0,0.4666666666666667,562663.85,11.674741765914058,359811.1,0.027519407175687023
76561199484238062,47.27,41523.333333333336,91.26033333333334,85.53846153846153,0.8666666666666667,623243.3,12.198457758108283,409260.13333333336,0.22228333685917775
76561199485777278,80.69633333333333,25581.5465,85.95166666666667,83.61538461538461,0.4333333333333333,733575.1333333333,12.261590514044734,494728.85,0.16599267211645305
76561199487796611,79.06133333333334,35849.666666666664,87.31166666666667,86.6875,0.5333333333333333,781385.1333333333,12.426732242036202,526966.9,0.22240117377226118
76561199488596444,62.17766666666667,32824.4,86.18533333333333,85.6,0.3333333333333333,723246.5666666667,12.439424599509875,437876.56666666665,0.611344909479824
76561199489499857,23.221,13651.0,92.708,85.0,0.4666666666666667,741312.2166666667,12.377026642774206,448156.0333333333,0.0
76561199489520002,79.53766666666667,14617.966666666667,93.12866666666667,87.26666666666667,0.5,346702.13333333336,11.791415328104842,233372.4333333333,0.0431116494071991
76561199491642775,42.302,8899.866666666667,90.39866666666668,84.0,0.1666666666666666,527445.2,11.154237356912027,313661.31666666665,0.007501615368855689
76561199499958759,184.47833333333327,35849.666666666664,90.03,84.25,0.6666666666666666,444415.3666666666,12.534187427258352,335738.1,0.08888125976853649
76561199502416746,134.41833333333335,18205.0,82.33500000000001,82.16666666666667,0.2,629415.9833333333,11.380123304896465,388215.13333333336,0.04633792513422028
76561199504742246,109.33033333333331,12260.333333333334,95.04833333333332,86.5,0.2666666666666666,394806.5,12.044596222556889,287236.75,0.03540036159528768
76561199508808924,32.285333333333334,24271.33333333333,91.49633333333333,82.14285714285714,0.7,197757.1,11.620704727123789,164082.45,0.0
76561199509552956,43.531666666666666,20811.3,89.72066666666666,81.38461538461539,0.4333333333333333,206183.6,11.228107412539902,128315.85,0.19198284773536506
76561199510293669,111.34366666666666,11203.166333333333,91.768,82.18181818181819,0.3666666666666666,767211.3,12.055410717751004,535829.4333333333,0.04283434771024246
76561199512269509,90.42333333333332,26763.83333333333,89.49133333333334,82.66666666666667,0.4,377156.7333333333,12.238304937847582,294841.35,0.2947764220149667
76561199512376287,28.251,9339.333,84.3285,86.16666666666667,0.2,653459.7,11.145826312601368,421046.1666666667,0.2227649758710606
76561199512732822,123.90533333333332,22317.816,90.58133333333332,84.5,0.6,475297.9,10.516021650487732,289848.8,0.0
76561199515983042,396.95866666666666,24863.33333333333,86.26333333333334,84.9090909090909,0.3666666666666666,787255.3333333334,12.331195842533152,485390.7833333333,0.0887279616013758
76561199517455475,148.333,20485.966666666667,90.893,86.36363636363636,0.3666666666666666,522328.81666666665,12.37834688462615,414951.0333333333,0.053620345214258916
76561199518636045,86.64200000000001,18279.866666666665,82.72566666666667,83.875,0.2666666666666666,654702.9166666666,11.565774003098406,394343.4,0.009818179020182666
76561199520743247,19.83833333333333,10634.333333333334,92.656,85.58823529411765,0.5666666666666667,694293.45,12.233796054740344,416722.5,0.03352096110224313
76561199521001438,35.587666666666664,16345.083166666667,87.27633333333333,78.75,0.5333333333333333,616116.75,11.795442989664084,375104.75,0.058138119011267954
76561199526209117,81.32300000000001,25373.0,87.653,85.2,0.5,675550.1333333333,11.820147207893358,404624.13333333336,0.0
76561199526487450,24.965666666666667,16335.325,93.4585,84.84615384615384,0.4333333333333333,278575.81666666665,11.915492066355458,225864.16666666663,0.2972749242292749
76561199527406968,60.12266666666667,18798.966666666667,85.61333333333333,84.0,0.4666666666666667,344408.38333333336,11.828316424942416,224703.3,0.25102568083030247
76561199529575900,61.19566666666667,16593.333333333332,93.252,84.25,0.6666666666666666,678146.0666666667,12.120648057014945,424207.3666666666,0.03396209971294264
76561199530756303,64.887,11272.5,90.71833333333332,86.33333333333333,0.2,761358.8,12.022063377688944,520930.63333333336,0.09748228972418718
76561199537429327,81.58733333333333,42739.66666666666,85.47666666666667,87.25,0.5333333333333333,339398.45,12.221085807471397,241988.06666666668,0.38945587958915195
76561199539087405,133.27133333333333,30545.63333333333,90.64466666666668,87.625,0.5333333333333333,837626.4,12.834130784590403,590485.0,0.08589243998459282
76561199541793625,74.18666666666667,27255.5,84.61933333333333,80.08333333333333,0.4,144691.51666666666,10.477111304873148,110246.91666666669,0.4990159956865564
76561199543961855,442.925,23336.3,92.107,80.36363636363636,0.3666666666666666,215386.26666666663,10.823756316459594,180007.16666666666,0.01845158134371884
76561199544472375,65.00233333333334,25583.0,84.607,85.85714285714286,0.4666666666666667,749993.8333333334,12.039459710574556,485199.1666666667,0.0026101627121077704
76561199545066123,74.11833333333334,28275.99983333333,88.86166666666666,87.66666666666667,0.6,287965.73333333334,11.877104933949846,228933.7333333333,0.1953992489487531
76561199546266669,44.115,35159.433333333334,88.55366666666667,83.875,0.5333333333333333,248347.03333333333,11.12363300598114,209243.35,0.24842646114322411
76561199551749900,1916.194333333333,24307.166666666668,76.06633333333333,86.5,0.1333333333333333,637560.8,11.036556656408171,380734.3666666666,0.1303409901187823
76561199552824101,93.134,36399.66666666666,84.61233333333332,80.28571428571429,0.4666666666666667,726738.1666666666,12.396350544158482,495577.6,0.014173126892434558
76561199553177714,25.625333333333334,16464.633333333335,92.35266666666666,82.91666666666667,0.4,623128.05,11.658159392221608,419140.25,0.011486029450023414
76561199557398352,97.93566666666666,25598.3,86.743,82.64285714285714,0.4666666666666667,834671.4,12.461074598760234,586990.3666666667,0.010210784630726975
76561199557989035,24.554,18037.666666666668,90.72266666666664,85.42857142857143,0.4666666666666667,638594.4333333333,11.548496128060568,440640.51666666666,0.005742445222774294
76561199559728739,70.79966666666665,17081.666666666668,91.368,83.6470588235294,0.5666666666666667,257406.45,11.581398626952772,184588.86666666667,0.00570624155480958
76561199559993324,27.00433333333333,11561.6,86.96566666666666,84.44444444444444,0.3,688230.5,11.927608253691126,426397.4666666667,0.05263352795230395
76561199568067378,43.77,14441.332666666663,93.90933333333332,81.41176470588235,0.5666666666666667,711037.75,12.442351490545668,471277.9666666667,0.05088721346432106
76561199571958168,26.045666666666666,20797.4905,83.46833333333333,82.25,0.5333333333333333,382628.2,11.946600511396078,276228.0333333333,0.03158554845975658
76561199572634759,38.46266666666667,16000.658333333333,87.21716666666666,82.11111111111111,0.3,646929.3,11.383856450468771,406072.3,0.054979720594862544
76561199575139982,104.92799999999998,12527.8,92.1985,85.25,0.2666666666666666,656806.6833333333,12.00750924838979,423069.31666666665,0.020204330588594083
76561199579773295,43.14833333333333,19718.666666666668,88.22133333333333,82.53846153846153,0.4333333333333333,680975.8,12.326118789480107,439197.6666666667,0.09579358028506316
76561199581122905,113.89,32703.0,85.144,85.88888888888889,0.6,915061.7333333332,12.962127602927444,556028.1333333333,0.036438668891035204
76561199587644940,49.354,17849.45966666667,86.48533333333333,81.57142857142857,0.4666666666666667,648253.7333333333,11.597182442915916,410269.4,0.024530264348718783
76561199589158503,143.364,28300.63333333333,82.02600000000001,81.76923076923077,0.4333333333333333,680552.3333333334,12.105648799897684,463317.88333333336,0.5095026180445115
76561199589538204,106.832,14597.433,88.17966666666666,78.0,0.1,193776.3333333333,10.858844956750737,146396.31666666668,0.09567358094952823
76561199592008364,50.248000000000005,18483.0,90.82066666666668,84.4375,0.5333333333333333,316040.9666666667,11.743057337919,252240.4,0.05582975110120469
76561199608316668,44.42733333333333,19161.666666666668,87.91000000000001,77.73333333333333,0.5,558565.5,11.650992174503475,356277.56666666665,0.04704311159796522
76561199627864130,49.763000000000005,19343.391333333333,88.21366666666667,82.33333333333333,0.3,501127.2333333333,11.021538076640544,312946.86666666664,0.057325054089718594
76561199630639323,97.454,16853.966666666667,88.44166666666666,81.0,0.4333333333333333,743567.1666666666,11.64431990244106,479446.13333333336,0.04771139888220768
76561199631745821,103.72966666666666,25638.666666666668,86.907,80.36363636363636,0.3666666666666666,613194.9333333333,11.047002241606531,393492.93333333335,0.07699179598250581
76561199638601866,76.98033333333333,35472.0,88.79066666666667,84.05882352941177,0.5666666666666667,184797.88333333333,10.772345821576948,146021.06666666668,0.4584071256294899
76561199639237662,39.72733333333333,25441.8,85.87033333333333,84.63636363636364,0.3666666666666666,736900.0833333334,11.929852504662206,512405.81666666665,0.021916061150173687
76561199642042062,21.108,22464.333,88.71333333333334,81.95,0.6666666666666666,436784.9166666667,10.620728691234364,249724.35,0.13637799254626998
76561199645738773,19.305,28568.66633333333,89.17766666666667,84.0,0.3666666666666666,218046.78333333333,11.30500911639674,171722.9,0.40448933782267116
76561199651398849,37.548,25499.333,87.28233333333333,81.3529411764706,0.5666666666666667,654092.6,12.002513359565825,406861.93333333335,0.05592841163310962
76561199651436954,42.580666666666666,17190.333333333332,90.02433333333333,83.0,0.5,683673.7333333333,12.206541022467468,421543.06666666665,0.030060590878489456
76561199653622095,109.50133333333332,14272.266666666666,91.96733333333331,84.44444444444444,0.6,466237.95,12.08072252545425,297496.8333333333,0.0922637167279546
76561199657362718,22.94066666666667,11209.166666666666,90.39,78.4,0.5,557573.65,11.32738509413458,352570.0,0.020226090494318675
76561199680990806,546.2323333333334,30481.633,88.52933333333334,81.77777777777777,0.6,386791.2,12.38087980643819,318125.5,0.1778589940666273
76561199682596889,18.497666666666664,10226.066666666668,86.17599999999999,85.16666666666667,0.2,666841.4,12.14076552915629,385154.5333333333,0.1631737336240607
76561199687646290,85.55633333333334,10328.991666666669,89.94233333333334,81.86666666666666,0.5,598815.1333333333,11.61879862200126,391696.63333333336,0.011314182858077913
76561199688154793,51.92466666666667,27304.966666666667,83.97433333333333,83.9090909090909,0.3666666666666666,333373.7166666667,12.044865433751651,250548.6,0.23594438096216314
76561199696739033,135.38733333333332,19276.63333333333,91.22466666666666,85.0,0.5333333333333333,609382.4,11.858807242679168,395204.56666666665,0.03671441444546757
76561199697755740,38.28333333333333,22955.491666666665,91.20166666666668,80.23529411764706,0.5666666666666667,190232.91666666663,11.309919788326914,156260.36666666667,0.22661732694819328
76561199698533340,45.080333333333336,25957.4,91.50533333333333,82.88888888888889,0.3,766149.3,12.60928451808544,521860.43333333335,0.08880443060906086
76561199699572362,108.83233333333334,11837.333,93.33466666666666,82.3076923076923,0.4333333333333333,680606.8333333334,12.011942976615018,416379.2,0.0
76561199729570190,44.21866666666666,41236.0,91.373,87.15,0.6666666666666666,359167.86666666664,12.01581491719251,276270.11666666664,0.2684386684356531
76561199729773816,142.56733333333332,25581.666666666668,90.653,82.84615384615384,0.4333333333333333,549228.8666666667,11.726307060221222,358459.35,0.03967715839533133
76561199738119259,61.33166666666667,17946.066666666666,89.98299999999999,83.41666666666667,0.4,763827.55,12.4974232291923,506117.1,0.06411587271393245
76561199739359982,231.09733333333327,21654.966666666667,84.36866666666667,84.55555555555556,0.3,700683.1666666666,12.036826887490124,437280.1666666667,0.0072855304835480585
76561199748150200,15.103333333333332,20975.666666666668,87.67983333333333,83.64285714285714,0.4666666666666667,59587.6,9.760712204624523,44528.083333333336,0.051820790112557934
76561199750937606,46.48366666666666,23563.991666666665,87.12433333333334,83.88235294117646,0.5666666666666667,178782.76666666666,10.95073649497134,136046.2,0.13130060021082673
76561199752752935,22.848666666666663,26410.1665,90.20116666666668,85.6470588235294,0.5666666666666667,238686.63333333333,11.471086742391128,156629.58333333334,0.413401219618942
76561199754121666,247.2783333333333,48614.66666666666,90.00666666666666,87.46666666666667,0.5,501968.0,11.476903064404697,311375.3333333333,0.16220588136175834
76561199755294671,6.547333333333333,14582.0,92.545,82.81818181818181,0.3666666666666666,138789.58333333334,10.035587952794424,87317.88333333333,0.32349047958456373
76561199766435421,14.380333333333333,31202.666666666668,88.44933333333333,83.8,0.5,290019.56666666665,11.732532107777828,215243.0,0.07730465218701468
76561199780856085,113.04533333333332,30089.33333333333,92.70466666666668,86.625,0.2666666666666666,614276.5833333334,11.055930198770405,395324.0,0.20131156822041896
76561199782026649,78.36999999999999,23922.166666666668,85.24199999999999,83.08333333333333,0.4,641267.8666666667,12.006859761103462,386204.7333333333,0.22330823869678024
76561199783971190,25.974666666666668,17304.333333333332,93.87566666666666,87.16666666666667,0.4,392700.8,12.008255964450957,273836.2,0.21252759098608903
76561199785196304,44.15833333333333,21299.791666666668,86.84549999999999,80.28571428571429,0.2333333333333333,132610.31666666668,9.979710137997833,83747.13333333333,0.08565389696169089
76561199786534958,139.27466666666666,22612.0,89.08999999999999,81.77777777777777,0.3,285183.76666666666,10.80376115497848,245007.7,0.2345939917285747
76561199792770301,23.616,10162.966666666667,92.88266666666668,80.66666666666667,0.3,676117.5666666667,11.87504907970737,458216.6666666667,0.022004855465221317
76561199795154363,64.65066666666667,22066.966666666667,85.50966666666666,82.9090909090909,0.3666666666666666,556647.2666666667,11.757213499444225,339398.3333333333,0.08197904636198647
76561199795377753,54.191,14255.0,92.64766666666668,78.81818181818181,0.3666666666666666,583094.6166666667,11.563520235683004,369506.6666666667,0.42987457941970686
76561199795834891,38.662333333333336,19528.33333333333,93.041,86.05555555555556,0.6,607619.0,11.998129405887306,377284.7833333333,0.11967720520403148
76561199798719870,32.845,11203.333166666667,89.50533333333333,79.58333333333333,0.4,566746.4833333333,11.407032879588453,337576.5333333333,0.01941442127162937
76561199801101431,95.32333333333332,14356.657,89.38066666666667,82.21428571428571,0.4666666666666667,637730.3666666667,11.316972747325869,418085.5833333333,0.1354023149281393
76561199802479009,36.73433333333333,19697.13333333333,89.86633333333333,86.625,0.2666666666666666,559181.4833333333,11.12503371961776,372530.05,0.16389753454987616
76561199803381158,14.714,9048.166666666666,86.61633333333333,77.63636363636364,0.3666666666666666,142850.45,9.855498219304964,73421.73333333334,0.0
76561199807197342,32.357,18765.0,86.212,79.41666666666667,0.4,218933.46666666667,10.430259361043484,171315.43333333332,0.04623419970949098
76561199808319799,35.89433333333333,16038.5,88.42366666666666,87.0,0.5333333333333333,720301.8166666667,12.443493286075103,487883.68333333335,0.17714959650084044
76561199811370756,36.21866666666666,28431.166166666662,82.63266666666667,81.625,0.2666666666666666,340558.88333333336,12.012686487464729,227012.61666666667,0.40380650861434253
76561199818269939,73.39533333333334,31013.0,89.70266666666666,86.5,0.4666666666666667,400263.3666666666,12.300036584863284,317376.4,0.2378534511730991
76561199819516004,21.886000000000003,20273.958,86.65633333333334,81.9090909090909,0.3666666666666666,642612.95,11.895067757796284,414167.3333333333,0.3429741996405617
76561199820531118,31.389666666666663,22477.5,89.38466666666666,82.0,0.3,241791.2333333333,11.006144795628504,177563.7,0.1506228164257877
76561199828159495,18.117,12869.325,91.62066666666666,84.92307692307692,0.4333333333333333,716299.1,12.18190659579818,479593.2,0.002925429154937352
76561199835282867,76.42366666666666,25796.33333333333,86.62899999999999,86.125,0.2666666666666666,757518.7,12.275225254314355,496434.56666666665,0.1291528365994827
76561199835618401,79.941,10311.0,84.95133333333334,84.5,0.2666666666666666,493295.06666666665,10.84714954524818,258930.1,0.47323651192754657
76561199836896572,1477.3149999999998,28522.166666666668,81.87366666666667,80.29411764705883,0.5666666666666667,902212.7333333332,12.917622960367677,516890.5,0.1337024714882518
76561199870547222,37.50866666666666,31712.833166666667,83.55533333333332,88.41176470588235,0.5666666666666667,368689.1666666667,11.755087878130654,266628.65,0.017044949611645308
76561199872409865,39.011,37655.99966666666,87.19,83.6,0.5,747665.0333333333,12.192435283295977,483048.56666666665,0.3033503370844121
76561199873886387,13.573333333333332,33540.666666666664,89.24333333333334,84.5,0.6,652146.6833333333,12.124216139739092,401470.9833333333,0.022396856581532416
76561199875437136,9.064666666666666,21262.33333333333,91.10066666666668,84.1875,0.5333333333333333,578033.2333333333,11.92326498657332,351484.0,0.13429432963153634
76561199875754390,59.501,9425.966666666667,88.31,87.57142857142857,0.2333333333333333,585478.5,11.334502456549975,332049.63333333336,0.028839851431068386
76561199879374518,88.39866666666667,32851.49966666666,88.455,81.96153846153847,0.8666666666666667,504684.05,11.301603394231028,315352.0833333333,0.0
76561199882387137,47.06733333333333,37204.55,82.815,85.18181818181819,0.3666666666666666,219051.51666666663,11.322132571592851,162471.23333333334,0.34523590317417596
