steamid,genre__Action,genre__Indie,genre__Adventure,genre__Simulation,genre__RPG,genre__Strategy,genre__Casual,genre__Free To Play,genre__Massively Multiplayer,genre__Early Access,genre__Sports,genre__Racing
76561197960612825,88.39532022587592,36.84388444210907,69.72398594531711,19.384871802946563,47.025509329382935,24.928062510533998,0.0,9.769919279231523,0.0,7.231487852463079,7.138809855455666,7.138809855455666
76561197961222873,91.14122907767472,29.83160541514269,63.265680389416026,17.04557637888455,15.053334242167512,3.091951131294534,4.001315112906908,15.810539544040928,9.53813434689252,0.0,0.0,0.0
76561197961774441,105.43009760998493,23.33685934056916,56.031872064863734,5.160204064418402,73.73137978178117,41.74155433948476,0.0,19.528533979338818,6.465024345681484,9.23757779257468,0.0,0.0
76561197964052205,134.85453486271825,26.97336274577909,93.02911754053507,33.987050901922444,50.882420589230975,4.414251781968619,0.0,16.19487155668017,11.442799228253188,8.637429216033688,24.80440525286372,16.060037431314285
76561197964909627,73.42329273647417,76.91192015494934,35.785323695369165,42.974548754928676,89.72476503361166,71.5307255012186,39.311516553746486,38.169368406112106,0.0,0.0,0.0,0.0
76561197970412468,102.36988332589576,12.357351068373795,27.05984220973189,8.37439314868428,21.18032364384281,17.124842473280104,0.0,34.12998880573174,20.62796868602295,8.600188655410925,5.880421248314658,0.0
76561197970935355,98.01588153776783,31.09655258502823,64.38727000303672,21.439878801095922,79.11461736194612,25.075765045610822,0.0,4.942356453342962,0.0,0.0,0.0,0.0
76561197975515451,87.06190334142242,38.32556698554542,67.18040305464093,21.32629604029993,63.20325381198356,21.15050727571427,11.173594090908196,12.525464259971343,0.0,4.234541192715384,0.0,0.0
76561197976062269,87.86751960208512,48.448302418202125,30.950618261771325,22.148651379544614,70.26246404117641,72.64339019299688,22.474686416707662,17.46780722640058,9.264660891690014,4.411949448325136,0.0,0.0
76561197977835402,0.0,0.0,0.0,0.0,0.0,0.0,0.0,0.0,0.0,0.0,0.0,0.0
76561197979876290,57.658005922448474,0.0,62.945448068181406,41.400684453969845,59.54127063180919,51.32141803515379,10.474080993519244,0.0,0.0,0.0,0.0,0.0
76561197984511411,123.66063367460038,26.63176406855496,53.99287265040849,16.072969449516513,34.82147241054207,11.093524984016003,11.233676208171204,49.92600106403186,10.944884209256777,0.0,0.0,0.0
76561197986853412,99.437096248181,19.240020845465065,60.160711044802895,14.714218594860547,99.78487069987295,14.25727192196223,0.0,6.179706046412927,6.179706046412927,4.664853188149265,0.0,0.0
76561197988181270,0.0,0.0,0.0,0.0,0.0,0.0,0.0,0.0,0.0,0.0,0.0,0.0
76561197989427343,80.48093940275598,42.673689082849705,17.81569367312813,25.031763398928963,28.998819510805184,20.591799255732123,18.789943747593213,18.15577715910692,11.291941190738424,12.233790972028018,0.0,8.99825470626671
76561197990751243,43.3741972601641,29.582964725317687,13.00809394316666,8.655479332288396,64.48337420429594,63.7954886018864,4.041646773221651,9.580126418539118,0.0,5.211560502621754,0.0,0.0
76561197991266305,88.69522939501786,16.9217474975751,53.69662734513728,6.854435617108583,23.704754437062267,11.317263282098281,23.256188823366497,44.363887858639075,17.28977123480508,0.0,11.457804181150046,8.47304159742667
76561197992664926,120.553116617237,5.158480421360237,41.11214086564367,16.906664833744777,43.29549301111951,10.577245913869524,4.802954902835411,23.292664023871904,18.010374418401064,0.0,9.780802666165894,9.835506044448756
76561197994874800,105.88670872259317,33.54850990086375,21.592503790223628,13.394628610227167,33.70492049237932,19.073258302424254,13.394628610227167,24.539220885325474,3.95928819789526,3.8426729272933526,3.752558230777119,3.752558230777119
76561197995444569,62.40247997177892,30.11461888998632,15.310797755678713,45.55141184612864,52.54423130184547,99.4860791452236,4.284689401784925,5.436774109695053,0.0,0.0,0.0,0.0
76561197995730646,115.83525794149209,33.58006637142544,61.31887645911765,6.638934214171274,29.502918673182403,11.474819216969895,0.0,11.217740255588792,0.0,4.34211568336104,0.0,0.0
76561197996331680,119.68743755729513,17.914319627892773,59.0131716310329,4.545101659521972,50.02554823700935,21.50852869464419,4.545101659521972,42.09203946423804,10.674755434899108,0.0,0.0,0.0
76561198000672368,106.11444907774658,5.1939008496276085,91.13550220122308,0.0,131.00635091922294,22.671657395498066,0.0,5.45992588174445,5.45992588174445,0.0,0.0,0.0
76561198001075422,96.29076923707075,24.866473097811312,60.49607609165372,10.850683246191782,25.717567725441427,0.0,5.874846457638221,12.994927485184538,3.48584485572244,0.0,3.671987586443718,3.671987586443718
76561198001198569,93.3541368357154,35.43842926286206,54.291976082034694,35.75546602616895,37.78159666013377,21.229061723396384,7.570129800874828,18.93509155328027,20.0833031492469,5.208228531766351,3.064791809485486,4.822858886619337
76561198003022602,32.057186998455734,35.97557440231359,37.47566858596745,72.22490075923045,55.976435155983886,116.65586682017351,0.0,7.533961053788201,0.0,0.0,0.0,0.0
76561198006572540,119.4279246280547,47.95619809108463,88.45286470470288,50.417203481956,82.99711321947673,42.12920193223897,10.443723090761399,13.27905611135816,36.459089471314165,15.025799523513868,5.282543612431996,0.0
76561198006847070,88.07950193660056,18.77029395367724,51.64715414414784,39.46855048980871,16.315640259079654,11.635444972479682,7.6665385031814335,28.743984929035534,18.180023877633886,4.821329403527856,12.992191242645804,22.88072529175781
76561198007100949,101.5389183497492,14.438203648126716,74.3008052613753,0.0,107.07435241766554,9.727653104876772,0.0,0.0,21.04828021507446,4.60487014097909,0.0,0.0
76561198008475336,40.60743846421652,27.416802672333553,22.239087948866803,2.4948569806411682,28.970083753282978,25.79885362688063,9.615166663284336,2.7067159780890733,5.731035708494977,6.923701066459591,0.0,0.0
76561198008608067,46.44507650156257,22.664763811183334,43.466950744761775,57.523143681486665,48.954366231922755,46.56747163436366,14.914091454139644,0.0,0.0,0.0,0.0,8.77324658415737
76561198008886047,66.08176124865959,27.846598187750914,39.71333521480691,44.396638015122946,22.821699577905854,33.78400679539856,10.11020201237789,28.649516025812257,12.554003306447886,4.116106054003613,3.9972828493789696,2.760009940032921
76561198009000791,39.95035747795198,20.066241850994196,10.721840805275665,62.40386940862373,19.98619102796488,67.24682024318278,5.072169306213528,11.117347184708859,3.5633162311385904,4.898585790287632,0.0,0.0
76561198010613920,85.48864297205748,17.95937228314367,23.760477738226204,7.010462036536682,26.880465170171895,20.891979686660203,3.245322994883049,22.38657725202651,4.954981629905421,4.072439726834051,0.0,0.0
76561198011617878,123.10691713079851,23.118580950474044,66.9352473272813,9.006747455426389,76.63964128006009,20.78113030535277,5.2049403170427375,12.23570937192002,4.084630870034462,8.8512938466315,4.384523514872469,0.0
76561198014439859,70.62189091061872,3.7360015611826713,42.69778639849362,15.999148125579698,41.08456134468559,17.98699118349059,9.98034557910718,10.802742882412046,0.0,0.0,4.015481713796376,4.015481713796376
76561198014489715,49.70221646037028,32.49361283334965,24.056537485891365,38.003344022888065,23.648479351490884,27.7182777447111,21.509559999500844,5.681979848695356,10.276392378030486,0.0,29.055442257680085,7.045166634805097
76561198014916777,58.140538902444064,43.397413576303755,54.083591878812676,14.786177353212071,68.79703966811432,13.344274664472717,9.254865023194922,0.0,0.0,0.0,0.0,0.0
76561198014942184,0.0,0.0,0.0,0.0,0.0,0.0,0.0,0.0,0.0,0.0,0.0,0.0
76561198015886343,113.60426879856216,9.077599067150079,49.999879386993896,9.997975594477717,40.257450589078545,11.27170814262623,15.036867168808381,46.220595220855195,10.743671747841116,6.0067717911751295,6.0067717911751295,8.846769275572466
76561198016615227,143.29828929423329,41.00340816317645,95.07180887319569,23.541347281750166,107.11249673218735,29.532407604912095,11.50991758182187,26.23922999908387,30.35845253197384,6.167726112522061,0.0,0.0
76561198017488621,96.50308359607578,44.53548047948707,34.477858445263344,9.188099568743286,57.64983036431201,18.44043381067044,12.58154762735495,18.126263074407234,11.893851477203727,4.972587226458726,0.0,0.0
76561198017725698,0.0,0.0,0.0,0.0,0.0,0.0,0.0,0.0,0.0,0.0,0.0,0.0
76561198021181507,77.22765615727187,22.07108247097709,20.690254650863515,65.66251239713688,32.93846261587619,68.79109534453438,11.80746049020987,15.676882937935208,26.102800088948705,10.24816466548316,5.00071962930888,0.0
76561198021642939,93.4534610825485,44.256214554356475,76.64152121718438,34.36788788962766,67.86478698283437,55.95465722717067,15.181298123995829,16.687003284135695,5.241058947707755,23.52977878561711,0.0,0.0
76561198022647651,77.41437101406018,62.502457678886316,65.3290108918594,46.37789271989486,12.187748290004873,40.586977334463285,20.94710518919974,9.633805175886316,4.703657132702745,3.63705970538414,3.4490347110763153,3.4490347110763153
76561198023268375,0.0,0.0,0.0,0.0,0.0,0.0,0.0,0.0,0.0,0.0,0.0,0.0
76561198023629256,68.36354522458838,50.34173876628349,54.7631390278442,43.76156775228186,31.832332807432444,16.960068567158224,40.17668292850521,19.66544300327992,7.41533801025155,11.347346024884096,4.7329475559299174,6.36826539941527
76561198024043746,93.77363849636937,26.17086826641863,40.09191101849832,45.32478545233602,42.607932400292206,23.705354164995736,26.564621383098814,9.214220325213343,8.799864767268513,0.0,0.0,4.58670066970443
76561198025419566,32.13517033783147,45.54474335015132,24.418764621544362,25.145071042448123,22.88624172461899,11.526855558745938,24.25922987840093,4.344454561766125,10.598450667039534,0.0,3.787592927049969,0.0
76561198025420677,99.36944062620337,43.44720898357634,66.10758946165645,30.87228164913958,45.63563106760305,12.563032367987654,26.321350956754493,58.088464964451205,23.539075666872108,3.677565694213663,0.0,3.5389282773504322
76561198025710872,60.64542037377011,49.69405799703169,62.95111620236261,35.946979094093535,98.69175441086034,41.4193921000075,13.491007523882857,0.0,5.062721607294587,9.44256689988276,0.0,0.0
76561198026512221,109.78161871189481,62.19802124769548,74.33327751476867,62.826548347542484,112.53979876103504,34.110632281389584,0.0,21.905510083030645,61.003607675443874,8.062139650607081,0.0,0.0
76561198027570687,97.59677211248902,49.50596011447994,70.5854490272474,38.7854649363444,85.24661870912985,17.041333121935548,5.903998521326706,38.043522303204035,40.422091750052175,10.219244450466809,0.0,21.199757154125912
76561198028531972,61.95512534116709,18.602387597935536,25.445209856340767,50.51020263993252,55.437295991877875,103.75910576248299,0.0,4.5685062016165,6.188120375585089,0.0,0.0,0.0
76561198028843852,84.39186239991291,3.722797672317397,49.01377951003421,19.911757513534226,56.59074754769407,5.643204101770268,2.785011242238338,21.353116868061843,25.335531426195395,0.0,11.700827560154131,23.30559454079009
76561198030076768,113.78204200254115,52.56666862863858,81.50714615014158,31.79402461199866,68.05436566738157,33.34933994476678,20.784954027461502,17.784137604082265,0.0,4.568817356522293,0.0,4.948405217560121
76561198030700598,117.45851339476287,48.08585460485614,37.4982892864697,37.69977014666074,49.01568704849328,42.99134860754837,10.323493889326155,62.47108723673047,49.17900035146711,4.444062025593334,5.472144615306285,5.472144615306285
76561198033159937,72.83690812950722,43.89809174221851,54.384000612211366,30.737864254467368,64.5095369264143,28.797922565706074,15.453427197578499,55.420669754851524,46.14781960592752,8.854451404791067,0.0,0.0
76561198033904301,84.84857538874746,53.37516631481671,73.2149601772472,19.097975466552963,78.19799987495115,11.521520660497586,5.218624597638788,0.0,0.0,3.9680251955434307,0.0,0.0
76561198035576206,38.52742023558231,40.45982923668191,38.50547559476494,47.028297605592364,69.51721187202726,82.54401393037782,4.390738575275903,0.0,6.075346031088684,10.254644299190948,0.0,0.0
76561198035678145,67.32426961239808,39.766166704485265,49.99946286428444,9.083635636044756,12.071904321765214,10.896016112090592,22.99632446578562,12.215073164623245,0.0,5.32544603393629,0.0,0.0
76561198037116274,102.74566799809504,55.481738816966256,30.533717223956526,74.86315275861804,58.44117073985586,68.98294170618534,4.876341706312883,18.385050965535676,32.536645957441166,5.09650713317022,0.0,0.0
76561198038492608,45.27679601876164,15.679211388142566,48.685895693134036,24.716092517226375,40.297854006851374,32.40044160759354,10.920033389675126,0.0,0.0,0.0,0.0,0.0
76561198038973945,41.72935240248668,45.01117847838732,29.61938842321771,20.756712470252165,18.132033972439604,14.104998695574432,18.670420636739674,16.361523357857287,22.709823017113248,9.416947869791079,4.037004955497125,4.2747476131934246
76561198040275236,87.09956877830204,36.832554108213785,62.47656015118976,8.704818392326018,103.50563864753876,27.16850416141869,13.737817220360366,10.16393498104684,9.649341179510923,0.0,0.0,5.265690863720943
76561198042424940,78.88892122786416,41.03502794337106,45.13224174330188,37.69452980546191,66.40749379837159,15.740821516998903,12.441963876764822,7.868745534036279,16.16404199653212,8.684778534936424,0.0,4.052132713412791
76561198042752440,103.41415178232774,52.881005185253,38.58909446141963,26.431330926716647,6.048017360942593,6.586661190185114,34.07763918570525,18.901938608999767,0.0,10.760648548489952,6.480480203217524,3.2120525995200753
76561198043309202,39.17482432665012,20.51991326535029,27.887175808940917,4.224348908792687,42.81551162420896,8.703048430726831,7.940843529939597,18.43625755771543,31.837299047712044,0.0,0.0,0.0
76561198044169133,120.20841091664089,53.88745053438062,36.928799904575044,52.132705519894586,4.2271256734559195,33.587575493191636,8.769312322503643,10.909762808049251,40.811408493886546,0.0,21.493383555688744,31.021805691430366
76561198044695535,96.37415056250909,33.211267768419006,76.08103645812294,32.76917003771967,81.50858891351436,40.57681862388424,0.0,16.066008169988073,40.879273535094995,18.2684555684433,4.139955073474153,4.139955073474153
76561198046112241,66.14973618627327,38.488023812248,33.45548321823515,45.89603767292716,43.024981659795216,65.52078689322637,9.792161310600502,9.449213608584216,13.547022312374349,19.849981371836606,0.0,0.0
76561198046544865,80.79788187201618,17.486982709166767,52.03915798092447,5.845901058259621,28.617501671094274,3.2669037938787824,2.9871959425317045,17.997330414480345,9.130298009585921,3.318540147981146,3.318540147981146,2.8986705607108596
76561198047089807,64.88511384599755,17.915073927869585,37.40618404868834,30.184536249524413,47.04994458941246,37.94707071173892,18.168397690505557,43.791646298031786,7.914318066052092,0.0,13.782289633230207,5.58097433428329
76561198047338373,0.0,0.0,0.0,0.0,0.0,0.0,0.0,0.0,0.0,0.0,0.0,0.0
76561198047882234,95.78620626837267,27.738358746095138,30.861414595619664,58.113851254732516,52.35707220859668,87.12092348171709,12.147008748586309,0.0,16.64419360096225,5.157732585734163,0.0,0.0
76561198048967211,99.60904897637094,19.067725189346373,32.76092284389869,34.574594627151164,57.76411917904691,54.24719931503644,0.0,25.59407719250858,9.6308532917279,4.86267651592981,0.0,0.0
76561198049192663,85.19446214385226,63.26799561405828,53.47388895464353,9.218264056508929,78.97888714862368,41.706516735321365,27.38383874448021,58.840006245741776,25.653179737049577,0.0,0.0,0.0
76561198050935092,114.0498555034054,61.31081803296304,46.4797565661133,54.818309220556365,78.75596346232707,44.20145759327348,18.072900057717664,26.012748827907835,5.774240938304763,0.0,0.0,0.0
76561198051250642,93.79468170124011,22.424445820987035,15.079740992484705,9.728221582447507,14.140312965703645,18.791817245331064,5.705015048058747,45.78774246293191,4.754624139156429,0.0,0.0,0.0
76561198051389016,5.450722949377138,2.4206218564588062,0.9296609508123267,26.475782097566427,1.1914193382543161,37.9117974503293,5.5714443050959,2.6192125174293093,2.290099795024993,0.5007752879124893,12.390349446767292,0.0
76561198052549305,39.13722907910803,23.300841592256468,33.17508635798722,101.05637850680789,35.02180826492834,145.23057077404536,0.0,0.0,0.0,5.2171073111224935,0.0,0.0
76561198055294662,0.0,0.0,0.0,0.0,0.0,0.0,0.0,0.0,0.0,0.0,0.0,0.0
76561198055617328,0.0,0.0,0.0,0.0,0.0,0.0,0.0,0.0,0.0,0.0,0.0,0.0
76561198055682730,118.9590108293787,23.79292963749703,75.75668413812562,53.91927727345837,97.01891732358874,100.72728611515848,0.0,30.122041624827524,36.43311524951793,0.0,0.0,0.0
76561198055895597,11.452154206778207,78.1175585505234,21.233127573772645,76.15113981217753,10.021895686111424,37.23852508475771,73.65489631032996,15.628977898526996,6.044175586020651,0.0,0.0,5.17230052596455
76561198056078990,77.96276921693095,28.841113105974006,36.16134632792378,57.18061363546961,42.291162263241425,71.94368041632022,0.0,5.379067516233146,24.179463038477657,4.449685283147696,4.175463613506893,0.0
76561198058903842,57.16029430122547,18.4818512771126,16.644150118258036,26.071318500553147,29.290736848405533,27.7467199714422,4.941732418559547,20.4557185291849,3.835681772171424,2.060513531794317,4.229458036029275,0.0
76561198059495299,119.95835371039973,25.59289340100122,108.1062043154147,0.0,101.72054450167155,16.149151413350285,13.977526492049865,0.0,4.50225113198025,4.720995751493682,0.0,0.0
76561198060883629,26.98235778963524,14.14784191148787,5.195619968309694,30.035892678398376,9.01069144766139,74.36170297699773,5.137150463826479,5.137150463826479,0.0,5.195619968309694,0.0,0.0
76561198061178161,64.75711763968248,23.09436013706253,43.35561828624568,11.434454227465396,28.244470520066287,28.92288929762737,11.519071276025052,13.44401059445972,3.8979240810486444,0.0,3.8979240810486444,0.0
76561198061442799,0.0,0.0,0.0,0.0,0.0,0.0,0.0,0.0,0.0,0.0,0.0,0.0
76561198062256620,114.18726608419315,25.95175592894582,53.863091637636145,6.005244170516354,74.32148970756627,36.05071597834482,10.828907109603229,44.63322699122198,10.679197264883001,10.08375565242985,0.0,0.0
76561198063490669,61.75637790732485,47.59816514503405,38.26568507510185,88.37757251361163,72.64676269101805,72.018115433345,15.528749071234099,17.61642880551817,15.488571473469644,0.0,0.0,5.299716387461744
76561198064339088,39.24967874378626,33.00860205741,25.991666673018077,47.754025992547014,6.2623491410274275,21.95429764085876,19.366004906421836,4.180522258463153,4.180522258463153,0.0,2.4948569806411682,4.479987842849763
76561198065931138,27.0158101930995,18.332682598539105,23.775034135189557,42.072873525709724,17.22423136098895,2.3243465847755584,15.970254087027739,19.372474207236202,12.568856725362917,14.27495915962712,22.71726571172904,18.097895153135692
76561198066122279,92.24796583836098,39.466897497348825,43.091333559742296,65.4827923278884,37.30637182085219,69.81007148623671,15.978689050043783,14.70357220348297,34.453569962472386,14.958663925298389,9.15518469132664,9.15518469132664
76561198067067279,71.64140005898284,59.72858700712098,43.84963007795731,76.55364091624254,96.49691892054396,97.5624227142146,0.0,10.847119892628678,33.63188526139712,10.352363410244752,0.0,0.0
76561198067362761,81.53327395796575,13.887283130641872,69.16674886254545,23.82714791191641,38.034447825342276,20.546612618769732,2.854744580253014,15.359706597249959,16.328479643619247,2.854744580253014,2.523325759691945,0.0
76561198069077998,73.34675185923457,17.467849228297116,60.2587409543972,14.831217857619546,19.717120002758328,7.102842259939258,5.286345994766816,11.280089581893222,6.391716088163259,0.0,0.0,0.0
76561198069752493,0.0,0.0,0.0,0.0,0.0,0.0,0.0,0.0,0.0,0.0,0.0,0.0
76561198070374664,83.07281568166471,18.469002947693713,37.7484478809374,30.076683625567053,27.12993656624495,8.34598520943686,16.5561899768627,29.353211221038197,18.07808348790205,0.0,31.915923812911117,15.425794722704264
76561198070384606,40.68115368819224,56.74009661487893,27.631447496034504,20.920782343179194,19.220915183392272,36.874255627297316,39.16471781385865,8.487627605151681,0.0,0.0,0.0,0.0
76561198070394564,50.49265301642536,33.886171891307185,28.323279435959982,68.11539506908503,110.55115993251277,92.01591009003089,0.0,8.633015194393217,0.0,5.428775290904015,0.0,0.0
76561198070426327,132.94855807178095,58.32871918059525,62.72697575366416,24.47765499452364,33.88870521649528,30.18609479842536,20.585643793373443,63.04500914078588,27.12170696609835,14.73965702683396,0.0,4.952794294406406
76561198070463763,40.30666783204097,1.8161105600918859,12.906497096797699,9.407715818285283,15.847217600659041,19.394058377332815,3.010910991746265,34.15507650347274,15.154928788779856,1.6053094018503202,0.0,0.0
76561198070682954,0.0,0.0,0.0,0.0,0.0,0.0,0.0,0.0,0.0,0.0,0.0,0.0
76561198071154203,34.816637431074454,75.74920921923409,36.17235870600359,56.33342500225064,44.721488330977,29.25298870032773,48.8808831936819,8.007395039620093,0.0,7.491734705541302,0.0,0.0
76561198071193898,85.50406739542606,47.03160946524082,57.780177339410756,33.16492988157709,78.95357956094787,42.91240780731187,8.753654008990823,26.890232409946282,28.149920857757202,19.524762020555016,13.348101011797759,3.851848282392076
76561198072888615,75.63269317221952,131.0936940688811,99.39448861806133,63.31249343840386,123.0450870007044,84.24936503778842,97.01787794933512,102.20806565913001,42.07697258609651,5.170768045601061,0.0,0.0
76561198073067799,89.85526825120147,16.81732668088776,43.30912530290512,15.784716302365243,46.523968393815935,14.475048002163412,16.103385790113983,35.418698033043,23.40459436713283,3.1484533605716547,10.867073875118152,0.0
76561198073458595,86.54280804600526,48.62643811057288,46.84001480587797,46.402578966033374,52.80386455362901,26.290829339187198,24.41273876474414,10.567196239042207,8.349737886274898,4.344065128386763,0.0,0.0
76561198074367777,92.20910684365478,33.83084980805726,19.616897679174826,21.452322686743727,49.43052689667722,44.52496087707668,0.0,29.031490295418383,24.060109784941822,0.0,0.0,4.614328123772857
76561198075247829,121.57668242577135,24.199113051781584,39.04399485640761,4.9652891923293785,52.660008614184235,21.60170084380264,0.0,39.016127793355885,16.182015671028534,0.0,0.0,0.0
76561198075601306,109.83895845129156,36.08353430328785,39.64258828184866,18.706863019205834,65.27033317236729,25.475480650970855,18.973191645312575,35.53961016078764,15.222445588072596,5.600087238317436,0.0,0.0
76561198076111958,142.4684447916499,4.422448549172797,59.96054921707842,4.604670060946409,59.69053252263678,14.328281923117162,0.0,56.96202517967707,28.91611318175662,0.0,4.131158535344817,4.131158535344817
76561198076319546,120.57465079462881,67.3223951817128,36.43721856409022,31.30568208302346,60.65365174964547,45.74004456869782,23.8142610593845,40.27945436527034,29.769700028550105,9.155307884986811,0.0,0.0
76561198078014024,63.379670278132124,48.65180001363287,36.33994249347889,20.059481061929993,31.79356801758252,81.05234763295542,21.84705164655744,40.941589853780016,6.718143210876719,5.1068541518367985,0.0,0.0
76561198078165637,0.0,0.0,0.0,0.0,0.0,0.0,0.0,0.0,0.0,0.0,0.0,0.0
76561198078169237,137.77456474934186,40.770659317505704,40.82989948711518,6.685985783221071,54.60427325164864,0.0,11.620459716351762,19.03121948340223,0.0,0.0,0.0,0.0
76561198078272251,84.95846412444634,28.755617819823517,52.44429891109242,14.976434640251346,97.36595979070003,78.18152318021744,0.0,13.391442902415957,0.0,0.0,0.0,0.0
76561198078817922,112.78316956252638,47.741527553752206,64.24110293029932,38.68560187533114,37.75709182622958,21.556281529784258,11.792824127784929,42.03899672779812,47.372452533649536,7.951499998409184,18.596742686614117,7.61359161065807
76561198078883021,91.80457280163778,56.93348206078711,76.30878362415524,25.754261252725176,84.94509808659946,36.60012029398325,3.9852734671677386,5.005086595165839,5.0084996819658345,18.26117649067658,0.0,0.0
76561198078942414,75.15401982946058,53.34310815867988,58.203079106152266,33.16725237929469,29.336598217974924,14.899630111129197,34.39309809808443,29.274769034262405,6.510436896009741,4.652530757347929,5.383485378917915,0.0
76561198079488752,129.80937772489068,29.31674744604518,41.8737086248118,17.508037980614112,53.4850677380387,27.9819006295358,13.515802864039294,23.666241999884594,4.629570072811626,0.0,0.0,0.0
76561198079917174,72.27476106291904,46.46574912876405,51.3407929621572,17.06400810777978,42.318365680183724,22.041116687766703,26.683020108145445,57.83690456572475,0.0,4.619073091157083,5.2889233809061675,0.0
76561198080951406,0.0,0.0,0.0,0.0,0.0,0.0,0.0,0.0,0.0,0.0,0.0,0.0
76561198080978566,45.070766663118796,38.85866904129219,28.872801331108022,22.539816937860145,30.708517283283467,50.93922225822565,8.328145464572195,18.47121959692882,3.2669037938787824,0.0,0.0,0.0
76561198081505083,0.0,0.0,0.0,0.0,0.0,0.0,0.0,0.0,0.0,0.0,0.0,0.0
76561198082199261,79.17358701848097,37.94674576324314,47.0577450282302,35.23965773229168,60.96105864960402,31.231155540421756,3.2872818575322613,17.30183959023687,8.248426136765579,10.479547125885764,3.147594622863237,0.0
76561198083275991,79.29775731230878,47.233139811836885,35.612353617900546,17.869294488832793,29.38612387992045,4.37449836825309,26.1473271839897,17.869691911188028,13.68639645439437,12.764256302455356,0.0,0.0
76561198086717023,0.0,0.0,0.0,0.0,0.0,0.0,0.0,0.0,0.0,0.0,0.0,0.0
76561198086810047,59.790495070277665,96.05267055963034,47.98324437969206,83.20162265683193,56.255654382714965,34.58086122764535,39.06956460030413,11.074234037338247,4.69162307371829,6.6921705873707396,0.0,10.155447665651042
76561198087883574,25.415051751878877,77.09057223394093,24.479800855600086,107.0322270191209,22.222791311478666,87.16220293079928,27.31414770906809,7.856779032066102,5.230573714461517,4.506454213048934,13.519164793740062,14.403146484872659
76561198087896550,91.44013392827033,41.55550213409035,50.76002345563651,16.272482466925467,43.64999378019375,3.4085039568445934,4.648421227982406,16.961584219007715,9.500393394004355,7.786911210273949,0.0,0.0
76561198088261628,0.0,0.0,0.0,0.0,0.0,0.0,0.0,0.0,0.0,0.0,0.0,0.0
76561198088724831,52.436520837354806,18.95385327101782,43.565107119731685,26.940356964738722,32.76315921543822,40.4630376892378,5.51163681904148,0.0,2.744060638625243,0.0,18.300703931284062,12.427600712011156
76561198089859684,67.94282632500884,26.61267001999222,63.748116450739545,45.55393042251191,54.255473364668575,28.06541586526667,38.06800254602372,14.245174461059356,8.507640610450094,7.820400935634014,0.0,0.0
76561198091122227,113.31899145783046,39.954731306119626,75.77036502322119,9.064057162283632,43.74634744027472,9.147043703420398,9.891812989248198,6.538675136323405,0.0,4.075501474420621,6.242262175204008,6.242262175204008
76561198091140590,35.379614617814255,64.26565622723723,47.728570055551955,49.836717335931766,58.883717743845544,72.31921144970147,13.766131584704787,4.145987795373939,0.0,3.769306703226551,0.0,0.0
76561198091232355,48.96404076477064,28.09263176669487,42.99113909468651,12.031900955020419,46.21873722088759,53.093530424728186,3.561897992353146,0.0,3.561897992353146,10.235809832845293,0.0,0.0
76561198092225547,77.13509939978611,31.73005024783361,52.27880082623374,22.173801406040706,65.15397348815247,17.8657949214268,7.936811466150474,5.104611250887444,4.261693475213995,4.454696072633257,7.842174885268099,12.296870957901355
76561198092251510,108.02777954978474,47.04615509641486,74.72581624533835,20.957232889325088,69.42005697713986,12.71090170579361,4.114473933517266,46.30007445219379,8.595335201600491,8.33792263956963,4.997414955925401,4.758320365481766
76561198092612698,77.9296941919809,83.34881850362969,70.65658126196442,43.9723327896158,99.23452682248617,94.98029774718422,25.551772509499763,18.422996879466016,5.573939509507377,12.79056737183213,5.1362689145936375,0.0
76561198092647624,38.674459945511956,64.70621394690136,25.285430943849015,62.525778120475685,44.78412033963474,37.312209008674444,47.455124288570964,21.784963296720502,0.0,4.402441819416474,0.0,4.199455046624718
76561198093260511,45.098182250403255,99.90077721076601,50.076791794857506,77.26480974447101,53.82312537858802,62.66867859458719,22.04939464601465,0.0,0.0,8.977348181638014,0.0,0.0
76561198093336856,139.22544230931814,58.503243319166586,65.31635696564437,19.360394377795416,38.508638502104375,16.844782953717882,21.719875227455844,41.766715838587814,48.72838734891593,10.650871466314175,0.0,0.0
76561198093697680,0.0,0.0,0.0,0.0,0.0,0.0,0.0,0.0,0.0,0.0,0.0,0.0
76561198095755900,76.97748133635638,55.29344984485046,61.434221484531776,22.337506750318664,57.153582912184085,37.027688055462875,13.89047116512144,16.65688808187018,5.000584958242754,5.284877454181334,0.0,0.0
76561198099004296,70.13617812531106,38.0743762965025,26.595621498417028,58.49468479566772,28.51244868645111,30.631882123502773,12.291378380347187,24.62340857701901,9.232875145911278,3.6579046498145056,29.541413725182373,6.007091802993681
76561198099250072,87.31870546340814,36.901755768679294,48.047433024737884,53.0407920090234,12.694533353155338,13.507748090714493,3.242592351485517,21.262851030459288,27.41473529542808,7.814787280792156,14.138809650058814,36.82003942862805
76561198099562777,99.77088462191328,63.396084310476446,72.93284215183336,46.39236976953896,74.48578698280623,81.05913095558914,4.771108263531522,12.779805054877077,5.175867206791472,12.573774721551601,4.561740628060756,0.0
76561198099813068,0.0,0.0,0.0,0.0,0.0,0.0,0.0,0.0,0.0,0.0,0.0,0.0
76561198099985988,58.022834945149306,18.819824500279623,18.373624385410643,63.890412333522534,10.54615913167491,35.74853058491766,7.039808980358522,13.779188437650506,9.747037688943722,0.0,0.0,0.0
76561198100098775,89.2023666590235,10.448708063867636,46.50345107947001,6.72132931060309,74.24526681791916,36.241042266273666,0.0,16.70436004269435,0.0,0.0,0.0,0.0
76561198100808600,0.0,0.0,0.0,0.0,0.0,0.0,0.0,0.0,0.0,0.0,0.0,0.0
76561198103186740,121.36506717596207,61.14172578414657,122.65855679235577,60.27878840818415,129.52912363672664,34.259627706611475,20.05813548143441,7.7606162081965095,41.81686558543046,25.446060742578176,0.0,0.0
76561198103234257,38.709327840427626,72.75954064892089,21.362357911687678,33.76764940550693,30.993789754855438,57.213321096518044,14.908960575711355,3.9373008126124147,0.0,13.518634377786789,3.3470931226689546,0.0
76561198103723769,0.0,0.0,0.0,0.0,0.0,0.0,0.0,0.0,0.0,0.0,0.0,0.0
76561198103942045,53.38219933812082,22.303870533901097,25.307420107802464,51.27128993756579,4.160912273160771,19.009230829864585,6.1425886514728845,28.309578987803505,9.737673199088555,3.2156706939192525,9.991070258536253,12.86914448862201
76561198104612711,124.19915816274059,45.884049822591564,63.707312330135494,36.62882834983131,50.71291770004832,34.13427306499206,4.290870315632018,35.767609972747806,47.534735674783,8.872701599216182,0.0,0.0
76561198105432969,80.01137773921835,40.29426257081712,46.350639433470604,17.559313053970087,25.858186547769492,35.73715638966775,7.7366947943095585,26.93571222374689,12.681527489557464,3.093312601892855,20.431889189509764,27.84295653605636
76561198107189063,88.11166897504387,22.629786104395702,35.18577201541582,13.736935348446405,64.61029081092306,20.613948112208803,5.124083019936701,45.94789506441705,29.772865854201978,9.05866949489496,0.0,0.0
76561198107786111,90.07319730032222,42.254343141635026,55.039510141013835,40.54529374480961,87.22316744743888,22.912397152200636,19.794527412336578,35.13462488261217,14.991391432910545,9.43373920270383,9.430537378487829,0.0
76561198112849349,45.524510314685905,60.83438850205286,45.408640916020026,73.408111697637,57.36139596067305,40.59920927272129,9.797541443229584,5.2836097376757625,0.0,10.14224898730718,25.295766749612106,0.0
76561198114540370,92.37119027895515,14.433762854978465,55.62234441468603,0.0,90.14354244782807,58.13271013403483,0.0,10.503452907987167,4.2336716274432,0.0,0.0,4.2336716274432
76561198115422851,86.28676535737043,61.80655014219221,51.30630463517254,26.04470125301929,55.2295366102084,42.95499209203233,38.57418253443279,54.511753758026124,10.8105813648995,9.019357138936932,0.0,0.0
76561198117435171,113.60570791495051,27.9451395719572,45.036354485609216,4.294833422971505,40.45940556681031,4.4298639640880415,9.009945838377835,39.78499062408196,26.60275720612966,0.0,9.155639129757095,4.815998211579652
76561198117724596,106.58499711171609,52.439556410734184,54.011212601177355,20.864497943488267,67.6410234096275,31.55464647450329,14.09072876443139,14.886861457339219,9.933149310642584,0.0,4.102973888920155,4.102973888920155
76561198117983678,93.01610517164877,43.219915737988046,75.89296774123689,34.93662504853012,37.382813981368905,37.081860487008576,8.548434267162278,26.756068903709792,15.632840607402652,0.0,2.2278615467981093,0.0
76561198118672016,0.0,0.0,0.0,0.0,0.0,0.0,0.0,0.0,0.0,0.0,0.0,0.0
76561198119156573,117.20098752930416,52.288222460324015,46.01863758000623,16.56344296185056,20.78525474225515,11.221307989367673,14.08242963136086,44.98553761368622,9.472964594959222,3.561897992353146,0.0,0.0
76561198121971834,104.39456188207622,17.769772993200444,64.65280749340643,26.005117624100244,49.927470961558555,4.264790324535862,12.671600308819029,14.632980565162669,10.18715787240871,8.290677586113055,8.235344630899798,4.209457369322605
76561198122264375,99.81803179586268,23.290973328807645,56.349590498546696,7.936177730085134,59.95911284732658,42.984440368245494,0.0,29.39623226731723,4.219066431358547,0.0,0.0,0.0
76561198122741582,51.26626263995977,11.407591314969407,8.284031217617072,5.869617765609916,9.557659820657099,9.684077042270726,3.4851455021107216,44.17743736267406,4.172835481879784,0.0,0.0,0.0
76561198122844648,114.92290660643833,29.857067811297384,55.29429152193148,38.214701130724734,85.8436109675296,33.200870945731964,5.6131281063880705,22.171201924677586,34.18711276828091,14.368122448365733,0.0,0.0
76561198123084475,94.87931766353869,38.6535627635342,59.06714997653168,18.32960951333229,75.72923572884199,35.245034032546116,0.0,27.646167557644432,11.075961082922507,20.36888675526369,0.0,0.0
76561198123843456,83.60156904941846,38.97619283762236,38.29316480508454,46.77957614625685,60.92818615951067,73.1666970872403,6.279646494601414,16.557948004942528,10.708914475597734,9.02567754855522,0.0,0.0
76561198123908949,99.04806061147609,46.30871544391289,87.14041898991125,12.90559782852187,33.05808777941988,4.432600920636815,28.829516276429384,10.570651431925436,6.176449221321421,0.0,4.394202210604015,4.394202210604015
76561198124133723,0.0,0.0,0.0,0.0,0.0,0.0,0.0,0.0,0.0,0.0,0.0,0.0
76561198124421887,75.09925223780772,37.757026243520876,49.68658988685282,25.535524845160595,89.94290877336815,34.850036241630406,10.228651938576794,19.132758605004458,18.925001907788268,4.219066431358547,0.0,0.0
76561198126548553,126.1196366376006,48.62658921203865,83.41102590435048,36.88648234039285,72.67786697666261,36.69902471867762,0.0,44.64151785862742,17.96863424932971,5.469409441390442,0.0,0.0
76561198127431044,106.17321760365871,0.0,50.523352805311646,9.534562192002483,52.95130601405599,4.127134385045092,0.0,6.010727813288828,0.0,0.0,14.295881060480507,19.00116803780337
76561198128667294,108.97044530073198,46.41059159988488,41.24477044599097,4.154969184038536,33.51134971518764,20.28406782681593,18.786468050466496,61.055632141158114,13.947644247056141,0.0,0.0,0.0
76561198129247774,109.60679794148467,7.529755483923544,50.47885656344503,12.897316584073515,60.528779229760566,13.679170413458102,12.39497957524594,34.09299761575048,12.39497957524594,0.0,0.0,4.865224091322398
76561198130015375,156.5110710321227,47.10179430366981,42.5379221523882,44.06927441086714,66.68295909771035,44.752872952848044,5.6648683811569756,54.65022518672715,13.563331386543625,0.0,11.5220355121909,11.365996172547462
76561198133585402,0.0,0.0,0.0,0.0,0.0,0.0,0.0,0.0,0.0,0.0,0.0,0.0
76561198134388656,60.662250207682085,35.48944993375367,54.37877167683636,47.01157062297684,72.5240994886856,63.901237232640035,11.637063306011235,9.90904030741832,19.136952585186375,10.28745523799346,5.754855744840202,0.0
76561198134731689,98.71663148578565,48.55405016517801,51.594616301543994,30.803614085740545,55.77234234434956,53.29076124647482,7.415581107859144,48.66883825045719,34.64970416054956,5.318358200764813,2.9258461460898246,2.9258461460898246
76561198135384760,77.19668018750383,22.420838340820993,63.5688923573574,18.61732036669434,76.1710766576468,28.45878412379724,9.950328217666566,14.800365851534156,4.694279361059867,4.110381939919725,0.0,0.0
76561198135685349,76.3862438863379,36.82231395143836,21.25162244647969,17.92212499394498,8.177066284616208,0.0,9.483069633786055,38.361917745838845,14.496943218965423,22.94709900232527,13.615594778958755,0.0
76561198136484955,80.0668694333871,43.43556402750028,52.99030203503833,17.489669563388325,22.43323560055817,12.157587528729062,18.522734852492725,30.03362066338333,2.8015405441895487,3.138533072185662,0.0,2.8015405441895487
76561198136577408,84.14119795030452,46.791747331848065,60.61415316221599,9.84855861308781,47.47437854765834,9.709232170144054,24.782697024110835,19.27243174664052,10.942656194324803,2.995732273553991,2.6796507265805123,0.0
76561198136985842,49.60223159546021,20.70821290898487,41.74479403967703,21.655708433616965,76.413731887605,26.270519622583066,3.6584202466292277,6.6047835803080135,0.0,0.0,0.0,0.0
76561198137180760,0.0,0.0,0.0,0.0,0.0,0.0,0.0,0.0,0.0,0.0,0.0,0.0
76561198137208244,83.64371383577779,44.88956840177607,37.29276311651999,5.635325174011293,25.970322212984094,41.993850097566046,26.877536891513323,45.04606375673992,7.357862531537355,12.606616678325071,0.0,0.0
76561198137264082,95.93047471886008,4.966335035199676,76.44534199537715,18.133012294152294,63.37729339836304,28.17822797723966,4.703838357784793,17.275568842754076,9.864435605141104,0.0,0.0,4.713845202613747
76561198138316742,113.4065262641963,26.77374203973214,76.19004049657786,33.04519265148741,21.589684518174163,19.67921991661439,6.9946690345402835,33.48359698381051,22.216329894625844,0.0,0.0,0.0
76561198139411198,89.61562776147207,40.009104514215394,39.62496749600604,36.595531574710755,61.737770404740154,48.72468915386662,6.998144278709818,33.811039157121904,6.998144278709818,0.0,0.0,0.0
76561198139915980,56.050555764446244,35.210046240888616,15.180335453283126,41.18440262772239,61.58703533277791,57.01671594034443,0.0,0.0,0.0,0.0,12.099145247397344,12.099145247397344
76561198142432184,108.96094296729724,52.59664683238402,60.987051334993,23.376871643396274,32.03518479060924,18.444730834633933,19.25435079470539,42.34921225351111,34.79157763198468,5.176432178557913,7.549914381729109,12.651912681839338
76561198142871256,48.2962569321292,36.196959246411126,44.00563510453971,69.75119426515296,37.0172634365035,28.18849010532045,39.46389319736735,0.0,4.241326752570746,8.224900506406772,0.0,3.8066624897703196
76561198142992067,106.48887879039927,67.53427765188749,52.87967132790432,17.212852987259062,47.631986213491366,18.739408011455627,22.140579360457547,55.209037585017676,20.658358426882625,0.0,9.828216043736102,14.06983052469324
76561198143412503,78.71034048912243,50.076420870529006,36.26461200397701,36.1711208313704,24.43147893143147,9.354834878257769,21.715582214217488,29.623879203205654,8.805861077793757,14.765587312735558,0.0,2.9871959425317045
76561198144180358,60.42055763637951,42.15993703145578,41.432054109313334,38.25696648119267,18.604287602788716,33.45975778092799,27.88858620128561,11.101612209736224,5.224778463213166,4.196449785159254,6.9933415159419585,0.0
76561198144852786,95.29992879086649,41.11780677224072,58.82175367379164,32.94343608811362,74.406101056232,19.17361501686949,13.144377842336121,54.60900707451759,44.037360151858444,0.0,0.0,0.0
76561198145824277,106.00991685194293,56.70112917094909,57.93264337735028,30.65604853473331,65.6313496612247,27.090762523742004,9.789009313144941,43.57409064470881,48.80185505034421,13.723187785638537,0.0,0.0
76561198146396342,74.39953013217907,33.39218457312675,50.237987223451015,14.568872799898696,54.6472881859842,18.753657670555736,20.0821319581056,16.63754648943638,8.207996531099663,4.3538843287276014,3.8437441646748516,3.8437441646748516
76561198148262444,130.12850918110516,36.93693045803638,52.6541039657104,0.0,51.770771906913595,4.555664766084252,4.555664766084252,23.45099656049024,0.0,4.275554390163365,0.0,0.0
76561198148591865,87.570485708702,53.938357279524354,33.55075938489743,67.37667885487926,46.08737163529093,71.65430952459874,32.392316851225694,46.65041427286044,13.543376802717763,13.208673922013308,0.0,0.0
76561198149149071,104.8602154117368,67.12103874687946,49.79882911095313,25.205289078656026,27.826706971330985,21.512252762851766,30.63537624053388,45.94630425077676,0.0,4.27430221608671,4.8959723857761155,4.8959723857761155
76561198149717332,99.02892953335873,20.06678399505298,44.43077403074895,15.656655930268222,55.363735334613686,53.57959213219285,15.16469948529953,11.83189689406004,0.0,0.0,0.0,0.0
76561198151733556,113.73846066468593,26.17810613331522,33.22942117172651,6.2929570648331685,40.71272547198914,0.0,15.166744396923644,32.890239772221825,9.330715157257202,4.5306621338130295,0.0,0.0
76561198154693814,113.41767376639619,41.855310737305544,56.15226094451693,12.374453158618072,44.886600920831384,8.835936393361322,12.638736782710112,31.324564346582324,8.42956651971709,0.0,4.788158187325206,4.788158187325206
76561198155700223,110.00891989122671,41.00183067253139,60.57240185519021,14.466295695323467,42.11890779969505,14.829453374378266,20.066030739058867,48.219607561234525,19.53127227977725,0.0,0.0,0.0
76561198158802282,0.0,0.0,0.0,0.0,0.0,0.0,0.0,0.0,0.0,0.0,0.0,0.0
76561198160310073,85.73597360962324,19.702434712286646,72.11009584284531,18.26257677904357,37.2262994693158,7.568168501825275,13.639860970222923,13.253714752924243,24.706821356256096,0.0,13.246186565738338,16.90073334077177
76561198161403415,74.71766350086071,42.75851911255437,47.80915367216187,28.011172888553205,33.217615157904525,22.900913556232513,29.24187760400772,38.86910546734071,13.446704221851416,11.434486528354775,9.233617397730267,0.0
76561198162182031,98.07957800859214,34.4639755786835,67.13912446665367,24.363650504583955,31.88832190173509,10.615090119937914,14.491780153460116,37.62524528611455,32.20222129240688,4.374876130645041,0.0,6.680456732618885
76561198162456427,0.0,0.0,0.0,0.0,0.0,0.0,0.0,0.0,0.0,0.0,0.0,0.0
76561198162847888,0.0,0.0,0.0,0.0,0.0,0.0,0.0,0.0,0.0,0.0,0.0,0.0
76561198165565385,76.45402122405358,30.699348720929535,27.375219004596566,10.798050447530837,10.261634071377195,17.471103154564176,9.089422719161782,18.27785237910192,5.133852427153588,12.1772328451657,0.0,0.0
76561198166039566,97.55534154418031,5.731819083350057,25.1101319960301,9.74151311595165,30.056085593138345,8.72353923521534,9.281436470130487,46.24532739397023,4.847567194224188,4.1640260854229085,0.0,0.0
76561198166226287,70.55070398155857,56.72207693927776,23.947061375691558,38.79280652365518,20.910064404765727,35.72890409914982,18.652841909588766,33.139291783600484,6.67934965722727,7.276360947934021,12.70068517788103,5.504396139235654
76561198167407399,17.4360666134445,32.59414738299002,33.69536119301101,27.394939755808796,34.86816221843109,53.78292975977485,0.048790164169432,0.0,0.0,4.193737306100135,0.0,1.7884205679625405
76561198168362702,122.82157157460506,41.773597825484615,88.7019154484865,26.065130613887046,31.86281377914231,5.23457852558103,10.472612091523047,18.536340201602833,10.615351525989354,0.0,5.238036435663107,10.481263835893184
76561198169509065,54.431419394557224,48.56518711462717,21.368253695433715,36.56277882154546,76.24283505470295,41.1516019374111,19.75109996448957,5.060250514638451,0.0,7.385339726080314,0.0,0.0
76561198172594941,81.7584382791566,57.307991161404985,51.45056200751942,21.478787334296946,17.990132041722717,8.83232606914531,24.416053819809335,18.95602811459223,13.552765218703005,3.7297814454343623,8.189543315075042,19.03691916714164
76561198175781507,82.00447733322106,48.403980086064834,64.3385937478794,44.853101360801254,22.752063666896355,31.81315981602519,22.15097450714923,13.757632986711435,8.969308257625498,7.007540521648609,0.0,0.0
76561198176903937,66.07708321019469,57.754607287723864,67.84455546266223,26.517604811402922,34.148072983156624,19.517827403393436,25.443344935785337,23.102361620503608,23.13431108430948,4.861903240295856,4.861903240295856,0.0
76561198181134839,54.00256185141689,54.15901190779251,33.26896011916681,9.701563379660417,31.667580168307207,6.361364499829195,6.657021573192138,14.108699686509755,8.88967645720018,0.0,0.0,0.0
76561198182434729,107.2274384244027,77.51576528011124,32.41587712381247,50.06835511293797,70.32546187879592,38.88259865849387,26.910261931200637,32.89360956992251,0.0,4.325853029867938,0.0,0.0
76561198186851741,85.07519272613166,44.549633495854316,37.37190258662107,14.502801469580621,41.96548679073314,11.225874894412481,19.829931345182807,25.431950414277882,9.485395002809405,0.0,0.0,0.0
76561198188197794,54.488418210315345,56.046875426160824,26.152810310091652,59.521242733467346,35.99854462420659,56.34536968525687,16.869609675135155,22.697309913203327,7.445528298233169,7.771702691701426,5.8994314916610175,5.8994314916610175
76561198192535273,98.35641541586727,39.97315320803644,56.5136544710526,33.045824915194,60.5881004755656,10.393102522401561,20.407341553880933,49.43037704921889,4.690889061390629,4.690889061390629,15.650421886409546,16.525699386265018
76561198193941166,0.0,0.0,0.0,0.0,0.0,0.0,0.0,0.0,0.0,0.0,0.0,0.0
76561198193985237,41.98018310833044,51.83960727106481,34.27433107580208,66.06390309686375,37.93824753926924,30.980246117412058,35.80759284546546,26.705222277480168,7.452098460707658,0.0,10.442247128120936,26.902282244406887
76561198195856567,112.5854181915442,12.551717095738788,61.442909367524265,11.5839939140962,51.70866458824709,18.480807766936746,7.776923333657395,52.32175823564297,34.03888680641861,4.595927604621159,0.0,0.0
76561198201869792,86.8914207068916,110.45478057143971,62.53238933900823,41.05688708952524,29.099201393287235,17.514636269333018,47.61427103838922,33.83929822122411,13.95115718889108,19.30829322825824,9.716615996175696,4.001498011855749
76561198202541610,88.36065401606935,77.55463497058318,60.0287689722106,29.806040992946144,25.760283252226852,48.54395143682196,24.00953065011592,42.967145612157346,16.08574206577785,0.0,5.087472870820844,0.0
76561198203294379,49.617778208020994,8.082135430565607,14.123232053546044,4.836967386242572,25.41465858404069,12.044253951965278,3.0601145324832593,3.865798945993896,3.9896338354057717,0.0,0.0,0.0
76561198205514059,0.0,0.0,0.0,0.0,0.0,0.0,0.0,0.0,0.0,0.0,0.0,0.0
76561198206869732,69.3501838986074,36.38107009578482,38.434979427456206,18.974763554157445,43.9184778974568,31.604849177558098,17.226084973774956,33.73305457043439,20.81366770608392,6.350196124725087,0.0,0.0
76561198210123867,66.19457183422693,41.238218522598565,31.80555333312557,17.173514760989804,28.897519951167354,48.86128245993209,7.969164018652702,20.716499386924326,3.9166124577619534,10.13556705901226,5.859218042946334,5.859218042946334
76561198212109881,96.14344489121324,27.875069766042632,46.23937520905814,7.102054812535499,50.03404984490686,6.951357724463559,3.0339909856710814,63.34418957165441,37.35420445337242,0.0,0.0,0.0
76561198212143500,73.3624433782577,95.01922273779765,46.27173618900833,49.03708197297304,40.87611941602553,34.53761564272978,40.91160456315464,39.57557912911845,10.574201555434097,8.96781419790154,0.0,0.0
76561198212519471,120.72888146311045,53.92642594566573,62.54419126780118,14.544365892708942,45.184333620990266,15.3219117924403,13.19796175935681,53.284784075297644,29.54886238673477,15.463235215702511,0.0,0.0
76561198213107237,84.80494973636041,23.945013261323798,39.90089951830519,15.85053229020965,18.799231347416175,13.985075090920098,12.027369860308944,47.91454308200024,29.22630053764681,8.34546207739178,2.7738379416402132,2.7738379416402132
76561198214234216,107.30226162423206,41.845810523447575,44.684146646011875,34.10131386681818,42.21973410395363,23.373002781193826,19.973938841717843,40.780929620855765,22.77449015038104,0.0,0.0,0.0
76561198214300979,73.69830292089914,25.414538586221532,71.45096887716997,20.02680567288796,21.895947265463565,0.0,12.57137875254405,0.0,0.0,11.46437040586331,6.936852809805833,2.920469789053444
76561198214648473,83.12724274725129,71.96048308579434,52.029552925054816,42.59013225305092,38.15004394279885,42.41218214161301,12.900172437274474,27.067418051717837,3.9150185144079446,17.343361624952646,3.9150185144079446,0.0
76561198219075073,40.05954238778749,33.9584389915819,31.88933986863303,87.77628170424528,22.682685237902994,57.51620143007194,14.40112263018602,14.453607242327557,11.24964203019511,5.424377166208769,3.7534960971999087,8.368319540216138
76561198219470507,0.0,0.0,0.0,0.0,0.0,0.0,0.0,0.0,0.0,0.0,0.0,0.0
76561198220559105,58.687890848469415,76.61734892107106,50.237308976618706,38.554955315548824,18.966687663815545,19.667958365494915,48.78165658990138,16.966328957698497,0.0,4.468777561082536,0.0,3.596490004820589
76561198231347376,23.044677698119955,10.670739452842126,10.170425058701783,11.558491201265785,11.221285452565608,7.102179695799954,0.0,15.764206487584334,0.0,0.0,1.0532661869012327,1.5356923361455255
76561198238420992,99.42364721966246,9.93346915373511,47.00683237400991,11.870803024976283,82.91406567731842,21.296992407678488,5.671775678521114,28.72127245405829,10.829853488654564,0.0,0.0,0.0
76561198238846116,99.9064426548171,49.79229279444456,66.72265045394676,8.116835020676218,62.46781196431036,13.070925852616075,29.6531379654352,18.16628717534244,12.371661489036235,8.404359375641107,5.256348881725535,5.256348881725535
76561198246412594,142.62404741443652,23.54386840861172,112.41219247502019,28.936843311425562,37.878641521513764,23.11883193537341,23.19543817019255,24.076203964881113,11.60177406456571,0.0,6.580458815896264,17.027110074292217
76561198248263124,119.74177115138541,28.783726439851478,61.20728622887612,20.853026544217553,30.259590493635898,9.116262588459495,15.540908544773389,27.23624096329402,21.964935145992833,0.0,0.0,0.0
76561198249893146,78.80274343451136,59.59555276516933,65.41472172480414,23.95694089899355,76.6736636277419,20.980528309063928,14.196927192045738,13.81206886263971,15.154714446907374,4.4616461759020485,10.557912618222009,16.449059468815122
76561198251071604,106.72072794424552,28.131805938986464,56.96178139283262,11.348637399709517,70.6960695496396,9.860076636732677,16.524739998883952,33.718010722071654,25.044505449685822,4.341204640153626,0.0,0.0
76561198252530300,81.05826249649753,30.947202074652324,61.103904350492826,14.499524689834182,28.61416423143006,8.51963520726691,9.047650910291562,26.310146287594577,10.736122455267612,7.180745578940903,9.414020462662695,13.143993874311594
76561198256116084,57.37905903340997,9.973548916590875,38.82299997571435,8.432984686638688,3.7653542659486434,2.6304489550786583,12.7902233778997,16.14141223098111,2.0515563381903004,0.0,1.7351891177396608,0.0
76561198256822801,0.0,0.0,0.0,0.0,0.0,0.0,0.0,0.0,0.0,0.0,0.0,0.0
76561198262787729,101.83477282791614,21.928970078427678,73.35750738563267,7.847912135658242,80.40432853321522,9.310663601785741,3.671987586443718,27.38488212737613,28.54948806736574,9.990829566109458,3.671987586443718,4.480966582528785
76561198263694383,70.59654270185861,71.4169636609143,65.03467314479423,22.48606690499167,34.88537324481231,28.30122248801272,19.015688624994645,11.774291965567627,7.492776512490136,3.2296179214001026,0.0,0.0
76561198265883417,72.03399496798781,46.898164125363024,48.43368941174434,53.78157516167678,4.230767603331745,16.44423713804691,7.296014816521008,34.673561813554976,24.76270988058614,12.43741628693127,15.8854539504464,9.042132065091119
76561198268230924,109.82198598232607,74.49752089991821,50.96387031651758,26.8355493157693,48.36417451764719,14.52408459535032,22.02505895405914,29.376810602883534,0.0,4.590259573252337,0.0,0.0
76561198268729880,73.60970290385389,62.520603553199244,31.926184324279106,30.854168280162426,39.9695085567099,26.41073293932817,22.193122475152137,22.62092676364947,0.0,8.82955963252197,0.0,0.0
76561198268967656,73.35648512637992,70.41821452039498,69.51484202437618,49.18420780382916,53.47374954726057,22.250692785342515,23.391027480103464,30.148288692048574,21.417049059966697,8.297774444397389,0.0,0.0
76561198269218599,80.06489385175323,11.78668062883315,56.18180385275877,11.013610379290965,21.203578902855465,9.486907496621663,15.16474566114041,37.97409657731043,24.935347173883983,1.916922612182061,0.0,0.0
76561198271318447,0.0,0.0,0.0,0.0,0.0,0.0,0.0,0.0,0.0,0.0,0.0,0.0
76561198271409027,94.34163116979346,20.62474745549425,56.68438163427719,11.774535891912057,45.485088879684604,11.748735042135262,19.915830427917847,34.59526217454374,7.316172691414625,0.0,0.0,3.4397768636296306
76561198271535585,70.3351486057577,32.096310684360205,54.872302702064445,33.63088286079146,52.066902552793636,56.07011697466693,5.265535877023657,5.115775785550532,0.0,5.117215066158812,0.0,0.0
76561198272701149,20.267721594738,39.29450355732719,14.109260213730114,37.24527491388126,28.965539439609323,20.76880155662838,11.361653643376165,22.703358347287093,3.9006384465615085,5.39576163120889,6.330219889743764,6.330219889743764
76561198272738490,26.20686726256215,34.01771246422221,34.84490124691943,24.891321900134088,56.54249004927691,9.186523917934288,16.306855622355116,3.3357695763397,0.0,1.9643112344262046,0.0,0.0
76561198273177152,83.93601025272243,39.209332970425244,51.13664692731596,41.618479182422725,13.123295130687389,14.319012032809983,3.758871825933971,14.889578814636995,10.883377865819378,3.5709401562492498,27.577653282122867,27.096513988484265
76561198273477765,117.86275778864136,72.83969706860952,56.983519932901565,27.76296391979292,31.7314680819847,4.668895876868636,26.315752333196883,55.3578956987034,9.351369945350179,19.49478215345062,4.45143608604605,0.0
76561198273602004,91.83333411903467,32.20688108237358,76.17506525525145,8.328199827531945,49.90883944117007,2.768204123921957,9.298921782484577,23.424482984990814,8.593163371441223,6.378581349880935,5.047288611744291,0.0
76561198274446234,135.01923156527536,26.89955151037579,70.27380712185112,21.63041763398753,34.93110261664223,8.933584048891657,4.822134686225586,35.609692679196925,15.2247155704042,4.027670428954108,0.0,0.0
76561198274842511,98.84546264983108,71.52073769341416,56.755122678590126,69.39186500125982,51.11478490514901,62.70281269778847,6.081419504178447,31.50503834424336,20.59841173071692,19.8987338435345,0.0,0.0
76561198275767100,60.25439478263894,30.417878252875994,33.756865004216465,20.68825536764193,41.753179059384735,78.31482597088565,0.0,10.385978977427698,0.0,0.0,0.0,4.5301233116651805
76561198276820389,101.23260984708985,42.34347618393275,78.18256151376275,12.21245950480297,62.74396202842513,20.516509987965996,16.443459604016162,11.694920605162746,6.30302182499318,0.0,0.0,0.0
76561198277899306,77.95253243866802,22.13386888879793,76.05728738331723,60.20808917021113,24.639606002902806,32.40829958330292,0.0,11.025131416499072,4.575741375297279,0.0,3.8645120227570944,0.0
76561198282596613,87.88259138696974,33.61096878202141,54.56656308393098,47.29620174126631,34.9660030290186,7.6244480731170965,3.1497400860333387,20.06064293670554,4.149936935645806,11.965353640551324,22.24768439750056,4.220242729097475
76561198283021088,100.67253184311699,80.57820431032856,69.38187345495463,25.756908539064632,71.55213881950759,21.478912926842423,22.7720008437412,49.39490449093324,4.8467821415853445,0.0,6.256613392567222,6.256613392567222
76561198283383463,87.68867889410566,41.452741929757316,47.05382510789373,43.27193981003764,3.7537304264335525,17.990539873704464,18.055398660267308,7.355181956048889,5.097852205517793,0.0,3.3748534063225533,0.0
76561198283397484,126.44776865548477,15.681290253019668,68.5204838626319,14.161661173460946,44.177358591913965,5.221598296134632,4.739875888840383,24.679673459184563,30.314681925003427,4.651099117876491,8.940062877326316,8.940062877326316
76561198286376504,10.054818932727525,76.04846383678054,25.847960066460843,76.95118405012107,43.480144810697574,100.9982082009007,15.668797664380147,5.10370053165993,0.0,8.251539372291756,3.2876553402630266,0.0
76561198286525675,120.19401793068192,42.900601200805944,44.552316025647485,18.55270686303885,29.319368686991925,8.562050374401803,32.81973999218524,47.745040290005015,13.45443460728685,4.782060352784839,11.324431443651157,6.542371090866319
76561198286544260,74.48803168571834,17.790681334000706,28.67376821883792,9.630843638045864,31.89669010151895,20.093648402290825,16.583335658476507,56.04554071436288,33.65320873303688,5.002498278193352,0.0,3.8958936234982624
76561198288995710,0.0,0.0,0.0,0.0,0.0,0.0,0.0,0.0,0.0,0.0,0.0,0.0
76561198291180742,139.60611438244143,72.00503485658919,48.482769338058304,23.85123819428929,65.81447639945378,10.12634386260052,22.920408821773353,52.44764548064183,4.44758026541332,6.4559844179974615,4.943996791763045,0.0
76561198293954147,93.2870264607156,38.53427352625582,70.41525600448352,50.783437959987175,31.44995086561076,23.04726035545906,12.462803036880885,15.057019943519876,10.442410860173599,0.0,9.351304634752669,0.0
76561198295206449,88.78450781699104,23.44400151135284,41.91547597704842,26.467214789716046,65.0904977387673,49.0706240602137,8.789220616794683,34.04553790609239,12.769208957428138,4.05871738457895,0.0,4.457829598089382
76561198302298927,83.68913553838648,48.89985255570283,47.12332299611839,27.69280763012922,58.601280544506785,9.77715975163127,17.427152406338323,7.806125228578544,3.638375321940168,3.638375321940168,3.638375321940168,4.760463070394127
76561198302636427,117.61408669114333,65.56393759356293,69.66985716339909,21.088798246746357,67.35378322859472,44.34176145642751,8.359970213577645,39.16188088864089,18.04041242523331,0.0,0.0,0.0
76561198306886649,0.0,0.0,0.0,0.0,0.0,0.0,0.0,0.0,0.0,0.0,0.0,0.0
76561198307891464,97.72143998128857,25.359256018466155,64.20812309655874,23.95546072201099,27.488607199287134,0.0,3.902578546600146,17.457492628968073,6.75732312685316,9.187170256049352,6.948957297284206,5.8079875230187294
76561198307911644,49.130221974014965,9.209642168288706,29.283032891593113,37.10720688676162,48.86078653832444,100.69689703434402,0.0,0.0,3.740522687265775,0.0,0.0,0.0
76561198311777128,95.87262061366492,36.7718457513085,63.42357209721856,16.4433161079004,48.02539499366689,9.893558724451774,22.040352324374986,36.705987958140916,22.30955407016607,5.257234921446806,0.0,0.0
76561198313453043,72.3138023938207,26.89014141655006,27.6117128476905,40.78392426718827,69.43056960184977,28.491608762525782,4.1021473742851216,10.491154710297554,5.315174483614459,4.230476736546681,13.741950279360593,0.0
76561198314815990,76.90606204936142,61.24160484029731,40.046765081634135,20.27613787780766,44.20556116296984,39.552271593868575,22.69946713682141,32.89929635528589,8.574180788445604,6.945051449082214,2.8942531046041373,2.8942531046041373
76561198314983684,84.16515243644398,26.516953359290028,59.60795225778785,7.659009090348864,63.694673116380876,31.454475240471744,18.481390600385154,39.93047943429327,15.767636034298862,4.673015732883159,7.693473254291349,0.0
76561198315234904,82.25196072811397,44.3245898036664,61.65625650309724,13.979585397918488,58.32760729694308,19.777125429294998,7.461142268165391,12.023696776661346,0.0,14.468259605167129,0.0,0.0
76561198317130606,58.03669084655859,9.935159831733342,29.312829794663514,5.504775283691791,23.334146576950044,7.573028402519988,5.366626270849419,7.177166654133561,1.2584609896100056,1.0188473201992472,0.0,2.1004689088719113
76561198321474420,47.05790383055919,21.24238410025951,20.920084143417895,16.457256614267763,30.972230572208275,9.496815729139843,13.757636538819288,21.21802266171999,16.076128722400764,3.5004995827360177,0.0,2.2111932265636156
76561198325641981,59.82815059030979,36.58084248904706,41.42882860025754,10.5053476747948,26.646311810700936,5.661986394757678,22.53383817187416,9.185155888437126,2.3683728335320486,0.0,0.0,0.0
76561198326689259,58.34824708244977,31.784110018537834,15.960989819261432,13.793678405308931,5.555757991308878,21.95668683617773,14.134795250788194,21.55073741894133,11.32360435322742,5.277803386300329,14.449934214909279,7.624155011352232
76561198328407838,103.76033719193661,50.726690264730095,59.80026617830726,14.910424426421523,35.15913381654927,6.598942313479664,11.66091765445051,20.266603547838642,15.580365737614915,7.621689602044084,0.0,0.0
76561198329030307,93.41511850585862,82.1355425803148,62.22912400987817,7.735036245691187,32.20193354533571,17.941022028808632,11.108841356612793,2.9892110565637253,2.9892110565637253,0.0,0.0,0.0
76561198329860101,0.0,0.0,0.0,0.0,0.0,0.0,0.0,0.0,0.0,0.0,0.0,0.0
76561198330374062,65.80659540847225,63.94206980513965,80.09636827028989,24.34114700507407,70.1452372546881,14.868247460522085,36.21582605608624,3.9697257155564354,3.9697257155564354,0.0,0.0,0.0
76561198332366336,90.93521713907313,37.44054126913514,35.276137329847046,43.466547811742004,44.99938960642198,42.11464823207612,19.69735827806731,40.72401986193358,15.124789245073728,0.0,4.539244035871924,4.539244035871924
76561198335877752,111.01632455384485,53.18830896485906,82.3471210301093,14.13223932707819,36.8493899267138,5.734311679691024,8.864058009032686,28.96147988109181,17.493314069476455,5.320217791926362,0.0,0.0
76561198338123050,17.67382472298523,43.117443378859626,23.499881759937804,46.881217358021054,48.50768539869225,35.08053417496458,41.078168167983556,10.76327252342847,5.005287687769661,4.0024120051558265,5.005287687769661,0.0
76561198338661363,86.15600566886715,12.17822712325847,46.57782504423239,20.612212415540597,40.85212700640154,19.79474186992488,10.593285230520184,17.18073283935123,10.840140363027523,4.390118804571218,16.561297411245835,0.0
76561198339879556,84.74523238673372,32.7617423858654,37.829613756723596,14.999961240821591,26.257989634833233,11.724043881293,13.816556173717542,23.76383031986935,8.54963792244384,3.169685580677429,0.0,0.0
76561198340169992,95.19545988366264,66.80020021102045,32.340254084337516,52.00393987747316,22.770565991585297,48.56782714076994,17.456126908370507,31.92059609379972,27.40412035833028,7.878434191140029,0.0,0.0
76561198341278283,75.69072729522047,25.510556088728,32.354116870722805,67.73757688780823,37.96448021443082,75.72793872627108,10.263941577743608,25.95624009804997,17.617633048783993,3.0809921175048145,0.0,5.606463612132171
76561198341668214,0.0,0.0,0.0,0.0,0.0,0.0,0.0,0.0,0.0,0.0,0.0,0.0
76561198343083907,59.60639476295614,45.68546463552215,60.46035077188076,12.871846614821763,31.957735670025176,1.2725655957915476,4.816440326515682,3.5699382480370367,0.0,1.4883995840570443,0.0,3.374168709274236
76561198344355760,0.0,0.0,0.0,0.0,0.0,0.0,0.0,0.0,0.0,0.0,0.0,0.0
76561198344803968,77.88223320507062,45.732447759429384,24.415004591960354,45.11733052179348,3.9043939782636548,13.666139812140152,14.723315429099248,19.759507868491337,12.709738749776601,11.112669484567338,8.2010523834276,6.774225714927371
76561198345413393,110.21541791617967,60.418584432097035,77.10100718952671,41.269637367572386,47.84037344086799,8.635888450869945,18.44941952666861,0.0,11.712314899149408,9.753707467728649,40.55785193640021,17.140165005092513
76561198345645365,80.06457415395352,31.649264602432538,56.00496481315756,17.37633362646389,28.127285443966453,0.0,11.43309823602575,23.41566042491092,15.571897732281702,0.0,1.7369512327330598,0.0
76561198346465577,78.25685961282227,39.72536863053932,61.541864295901135,30.618944056877773,44.52375462637424,29.732087981968018,18.023946719958303,38.31360765119113,10.153510221855559,6.189843983275574,6.189843983275574,0.0
76561198347406063,110.68824056222358,46.66469254695759,62.09330305139684,24.04891267466364,27.944158034094073,19.751229273125368,4.69866052907543,19.88767191289341,8.931907909682632,17.089302159283918,0.0,0.0
76561198347513175,100.0082261954174,39.79298008852274,63.367363592040654,8.47842338305411,28.329004172216727,2.7093826463359885,2.163323025660538,31.542737946914485,21.810161254379306,4.3489867805956814,0.0,2.329227023940467
76561198349527228,106.75284830185932,41.22417164827412,50.41636822175482,21.728320147781695,30.372237377031873,3.8308129500026027,6.497020058193461,39.15888131525064,38.14864015294749,15.28031782648249,0.0,17.66096241808374
76561198350976816,121.74107213783724,41.008126964752854,60.305382487114024,13.544785933769763,24.49786315463594,5.543339819580688,4.505902184329423,13.926007643108516,0.0,14.413642844426779,8.936635837016812,13.113328140587667
76561198351821528,79.57457232161744,43.023297247321125,37.70717043942634,44.30052009937491,15.19331853054998,39.9172485574196,40.27086210469138,19.896833865945077,24.920970845192958,2.9322598505984176,15.359423500292122,6.876566423926071
76561198353246717,104.19058194433472,12.119674985377834,64.6980407983892,4.980313534209867,67.3404695533513,19.13440256742465,12.923108069115672,24.28523805991516,4.724019319826472,0.0,4.980313534209867,8.979797815408007
76561198354464634,112.26213162912858,56.026461769482935,45.16778497480812,26.02516490037774,57.209583280232515,14.53271823117375,11.015931057413106,39.923996877578844,22.741605415684212,10.528388988690164,0.0,0.0
76561198355407343,78.20847811905111,22.115621216155827,47.39435594728688,40.71544675318161,35.58404094376523,30.850332001793138,17.134878320140988,6.251711186373694,4.315886832169337,9.842854780686482,8.572245611429343,22.73795643581019
76561198355821938,50.32652669865427,10.431213170325417,16.856787492231376,58.8059455981986,17.530688147651787,75.1472737372205,2.93651291389402,16.33530897841494,8.024849715654128,0.0,25.05756769575713,2.93651291389402
76561198358134442,8.297625613680347,41.042818843040244,9.09420000639825,78.4923609673308,28.358127011189673,110.46019460735243,12.201043196855167,4.10016094754354,8.297625613680347,17.51355949161222,0.0,0.0
76561198358601039,111.84595471554519,45.14594076728175,83.60868674499082,25.806849394635584,74.44417423592003,19.237274766161665,4.50225113198025,23.87278173613108,27.578165172907376,9.107710391677966,0.0,0.0
76561198359999689,42.26120558473242,31.645716732826976,19.57957382569395,86.27779499004978,3.977810745966149,27.30031568968645,6.922478360535018,4.669083511731744,0.0,5.929740727645101,71.51087286005587,33.81644940327623
76561198360775008,108.24342156997957,82.40384769626769,46.006355109408894,27.712467571144487,14.092717666466257,28.863810019577897,26.345686896661167,23.087490944580498,11.38696436693473,19.51973618376341,6.415555119339311,0.0
76561198365702929,90.9959305635182,42.509352060416305,50.35793238025332,18.371316997391155,19.698506141449414,0.0,31.114216907687005,19.923465975014473,5.02157523413459,4.33990170837321,10.503292650317633,5.02157523413459
76561198366069046,132.4644267690393,8.471107702313397,72.88812849565691,9.263195937382612,38.43293899473392,13.482997716961663,5.981489965960778,18.41839429167503,0.0,0.0,4.386143150185721,0.0
76561198369639036,78.85640263839072,51.94075504595276,91.940494499761,8.8838437886598,88.75210917396494,56.11609929707724,0.0,4.244630641232919,4.5826177815175795,4.625168872494781,0.0,0.0
76561198371780990,0.0,0.0,0.0,0.0,0.0,0.0,0.0,0.0,0.0,0.0,0.0,0.0
76561198372595912,138.82408962645675,22.538397568748646,42.688914478913844,0.0,56.64286115279088,5.2070241081016455,0.0,38.24991581845048,4.957726660663075,8.381464185808227,0.0,0.0
76561198375365129,94.95975539107285,42.940807795787705,64.54036261274774,15.152610411251818,41.95830065856596,8.756484285788217,8.601875752150411,20.054983657161227,13.95274433877654,0.0,0.0,0.0
76561198376124646,44.706157715693365,34.76116859047917,45.92168384169107,14.330563103711615,30.625326437570283,12.215977726754446,35.76386893204092,32.659312818236764,16.383871104438793,12.597498008998553,0.0,4.153437030498368
76561198376986116,0.0,0.0,0.0,0.0,0.0,0.0,0.0,0.0,0.0,0.0,0.0,0.0
76561198377061737,72.89474216107038,0.0,50.943668209831785,45.9541928014641,59.49113775753798,66.20062831299319,0.0,5.223755445221132,0.0,0.0,0.0,0.0
76561198377168031,92.37300306112444,30.351137545925425,47.98274512551546,11.997504788790492,43.29265817500446,13.669469334072176,7.253146551063521,38.9495318667956,12.345901150907359,3.1834558796369405,3.12982600803469,0.0
76561198380711412,113.23909604437749,41.26850987535869,90.10856855632052,18.309340807073454,90.99493373076652,19.995745144408858,13.734734693947296,13.10175288491292,15.367842772208931,5.000382917631905,0.0,0.0
76561198388039360,41.47944428758017,36.00769437581376,37.155791273922276,26.716959373427116,41.21769880174822,55.51329733122942,18.250286558934956,31.911784576640926,0.0,4.92565821016505,3.326114575537799,0.0
76561198390714886,116.40058787330268,41.892756563731794,40.16127592339188,13.474699393746281,54.98301583257803,3.917408477704484,9.07161050782502,28.580721764881154,8.512731050857942,4.698205051955281,0.0,0.0
76561198391845269,98.1659541159445,56.559292390990706,63.99538590929197,25.04045816386143,49.94581531431435,33.23231027336213,10.664128282895122,10.460779270483275,5.0366278743705095,8.036883193543407,0.0,0.0
76561198392370761,70.32652197555036,15.07697500519198,30.370227757290643,5.900151773269853,10.637275531201249,9.395378466637723,11.499654408158614,29.54423768874056,7.120809705811789,0.9858167945227653,0.0,2.1126345090356
76561198395338546,89.93235313509992,72.52493485169394,25.83240082445808,44.66018455740294,26.218352115774536,10.573737427177829,34.32463577010087,28.264321833366065,7.023863045491783,9.108662898916005,11.378877628897456,4.172076910762453
76561198400702869,83.7753402043029,63.35336597639735,63.99025083489953,30.91259322202989,21.995975350795796,13.680987680220786,15.132022849771563,13.568195570138531,4.499253960396542,3.327909585892323,0.0,5.0240120911378945
76561198402329390,97.51076143145823,20.06567931325736,73.61809295223914,0.0,34.57282091455352,14.517954297868826,4.170224772557419,13.77958038031763,0.0,0.0,0.0,0.0
76561198402363447,0.0,0.0,0.0,0.0,0.0,0.0,0.0,0.0,0.0,0.0,0.0,0.0
76561198403785238,79.21633820533404,76.13860142411447,57.26515334206292,22.191869016948388,105.49180348733029,33.7617342548044,14.90152752574547,23.75904636649727,7.008146076020095,0.0,0.0,0.0
76561198407819907,114.45576349177138,59.00556286822881,85.9271796856736,36.008972377322436,62.554752544990095,28.068535039831637,19.609569908720754,21.716287649622817,19.672923990074246,15.923701920690434,7.634869009105355,16.988058587730947
76561198408126263,76.07810553681038,52.30248403871462,38.31676108472275,27.085338578608205,22.679728367955015,15.131319939958072,24.188727113087765,19.749221640100345,3.3098128198603027,11.175664592457464,0.0,0.0
76561198408226782,42.37679309083581,44.869452675481405,21.480240125511543,13.410205680372675,27.379490285383408,32.49013194523113,23.90443058093015,32.49016226369729,16.226984070884154,6.998416487226875,9.30113817886717,2.6796507265805123
76561198411775487,72.28079256613098,23.766970398052322,55.32116203114919,24.666971419377045,30.586508487512692,0.0,5.794177869393582,9.410749442308374,12.847888003591951,5.700443573390687,11.941107588557863,10.771726229001546
76561198413767937,88.72713964986795,37.085173355879,70.60523739231982,22.0882742364743,73.13300819446154,28.557538435403348,11.176390249205872,19.815109887711557,14.879916788782161,5.006828055753302,0.0,8.244719417627358
76561198414097340,104.94213199286891,26.18158665507826,55.76918401322488,28.667463649280915,35.5560401918768,17.555263755801803,11.323023167633147,35.36541529923288,22.552409586148077,3.7727609380946383,3.080532875246456,0.0
76561198417236415,0.0,0.0,0.0,0.0,0.0,0.0,0.0,0.0,0.0,0.0,0.0,0.0
76561198417579142,90.14017130946512,88.92225485176522,71.48857327408146,66.65111908153271,68.6928228802248,50.22881756994772,23.086201604574367,22.16110497511908,5.677267369000446,5.193789837194102,0.0,0.0
76561198418235102,73.34122697967892,43.21698296767128,43.79789314139813,38.70204009523111,10.264063108357524,9.593249843533334,5.7595324897606925,25.846211521202342,19.258990307907272,10.036594053907145,15.996733021512327,4.125197025704866
76561198423335954,83.58881789179298,15.87519983735908,43.26818446569032,10.520738460193003,52.73476314373602,20.571943937787065,15.138034825978934,17.576922391798668,5.243491524264258,0.0,0.0,0.0
76561198423405088,88.58865239300562,33.888628457077495,65.10393867568088,13.457010180603849,50.52623700745818,17.900001255274383,7.29139125582129,30.844187447663142,9.164937997262218,0.0,0.0,0.0
76561198424437575,76.06895822630295,53.44361003701196,51.89910786668992,21.952750874930338,41.22746396432819,20.554446808453118,22.442996270496785,27.967934293903195,12.253716477197207,4.689235561105759,2.2648832258100344,2.5160822672564502
76561198425842216,36.287720256651674,62.35784437248863,44.53947202319949,20.440375454304263,9.952405103105853,7.380765321933858,23.444085413100854,5.299348834402122,0.0,0.0,0.0,0.0
76561198427245183,74.5906659223129,32.07898829168968,59.525633474993754,26.76998602504163,54.7641234418582,37.671872513250115,17.116195279067234,38.02524853782114,6.247423727363815,4.95215836433728,0.0,0.0
76561198427383896,103.86370294723906,65.97941851029967,32.75284591806009,22.41527151165557,23.37080733098084,12.447165323468974,26.707925919494457,31.62710958674811,10.320654463375373,8.770227839270689,0.0,0.0
76561198427779859,97.03136567824097,56.048350938045026,86.27617136422295,37.19836349124331,28.947540708120478,23.486754896467037,14.323916612416626,21.73478372374843,25.429046127979603,7.715847070680257,4.542017370982823,5.257078618531439
76561198428123404,73.8296028049361,50.1291874913488,48.284926125090365,12.989068928443583,30.50319331828866,10.76381188612448,13.72091014183419,37.15981604047756,8.663596654334464,4.974455286641499,0.0,0.0
76561198429193409,95.77561471122782,37.24657648180534,74.72376600345015,25.525794366444522,59.89166591344014,20.47554063679078,33.01442219079625,38.66387862496712,8.726148564875071,4.903198550494016,0.0,0.0
76561198429606249,82.89896014713382,51.97011711069517,60.17809560911395,11.31437524426834,30.5111958594727,5.784495726695376,15.710796775718844,19.570505732573693,6.499406818004442,0.0,3.077312260546414,3.077312260546414
76561198432274758,68.10871079224134,62.070588327876926,38.64295467355325,35.773073037677314,24.052696288214108,30.177679527197846,16.276754047457,18.4291976299292,3.6216707044204863,7.427666305203102,10.681296923740259,0.0
76561198432337304,96.0213326219178,35.13425919223609,75.51536884427503,23.442448734425398,50.66889934741885,4.468777561082536,6.6857610669244485,34.76573604041595,11.379883552530732,10.149894734957211,0.0,0.0
76561198433458297,108.5198543862496,13.677843311474803,57.97570354737724,12.740192026676347,27.100513095693486,22.718734812925494,7.474079372977003,25.256953165704108,10.205139746832721,0.0,0.0,3.8537580972961702
76561198436639398,21.651102661074425,39.322176521276056,20.31089577536194,106.47011398474866,0.0,38.13720980732032,23.859374308549313,4.820523471827238,0.0,6.170196335051379,0.0,15.47154664493998
76561198437664846,110.8876195630784,22.147428843391967,42.847997051254744,19.075226351042396,31.428304062527424,26.094955189249948,0.0,14.800772283210858,13.705355482083323,0.0,0.0,3.3214324131932926
76561198438587738,94.71153413308089,46.58644422665532,37.69381844712519,51.68355567934584,22.49826616370851,21.821281202777232,20.739744624154092,38.713346133278286,31.58784133593727,8.729287508143681,11.851124327486096,8.427839349359935
76561198439100835,89.93245196686902,69.1297071284807,78.96256751771273,53.89418435467505,53.06790999180307,13.09604966033384,26.840810774481167,10.297170442108994,24.312132852448634,4.155753190350744,20.337007050654442,15.43136197041582
76561198439220419,56.82839236637264,22.114035491798532,22.703996419526813,6.338678447435519,34.432171416109206,7.476550977310708,12.77812780773577,7.672242141513859,5.318766353536228,2.8168747102011986,0.0,0.0
76561198439304389,102.54115514294917,46.46315753065377,9.761228344121145,34.7458188083681,11.570839205029493,61.13718995105684,0.0,27.86784606635223,45.96669056720555,6.065170295523437,0.0,0.0
76561198442308189,95.53601514783844,71.85836768960505,64.38959916780703,45.365340873363365,38.30467841767273,11.072548662370771,26.57353742756574,24.692483705648883,10.733366927372673,21.406615719479312,8.425346616401619,16.46544659279715
76561198447217647,105.47172781880106,12.441995654219635,65.04094956337711,3.865979066926739,63.62269699623592,0.0,0.0,3.865979066926739,0.0,0.0,0.0,0.0
76561198448175035,66.31307665767898,7.477440247850634,30.29722240254188,8.796552332162223,16.42761138888791,0.0,5.48034721413233,19.482062207844745,18.113159950619245,0.0,0.0,5.196699837169045
76561198448417314,32.02093953479261,46.71272772917809,39.85035625371643,33.930986880893734,24.832267894593496,13.731513414050259,39.45734229719465,29.599477847799463,13.35915709314339,9.681104768015462,4.985454228898997,2.8213788864092133
76561198452163269,105.79925565537692,26.961305816548204,57.34339795633763,7.56237080893067,24.19974350475752,7.675405203763057,5.260924901130914,34.82505676506476,0.0,0.0,0.0,0.0
76561198706984079,21.894498328076413,17.58782630931778,22.68980014976706,4.632228291696037,9.722195267626171,0.8544153281560676,2.664491214433801,4.3038236518974005,0.23901690047049992,6.807863117916096,0.0,0.0
76561198742491552,69.93521229396544,30.297570200263554,38.074314183168795,3.880532338336775,2.4865719291070616,2.2428350885882717,11.26179866338062,11.902434834608197,0.0,4.6088235044859935,0.0,0.0
76561198752631782,0.0,0.0,0.0,0.0,0.0,0.0,0.0,0.0,0.0,0.0,0.0,0.0
76561198757776931,36.769519655308,30.82946206305924,18.31299459784334,31.349929920868973,2.2586332054648626,3.493030006624272,12.073821937633292,11.088888182635387,2.9280541623907794,3.3902375414258135,0.37156355643248307,6.785087838769666
76561198763852134,18.673037140375744,9.0425096658206,7.6115173418092645,3.8099902798629945,0.0,0.0,4.076614984672691,7.8054738102745995,1.2864740258376797,0.0,0.0,0.0
76561198772090380,30.865634010401465,32.28417902754093,21.042051821672064,9.057922521762578,22.616282898112633,14.916255139270783,8.05768080940618,0.0,0.0,0.4382549309311553,0.3506568716131694,0.9384435365152884
76561198772743620,0.0,0.0,0.0,0.0,0.0,0.0,0.0,0.0,0.0,0.0,0.0,0.0
76561198778416827,64.84362132699549,49.60614290814021,66.36997360757842,30.806281268987338,15.268790877535599,9.992439584818886,9.961601650564432,3.662792119350618,3.662792119350618,3.4806245152934774,0.0,3.1822118404966093
76561198792381604,7.1536644752814835,36.0554670745078,22.6840278594588,29.47689027150626,7.576740777601836,6.005370151977472,32.11644296603184,17.040845721751854,3.4490347110763153,0.0,0.0,0.0
76561198796975770,106.51586431782658,55.725745722178644,67.93906478193188,38.72013528672441,31.129341371123655,13.559884000410303,10.555065110421523,25.028778132003463,51.83128877754235,7.938220980820539,16.51831851211524,19.14784176465483
76561198797617660,53.87998365456069,13.811606382526364,41.50098022282968,22.141943098181425,3.263849190510932,2.186051276738094,12.206169029094928,19.03093914114427,12.199453306176999,9.409374964660906,15.362078195918391,10.686444393241064
76561198798513564,0.0,0.0,0.0,0.0,0.0,0.0,0.0,0.0,0.0,0.0,0.0,0.0
76561198798566786,96.71602322062392,58.792990056831556,55.24788279442346,37.58552730126921,54.68896827904738,31.164085485274487,24.620300103817144,32.89906653330184,14.900730052194788,4.353755752706852,0.0,4.579852378003801
76561198801499715,0.0,0.0,0.0,0.0,0.0,0.0,0.0,0.0,0.0,0.0,0.0,0.0
76561198802237869,93.92387360839828,61.56897720579276,56.765039606673575,25.07543427306284,11.011044015886991,0.0,24.440306450094077,42.19970355816317,16.991818768477625,7.335422095073988,15.703961656469422,12.927205981496838
76561198804601630,88.28841771191647,48.27065706268002,69.35755148016784,25.62404718513297,9.668966592014149,7.615716389444202,15.60443400628821,13.046927805519633,14.527594481674427,0.0,17.85980272757422,10.02870335880928
76561198804680697,100.04854001265218,62.637736079060105,41.977239096680485,39.53733096866875,39.62245016579896,16.653369205475766,31.26628294644811,31.676159690995803,28.64535809506874,9.465934571180714,10.336682947509868,6.08320016394947
76561198807749950,113.45082716210509,93.94452232937947,56.3426557900709,62.699504955700746,49.2479668769477,31.196457154069574,12.707493199153353,32.12344456107072,6.372500341292971,6.216366551437055,12.415975916300797,12.896968533832345
76561198812864080,103.67011136100143,26.614371846822188,63.79805836876289,22.5193106579581,43.05274969924091,16.11982839590427,8.652300841094629,30.769954443716813,7.539497423906985,3.2910104226273997,0.0,0.0
76561198816134762,66.5242470078564,15.492050559256906,24.84396080862043,14.34934609380739,12.514890186978016,11.81190450293059,10.519937329834427,28.288261410092698,3.994303208041874,12.236873719415206,2.3997118037247684,0.0
76561198816301919,59.827993735964846,62.099886242466795,41.43378502923221,20.401802418807815,12.815765634708331,2.372111155642656,26.277155704369573,15.775927207735382,7.889723632971934,8.010389800946797,0.0,0.0
76561198818769123,74.19161863058632,31.95028243749967,38.54261719443633,15.71204653829086,43.79032978352304,12.799141886304309,22.86693638104982,53.746061956189045,21.602952616880867,16.04472466955133,7.357383992205734,2.457877977400081
76561198822653847,79.19362967495458,8.106078051899054,52.728745797139794,7.813553354971485,69.25533254731371,21.647812077422564,3.7766613674974696,49.38421361440904,34.030396773722934,3.919594270924464,0.0,3.7766613674974696
76561198827623243,68.118677788116,62.99737211702853,38.28742946458902,34.455152703305345,30.047645215750087,26.169037727076205,8.911103632732287,21.967871366923635,5.011967739330034,13.040978679849042,0.0,2.038619547159581
76561198829174449,38.99509130760461,70.64206917439378,55.39487147313909,28.201307536500646,40.84774932196834,30.442134477533767,19.369705305525436,10.512719994024927,0.0,0.0,3.100092288878234,0.0
76561198831192918,124.71181918900223,6.822720129785557,94.27213961085977,10.870671652437947,37.40691333754912,0.0,0.0,15.498849817292282,6.935273165018876,0.0,4.04795152265239,10.298274194898575
76561198833276319,88.82490843660057,36.635077028716424,49.93762085587579,45.17138941583286,22.397354421189387,8.230481314838865,19.906251428571558,26.244450994367583,36.875009786561186,24.386102217924687,21.014685071058885,13.453153799847
76561198833867588,122.92223599329886,4.157632301458019,82.99817453228029,0.0,32.66902642581473,0.0,4.7187666925706315,12.823121563853213,0.0,4.564139836430099,0.0,3.2932409068235073
76561198833987527,104.71703265545517,36.06641669748308,71.80666412325682,18.844380719358288,38.334955474292485,14.808776871316846,14.940267676084133,8.092386719213664,8.092386719213664,0.0,5.4195167819498815,13.511903501163545
76561198837284017,131.3577695114863,28.473737355792586,68.28059230224297,13.029637468992338,57.3637306511035,5.312713246831769,12.603040235108761,36.40915945431691,17.715028023465305,5.3099000277911035,5.739310480715346,11.304864836088104
76561198837631318,94.19184749691124,73.03770516617362,51.3844237222619,15.987984251089165,57.63112163905474,24.581460322898884,16.52240324222147,27.93128230217632,6.95631875079213,14.126887302194946,0.0,0.0
76561198838206590,89.30115855384227,84.71015943686153,47.128388452274194,47.26944175055481,19.147604749305177,26.397796300735337,39.68704766774522,36.549657458540125,21.591368080578626,3.619529375979143,13.001867515048815,13.139234150542698
76561198838823687,83.28117973283499,74.55722394301067,56.57920243215708,48.0903519307069,4.530231099323598,21.181536854574553,50.1676350711038,31.0671701284841,0.0,5.632035814972629,3.8422441108202294,3.7773481021015445
76561198839966280,0.0,0.0,0.0,0.0,0.0,0.0,0.0,0.0,0.0,0.0,0.0,0.0
76561198842146094,61.947035806717984,23.749067825433105,55.03243812080148,31.298262434264796,31.536403154639906,9.200614328483724,23.623846577737517,28.13268291049194,14.025880427553364,5.503093260504062,0.0,8.536642815237549
76561198843353774,80.03349565842551,28.078395349715226,35.66579173915055,14.695323707603254,35.25045026291215,6.568411423206465,8.869896685577839,23.234137298950056,17.48180786506659,3.80954721383891,3.3123661679555396,3.3123661679555396
76561198843437563,9.580211059632177,0.0,1.3620008898620184,0.0,5.534801913710471,0.0,0.0,2.395164274287139,0.0,0.0,0.0,0.0
76561198843783506,0.0,0.0,0.0,0.0,0.0,0.0,0.0,0.0,0.0,0.0,0.0,0.0
76561198843790470,98.8009003441355,48.28140843501473,43.30749352398254,18.775283025405752,32.001655193019246,14.699098832038556,13.759398638781636,36.02484797595693,18.480012751598473,7.303878487105528,0.0,0.0
76561198844902387,143.29936096263026,21.238871798589674,109.17335864819042,15.849212060857758,71.82232025889058,19.237661869697412,15.849212060857758,64.11467133395098,38.03117435243098,5.891975648607239,3.5624655292582776,22.42409575593858
76561198845485546,66.47006661641241,43.488464383061086,36.442924239480206,15.879647309224449,38.59062592860037,36.535375286304735,0.0,10.298653998000649,3.7572387916272794,4.043402083484526,0.0,0.0
76561198845632839,82.19057785302577,38.948935188600295,57.13943243913799,14.241068250385842,54.03113936274302,13.94991143624936,25.31700157928505,19.41240559241819,15.64553965656054,0.0,0.0,0.0
76561198845689870,41.15255181751976,42.1029494756484,24.64296573273444,30.643986532382606,37.00036989763219,35.507290561287505,13.641910460368948,3.2534704696327,8.850374610661277,5.019139034587477,7.28949138602718,0.0
76561198845916760,0.0,0.0,0.0,0.0,0.0,0.0,0.0,0.0,0.0,0.0,0.0,0.0
76561198846183374,50.51975934708498,41.89629436476076,45.06272066123009,38.7535617018302,26.39683685478399,12.413923819942674,27.520752837390383,11.775145215342214,8.61638901232994,4.41968362585098,12.342225545158062,0.0
76561198847297910,43.81848544611967,71.95906759297976,54.016142312524984,54.26257008288507,25.090469099464915,26.45681526369207,33.556886537545616,19.075883627429594,11.182915995448159,18.224960527298425,0.0,5.749348398927008
76561198847593484,132.29365109651346,12.0560882785557,92.92449212441429,17.890518826396477,23.96707516797641,13.5060984540617,6.037703841526179,7.8044675984220815,6.167411663591217,0.0,0.0,11.00428373809782
76561198847902117,114.95670112122676,13.087245267221343,93.37440030958204,11.39295030439022,47.16512840313197,9.850869433587516,10.78445116537199,23.59039473169166,12.297285579438135,4.6023662586553575,0.0,0.0
76561198848316420,136.22146087001937,13.13778410604301,46.063727432410914,4.113656873254474,54.63220072140136,0.0,13.609934245930045,14.572000005372354,5.334793933358054,0.0,4.4776776654728145,0.0
76561198851738367,107.8944510782815,96.79960142949389,43.23662374930587,3.9948924832504407,67.36947824891733,25.568571049164767,59.04845282668256,33.81328800708585,12.738457411839327,16.8213319814021,0.0,0.0
76561198852349730,0.0,0.0,0.0,0.0,0.0,0.0,0.0,0.0,0.0,0.0,0.0,0.0
76561198852781577,70.68813215169939,23.544966458108895,39.19033709689082,10.345260492590738,39.439841644951,18.28084195763951,14.486018278711693,14.966072576513005,4.104294893075269,5.632307954997511,0.0,0.0
76561198853165772,42.03968524979008,11.013035300520368,20.362577088194392,17.64872323458596,21.421420111795136,34.89095388119173,4.265023607231981,14.775869570501717,18.316973811574282,0.0,0.0,0.0
76561198853188317,80.7373486199009,66.33714564567315,62.15134048360162,49.96159380072098,32.102273982077996,10.379093991066414,27.465107985112425,19.549298555803407,5.732790963690908,16.588620646417095,0.0,0.0
76561198858486665,0.0,0.0,0.0,0.0,0.0,0.0,0.0,0.0,0.0,0.0,0.0,0.0
76561198860104675,0.0,0.0,0.0,0.0,0.0,0.0,0.0,0.0,0.0,0.0,0.0,0.0
76561198862661273,96.60073937102457,17.867842189441458,47.60370272305103,15.333379408979413,46.82027840329795,12.924634120156977,17.772384446403656,37.39199121076926,24.006518353828096,5.390378637996926,0.0,3.846951008684431
76561198865591103,80.73244397183993,75.22080129494857,61.47444576620139,21.337042314387528,22.876422652381663,6.491431326447301,10.191992285335076,10.014651765812701,3.82907608460722,0.0,0.0,0.0
76561198867608134,122.2044809660426,43.64694906397141,66.56597431822857,6.2285110035911835,93.1548560805562,0.0,6.107312378129855,15.120294136449065,3.9740583963475986,0.0,0.0,0.0
76561198868323862,102.78478036935982,6.610197939526493,59.538738242703545,0.0,36.54333595399804,0.0,3.145444546782318,0.0,0.0,0.0,6.610197939526493,6.610197939526493
76561198869428936,85.4083510858427,25.926119455039046,33.006558589309826,35.411532034828646,54.99962429972582,47.00775134359216,3.8663978274018707,17.758364267846062,13.23744563430556,12.028664461526677,0.0,0.0
76561198870279063,74.05765311047483,48.15103106577775,45.591873708129704,47.55239771967092,3.8122026701459353,18.790151896314754,33.548095856953545,27.14123305971607,15.860614916963186,6.517966059591352,22.313944863098488,18.98962852577229
76561198870768812,112.94518617604977,40.55992062109497,58.66232657913571,8.52458567951957,67.01394730288162,29.818934586543726,9.395378269507276,8.626126983311618,9.678564644104565,4.25589635752967,5.045487504863466,0.0
76561198870946600,79.42763362796325,87.20123635524261,48.537365411843716,31.36775794127604,58.14698781942377,39.33335049555716,29.66833444876582,35.521190019084095,4.177152673409416,4.536891345234797,0.0,0.0
76561198871046795,0.0,0.0,0.0,0.0,0.0,0.0,0.0,0.0,0.0,0.0,0.0,0.0
76561198871845380,112.14277993026076,42.89814113628411,44.30206806290673,33.10957794975671,42.028387752024514,17.548282560459047,10.5240250878897,18.659715774684127,4.220242729097475,0.0,10.336167747655926,14.248190753084073
76561198874472241,81.9546867831889,62.40782907864436,51.18313961570139,58.352243974745775,3.19744787745458,21.197540303890907,40.425975424260116,50.189659836646946,10.899812515124813,3.647275904258861,6.5141525340139665,6.5141525340139665
76561198876451323,51.1805556788051,34.50934646970946,35.93507627174809,27.721988053420944,20.228023064365512,19.903239156771445,17.212700434653307,14.518868824227441,7.12429861672846,5.576514852171062,2.9512577834521614,9.83848989561185
76561198876615080,112.23462445126617,87.99476095928456,85.75848413609157,22.090563662719276,51.8502826964189,4.3766371373894435,27.401785168169877,13.432461857092576,13.674305646617206,9.773564874945539,9.335056041299383,0.0
76561198880142983,62.58661817313507,30.48163748779392,27.036776596728984,78.02726618208857,16.078588762193288,50.155608345855214,6.952283038665117,19.536873975916897,18.322439154101225,3.7360015611826713,17.822967559495208,7.230032672396025
76561198881008111,68.07317295508027,60.319713003940706,54.80503974590741,26.92088123447049,25.462517774551937,23.41751965422414,51.85921010006949,21.848085329468475,17.897520928796542,3.649358695951653,11.319453948321481,4.301358731606427
76561198885046549,118.83228995311894,48.956623823945854,74.91516732713555,29.226974182811794,33.552139816328484,8.377409033794322,13.477725375206374,17.794839842583247,4.6016640466588035,10.777273356113565,0.0,4.6016640466588035
76561198887083618,49.986122174208695,11.506342927529193,29.782314245137627,20.336813296694718,12.478012791339808,6.908810222333672,7.215828041081652,12.992272953530659,2.9932291433358724,0.0,2.3350522831315472,10.030578323186234
76561198887943085,48.781320374603645,84.95613026418341,27.03906861650651,49.53233218388944,33.493228847030394,38.56108458950062,26.709930550614075,16.9537254225897,0.0,14.993432188317886,0.0,0.0
76561198888074333,73.33037803490018,34.250064201654226,55.235868087809884,8.612147216896048,33.62196269654085,11.222764971368491,12.441242322041987,19.73457558443218,4.327174383125731,0.0,0.0,0.0
76561198900476414,74.79976880078804,78.1391614687993,30.38653812290445,37.69336280679179,25.79143548181296,8.510807345232735,20.21880458744752,17.095526646428638,7.077081426707924,19.129386614942955,12.913959537567628,17.553824370188497
76561198902671770,46.287846182444476,70.9401645481529,42.22997587690751,48.28204323298412,11.266990546147008,43.5670980343356,14.423219870112396,37.52712756189873,25.094872722438478,10.654202688062604,3.434954478460289,3.7623622308737397
76561198906743730,76.93360048849117,24.756163392254948,40.912047492297184,15.587272975774995,55.12674439034061,3.711130063048756,16.651749133972725,9.692051203713504,7.034930513967684,0.0,3.816172679771312,3.816172679771312
76561198907957525,61.519779090391225,64.6157875650433,62.55814602414694,43.65028446222295,20.52184435885173,13.49325181738699,35.39481988341956,16.94223192979214,3.6130777406976544,20.11280059722699,2.785011242238338,2.785011242238338
76561198908664868,63.71023574023901,20.72341237535716,47.403733451345566,23.290637077671562,111.16364107872245,92.08851027439462,5.666426688112432,5.666426688112432,0.0,0.0,0.0,0.0
76561198931909013,100.76742863099662,38.53760916840103,54.85643647720696,22.36313511170079,37.369390941503134,0.0,17.3178830123785,43.50242738787395,12.429730692968551,8.7241688885158,14.655094351295503,4.193435464866331
76561198937925146,80.31006455847475,36.546359497840136,72.09913626054812,19.333842591615337,49.03052053088645,29.768751069995727,17.781363867369578,4.439469730210373,0.0,8.887379247806885,0.0,0.0
76561198950687868,101.9279210573425,18.94924171515422,47.05205736651461,7.309494521331577,41.45136945249812,17.075825153789044,24.865334357250372,36.04902117291499,17.279515431325663,14.150009257241136,6.924474628446946,0.0
76561198954743459,100.74791708913385,53.33533196070826,66.51334300289639,27.88966591974908,27.42627195599371,10.083071847695319,4.9082333604781745,13.420364380891645,22.52235718507137,8.715519732402997,0.0,3.4317265866969784
76561198961057393,130.89812030815622,26.67829142343817,59.973083421583055,0.0,23.17792046381173,0.0,0.0,22.52254072243077,5.406409148898877,3.9865737366924425,0.0,4.635408369048701
76561198962774260,25.19438735996664,29.55330522274602,23.095979036778264,7.22920849260652,13.261196107698906,9.88956828139682,22.661913897001142,15.61915726748146,14.671635476175585,0.0,4.0981971315375905,0.6830968447064438
76561198963902506,78.51316171696858,49.191826529399805,43.098582787434665,23.85272884313133,43.38216563690991,7.821088263029532,20.14672745057263,41.73073989526765,16.93939145855203,6.702430034560772,0.0,3.2141446504922992
76561198964730990,100.86494139855311,38.348667014860354,58.390461325550056,28.839314675727522,54.120634841951585,9.11361076926763,13.468928192186825,23.314075805296632,33.65203449408091,5.824435462132321,0.0,5.824435462132321
76561198966274908,106.9002046313012,74.73100759079387,65.65014323393473,22.961766972674642,65.82261188098599,16.314424747462265,8.583456212249093,20.718519820784234,3.4154289639088797,4.731538484802898,0.0,0.0
76561198966998552,56.13735799695318,42.69926604467355,52.278791684635195,43.940707947325905,73.99962029481506,57.05419607345554,23.775491806065283,24.855680256277083,24.972605261462533,15.697860958490079,0.0,0.0
76561198967733216,102.88537597533113,17.561030925606502,43.16195195456701,9.371532806067812,32.92018944516772,5.150802951259488,18.918639371455676,13.429000000389772,4.995860008514102,6.054016721764946,0.0,0.0
76561198968237390,56.737939509793335,27.828342297114606,36.52421962455008,0.0,70.44145126505481,15.83404468013748,3.659193143743576,6.068810699264526,0.0,0.0,0.0,0.0
76561198972795993,85.54869056943622,32.72121095003,65.48939060886413,21.19221781867907,13.030217649612213,0.0,9.400769151251021,4.87152647172512,3.837730400846291,0.0,0.0,0.0
76561198974123949,77.4217871319433,42.96835785414018,43.009099288017836,20.1045658674025,36.9719317704809,18.298045099860065,21.05830936235266,16.950104726318386,15.332508949110562,14.559714464514354,0.0,0.0
76561198974989829,96.45632168630318,10.282154146699394,63.799961416310445,0.0,83.06891232975818,4.686012573832192,6.287077586135962,14.096504097969852,11.119000925092507,0.0,0.0,0.0
76561198975067132,80.48524304624372,43.628253563879234,43.227870940979386,5.934417891728707,20.02973314748811,9.21669974821094,13.193125069221834,26.16378848990705,5.689751161243224,0.0,0.0,0.0
76561198975990427,96.91596478747717,44.339362493574434,45.535206244966886,0.0,30.69992886749565,11.559012101834197,3.3988613218646075,21.67788797292124,0.0,4.7960384487505126,0.0,0.0
76561198976541186,19.612952975565044,51.27928619334643,43.13775763264348,22.854566558443352,37.178264162688436,8.332328503604144,12.313617608255553,2.8419981736119486,0.0,8.988881784063507,0.0,0.0
76561198976557185,103.45936832592494,63.28758976863524,61.73875442631351,48.59014586418759,12.906410755050715,5.848402164266144,18.653915128449224,28.549242561493703,14.593480665369405,13.017537591919503,6.288973180377498,4.604970165985424
76561198981659881,81.90458919436452,28.652818041967063,43.0264748323193,26.132717951643247,34.40803973174134,3.407179453339703,14.276323602977275,23.098724862014304,21.796660660019718,22.738160632098918,17.873056223770817,8.366024288337568
76561198982027831,83.73746011643097,44.13295044422406,52.687460662059834,24.227481639804815,26.04786458178666,12.575128410936857,18.622394507882408,36.437739518507456,25.275639775856696,2.253394848803274,3.475067230228611,0.0
76561198984355584,103.70934801672664,27.554525433088347,66.65540822071006,12.23150931733738,81.38638822090053,21.301474243783822,4.2456340097683265,17.245876367540472,9.866578341003379,8.292825391014834,0.0,0.0
76561198985222961,116.05040851990901,44.83048910991412,76.95530865724697,8.587271340443083,63.947641434054894,16.164287054691705,12.33183749247549,31.720529559407105,4.356067595503785,4.066459358732565,0.0,4.356067595503785
76561198986771778,96.54236757691723,9.80073471659093,70.12359622855462,3.3782698770184507,34.00530637827014,0.0,3.2646137165420543,10.414212421226496,5.206750173022546,0.0,0.0,3.0238337036648657
76561198986772742,72.21669437991372,41.53047388860537,69.97064911038508,19.79918176026892,38.71790752734124,20.547725885492948,11.181720448089735,0.0,15.774583431568484,15.071809849217171,4.886205215718078,0.0
76561198988021642,49.93173674877937,44.52458650601965,25.556915977553547,52.75400795141301,3.2367157429965316,24.878028365970195,17.17560474739277,9.897536228888255,4.512177319138927,12.438984421325113,2.028148247292285,8.360194994591161
76561198989511606,65.2704856764863,19.87775149575753,49.21497364826398,18.70430497134139,28.172133814911447,11.418588660157724,13.597321941155009,20.135243748809188,0.0,0.0,2.913437030827161,7.185648799493835
76561198992122481,53.75967307422991,30.29106935791688,19.613391934491723,30.463622702951703,10.430310446460986,11.50570842919262,11.972033205395409,19.868233641662037,18.295842316948566,4.896495613354671,0.0,5.645275504864462
76561198993588247,53.41735785573572,37.31547660333101,34.57705892039921,26.342873374085386,21.825940397307036,29.62931173871125,10.099104206300378,11.301181129573552,14.975695627007518,1.1631508098056809,0.0,1.0818051703517284
76561198993810829,0.0,0.0,0.0,0.0,0.0,0.0,0.0,0.0,0.0,0.0,0.0,0.0
76561198995117447,98.02944127827409,68.10892585889991,39.14158167060673,68.09415556177463,37.19557193665317,39.24674429724662,13.538607743680762,6.370551456156081,0.0,20.803077540651245,5.597310230145684,4.986888900366255
76561198995486953,53.81993332935342,49.302610854007625,38.364535865742425,23.060674700211035,19.148174364483058,6.019311934257489,34.75363178111467,11.295838176246859,0.0,9.076627782936582,0.0,0.0
76561198999705859,79.66702914864454,46.17200982096093,49.29335364188008,38.08974145727637,17.8563956825274,10.096241383435883,20.277187901574436,30.852129522891985,7.903601867729516,6.9932993800487395,3.4442568711226023,4.416428061391214
76561199002493106,88.31639271193487,36.27614027764902,70.75251343987904,27.653294250634953,16.885704927693617,7.090157249209511,15.765888463991418,11.678130572050456,0.0,4.583231278469338,0.0,0.0
76561199003329860,62.73894893985694,19.006372915715158,43.48289281973637,38.018465104261516,17.169839561672177,5.6686166758809655,4.711779921046349,30.57256330374394,14.390115784900432,11.477987387012254,32.59178970386295,2.6925980965432883
76561199003463982,0.0,0.0,0.0,0.0,0.0,0.0,0.0,0.0,0.0,0.0,0.0,0.0
76561199003732668,52.47327336613421,19.58975410060549,52.18828920844051,18.87242029556927,39.01582750108632,16.463529995811633,11.196059701937726,0.0,3.3506055955460954,0.0,0.0,3.821441627196908
76561199006086136,22.525053685972782,38.796320708904176,12.906301634403192,61.464297256598435,7.153271188298666,33.06120917654442,18.79993254243196,13.49790702962408,5.780843510792662,8.930036819173704,0.0,3.8983296782961436
76561199008988100,76.64799832493073,48.79236625264366,19.387144995844793,13.32916094655203,5.728925392348076,3.5826852577075323,41.47840073212313,17.964048279508923,0.0,3.7103962975761857,0.0,4.463952184072554
76561199010475789,72.75798896400131,25.047001424022632,26.11718548321842,8.63402294083965,6.844573277355801,11.980740549177405,8.560487663227855,15.625310385103562,2.8859174075467844,0.0,3.616308761279101,3.616308761279101
76561199010548373,47.27574268091716,29.352423106209688,21.36228068146731,8.581246361039815,8.121349760160431,4.130380208430608,8.446265232855385,4.52595775220844,0.0,4.672533463741466,6.581651107733056,0.0
76561199011315469,30.087943839688727,56.47923741137593,21.239813980003525,46.027677432324715,13.542018270699959,12.308527820255838,20.80629439427381,8.888734585650036,12.010589756287679,4.799766103657435,4.684046059328992,7.258528270613679
76561199013537219,71.54887883344799,50.82999085079446,49.91723518082471,29.54830158547092,46.59058680760296,38.90479520737119,22.252138871591058,33.433452867021984,12.654094986720967,0.0,4.2110900227464905,0.0
76561199015330455,83.30659900421088,29.777923353541834,30.12815816697688,18.881521138055408,19.652634949321364,4.696837374513915,11.638666359111518,42.21130963142299,0.0,3.9621456148313565,11.19734768737994,8.781983510631608
76561199016522989,107.11258826085822,28.79134181733013,59.3078517471748,47.551733723212116,38.98040024735395,4.466827236366346,3.5937442589988975,6.273254293854925,0.0,8.124473988049184,6.226398319796668,16.566163934416668
76561199016903214,0.0,0.0,0.0,0.0,0.0,0.0,0.0,0.0,0.0,0.0,0.0,0.0
76561199017224533,95.96905035954009,0.0,49.72050922448356,4.1588830833596715,38.04797382756625,9.055752263157478,5.593781579441872,16.207190606126577,13.026770585168872,0.0,0.0,0.0
76561199017665090,101.90482443072156,53.57804664413274,55.39407480681635,22.935536018777515,39.974679117934805,4.529152699564175,14.878474911845306,33.244124696492364,15.25565876497535,16.926817459235938,0.0,0.0
76561199019851662,85.58129941067683,17.363756145536115,30.876967634031065,20.976120878062943,10.285677139105939,6.318572359770483,10.070487119528618,20.783380455993548,8.592352796124839,8.575330002513898,9.165961007511815,12.447999407337656
76561199021482467,87.06244659118359,74.08804920708278,62.44145413546817,38.12625133403102,41.49861455073681,15.683490646839662,21.47947274859913,25.88839165064471,15.452896810716737,29.869490790140585,6.043226481666571,4.508438997028319
76561199023588691,84.52372041334259,63.50099472322267,50.21821175703795,36.88993668995907,44.61944911903534,22.037752297548845,28.696495519821507,44.39133634947662,23.174975739046925,18.84724766815261,6.865025215255074,3.6008675767907232
76561199024416168,99.73513822438974,38.262956109096116,44.41111972838442,10.622478729418996,28.300574461245333,7.194964039439466,10.883823623053358,27.366773060393733,0.0,7.153901508434453,3.3456846717318967,5.474453164254905
76561199025426416,51.57286194312231,57.97468604705664,43.16903062149973,51.243635011502235,20.360801900558034,3.3098128198603027,7.48348589422724,18.55072386049659,11.086690071359659,12.989608264516711,30.56526306761865,17.60694540302217
76561199028361033,55.37674297682617,25.798284961035773,17.347263980999962,49.58106476561985,0.0,11.402109795768496,5.049135234734912,23.745280260585492,10.048542497875841,7.711154273273726,6.677325245616954,18.307268432772574
76561199028905855,74.32854633742696,4.555408349898362,54.55694492174763,3.0096351787229825,11.613418046707245,0.0,4.555408349898362,14.396666156454208,5.015437080379078,0.0,8.470266953855818,8.138862070390205
76561199031051001,87.15569940900592,32.52540944454023,56.49163695532483,44.4876628131974,40.34217568984509,42.280076329186926,4.3476939555933765,9.95710770019968,4.966335035199676,4.197652973753796,0.0,0.0
76561199032352779,126.84453028276903,63.28481551319374,86.57792243044678,22.068428677946272,25.661293323684298,4.230767603331745,14.989347878318917,37.90759878051436,21.49175806934248,21.738358650299578,4.897093252697127,3.9371057857956093
76561199032380262,113.74435517462896,48.22720635622225,68.88794422723961,19.25754807347738,37.89748805301491,5.582819387993187,14.144363520315798,17.348508871294996,0.0,0.0,0.0,4.483228515182849
76561199034135760,0.0,0.0,0.0,0.0,0.0,0.0,0.0,0.0,0.0,0.0,0.0,0.0
76561199034190035,56.47369162474266,72.5434126448722,64.2251018774842,21.22291241289718,2.766319109226186,12.744181387563565,17.612966969009364,7.137461250437751,2.766319109226186,12.011590559502654,0.0,0.0
76561199034795612,73.40753046308815,36.11271292015163,26.791008954537666,18.049834868132727,11.139697649605921,9.810586185012625,17.883553581142138,7.529887813502766,0.0,2.388762789235098,0.0,0.0
76561199035465216,0.0,0.0,0.0,0.0,0.0,0.0,0.0,0.0,0.0,0.0,0.0,0.0
76561199035689662,62.95949864227444,48.782483064535974,36.877823625279284,11.342801225095215,0.0,6.329660939375387,18.578977287216198,18.124898653721424,11.909603851134516,11.210593332359675,0.0,4.56511872786174
76561199037612036,56.61427726264234,21.21884962003791,39.42428744002368,71.64631867959683,30.299261281868695,37.03938262726993,10.278182112601922,11.405877003310527,0.0,5.405286587545279,50.214347197416025,38.352959911857354
76561199039143583,97.11763231252647,62.59154743282048,25.56113745647555,34.1295190509604,13.826942274439585,12.50005030577285,31.752754559792095,45.88624088522858,4.074991833706286,3.8617817889913995,0.0,0.0
76561199040500135,0.0,0.0,0.0,0.0,0.0,0.0,0.0,0.0,0.0,0.0,0.0,0.0
76561199041231560,96.1746625043121,43.92215536565085,61.89169740014229,30.560865558429455,7.867076994163316,2.767576180416237,10.295290637327538,12.841795402644811,2.7226103524335397,15.111037657440043,3.0572976292121457,3.790533107840436
76561199042135432,115.87347489388966,46.63907400565922,40.459211687453134,19.074005066470335,23.626182384167272,12.958386951769013,22.346919235162822,40.0046476761899,3.6640743351949654,8.731602389077256,0.0,0.0
76561199044097396,38.35467213228185,30.370112221893134,27.95502857087694,39.246204227247425,6.010747745406627,11.320433613768033,2.2213750375685026,19.394574019376808,17.396943164615283,7.249061493085231,24.479889306199105,30.057384183717364
76561199044103584,0.0,0.0,0.0,0.0,0.0,0.0,0.0,0.0,0.0,0.0,0.0,0.0
76561199049721392,51.35017435148662,24.535752946747714,14.524630452735774,45.73518215524715,5.154579781769206,30.37694705188819,4.689084772869162,32.459283272705804,19.31945824899846,2.0943301541735866,16.194119776142344,13.248787448576298
76561199049965144,31.938337968577855,56.31245950610908,39.05644503110296,30.3589037626443,1.547562508716013,2.2213750375685026,23.04398111987034,19.0729627964706,8.627698179554375,5.802012327458109,0.0,0.0
76561199050075632,125.76957458896128,39.189638489989456,76.31232345299767,22.710672279226493,46.158079890149075,8.33874629442356,0.0,19.963105468379823,15.56948648086789,12.147148823775476,6.5208420162684995,4.801312461799358
76561199051043192,60.47413545711102,31.667691362960127,35.59615234753995,21.77121149789179,2.946016681308058,0.0,22.88871453762509,32.93206264356399,5.334779470543156,6.416496548846976,10.059041671139457,4.271276621731618
76561199056252159,48.41955279590494,44.92765052860053,44.891664556359736,66.5820323454492,4.356324137321509,11.098945305492336,17.486053028743154,36.11409867063895,11.464519791599734,6.514968065669018,0.0,9.594213814052292
76561199056820731,54.91900152588257,35.567880741963585,46.56179171095623,38.064095097518056,20.295865450055842,15.856095335984113,28.59016759836401,19.96174554887703,4.259576474917317,14.155748968547165,0.0,7.91303055320747
76561199057510412,63.48234934476263,46.1039006432959,42.02820653928964,4.551019127870272,32.075738757636074,10.96806052031709,15.796821825252094,24.488035182827268,8.4514610297465,1.8293763327993617,4.67020764513539,2.8408313123360287
76561199058171615,88.57589104439742,31.24594317728228,60.79719181056775,39.83371575739245,6.909982796222488,6.156597556918686,31.147308835765823,19.604016204655107,5.2795422112217025,13.962391356525464,5.2795422112217025,6.1085362186938195
76561199058351895,124.50236125422614,56.81940932007296,42.68430606930871,10.29849577751518,39.518380651723234,30.561551546437464,20.460218794868087,43.738058732813144,10.588386948438263,11.355243905919094,0.0,0.0
76561199059594777,0.0,0.0,0.0,0.0,0.0,0.0,0.0,0.0,0.0,0.0,0.0,0.0
76561199059767033,67.29984093219399,30.096579571052576,44.05024989312382,25.776753785586283,48.76592295763718,9.857749745182272,16.236295272485957,15.62641869779108,7.852517052768984,2.9258461460898246,10.021130978447525,6.593616288467996
76561199061202498,58.988360666870875,25.9707977384398,39.67748470579516,23.561937413917786,32.48163837920681,12.686380504448636,9.028868959307284,21.30240830163971,2.9107188992270343,2.574899688314705,17.720767048612608,9.930068949615357
76561199061428348,86.74189145366636,31.55762931479673,61.29751614960677,17.740235667437553,19.26118520070145,5.984416014463038,11.737013266340004,25.747063164843457,18.474116662984166,3.334701390373791,0.0,0.0
76561199062295989,0.0,0.0,0.0,0.0,0.0,0.0,0.0,0.0,0.0,0.0,0.0,0.0
76561199062711136,0.0,0.0,0.0,0.0,0.0,0.0,0.0,0.0,0.0,0.0,0.0,0.0
76561199064718165,73.20246008797432,37.111040171032904,49.06119483158538,34.86068389789722,23.724778633112198,26.80746907028757,22.157108967201896,27.998328713572377,3.34533224882076,8.634925665794421,0.0,0.0
76561199065212767,61.600701293365596,44.098954564763744,27.404993269248024,27.0055868965642,18.2655433301942,9.837769827610975,27.775155447172168,31.31891207518986,12.580422745943052,8.12305821427434,14.69433968041451,6.502246419916913
76561199068146505,135.87309941341715,18.320462479122515,30.467356690884124,18.190683230446208,9.87621085281663,10.64435840018819,7.546324830258017,15.507299643239016,5.080969487830403,0.0,0.0,4.750568388677448
76561199070380893,69.95725191236322,30.79595139018759,47.16594029944327,5.231083696757987,29.514596306861392,12.02322189954838,19.504583844691567,34.20644870260756,15.64163050415529,2.057962510002712,2.449279472144849,0.0
76561199071386893,64.21567547290555,73.83054862802881,46.00178536105654,76.02069277732184,23.401888166006618,11.5447377448436,22.44553492406591,23.77988849140138,32.537055813624384,12.751846190319148,5.383246577333342,15.194216135873695
76561199071636074,94.88506840843235,29.16169493397423,47.102773429367424,18.376576943927237,20.03631481555783,22.881136931046882,5.175061004531258,30.202095344987473,34.1772248089098,4.250350662548819,5.732778011497453,0.0
76561199071908460,28.66415306756702,34.38253261471015,27.029530997189415,50.84242909265759,3.820346216856242,2.489064659936664,35.87267150220935,14.177097410462,13.116257091778108,8.50996610683967,20.57543252059308,23.404040993442397
76561199073816082,55.60324046819513,33.52801486442705,22.824849216846477,7.146055349362981,17.1630573322555,1.3609765531356006,17.823697952564846,20.29407401783584,6.3624651865117094,6.537864243107057,7.266683337151596,0.0
76561199076389886,78.46536885640522,14.459462527692878,43.109288340312986,22.94204371406652,43.95688101562797,33.88479008274108,0.0,11.266885671313547,4.635699391022914,3.2801590532850993,14.86737155310968,19.574898999495797
76561199080519974,78.71485300990538,77.74070378482749,68.06679599747181,49.63414338645485,21.136018673544687,17.687719873694462,3.169685580677429,12.616960699103537,3.192531849528599,8.444675830492564,0.0,0.0
76561199080871410,0.0,0.0,0.0,0.0,0.0,0.0,0.0,0.0,0.0,0.0,0.0,0.0
76561199080918647,58.42455546675198,41.28265919901018,30.64802008838418,36.991844404920826,4.6114852042208545,9.114250005405296,47.25060097541396,33.453209569433135,9.718631312545062,10.1095778196444,7.438883405085958,5.889570239426641
76561199081710235,111.85721627598839,42.211448826967,42.09923845480755,15.724239265117145,46.65235059724475,11.961731616691852,3.5530597309714014,12.568610743042179,3.8645120227570944,7.444678381709993,0.0,0.0
76561199082377284,89.1745729584653,51.45822556990239,29.167066760438033,69.67683608589867,7.297193235707056,63.702164703215075,12.835056921279902,17.833801739477998,13.802910643677931,3.1493113614822916,0.0,2.6858045921548905
76561199082847964,86.51379829942195,45.440004577065864,45.83921681944405,18.2229103384379,33.50051338888907,25.786136212893943,10.033207283750297,31.642675792926745,4.375505417683616,8.440000565066324,8.624417586970225,0.0
76561199083912200,80.66625235396393,34.93428105404073,41.27499803830167,55.57626062748878,26.820923557728513,46.89385561552445,15.123893340544663,33.26624286373238,16.852952390508296,0.0,0.0,0.0
76561199085212273,110.16774339385579,31.30460035987289,71.26722315571348,20.080797817146806,15.228024296962232,7.465147167313523,3.7796338173824005,6.10595327359268,0.0,3.693120448371191,0.0,0.0
76561199085366031,0.0,0.0,0.0,0.0,0.0,0.0,0.0,0.0,0.0,0.0,0.0,0.0
76561199085433040,85.79656747206974,34.54822502498838,32.14001253931589,68.91619996762043,31.75214030987844,92.44438931620172,4.408911963455264,20.239744331234267,15.121285020987553,4.408911963455264,4.408911963455264,0.0
76561199086185329,0.0,0.0,0.0,0.0,0.0,0.0,0.0,0.0,0.0,0.0,0.0,0.0
76561199086355854,0.0,0.0,0.0,0.0,0.0,0.0,0.0,0.0,0.0,0.0,0.0,0.0
76561199086769864,67.05135577258685,30.617200723175113,13.09729996545329,24.293692566347065,27.635315180251386,40.6946121990774,17.007002953645934,21.661395313968164,18.79496688661051,2.986691528901842,0.0,6.031666749596831
76561199087372221,48.48691977487174,20.36505059462808,20.221494756356392,21.012164424456696,16.334190465676663,4.148359150528339,17.733799783884578,40.72990413503707,13.600928338141586,7.678224546604397,16.880524077490897,4.798266815950004
76561199096657132,0.0,0.0,0.0,0.0,0.0,0.0,0.0,0.0,0.0,0.0,0.0,0.0
76561199097156418,63.25648403100808,33.31113460964803,32.920969701632735,15.56937628065827,15.224964349715068,1.5432981099295553,20.847942853572214,24.421900551008925,7.123889200141369,8.157597586496525,0.0,1.4861396960896067
76561199097247135,61.15831011475862,57.0994785699461,44.95879857165768,21.73268523427741,19.533462891671732,14.323639161495038,31.743521402140697,12.210661400272656,6.361867084991603,20.86152921558348,0.0,5.22805583350737
76561199097271657,77.45160677665423,31.38089812910908,58.34590898299335,25.180473988780324,46.33833272522303,21.589541346042527,4.858648937098374,12.471052823011814,0.0,7.145783028987253,0.0,0.0
76561199103998320,125.21282418004209,40.144063607370065,103.54312631388166,70.17651135135058,22.116040320963943,21.415952568255655,23.235341130227134,34.28418672463656,21.942123911743497,0.0,34.39313296719493,46.49113442651716
76561199104391040,64.99027169140753,46.820874546694554,30.38180702953311,32.217455451668684,6.172835652365941,6.721957005406479,44.49582575962147,31.96836697819421,7.227040736847339,4.736286163845628,0.0,2.5360749363624
76561199104812024,75.22207013461649,23.698633724472913,35.10973316037014,23.157934984727753,21.724282258489737,13.59268010988438,4.4640212822265095,22.57000360135816,13.88101873470886,2.4740142086215764,3.4735180432417816,5.902735787169194
76561199105469404,53.73039990172781,32.889736745934854,41.14181642319721,10.047725939708757,8.814067398452133,2.5764217586237734,17.873365474414413,18.115874607882855,3.7783796065311552,2.050270164379556,6.354605491337566,1.728109442151599
76561199108308292,87.15869433814724,54.54919869843268,36.67679876924524,21.431654915875825,9.883727198794409,7.304492005353126,28.882123760897763,12.609037973590047,0.0,14.211252144871729,0.0,0.0
76561199111379022,72.37545514474581,89.4220583304345,71.86823306408267,41.17574247725202,38.96682193755894,9.596587226808404,33.90822568602641,20.015044590860438,9.628429461269718,8.71527155514263,0.0,9.409605571100025
76561199113407300,100.27473522035275,21.009572626083255,45.2637315451406,16.807420544560273,34.73304826274363,5.305938253679398,5.5556690891919835,12.400873720994527,10.052464643832387,5.945813201688893,0.0,2.8791984572980396
76561199114607305,44.777500913163486,29.18823561769086,37.79297566970141,61.81030133286346,18.437837795979124,14.963431387465414,30.40547100918675,17.79746325828568,6.422018937090334,0.0,25.520090445408094,0.0
76561199116914150,107.44948585910642,24.937364063788902,74.83634682470418,12.924098258736826,51.34068034089936,8.448367305986338,8.393745506888358,25.78625775827208,4.830950258623431,3.940221659786825,0.0,4.309455941839047
76561199120414873,88.08357924415553,44.910903848929365,59.96272450560468,7.126399304949806,26.902144116561526,9.158640845087382,13.528072849590625,24.583307225221642,29.18636219888758,2.178155014615869,0.0,1.4770487243883548
76561199120639628,73.32622807111277,38.40439839111329,39.873619690583084,57.84180532792742,22.212661315457193,36.23100240992244,3.530762586016799,20.240952755595266,25.27392754085187,14.488467751350289,0.0,0.0
76561199121565961,96.30413709331194,19.86540274766644,39.937154221964356,7.117071187575066,19.02375359978911,0.0,12.525374912656545,35.0585807964153,3.7823697972012753,4.504244267398131,0.0,3.334701390373791
76561199122736062,43.14110250587666,59.826424775171866,43.26533429777729,16.448465797252588,37.76157128669228,31.52983365187426,28.508971114376656,9.21686747402413,3.150596984114906,4.82084592245478,0.0,0.0
76561199122977950,82.37919579334688,55.485627553379565,38.07369065345155,52.809009629991394,31.623445722838408,51.817765571997015,3.2816628129669656,20.366454550651767,0.0,3.318540147981146,0.0,0.0
76561199124943008,75.9578473123208,51.91005965488616,47.819839456766786,30.576470818724328,7.930495373505021,3.4483989831464497,33.29014130245037,18.304404845923234,6.30370263745565,7.025705767284211,2.8892600290434745,3.414442608412176
76561199126132515,0.0,0.0,0.0,0.0,0.0,0.0,0.0,0.0,0.0,0.0,0.0,0.0
76561199126787166,93.3775194086234,91.60072863562097,76.17743747244921,45.003081266235576,24.42515605045556,14.206786201759297,19.16068133200698,25.16307956118899,13.201517163193696,11.728698043108537,0.0,7.092017950593137
76561199132474887,0.0,0.0,0.0,0.0,0.0,0.0,0.0,0.0,0.0,0.0,0.0,0.0
76561199133897762,74.52441913064209,30.770703740198456,43.74798365132802,13.580080406567216,13.32854539780969,0.0,10.625082079841478,14.72241088611868,5.979867561262319,3.1023420086122493,0.0,7.911981280925245
76561199135584637,0.0,0.0,0.0,0.0,0.0,0.0,0.0,0.0,0.0,0.0,0.0,0.0
76561199135781565,36.980930712223895,27.058676273188087,8.30173854136954,17.670851816352442,1.5351453078522455,6.68222142441794,21.689754134962506,26.146411578363765,11.669396075300503,0.0,0.0,0.0
76561199136746247,89.12592609941527,74.1249080449446,63.30611156179533,3.6122683517420957,17.99075453470732,7.6619373501279515,20.49884632457689,36.49110598827368,5.428336347871771,5.778889947143006,0.0,0.0
76561199136855449,64.95779917509745,52.699087601140974,51.957594890927304,46.399818202041104,37.926848063708185,61.99254910979194,11.344836404113018,18.869516025179905,7.212781149461977,3.1954024686825586,0.0,0.0
76561199138247965,77.58593762060978,33.79340939405157,22.232626800575208,12.117500551295597,13.672643312219027,0.8671004876833833,2.995332193532651,15.041754696719792,1.1878434223960523,7.631859313180401,0.0,0.0
76561199138513253,83.63964535601436,46.72836613914609,85.5420639884881,37.020407665851856,35.36147701353445,6.731650358798554,18.762209347583607,19.006623952949415,21.42576781787798,7.578640286040393,0.0,0.0
76561199140016913,77.12199977886571,30.688894944473866,58.93428783362973,12.403765956586096,23.69272342479176,1.9459101490553132,13.428929789404888,6.0437011464434915,4.702931903770587,0.0,3.7739097032985116,3.7739097032985116
76561199141759033,39.85257213380673,28.759469445216254,27.189223973183427,29.050839987547477,10.290568360246818,17.20272815696381,21.370955694824264,24.824724244293094,9.37565821273986,1.766441661243765,10.255948210432738,2.826129489167811
76561199142951886,97.41420858694318,44.919013037981074,87.71253901606325,17.270395544077758,35.66807270702458,8.027621918463517,14.114359848741934,10.344208749409148,13.593980689872678,4.867688284776323,8.334237769772399,13.39188386813801
76561199142956823,14.16364638006373,14.39103559171878,5.144921401851653,18.53590818214945,0.0,2.583053710927525,3.875037392576174,4.640537329825382,5.877417888119549,1.3987168811184478,2.014689664450139,3.838674280972931
76561199143159259,49.04945187184598,24.746229468448956,28.92125085189668,30.93370346055702,5.200980133659079,3.3130945001071823,15.331767989167096,24.582984072447346,11.449540597667536,2.248128907197987,6.307709476983748,7.718000816414989
76561199143328855,90.69566354740496,45.45857282695991,36.8835517101525,37.99180978121973,30.32741221746278,21.199456048861354,5.055608659738987,20.21575776340239,20.566217772243746,12.516434151799317,0.0,0.0
76561199145933358,75.80445353186688,19.844094682857158,33.390054542475134,17.06142737481173,7.209956930325903,0.0,8.338436408060758,22.63476471894907,10.765489677982789,13.963286772259217,0.0,7.673414079632158
76561199148191143,57.479914436731136,41.24987575523058,54.20224703966266,55.70682826178406,15.472669890144601,11.499967476615577,17.87768614557588,4.58118482323758,13.540652597882612,17.310257070022956,14.096385991546864,37.01700257311766
76561199148448392,44.43326283490075,25.007767115764597,35.1665994859008,18.247263188735655,35.50464752296124,17.815501704168387,5.87539570138816,3.429067769041933,0.7793248768009976,1.1939224684724346,2.382320061012899,0.9242589015233319
76561199148775972,95.57026941290462,16.458420817277947,87.76814658147045,7.455576642482823,47.51585129004683,10.606173626597728,6.608426985134052,0.0,0.0,0.0,0.0,0.0
76561199149640219,62.49497788510487,74.94301918260648,32.159252507887274,28.239081739887045,14.531206385936025,12.34807508411816,56.09051023262337,42.03440238764024,14.357551617241507,3.259249719006474,3.469478889078561,3.503152104185149
76561199150096251,76.99047485722949,35.704973397341725,26.191083668813263,27.090080240503877,5.280509747898072,19.45965072880582,21.126250483630717,37.76774879027542,19.862768265847752,12.187409324178432,5.741737964675222,8.559104176770676
76561199153422953,37.08451868010706,16.94611272746645,15.184620875710047,8.805696628709057,0.9082585601768908,2.6706598118836506,8.13516235236791,11.095269537607955,4.662149583805627,0.0,2.8735646395797834,0.0
76561199154157581,68.22253446407717,57.27928135654837,47.937344552327204,18.479658341688154,25.553514003437797,9.083310695371555,12.286315414364786,21.614132192830457,8.974844645689146,6.659152371204586,0.0,0.0
76561199156024770,86.85480406909693,107.79974147991605,47.49827303331915,43.78478476576096,50.02409662956526,28.401471335826,28.179150953517137,28.473955991489767,0.0,26.466695804524853,0.0,0.0
76561199159246290,70.69340853716619,8.158508772691885,31.504762219371546,16.980589206313827,59.985301925580515,45.67224625638588,9.90193913545691,9.160269349257556,2.8791984572980396,2.9559514035421466,0.0,0.0
76561199159754169,42.132730508902604,39.0667434261196,31.797750773743797,37.069291552610075,0.0,16.998438113974423,18.779986533280667,17.867841146961368,5.672821079240569,5.804265615234444,8.263206338243961,14.223180218260573
76561199160326290,82.17942167555023,61.54596012416986,53.13196614897783,18.39857337799926,44.80477698380453,18.28823830520564,13.260023462601868,22.14009167402618,9.952636414270657,5.914632367668828,0.0,4.230476736546681
76561199160469265,26.66313692605323,12.398772336656338,40.6916389351326,11.427493996754473,8.40451471467782,15.656407505501223,9.736389618320676,8.965137032894635,0.0,0.0,2.4176979000945504,2.4176979000945504
76561199161773396,128.50692078235696,45.206048967747,35.54733924368922,9.13733259438641,47.89059244305556,0.0,4.716085246559246,29.927102168175697,4.716085246559246,4.791898684600252,0.0,0.0
76561199162150157,108.9153576973178,60.194767452656485,56.0858859879551,8.67237110345978,30.724433255477443,20.134738439268585,4.32041715304219,16.565976731169215,0.0,13.231230950107742,0.0,0.0
76561199163724629,69.95414246237299,57.46487744972113,48.071946894035754,16.55768604701614,12.071808604012556,6.188506393527397,10.553094245977158,18.925856543092547,3.7483269127573564,1.9572739077056285,0.0,3.7483269127573564
76561199163970610,63.64440876848649,54.80961315333978,34.97776456078419,46.920614643237364,6.38033675124237,16.468655205175104,16.566666651128475,16.351557714558396,7.91556720332375,14.789292696988804,2.986691528901842,0.0
76561199166182764,55.234955433513676,18.554683963595316,42.26020649119928,15.439822583734863,31.409260228870554,7.7894176262739725,12.01237601489111,27.760303503419042,12.46859635090101,5.796433364104426,3.3506055955460954,5.2207827609552595
76561199167276604,62.28718843609447,54.35277614525423,50.860441375354284,17.4693866609261,3.4226326623822203,0.0,23.340147223340207,15.339696173349358,0.0,10.728631915421616,0.0,6.396550583377495
76561199170689400,53.07106867325878,71.04262666833942,42.50193251573131,113.17713678785057,4.57933942595357,42.85375624969516,31.772055812960772,12.59751552143962,13.22234733035889,10.49649348997486,0.0,9.027334300955811
76561199171022045,69.67015513928675,40.92256145319472,61.08231267625158,42.50162610795721,50.58525066067518,25.46795407144269,15.709897455954026,24.777383784786547,29.796269108764676,0.0,3.007166651179654,12.429439160786076
76561199172855668,71.44374228370604,37.40209070858436,23.034749216987777,43.65786082356662,18.54580905537921,4.296877159632186,15.375060107064424,60.405531723815784,14.67993244440736,4.047776926405766,8.184542204511818,7.079624062052975
76561199175895006,91.28733879077188,63.069022614952445,30.33215563174618,10.117758086806203,21.987019260923336,13.534560934295536,25.668618001959015,37.187308465032025,23.750026209911415,7.663051330864496,3.9899095440852173,3.056356895370426
76561199176943260,84.54443452146859,46.420101677151216,58.32764446772996,10.314362779523604,27.813799833867595,21.712036042588217,35.31232950798834,44.323978433403056,5.5557850469062,16.9773262106443,5.5557850469062,4.751432692966343
76561199177263814,73.47708149334021,47.50794604105182,43.509603995247524,23.98800922366027,8.427154114109765,6.851913994992767,10.882921128535832,22.022104784104297,14.773767521030004,4.598870383839563,3.909048586225957,4.535793312210268
76561199177394627,63.49494864670412,37.9214042272682,36.17877852759284,28.416757915624043,7.558150478795984,16.157368637197443,14.362591989639515,9.341484285589464,0.0,3.245322994883049,5.905582532148911,2.6602595372658615
76561199177732895,80.20045998972745,31.149529708396372,38.89341034693387,23.61581696818252,13.397578367464263,11.90924716111779,12.902391931442958,16.895927993032082,2.975529566236472,12.595290174479535,3.2378938307039626,6.370352935476761
76561199177743352,87.64033451943295,54.63130571784862,72.31390527186198,25.849592822666853,24.758514344344725,0.0,30.37688911468433,22.98784241162664,13.88792948998962,11.430580402109888,0.0,0.0
76561199177799021,70.72409905454683,91.59576762265668,34.91536561028579,18.335627041233273,11.274814773997841,19.143008244336276,29.396130624092297,15.336290740065106,0.0,9.234558735542896,0.0,0.0
76561199177910149,28.077167321405366,55.25751919299507,39.90159048081747,19.31405672654239,9.60885241183257,7.1200959689423,31.07667092689294,0.0,2.060513531794317,2.1004689088719113,0.0,0.0
76561199178946434,68.07743798034181,54.344949716686294,51.887502067548475,17.497121364387684,38.67475546496771,19.630150364744843,14.353293007325366,24.99555171029699,12.90485630624865,0.0,2.1770218700187,4.526490548911596
76561199178978453,0.0,0.0,0.0,0.0,0.0,0.0,0.0,0.0,0.0,0.0,0.0,0.0
76561199181453644,111.74802555316928,19.118875573888836,26.32842303733361,23.597781423771984,47.5262947859701,18.681228264123476,9.137995513853824,57.476376031329806,28.46313046752371,9.549950822107423,0.0,0.0
76561199182477254,59.467200719733746,40.67148562180089,42.380318295268324,15.97113899607197,28.797132160748355,5.602550462026599,5.787089080782612,14.746561054364248,4.254619308757319,1.803358605071407,0.0,0.0
76561199183568045,58.395049649011526,27.653368697617992,32.60741283481967,14.610762153775399,22.70741514851066,0.0,10.20651395400888,19.307495869096343,7.694478636832628,12.945605057869827,4.6523399904644815,2.848970892158587
76561199185923126,37.2305423786557,32.229497080045434,51.75129326261088,10.639278753613489,11.492416701359259,3.181672275870657,13.66919368936204,1.6448050562713916,0.0,2.653241964607215,0.0,0.0
76561199185957759,109.54877781919036,96.03133887942504,57.75843214510441,39.40332323619234,72.57374812388947,38.98265072637347,10.881910813468817,5.48968125132622,17.674894060771994,11.322641088912784,0.0,0.0
76561199186500350,94.0717037697904,56.86995089116894,75.29997856223304,19.634037082908588,17.578338774541773,3.619529375979143,20.66219105281136,35.81553084261335,36.05160199986393,2.8752581200861167,0.0,5.392126420226094
76561199186714151,109.23132117380017,30.837506006275607,54.95697428216552,28.945938930855064,28.25585351784207,9.45041439853133,0.0,35.85755935712764,32.94361349840297,3.2928695047765273,0.0,0.0
76561199190983452,99.37982759661855,33.08114631830628,82.89949692755268,12.294868495663243,24.443801959750257,10.921133794184096,11.140821458716047,33.89788753218548,16.63220640585902,8.439615230424181,0.0,0.0
76561199192245348,54.804059887016166,46.67676220281938,40.908523126387024,7.454983820796873,33.13098635118066,21.825752815173583,13.157395106677525,0.0,2.028148247292285,0.0,0.0,0.0
76561199194402331,47.236813533610004,31.890401814015384,23.174470934071376,14.60241071661899,24.216829243739646,10.115556857069818,24.49959839419298,16.96866635824885,8.081381853977176,0.0,0.0,0.0
76561199195416934,81.57286431601374,48.80546970259879,61.28400076506144,42.06989510463647,28.597544689216722,11.805608923329752,26.28877454695482,27.968105543913694,9.784736499126705,10.935894208327793,9.865674782006305,4.5525075334047855
76561199195958449,73.10332388913149,18.21947168127638,48.859516083344175,17.156997720637,9.828093002172412,0.0,9.104926823801046,9.070231221831381,6.673168503003129,2.545531271604435,13.505420586163806,3.3541057741283047
76561199196035407,99.87497483352253,13.199098310313252,80.94583373472028,17.588711379136164,46.876416295433046,5.350530237994971,3.732178378509084,4.539350844950798,0.0,0.0,0.0,0.0
76561199199012410,54.983152690535654,31.01895956878625,47.219843602073624,21.39873269537031,51.5810403858484,20.31644631330677,11.359920988001425,20.54514619812587,0.0,7.29941891677662,0.0,2.5687881337687024
76561199200039007,59.62412210521253,47.170781655147465,51.27836846510173,24.641897654317315,60.71483983928332,20.602013790358694,19.37142761100768,9.987305266207684,2.837908188360424,0.0,0.0,3.8790865051818813
76561199200202957,71.90854584303064,18.05843475752122,43.876513564831264,9.249455535559303,22.861457745288643,5.384362026417207,0.4574248470388754,19.345929209046908,12.155909190691366,0.0,1.4539530095937052,0.0
76561199200353988,65.2457144121471,23.12373560985828,35.38480047784492,8.637696472647495,13.153248781720539,3.7222513655549876,10.510541635563325,24.500516275696597,7.099125796821153,2.391511302188447,0.0,0.0
76561199201774235,72.54379097030032,36.78300776282446,39.585953043487926,17.013888037454688,37.559131040003216,10.047418552301835,7.5344127026482495,11.085651416364879,0.0,4.933538243711289,0.0,0.0
76561199203270822,65.58214082362254,61.37447147239491,37.09873315674817,24.480241966110626,15.319155819348998,13.030362537036513,18.216824467160006,16.890898507722692,5.380003799487792,7.871845818117506,0.0,0.0
76561199205535040,75.42477395972975,47.58707946864695,50.05978180222648,31.687563047481547,41.697859479415456,7.316836242000614,9.067902631549355,27.89698063667831,7.345884653644337,13.259733371427327,18.135832006192285,0.0
76561199205562180,75.42690216924913,41.17402738226686,65.83094609888688,15.71909187341233,43.14576849463997,6.391343079319832,6.027401026912288,8.181044422473713,0.0,0.0,0.0,0.0
76561199209636789,54.46450821162767,46.76157955885935,42.1725931650847,16.79736816017773,17.4033572715635,5.388615004528817,11.007955797697988,25.82669815972688,0.0,4.9093265588785275,3.3061538329752613,10.764388662718309
76561199212301613,46.77935209910361,30.786138252018514,35.2078896570155,26.090942414933924,15.29153731198191,6.868603763434646,5.473855551542567,6.246432487622144,2.612273245708441,0.0,0.0,0.0
76561199214007024,0.0,0.0,0.0,0.0,0.0,0.0,0.0,0.0,0.0,0.0,0.0,0.0
76561199214725358,84.38541730290055,62.98258777337112,37.663999671436585,34.22141392556568,17.814852325601574,0.0,29.019683661829305,15.286135948486939,4.87915893130787,4.1568497675734974,17.5910995087272,13.941479738585564
76561199214927585,67.66381826956133,21.55745867708477,29.29298174821706,12.30333133429007,15.519390375990215,10.207813258538259,7.1613380215807325,21.437347371567903,13.241792841252767,5.523936251694049,9.797485601202418,9.797485601202418
76561199217005171,84.4727233741121,5.517717921583412,50.39562442803207,0.0,13.159970704426792,2.5392369943330477,2.512035317176253,4.159351723530711,0.0,0.0,0.0,4.513054897080286
76561199217242920,93.31597075073353,36.68227323471969,38.04514670793173,39.61029365849057,19.371637825696894,14.064567013591425,17.339443897939724,41.44415838290506,23.017981320488623,6.280799502795338,0.0,7.5058634379710405
76561199218023441,97.24461393715934,19.420379602514817,45.086727172602735,0.0,50.46684698448057,8.558081532535509,4.3965457207730845,4.3965457207730845,0.0,0.0,3.6926224403927708,0.0
76561199218251849,31.660248932359192,8.81833283912313,14.665469197402688,0.0,4.0669733654259685,0.0,0.0,9.419447422925959,0.0,3.7864597824528,0.0,0.0
76561199218355105,0.0,0.0,0.0,0.0,0.0,0.0,0.0,0.0,0.0,0.0,0.0,0.0
76561199218902109,51.00589787319705,58.70005231771808,51.80047590850296,41.54217549384651,35.32017355910933,25.35533872376709,39.69346580633845,41.73572377982204,15.517703790978398,0.0,0.0,0.0
76561199218919589,77.43641834455616,46.9203830095226,26.275647557567897,45.83506079492361,30.87777521683273,48.61728857463214,14.730993336837379,21.085308207890783,13.510753886273736,7.411722739214158,0.0,0.0
76561199221510423,119.5744222181479,57.4265451400356,48.28658056253655,31.12421830016585,14.556034804735141,14.712862381804355,16.671811199788838,27.808338303669082,18.362150838403174,0.0,0.0,4.67702562308852
76561199221523939,77.170812982423,39.483785392673234,60.09758333533628,27.001536039046805,20.737216060615093,0.0,16.26207236147809,35.12071161058123,10.394918560757823,8.297352928233403,4.480740107609915,3.282038399825841
76561199222145594,74.15350954143193,50.2940583936546,37.35869398609219,18.612131272351427,18.9327059363326,5.8099138930921095,16.06736111754467,10.774954510084456,9.025112066679103,0.0,0.0,2.1138429683971687
76561199222262354,66.16198479180912,88.55395792505502,83.31411039813314,36.09992417590265,54.95228463177129,32.42282981699892,27.981160219876465,12.720480807236854,3.5601934464858913,3.883623530906448,0.0,0.0
76561199223548527,85.63292504619369,36.78876486695236,35.59964862889463,19.942755979993137,35.16011613443288,15.579275582028684,15.131490462286681,19.33892624367338,0.0,0.0,4.572130331909891,11.139013709926129
76561199223661728,0.0,0.0,0.0,0.0,0.0,0.0,0.0,0.0,0.0,0.0,0.0,0.0
76561199226176149,28.74463567858438,26.027073561420327,16.50908144410494,14.96217542399344,1.9198594718553708,3.467421980571384,25.323800974082864,11.19107130672828,3.8119153360517686,3.9439750580648347,2.1826747963214883,0.0
76561199229183744,87.15194070205959,57.97641780964448,31.989983004525232,35.77753283304917,21.580776139114544,9.809560640735334,18.494093276045266,39.83092195612518,30.66964251362301,15.0919699323618,4.8181017722258845,2.72785282839839
76561199229382365,73.88146821830877,7.602266029457928,41.65586055014059,1.6134299337036377,39.12452884297541,3.793869901304874,5.98883609575429,8.493336960960795,4.317168062325385,0.0,0.0,0.0
76561199231536128,99.61040889311205,68.37427571295645,46.887507352768075,18.105839396673304,26.706871785984127,19.321856349444758,37.46012800079805,6.227761215667104,0.0,5.92511104655796,9.669578927681046,34.96681100768509
76561199233164979,77.43026438633746,47.298170947167335,46.17566792373409,63.90775427196613,23.71142104250683,25.15270187151655,5.018801856762649,24.259190662426438,13.730620599429006,23.316202447570028,13.659324169841536,5.140083361283142
76561199233790996,0.0,0.0,0.0,0.0,0.0,0.0,0.0,0.0,0.0,0.0,0.0,0.0
76561199234936599,0.0,0.0,0.0,0.0,0.0,0.0,0.0,0.0,0.0,0.0,0.0,0.0
76561199241168041,0.0,0.0,0.0,0.0,0.0,0.0,0.0,0.0,0.0,0.0,0.0,0.0
76561199244382821,86.30697258414602,37.907882956799554,46.44598014576656,8.016921808522287,10.6943137794193,0.0,8.016921808522287,5.39376390069205,0.0,10.174486084205,0.0,5.464340150372489
76561199244845825,0.0,0.0,0.0,0.0,0.0,0.0,0.0,0.0,0.0,0.0,0.0,0.0
76561199250115440,81.69496594233244,49.70217883602354,59.718448879445866,34.17864933807884,21.761482297019782,19.780976095763155,17.63278711380764,31.872360794007427,23.82287222002559,7.6438304748429395,0.0,9.462664333562374
76561199252400135,60.41197554183796,46.15647935263542,42.23086016643155,22.555460010294098,33.99190410613342,19.117337804019005,10.317083445146354,22.971389690621546,12.383588549064168,7.053261560569195,0.0,0.0
76561199256004350,106.96756136753038,78.15892889286819,69.77049448331958,13.28017856014319,37.460800347066375,6.679435855923863,22.211836947302753,31.771493643240404,31.86542883216656,17.240618802300393,0.0,0.0
76561199262202976,85.32421516742309,58.35117501262166,36.65543664509706,29.416594535743503,28.42213809659555,3.3614165116503107,17.759866647841335,11.270472961284819,7.402084075269616,10.02812956707925,3.542407550213679,5.952931597391198
76561199264732687,41.949128028678004,22.990806937678883,27.146764319843616,9.989374325790246,14.389449670690196,10.953006892700255,9.673209392101072,19.52456685345093,15.070995779782761,0.0,3.388787361585474,1.3987168811184478
76561199266425816,70.19081296851486,62.549380227247504,50.589215479263416,28.07886534289117,30.035745674257434,21.1261787613123,9.184119156041788,21.818762227638206,9.652302487316032,3.2136622578153133,0.0,0.0
76561199267496067,68.40352052395554,76.59687506032752,70.19749367117556,36.168025775068095,37.3207160194413,18.29906939152348,54.15999002694891,45.5076074473581,9.839893230835274,7.678981209142653,4.281791848878036,4.030161533445187
76561199268363521,90.93305644411343,39.279153774809664,52.00965350663221,41.38205405359454,24.368011578686293,15.627097681215337,24.898088946936618,41.094451027782995,20.52565765188858,17.517746333798414,3.0469005601283903,17.301229615677318
76561199274384456,100.47851629969591,42.72052200346853,43.8476163427938,20.259505313484546,11.627229656459178,5.026639868237972,16.864410923904003,52.07309305783629,33.90431413302354,2.295560478057081,0.0,5.979549848146493
76561199274730477,67.89381861194467,31.3752375501791,49.375885656459076,5.312959643284906,47.49068985662084,8.162043255490026,11.041434730531478,0.0,0.0,0.0,0.0,0.0
76561199274993293,0.0,0.0,0.0,0.0,0.0,0.0,0.0,0.0,0.0,0.0,0.0,0.0
76561199279081053,0.0,0.0,0.0,0.0,0.0,0.0,0.0,0.0,0.0,0.0,0.0,0.0
76561199289397551,86.28757949748172,35.66519691760599,50.73267190993436,44.12831015489272,13.402850178605918,12.789822298397663,2.837908188360424,17.914350487365663,28.05883901461643,13.816965380077207,3.3971893602646164,27.228842261083912
76561199290213981,0.0,0.0,0.0,0.0,0.0,0.0,0.0,0.0,0.0,0.0,0.0,0.0
76561199296937509,84.08410157621263,32.66058495207136,43.17338180909625,37.96885806087383,23.32314465892957,21.694359850650123,13.300870153465914,9.803226877224553,7.925737387448511,8.78989261747822,0.0,4.376385754783795
76561199305756354,89.59884725062348,36.094732998070455,31.86588211758588,32.85572727327298,23.337227670464166,12.632831047574026,19.202647827808605,25.09072366242995,7.365747053894627,3.7249702742582897,0.0,0.0
76561199309848738,0.0,0.0,0.0,0.0,0.0,0.0,0.0,0.0,0.0,0.0,0.0,0.0
76561199315863592,98.7072152311306,75.28074427886405,33.736654053671586,13.532707039061343,27.93840184754339,17.371881754590927,0.0,11.325141088108271,4.933538243711289,14.535997633380987,0.0,0.0
76561199326716853,88.6754138394627,42.846806769403514,71.25385521434696,19.945814607773492,20.281266120800527,3.709172157381699,16.180303948750044,3.763522997109702,4.761489940243045,6.769286689864958,7.083260658329026,3.405189402931693
76561199336091998,114.37781356506781,7.870304248593978,45.11872351104128,20.36297471367835,32.23190941920901,7.375600267538603,8.379565993851124,26.97494849017661,16.18756928879384,0.0,12.570525505576581,13.56117842804302
76561199337941690,78.13228816832503,39.63259655302245,33.299830416629916,67.17287280352471,3.6980869348648495,24.437310568973338,7.521399406228935,30.09009873286122,18.685008790120992,18.05343426446254,10.941495036174782,18.543437315783915
76561199347967453,56.251233055943146,65.14173983149429,53.00603684920229,35.097289751743645,30.791152597699902,36.402354359892975,10.358375343969396,9.025515684964109,0.0,3.5496173867804286,0.0,0.0
76561199349057212,0.0,0.0,0.0,0.0,0.0,0.0,0.0,0.0,0.0,0.0,0.0,0.0
76561199360923051,39.06332614464351,50.6052124925112,57.94621293487832,29.796132450114168,39.80526782854499,9.390374474540401,10.93577773666702,8.615616009205622,3.2752561583043085,1.9712993830601329,0.0,0.0
76561199362890720,46.79188646026478,59.69211890717539,39.84368194072049,32.28469967400126,6.182073336401762,6.888154431327076,34.42809164561183,24.67266820996076,8.056841836728118,6.476159725096707,0.0,3.170525563927154
76561199365659108,87.11163116555879,76.46476916443007,46.932631232134916,28.37711585793604,26.297978431032465,21.3106532477543,19.955224192295475,10.405636739610726,0.0,21.77473711478506,3.099190981922221,0.0
76561199375667566,79.17760484789812,8.521855641284745,37.32311149935259,3.2492110246642736,17.222862439160785,3.2492110246642736,6.064619744086983,10.413083325345369,0.0,0.0,0.0,0.0
76561199376134768,41.65104815468393,19.556189870308508,29.4378051109057,14.756541642022908,12.0381796329693,25.94410567726528,5.408418169271444,8.235204321885668,6.309159026431442,0.0,0.0,7.606323942707717
76561199380289969,98.28486683055661,34.75704065617827,63.26691170014862,24.105537708559925,23.036785574005656,2.990719731730447,4.264509188745424,6.400888475403326,0.0,3.40452517175483,4.881437355624573,13.72029126119676
76561199389419785,0.0,0.0,0.0,0.0,0.0,0.0,0.0,0.0,0.0,0.0,0.0,0.0
76561199403138420,104.26605026509687,38.60693632080364,72.70326586737389,9.048369997876733,72.41771544630184,36.56087357645336,0.0,9.41578248518926,0.0,8.696551010675677,0.0,0.0
76561199403272332,0.0,0.0,0.0,0.0,0.0,0.0,0.0,0.0,0.0,0.0,0.0,0.0
76561199418668383,63.355875399923804,46.41285490343531,14.890155130832632,24.162307259253186,7.67082000338775,5.776193637566815,22.260240340932352,17.423159895406343,1.728109442151599,3.2088254890146994,1.7613002617433464,1.7083778602890038
76561199420955153,0.0,0.0,0.0,0.0,0.0,0.0,0.0,0.0,0.0,0.0,0.0,0.0
76561199422202390,47.74663916733652,54.34905665995587,38.23190769626421,11.211680152220811,3.952636978313401,2.9806186357439426,13.623769989953596,0.0,0.0,4.201403634515509,1.8115620965242347,0.0
76561199433626235,45.68869299342489,28.561485944248542,19.85163798890418,15.838914973638284,15.296357849808723,2.263636342855471,12.279493274480725,25.443535100924386,10.93129291571582,0.0,1.287550793981032,2.3057640348000614
76561199433753634,94.53650058439493,29.095640612444505,69.75803652866072,16.77860330058645,23.83938586622722,13.290198892910869,6.9691194860614845,23.60538943215105,6.393238016160687,0.0,3.5085558999826545,3.5085558999826545
76561199439557760,0.0,0.0,0.0,0.0,0.0,0.0,0.0,0.0,0.0,0.0,0.0,0.0
76561199441452962,99.54600610523741,43.977748286196466,67.59957214859631,3.4001968813285717,44.42985840044251,3.4001968813285717,4.436396441739405,17.11658244749026,4.463606621666305,10.15252953510031,0.0,0.0
76561199441844249,7.002861801686126,17.03531966699104,53.06991449193057,17.892142596415425,9.040360220779991,4.279861009912574,46.480378054370675,3.5779478934066544,0.0,0.0,7.366174821021289,7.366174821021289
76561199442146005,25.3190410431091,71.32951313757295,41.88598985581532,10.659185075991463,22.842798795395503,8.326291127132551,56.951066101986186,3.6222053208459437,0.0,0.0,0.0,0.0
76561199442822555,41.69576603119171,17.895398633152475,32.52392894816027,31.16586942340286,13.902140919390229,18.55197662531711,15.425002031984919,15.933053929199279,7.208554741065754,0.0,2.990719731730447,0.0
76561199442878224,70.4872811063883,19.795718046945375,43.3607505037566,11.028597137197858,46.330790908626554,33.55836708413149,2.4706386779902956,14.803649857859892,12.029105094434339,2.4706386779902956,0.0,2.574137783515943
76561199443514192,60.11430427730339,48.25307423879576,31.13245417597612,27.371197478261188,11.05988358763115,12.777269362155673,4.134231719918542,25.10506853868644,9.070345876482644,11.559608386462514,0.0,14.341778652062533
76561199444606097,59.631770411908256,48.88054042077372,24.084880957131315,7.894322560475809,20.27967978872712,20.737055529783838,15.266433640171106,17.252351482070683,2.761274962339508,4.92022907022024,0.0,0.0
76561199447044530,67.56178157430767,42.72154320275088,35.59875064986858,15.534892489049595,27.89607761682308,14.43690996041034,31.641256160500255,35.90572012238371,11.627002654881325,3.604954219176175,0.0,0.0
76561199447952692,39.34073779987643,28.545430212455905,13.169258108219251,18.554013043018276,11.453787467339906,16.29836263837437,21.032890396756514,8.52565495351433,1.8373699804801074,2.189416394888408,0.0,0.0
76561199448991262,59.90336828230602,50.094914733921684,43.59715673126311,13.65235069892845,29.161825294675097,15.646992235194176,8.823833433239361,10.830726836874438,5.77558020883545,7.109758540728779,0.0,0.0
76561199464469677,69.97059574424549,27.80571958979501,48.30995439840465,0.0,20.790470462850045,3.6328380632303117,5.378181596756956,20.226273444289077,13.204326204018596,2.47232786758114,0.0,2.5817308344235403
76561199469179667,67.03015549369702,40.12473902922402,48.07436115709498,47.647291211967804,16.477486489199617,0.0,0.0,13.496103965444972,0.0,13.35696292371608,14.183716187582942,12.720172489581909
76561199469292362,0.0,0.0,0.0,0.0,0.0,0.0,0.0,0.0,0.0,0.0,0.0,0.0
76561199470080023,28.782053627712784,15.720416029137425,12.138371977052879,10.647942404145246,12.544029539975266,1.623340817603092,7.120833614681233,17.4446208379984,6.175342858031188,0.8671004876833833,2.5051258569693964,0.0
76561199470418036,74.31875435767947,55.949994613519095,31.73915737458199,68.54929621321311,14.628365031751141,22.240341410267146,13.419404752324029,12.689646954830817,22.02236786683244,18.19987499977202,0.0,0.0
76561199470516845,86.24033751747976,31.21534678503577,58.5052569661786,10.931000389152434,12.168375981214247,0.0,11.616200116462347,20.077573771412492,5.468355456175141,5.643961696337661,0.0,0.0
76561199471838775,55.008201976041896,57.445565242011064,30.089376897596587,67.29253318852895,11.665874023367536,10.845122685320977,48.70541912144739,18.921549651278504,3.828641396489095,7.939284300279639,0.0,0.0
76561199476865533,0.0,0.0,0.0,0.0,0.0,0.0,0.0,0.0,0.0,0.0,0.0,0.0
76561199478273259,77.17710642549892,31.408829069354116,41.44287569650691,41.72039672694399,32.650886019107624,26.765061920063367,2.6195832197798796,9.088263675335977,9.185607474744396,8.985603852561725,0.0,0.0
76561199478662488,56.1548540339319,56.80047342301995,42.20190703480615,4.1006082377180695,32.36968939513956,9.230536961854991,7.992120589715009,5.881231066708281,0.0,3.1726224403507386,0.0,0.0
76561199479136443,51.77690674323258,19.39534832441368,18.66825176388479,29.922010816223132,6.5039587854620144,0.0,9.22845897126931,2.8112082932048366,4.589544742100751,2.4782176616372036,23.143723311842074,27.492063888861146
76561199479939042,0.0,0.0,0.0,0.0,0.0,0.0,0.0,0.0,0.0,0.0,0.0,0.0
76561199480061465,56.27757178644236,15.055067361858256,40.54921445003949,9.543037702238138,14.960108843895632,14.45437158547464,7.770431878037051,12.953238257662656,8.249738962902049,0.0,2.2267833795777636,3.420019135902743
76561199480220778,0.0,0.0,0.0,0.0,0.0,0.0,0.0,0.0,0.0,0.0,0.0,0.0
76561199483983127,56.52204222973463,31.31946682654038,17.801050636427668,18.786466180990175,6.017619504584833,7.40914198600047,7.609727010308918,11.472232314249254,9.320910004595396,3.636796374243711,3.0459499897146083,3.0459499897146083
76561199484238062,81.47941899799712,6.460506620456985,31.179401733479477,0.0,31.86076307347923,6.774527840158977,0.0,3.416742592997618,0.0,0.0,0.0,0.0
76561199485777278,88.65863120598222,57.48996809593416,66.57328200578482,10.285832835052439,47.42208785086925,21.317179739580297,13.511133710851428,19.239101133224423,5.579541128938771,9.633623452981706,0.0,0.0
76561199487796611,95.89907050885608,20.46780211156223,50.96517814896799,10.69649734004785,15.17698755019534,2.9871959425317045,3.1747149290824312,11.423828108637691,8.967260417168157,0.0,0.0,6.207382053330452
76561199488596444,100.59645446000289,22.376519050696103,58.25103743514288,10.327160287191031,24.618386373124608,3.2627013044082305,0.0,17.049062942059383,0.0,18.625359174608516,0.0,0.0
76561199489499857,58.71964419685723,36.341661091389575,26.514486216059023,13.988012722143619,18.77775854615555,9.278687771570967,10.779685325445683,19.08346482206118,6.170865844090849,6.365089219360474,1.824549292051046,0.0
76561199489520002,64.83390750967548,62.03916185035021,44.53182413478663,17.169036973768417,37.745109083911515,18.723582766865757,11.627536499144927,31.490670630127013,0.0,0.0,0.0,0.0
76561199491642775,27.59906501949813,39.74169078816011,7.880698934901799,41.692598462159054,3.001336540273823,6.934304814813133,26.164069530498864,14.494806564537324,4.500337164514075,7.546371293110337,2.521640298399649,8.104314464803624
76561199499958759,99.93265455179409,40.38315185702466,45.93159337875307,10.477974004880238,77.38824458094166,19.48742582705234,4.089332020398556,11.0707452238795,6.005046888081249,8.658255157958891,0.0,4.90141548910036
76561199502416746,110.64926830409817,65.32317510952396,41.629612354111174,23.6389949122871,22.49676986680112,7.394165149328718,7.687194828107095,41.5894764519116,12.710289342042758,8.34857532468299,4.605470140997089,0.0
76561199504742246,74.45619176139571,74.72192762897562,29.483747850793446,18.52506524350011,18.92376082940077,10.358336325102025,29.735817251837595,22.759994654395793,2.8524391037275145,13.834889573474355,0.0,0.0
76561199508808924,53.45459339275068,35.4105895909066,55.3644940428137,36.33108857052605,2.1770218700187,5.0420758199305755,5.751529237528917,0.0,5.034107650281398,0.0,5.656240031758738,5.656240031758738
76561199509552956,29.09166133922914,45.96472414623456,21.375738288750213,56.02887058828362,6.0952140157261505,13.2660786364081,21.72836032581336,7.503718921096695,12.803970410952084,10.403756067212266,8.406710133468511,24.29948205296307
76561199510293669,64.70722121410249,59.50087221296188,46.8302518279993,34.15005087362851,17.183303167788527,2.6026896854443837,14.576538317964706,23.14664028566102,6.661893102980819,17.758931202640515,0.0,11.64537443709837
76561199511405134,0.0,0.0,0.0,0.0,0.0,0.0,0.0,0.0,0.0,0.0,0.0,0.0
76561199512269509,79.71973956552385,44.04582190328948,36.36801314264313,39.843802781527444,3.6938669956249757,12.941625267763971,16.03309003743551,10.28067828117854,20.68362119272232,13.239922630456675,3.7819143200811256,9.82793038311081
76561199512376287,29.724557615694547,33.43677948399475,22.34410619497523,48.85821918936332,2.344686269012681,21.302922337193607,10.74744286496801,17.81184941145427,4.6786868297702195,5.1893419918194015,22.321610965689175,0.4510756193602166
76561199512732822,69.50125723428508,13.009729223228813,36.941567066349386,0.0,65.95012323889745,12.499405397583246,24.762874478432636,3.388787361585474,0.0,0.0,0.0,0.0
76561199514742019,0.0,0.0,0.0,0.0,0.0,0.0,0.0,0.0,0.0,0.0,0.0,0.0
76561199515983042,117.26212144218565,66.37521381377047,83.72573334535056,47.00392310610145,76.01402940822275,37.315803222062854,38.90745752868831,35.77272516083005,18.119363906370907,4.986342601527212,5.5659752871688895,11.142605976164607
76561199517455475,83.72079515027256,56.421302317066434,51.67207011456834,40.79849298385072,20.062564004536362,21.143859363738514,9.888200194053763,10.49505290530753,10.291563932547762,14.862756242588484,0.0,3.0763901765714454
76561199518636045,40.55181221664432,31.74404617907712,38.43395291525038,42.842516769183355,21.62766491410021,35.93090485240396,20.555781431126825,26.420478292461386,23.387011068733727,11.634624608789059,11.269586809434596,3.2433732964685884
76561199520743247,55.08057587661756,32.54163460491808,11.983193358623062,10.337367264180088,5.579110766483895,0.0,9.680469672261545,16.03969188443442,4.285219710306049,1.2325602611778486,0.0,2.744060638625243
76561199521001438,76.54803873259507,41.388818680680764,45.70211013234403,33.68314018231716,17.170290129967196,14.501575816049861,5.923126818111173,23.121415834383477,12.709447999067848,12.068562954237931,2.731115474033206,0.0
76561199526209117,72.2876437174292,15.631357749209574,28.602354982185304,10.86147686357793,4.63289721446862,8.968773396827295,4.808200821871736,13.872938344929112,9.270190519847432,0.0,0.0,0.0
76561199526487450,40.57504009673927,46.559413414136415,23.30698963602717,27.084057614090934,13.434151185269059,3.5247857559067737,15.064252261421597,4.27430221608671,1.451613827240533,11.826088124038801,0.0,8.147445165909652
76561199527406968,81.05677611973042,48.88385271133369,50.74177381665937,25.8797808538879,39.86174737795653,4.811940423184356,21.560569682724452,34.418559267164184,10.902958407460416,6.979192759974904,7.782341960772713,4.811940423184356
76561199529575900,86.04262702039327,44.52750334343572,35.611256626990176,6.834208303286626,14.364537066296645,2.6340447877917144,10.247004820792133,17.78321042711548,0.0,0.0,0.0,0.0
76561199529590961,0.0,0.0,0.0,0.0,0.0,0.0,0.0,0.0,0.0,0.0,0.0,0.0
76561199530756303,57.265264986644894,62.457902531989944,31.025474365252038,30.328109685111233,4.680277658474897,1.9487632180377197,19.361255147987034,23.105507153479724,13.141969767800248,13.62933369847742,6.473740839445277,19.009654374334936
76561199537429327,111.14050069817542,3.8537580972961702,55.0098010988294,4.023206534388761,46.11744467979706,0.0,0.0,6.917374763032329,4.023206534388761,4.023206534388761,0.0,6.687554269143277
76561199538031995,0.0,0.0,0.0,0.0,0.0,0.0,0.0,0.0,0.0,0.0,0.0,0.0
76561199539087405,96.16071103500889,55.267983715036614,73.99641999429981,27.22726743569607,55.99505764774831,27.791050315318202,7.999185639232412,9.305681142221706,3.1471649773142003,7.872183161859029,0.0,4.595927604621159
76561199541793625,32.68678798161542,32.731952130460485,13.194097930054552,55.69385481984352,9.970015992471362,38.98547126498422,6.568826928581375,4.120174738923119,6.844291380231042,7.087602443657979,23.115687345385474,20.01199793032639
76561199543961855,35.18128011915628,53.789237793618035,36.658168480167454,52.25084354304446,12.832573997987753,13.765938211445235,35.93243865061813,4.86267651592981,8.913069190622728,0.0,8.135763357947965,12.287905018896282
76561199544472375,38.206724531721875,17.36041276903494,26.99631095377581,28.34663020965564,0.7793248768009976,20.07670747339411,6.8633834913950365,16.56011060298884,9.55734410575994,0.0,1.6691020731554107,1.169381359556317
76561199545066123,85.05951745759391,37.70659299705484,40.5645212416403,16.903497262153028,47.95916905554823,15.12179257830986,7.556892263102936,0.0,0.0,7.12760340634655,0.0,0.0
76561199546266669,59.413169728240824,34.47696147213799,67.7816516880102,20.636038524965294,35.540073606652975,15.077104676778987,18.806439130480534,7.048764269556326,0.0,10.109642105401548,0.0,0.0
76561199551749900,155.71137435059953,50.17784134533319,109.4798236693282,63.9383848268772,18.97817915786413,27.961082595094812,57.611177636480576,85.97043297932306,29.769538054937502,14.336567799751162,28.028948851157388,28.2467931303106
76561199552824101,88.25236663728708,16.284723324647075,67.6484800938534,27.435878890518573,38.44943298670476,12.192028449876151,3.7853253523821886,16.18160862896563,6.828418197296017,3.100092288878234,14.439747076264283,13.955487440382514
76561199553177714,46.399333886449405,50.498889534209205,36.672884627949415,45.65427848128141,4.101320175958526,11.524325413980495,19.364585575445652,14.50061709249636,6.736602122774302,12.078754204701976,0.0,7.179457805838986
76561199557398352,87.7736675174689,41.97939438372248,64.05859476595194,18.966543426932887,16.298897101176475,5.609392671175618,16.49210218596638,20.462105486756258,9.089736780689972,5.495566943926228,0.0,3.0096351787229825
76561199557989035,43.83946894373355,22.76536815963049,16.989753072192663,14.051106292797718,2.124653884501384,1.5539252025038417,6.112474162973588,7.612931568831461,0.9242589015233319,5.379303628933785,5.997704413585403,12.247357113486203
76561199559728739,45.429925157555495,47.81079889417154,24.533691485234762,20.83392884785818,7.618776472774827,14.686365806688169,8.649727592710029,13.693784700272241,5.0548014506681875,0.0,0.0,0.0
76561199559993324,46.63404119958866,25.701371371571135,28.5641375794485,31.648283230845696,19.783682722347702,4.600123723991275,4.427201088533924,17.06733499191822,17.34195335450642,12.363043869773996,2.519308076505333,1.2325602611778486
76561199568067378,79.46820529111338,68.11562120042318,53.652167627990934,31.469971241865853,25.708787959061063,9.295225644406441,17.824780979029462,10.459638222449827,7.339151906715072,11.512698245037736,0.0,0.0
76561199571958168,66.03868095634027,10.808487259242218,58.989158140854464,9.193726396023564,6.408651518289323,1.4861396960896067,8.191999084920566,10.737553088090081,5.889964625314123,6.998726513709455,2.169053700369523,2.418588768750352
76561199572634759,47.34657462720434,49.82965362124777,7.386055898809521,34.83422254229395,5.218603479806971,19.152985117587747,18.223819354695696,18.228849492864818,9.077942227942843,4.20663103795066,3.40552135314221,1.9021075263969205
76561199575139982,64.79009510363463,44.126397192655496,32.61314965596713,29.769288027524414,9.162178789707747,9.052867316293353,1.8357763546448294,24.99840162109079,14.230507157472132,5.191535841734764,0.0,5.50496317541303
76561199579773295,79.05932753373108,46.94327383312522,49.66681587408454,20.95405850736842,20.47670816515212,17.042905557748437,19.647186911919047,18.604623695817285,5.301542161303651,17.761111273480054,0.0,3.159125820462427
76561199581122905,97.126903442829,27.489765424827585,49.45982535151461,17.429028587885934,60.69470336362917,21.77595558102982,3.545874759696932,30.629629734071063,0.0,3.545874759696932,0.0,0.0
76561199587644940,51.35393678854442,35.79043334718875,45.768298385976934,16.236403431208036,4.2647959464455685,8.389594665055345,18.129943933202934,18.39607212333487,6.89868930696839,2.533696813957432,0.0,4.24916644531347
76561199589158503,79.25005514119576,23.845440866167614,58.82219428509274,42.2910041926229,5.943521948653231,5.947130925285528,10.212346445588992,7.693974263323645,11.140398382199294,2.647592232065096,14.616101481560714,34.17553776281115
76561199589538204,70.61998273601324,57.90226805185884,55.25804144706759,9.573700398159396,24.91493450868908,14.821214674423715,12.274400416700505,13.909290105589037,14.06232878925993,37.75961473496366,0.0,0.0
76561199589647383,0.0,0.0,0.0,0.0,0.0,0.0,0.0,0.0,0.0,0.0,0.0,0.0
76561199592008364,70.8286654535099,58.04460205329532,43.84797487680644,28.80247026132682,24.993274176727205,7.564912521808927,11.327939564964039,8.845536045394157,2.5257286443082556,8.54433955207862,2.5257286443082556,0.0
76561199608316668,56.483492148815586,35.84941298956245,28.695896219944647,31.8722865977778,24.884518913375135,22.633086322321148,3.2771447329921766,9.484461559863256,7.369430573727121,8.838963163179901,3.59922823216129,13.966550584372749
76561199627864130,60.25726377509993,51.20376817721119,47.28558801712384,36.190858607963364,27.075591220960163,8.99551659664516,9.713827822720496,7.5702824143814205,5.78453262434131,27.14514041917902,2.0014800002101243,2.4309783077624445
76561199630639323,55.23846829832534,59.55873260725939,51.43228525664192,29.918960487819334,27.012406199471542,4.169349988686061,29.049114075231127,20.84603521706957,10.633527721887331,2.8273136219290276,8.569701235696295,7.11066346938448
76561199631745821,55.663692224046294,41.08874240675001,34.89107714226594,62.28058236732355,8.503497512294445,24.08172150165952,23.724314864769013,21.330757226632585,12.587741274442038,15.052492638455366,1.9851308622085946,0.0
76561199638601866,63.45641293089123,31.134985698892745,56.66514269902928,38.486925872632504,41.12916916008508,23.133019751783575,17.019086099105525,4.382401564378955,0.0,3.541828511401901,0.0,0.0
76561199639237662,77.12907475451989,25.23819299705776,51.415344880646636,12.03536119338663,18.4035224880016,0.0,12.372346571518994,7.632824728729867,6.843856553131905,0.0,0.0,2.8213788864092133
76561199642042062,42.67077465864885,44.3069493401001,69.08055398754995,4.754193457380531,9.754800700777457,0.0,27.16693203662762,11.364133603080594,0.0,0.0,0.0,0.0
76561199645738773,53.5569522443445,24.93906645816259,43.231995276113,13.73122026818534,28.970920053437084,8.097632074745821,13.405544239883264,9.525019223674102,5.681703416255747,5.522879830729096,1.5107219394949425,2.149433913499871
76561199651398849,84.23497778183567,20.164098340280635,61.6305598273017,14.15675784476278,12.560732774405533,3.769306703226551,6.422548667833766,12.425715116520864,8.536391636230935,0.0,0.0,4.0118683403978626
76561199651436954,65.34837646312297,53.010767160809905,23.436524959267945,34.06164074024191,21.839612017136663,30.235924600042395,16.61012281717428,20.520152073486454,8.03329767518081,11.779770796535436,0.0,0.0
76561199653622095,70.4725040309347,44.605331389640014,25.867194289477442,51.55933677826825,25.065745448396953,34.623667076369046,29.14421886056293,20.859589757060427,3.9189986191645714,15.46542805192023,0.0,5.117874044765855
76561199657362718,22.979498716922308,36.38907451755468,33.50242674454046,35.47512951888634,14.241756514146623,7.154659449691562,26.51218877596774,16.90395309496953,0.0,0.0,1.6134299337036377,1.6134299337036377
76561199680990806,149.5419004034288,70.5598508272291,124.73364708701217,37.067647782131175,75.8643971549709,12.109034995758407,12.964509354994497,0.0,20.313136276600716,13.161911251649968,0.0,6.225290834268659
76561199681279488,0.0,0.0,0.0,0.0,0.0,0.0,0.0,0.0,0.0,0.0,0.0,0.0
76561199682596889,50.091837559482975,40.44104959449535,26.422079542259354,20.256760930655723,14.421191935802401,6.903341552807584,13.447951285568726,26.215566555300803,6.719380728126103,12.804772336331546,0.0,0.0
76561199687646290,57.11718682274757,46.005334260665805,29.820051918422358,20.381768642191187,12.970988295994864,8.648616060165843,16.012142426756668,14.932098731534623,3.2708988529353524,2.7055470708840916,0.0,0.0
76561199688154793,69.98577366132655,25.96408126251942,44.922109710384824,34.724915951537284,19.752706542680688,11.922982073986649,9.740241969677973,9.835782713500546,9.37344223940762,6.801273023298038,4.98784420579544,4.59511985013459
76561199696739033,79.65203345980191,44.62476552857912,53.66683509955039,27.043688784983992,25.643750915904512,6.321116075494293,0.0,18.21871253910705,7.906171471170905,1.6956156086751528,0.0,0.0
76561199697755740,59.42444041787719,32.22897981696388,47.153919937865375,35.21369605342254,5.10636962635945,14.112885175212334,17.482326118094267,4.943426544402806,4.943426544402806,3.3894621254437345,1.8748743759385615,7.710707981505633
76561199698533340,57.4902464619424,58.62819166815087,42.45834622448216,44.228718932795694,47.26877915849228,15.660632368235397,9.655247972360769,10.869510234426837,7.806856758519055,15.46474226429753,0.0,9.711970813716146
76561199699572362,74.24335882450684,54.22309097209071,24.158519228598347,29.30008841412278,21.431961685196327,11.934906435778641,17.774008434155007,24.444449723862846,3.6008675767907232,9.389136774207376,0.0,0.0
76561199729570190,82.28674315634876,11.521052800076912,56.31762236379706,0.0,38.5743508224876,0.0,6.951830918653707,4.564556503102795,0.0,0.0,0.0,0.0
76561199729773816,57.66519119238784,62.36353878927587,38.15123783359761,54.9692827347709,6.383287016174988,31.745508751910943,10.579449628233133,11.981038052422974,6.539551272935308,2.89591193827178,0.0,6.946259389283068
76561199738119259,74.98369285643254,60.65396437458258,32.882695340612855,55.58697991943979,25.272179353937666,24.37709478172894,20.727550344102227,20.43022827788179,12.362152147740122,9.299657010707005,0.0,0.0
76561199739359982,77.84274782111578,54.55094241674819,50.43538734476512,18.650139480008328,13.706321627561076,21.101911066963524,31.76856630015962,32.43751452711707,0.0,3.749974553473747,3.338257581888281,7.467486545963884
76561199748150200,42.34700721350802,11.172662005739427,17.57949962376773,11.306667708303449,6.102554728834285,0.0,4.808940073987915,0.7654678421395714,0.0,0.0,4.4206221524332445,19.26953985273263
76561199750937606,79.39699961781496,21.968847224797877,42.575749246027186,24.230610323271666,22.11977434094718,6.241634570807691,10.337651730314882,10.307446778973418,3.3562000157314196,3.0832851705618523,0.0,0.0
76561199752752935,30.084662015144175,37.433161840233524,38.181780716175446,18.734687667546016,19.47969941458176,13.026088621474262,13.445465248281254,9.848763616008917,6.492912336113639,0.0,1.4816045409242156,0.0
76561199754121666,144.5688516340416,12.431646306135539,123.03713213402645,0.0,41.16025905149321,0.0,6.401369783242168,7.326860272794336,0.0,0.0,0.0,0.0
76561199755294671,12.822003911832816,39.46481578726599,19.042442987346547,25.8314331726904,8.76735129791472,3.147594622863237,25.197994392038744,1.3217558399823195,3.147594622863237,0.9360933591703349,0.0,0.0
76561199766435421,65.20584249561374,22.04930712451332,35.14866244228293,3.367847401980601,10.941288355091007,4.783001677509181,12.42054225528915,5.313403003966077,1.9740810260220096,0.0,0.0,4.306224921257599
76561199780856085,46.53092151818278,34.10613360210373,53.920861367673055,31.20389235012114,24.54147424554909,9.04490702321075,51.26738851789312,18.22601939050253,6.294749262787171,7.722874708179818,0.0,0.0
76561199782026649,77.65328401314741,35.930442995242736,28.73006224192626,37.82128162223156,13.348715794828408,13.846710849762236,8.338327855005641,28.354106303828978,16.97497335036948,2.21375387928743,5.588783061126403,11.584189827467007
76561199783971190,68.69758478941039,40.45561173883242,40.162025736176254,12.967188952528886,24.473905920901593,5.24610786309543,17.659828397167523,11.768585157206793,0.0,8.858255925278423,0.0,0.0
76561199785196304,37.078309386856,44.219550501356004,19.5591614289295,49.635112309931905,9.239337202749104,35.573796293785605,11.314170575251566,4.6509424675941045,2.0320878452963655,13.291261804137484,0.0,0.0
76561199786534958,25.592535915464996,49.364289523988454,17.704667804311995,75.76608809122168,7.9832962600343755,12.703786154614338,10.840575701444918,5.541538017291425,5.487614537078416,16.248396684585565,0.0,10.664728961924634
76561199792770301,56.78502131393999,51.95760757226709,18.455958834319027,20.637861869619925,9.746379888637478,13.08473579778377,13.153473280852825,11.379714045084281,1.463255402256019,12.393276238269651,1.6639260977181702,0.0
76561199795154363,53.18405460573784,32.62312898385912,29.917840816372166,70.09192610736267,2.451005098112319,5.656593028653584,6.519176786030396,17.438386798345956,6.090064763347591,7.329166961911984,14.002202375525762,16.791963052950575
76561199795377753,65.42849840506254,59.941467805632605,48.80182626084351,38.73953637835937,23.477159727294406,10.688540066128207,21.481110680392266,22.835173476456195,11.372939705949992,1.7457155307266483,0.0,0.0
76561199795834891,70.99756733109751,41.32602391761862,59.92122265943623,12.075357663760203,44.687454451590995,5.766694674049188,12.262651639299428,14.91967660533054,3.3782698770184507,1.589235205116581,0.0,0.0
76561199798719870,51.823118684617015,26.116671070658192,30.18867398863337,18.42089153287823,4.463606621666305,6.638173994362036,3.9478953498154747,9.265564439058268,0.7561219797213337,3.7848712197676626,8.118831116930213,11.265136248963579
76561199801101431,44.384980629601806,53.3341356365205,52.801893495216376,18.552144854981,15.214997039523478,0.0,20.755225088372413,9.318393164202828,3.007166651179654,0.0,0.0,5.7253156298686205
76561199802479009,50.348401572216645,41.91197566387651,27.40969283162043,48.153885539793365,0.0,6.209805383829606,10.89493780364653,6.428560742448148,0.0,13.188141525860372,0.0,17.769241614879114
76561199803381158,24.931675339813136,31.948949675123995,17.87912114432222,26.407774715667497,10.245196067503942,5.492907110444186,9.951597362996026,12.143487473109992,7.847746115463767,0.0,8.234612839827433,13.985634391094782
76561199807197342,45.33455617973815,48.904166588369726,41.94688470623776,34.45919343049671,19.726452037405497,12.050518712734837,15.10288865192438,12.032662549041486,3.22207071576472,9.74167717195827,0.0,0.0
76561199808319799,59.35254079602775,49.8577219003229,40.49406674212146,21.93195757239,14.10868969076301,6.256157828078987,16.140243575689922,25.2162634659125,2.915064370486536,7.298388333997038,11.403788071881769,10.598674336689824
76561199810023508,0.0,0.0,0.0,0.0,0.0,0.0,0.0,0.0,0.0,0.0,0.0,0.0
76561199811355494,0.0,0.0,0.0,0.0,0.0,0.0,0.0,0.0,0.0,0.0,0.0,0.0
76561199811370756,77.0142204348442,27.524883246950512,29.457337274979814,25.379064239724087,5.848012680327432,8.7803331549514,6.17093203491903,21.259749133027533,10.038242546255407,15.846958771321287,9.308521662558203,6.881927494828257
76561199818269939,75.23952946203103,29.331233567084624,40.280750995686624,31.024009662630544,31.230939704791673,19.302539234162705,12.744187958721133,5.845773814135814,0.0,6.3600341433525704,0.0,4.0946778400122215
76561199819516004,52.551885591782465,32.241707193988674,36.76265355622954,21.861997894501258,5.027996250127323,3.2016320010403554,10.430099582861121,10.806219782097157,0.0,5.350093069557834,4.826952811662959,0.0
76561199820531118,38.010622821917494,36.11366972016391,28.808509941774567,48.630509627309905,2.3683728335320486,2.979094632400968,13.23050281767009,5.959131419983633,10.110268477160034,19.49557002267188,11.878015732542114,20.059090986565753
76561199828159495,35.22023709618398,28.37062957706506,23.70528838805155,25.010129496493942,6.122873684340782,7.248471923916443,11.09968464793612,8.340012526333972,2.2278615467981093,0.0,0.35767444427181594,2.3064376623095355
76561199835282867,71.73313573736586,41.75789458985059,28.103418691319504,12.063272473911983,30.573873242065936,6.012479674323068,24.47323332109019,23.284878478071693,3.792563565390818,11.604949342289274,0.0,2.9349201341572337
76561199835618401,38.380887496419675,40.385219339905106,16.668273434805045,55.70015752595919,22.79043590184113,45.167867210207234,32.69961990948451,60.96932935145768,29.4214675385111,5.091477681940357,0.0,0.0
76561199836896572,203.7615718236648,50.52683736799624,72.15720069417134,51.29578509728712,21.25866190345656,29.868114290061992,6.945340039309408,51.353202745812816,58.07881811217463,0.0,0.0,6.944829459211903
76561199870547222,47.69642867895934,14.113934615454294,33.69628334861294,15.994583143101963,28.249204182073512,24.00050267310465,5.928459249981536,9.487081492548267,9.487081492548267,5.008268495436698,6.189788627785679,2.9096295745005794
76561199872409865,83.92501438106343,25.258070501399192,66.97145794838356,17.20461262621594,47.24064341635773,18.56347549038059,12.637196186454652,11.893797843412557,10.311471128639788,0.0,0.0,0.0
76561199873886387,44.77613713064594,17.168262541892453,28.58791505691221,3.0478502278160975,19.778274914105893,3.0478502278160975,3.6906279246480533,10.881488396078792,4.130570410626145,0.0,2.4042387467205457,0.8544153281560676
76561199875437136,34.82516188695023,29.216570819796388,19.912627466647855,6.076196875914096,13.40485066844245,8.919541163304125,7.824775656600083,6.463892677062649,0.0,0.0,0.0,0.0
76561199875754390,48.308135964936774,27.0225160930333,13.567501281332229,14.589327635777297,12.380708994327527,0.9783261227936078,4.894376292300071,12.391553244544822,0.5083224935478722,5.461498576689563,0.0,0.22314355131420976
76561199879374518,79.02990031067489,21.099082480013507,50.24837075744749,8.200261900796818,37.71695574685475,3.2268439945173775,9.003412138899225,5.736249664793703,2.744060638625243,0.0,0.0,0.0
76561199882387137,64.27678735041707,9.349368942891523,46.8471589035277,2.5974910105351463,34.20897278007524,5.877273770306868,5.14849746202767,4.50501830403765,0.0,0.0,0.0,0.0
