steamid,library_size,avg_playtime_hours,total_playtime_hours,avg_price,avg_rating_by_reviews,avg_metacritic,pct_has_metacritic,avg_total_reviews,avg_log_total_reviews,avg_recommendations,avg_release_year
76561197960612825,30,66.18666666666667,1985.6000000000001,36517.333333333336,87.58733333333333,84.0,0.5,327183.36666666664,11.59681010128525,237357.43333333332,2020.8275862068965
76561197961222873,30,146.464,4393.92,32643.966666666667,89.67266666666666,85.28571428571429,0.7,737173.9333333333,12.39657690524492,494467.6,2019.344827586207
76561197961774441,30,217.21866666666665,6516.5599999999995,35980.666666666664,86.40433333333334,86.45,0.6666666666666666,876045.0333333333,12.423324009253308,531373.05,2018.344827586207
76561197964052205,30,492.23966666666666,14767.19,28911.399666666668,83.03933333333333,85.83333333333333,0.4,682945.2833333333,12.442495735119477,452875.01666666666,2019.0333333333333
76561197964909627,30,510.22433333333333,15306.73,17776.216333333334,86.861,83.82352941176471,0.5666666666666667,195485.61666666667,10.643142377076227,143430.56666666668,2016.2068965517242
76561197970412468,30,143.45266666666666,4303.58,22675.333333333332,85.99766666666666,86.0952380952381,0.7,773169.55,12.346398216365893,395083.3333333333,2015.103448275862
76561197970935355,30,244.64466666666667,7339.34,42845.666666666664,85.17399999999999,84.36363636363636,0.7333333333333333,335668.5333333333,12.234814194854776,215545.46666666667,2020.0
76561197975515451,30,223.192,6695.76,34926.666666666664,88.01933333333334,86.25,0.6666666666666666,499012.6,12.533705206549774,388849.1666666667,2019.0333333333333
76561197976062269,30,187.663,5629.89,26141.0,83.27566666666667,84.66666666666667,0.8,318368.1,11.208970541441051,154442.7,2019.2068965517242
76561197977835402,30,0.0,0.0,12570.0,88.09333333333333,83.13636363636364,0.7333333333333333,124199.98333333334,9.10578771170889,65304.666666666664,2007.3703703703704
76561197979876290,30,112.17,3365.1,37660.5,88.08366666666667,83.86363636363636,0.7333333333333333,152810.61666666667,11.066730860601348,124837.38333333333,2018.142857142857
76561197984511411,30,245.01766666666666,7350.53,21080.0,86.812,84.63157894736842,0.6333333333333333,1011797.0666666667,13.036723098823105,594758.0666666667,2015.5172413793102
76561197986853412,30,178.67233333333334,5360.17,36751.333,85.15566666666668,86.06666666666666,0.5,406232.9,12.019346464293402,288349.06666666665,2020.2413793103449
76561197988181270,30,0.0,0.0,10416.666666666666,89.75433333333334,85.34782608695652,0.7666666666666667,551518.9833333333,9.35168185050531,247743.53333333333,2006.8148148148148
76561197989427343,30,100.62400000000001,3018.7200000000003,17181.666666666668,86.39066666666666,84.82352941176471,0.5666666666666667,753369.2166666667,11.335976707781533,408800.5,2013.107142857143
76561197990751243,30,119.64,3589.2,25639.333333333332,88.85933333333334,85.5,0.8,216258.15,10.501892467020923,135773.66666666666,2016.2666666666667
76561197991266305,30,123.08533333333334,3692.56,27412.333,79.251,85.45454545454545,0.36666666666666664,948026.3333333334,12.639380248150081,540593.6666666666,2020.2068965517242
76561197992664926,30,283.6213333333333,8508.64,24502.5,84.13633333333334,85.56521739130434,0.7666666666666667,451977.4666666667,12.014967362375302,298217.6,2015.142857142857
76561197994874800,30,172.683,5180.49,24466.666666666668,85.441,85.7,0.6666666666666666,788352.3166666667,11.622562563398866,433568.9,2014.857142857143
76561197995444569,30,209.60033333333334,6288.01,27938.666666666668,89.39866666666667,85.77777777777777,0.9,227419.4,11.274966668305987,176904.28333333333,2017.4666666666667
76561197995730646,30,160.54666666666665,4816.4,20102.849666666665,89.82833333333333,80.70833333333333,0.8,432963.31666666665,10.756043512102531,258178.01666666666,2014.7
76561197996331680,30,446.13199999999995,13383.96,26596.666666666668,85.41766666666668,85.17391304347827,0.7666666666666667,605261.9,12.468611789490541,296803.7,2017.3793103448277
76561198000672368,30,327.68,9830.4,46622.666666666664,84.852,87.38888888888889,0.6,213461.63333333333,11.12165410725502,178001.03333333333,2019.8666666666666
76561198001075422,30,62.43333333333333,1873.0,30640.333166666667,86.48766666666667,82.4,0.6666666666666666,660673.5833333334,11.907942186386787,409684.85,2017.7931034482758
76561198001198569,30,136.44633333333334,4093.39,21521.966666666667,81.97966666666666,76.8,0.5,480911.7833333333,11.413971921850122,283884.36666666664,2016.448275862069
76561198003022602,30,379.27166666666665,11378.15,25963.666666666668,90.97533333333334,84.84615384615384,0.8666666666666667,136325.96666666667,10.922979757671072,103027.73333333334,2014.8275862068965
76561198006572540,30,312.8283333333333,9384.85,28354.333333333332,83.062,84.21428571428571,0.4666666666666667,292960.56666666665,11.683966978932311,204078.56666666668,2018.6
76561198006847070,30,281.19733333333335,8435.92,27810.325,84.503,85.18181818181819,0.36666666666666664,755564.6,12.092308488848158,413697.76666666666,2019.6
76561198007100949,30,274.224,8226.72,35343.0,85.71833333333333,86.15789473684211,0.6333333333333333,369066.23333333334,12.349710032202896,278157.76666666666,2019.3103448275863
76561198008475336,30,32.962,988.86,22053.0,83.809,87.25,0.26666666666666666,224832.88333333333,9.914768137632056,160860.81666666668,2023.1
76561198008608067,30,214.61700000000002,6438.51,28802.166666666668,87.73533333333333,81.75,0.6666666666666666,162211.53333333333,10.829971048870242,132021.7,2017.892857142857
76561198008886047,30,124.18133333333334,3725.44,23636.666666666668,85.11933333333333,83.23529411764706,0.5666666666666667,747369.4333333333,12.381510623196567,394251.36666666664,2018.1666666666667
76561198009000791,30,531.9433333333334,15958.300000000001,25321.166666666668,80.72166666666666,79.38461538461539,0.43333333333333335,433220.76666666666,9.792115814090632,238220.48333333334,2016.9
76561198010613920,30,132.72533333333334,3981.76,30960.833333333332,86.85416666666667,86.8,0.6666666666666666,378279.56666666665,11.773670028361865,226103.58333333334,2017.0
76561198011617878,30,160.551,4816.53,33424.63333333333,86.09333333333333,82.7,0.6666666666666666,336084.7,11.925811730363003,186574.4,2020.1333333333334
76561198014439859,30,99.679,2990.37,13821.333333333334,86.13033333333333,89.2,0.16666666666666666,178217.96666666667,7.59903969577233,37742.73333333333,2012.9655172413793
76561198014489715,30,268.60366666666664,8058.11,25208.333333333332,86.42633333333333,86.53846153846153,0.43333333333333335,258496.76666666666,10.640352953153826,189894.96666666667,2018.5
76561198014916777,30,141.20200000000003,4236.06,23826.333333333332,91.60033333333334,86.42105263157895,0.6333333333333333,182745.81666666668,11.063268334512587,152638.18333333332,2018.1739130434783
76561198014942184,30,0.0,0.0,15472.0,89.04866666666666,81.47826086956522,0.7666666666666667,69567.48333333334,9.434875928936362,50883.23333333333,2008.1379310344828
76561198015886343,30,245.96066666666667,7378.82,20183.666666666668,86.611,84.5,0.6,507480.26666666666,11.709442482127706,227727.73333333334,2016.1153846153845
76561198016615227,30,466.36466666666666,13990.94,33904.666666666664,81.97366666666667,81.6,0.5,344908.36666666664,11.035897835725848,225200.55,2018.3214285714287
76561198017488621,30,232.14333333333335,6964.3,22810.582833333334,88.097,83.3157894736842,0.6333333333333333,363358.3,11.91370168407968,258135.13333333333,2016.5333333333333
76561198017725698,30,0.0,0.0,14066.333333333334,86.91900000000001,84.72727272727273,0.7333333333333333,492385.2166666667,10.017031364964053,228550.53333333333,2010.4285714285713
76561198021181507,30,381.04133333333334,11431.24,24951.833333333332,86.71866666666666,83.8695652173913,0.7666666666666667,414893.43333333335,12.22591590359675,301239.13333333336,2014.4137931034484
76561198021642939,30,169.714,5091.42,34873.666666666664,85.88466666666666,84.0,0.5666666666666667,525468.7166666667,12.224422219659704,336677.38333333336,2019.6666666666667
76561198022647651,30,104.78500000000001,3143.55,26048.333333333332,86.41766666666668,82.16666666666667,0.4,599518.4333333333,11.48354317983146,380642.6,2018.5
76561198023268375,30,0.0,0.0,10377.333333333334,90.33200000000001,82.15789473684211,0.6333333333333333,467133.51666666666,10.106379075989441,251853.66666666666,2005.5666666666666
76561198023629256,30,114.27766666666666,3428.33,23596.333333333332,88.77733333333335,83.72727272727273,0.36666666666666664,728797.35,12.029227760015756,490892.93333333335,2018.0333333333333
76561198024043746,30,352.372,10571.16,28360.333333333332,83.97966666666666,86.0,0.6,353569.48333333334,12.000966361388048,276152.48333333334,2016.0
76561198025419566,30,166.08266666666665,4982.48,14246.583,90.94466666666668,81.45454545454545,0.36666666666666664,201478.3,10.072619004554522,161149.36666666667,2016.8
76561198025420677,30,159.007,4770.21,16493.333333333332,83.1845,80.6923076923077,0.43333333333333335,556476.7,11.878751438307308,288402.35,2019.9
76561198025710872,30,98.88366666666667,2966.51,34803.916333333334,89.09266666666667,85.375,0.5333333333333333,216497.93333333332,11.63657227101201,174477.55,2020.4333333333334
76561198026512221,30,339.258,10177.74,27698.333333333332,83.583,79.94444444444444,0.6,390890.9666666667,11.380490766452091,316931.43333333335,2017.6666666666667
76561198027570687,30,311.21566666666666,9336.47,21497.666666666668,84.65333333333334,81.93333333333334,0.5,932008.0333333333,12.880745732154606,522690.1666666667,2017.7241379310344
76561198028531972,30,370.514,11115.42,27478.666666666668,89.79733333333334,84.11111111111111,0.9,223176.43333333332,11.945960721227133,144644.36666666667,2014.5172413793102
76561198028843852,30,73.61633333333333,2208.49,34721.333333333336,78.78966666666666,85.7,0.3333333333333333,393518.0,11.496677063134195,280595.76666666666,2020.1785714285713
76561198030076768,30,248.61533333333333,7458.46,23204.865999999998,91.14066666666666,88.22222222222223,0.6,687278.1,11.75719234462564,399723.86666666664,2020.6666666666667
76561198030700598,30,309.48266666666666,9284.48,24520.0,84.19566666666667,81.05555555555556,0.6,828140.9666666667,12.66460026838708,391559.8,2015.5333333333333
76561198033159937,30,967.3113333333333,29019.34,23886.666666666668,81.89666666666668,84.07142857142857,0.4666666666666667,787928.6166666667,12.328866695732788,509133.3333333333,2018.0357142857142
76561198033904301,30,112.539,3376.17,28537.549666666666,89.57466666666666,84.3157894736842,0.6333333333333333,364462.6666666667,11.841425907171987,294326.9666666667,2017.5862068965516
76561198035576206,30,163.75966666666667,4912.79,28062.249666666667,87.00633333333333,82.95454545454545,0.7333333333333333,123156.8,10.65950735251189,92570.6,2017.5
76561198035678145,30,87.866,2635.98,19536.666666666668,90.96000000000001,86.6842105263158,0.6333333333333333,222168.63333333333,11.109761191628738,158465.2,2013.4333333333334
76561198037116274,30,316.53633333333335,9496.09,29337.333333333332,86.609,81.94736842105263,0.6333333333333333,745704.5666666667,12.376846937848594,484949.63333333336,2016.2068965517242
76561198038492608,30,42.25666666666667,1267.7,24383.5,88.82633333333334,81.875,0.8,111131.2,10.89196828806499,79488.85,2013.7241379310344
76561198038973945,30,36.51766666666666,1095.53,11651.3,87.30833333333334,84.28571428571429,0.23333333333333334,628813.4,11.347309713106684,415107.8,2018.6
76561198040275236,30,137.59966666666665,4127.99,30620.460166666664,88.60666666666665,84.81818181818181,0.7333333333333333,710712.8833333333,12.05892212294748,485413.06666666665,2018.7931034482758
76561198042424940,30,263.13733333333334,7894.12,26169.333333333332,87.17699999999999,85.0,0.5666666666666667,245621.98333333334,11.701705019462214,180070.11666666667,2017.9666666666667
76561198042752440,30,212.65766666666664,6379.73,20996.666666666668,91.162,84.93333333333334,0.5,355378.56666666665,11.784852076535852,244192.13333333333,2016.7241379310344
76561198043309202,30,41.73866666666667,1252.16,17078.333333333332,82.508,85.18181818181819,0.36666666666666664,144185.6,9.673230202488153,108992.08333333333,2016.95
76561198044169133,30,245.21966666666668,7356.59,29399.666666666668,85.55966666666667,80.23529411764706,0.5666666666666667,736627.4333333333,11.806014244948456,502849.56666666665,2016.6206896551723
76561198044695535,30,480.447,14413.41,26577.333,75.703,80.15384615384616,0.43333333333333335,281393.61666666664,11.02927883459345,134127.11666666667,2018.4642857142858
76561198046112241,30,637.3906666666666,19121.719999999998,33461.666666666664,86.00133333333333,84.23529411764706,0.5666666666666667,273210.4,11.959998542519,162285.78333333333,2019.7241379310344
76561198046544865,30,42.54533333333333,1276.36,30245.333166666667,86.84366666666666,84.36842105263158,0.6333333333333333,195282.01666666666,11.52554259426483,127403.15,2020.7
76561198047089807,30,1120.4596666666666,33613.79,26000.0,80.661,86.53846153846153,0.43333333333333335,760448.1333333333,11.40349043572846,431838.23333333334,2017.5652173913043
76561198047338373,30,0.0,0.0,10786.666666666666,90.42133333333332,84.23809523809524,0.7,604675.4166666666,11.037386315457782,291513.7,2005.3333333333333
76561198047882234,30,489.72100000000006,14691.630000000001,27539.749666666667,85.20833333333333,81.95,0.6666666666666666,325056.43333333335,11.683140407447002,264381.1666666667,2016.2068965517242
76561198048967211,30,203.99699999999999,6119.91,28056.833333333332,84.33833333333334,82.47619047619048,0.7,661782.3,12.406302771647198,408415.81666666665,2016.3333333333333
76561198049192663,30,236.326,7089.78,10996.3,82.56466666666667,86.77777777777777,0.3,657112.1,11.630282704329062,378637.3,2017.12
76561198050935092,30,568.899,17066.97,25096.583,87.48433333333334,81.0,0.7,371160.3333333333,12.105593483835749,242857.53333333333,2017.1724137931035
76561198051250642,30,360.96566666666666,10828.97,18836.666666666668,84.348,83.78947368421052,0.6333333333333333,795037.45,10.971411354020125,398156.1666666667,2013.32
76561198051389016,30,41.157333333333334,1234.72,18137.666666666668,77.75500000000001,80.64285714285714,0.4666666666666667,395220.76666666666,9.616165053702117,224686.06666666668,2018.5172413793102
76561198052549305,30,406.1846666666667,12185.54,29639.0,84.98783333333334,83.22222222222223,0.6,74263.98333333334,10.323289823175207,57033.7,2019.0344827586207
76561198055294662,30,0.0,0.0,21482.666666666668,90.02066666666666,83.47826086956522,0.7666666666666667,521286.0,11.261868515823247,336130.06666666665,2012.3214285714287
76561198055617328,30,0.0,0.0,10156.666666666666,89.775,84.16666666666667,0.6,561235.95,10.217208568114241,288417.0333333333,2005.2142857142858
76561198055682730,30,820.1506666666667,24604.52,28228.666666666668,85.511,82.95652173913044,0.7666666666666667,444962.15,12.144163677456595,293798.3,2016.448275862069
76561198055895597,30,326.80333333333334,9804.1,15543.7,88.68733333333333,79.33333333333333,0.3,96614.95,9.284613977758442,82045.23333333334,2019.4736842105262
76561198056078990,30,246.37633333333332,7391.29,40584.166666666664,81.333,82.41176470588235,0.5666666666666667,345458.7166666667,12.184899871480074,273537.2833333333,2018.8666666666666
76561198058903842,30,127.33266666666667,3819.98,24299.0,82.82633333333334,87.28571428571429,0.4666666666666667,773269.0666666667,11.792747569423149,430971.2833333333,2016.8214285714287
76561198059495299,30,211.99533333333332,6359.86,44125.0,87.11866666666667,87.77777777777777,0.6,253383.73333333334,11.45774893341595,197196.9,2022.1666666666667
76561198060883629,30,114.65366666666667,3439.61,23459.0,82.651,84.93333333333334,0.5,86799.31666666667,9.988089159818939,63329.666666666664,2017.4
76561198061178161,30,150.12833333333336,4503.85,23630.333333333332,91.152,85.71428571428571,0.7,539847.9833333333,10.856081640148568,321367.13333333336,2016.148148148148
76561198061442799,30,0.0,0.0,21416.166666666668,87.82033333333334,82.94736842105263,0.6333333333333333,230981.5,11.297226106877284,182734.4,2014.75
76561198062256620,30,522.9696666666666,15689.09,25329.666666666668,79.85666666666665,87.73333333333333,0.5,940896.0666666667,12.511288968501294,531682.8666666667,2019.1851851851852
76561198063490669,30,284.158,8524.74,25142.0,82.89616666666667,78.80952380952381,0.7,208851.06666666668,10.840770497965597,142646.16666666666,2018.1666666666667
76561198064339088,30,43.49766666666667,1304.93,20112.0,88.034,76.65217391304348,0.7666666666666667,60286.666666666664,9.521274681652391,28220.933333333334,2013.103448275862
76561198065931138,30,62.940666666666665,1888.22,20244.833333333332,81.36183333333334,73.75,0.26666666666666666,148067.98333333334,10.681069523820035,106454.56666666667,2019.6521739130435
76561198066122279,30,249.785,7493.55,32328.666666666668,83.83866666666667,79.36363636363636,0.36666666666666664,291293.45,11.66273082458624,214734.53333333333,2018.3103448275863
76561198067067279,30,371.98499999999996,11159.55,35178.666666666664,85.14866666666667,82.61904761904762,0.7,319008.2,11.888680720019705,238510.6,2017.8666666666666
76561198067362761,30,297.7286666666667,8931.86,35382.0,87.48933333333333,85.44444444444444,0.6,831366.0333333333,12.413139945545009,493645.5,2019.0333333333333
76561198069077998,30,58.25366666666667,1747.6100000000001,34927.0,89.247,82.76190476190476,0.7,724398.2333333333,12.294792083221738,400285.11666666664,2019.0689655172414
76561198069752493,30,0.0,0.0,9856.666666666666,88.234,80.625,0.8,469610.48333333334,8.83586511724835,258545.63333333333,2007.551724137931
76561198070374664,30,182.93466666666666,5488.04,21593.333333333332,80.21566666666668,83.75,0.4,774676.2,12.46354384528111,493329.4666666667,2018.7142857142858
76561198070384606,30,70.02733333333335,2100.82,16899.633333333335,93.85033333333332,86.82352941176471,0.5666666666666667,683850.8,11.882131267216373,462155.95,2017.6896551724137
76561198070394564,30,576.4493333333334,17293.48,33336.666666666664,87.53433333333334,82.79166666666667,0.8,218139.23333333334,11.304172044559284,169804.81666666668,2017.6
76561198070426327,30,372.7,11181.0,15333.2665,83.52,83.27272727272727,0.36666666666666664,937673.95,12.612618703514919,459491.8,2017.3214285714287
76561198070463763,30,241.5883333333333,7247.65,17455.333,78.50366666666667,82.125,0.5333333333333333,614587.4,10.837947202336617,271686.5,2015.923076923077
76561198070682954,30,0.0,0.0,10850.0,91.14366666666666,84.0952380952381,0.7,607559.3,11.073712978908073,293619.36666666664,2005.6
76561198071154203,30,139.39866666666666,4181.96,14604.839666666667,85.74716666666667,81.4,0.16666666666666666,449429.98333333334,9.610348823015178,274423.85,2021.6666666666667
76561198071193898,30,535.616,16068.48,23074.666666666668,82.70766666666667,84.33333333333333,0.5,404844.4,12.218963776177317,228670.23333333334,2019.1666666666667
76561198072888615,30,1003.227,30096.809999999998,10771.666666666666,81.55033333333333,84.71428571428571,0.23333333333333334,590789.0666666667,10.208334644690447,304860.95,2018.8666666666666
76561198073067799,30,321.603,9648.09,29897.333333333332,79.105,84.54545454545455,0.36666666666666664,753919.7333333333,12.509831865222115,455958.5333333333,2020.7241379310344
76561198073458595,30,131.83466666666666,3955.04,18211.766666666666,88.72966666666666,83.2,0.6666666666666666,255336.33333333334,11.404677215654248,192018.38333333333,2016.0
76561198074367777,30,183.95766666666665,5518.73,17926.333333333332,84.139,78.88,0.8333333333333334,702911.1666666666,11.626804154337664,360701.4166666667,2014.4444444444443
76561198075247829,30,534.189,16025.67,26666.333333333332,82.891,82.58823529411765,0.5666666666666667,793291.6833333333,12.52707189288859,436598.8333333333,2019.0
76561198075601306,30,493.675,14810.25,19608.0,85.85633333333334,87.44444444444444,0.6,762400.6,11.596827295347762,457586.9,2015.7931034482758
76561198076111958,30,365.9986666666666,10979.96,24460.0,83.74366666666667,83.6,0.6666666666666666,967724.9,12.779625198841872,560501.0333333333,2016.6333333333334
76561198076319546,30,306.63933333333335,9199.18,23181.0,85.597,81.5625,0.5333333333333333,780380.85,12.497917349705952,480523.6,2016.1
76561198078014024,30,460.4796666666667,13814.39,22954.0,79.77266666666667,85.85714285714286,0.4666666666666667,743492.5666666667,11.738722341023587,388364.93333333335,2020.5
76561198078165637,30,0.0,0.0,14490.0,88.79833333333333,85.68181818181819,0.7333333333333333,666333.3666666667,11.24172892657077,339172.06666666665,2009.3214285714287
76561198078169237,30,309.81,9294.3,24023.333333333332,91.25833333333334,84.3076923076923,0.8666666666666667,720745.3833333333,12.368950467194344,443511.63333333336,2015.8333333333333
76561198078272251,30,529.5286666666666,15885.859999999999,31571.333333333332,86.27333333333333,86.8695652173913,0.7666666666666667,456718.81666666665,12.074363562074165,288299.5333333333,2017.9310344827586
76561198078817922,30,417.937,12538.11,21901.333,80.35833333333333,83.44444444444444,0.3,876809.5666666667,12.543709506707469,522715.25,2019.6666666666667
76561198078883021,30,101.29166666666667,3038.75,31188.3,88.02933333333334,87.06666666666666,0.5,321043.4166666667,11.681178890108919,244541.11666666667,2021.5333333333333
76561198078942414,30,345.9233333333333,10377.699999999999,19376.666666666668,88.99366666666667,81.0,0.5,716509.1666666666,12.065298716444532,425870.6,2016.107142857143
76561198079488752,30,352.87833333333333,10586.35,30648.333333333332,86.982,87.0,0.6333333333333333,928813.8833333333,13.09441632267308,610629.0666666667,2017.1666666666667
76561198079917174,30,166.5006666666667,4995.02,16172.333333333334,81.143,82.6,0.3333333333333333,696423.8833333333,11.168725165404885,360942.3,2016.8275862068965
76561198080951406,30,0.0,0.0,12807.699833333334,88.38666666666667,82.61904761904762,0.7,190910.96666666667,10.380390674945719,152775.73333333334,2010.3103448275863
76561198080978566,30,322.9013333333333,9687.039999999999,27022.833,87.78716666666666,82.29411764705883,0.5666666666666667,537848.4,10.87882512082829,309058.85,2016.6538461538462
76561198081505083,30,0.0,0.0,10350.0,90.93933333333332,82.47826086956522,0.7666666666666667,508517.4666666667,9.784884270015453,242707.6,2006.6666666666667
76561198082199261,30,597.5546666666667,17926.64,25111.7,87.71533333333333,85.05555555555556,0.6,802186.5833333334,12.38081791028358,464975.05,2016.7
76561198083275991,30,63.981,1919.43,23036.0,90.24633333333333,87.26666666666667,0.5,454566.6666666667,12.448378496669026,326756.23333333334,2018.8275862068965
76561198086717023,30,0.0,0.0,10161.666666666666,90.39,83.22222222222223,0.6,466527.01666666666,9.997862208766788,251271.31666666668,2004.8214285714287
76561198086810047,30,312.655,9379.65,25118.0,88.08066666666667,84.92857142857143,0.4666666666666667,411078.65,11.238089309063506,325107.48333333334,2019.3
76561198087883574,30,173.25,5197.5,26952.5,85.902,80.43478260869566,0.7666666666666667,187081.26666666666,10.621779130327736,142672.33333333334,2016.7666666666667
76561198087896550,30,89.58099999999999,2687.43,27588.666666666668,89.58066666666667,85.5625,0.5333333333333333,800926.2666666667,12.60295437277444,511009.23333333334,2017.0
76561198088261628,30,0.0,0.0,16380.0,88.10366666666667,86.68,0.8333333333333334,144918.8,9.923503012151778,117649.26666666666,2009.037037037037
76561198088724831,30,68.35666666666665,2050.7,30731.666666666668,88.35716666666667,83.5,0.6,122962.93333333333,10.609770971156719,101110.58333333333,2020.6333333333334
76561198089859684,30,139.47299999999998,4184.19,33349.333333333336,85.4355,84.71428571428571,0.4666666666666667,308184.56666666665,11.535207549376315,227817.95,2019.392857142857
76561198091122227,30,178.18766666666667,5345.63,38983.333333333336,86.94766666666666,85.8,0.6666666666666666,762301.1,12.22927127789791,532824.6833333333,2018.5172413793102
76561198091140590,30,97.19733333333333,2915.92,32592.666666666668,90.86266666666667,86.08695652173913,0.7666666666666667,233466.06666666668,11.510082879617633,180181.81666666668,2020.1333333333334
76561198091232355,30,56.442,1693.26,34062.3095,89.42433333333334,87.0625,0.5333333333333333,205606.65,11.09730095191492,149652.7,2021.0
76561198092225547,30,120.76433333333333,3622.93,31151.333333333332,88.23366666666666,86.875,0.5333333333333333,211564.41666666666,11.148054763300957,168516.76666666666,2021.1724137931035
76561198092251510,30,521.431,15642.93,18399.0,80.53166666666667,82.18181818181819,0.36666666666666664,773213.7666666667,12.484487083059333,389705.26666666666,2019.6785714285713
76561198092612698,30,560.5640000000001,16816.920000000002,24439.666666666668,83.38033333333333,84.13333333333334,0.5,164109.11666666667,10.812330191473162,111638.41666666667,2019.4137931034484
76561198092647624,30,207.67433333333332,6230.23,15918.666333333333,91.01633333333332,82.06666666666666,0.5,246371.55,11.360663541964435,203332.25,2015.642857142857
76561198093260511,30,142.42433333333332,4272.73,30968.249666666667,88.96233333333333,84.05,0.6666666666666666,221414.15,11.11169814467536,185594.11666666667,2019.6333333333334
76561198093336856,30,443.44800000000004,13303.44,26425.0,81.73466666666667,83.05555555555556,0.6,708961.95,12.214533200769012,429577.95,2016.9310344827586
76561198093697680,30,0.0,0.0,8343.333333333334,91.49033333333334,83.5,0.6666666666666666,512542.61666666664,10.713243356519593,292128.3333333333,2005.3666666666666
76561198095755900,30,113.507,3405.21,26269.833333333332,87.489,86.57142857142857,0.7,427296.8333333333,11.726570784567366,254456.9,2017.448275862069
76561198099004296,30,255.76666666666668,7673.0,21318.433333333334,85.812,84.0,0.5666666666666667,775812.4,12.464470192123521,495325.4,2016.2333333333333
76561198099250072,30,274.87466666666666,8246.24,21435.3,86.97466666666666,84.8,0.5,754752.0666666667,12.307987818977978,520437.9666666667,2017.6666666666667
76561198099562777,30,372.41366666666664,11172.41,31332.333333333332,83.485,85.05555555555556,0.6,477584.56666666665,12.384696846255236,307559.9666666667,2019.3
76561198099813068,30,0.0,0.0,10948.666666666666,87.37033333333333,85.04347826086956,0.7666666666666667,182639.28333333333,9.818480876766207,75046.43333333333,2006.0344827586207
76561198099985988,30,177.268,5318.04,24742.0,84.235,81.8125,0.5333333333333333,691477.5,11.861055144401478,447652.56666666665,2016.72
76561198100098775,30,138.862,4165.86,38015.0,83.82433333333333,86.88888888888889,0.6,412270.9,11.882995719838307,252124.9,2020.4827586206898
76561198100808600,30,0.0,0.0,13436.666666666666,89.87733333333334,84.72727272727273,0.7333333333333333,481390.45,10.799397272932474,298979.9666666667,2006.8666666666666
76561198103186740,30,1297.1293333333333,38913.88,27433.333333333332,84.19166666666666,79.55555555555556,0.6,216798.48333333334,11.135784770062584,167723.0,2017.4285714285713
76561198103234257,30,72.06033333333333,2161.81,25330.1,89.59533333333334,83.75,0.5333333333333333,243212.95,11.415108538372301,199022.33333333334,2018.4
76561198103723769,30,0.0,0.0,15843.333333333334,87.31233333333333,84.3076923076923,0.8666666666666667,565073.8666666667,10.519541327776095,292074.26666666666,2009.0
76561198103942045,30,66.913,2007.39,14005.333333333334,87.975,82.11764705882354,0.5666666666666667,484199.6,11.300573589427403,263885.98333333334,2015.0333333333333
76561198104612711,30,160.90566666666666,4827.17,26789.916333333334,81.47600000000001,80.8125,0.5333333333333333,860999.6,12.503446803080003,505332.63333333336,2017.3103448275863
76561198105432969,30,242.33733333333333,7270.12,25368.666666666668,85.01166666666667,82.44444444444444,0.6,674677.35,11.526003344467636,378541.68333333335,2015.9285714285713
76561198107189063,30,142.92333333333332,4287.7,20259.0,88.35233333333333,88.17647058823529,0.5666666666666667,782439.7666666667,12.33271498153171,403222.5,2016.4137931034484
76561198107786111,30,520.2243333333333,15606.73,24697.966666666667,86.75133333333333,85.05882352941177,0.5666666666666667,402168.9,12.3154152109946,248719.33333333334,2016.0333333333333
76561198112849349,30,136.39133333333334,4091.74,22388.999666666667,86.83533333333334,85.6,0.6666666666666666,285483.2,11.833850471536163,235901.88333333333,2019.2413793103449
76561198114540370,30,209.62866666666665,6288.86,37909.333333333336,81.44033333333333,86.05555555555556,0.6,291450.93333333335,11.596444662094267,231290.35,2019.3666666666666
76561198115422851,30,422.6646666666667,12679.94,18350.0,84.00866666666667,81.3,0.3333333333333333,689325.8166666667,11.951899787268939,348615.76666666666,2018.7931034482758
76561198117435171,30,250.71533333333335,7521.46,24507.966666666667,84.51166666666667,82.23529411764706,0.5666666666666667,945989.9166666666,12.767545985808784,606678.9333333333,2017.037037037037
76561198117724596,30,153.91266666666667,4617.38,23754.3,89.93733333333333,87.18181818181819,0.7333333333333333,398375.43333333335,12.43144302725372,293589.2,2017.3103448275863
76561198117983678,30,274.8496666666667,8245.49,28848.666666666668,89.96666666666667,85.4,0.6666666666666666,822408.0666666667,12.514607552606314,468533.98333333334,2019.1333333333334
76561198118672016,30,0.0,0.0,16010.0,87.05866666666665,84.05,0.6666666666666666,389289.9,9.111523038140483,221872.8,2006.6
76561198119156573,30,157.28366666666668,4718.51,17900.0,82.87566666666666,83.27777777777777,0.6,973244.0833333334,12.455777566349552,584974.3,2016.448275862069
76561198121971834,30,373.8976666666667,11216.93,34975.1,86.86633333333334,84.41176470588235,0.5666666666666667,444080.05,12.446049373233361,344445.85,2017.4
76561198122264375,30,251.299,7538.97,27697.0,85.94366666666666,86.4,0.6666666666666666,734414.3,12.242114321708195,472546.4166666667,2019.5862068965516
76561198122741582,30,71.583,2147.49,8498.0,81.66266666666667,81.83333333333333,0.4,678563.9,11.861209048989,345499.45,2015.0357142857142
76561198122844648,30,285.6256666666667,8568.77,26827.333166666667,86.11833333333334,81.93333333333334,0.5,374680.76666666666,12.105288258757238,271912.26666666666,2017.2857142857142
76561198123084475,30,340.747,10222.41,25647.766666666666,85.606,83.85714285714286,0.4666666666666667,679209.5,12.14755063649646,412091.95,2017.5185185185185
76561198123843456,30,204.23233333333334,6126.97,35410.0,84.18533333333333,85.05,0.6666666666666666,402715.01666666666,12.207726754638175,214585.23333333334,2019.8
76561198123908949,30,130.43166666666667,3912.95,25236.6665,87.04666666666667,85.38461538461539,0.43333333333333335,299788.05,11.467050751606605,248900.63333333333,2019.0333333333333
76561198124133723,30,0.0,0.0,14986.333333333334,90.93766666666667,86.38095238095238,0.7,132588.93333333332,10.637464453423625,69691.16666666667,2010.103448275862
76561198124421887,30,319.8326666666666,9594.98,27730.0,87.051,82.82352941176471,0.5666666666666667,695187.7166666667,12.178032263443118,439762.2,2016.8666666666666
76561198126548553,30,501.8913333333333,15056.74,27710.0,86.46766666666666,86.22222222222223,0.6,889050.4,12.893721255020264,465401.8,2017.7586206896551
76561198127431044,30,205.33599999999998,6160.08,37391.0,86.89333333333335,84.0909090909091,0.7333333333333333,691821.9666666667,12.323888618554907,480310.23333333334,2017.6666666666667
76561198128667294,30,297.71666666666664,8931.5,17115.0,86.48566666666667,85.2,0.5,794184.0166666667,12.215329226432504,394867.86666666664,2015.8333333333333
76561198129247774,30,231.35600000000002,6940.68,20797.6665,81.67399999999999,82.38095238095238,0.7,258838.53333333333,11.561836009232454,135141.8,2017.2758620689656
76561198130015375,30,629.9323333333334,18897.97,26032.0,82.72800000000001,83.30434782608695,0.7666666666666667,946787.1833333333,13.014435104730584,486995.0,2017.1666666666667
76561198133585402,30,0.0,0.0,11463.333333333334,90.61366666666666,84.15789473684211,0.6333333333333333,516951.98333333334,10.495213652883441,293186.86666666664,2005.1379310344828
76561198134388656,30,274.6143333333333,8238.43,33936.666666666664,85.56766666666667,81.77777777777777,0.6,334361.93333333335,11.827757733710659,234379.4,2017.7241379310344
76561198134731689,30,558.6236666666666,16758.71,17661.0,82.27199999999999,80.35,0.6666666666666666,749903.9666666667,11.488972639231957,412615.9,2015.2413793103449
76561198135384760,30,114.89866666666667,3446.96,28282.0,88.09533333333334,86.63636363636364,0.7333333333333333,500528.0,12.564779173507269,350611.4,2018.4333333333334
76561198135685349,30,96.20633333333333,2886.19,14378.333333333334,85.645,82.8,0.3333333333333333,723748.9833333333,12.275653734394199,411931.2,2017.4666666666667
76561198136484955,30,150.03099999999998,4500.929999999999,17036.666666666668,91.09933333333333,81.77777777777777,0.6,679620.45,11.99104399060497,353915.5,2015.655172413793
76561198136577408,30,134.35066666666665,4030.52,25849.666666666668,82.619,86.3,0.3333333333333333,390629.9166666667,11.467245181801394,306192.56666666665,2020.1724137931035
76561198136985842,30,151.65966666666665,4549.79,29454.333333333332,91.07766666666666,85.95238095238095,0.7,575156.5166666667,11.808175107597865,385753.5333333333,2015.1
76561198137180760,30,0.0,0.0,13816.999666666667,89.41133333333333,80.56,0.8333333333333334,168569.45,10.236406067551771,101504.1,2010.3103448275863
76561198137208244,30,270.738,8122.139999999999,12851.216333333334,83.76033333333334,83.82352941176471,0.5666666666666667,827888.3333333334,11.712221431858504,434389.9666666667,2016.4642857142858
76561198137264082,30,217.596,6527.88,31270.0,85.10333333333332,87.33333333333333,0.6,407007.6666666667,11.854362946147312,246107.26666666666,2018.5555555555557
76561198138316742,30,764.7733333333333,22943.2,27251.666666666668,84.09833333333333,81.26666666666667,0.5,810681.1666666666,12.166721809972119,478501.6,2016.7931034482758
76561198139411198,30,493.566,14806.98,25644.666666666668,84.76066666666667,81.47058823529412,0.5666666666666667,363890.55,11.516945178324447,175453.85,2019.4074074074074
76561198139915980,30,215.88700000000003,6476.610000000001,22307.0,91.53716666666666,83.17391304347827,0.7666666666666667,212933.25,10.835398000675843,170945.13333333333,2014.107142857143
76561198142432184,30,722.3623333333333,21670.87,19257.0,83.111,79.0,0.4666666666666667,830109.3666666667,11.82852972559469,558999.2833333333,2015.962962962963
76561198142871256,30,115.77133333333333,3473.14,28505.0,90.55733333333335,83.58823529411765,0.5666666666666667,275580.15,11.273449986456402,232205.3,2016.0344827586207
76561198142992067,30,258.14233333333334,7744.27,12257.966666666667,89.27666666666667,84.5,0.5333333333333333,953703.9333333333,12.890558292721744,584306.3666666667,2016.6
76561198143412503,30,73.54466666666667,2206.34,18958.433333333334,87.606,77.72727272727273,0.36666666666666664,876233.7666666667,12.615382631273162,556065.4,2017.896551724138
76561198144180358,30,125.78633333333332,3773.5899999999997,24938.433333333334,87.36266666666667,83.6,0.5,650601.9333333333,11.4119400705646,447664.4,2017.642857142857
76561198144852786,30,100.64533333333334,3019.36,22250.0,84.78066666666668,83.88235294117646,0.5666666666666667,409099.35,12.414938946828405,232343.28333333333,2018.7241379310344
76561198145824277,30,187.00799999999998,5610.24,21506.666666666668,81.54233333333333,81.5,0.3333333333333333,854599.2666666667,12.03699067201878,550565.5,2018.0714285714287
76561198146396342,30,232.78033333333332,6983.41,28273.0,88.096,83.6,0.6666666666666666,635385.35,12.482832562910119,483210.4,2016.5172413793102
76561198148262444,30,342.567,10277.01,32833.0,89.26933333333334,86.9,0.6666666666666666,816091.5,12.918498391391983,529417.9,2019.5862068965516
76561198148591865,30,243.5006666666667,7305.02,20338.0,84.72933333333334,83.33333333333333,0.5,731967.6833333333,12.06391160237245,442403.13333333336,2015.3793103448277
76561198149149071,30,213.97366666666667,6419.21,19880.0,86.334,80.13333333333334,0.5,950010.8,12.90399467410968,514011.9666666667,2016.7
76561198149717332,30,226.12166666666664,6783.65,30532.966666666667,88.929,85.26086956521739,0.7666666666666667,373629.51666666666,12.14461370704523,260626.23333333334,2018.0
76561198151733556,30,353.3896666666667,10601.69,20530.0,86.25099999999999,83.61538461538461,0.43333333333333335,910443.3333333334,12.539782369181298,561283.3333333334,2015.08
76561198154693814,30,75.77,2273.1,26714.499333333333,87.70800000000001,85.8,0.6666666666666666,745814.6833333333,12.324284634545215,489985.1,2019.5
76561198155700223,30,201.20600000000002,6036.18,22435.0,87.37866666666667,85.6,0.6666666666666666,1005806.1,13.035005576171907,628949.1166666667,2018.4333333333334
76561198158802282,30,0.0,0.0,12761.666666666666,83.96866666666666,79.2,0.5,385209.1,8.762990084873785,186662.7,2008.1538461538462
76561198160310073,30,48.86133333333333,1465.84,27604.0,78.993,80.11764705882354,0.5666666666666667,442245.73333333334,11.42933645069834,329071.88333333336,2018.9655172413793
76561198161403415,30,118.57,3557.1,21855.966666666667,81.26,86.1,0.3333333333333333,889013.6666666666,12.689590504787638,574449.6666666666,2019.1666666666667
76561198162182031,30,138.217,4146.51,18440.0,79.779,82.4,0.3333333333333333,385802.23333333334,11.58115620172713,261504.93333333332,2017.857142857143
76561198162456427,30,0.0,0.0,9332.333333333334,80.35766666666667,81.33333333333333,0.4,587554.9,9.799683783768508,383240.65,2013.5
76561198162847888,30,0.0,0.0,9527.333333333334,91.32766666666666,83.1,0.6666666666666666,139370.01666666666,10.0404403493555,77621.46666666666,2004.9333333333334
76561198165565385,30,102.99133333333333,3089.74,16864.633333333335,81.29566666666666,83.66666666666667,0.4,372754.81666666665,11.580522161648014,248721.63333333333,2020.2857142857142
76561198166039566,30,200.14166666666668,6004.25,25128.333333333332,83.88966666666667,85.125,0.5333333333333333,721293.6333333333,12.231684347411713,360957.23333333334,2017.642857142857
76561198166226287,30,61.859,1855.77,21283.333333333332,82.93433333333334,85.21428571428571,0.4666666666666667,668240.5666666667,11.798829772228803,403251.76666666666,2018.9
76561198167407399,30,190.67033333333333,5720.11,19279.666666666668,89.07199999999999,80.8695652173913,0.7666666666666667,96910.5,10.109777262834111,78619.36666666667,2014.4827586206898
76561198168362702,30,196.13966666666664,5884.19,25539.666666666668,86.295,84.5,0.5333333333333333,779517.0666666667,12.031300810783241,536420.6,2018.7
76561198169509065,30,131.94666666666666,3958.4,27023.7,90.961,86.11111111111111,0.6,216265.1,11.1456549057989,168495.7,2017.2
76561198172594941,30,76.62766666666667,2298.83,23141.632999999998,88.33500000000001,82.08333333333333,0.4,839846.7,12.682171777542948,575018.1333333333,2017.8333333333333
76561198175781507,30,122.123,3663.69,28470.0,87.60966666666667,83.6842105263158,0.6333333333333333,377851.13333333336,11.990656804061052,251125.48333333334,2016.448275862069
76561198176903937,30,125.76566666666668,3772.9700000000003,13216.506333333333,86.01216666666666,81.9375,0.5333333333333333,788406.7833333333,11.807510198773487,520901.26666666666,2015.9666666666667
76561198181134839,30,35.891,1076.73,16129.333333333334,89.74,84.47619047619048,0.7,204259.66666666666,10.624483256186757,122475.45,2015.3214285714287
76561198182434729,30,340.53566666666666,10216.07,21132.333333333332,90.83500000000001,81.5625,0.5333333333333333,485382.7166666667,12.30207528494063,319618.76666666666,2016.5333333333333
76561198186851741,30,133.66366666666667,4009.91,19996.333333333332,85.17766666666667,84.33333333333333,0.5,621420.9166666666,11.7238375137378,356792.63333333336,2017.5555555555557
76561198188197794,30,122.508,3675.24,24605.333333333332,87.91333333333334,86.05263157894737,0.6333333333333333,668367.2333333333,12.314469585345615,431149.6666666667,2017.2758620689656
76561198192535273,30,297.31433333333337,8919.43,26164.666666666668,82.33,85.5,0.4,878463.0,12.75754713202436,486385.35,2018.6
76561198193941166,30,0.0,0.0,10846.666666666666,78.238,79.75,0.5333333333333333,456019.8,9.09455610569359,278287.2,2009.0333333333333
76561198193985237,30,113.99499999999999,3419.85,27780.0,85.19633333333333,82.27272727272727,0.36666666666666664,256186.88333333333,11.310859750380535,202354.7,2020.0666666666666
76561198195856567,30,204.14733333333334,6124.42,26058.5,78.69866666666667,84.0,0.4666666666666667,772092.1666666666,12.575822108347243,454001.5333333333,2018.7666666666667
76561198201869792,30,175.97299999999998,5279.19,13534.916333333333,92.85566666666666,82.9,0.3333333333333333,384207.1,12.206960176824454,250984.65,2017.5
76561198202541610,30,380.52466666666663,11415.74,19799.666666666668,88.411,84.05882352941177,0.5666666666666667,685676.4333333333,11.639247852974723,371342.61666666664,2017.1666666666667
76561198203294379,30,23.398666666666667,701.96,26605.0,89.63833333333334,82.4090909090909,0.7333333333333333,595541.7,11.93587813450798,381791.36666666664,2015.2758620689656
76561198205514059,30,0.0,0.0,13823.0,90.329,81.5,0.8,529935.4666666667,10.887265767695213,332387.9,2010.1379310344828
76561198206869732,30,108.83266666666667,3264.98,18854.166666666668,85.98866666666666,82.38888888888889,0.6,844833.0166666667,12.52293461871925,490702.93333333335,2016.3
76561198210123867,30,254.587,7637.61,27327.666333333334,83.25333333333333,85.125,0.5333333333333333,585379.4,11.888790908503204,346748.4,2019.5925925925926
76561198212109881,30,357.26500000000004,10717.95,12419.3,78.97966666666666,81.66666666666667,0.5,811667.8333333334,12.05998713129285,409729.4,2017.8214285714287
76561198212143500,30,375.15866666666665,11254.76,18316.766666666666,91.32233333333333,85.0,0.4666666666666667,240304.83333333334,11.164192627849426,172849.35,2020.4444444444443
76561198212519471,30,236.77599999999998,7103.28,20947.916333333334,85.11,81.8,0.5,904309.65,12.953859808646097,523274.36666666664,2017.3
76561198213107237,30,223.38266666666667,6701.48,15959.533333333333,82.887,81.46153846153847,0.43333333333333335,821009.5833333334,12.46895377109856,502970.7166666667,2016.0357142857142
76561198214234216,30,269.76733333333334,8093.02,18173.333333333332,87.47600000000001,82.66666666666667,0.6,1011757.9,12.950834052819774,550142.9,2014.4137931034484
76561198214300979,30,72.59466666666667,2177.84,37447.3,85.347,81.11111111111111,0.3,236545.21666666667,11.140560542804993,195100.5,2021.8
76561198214648473,30,150.7686666666667,4523.06,23296.666666666668,89.71233333333333,86.92307692307692,0.43333333333333335,461562.38333333336,12.627757160383284,292265.26666666666,2019.4
76561198219075073,30,305.72999999999996,9171.9,29307.0,87.94200000000001,81.70588235294117,0.5666666666666667,311855.93333333335,11.643409226277385,233066.21666666667,2017.2222222222222
76561198219470507,30,0.0,0.0,11624.749833333333,82.916,78.15384615384616,0.8666666666666667,56822.183333333334,9.034783122587053,45612.25,2008.5333333333333
76561198220559105,30,100.95733333333332,3028.72,12072.932666666666,88.86200000000001,82.76923076923077,0.43333333333333335,709163.0333333333,11.201448194615686,406889.5333333333,2018.0689655172414
76561198231347376,30,130.41266666666667,3912.38,15821.333333333334,85.925,82.83333333333333,0.6,497430.4,10.89339968547157,270691.11666666664,2013.8
76561198238420992,30,156.41766666666666,4692.53,39131.333333333336,86.06666666666666,85.52380952380952,0.7,700824.9333333333,12.581302745379151,407749.1666666667,2019.7333333333333
76561198238846116,30,197.859,5935.77,20079.583,89.91533333333334,82.94444444444444,0.6,816655.15,12.180386176873533,573654.1666666666,2016.1666666666667
76561198246412594,30,447.7696666666667,13433.09,33726.333333333336,84.91966666666667,82.64285714285714,0.4666666666666667,351097.5333333333,12.197232135308445,266775.86666666664,2018.8620689655172
76561198248263124,30,178.44133333333332,5353.24,25851.333333333332,85.74733333333333,83.0,0.5666666666666667,811837.8666666667,12.560093074423852,510592.76666666666,2017.7333333333333
76561198249893146,30,173.05566666666667,5191.67,29396.666666666668,88.99033333333334,83.17647058823529,0.5666666666666667,335547.73333333334,11.911446798670344,268485.0333333333,2019.5333333333333
76561198251071604,30,173.17433333333332,5195.23,22706.333333333332,83.80133333333333,83.55,0.6666666666666666,897548.0333333333,12.29018970986349,553325.6333333333,2015.3103448275863
76561198252530300,30,146.98066666666668,4409.42,31916.666666666668,85.86866666666667,83.4375,0.5333333333333333,671589.7666666667,12.156969787360918,413382.43333333335,2019.4827586206898
76561198256116084,30,68.89200000000001,2066.76,16834.333,88.28933333333333,85.9,0.6666666666666666,724141.7166666667,12.102972920303788,485869.01666666666,2015.2666666666667
76561198256822801,30,0.0,0.0,10429.333333333334,87.97800000000001,84.61111111111111,0.6,131858.61666666667,9.7091310359898,108047.4,2005.8
76561198262787729,30,318.84866666666665,9565.46,30582.0,82.65433333333334,81.1875,0.5333333333333333,396260.45,12.238282065139025,268217.8333333333,2018.7333333333333
76561198263694383,30,133.79033333333334,4013.71,20395.333333333332,88.84666666666666,86.41176470588235,0.5666666666666667,451966.36666666664,12.020508446419486,363503.9666666667,2019.448275862069
76561198265883417,30,151.212,4536.36,15292.966666666667,85.35233333333333,81.35714285714286,0.4666666666666667,685463.7833333333,12.242753555219696,429070.13333333336,2017.642857142857
76561198268230924,30,348.08133333333336,10442.44,16072.366666666667,90.403,87.1875,0.5333333333333333,410200.18333333335,12.144750336633413,276446.1,2015.25
76561198268729880,30,100.12100000000001,3003.63,18450.083166666667,90.45433333333334,86.2,0.5,471153.13333333336,12.086318442516438,362748.86666666664,2017.607142857143
76561198268967656,30,237.72899999999998,7131.87,20863.333333333332,85.85933333333332,84.58823529411765,0.5666666666666667,590940.25,12.3582735154325,421843.1,2018.6333333333334
76561198269218599,30,103.23266666666667,3096.98,18991.666333333334,85.99833333333332,82.29411764705883,0.5666666666666667,691285.9833333333,11.934258715904553,403517.23333333334,2016.0
76561198271318447,30,0.0,0.0,16198.5,85.76166666666667,78.19047619047619,0.7,437585.45,10.529184372223465,261357.93333333332,2012.6666666666667
76561198271409027,30,95.257,2857.71,27436.333333333332,83.16033333333333,86.0,0.36666666666666664,427624.05,12.199854273502657,265236.98333333334,2021.2592592592594
76561198271535585,30,227.13866666666667,6814.16,37730.666666666664,89.60666666666665,83.91304347826087,0.7666666666666667,346860.9666666667,12.198838590126302,251697.86666666667,2017.9655172413793
76561198272701149,30,79.13066666666667,2373.92,14106.666666666666,86.02366666666667,83.0,0.4,456836.76666666666,10.682643380150072,261654.91666666666,2016.0
76561198272738490,30,41.01133333333333,1230.34,29635.99983333333,92.01483333333334,87.65,0.6666666666666666,280021.18333333335,11.180960826063,211462.63333333333,2022.0333333333333
76561198273177152,30,134.50300000000001,4035.09,21635.133333333335,88.23266666666667,79.26315789473684,0.6333333333333333,537426.7333333333,11.664512701159817,331774.63333333336,2018.1
76561198273477765,30,551.9316666666667,16557.95,17375.1,86.248,82.36363636363636,0.36666666666666664,801856.7333333333,12.675320767606303,446767.5333333333,2018.2413793103449
76561198273602004,30,62.746,1882.38,29500.0,81.70766666666667,85.41666666666667,0.4,775874.15,12.435189097207184,472543.4666666667,2021.9
76561198274446234,30,293.27633333333335,8798.29,22486.333333333332,78.60266666666666,80.86666666666666,0.5,820832.4,12.087671211701299,495563.23333333334,2017.8620689655172
76561198274842511,30,281.532,8445.96,28057.766666666666,86.81266666666667,81.52941176470588,0.5666666666666667,659200.6166666667,12.363757615816452,392015.4666666667,2017.896551724138
76561198275767100,30,238.74066666666667,7162.22,24648.0,87.857,80.75,0.8,484862.95,11.522499999982779,289449.05,2016.551724137931
76561198276820389,30,92.32266666666666,2769.68,35356.913166666665,85.53733333333334,83.9090909090909,0.36666666666666664,480606.13333333336,12.018233315142238,358890.7833333333,2021.2666666666667
76561198277899306,30,165.25366666666667,4957.610000000001,31639.3,87.10033333333334,82.73333333333333,0.5,477333.2,11.699435360699427,294020.7166666667,2018.5172413793102
76561198282596613,30,139.43633333333335,4183.09,30035.399666666668,81.88133333333333,86.28571428571429,0.23333333333333334,637087.9666666667,12.215293197322982,418402.25,2021.9
76561198283021088,30,297.23066666666665,8916.92,23783.333333333332,88.06133333333334,86.0,0.5333333333333333,750108.5666666667,12.070682213646798,466184.8,2018.9655172413793
76561198283383463,30,195.833,5874.99,23772.3,91.07133333333333,86.125,0.5333333333333333,614174.6333333333,11.543106950097071,420979.4,2015.551724137931
76561198283397484,30,396.46233333333333,11893.87,39557.666666666664,83.72600000000001,86.47058823529412,0.5666666666666667,845118.9666666667,12.623290369073011,575658.0,2018.551724137931
76561198286376504,30,119.954,3598.62,23591.999666666667,92.05166666666668,85.3913043478261,0.7666666666666667,184724.05,11.537087783978837,154113.8,2018.6
76561198286525675,30,322.28633333333335,9668.59,21872.666666666668,84.77333333333333,83.38461538461539,0.43333333333333335,786322.2,12.190234160891059,485579.56666666665,2018.5333333333333
76561198286544260,30,123.85966666666667,3715.79,14335.0,78.40733333333333,79.7,0.3333333333333333,621833.25,11.62803801066266,342619.56666666665,2019.3461538461538
76561198288995710,30,0.0,0.0,13248.333333333334,78.75433333333334,74.42857142857143,0.4666666666666667,30970.816666666666,8.389186070564104,17340.766666666666,2015.8275862068965
76561198291180742,30,361.01433333333335,10830.43,17874.666166666666,84.66533333333334,83.70588235294117,0.5666666666666667,981506.1,12.766034986256303,569754.95,2016.9310344827586
76561198293954147,30,151.25566666666666,4537.67,28105.0,87.685,81.54545454545455,0.7333333333333333,457610.13333333336,12.181406421254447,289213.0833333333,2018.0
76561198295206449,30,111.224,3336.7200000000003,27407.633333333335,83.98233333333333,85.66666666666667,0.5,812059.2333333333,12.63474328082058,510389.63333333336,2018.8
76561198302298927,30,189.27433333333332,5678.23,27435.0,90.35066666666667,81.8125,0.5333333333333333,635368.0,11.913599509103788,410651.95,2016.2758620689656
76561198302636427,30,259.383,7781.49,26124.633333333335,86.07199999999999,83.22222222222223,0.6,398732.63333333336,11.933068366765221,276553.8333333333,2018.8333333333333
76561198306886649,30,0.0,0.0,31843.333333333332,87.46966666666667,84.9047619047619,0.7,651382.7666666667,11.989123115930026,401996.31666666665,2017.5185185185185
76561198307891464,30,78.852,2365.56,27529.666666666668,87.18666666666667,80.6,0.5,633904.9333333333,11.837649977520954,373682.55,2017.3
76561198307911644,30,266.96633333333335,8008.99,30388.666666666668,88.88466666666666,83.15,0.6666666666666666,113545.3,10.766822519331471,92390.4,2015.551724137931
76561198311777128,30,329.914,9897.42,26929.333333333332,87.31366666666666,87.25,0.5333333333333333,969797.7,13.008077443668979,667918.6666666666,2017.1724137931035
76561198313453043,30,151.98466666666667,4559.54,36056.666666666664,86.73466666666667,84.57142857142857,0.7,447018.9666666667,12.370210370249602,323143.3333333333,2019.1
76561198314815990,30,308.3713333333333,9251.14,22254.7,84.967,83.52631578947368,0.6333333333333333,692354.9,11.966331232561169,350324.85,2019.0357142857142
76561198314983684,30,157.06933333333333,4712.08,19103.666666666668,87.35866666666668,89.05882352941177,0.5666666666666667,793998.6833333333,11.941447482296251,423186.06666666665,2020.7666666666667
76561198315234904,30,130.51833333333335,3915.55,29337.133333333335,91.81866666666666,84.93333333333334,0.5,670569.2,12.054035758792683,447495.3,2019.9666666666667
76561198317130606,30,28.637999999999998,859.14,32046.333333333332,85.94,83.35,0.6666666666666666,555069.5166666667,11.387482725295857,352958.1666666667,2019.3
76561198321474420,30,57.095333333333336,1712.8600000000001,20908.6665,82.819,80.0,0.4666666666666667,157309.0,10.320424388711363,98988.1,2019.3793103448277
76561198325641981,30,37.718666666666664,1131.56,21236.333333333332,89.99333333333334,84.0,0.6666666666666666,570631.9666666667,11.650180798571443,378218.3,2016.3333333333333
76561198326689259,30,119.92166666666667,3597.65,16219.616333333333,76.91533333333334,79.27272727272727,0.36666666666666664,475187.25,9.837992868490913,268390.13333333336,2016.8275862068965
76561198328407838,30,88.03033333333333,2640.91,19727.5,89.60466666666666,80.0,0.43333333333333335,963387.3,12.834600839586187,674184.1,2016.7931034482758
76561198329030307,30,104.02533333333334,3120.76,17057.333166666667,92.26533333333333,84.26086956521739,0.7666666666666667,257994.76666666666,11.50677135850205,213219.53333333333,2015.1333333333334
76561198329860101,30,0.0,0.0,17447.366666666665,88.26299999999999,83.52631578947368,0.6333333333333333,343582.48333333334,11.288250614219873,280844.65,2014.8275862068965
76561198330374062,30,204.13833333333332,6124.15,24938.333333333332,84.18299999999999,79.15384615384616,0.43333333333333335,124879.66666666667,10.326617792901454,94611.26666666666,2017.9310344827586
76561198332366336,30,207.774,6233.22,28637.0,82.925,80.625,0.5333333333333333,662012.2833333333,11.993618954400182,388673.01666666666,2019.7931034482758
76561198335877752,30,138.57233333333335,4157.17,23163.333333333332,86.05,81.64285714285714,0.4666666666666667,973041.1,12.888217626150515,648345.7666666667,2018.6333333333334
76561198338123050,30,773.41,23202.3,18566.333333333332,88.49499999999999,85.5,0.26666666666666666,106726.9,9.705891891666049,54875.083333333336,2020.5294117647059
76561198338661363,30,155.25566666666666,4657.67,36520.333333333336,84.87899999999999,86.0,0.5333333333333333,895582.4166666666,12.81442247547263,615236.25,2019.5333333333333
76561198339879556,30,93.47133333333333,2804.14,19350.333333333332,87.02,83.0625,0.5333333333333333,816347.9333333333,12.285173227142606,544291.9666666667,2017.8
76561198340169992,30,369.0286666666667,11070.86,23053.583,84.70466666666667,79.1875,0.5333333333333333,850423.9333333333,12.475684833674352,566054.0333333333,2016.6666666666667
76561198341278283,30,290.508,8715.24,28230.5,83.69833333333332,84.57894736842105,0.6333333333333333,315395.0333333333,11.839998862741762,215982.61666666667,2019.4814814814815
76561198341668214,30,0.0,0.0,18428.2,91.36133333333333,85.3,0.6666666666666666,441744.63333333336,12.10978976785582,361013.61666666664,2014.1333333333334
76561198343083907,30,48.13866666666667,1444.16,26825.3495,90.047,82.2,0.5,283682.81666666665,10.955903160432118,232512.63333333333,2018.2758620689656
76561198344355760,30,0.0,0.0,21999.666666666668,89.284,79.95833333333333,0.8,127725.1,10.78945744865654,107433.73333333334,2013.7037037037037
76561198344803968,30,94.83500000000001,2845.05,11981.3,92.039,82.06666666666666,0.5,694079.9,12.159392575558895,457310.2,2017.6666666666667
76561198345413393,30,220.07433333333333,6602.23,29270.966666666667,84.874,85.1,0.3333333333333333,415854.13333333336,12.432106186689664,344411.23333333334,2020.5
76561198345645365,30,167.57066666666665,5027.12,20456.74983333333,84.50933333333333,78.8,0.5,797933.5166666667,12.014544973814534,510201.13333333336,2016.7666666666667
76561198346465577,30,156.50666666666666,4695.2,28769.0,85.07966666666667,84.0625,0.5333333333333333,749335.0,12.492873624085684,445401.8,2019.357142857143
76561198347406063,30,164.23766666666668,4927.13,19943.299666666666,92.29966666666665,82.6875,0.5333333333333333,785672.3666666667,12.565631803836208,512702.9666666667,2016.2666666666667
76561198347513175,30,93.869,2816.07,21024.666666666668,80.99833333333332,81.4,0.3333333333333333,882826.0833333334,12.58021833414947,561775.5666666667,2018.2666666666667
76561198349527228,30,154.778,4643.34,15752.5,82.25783333333334,79.25,0.4,935331.0166666667,12.739184650188268,587828.9333333333,2016.9333333333334
76561198350976816,30,118.75333333333333,3562.6,36296.333333333336,86.56099999999999,80.26666666666667,0.5,596310.5333333333,11.814960529672474,395586.13333333336,2017.0333333333333
76561198351821528,30,211.083,6332.49,16478.5,86.07233333333333,84.85714285714286,0.4666666666666667,624091.5333333333,11.598340449371474,396793.25,2017.5333333333333
76561198353246717,30,196.31133333333335,5889.34,41895.0,85.63433333333334,86.5,0.6,471246.6,12.489474571255366,335057.73333333334,2020.5333333333333
76561198354464634,30,294.2436666666666,8827.31,22446.666666666668,86.42733333333334,81.53333333333333,0.5,714758.6,11.738489718525138,451850.0,2016.892857142857
76561198355407343,30,168.36966666666666,5051.09,27335.733333333334,89.29433333333333,85.66666666666667,0.4,301811.76666666666,11.90495015994093,240702.85,2019.6206896551723
76561198355821938,30,288.3243333333333,8649.73,29237.0,81.21000000000001,84.86666666666666,0.5,651407.8166666667,11.799322173890248,424729.26666666666,2019.2758620689656
76561198358134442,30,175.42866666666666,5262.86,29023.19833333333,83.47333333333333,80.9375,0.5333333333333333,56491.9,9.6719270458096,42671.683333333334,2020.0689655172414
76561198358601039,30,262.67766666666665,7880.33,27637.333333333332,83.24,87.0,0.5333333333333333,945699.0,12.820042576078828,626510.1833333333,2019.2
76561198359999689,30,171.22233333333332,5136.67,30065.166333333334,81.06366666666666,82.72727272727273,0.36666666666666664,137994.6,9.921586420722814,116672.1,2019.6
76561198360775008,30,226.86700000000002,6806.01,19538.433333333334,89.412,82.85714285714286,0.4666666666666667,373933.7,11.918156789562834,250014.9,2018.2333333333333
76561198365702929,30,199.299,5978.97,20567.333,88.82366666666667,84.53846153846153,0.43333333333333335,768482.0,12.22452128545696,495964.4,2016.8275862068965
76561198366069046,30,201.07699999999997,6032.3099999999995,38563.0,82.175,84.3157894736842,0.6333333333333333,578886.5333333333,11.944353952179084,350320.9,2018.8666666666666
76561198369639036,30,164.66566666666668,4939.97,39971.666666666664,88.52333333333333,86.875,0.8,331503.93333333335,11.98618902177204,242638.33333333334,2020.9
76561198371780990,30,0.0,0.0,17944.666666666668,85.68366666666667,79.38095238095238,0.7,181772.66666666666,10.652313769971709,150266.3,2012.9310344827586
76561198372595912,30,477.79866666666663,14333.96,34259.666666666664,80.798,83.52941176470588,0.5666666666666667,535384.4,12.806280695359403,356566.9,2020.0666666666666
76561198375365129,30,54.68266666666667,1640.48,22263.966666666667,89.47166666666666,82.55555555555556,0.6,878120.35,12.48513359491573,575106.9,2017.5333333333333
76561198376124646,30,32.26766666666666,968.03,11730.0,87.21933333333332,83.375,0.26666666666666666,531905.8833333333,11.595324048944509,305445.76666666666,2018.9
76561198376986116,30,0.0,0.0,16399.166666666668,89.69733333333333,79.6842105263158,0.6333333333333333,524282.9166666667,10.841185243741888,332390.0,2011.7037037037037
76561198377061737,30,348.811,10464.33,42324.0,88.80133333333333,84.94736842105263,0.6333333333333333,232846.3,11.612586891854003,171597.66666666666,2019.448275862069
76561198377168031,30,65.06133333333334,1951.84,19682.666666666668,83.83516666666667,83.0,0.3333333333333333,372050.75,11.686058317767909,250385.06666666668,2020.642857142857
76561198380711412,30,184.76066666666665,5542.82,36923.666666666664,86.48033333333333,86.46666666666667,0.5,384051.3333333333,12.246052822463758,289478.0,2022.0
76561198388039360,30,88.72833333333332,2661.85,20934.666666666668,81.48033333333333,87.08333333333333,0.4,251298.25,11.428948158631837,152165.21666666667,2021.0689655172414
76561198390714886,30,113.27233333333334,3398.17,30466.666666666668,86.28566666666667,84.72222222222223,0.6,631160.8,12.84175942264349,402093.9,2018.0333333333333
76561198391845269,30,119.54633333333332,3586.39,23571.132999999998,86.36166666666666,84.0,0.6,681007.8666666667,11.968135317868617,440941.88333333336,2018.3793103448277
76561198392370761,30,171.703,5151.09,26097.666666666668,85.539,88.53846153846153,0.43333333333333335,906707.6666666666,12.696569613179053,584929.1833333333,2019.0
76561198395338546,30,111.79766666666666,3353.93,14706.666666666666,90.748,82.92857142857143,0.4666666666666667,762780.8166666667,12.51572326872,488090.63333333336,2015.9666666666667
76561198400702869,30,108.90766666666667,3267.23,22008.333333333332,91.25399999999999,83.15,0.6666666666666666,325175.63333333336,12.010800096109817,226701.61666666667,2018.8
76561198402329390,30,72.408,2172.2400000000002,35267.66650000001,87.713,89.04761904761905,0.7,242537.55,11.618010392574314,164962.15,2021.4333333333334
76561198402363447,30,0.0,0.0,13640.0,89.74666666666667,84.75,0.8,579200.65,10.984744921632508,342929.5333333333,2008.4666666666667
76561198403785238,30,116.16699999999999,3485.0099999999998,21693.583,91.30033333333334,84.77777777777777,0.6,620202.8333333334,11.973603390136706,383161.48333333334,2018.0666666666666
76561198407819907,30,242.011,7260.33,26604.4,81.19066666666667,84.33333333333333,0.3,333484.8,12.213461023068705,225831.63333333333,2022.3
76561198408126263,30,87.57266666666666,2627.18,12427.599833333334,87.70666666666666,85.77777777777777,0.3,289075.18333333335,11.646527975576499,203930.31666666668,2017.4666666666667
76561198408226782,30,36.317,1089.51,21018.333333333332,85.59666666666666,86.625,0.26666666666666666,532233.1833333333,10.845470748455623,304922.55,2021.3
76561198411775487,30,95.438,2863.14,32336.333333333332,88.35,84.41176470588235,0.5666666666666667,845703.6833333333,12.544895693063546,590512.0666666667,2017.5666666666666
76561198413767937,30,87.75033333333334,2632.51,32018.666666666668,86.04933333333334,85.22222222222223,0.6,825043.7833333333,12.299555124971153,555374.35,2021.1666666666667
76561198414097340,30,238.40733333333336,7152.22,29739.991666666665,84.99166666666666,83.29411764705883,0.5666666666666667,851400.4666666667,12.882536391088324,540240.7333333333,2019.6333333333334
76561198417236415,30,0.0,0.0,12116.333333333334,91.105,82.95454545454545,0.7333333333333333,518986.95,10.899168337042392,297956.93333333335,2006.2
76561198417579142,30,292.6023333333333,8778.07,23089.583,88.89566666666666,78.6,0.6666666666666666,388962.76666666666,12.141808912449052,285128.5,2017.3333333333333
76561198418235102,30,95.61066666666667,2868.32,24415.333333333332,86.01066666666667,80.33333333333333,0.3,717652.95,12.51886177313446,462809.88333333336,2018.8333333333333
76561198423335954,30,354.60166666666663,10638.05,28623.333333333332,85.11633333333333,80.8,0.5,265941.88333333336,11.423234571300503,188396.13333333333,2018.857142857143
76561198423405088,30,111.64166666666667,3349.25,30734.0,89.99333333333334,85.65,0.6666666666666666,963616.4333333333,13.153273491345335,641453.5333333333,2018.4
76561198424437575,30,201.037,6031.110000000001,19624.0,88.43066666666667,85.41176470588235,0.5666666666666667,820596.2,12.458133293779948,550171.9333333333,2018.7666666666667
76561198425842216,30,25.721999999999998,771.66,15276.666666666666,95.66000000000001,86.875,0.5333333333333333,195886.96666666667,10.928928747650962,167623.56666666668,2017.8333333333333
76561198427245183,30,230.48166666666665,6914.45,22389.666666666668,86.53533333333333,82.45,0.6666666666666666,586013.3333333334,11.55203236794734,320229.13333333336,2017.448275862069
76561198427383896,30,247.44500000000002,7423.35,18196.666666666668,88.39366666666666,82.84615384615384,0.43333333333333335,892985.4666666667,12.39658020988765,547243.1166666667,2016.4137931034484
76561198427779859,30,143.40366666666665,4302.11,21655.333333333332,86.595,83.21428571428571,0.4666666666666667,740721.8333333334,12.478428866189128,442322.6,2017.5
76561198428123404,30,66.62899999999999,1998.87,17189.916333333334,84.868,84.2,0.5,835910.0166666667,12.752589983745814,489411.8,2018.6
76561198429193409,30,447.13366666666667,13414.01,25373.249666666667,83.62866666666667,80.2,0.5,760810.4,12.40674778494848,455980.3,2017.1666666666667
76561198429606249,30,90.30933333333334,2709.28,24288.966666666667,88.98299999999999,81.76470588235294,0.5666666666666667,493200.06666666665,12.421077811855044,331902.9,2018.3333333333333
76561198432274758,30,151.72366666666667,4551.71,23063.299666666666,91.365,87.0,0.4666666666666667,664821.0,11.995236807716706,439468.45,2018.103448275862
76561198432337304,30,192.2853333333333,5768.5599999999995,22382.3,86.997,83.29411764705883,0.5666666666666667,698422.4666666667,11.975231626297303,432695.93333333335,2018.0714285714287
76561198433458297,30,243.15166666666667,7294.55,39452.333333333336,80.36833333333334,88.3529411764706,0.5666666666666667,878576.0,12.753581926875775,581869.8333333334,2019.6
76561198436639398,30,110.65100000000001,3319.53,22571.466666666667,87.13933333333333,81.14285714285714,0.4666666666666667,547343.7666666667,11.419654612628651,366425.9,2018.551724137931
76561198437664846,30,126.67233333333334,3800.17,24665.833166666667,88.21833333333333,82.9,0.6666666666666666,588486.8666666667,12.019198402626476,362990.9,2015.6
76561198438587738,30,235.40833333333333,7062.25,20896.666666666668,84.881,82.08333333333333,0.4,539969.0333333333,12.671539570609195,351257.3,2018.0
76561198439100835,30,164.79966666666667,4943.99,32732.633333333335,87.07300000000001,80.83333333333333,0.4,614287.6166666667,12.000231200573676,407667.43333333335,2020.0344827586207
76561198439220419,30,19.274333333333335,578.23,25402.033333333333,87.88366666666666,80.78571428571429,0.4666666666666667,577174.4166666666,11.765415794484499,346631.61666666664,2019.3103448275863
76561198439304389,30,269.05966666666666,8071.79,23735.5,83.653,80.70588235294117,0.5666666666666667,653171.5166666667,12.062760101276558,391713.75,2016.5
76561198442308189,30,203.41533333333334,6102.46,23818.266666666666,89.257,84.63636363636364,0.36666666666666664,944748.5333333333,12.998586419274192,654565.9666666667,2017.8666666666666
76561198447217647,30,116.60333333333332,3498.1,30637.999666666667,89.85300000000001,83.6086956521739,0.7666666666666667,264216.26666666666,11.867936586377498,201272.93333333332,2016.7241379310344
76561198448175035,30,605.3823333333333,18161.47,21466.333333333332,84.157,85.52941176470588,0.5666666666666667,729138.85,12.08078757645667,469722.75,2014.0714285714287
76561198448417314,30,80.74933333333334,2422.48,10841.333333333334,92.55266666666667,84.9,0.3333333333333333,278933.35,11.11580041082218,178032.78333333333,2016.5714285714287
76561198452163269,30,249.5836666666667,7487.51,27618.333333333332,85.57866666666668,87.25,0.5333333333333333,771553.6166666667,12.727800656480207,479283.73333333334,2019.7333333333333
76561198706984079,30,6.057333333333333,181.72,20142.666666666668,82.22250000000001,84.0,0.23333333333333334,472609.3,9.725953466247717,289695.98333333334,2021.4
76561198742491552,30,26.326,789.78,15475.833166666667,94.49066666666666,88.2,0.5,571275.15,11.633067403608777,346187.4166666667,2014.2
76561198752631782,30,0.0,0.0,11484.696333333333,81.313,75.11538461538461,0.8666666666666667,82816.25,9.15450474619442,63568.683333333334,2009.5172413793102
76561198757776931,30,17.37366666666667,521.21,8090.666666666667,87.20466666666667,80.11111111111111,0.3,577655.2833333333,11.056150385940377,362668.56666666665,2018.2
76561198763852134,30,42.245999999999995,1267.3799999999999,11861.333333333334,92.05166666666668,80.5,0.7333333333333333,835721.0166666667,12.18127848952456,581398.2,2010.3333333333333
76561198772090380,30,36.219,1086.57,24411.666666666668,89.69800000000001,85.57142857142857,0.4666666666666667,157246.85,10.672422020391139,137202.61666666667,2021.2666666666667
76561198772743620,30,0.0,0.0,12069.333333333334,79.92766666666667,75.38461538461539,0.43333333333333335,347201.38333333336,8.71273427443735,186014.53333333333,2016.75
76561198778416827,30,33.14366666666667,994.31,22313.966333333334,91.153,81.0909090909091,0.7333333333333333,204122.93333333332,11.262005734029733,160683.53333333333,2018.6666666666667
76561198792381604,30,25.268333333333334,758.0500000000001,11500.0,93.423,80.77777777777777,0.3,67097.38333333333,9.075076720695865,50528.3,2021.4
76561198796975770,30,295.39000000000004,8861.7,19198.333333333332,87.15033333333332,80.27272727272727,0.36666666666666664,802196.4166666666,12.664582214719882,498371.23333333334,2017.6
76561198797617660,30,29.411,882.33,26608.1,79.89733333333334,81.23076923076923,0.43333333333333335,366145.06666666665,11.758681556661154,256287.88333333333,2018.8
76561198798513564,30,0.0,0.0,14877.083,85.56533333333333,80.625,0.5333333333333333,773245.45,11.375984645449341,538660.7333333333,2014.0357142857142
76561198798566786,30,231.94133333333332,6958.24,23639.916333333334,86.72399999999999,81.53333333333333,0.5,815625.6333333333,12.728838299132075,509139.8333333333,2016.6666666666667
76561198801499715,30,0.0,0.0,19338.0,88.313,83.3529411764706,0.5666666666666667,755868.4333333333,11.885524389597423,513993.61666666664,2015.076923076923
76561198802237869,30,459.6436666666667,13789.310000000001,14565.966666666667,87.14166666666667,84.88888888888889,0.3,818615.7333333333,12.323946384691755,548137.8166666667,2017.7142857142858
76561198804601630,30,92.46866666666666,2774.06,17693.666666666668,88.04766666666666,80.71428571428571,0.4666666666666667,242119.65,11.295175222003529,183068.3,2017.6333333333334
76561198804680697,30,187.10233333333332,5613.07,23296.666666666668,87.467,82.28571428571429,0.4666666666666667,831687.5166666667,12.70564126948193,524677.5666666667,2016.5666666666666
76561198807749950,30,529.7423333333334,15892.27,21510.5,89.24,84.66666666666667,0.5,806815.8333333334,12.59436897568796,509498.93333333335,2016.4
76561198812864080,30,339.14933333333335,10174.48,24034.333333333332,87.08733333333333,85.2,0.6666666666666666,623718.4666666667,12.741563530025097,428696.76666666666,2017.0689655172414
76561198816134762,30,77.89066666666668,2336.7200000000003,16901.166666666668,84.08500000000001,84.33333333333333,0.5,781461.6333333333,11.979808061009248,502081.13333333336,2017.3793103448277
76561198816301919,30,73.87233333333333,2216.17,14831.966333333334,92.52600000000001,85.15384615384616,0.43333333333333335,389328.81666666665,12.039088375409714,321060.0,2019.4333333333334
76561198818769123,30,84.64966666666666,2539.49,12036.716666666667,82.61633333333333,82.42857142857143,0.23333333333333334,607492.0666666667,11.78157215625166,336910.81666666665,2019.4333333333334
76561198822653847,30,95.95233333333334,2878.57,20248.0,81.26633333333332,86.0,0.5,680574.9666666667,12.171239128655944,398547.3333333333,2019.4642857142858
76561198827623243,30,294.38666666666666,8831.6,25390.333333333332,88.24333333333334,84.64285714285714,0.4666666666666667,263549.55,11.205893202447085,167571.4,2020.2413793103449
76561198829174449,30,56.49966666666667,1694.99,19690.333,92.77433333333333,84.2,0.6666666666666666,238064.9,11.374062929065193,172484.45,2017.9310344827586
76561198831192918,30,390.0226666666667,11700.68,34710.666666666664,87.74566666666666,85.35,0.6666666666666666,668757.9,12.117648500285544,447833.86666666664,2017.1379310344828
76561198833276319,30,109.46933333333332,3284.08,22934.166666666668,87.55233333333334,78.61538461538461,0.43333333333333335,430397.6666666667,12.111305013893451,320070.18333333335,2018.1379310344828
76561198833867588,30,235.733,7071.99,32961.8325,87.84616666666666,85.07692307692308,0.43333333333333335,545840.6833333333,11.830325946698817,335500.7833333333,2019.3
76561198833987527,30,102.466,3073.98,34995.0,88.61666666666666,84.6842105263158,0.6333333333333333,338675.23333333334,11.95553522577573,248430.35,2020.7666666666667
76561198837284017,30,464.3433333333333,13930.3,28971.999666666667,84.36,85.53333333333333,0.5,791073.3,12.389637894098366,504689.5,2018.7241379310344
76561198837631318,30,205.10233333333332,6153.07,26269.666666666668,88.68066666666667,83.42857142857143,0.4666666666666667,680057.4333333333,12.083442135392453,424487.26666666666,2019.1666666666667
76561198838206590,30,158.11166666666668,4743.35,20616.666666666668,90.06433333333332,85.0,0.36666666666666664,696372.9666666667,12.046441920133995,449245.6,2018.7931034482758
76561198838823687,30,136.80433333333335,4104.13,16111.0,87.42266666666666,86.5,0.3333333333333333,687586.0833333334,11.925127151268992,429275.7833333333,2018.7333333333333
76561198839966280,30,0.0,0.0,17240.7,88.43933333333332,84.15,0.6666666666666666,574229.5333333333,11.413386393012546,369440.2,2013.0344827586207
76561198842146094,30,104.84866666666667,3145.46,26384.333333333332,84.909,82.78571428571429,0.4666666666666667,828140.0333333333,12.356760516612182,531664.0166666667,2019.037037037037
76561198843353774,30,80.19866666666667,2405.96,18454.666666666668,89.04433333333333,82.42857142857143,0.7,837998.3333333334,12.760754905358874,520623.25,2016.0344827586207
76561198843437563,30,14.048,421.44,16056.0,90.64699999999999,83.52380952380952,0.7,195981.65,10.936297270048454,123365.61666666667,2007.6333333333334
76561198843783506,30,0.0,0.0,13520.0,89.16466666666666,82.5,0.8,522879.23333333334,11.06603745531657,297699.4666666667,2006.7
76561198843790470,30,205.0656666666667,6151.97,23017.5,84.07133333333333,84.71428571428571,0.4666666666666667,1004381.1166666667,13.137311192098547,628131.2,2017.5333333333333
76561198844902387,30,549.8773333333334,16496.32,29320.0,80.02416666666666,82.16666666666667,0.4,787169.3,12.454456761098864,466360.55,2019.4
76561198845485546,30,43.37,1301.1,26022.642833333335,87.704,82.73684210526316,0.6333333333333333,312018.65,11.902698670085947,221742.33333333334,2019.0666666666666
76561198845632839,30,46.118,1383.54,29662.666333333334,86.97566666666667,80.625,0.5333333333333333,750363.2666666667,12.22232667241497,480926.11666666664,2018.448275862069
76561198845689870,30,23.983333333333334,719.5,22476.666666666668,85.61866666666667,79.625,0.5333333333333333,65914.5,9.801994757761475,51431.46666666667,2018.8666666666666
76561198845916760,30,0.0,0.0,19393.0,88.643,85.26666666666667,0.5,621179.1,11.338517905525153,414092.4666666667,2013.1666666666667
76561198846183374,30,58.09666666666667,1742.9,19238.325,84.28933333333333,85.76923076923077,0.43333333333333335,558018.6333333333,12.044728443517348,427582.36666666664,2019.8620689655172
76561198847297910,30,57.934666666666665,1738.04,18967.766666666666,89.86066666666667,81.18181818181819,0.36666666666666664,195089.11666666667,11.200230449621532,157013.91666666666,2021.6
76561198847593484,30,389.392,11681.76,32969.0,85.64566666666666,83.3529411764706,0.5666666666666667,622918.4333333333,12.05928111445136,423675.06666666665,2016.3214285714287
76561198847902117,30,124.57866666666668,3737.36,38415.96633333333,84.11833333333334,84.08333333333333,0.4,556996.7666666667,11.970280915118957,351089.06666666665,2020.3666666666666
76561198848316420,30,228.66400000000002,6859.92,36296.666666666664,84.3035,82.0,0.6666666666666666,347496.9,12.217619309653553,235990.15,2017.6
76561198851738367,30,198.4923333333333,5954.7699999999995,14480.1,87.68900000000001,83.44444444444444,0.3,551556.2666666667,11.022246755372986,354358.36666666664,2021.3333333333333
76561198852349730,30,0.0,0.0,9060.0,91.58666666666666,84.33333333333333,0.6,514021.2833333333,10.456701958157938,293383.6666666667,2005.3333333333333
76561198852781577,30,66.91933333333333,2007.58,34278.0,84.14699999999999,85.16666666666667,0.4,661475.7166666667,12.045912582206919,446866.76666666666,2020.2413793103449
76561198853165772,30,135.005,4050.1499999999996,26180.833333333332,79.7415,81.3,0.6666666666666666,237864.98333333334,11.026051487418767,157621.1,2018.25
76561198853188317,30,184.03833333333333,5521.15,20211.633333333335,91.27983333333333,86.33333333333333,0.4,770857.3833333333,12.446167156634857,521145.35,2016.9333333333334
76561198858486665,30,0.0,0.0,18507.333333333332,87.26299999999999,80.0625,0.5333333333333333,812213.65,11.572858972887355,555539.4166666666,2016.357142857143
76561198860104675,30,0.0,0.0,14369.666666666666,91.32600000000001,84.89473684210526,0.6333333333333333,166818.31666666668,11.060840919016693,124302.76666666666,2006.9
76561198862661273,30,132.11333333333334,3963.4,31253.333333333332,78.929,83.07692307692308,0.43333333333333335,339010.18333333335,11.888626553680817,206663.71666666667,2020.1379310344828
76561198865591103,30,54.69833333333334,1640.95,18630.0,92.23299999999999,84.57142857142857,0.7,613090.2666666667,11.982921204591383,390493.5,2015.4642857142858
76561198867608134,30,266.2316666666667,7986.95,36716.666666666664,89.366,85.55,0.6666666666666666,890311.2166666667,12.780121418291928,609017.55,2017.8666666666666
76561198868323862,30,96.787,2903.61,44492.666333333334,86.00933333333334,82.8,0.5,181073.35,11.244137481535196,150419.98333333334,2019.6333333333334
76561198869428936,30,122.53433333333334,3676.03,30068.333333333332,88.03233333333333,83.36842105263158,0.6333333333333333,308383.7833333333,12.034685805065115,196552.06666666668,2018.9655172413793
76561198870279063,30,71.45533333333333,2143.66,18713.066666666666,89.75133333333333,87.88888888888889,0.3,572471.75,11.94288208624552,362988.15,2019.0333333333333
76561198870768812,30,109.664,3289.92,32495.0,84.51233333333333,84.6470588235294,0.5666666666666667,540201.0833333334,12.10391762940667,406431.06666666665,2019.344827586207
76561198870946600,30,205.89566666666667,6176.87,18084.633333333335,89.98766666666667,86.0,0.5333333333333333,337408.7833333333,11.896626268703335,204872.13333333333,2018.6
76561198871046795,30,0.0,0.0,48383.333333333336,85.61383333333333,86.0909090909091,0.7333333333333333,263880.51666666666,11.442208511268154,203368.86666666667,2021.4
76561198871845380,30,143.57666666666668,4307.3,28121.166666666668,80.77766666666666,84.85714285714286,0.4666666666666667,426448.65,12.211171538037501,281890.3333333333,2018.7241379310344
76561198874472241,30,256.323,7689.69,13243.333333333334,89.06533333333333,79.38461538461539,0.43333333333333335,576174.9666666667,11.831884726900418,322861.23333333334,2017.1333333333334
76561198876451323,30,43.919666666666664,1317.59,19580.7,89.784,81.0,0.4666666666666667,175272.8,10.791265053762961,130670.56666666667,2016.5
76561198876615080,30,159.06066666666666,4771.82,20473.333333333332,92.7525,84.41176470588235,0.5666666666666667,424930.73333333334,12.380717948428064,329226.7833333333,2017.3793103448277
76561198880142983,30,172.87666666666667,5186.3,28839.666666666668,81.7195,81.35714285714286,0.4666666666666667,705147.7,12.188345791856015,452589.75,2019.2068965517242
76561198881008111,30,101.77066666666666,3053.12,20890.0,85.89266666666667,82.42857142857143,0.4666666666666667,699826.0666666667,11.692933077439104,478143.75,2018.1724137931035
76561198885046549,30,175.61266666666668,5268.38,31016.4,90.56566666666667,87.5,0.4,505923.8,12.57353564350181,369604.23333333334,2020.2333333333333
76561198887083618,30,33.961333333333336,1018.84,21868.333333333332,85.88366666666666,78.94444444444444,0.6,334554.3,11.818477173514351,240185.48333333334,2016.5172413793102
76561198887943085,30,498.9026666666667,14967.08,15591.666666666666,94.55733333333333,88.3,0.3333333333333333,238518.86666666667,10.763651953065688,152774.93333333332,2016.6666666666667
76561198888074333,30,62.736,1882.08,36175.0,87.25433333333334,87.73333333333333,0.5,391601.73333333334,11.840817036016611,299458.6666666667,2020.5862068965516
76561198900476414,30,132.47766666666666,3974.33,17353.333333333332,90.75866666666667,82.92307692307692,0.43333333333333335,645705.5333333333,12.181189875469652,433779.75,2017.4666666666667
76561198902671770,30,103.56866666666666,3107.06,19381.166666666668,88.49600000000001,85.0,0.36666666666666664,235067.8,11.480061498502957,163228.68333333332,2019.2
76561198906743730,30,104.01299999999999,3120.39,33401.666666666664,85.53866666666666,84.23529411764706,0.5666666666666667,763428.7,12.213049907408427,516190.8,2018.4827586206898
76561198907957525,30,51.675666666666665,1550.27,19193.066666666666,91.99116666666667,82.77777777777777,0.3,685649.8833333333,12.038405296187705,467615.65,2020.6
76561198908664868,30,386.61266666666666,11598.38,36347.666666666664,86.19966666666667,85.6086956521739,0.7666666666666667,222316.46666666667,11.65977510525149,181940.0,2018.3666666666666
76561198931909013,30,129.062,3871.86,21870.0,79.57566666666666,83.125,0.26666666666666666,349201.9,12.025942216882838,197998.75,2021.4137931034484
76561198937925146,30,151.029,4530.87,30901.666666666668,88.60466666666666,82.375,0.26666666666666666,106521.81666666667,10.009092263712978,88034.65,2019.1851851851852
76561198950687868,30,250.91333333333333,7527.4,27304.766666666666,77.07066666666667,81.75,0.4,418562.6,12.158155949449057,285012.23333333334,2019.9333333333334
76561198954743459,30,89.70533333333333,2691.16,25877.766666666666,87.46166666666666,82.5,0.3333333333333333,899197.0333333333,12.756317053329555,610973.2,2018.103448275862
76561198961057393,30,164.75033333333334,4942.51,26963.0,85.46233333333333,86.26315789473684,0.6333333333333333,922213.7833333333,12.582608337817346,594250.4,2018.0333333333333
76561198962774260,30,39.44233333333333,1183.27,17333.0,84.365,78.66666666666667,0.4,647718.5166666667,10.96592407014362,421508.4666666667,2017.9285714285713
76561198963902506,30,87.60533333333333,2628.16,11712.633333333333,82.214,78.91666666666667,0.4,840841.4,12.270537461121082,493938.56666666665,2018.5172413793102
76561198964730990,30,373.7376666666667,11212.130000000001,30737.666666666668,84.47266666666665,84.46666666666667,0.5,782767.4666666667,12.44693730739437,538203.1,2018.2666666666667
76561198966274908,30,154.55900000000003,4636.77,19897.966666666667,92.23133333333334,83.61111111111111,0.6,635051.6666666666,12.083260477752678,395444.1666666667,2017.2
76561198966998552,30,262.77866666666665,7883.36,28951.666666666668,84.40666666666667,86.8,0.3333333333333333,645271.85,12.034080404383698,427493.0,2019.0714285714287
76561198967733216,30,289.1453333333333,8674.36,25203.333333333332,88.46433333333333,84.3125,0.5333333333333333,839711.0,12.497258428577759,518482.3,2015.6785714285713
76561198968237390,30,74.81266666666667,2244.38,28082.666666666668,88.64466666666667,87.4090909090909,0.7333333333333333,284299.38333333336,11.991586933153433,213797.06666666668,2017.4642857142858
76561198972795993,30,95.657,2869.71,24649.666666666668,89.568,82.63636363636364,0.36666666666666664,532557.2666666667,11.617009268558919,338953.13333333336,2017.1923076923076
76561198974123949,30,60.38533333333333,1811.56,23016.1,87.62216666666667,80.0625,0.5333333333333333,684148.4333333333,12.249595364505987,439868.61666666664,2019.0666666666666
76561198974989829,30,126.61633333333334,3798.4900000000002,41616.333333333336,83.99966666666667,86.88235294117646,0.5666666666666667,656800.9,12.066973103723402,404069.6,2020.1333333333334
76561198975067132,30,118.253,3547.59,14185.666666666666,90.59333333333333,86.10526315789474,0.6333333333333333,680067.8666666667,11.710464398536008,421775.3333333333,2013.0
76561198975990427,30,86.47433333333333,2594.23,26897.966666666667,89.23066666666666,85.66666666666667,0.6,378433.01666666666,11.997113037855296,266980.4,2018.8
76561198976541186,30,18.98,569.4,18273.0,95.36033333333333,85.53333333333333,0.5,197868.88333333333,11.017126690537706,168648.25,2019.1851851851852
76561198976557185,30,265.72766666666666,7971.83,18687.633333333335,88.20866666666666,83.5,0.4666666666666667,886942.7666666667,12.752217291795294,621466.4,2016.6333333333334
76561198981659881,30,119.525,3585.75,29101.666666666668,83.508,83.66666666666667,0.4,610092.1333333333,12.468632910823207,433559.0,2019.4
76561198982027831,30,140.175,4205.25,17333.666666666668,86.19666666666667,84.16666666666667,0.4,926145.9333333333,12.836705451424182,586949.9333333333,2017.9655172413793
76561198984355584,30,190.67733333333334,5720.32,38205.0,88.60333333333332,86.75,0.6666666666666666,506904.4,12.690177157666888,347786.0,2019.6666666666667
76561198985222961,30,130.29666666666668,3908.9,23046.666666666668,88.64200000000001,85.8,0.5,836075.8333333334,12.682642858127874,509326.5,2018.5666666666666
76561198986771778,30,50.14433333333333,1504.33,35470.99966666666,84.97666666666667,83.125,0.5333333333333333,579116.2666666667,11.957710652981573,379072.1666666667,2017.9333333333334
76561198986772742,30,96.36333333333333,2890.9,23713.766166666665,87.37666666666668,83.14285714285714,0.4666666666666667,319575.86666666664,11.864587120268,268840.13333333336,2020.357142857143
76561198988021642,30,39.08633333333333,1172.59,17517.3,88.16233333333334,84.44444444444444,0.3,649169.55,11.51067228722236,447733.05,2018.4666666666667
76561198989511606,30,52.872,1586.16,23114.966666666667,89.66533333333334,84.18181818181819,0.7333333333333333,582939.1333333333,11.995998358756518,350680.6,2016.7
76561198992122481,30,40.61866666666666,1218.56,13148.5,86.00533333333333,84.0,0.43333333333333335,784639.0333333333,12.035886780989575,472940.7,2014.5357142857142
76561198993588247,30,84.34266666666667,2530.28,27519.158333333333,87.83866666666667,83.45454545454545,0.36666666666666664,808052.2333333333,12.69175751076415,549524.5,2018.2333333333333
76561198993810829,30,0.0,0.0,12919.0,92.59766666666665,82.45,0.6666666666666666,292714.75,11.089869802517855,204107.05,2012.2
76561198995117447,30,298.64233333333334,8959.27,25720.583,87.91166666666666,84.6,0.5,405021.1,12.16558133257359,328332.48333333334,2017.9666666666667
76561198995486953,30,17.679,530.37,19515.7,90.44466666666668,80.76923076923077,0.43333333333333335,603642.95,11.5747322201498,382161.93333333335,2018.7666666666667
76561198999705859,30,100.84266666666667,3025.28,20228.966666666667,86.91866666666667,83.0625,0.5333333333333333,761582.0666666667,12.593648918135829,465925.8,2016.9333333333334
76561199002493106,30,102.37933333333334,3071.38,18810.666666666668,91.64699999999999,83.36842105263158,0.6333333333333333,318981.26666666666,11.891875170176746,250594.46666666667,2015.0344827586207
76561199003329860,30,125.881,3776.43,22608.0,74.17800000000001,85.9,0.3333333333333333,774749.2,12.333832861386803,496387.85,2019.4
76561199003463982,30,0.0,0.0,9132.666666666666,88.94333333333334,82.18181818181819,0.7333333333333333,145564.45,10.127943928071197,116767.56666666667,2004.9666666666667
76561199003732668,30,46.678,1400.34,25482.666666666668,89.88166666666666,82.47619047619048,0.7,208429.26666666666,11.181146590744643,180556.23333333334,2017.2068965517242
76561199006086136,30,37.37433333333333,1121.23,21161.333333333332,87.62666666666665,78.66666666666667,0.4,511511.95,11.422849294559324,304365.65,2017.6896551724137
76561199008988100,30,97.32333333333334,2919.7000000000003,11266.0,92.90133333333333,88.08333333333333,0.4,625229.4333333333,11.646413877749941,381695.68333333335,2014.2666666666667
76561199010475789,30,72.11733333333333,2163.52,13977.333333333334,88.96266666666666,79.94736842105263,0.6333333333333333,551062.3166666667,10.945958191656304,351134.4,2013.72
76561199010548373,30,67.027,2010.81,16704.633333333335,91.31133333333334,87.0,0.5666666666666667,655637.95,12.197677194267147,391487.3333333333,2017.9
76561199011315469,30,97.99333333333333,2939.7999999999997,15658.8,90.27399999999999,80.15384615384616,0.43333333333333335,442529.8333333333,12.035482404986906,352651.26666666666,2018.3103448275863
76561199013537219,30,544.971,16349.13,18692.833166666667,89.076,86.5,0.5333333333333333,764957.6833333333,12.256452673716714,491390.9666666667,2017.857142857143
76561199015330455,30,69.27066666666666,2078.12,22633.5,84.60733333333333,86.28571428571429,0.4666666666666667,798363.4,12.695049201537248,467587.73333333334,2019.0
76561199016522989,30,297.91866666666664,8937.56,34460.066666666666,89.40466666666666,86.25,0.4,689069.7,12.38866569000533,463305.4,2019.2758620689656
76561199016903214,30,0.0,0.0,18512.0,91.69966666666666,84.76,0.8333333333333334,291926.6,11.78756871341295,233461.9,2012.4333333333334
76561199017224533,30,82.77733333333335,2483.32,30875.666666666668,82.37633333333333,87.21428571428571,0.4666666666666667,498102.93333333335,11.344974967356517,281444.56666666665,2019.4285714285713
76561199017665090,30,140.053,4201.59,20040.0,89.63166666666666,88.05882352941177,0.5666666666666667,1035542.4833333333,13.136167291344874,686314.3,2014.9655172413793
76561199019851662,30,51.42366666666667,1542.71,26243.166333333334,83.95533333333333,83.76923076923077,0.43333333333333335,717247.1333333333,12.392314490169221,442653.43333333335,2017.5333333333333
76561199021482467,30,125.29533333333333,3758.86,19754.216333333334,89.94833333333332,83.93333333333334,0.5,809355.6666666666,12.713292939220134,517904.26666666666,2017.1666666666667
76561199023588691,30,168.719,5061.57,13246.249666666667,88.97633333333333,83.0,0.3333333333333333,706392.35,12.162002712839673,406478.2833333333,2016.7
76561199024416168,30,117.34966666666668,3520.4900000000002,22026.333333333332,91.24533333333333,86.6875,0.5333333333333333,763325.1833333333,12.445797487986432,478863.11666666664,2017.8333333333333
76561199025426416,30,95.262,2857.86,20482.833333333332,86.791,82.75,0.4,689850.9666666667,12.144838224189973,469607.06666666665,2019.5333333333333
76561199028361033,30,70.71433333333333,2121.43,19904.266666666666,86.96733333333333,82.16666666666667,0.4,674326.1666666666,12.045987361573331,437427.36666666664,2018.5862068965516
76561199028905855,30,18.183333333333334,545.5,41692.499833333335,82.95866666666667,84.0,0.43333333333333335,699028.5666666667,12.14743896085697,432785.25,2019.5
76561199031051001,30,177.736,5332.08,38224.63333333333,88.08333333333333,86.84210526315789,0.6333333333333333,388963.9,12.457314654799067,291795.9666666667,2019.896551724138
76561199032352779,30,208.30366666666666,6249.11,22977.966666666667,85.31166666666667,81.61538461538461,0.43333333333333335,710819.2,12.53926998060728,422537.06666666665,2019.1
76561199032380262,30,156.88500000000002,4706.55,22625.666666666668,88.70633333333333,85.21052631578948,0.6333333333333333,701617.6833333333,11.790627106111799,459516.88333333336,2016.1666666666667
76561199034135760,30,0.0,0.0,16766.666666666668,91.786,83.1304347826087,0.7666666666666667,350563.9166666667,12.006140575325968,289780.3,2010.8
76561199034190035,30,72.23366666666668,2167.01,17498.733,91.97416666666666,83.0909090909091,0.36666666666666664,210891.55,11.485663413427234,162265.96666666667,2019.0689655172414
76561199034795612,30,30.304333333333332,909.13,16430.0,91.164,86.46666666666667,0.5,208348.95,11.172399768134419,156365.85,2014.6333333333334
76561199035465216,30,0.0,0.0,17735.666666666668,89.46533333333333,85.5,1.0,93310.23333333334,10.245085330228527,72307.95,2009.7931034482758
76561199035689662,30,37.549,1126.47,12025.0,84.25166666666668,76.5,0.3333333333333333,158995.73333333334,10.386857783316588,116749.05,2020.0344827586207
76561199037612036,30,242.4826666666667,7274.4800000000005,26851.8,83.60266666666666,81.4375,0.5333333333333333,528174.7666666667,11.400478651566168,345981.5333333333,2020.896551724138
76561199039143583,30,338.228,10146.84,7850.0,93.76833333333335,86.22222222222223,0.3,571529.0,11.660128428752898,328107.4666666667,2015.103448275862
76561199040500135,30,0.0,0.0,17596.7,86.16233333333334,81.15,0.6666666666666666,596848.0333333333,11.183993554169264,386668.76666666666,2011.9655172413793
76561199041231560,30,47.06666666666667,1412.0,26109.433333333334,87.135,83.14285714285714,0.23333333333333334,683461.2166666667,11.905685393078183,461058.73333333334,2020.8275862068965
76561199042135432,30,235.17999999999998,7055.4,16242.366666666667,87.655,86.8125,0.5333333333333333,912165.4333333333,12.795691525239805,517922.73333333334,2014.1
76561199044097396,30,61.373333333333335,1841.2,25062.166666666668,82.37333333333332,82.5625,0.5333333333333333,733088.0,12.142864576060125,463451.56666666665,2018.8333333333333
76561199044103584,30,0.0,0.0,23941.3,89.74333333333334,83.85714285714286,0.4666666666666667,322748.8333333333,11.670870301814073,262321.8,2016.7333333333333
76561199049721392,30,90.62433333333334,2718.73,21991.666666666668,82.83333333333333,83.8,0.3333333333333333,744411.7666666667,12.225632071330496,474342.1,2018.7666666666667
76561199049965144,30,22.741333333333333,682.24,14173.133333333333,90.30533333333332,78.0,0.26666666666666666,152599.23333333334,10.294834100991036,123014.86666666667,2019.9666666666667
76561199050075632,30,230.28533333333334,6908.56,30404.733166666665,79.807,82.85714285714286,0.4666666666666667,461905.13333333336,12.60171143332784,318066.4,2020.1666666666667
76561199051043192,30,111.06833333333333,3332.0499999999997,11321.991666666667,84.337,82.66666666666667,0.2,710195.9,11.978847225391286,446699.76666666666,2020.9666666666667
76561199056252159,30,136.26566666666665,4087.97,17292.0,86.079,85.33333333333333,0.3,671321.4,11.623022803493898,397837.5833333333,2020.0
76561199056820731,30,174.77700000000002,5243.31,18716.333333333332,90.38733333333333,88.64285714285714,0.4666666666666667,697954.55,12.323238035477313,476301.35,2018.5
76561199057510412,30,39.78333333333333,1193.5,19690.0,86.90466666666666,82.0625,0.5333333333333333,492747.76666666666,11.27910681715008,290690.4166666667,2020.6896551724137
76561199058171615,30,313.51866666666666,9405.56,22890.666666666668,91.407,86.76923076923077,0.43333333333333335,441850.3,12.129137585048829,329291.01666666666,2018.5666666666666
76561199058351895,30,331.3456666666667,9940.37,14612.3,86.35533333333333,85.85714285714286,0.4666666666666667,387313.55,11.792980295688857,244414.1,2018.0
76561199059594777,30,0.0,0.0,18783.333333333332,93.31233333333333,87.65,0.6666666666666666,392092.2833333333,11.894170685336828,287905.0333333333,2011.607142857143
76561199059767033,30,107.50866666666667,3225.26,31328.999666666667,82.11233333333332,79.4,0.3333333333333333,316570.86666666664,11.556983605092675,234139.2,2022.0344827586207
76561199061202498,30,114.49233333333333,3434.77,33649.666666666664,84.994,84.2,0.5,718761.4166666666,12.28000560697164,458833.2833333333,2020.0666666666666
76561199061428348,30,67.12333333333333,2013.7,28275.3,85.756,85.41666666666667,0.4,758382.0,12.393169287525382,450010.76666666666,2018.8333333333333
76561199062295989,30,0.0,0.0,17358.333333333332,86.72250000000001,80.92307692307692,0.43333333333333335,682895.9333333333,11.672495398781775,476851.26666666666,2014.8666666666666
76561199062711136,30,0.0,0.0,10407.0,91.51966666666667,85.0,0.7,184168.7,10.519002308859022,115894.93333333333,2004.9
76561199064718165,30,105.941,3178.23,21349.633333333335,85.628,84.6875,0.5333333333333333,515815.8333333333,12.446228815139099,345417.6,2018.3793103448277
76561199065212767,30,74.61966666666667,2238.59,13265.932999999999,85.932,81.81818181818181,0.36666666666666664,778073.3166666667,12.500336165899848,475600.5,2018.3666666666666
76561199068146505,30,219.38533333333334,6581.56,19285.666666666668,89.27133333333333,85.70588235294117,0.5666666666666667,629102.4166666666,11.959322449266352,420951.8,2011.6666666666667
76561199070380893,30,140.56733333333335,4217.02,19578.666666666668,87.909,84.23529411764706,0.5666666666666667,484253.73333333334,12.196831262892163,324074.0,2019.1333333333334
76561199071386893,30,187.3203333333333,5619.61,18407.7,87.08833333333334,78.77777777777777,0.3,740552.1333333333,11.978633007067831,480900.61666666664,2019.5
76561199071636074,30,227.85733333333332,6835.719999999999,26279.266666666666,80.58833333333334,84.61538461538461,0.43333333333333335,841838.9666666667,12.595626633315923,543362.3,2020.1724137931035
76561199071908460,30,28.826,864.78,15787.5,87.393,81.25,0.4,496736.6,10.748559168829006,304629.95,2015.103448275862
76561199073816082,30,101.49833333333332,3044.95,11394.666666666666,86.97633333333333,87.11764705882354,0.5666666666666667,537992.7666666667,12.262419632020487,335660.36666666664,2015.6896551724137
76561199076389886,30,98.63133333333333,2958.94,39394.0,83.43933333333332,86.92857142857143,0.4666666666666667,740091.4,12.471729451152246,509775.76666666666,2020.2
76561199080519974,30,122.89066666666666,3686.72,20346.666666666668,88.80966666666667,83.2,0.5,671961.6333333333,11.871778022484012,441062.6666666667,2017.2333333333333
76561199080871410,30,0.0,0.0,17075.166666666668,84.89233333333333,81.4,0.5,618615.5333333333,10.593750366494726,418012.31666666665,2012.9
76561199080918647,30,33.157666666666664,994.73,12864.666666666666,85.32216666666666,82.57142857142857,0.23333333333333334,658320.25,11.796105941212385,390957.4166666667,2018.0333333333333
76561199081710235,30,125.02033333333334,3750.61,27945.0,90.59966666666666,87.25,0.6666666666666666,728291.7333333333,12.577954196634062,486032.4,2017.7333333333333
76561199082377284,30,238.64833333333334,7159.45,32033.0,85.35733333333333,81.9375,0.5333333333333333,703499.05,11.9699024785782,450868.4166666667,2017.7931034482758
76561199082847964,30,110.04666666666667,3301.4,24551.999666666667,84.19133333333335,86.0,0.4666666666666667,833768.8,12.563753631034702,504566.75,2019.4827586206898
76561199083912200,30,224.22666666666666,6726.8,23510.0,87.24533333333333,84.0,0.6333333333333333,792226.6833333333,12.389641458520373,522368.6666666667,2016.5555555555557
76561199085212273,30,63.28433333333333,1898.53,28684.632999999998,87.00433333333334,84.55555555555556,0.6,622066.5833333334,11.743488736884531,418713.56666666665,2017.6666666666667
76561199085366031,30,0.0,0.0,16961.033166666668,92.03999999999999,81.88888888888889,0.6,441815.4,11.935023711805831,365459.13333333336,2012.5172413793102
76561199085433040,30,283.22933333333333,8496.88,34448.5,82.57400000000001,83.1875,0.5333333333333333,375099.0,12.074266212461655,256927.2,2019.0
76561199086185329,30,0.0,0.0,17148.833333333332,91.68366666666667,84.52380952380952,0.7,636167.5333333333,12.065374319133246,426176.95,2011.0333333333333
76561199086355854,30,0.0,0.0,22893.0,89.52133333333333,80.625,0.8,367838.56666666665,11.699151468639492,295039.3333333333,2014.3666666666666
76561199086769864,30,192.10933333333332,5763.28,17147.966666666667,87.65100000000001,80.78571428571429,0.4666666666666667,618688.8333333334,11.692577224092172,380784.06666666665,2016.2666666666667
76561199087372221,30,261.733,7851.99,15076.166666666666,77.02333333333333,82.5,0.2,534674.3166666667,9.29835742122839,268146.4166666667,2018.4444444444443
76561199096657132,30,0.0,0.0,13871.666666666666,90.827,83.0,0.7666666666666667,194203.43333333332,10.687856221001844,161132.83333333334,2008.8
76561199097156418,30,55.241,1657.23,19284.333333333332,88.14766666666667,83.07142857142857,0.4666666666666667,824516.8333333334,12.497028774586699,523905.36666666664,2017.0333333333333
76561199097247135,30,46.40533333333334,1392.16,22200.633333333335,88.309,82.5,0.2,272076.4,11.703680959211777,208292.48333333334,2022.0666666666666
76561199097271657,30,77.37466666666667,2321.2400000000002,19143.333333333332,88.06366666666666,83.76470588235294,0.5666666666666667,341601.8333333333,11.627260621206013,254424.86666666667,2017.6
76561199103998320,30,411.41533333333336,12342.460000000001,28762.5,82.79133333333333,79.5625,0.5333333333333333,747878.4666666667,12.362335772525835,468095.2166666667,2017.8333333333333
76561199104391040,30,138.593,4157.79,8175.666333333333,88.32933333333334,82.36363636363636,0.36666666666666664,561750.0166666667,10.649877880164265,320087.18333333335,2016.7857142857142
76561199104812024,30,48.031,1440.93,24304.333,89.16933333333333,84.375,0.5333333333333333,653415.2,12.247483340169124,424490.0333333333,2017.2758620689656
76561199105469404,30,17.586333333333336,527.59,16220.099666666667,88.244,78.16666666666667,0.4,604373.8833333333,11.656257420831762,362792.5833333333,2015.1724137931035
76561199108308292,30,60.089666666666666,1802.69,17445.758333333335,90.37766666666667,83.72727272727273,0.36666666666666664,617507.7,12.070788356034909,406703.6666666667,2017.0666666666666
76561199111379022,30,149.06033333333335,4471.81,15896.583,93.72,84.35714285714286,0.4666666666666667,776340.5333333333,12.282543248368489,547611.1333333333,2018.2666666666667
76561199113407300,30,106.64633333333333,3199.39,28729.666666666668,87.21533333333333,86.1875,0.5333333333333333,706747.7666666667,12.523817014606752,432488.36666666664,2014.2333333333333
76561199114607305,30,89.49966666666666,2684.99,19714.866666666665,83.79549999999999,79.22222222222223,0.3,317399.51666666666,11.53048014329288,241158.86666666667,2019.8620689655172
76561199116914150,30,149.27599999999998,4478.28,24757.966666666667,86.79566666666666,83.6,0.5,757799.5833333334,12.249089278526178,500178.5333333333,2016.896551724138
76561199120414873,30,511.363,15340.89,19474.666666666668,87.37233333333333,80.75,0.4,608758.3666666667,11.778511693497629,378736.0833333333,2018.5666666666666
76561199120639628,30,161.15433333333334,4834.63,29175.666666666668,76.28733333333334,81.3076923076923,0.43333333333333335,325435.88333333336,11.919027971261892,217923.8,2020.6333333333334
76561199121565961,30,89.87633333333333,2696.29,25795.333166666667,85.79166666666667,84.47058823529412,0.5666666666666667,671124.0166666667,12.46323842828685,391942.73333333334,2018.5333333333333
76561199122736062,30,47.022666666666666,1410.68,21050.0,89.10933333333334,85.26666666666667,0.5,653180.35,11.604234264516766,418744.6,2020.7931034482758
76561199122977950,30,328.764,9862.92,30756.666666666668,85.738,84.61111111111111,0.6,708608.3666666667,12.341659770407801,423833.1666666667,2018.2333333333333
76561199124943008,30,57.19466666666666,1715.84,16685.36633333333,91.11066666666667,83.08333333333333,0.4,366608.2,12.080540069918642,290285.6666666667,2017.9
76561199126132515,30,0.0,0.0,20252.583,89.23966666666666,84.0,0.7,483715.86666666664,12.034025157416568,356984.85,2012.3103448275863
76561199126787166,30,156.61499999999998,4698.45,14102.633333333333,90.41000000000001,83.28571428571429,0.23333333333333334,695864.7333333333,12.004649375831065,437614.93333333335,2019.5862068965516
76561199132474887,30,0.0,0.0,24840.833333333332,90.47833333333332,83.72222222222223,0.6,444913.15,12.19201715411777,370988.4166666667,2014.8
76561199133897762,30,70.19233333333334,2105.77,21979.3,88.18966666666667,85.66666666666667,0.5,895163.2666666667,12.723934301324102,602040.0333333333,2016.6
76561199135584637,30,0.0,0.0,17084.666666666668,90.97566666666667,79.78260869565217,0.7666666666666667,321288.4666666667,11.908232569025664,251156.0,2012.9
76561199135781565,30,53.844,1615.32,13560.0,86.78,83.875,0.26666666666666666,652193.5,11.23938711714363,379539.23333333334,2015.2333333333333
76561199136746247,30,322.27733333333333,9668.32,18861.3,92.08366666666666,85.16666666666667,0.4,331265.06666666665,11.576767527814914,210689.21666666667,2018.3666666666666
76561199136855449,30,219.36533333333333,6580.96,25241.333333333332,85.50566666666667,86.42857142857143,0.4666666666666667,782254.3,12.39932592202902,515657.65,2019.4
76561199138247965,30,94.90733333333333,2847.22,20602.633333333335,92.53183333333332,86.5625,0.5333333333333333,687862.7333333333,12.232758353742582,424265.5833333333,2015.8620689655172
76561199138513253,30,71.57033333333334,2147.11,23536.45966666667,83.76700000000001,81.55555555555556,0.3,522077.15,11.61349892365986,316163.7166666667,2020.6666666666667
76561199140016913,30,45.906,1377.18,28046.0,89.51233333333333,81.86666666666666,0.5,598755.6,11.803703586035228,399500.23333333334,2017.1379310344828
76561199141759033,30,44.10433333333334,1323.13,14849.866666666667,83.53666666666666,80.57142857142857,0.23333333333333334,489071.4666666667,11.030107580723515,267448.05,2017.88
76561199142951886,30,102.30099999999999,3069.0299999999997,37321.666666666664,85.35033333333332,82.23076923076923,0.43333333333333335,764179.2,12.205138775458424,530893.9833333333,2019.5666666666666
76561199142956823,30,30.30233333333333,909.0699999999999,17195.833333333332,82.50066666666666,79.5,0.26666666666666666,457665.0833333333,10.295944795436133,267870.75,2013.421052631579
76561199143159259,30,44.160666666666664,1324.82,17869.733,88.029,88.0909090909091,0.36666666666666664,637001.1,11.415469685835578,390607.3333333333,2018.3461538461538
76561199143328855,30,107.70700000000001,3231.21,20110.0,84.39066666666666,74.54545454545455,0.36666666666666664,722866.3,12.254918388109848,447623.3333333333,2017.448275862069
76561199145933358,30,35.628,1068.84,21762.99983333333,86.48433333333332,88.36363636363636,0.36666666666666664,641970.1,12.071173443463595,369241.0833333333,2018.142857142857
76561199148191143,30,66.023,1980.69,28024.4,83.26733333333333,82.625,0.26666666666666666,358366.2,11.746619764942341,303739.7833333333,2020.0
76561199148448392,30,29.400666666666666,882.02,23926.666666666668,85.946,83.17647058823529,0.5666666666666667,187816.41666666666,11.316217069781242,143430.46666666667,2019.5
76561199148775972,30,42.687999999999995,1280.6399999999999,23772.333166666667,91.25766666666667,81.7,0.6666666666666666,123839.76666666666,10.444769255852025,98302.43333333333,2019.6666666666667
76561199149640219,30,109.22833333333332,3276.85,4920.0,82.038,79.75,0.13333333333333333,496588.1666666667,9.389529527129804,310152.9,2017.6333333333334
76561199150096251,30,107.40133333333333,3222.04,20112.166666666668,83.416,85.125,0.26666666666666666,785422.9,12.424309162529198,493591.7,2019.5
76561199153422953,30,8.166,244.98,12271.666666666666,89.78999999999999,83.52631578947368,0.6333333333333333,672029.85,11.733512161467484,358575.01666666666,2014.2666666666667
76561199154157581,30,52.88166666666667,1586.45,12149.691666666668,88.28500000000001,86.63636363636364,0.36666666666666664,694042.6,11.912853562290932,449856.43333333335,2018.896551724138
76561199156024770,30,270.25666666666666,8107.7,14827.966666666667,91.2125,84.44444444444444,0.3,369446.6,11.35594638246314,287702.3,2019.3666666666666
76561199159246290,30,108.15966666666667,3244.79,34398.333333333336,84.68533333333333,84.28571428571429,0.7,353004.63333333336,11.872654857652833,258320.25,2019.8620689655172
76561199159754169,30,42.736666666666665,1282.1,15180.833333333334,83.521,86.1,0.3333333333333333,727948.7666666667,11.639214010256731,439298.51666666666,2019.1851851851852
76561199160326290,30,111.537,3346.11,25953.0,88.02533333333332,83.16666666666667,0.4,775482.7333333333,12.43468792418299,533700.2333333333,2018.9
76561199160469265,30,49.97,1499.1,23525.0,87.42333333333333,78.83333333333333,0.4,86849.01666666666,10.12182930596774,67554.8,2016.7391304347825
76561199161773396,30,169.17466666666667,5075.24,25420.0,88.87433333333334,82.73684210526316,0.6333333333333333,782100.5333333333,12.342969680391162,482174.56666666665,2017.1724137931035
76561199162150157,30,106.18766666666667,3185.63,22080.3,91.00433333333334,86.35714285714286,0.4666666666666667,668798.9166666666,12.369860188480171,400828.4166666667,2019.8620689655172
76561199163724629,30,93.19766666666668,2795.9300000000003,18777.633333333335,92.09166666666667,84.6,0.3333333333333333,614012.6666666666,11.565082959178794,404803.1666666667,2017.4666666666667
76561199163970610,30,62.87,1886.1,14184.966666666667,92.12333333333332,81.0,0.26666666666666666,748567.6,12.713798062107408,490368.43333333335,2017.9333333333334
76561199166182764,30,30.015666666666668,900.47,12090.666666666666,81.376,83.6,0.3333333333333333,264238.86666666664,11.1364726790495,176194.98333333334,2021.9
76561199167276604,30,36.20666666666667,1086.2,14591.666666666666,88.843,85.0,0.3333333333333333,641849.9333333333,11.704772719425165,397161.98333333334,2018.9333333333334
76561199170689400,30,117.384,3521.52,23206.433333333334,86.89633333333333,82.7,0.3333333333333333,186682.55,11.11388487649631,127583.4,2020.1
76561199171022045,30,75.25,2257.5,23472.3,85.74199999999999,78.9090909090909,0.36666666666666664,631725.55,11.624324795097992,421304.06666666665,2020.5333333333333
76561199172855668,30,249.478,7484.34,8537.966666666667,86.12766666666667,83.53846153846153,0.43333333333333335,774273.55,12.02290489491486,420028.86666666664,2015.0344827586207
76561199175895006,30,71.47866666666667,2144.36,11824.166666666666,85.49466666666667,84.33333333333333,0.3,771835.6,12.210963767027652,431870.9,2019.4137931034484
76561199176943260,30,373.15933333333334,11194.78,15039.666666666666,80.91566666666667,89.0,0.4,755916.6833333333,12.292054390738997,436277.2,2019.7241379310344
76561199177263814,30,48.23666666666667,1447.1000000000001,15118.133333333333,89.15666666666667,86.28571428571429,0.4666666666666667,884679.1833333333,12.781942132546302,600886.3666666667,2015.9333333333334
76561199177394627,30,50.260666666666665,1507.82,19167.333333333332,90.326,81.35,0.6666666666666666,257856.85,10.893017741693345,200493.21666666667,2014.6896551724137
76561199177732895,30,48.21633333333333,1446.49,28276.633333333335,87.03133333333334,86.875,0.26666666666666666,798280.2666666667,12.54810308519442,523838.13333333336,2020.0666666666666
76561199177743352,30,85.90266666666666,2577.08,23366.666666666668,89.152,81.6923076923077,0.43333333333333335,905855.9833333333,12.909190332226151,635652.2666666667,2017.1333333333334
76561199177799021,30,100.752,3022.56,14836.766666666666,93.12866666666667,83.125,0.26666666666666666,331744.68333333335,11.844016409296934,264156.9,2018.1666666666667
76561199177910149,30,9.836333333333332,295.09,16377.333333333334,94.08733333333333,82.41176470588235,0.5666666666666667,215161.18333333332,10.900460671958228,179046.91666666666,2018.9333333333334
76561199178946434,30,104.01500000000001,3120.4500000000003,20340.333333333332,90.87233333333333,83.0,0.5333333333333333,776222.7,12.244479272624362,502833.88333333336,2017.5
76561199178978453,30,0.0,0.0,23776.0,91.57666666666667,84.1923076923077,0.8666666666666667,347233.5333333333,11.804892542784078,294572.1,2016.0333333333333
76561199181453644,30,300.019,9000.57,29281.333333333332,80.45233333333334,84.71428571428571,0.4666666666666667,1020741.4166666666,12.863030207504732,538300.9666666667,2017.4827586206898
76561199182477254,30,30.849,925.47,24606.333333333332,92.71966666666667,85.0,0.6,761021.35,12.49236175634631,508327.86666666664,2017.448275862069
76561199183568045,30,22.63533333333333,679.06,24950.0,89.622,87.41666666666667,0.4,439498.48333333334,12.401241660218927,289725.75,2018.5666666666666
76561199185923126,30,17.947,538.41,23402.657666666666,90.756,83.21428571428571,0.4666666666666667,91942.46666666666,10.844261052053763,70048.88333333333,2022.103448275862
76561199185957759,30,324.5726666666667,9737.18,32140.0,92.79233333333333,84.95833333333333,0.8,487096.9166666667,12.733508865604364,392472.1,2018.0666666666666
76561199186500350,30,176.79866666666666,5303.96,22600.133333333335,81.95033333333332,81.625,0.26666666666666666,559159.7666666667,12.500202570255315,360272.36666666664,2020.3103448275863
76561199186714151,30,152.86499999999998,4585.95,20337.466666666667,83.86133333333333,82.375,0.26666666666666666,791373.4333333333,12.445849255058885,494975.1666666667,2018.8333333333333
76561199190983452,30,136.06533333333334,4081.96,25390.966666666667,85.94466666666668,84.25,0.4,747058.6666666666,12.395669142565334,457157.6,2019.6
76561199192245348,30,29.733333333333334,892.0,21463.333333333332,93.345,85.26666666666667,0.5,317195.73333333334,11.461796979014364,254435.9,2018.3666666666666
76561199194402331,30,40.832,1224.96,22258.333333333332,86.64416666666666,82.0,0.26666666666666666,669250.8166666667,11.254898429590309,429862.2,2020.551724137931
76561199195416934,30,81.69366666666666,2450.81,21832.099833333334,84.27166666666668,82.28571428571429,0.23333333333333334,512419.2,12.194053092507398,362384.05,2020.655172413793
76561199195958449,30,43.220666666666666,1296.62,33671.0,85.49333333333334,85.75,0.4,717217.8,12.224284681046374,489838.81666666665,2019.9666666666667
76561199196035407,30,254.12,7623.6,33947.666,89.73533333333333,84.91666666666667,0.8,286162.26666666666,11.792450232491174,220881.9,2017.8
76561199199012410,30,94.627,2838.81,19176.833166666667,85.88533333333334,81.9047619047619,0.7,191957.51666666666,11.48517987605358,140123.83333333334,2015.6896551724137
76561199200039007,30,62.348333333333336,1870.45,26797.666666666668,91.40033333333334,86.88235294117646,0.5666666666666667,753290.2833333333,12.299987773321641,500455.75,2018.7
76561199200202957,30,79.87899999999999,2396.37,20354.999666666667,83.21366666666667,76.57142857142857,0.4666666666666667,631359.1333333333,11.771149943550514,388493.8333333333,2017.5333333333333
76561199200353988,30,55.081,1652.43,18258.333333333332,82.69800000000001,84.58333333333333,0.4,744300.2,11.889052848567468,463348.3,2017.7931034482758
76561199201774235,30,134.49866666666668,4034.96,20718.333333333332,91.429,87.75,0.5333333333333333,363010.6,11.723724852914895,266562.95,2014.2857142857142
76561199203270822,30,86.13733333333333,2584.12,13080.766666666666,91.1225,84.375,0.26666666666666666,750676.1166666667,12.111903456881805,529819.4666666667,2018.0
76561199205535040,30,182.967,5489.01,22176.8,84.341,83.16666666666667,0.2,635040.3333333334,12.242694309787494,400863.93333333335,2019.9666666666667
76561199205562180,30,71.63766666666668,2149.13,32086.666666666668,90.641,86.88,0.8333333333333334,431695.7166666667,12.27546706467969,352669.5333333333,2017.551724137931
76561199209636789,30,93.352,2800.56,18798.166666666668,85.84366666666666,85.42857142857143,0.4666666666666667,617997.4166666666,11.301115044260596,379276.5,2018.6923076923076
76561199212301613,30,20.634999999999998,619.05,18920.0,92.09533333333334,82.89473684210526,0.6333333333333333,419503.48333333334,11.792919264884114,297898.98333333334,2013.5555555555557
76561199214007024,30,0.0,0.0,12065.916333333333,92.248,84.2,0.5,600038.4333333333,11.500132365499464,398019.5333333333,2009.6666666666667
76561199214725358,30,165.65266666666668,4969.58,16363.333333333334,88.028,84.28571428571429,0.23333333333333334,448513.1,12.127513243338802,362039.56666666665,2017.8214285714287
76561199214927585,30,31.464,943.92,18756.666666666668,87.884,84.21428571428571,0.4666666666666667,631097.7166666667,11.773336793014845,404548.15,2017.4137931034484
76561199217005171,30,48.656666666666666,1459.7,36115.666666666664,86.53333333333333,88.27777777777777,0.6,292141.13333333336,11.972392992276129,230308.95,2018.3214285714287
76561199217242920,30,95.39266666666666,2861.7799999999997,13506.666666666666,89.94800000000001,86.92857142857143,0.4666666666666667,708020.6333333333,12.205083061565016,431330.2166666667,2016.357142857143
76561199218023441,30,68.34633333333333,2050.39,39380.333333333336,87.17566666666667,87.54545454545455,0.7333333333333333,234545.51666666666,11.789004130320528,192956.98333333334,2020.2
76561199218251849,30,18.661,559.83,18380.333333333332,83.963,82.2,0.5,220682.73333333334,11.129277448046578,135227.96666666667,2016.5652173913043
76561199218355105,30,0.0,0.0,11842.999666666667,85.66799999999999,82.47619047619048,0.7,190354.45,9.683522335215452,150212.83333333334,2007.7142857142858
76561199218902109,30,82.99533333333333,2489.86,20720.0,90.51266666666668,83.64285714285714,0.4666666666666667,600044.3833333333,12.079183938387878,356431.13333333336,2018.3333333333333
76561199218919589,30,121.03966666666666,3631.19,30157.0,80.05,81.75,0.26666666666666666,605990.2166666667,11.656831172317586,365380.13333333336,2020.1
76561199221510423,30,187.56533333333334,5626.96,23463.633333333335,88.47733333333333,81.375,0.5333333333333333,606315.4,12.303836467452507,368832.63333333336,2018.5666666666666
76561199221523939,30,57.54600000000001,1726.38,19773.966666666667,88.40333333333334,89.3,0.3333333333333333,838975.0166666667,12.644693803566215,495427.55,2016.4666666666667
76561199222145594,30,82.16266666666667,2464.88,17006.0,90.84966666666666,85.27272727272727,0.36666666666666664,617884.8333333334,11.960314526528766,409922.7,2017.6
76561199222262354,30,135.53833333333333,4066.15,18851.966666666667,93.758,85.61538461538461,0.43333333333333335,284941.13333333336,11.191352888802552,222922.23333333334,2018.9
76561199223548527,30,121.74600000000001,3652.38,17611.0,89.56,83.33333333333333,0.6,723007.2333333333,12.048647195569838,499769.3,2015.2142857142858
76561199223661728,30,0.0,0.0,14363.583,91.43599999999999,85.05,0.6666666666666666,740373.8666666667,11.686906041915327,490478.2,2014.0344827586207
76561199226176149,30,19.3,579.0,11710.0,92.06233333333333,87.45454545454545,0.36666666666666664,629314.6,11.569889118287124,379908.5333333333,2015.52
76561199229183744,30,81.106,2433.18,9436.166666666666,86.24533333333333,81.45454545454545,0.36666666666666664,818839.5333333333,12.478543475779363,474017.8,2016.8666666666666
76561199229382365,30,152.63299999999998,4578.99,39836.333333333336,79.74333333333334,86.25,0.5333333333333333,347047.88333333336,11.609635134423543,250414.51666666666,2021.7916666666667
76561199231536128,30,220.01033333333334,6600.31,21461.666666666668,89.89433333333334,82.0,0.5333333333333333,157068.86666666667,10.633775974820491,128623.78333333334,2016.0689655172414
76561199233164979,30,117.08733333333333,3512.62,28134.633333333335,83.777,84.11111111111111,0.3,646500.7666666667,11.945169120799475,391960.86666666664,2019.7931034482758
76561199233790996,30,0.0,0.0,19565.033333333333,91.28966666666666,83.66666666666667,0.8,287663.85,11.655549324876297,228988.53333333333,2015.0
76561199234936599,30,0.0,0.0,19419.033333333333,88.98633333333333,79.94117647058823,0.5666666666666667,615767.0,11.589610875651209,406626.73333333334,2017.1333333333334
76561199241168041,30,0.0,0.0,18315.666333333334,92.10300000000001,83.33333333333333,0.8,207654.9,11.011223209488188,164126.03333333333,2013.0
76561199244382821,30,76.63799999999999,2299.14,24421.333333333332,92.31433333333332,90.3076923076923,0.43333333333333335,371496.3,11.86641893386165,277925.75,2015.6666666666667
76561199244845825,30,0.0,0.0,14811.0,88.09266666666667,80.91666666666667,0.8,441647.7,10.675832636109249,261903.05,2009.2413793103449
76561199250115440,30,220.89733333333334,6626.92,17615.966666666667,83.868,81.25,0.13333333333333333,668935.5333333333,12.054612782768812,392789.23333333334,2019.5172413793102
76561199252400135,30,69.422,2082.66,25506.666666666668,89.47133333333333,83.18181818181819,0.36666666666666664,649435.4666666667,11.70047240695862,418657.1,2018.7931034482758
76561199256004350,30,187.653,5629.59,20944.5,84.48,87.14285714285714,0.23333333333333334,874188.3833333333,12.694725697550234,549538.1666666666,2020.3666666666666
76561199262202976,30,60.464333333333336,1813.93,20151.0,89.179,81.3,0.3333333333333333,842715.9333333333,12.942269369125617,548949.1333333333,2015.9333333333334
76561199264732687,30,17.738333333333333,532.15,14623.333333333334,87.363,84.5,0.4,627576.5833333334,11.433716139142453,377502.51666666666,2018.9310344827586
76561199266425816,30,80.24,2407.2,15724.633333333333,92.66000000000001,85.13333333333334,0.5,804367.4,12.643552843482846,519679.6,2016.6
76561199267496067,30,300.73499999999996,9022.05,15837.0,90.04666666666667,84.4,0.3333333333333333,692741.4,11.797577314413173,409691.23333333334,2019.6
76561199268363521,30,122.261,3667.83,16033.0,85.24,84.38461538461539,0.43333333333333335,409816.4666666667,12.026220346747367,281988.5,2018.2413793103449
76561199274384456,30,205.67299999999997,6170.19,9896.666666666666,84.39933333333333,84.53846153846153,0.43333333333333335,806562.3666666667,12.301806813592737,486253.2,2017.2413793103449
76561199274730477,30,78.17233333333334,2345.17,31660.333333333332,92.967,84.63157894736842,0.6333333333333333,239340.36666666667,11.52440924481938,198027.76666666666,2016.4
76561199274993293,30,0.0,0.0,12226.833333333334,89.18033333333332,81.70833333333333,0.8,509503.85,10.840972178084987,320010.11666666664,2009.7
76561199279081053,30,0.0,0.0,10821.0,85.93433333333333,83.3125,0.5333333333333333,605063.0666666667,10.650626821165575,398927.8,2010.607142857143
76561199289397551,30,133.32066666666665,3999.62,25818.166666666668,84.88433333333333,82.0,0.43333333333333335,723628.1833333333,12.175527793401121,463595.56666666665,2018.2333333333333
76561199290213981,30,0.0,0.0,13983.333333333334,90.34266666666667,83.625,0.8,463460.5,10.774297689930384,248694.06666666668,2006.4666666666667
76561199296937509,30,97.27833333333334,2918.35,28265.0,88.42066666666666,82.06666666666666,0.5,800875.2,12.61410657098105,546024.7,2017.448275862069
76561199305756354,30,104.58233333333332,3137.47,24747.966666666667,88.938,81.88235294117646,0.5666666666666667,414228.8333333333,12.231539027045047,251160.76666666666,2017.103448275862
76561199309848738,30,0.0,0.0,11733.333333333334,91.03,83.15789473684211,0.6333333333333333,551542.75,11.273383104512309,321658.8333333333,2006.7666666666667
76561199315863592,30,92.63433333333334,2779.03,24230.666666666668,91.12766666666667,85.1,0.6666666666666666,614111.1666666666,11.857914727020551,368327.0,2018.4333333333334
76561199326716853,30,45.82233333333333,1374.67,34609.5995,89.91333333333334,82.88888888888889,0.3,719004.45,12.374671273772414,511329.7833333333,2020.7666666666667
76561199336091998,30,193.26233333333332,5797.87,36592.833333333336,81.16633333333334,84.0,0.3,773151.4833333333,12.409207199765058,463802.9666666667,2020.3333333333333
76561199337941690,30,97.47766666666666,2924.33,15246.433333333332,83.84566666666666,84.0,0.36666666666666664,749273.6333333333,12.17670919193879,478516.0333333333,2019.3
76561199347967453,30,79.562,2386.86,25053.333333333332,91.29133333333333,85.10526315789474,0.6333333333333333,377146.0833333333,12.106295504495277,270897.5333333333,2020.1333333333334
76561199349057212,30,0.0,0.0,13066.5,90.71133333333334,83.0,0.5333333333333333,605222.85,11.328115781639827,371503.36666666664,2011.607142857143
76561199360923051,30,34.39866666666667,1031.96,22395.333333333332,94.48833333333333,85.6,0.5,316074.7,11.774462728950978,248282.4,2020.3666666666666
76561199362890720,30,65.73666666666666,1972.1,10333.333333333334,89.99166666666666,81.0,0.13333333333333333,596731.2333333333,11.45177583731424,368026.3,2019.0689655172414
76561199365659108,30,69.72800000000001,2091.84,23439.733333333334,91.99533333333333,87.625,0.26666666666666666,300913.81666666665,11.887163310273456,231312.36666666667,2021.1666666666667
76561199375667566,30,71.00266666666667,2130.08,24002.0,89.09766666666665,84.95238095238095,0.7,675306.9666666667,11.834422434158826,456998.8,2015.4827586206898
76561199376134768,30,49.86333333333334,1495.9,28691.333333333332,86.89633333333333,84.52941176470588,0.5666666666666667,743223.3166666667,12.285760498677835,525546.75,2018.0
76561199380289969,30,98.36933333333333,2951.08,28135.0,90.76,83.625,0.5333333333333333,591395.8833333333,11.995323559026463,395808.7,2018.5333333333333
76561199389419785,30,0.0,0.0,16163.333333333334,90.37266666666666,82.0,0.7333333333333333,298071.38333333336,11.497913014860849,216722.75,2010.5
76561199403138420,30,155.65133333333333,4669.54,32170.0,88.28999999999999,88.16666666666667,0.6,816204.1666666666,12.641284035455483,530615.1,2019.5666666666666
76561199403272332,30,0.0,0.0,16399.166666666668,87.23233333333333,76.92307692307692,0.43333333333333335,322503.31666666665,10.355422211135894,275775.06666666665,2013.9642857142858
76561199418668383,30,43.20366666666666,1296.11,11196.666666666666,91.94866666666667,79.07142857142857,0.4666666666666667,690058.05,12.140679082938277,441084.0833333333,2014.3
76561199420955153,30,0.0,0.0,18087.333333333332,89.46566666666666,81.20833333333333,0.8,433485.56666666665,10.532171633188883,260663.38333333333,2011.896551724138
76561199422202390,30,48.617666666666665,1458.53,17564.0,94.86,89.07142857142857,0.4666666666666667,292296.5833333333,11.170988513805035,255207.15,2016.4333333333334
76561199433626235,30,28.907,867.21,7154.0,85.21866666666666,80.41666666666667,0.4,615318.15,11.602135053281865,339306.1,2014.7666666666667
76561199433753634,30,84.77566666666667,2543.27,31263.333333333332,85.77166666666668,84.25,0.4,706177.4666666667,11.770897968362437,452727.11666666664,2020.4137931034484
76561199439557760,30,0.0,0.0,20653.0,90.97633333333333,81.14285714285714,0.7,656251.9833333333,11.669606677640067,449220.6,2011.9259259259259
76561199441452962,30,49.71566666666667,1491.47,32821.333,85.70049999999999,83.08333333333333,0.4,285143.06666666665,11.728988281388363,159613.4,2021.5
76561199441844249,30,70.45933333333332,2113.7799999999997,26612.666666666668,92.66133333333333,81.25,0.13333333333333333,402546.98333333334,8.630375790951133,238677.73333333334,2021.5185185185185
76561199442146005,30,44.535,1336.05,11903.333333333334,93.07,85.71428571428571,0.23333333333333334,556257.05,10.458105619046291,372545.2,2018.2
76561199442822555,30,35.14366666666667,1054.31,25501.825,84.913,84.05882352941177,0.5666666666666667,779390.75,12.318873654751455,526169.3333333334,2018.607142857143
76561199442878224,30,91.16733333333333,2735.02,29964.366666666665,87.28933333333333,86.9090909090909,0.7333333333333333,648091.0,12.373848953743607,416712.88333333336,2019.4
76561199443514192,30,55.852,1675.56,10779.666666666666,91.36266666666667,80.42857142857143,0.4666666666666667,609011.6666666666,11.983722203318846,349861.36666666664,2017.1666666666667
76561199444606097,30,77.59533333333334,2327.86,12860.351,88.99616666666665,85.81818181818181,0.36666666666666664,349922.9666666667,11.849110223150493,240350.43333333332,2019.3666666666666
76561199447044530,30,144.31066666666666,4329.32,12761.0,88.65666666666667,86.0,0.36666666666666664,647210.2333333333,11.788986282490074,367213.31666666665,2015.892857142857
76561199447952692,30,37.177,1115.31,13307.366666666667,92.25133333333333,86.5,0.5333333333333333,567946.5,11.565771262703798,331240.98333333334,2012.3333333333333
76561199448991262,30,41.574666666666666,1247.24,21485.493000000002,93.07966666666667,85.21052631578948,0.6333333333333333,698310.3666666667,11.968093469595704,448788.86666666664,2018.448275862069
76561199464469677,30,41.72833333333333,1251.85,23235.966666666667,87.666,82.72727272727273,0.36666666666666664,736684.0333333333,11.707869800933645,460612.1,2019.25
76561199469179667,30,84.39033333333333,2531.71,26994.632999999998,84.65533333333333,86.33333333333333,0.3,682624.5833333334,12.45470512774446,443956.6,2019.8666666666666
76561199469292362,30,0.0,0.0,14626.7,91.08,82.13333333333334,0.5,750030.3,12.211177427727518,484312.26666666666,2010.9310344827586
76561199470080023,30,22.584333333333333,677.53,14500.0,84.08633333333334,87.1,0.3333333333333333,698688.2,11.595308784181677,424903.61666666664,2016.0
76561199470418036,30,121.58566666666667,3647.57,23388.8,86.94366666666666,81.3,0.3333333333333333,706664.3333333334,11.875082813729447,472526.4,2017.2413793103449
76561199470516845,30,95.98,2879.4,21405.657666666666,88.25366666666667,83.63636363636364,0.36666666666666664,666151.8333333334,11.883269137605794,431610.36666666664,2019.3666666666666
76561199471838775,30,67.526,2025.78,21821.1,85.70966666666666,77.0,0.13333333333333333,193640.41666666666,10.275457057984207,125461.18333333333,2022.4
76561199476865533,30,0.0,0.0,19852.0,87.60666666666665,80.57142857142857,0.7,754595.2,11.974476302089682,524303.8833333333,2012.7586206896551
76561199478273259,30,68.96700000000001,2069.01,24170.966666666667,85.93766666666667,84.26666666666667,0.5,332481.68333333335,11.55064075730278,239667.01666666666,2016.4333333333334
76561199478662488,30,45.764,1372.92,23097.325,92.32,86.83333333333333,0.6,310621.8333333333,11.926632789960452,249042.56666666668,2019.8333333333333
76561199479136443,30,22.775333333333332,683.26,32637.303,82.91799999999999,80.4,0.3333333333333333,133761.43333333332,10.772599259186373,78986.35,2021.5
76561199479939042,30,0.0,0.0,22053.333333333332,93.54133333333333,83.9090909090909,0.7333333333333333,243335.98333333334,11.621170039098491,199647.91666666666,2016.0666666666666
76561199480061465,30,53.94266666666667,1618.28,32692.833333333332,86.99766666666666,85.8,0.5,820401.1833333333,12.687721755465125,547468.55,2017.8666666666666
76561199480220778,30,0.0,0.0,21877.666333333334,88.40766666666667,80.20833333333333,0.8,332381.7833333333,11.510466640111028,258250.63333333333,2014.344827586207
76561199483983127,30,51.99966666666667,1559.99,12611.633,91.94433333333333,84.0,0.4666666666666667,562663.85,11.674741765914058,359811.1,2016.9
76561199484238062,30,47.269999999999996,1418.1,41523.333333333336,91.26033333333334,85.53846153846153,0.8666666666666667,623243.3,12.198457758108285,409260.13333333336,2018.7333333333333
76561199485777278,30,80.69633333333333,2420.89,25581.5465,85.95166666666667,83.61538461538461,0.43333333333333335,733575.1333333333,12.261590514044734,494728.85,2020.9
76561199487796611,30,79.06133333333334,2371.84,35849.666666666664,87.31166666666667,86.6875,0.5333333333333333,781385.1333333333,12.426732242036202,526966.9,2018.7
76561199488596444,30,62.17766666666667,1865.33,32824.4,86.18533333333333,85.6,0.3333333333333333,723246.5666666667,12.439424599509875,437876.56666666665,2020.5666666666666
76561199489499857,30,23.221,696.63,13651.0,92.708,85.0,0.4666666666666667,741312.2166666667,12.377026642774206,448156.0333333333,2015.0
76561199489520002,30,79.53766666666667,2386.13,14617.966666666667,93.12866666666667,87.26666666666667,0.5,346702.13333333336,11.791415328104842,233372.43333333332,2018.4666666666667
76561199491642775,30,42.302,1269.06,8899.866666666667,90.39866666666667,84.0,0.16666666666666666,527445.2,11.154237356912029,313661.31666666665,2019.0
76561199499958759,30,184.47833333333335,5534.35,35849.666666666664,90.03,84.25,0.6666666666666666,444415.36666666664,12.534187427258352,335738.1,2019.0689655172414
76561199502416746,30,134.41833333333335,4032.55,18205.0,82.33500000000001,82.16666666666667,0.2,629415.9833333333,11.380123304896463,388215.13333333336,2019.9310344827586
76561199504742246,30,109.33033333333333,3279.91,12260.333333333334,95.04833333333333,86.5,0.26666666666666666,394806.5,12.044596222556889,287236.75,2018.3333333333333
76561199508808924,30,32.285333333333334,968.56,24271.333333333332,91.49633333333333,82.14285714285714,0.7,197757.1,11.620704727123789,164082.45,2016.0
76561199509552956,30,43.531666666666666,1305.95,20811.3,89.72066666666666,81.38461538461539,0.43333333333333335,206183.6,11.228107412539902,128315.85,2018.1153846153845
76561199510293669,30,111.34366666666666,3340.31,11203.166333333333,91.768,82.18181818181819,0.36666666666666664,767211.3,12.055410717751004,535829.4333333333,2019.1666666666667
76561199511405134,30,0.0,0.0,13598.159666666666,94.21900000000001,79.0,0.5666666666666667,276451.86666666664,11.702169623973383,222824.56666666668,2012.7
76561199512269509,30,90.42333333333333,2712.7,26763.833333333332,89.49133333333334,82.66666666666667,0.4,377156.73333333334,12.238304937847582,294841.35,2018.448275862069
76561199512376287,30,28.250999999999998,847.53,9339.333,84.3285,86.16666666666667,0.2,653459.7,11.145826312601368,421046.1666666667,2020.9333333333334
76561199512732822,30,123.90533333333333,3717.16,22317.816,90.58133333333333,84.5,0.6,475297.9,10.516021650487732,289848.8,2015.5666666666666
76561199514742019,30,0.0,0.0,8580.666666666666,83.43166666666666,76.9090909090909,0.36666666666666664,386377.55,9.153072026020867,224158.63333333333,2014.1379310344828
76561199515983042,30,396.95866666666666,11908.76,24863.333333333332,86.26333333333334,84.9090909090909,0.36666666666666664,787255.3333333334,12.331195842533152,485390.7833333333,2020.6
76561199517455475,30,148.333,4449.99,20485.966666666667,90.893,86.36363636363636,0.36666666666666664,522328.81666666665,12.37834688462615,414951.0333333333,2019.4333333333334
76561199518636045,30,86.64200000000001,2599.26,18279.866666666665,82.72566666666667,83.875,0.26666666666666666,654702.9166666666,11.565774003098406,394343.4,2020.1666666666667
76561199520743247,30,19.83833333333333,595.15,10634.333333333334,92.65599999999999,85.58823529411765,0.5666666666666667,694293.45,12.233796054740345,416722.5,2014.7
76561199521001438,30,35.587666666666664,1067.6299999999999,16345.083166666667,87.27633333333333,78.75,0.5333333333333333,616116.75,11.795442989664085,375104.75,2018.6333333333334
76561199526209117,30,81.32300000000001,2439.69,25373.0,87.653,85.2,0.5,675550.1333333333,11.820147207893358,404624.13333333336,2016.9333333333334
76561199526487450,30,24.965666666666667,748.97,16335.325,93.4585,84.84615384615384,0.43333333333333335,278575.81666666665,11.915492066355458,225864.16666666666,2016.2758620689656
76561199527406968,30,60.12266666666667,1803.68,18798.966666666667,85.61333333333333,84.0,0.4666666666666667,344408.38333333336,11.828316424942416,224703.3,2021.1379310344828
76561199529575900,30,61.19566666666667,1835.8700000000001,16593.333333333332,93.252,84.25,0.6666666666666666,678146.0666666667,12.120648057014945,424207.36666666664,2012.357142857143
76561199529590961,30,0.0,0.0,22539.666666666668,89.541,85.52173913043478,0.7666666666666667,548978.5666666667,11.635384764873764,366099.2166666667,2014.6206896551723
76561199530756303,30,64.887,1946.61,11272.5,90.71833333333333,86.33333333333333,0.2,761358.8,12.022063377688943,520930.63333333336,2019.9333333333334
76561199537429327,30,81.58733333333333,2447.62,42739.666666666664,85.47666666666667,87.25,0.5333333333333333,339398.45,12.221085807471395,241988.06666666668,2020.3
76561199538031995,30,0.0,0.0,15600.0,93.47933333333334,85.45,0.6666666666666666,303176.18333333335,11.455954318161892,254074.88333333333,2011.3214285714287
76561199539087405,30,133.27133333333333,3998.14,30545.633333333335,90.64466666666667,87.625,0.5333333333333333,837626.4,12.834130784590405,590485.0,2019.5
76561199541793625,30,74.18666666666667,2225.6,27255.5,84.61933333333333,80.08333333333333,0.4,144691.51666666666,10.477111304873148,110246.91666666667,2020.5
76561199543961855,30,442.925,13287.75,23336.3,92.107,80.36363636363636,0.36666666666666664,215386.26666666666,10.823756316459594,180007.16666666666,2021.4
76561199544472375,30,65.00233333333334,1950.0700000000002,25583.0,84.607,85.85714285714286,0.4666666666666667,749993.8333333334,12.039459710574556,485199.1666666667,2018.3333333333333
76561199545066123,30,74.11833333333334,2223.55,28275.99983333333,88.86166666666666,87.66666666666667,0.6,287965.73333333334,11.877104933949846,228933.73333333334,2020.1666666666667
76561199546266669,30,44.115,1323.45,35159.433333333334,88.55366666666667,83.875,0.5333333333333333,248347.03333333333,11.123633005981139,209243.35,2021.344827586207
76561199551749900,30,1916.1943333333334,57485.83,24307.166666666668,76.06633333333333,86.5,0.13333333333333333,637560.8,11.036556656408171,380734.36666666664,2020.6896551724137
76561199552824101,30,93.134,2794.02,36399.666666666664,84.61233333333332,80.28571428571429,0.4666666666666667,726738.1666666666,12.396350544158482,495577.6,2018.5
76561199553177714,30,25.625333333333334,768.76,16464.633333333335,92.35266666666666,82.91666666666667,0.4,623128.05,11.658159392221608,419140.25,2019.107142857143
76561199557398352,30,97.93566666666666,2938.0699999999997,25598.3,86.743,82.64285714285714,0.4666666666666667,834671.4,12.461074598760234,586990.3666666667,2017.8666666666666
76561199557989035,30,24.554,736.62,18037.666666666668,90.72266666666665,85.42857142857143,0.4666666666666667,638594.4333333333,11.548496128060568,440640.51666666666,2016.8666666666666
76561199559728739,30,70.79966666666665,2123.99,17081.666666666668,91.368,83.6470588235294,0.5666666666666667,257406.45,11.581398626952772,184588.86666666667,2017.4333333333334
76561199559993324,30,27.00433333333333,810.13,11561.6,86.96566666666666,84.44444444444444,0.3,688230.5,11.927608253691126,426397.4666666667,2018.2333333333333
76561199568067378,30,43.77,1313.1000000000001,14441.332666666665,93.90933333333332,81.41176470588235,0.5666666666666667,711037.75,12.442351490545667,471277.9666666667,2016.6666666666667
76561199571958168,30,26.045666666666666,781.37,20797.4905,83.46833333333333,82.25,0.5333333333333333,382628.2,11.946600511396078,276228.0333333333,2017.2
76561199572634759,30,38.46266666666667,1153.88,16000.658333333333,87.21716666666666,82.11111111111111,0.3,646929.3,11.383856450468771,406072.3,2018.103448275862
76561199575139982,30,104.92799999999998,3147.8399999999997,12527.8,92.1985,85.25,0.26666666666666666,656806.6833333333,12.00750924838979,423069.31666666665,2017.6666666666667
76561199579773295,30,43.14833333333333,1294.45,19718.666666666668,88.22133333333333,82.53846153846153,0.43333333333333335,680975.8,12.326118789480109,439197.6666666667,2019.6
76561199581122905,30,113.89000000000001,3416.7000000000003,32703.0,85.144,85.88888888888889,0.6,915061.7333333333,12.962127602927444,556028.1333333333,2019.1333333333334
76561199587644940,30,49.354,1480.62,17849.45966666667,86.48533333333333,81.57142857142857,0.4666666666666667,648253.7333333333,11.597182442915917,410269.4,2018.2758620689656
76561199589158503,30,143.364,4300.92,28300.633333333335,82.02600000000001,81.76923076923077,0.43333333333333335,680552.3333333334,12.105648799897683,463317.88333333336,2019.0
76561199589538204,30,106.83200000000001,3204.96,14597.432999999999,88.17966666666666,78.0,0.1,193776.33333333334,10.858844956750735,146396.31666666668,2022.9333333333334
76561199589647383,30,0.0,0.0,11916.333333333334,90.75233333333334,82.65,0.6666666666666666,244184.98333333334,11.140238764098806,193682.7,2007.9
76561199592008364,30,50.248000000000005,1507.44,18483.0,90.82066666666667,84.4375,0.5333333333333333,316040.9666666667,11.743057337919,252240.4,2016.4333333333334
76561199608316668,30,44.42733333333333,1332.82,19161.666666666668,87.91000000000001,77.73333333333333,0.5,558565.5,11.650992174503475,356277.56666666665,2016.0
76561199627864130,30,49.763000000000005,1492.89,19343.391333333333,88.21366666666667,82.33333333333333,0.3,501127.23333333334,11.021538076640544,312946.86666666664,2018.4333333333334
76561199630639323,30,97.454,2923.62,16853.966666666667,88.44166666666666,81.0,0.43333333333333335,743567.1666666666,11.64431990244106,479446.13333333336,2019.0666666666666
76561199631745821,30,103.72966666666666,3111.89,25638.666666666668,86.907,80.36363636363636,0.36666666666666664,613194.9333333333,11.047002241606533,393492.93333333335,2019.6666666666667
76561199638601866,30,76.98033333333333,2309.41,35472.0,88.79066666666667,84.05882352941177,0.5666666666666667,184797.88333333333,10.772345821576947,146021.06666666668,2021.1333333333334
76561199639237662,30,39.727333333333334,1191.82,25441.8,85.87033333333333,84.63636363636364,0.36666666666666664,736900.0833333334,11.929852504662206,512405.81666666665,2018.2666666666667
76561199642042062,30,21.108,633.24,22464.333,88.71333333333334,81.95,0.6666666666666666,436784.9166666667,10.620728691234365,249724.35,2020.2333333333333
76561199645738773,30,19.305,579.15,28568.666333333334,89.17766666666667,84.0,0.36666666666666664,218046.78333333333,11.30500911639674,171722.9,2021.1724137931035
76561199651398849,30,37.548,1126.44,25499.333,87.28233333333333,81.3529411764706,0.5666666666666667,654092.6,12.002513359565825,406861.93333333335,2016.3103448275863
76561199651436954,30,42.580666666666666,1277.42,17190.333333333332,90.02433333333333,83.0,0.5,683673.7333333333,12.206541022467468,421543.06666666665,2017.2333333333333
76561199653622095,30,109.50133333333333,3285.04,14272.266666666666,91.96733333333333,84.44444444444444,0.6,466237.95,12.08072252545425,297496.8333333333,2016.0333333333333
76561199657362718,30,22.94066666666667,688.22,11209.166666666666,90.39,78.4,0.5,557573.65,11.327385094134579,352570.0,2016.5714285714287
76561199680990806,30,546.2323333333334,16386.97,30481.632999999998,88.52933333333334,81.77777777777777,0.6,386791.2,12.38087980643819,318125.5,2020.0333333333333
76561199681279488,30,0.0,0.0,15492.366666666667,86.31400000000001,79.04347826086956,0.7666666666666667,280931.8,11.029834105164353,221262.23333333334,2010.2142857142858
76561199682596889,30,18.497666666666664,554.93,10226.066666666668,86.17599999999999,85.16666666666667,0.2,666841.4,12.14076552915629,385154.5333333333,2020.5862068965516
76561199687646290,30,85.55633333333334,2566.69,10328.991666666667,89.94233333333334,81.86666666666666,0.5,598815.1333333333,11.618798622001261,391696.63333333336,2017.5666666666666
76561199688154793,30,51.92466666666667,1557.74,27304.966666666667,83.97433333333333,83.9090909090909,0.36666666666666664,333373.7166666667,12.044865433751651,250548.6,2020.1333333333334
76561199696739033,30,135.38733333333332,4061.62,19276.633333333335,91.22466666666666,85.0,0.5333333333333333,609382.4,11.858807242679168,395204.56666666665,2017.8
76561199697755740,30,38.28333333333333,1148.5,22955.491666666665,91.20166666666667,80.23529411764706,0.5666666666666667,190232.91666666666,11.309919788326914,156260.36666666667,2019.0333333333333
76561199698533340,30,45.080333333333336,1352.41,25957.4,91.50533333333333,82.88888888888889,0.3,766149.3,12.60928451808544,521860.43333333335,2019.0
76561199699572362,30,108.83233333333334,3264.9700000000003,11837.333,93.33466666666666,82.3076923076923,0.43333333333333335,680606.8333333334,12.011942976615018,416379.2,2015.655172413793
76561199729570190,30,44.218666666666664,1326.56,41236.0,91.373,87.15,0.6666666666666666,359167.86666666664,12.01581491719251,276270.11666666664,2020.4827586206898
76561199729773816,30,142.56733333333332,4277.0199999999995,25581.666666666668,90.653,82.84615384615384,0.43333333333333335,549228.8666666667,11.726307060221222,358459.35,2019.2666666666667
76561199738119259,30,61.33166666666667,1839.95,17946.066666666666,89.98299999999999,83.41666666666667,0.4,763827.55,12.4974232291923,506117.1,2018.6
76561199739359982,30,231.09733333333332,6932.92,21654.966666666667,84.36866666666667,84.55555555555556,0.3,700683.1666666666,12.036826887490125,437280.1666666667,2019.6
76561199748150200,30,15.103333333333333,453.1,20975.666666666668,87.67983333333333,83.64285714285714,0.4666666666666667,59587.6,9.760712204624523,44528.083333333336,2015.3333333333333
76561199750937606,30,46.483666666666664,1394.51,23563.991666666665,87.12433333333334,83.88235294117646,0.5666666666666667,178782.76666666666,10.95073649497134,136046.2,2018.5714285714287
76561199752752935,30,22.848666666666666,685.46,26410.1665,90.20116666666667,85.6470588235294,0.5666666666666667,238686.63333333333,11.471086742391128,156629.58333333334,2021.103448275862
76561199754121666,30,247.27833333333334,7418.35,48614.666666666664,90.00666666666666,87.46666666666667,0.5,501968.0,11.476903064404695,311375.3333333333,2021.2333333333333
76561199755294671,30,6.547333333333333,196.42,14582.0,92.545,82.81818181818181,0.36666666666666664,138789.58333333334,10.035587952794424,87317.88333333333,2021.8
76561199766435421,30,14.380333333333333,431.40999999999997,31202.666666666668,88.44933333333333,83.8,0.5,290019.56666666665,11.732532107777827,215243.0,2019.6
76561199780856085,30,113.04533333333333,3391.36,30089.333333333332,92.70466666666667,86.625,0.26666666666666666,614276.5833333334,11.055930198770405,395324.0,2020.9666666666667
76561199782026649,30,78.36999999999999,2351.1,23922.166666666668,85.24199999999999,83.08333333333333,0.4,641267.8666666667,12.006859761103462,386204.73333333334,2018.9333333333334
76561199783971190,30,25.974666666666668,779.24,17304.333333333332,93.87566666666666,87.16666666666667,0.4,392700.8,12.008255964450955,273836.2,2015.6333333333334
76561199785196304,30,44.15833333333333,1324.75,21299.791666666668,86.84549999999999,80.28571428571429,0.23333333333333334,132610.31666666668,9.979710137997833,83747.13333333333,2021.0333333333333
76561199786534958,30,139.27466666666666,4178.24,22612.0,89.08999999999999,81.77777777777777,0.3,285183.76666666666,10.803761154978481,245007.7,2018.6333333333334
76561199792770301,30,23.616,708.48,10162.966666666667,92.88266666666667,80.66666666666667,0.3,676117.5666666667,11.87504907970737,458216.6666666667,2017.5172413793102
76561199795154363,30,64.65066666666667,1939.52,22066.966666666667,85.50966666666666,82.9090909090909,0.36666666666666664,556647.2666666667,11.757213499444223,339398.3333333333,2018.7666666666667
76561199795377753,30,54.191,1625.73,14255.0,92.64766666666667,78.81818181818181,0.36666666666666664,583094.6166666667,11.563520235683004,369506.6666666667,2018.1666666666667
76561199795834891,30,38.662333333333336,1159.8700000000001,19528.333333333332,93.041,86.05555555555556,0.6,607619.0,11.998129405887306,377284.7833333333,2019.5
76561199798719870,30,32.845,985.35,11203.333166666667,89.50533333333333,79.58333333333333,0.4,566746.4833333333,11.407032879588453,337576.5333333333,2017.7333333333333
76561199801101431,30,95.32333333333332,2859.7,14356.657000000001,89.38066666666667,82.21428571428571,0.4666666666666667,637730.3666666667,11.316972747325869,418085.5833333333,2019.6333333333334
76561199802479009,30,36.73433333333333,1102.03,19697.133333333335,89.86633333333333,86.625,0.26666666666666666,559181.4833333333,11.125033719617761,372530.05,2018.9310344827586
76561199803381158,30,14.714,441.42,9048.166666666666,86.61633333333333,77.63636363636364,0.36666666666666664,142850.45,9.855498219304963,73421.73333333334,2016.3666666666666
76561199807197342,30,32.357,970.71,18765.0,86.212,79.41666666666667,0.4,218933.46666666667,10.430259361043483,171315.43333333332,2018.8
76561199808319799,30,35.89433333333333,1076.83,16038.5,88.42366666666666,87.0,0.5333333333333333,720301.8166666667,12.443493286075105,487883.68333333335,2018.9
76561199810023508,30,0.0,0.0,17788.333333333332,87.62166666666667,84.33333333333333,0.7,188402.66666666666,10.57918990037576,159216.53333333333,2013.5
76561199811355494,30,0.0,0.0,26640.666666666668,87.35533333333333,78.875,0.5333333333333333,640010.1,11.785967195183014,423065.2,2016.5666666666666
76561199811370756,30,36.218666666666664,1086.56,28431.166166666666,82.63266666666667,81.625,0.26666666666666666,340558.88333333336,12.012686487464727,227012.61666666667,2020.6896551724137
76561199818269939,30,73.39533333333334,2201.86,31013.0,89.70266666666666,86.5,0.4666666666666667,400263.36666666664,12.300036584863284,317376.4,2019.1333333333334
76561199819516004,30,21.886000000000003,656.58,20273.958,86.65633333333334,81.9090909090909,0.36666666666666664,642612.95,11.895067757796285,414167.3333333333,2019.9
76561199820531118,30,31.389666666666663,941.6899999999999,22477.5,89.38466666666666,82.0,0.3,241791.23333333334,11.006144795628503,177563.7,2019.75
76561199828159495,30,18.117,543.51,12869.325,91.62066666666666,84.92307692307692,0.43333333333333335,716299.1,12.18190659579818,479593.2,2016.4
76561199835282867,30,76.42366666666666,2292.71,25796.333333333332,86.62899999999999,86.125,0.26666666666666666,757518.7,12.275225254314357,496434.56666666665,2019.6666666666667
76561199835618401,30,79.941,2398.23,10311.0,84.95133333333334,84.5,0.26666666666666666,493295.06666666665,10.847149545248179,258930.1,2019.1
76561199836896572,30,1477.3149999999998,44319.45,28522.166666666668,81.87366666666667,80.29411764705883,0.5666666666666667,902212.7333333333,12.917622960367675,516890.5,2017.6666666666667
76561199870547222,30,37.50866666666666,1125.26,31712.833166666667,83.55533333333332,88.41176470588235,0.5666666666666667,368689.1666666667,11.755087878130654,266628.65,2019.448275862069
76561199872409865,30,39.010999999999996,1170.33,37655.99966666666,87.19,83.6,0.5,747665.0333333333,12.192435283295977,483048.56666666665,2019.2333333333333
76561199873886387,30,13.573333333333332,407.2,33540.666666666664,89.24333333333334,84.5,0.6,652146.6833333333,12.124216139739092,401470.98333333334,2019.3
76561199875437136,30,9.064666666666666,271.94,21262.333333333332,91.10066666666667,84.1875,0.5333333333333333,578033.2333333333,11.923264986573319,351484.0,2019.5333333333333
76561199875754390,30,59.501,1785.03,9425.966666666667,88.31,87.57142857142857,0.23333333333333334,585478.5,11.334502456549975,332049.63333333336,2016.5
76561199879374518,30,88.39866666666667,2651.96,32851.49966666666,88.455,81.96153846153847,0.8666666666666667,504684.05,11.301603394231028,315352.0833333333,2017.1
76561199882387137,30,47.06733333333333,1412.02,37204.55,82.815,85.18181818181819,0.36666666666666664,219051.51666666666,11.322132571592853,162471.23333333334,2022.8076923076924
