steamid,tag__Atmospheric,tag__Open World,tag__Story Rich,tag__First-Person,tag__2D,tag__Great Soundtrack,tag__Funny,tag__Sandbox,tag__Shooter,tag__Exploration,tag__Third Person,tag__3D,tag__Fantasy,tag__FPS,tag__Horror,tag__Survival,tag__Sci-fi,tag__Puzzle,tag__Difficult,tag__Cute,tag__Realistic,tag__Gore,tag__Character Customization,tag__Anime,tag__Building,tag__Pixel Graphics,tag__Family Friendly,tag__Colorful,tag__Management,tag__Comedy
76561197960612825,0.06939831683465653,0.07777125719225508,0.04914403285346747,0.04958326022364082,0.0,0.049310461572665575,0.03265613492727951,0.049188850999980334,0.021452737913462715,0.08642493668293141,0.04971366645017346,0.03035951163132402,0.039365329668480685,0.04296855960708333,0.04177556474817059,0.05382717660522792,0.0520233167787363,0.013348514947812175,0.018484817901037218,0.01302745584647603,0.012619644039906546,0.015451179672287424,0.0481777140667547,0.0,0.038834087102780954,0.0,0.021116148569937317,0.005075189303796153,0.011725896576895113,0.007176237282780533
76561197961222873,0.07598288184646033,0.06916709893632153,0.03156624049654063,0.099535270915695,0.014726612999793097,0.024854108492969547,0.0,0.04892645052816779,0.06521012451131501,0.06244931365086718,0.04168387571459372,0.02777132129942466,0.011192977278061513,0.06197002687714463,0.04438835608158352,0.06518616673668919,0.044093361855451575,0.01261802191793981,0.03428450756649953,0.01261802191793981,0.03707687824577142,0.030025871927189224,0.00528451013326495,0.020649468810987646,0.03730236348639238,0.008818145854996538,0.005908467144796561,0.006709554773143248,0.0,0.0
76561197961774441,0.05798398941763578,0.0871835042817438,0.06254373715724625,0.05242321698298708,0.009905960660166075,0.028983288699617485,0.010478592440785289,0.03954517328337259,0.043956089447397914,0.03922915467709688,0.058199677392258044,0.018638820425077394,0.09407823700406408,0.02406861322441726,0.028595210999136585,0.02940839289869314,0.02909496303321694,0.0,0.05550727936186246,0.0,0.05482802885227543,0.040867322236731674,0.10504050761768083,0.0,0.009569519710226676,0.0,0.009318874041107622,0.0,0.010551846155202825,0.0
76561197964052205,0.0674884164207722,0.09841783603333254,0.02184453546603512,0.12069553382561157,0.0,0.017171088262938936,0.013735860820438072,0.045040110164679396,0.08843425199556268,0.04955406558743596,0.028947465139004137,0.021491530184923578,0.005684587500792168,0.08175900595785786,0.02575753141059731,0.05762849765158662,0.021168672025800132,0.0,0.015278954529306906,0.0,0.06460695923525131,0.035266076168968694,0.04245035054283071,0.0,0.03251172909397874,0.0,0.019052311698296152,0.0,0.005775570021130229,0.020239060262868983
76561197964909627,0.030451699450803966,0.05505206944708025,0.033800092515637856,0.02483398459033201,0.08729871115263228,0.04213041496577611,0.014857745919425095,0.05693556942883633,0.030384798978491147,0.042677300178100834,0.031593750651411054,0.032545004612770864,0.06400919797181348,0.018607067589154872,0.0,0.06448523213472811,0.03736830550528786,0.04605726012338258,0.030764625190080594,0.007368981039766188,0.0,0.013208963232057955,0.04487810857242864,0.013848831522260295,0.053664445511723766,0.02772653728096015,0.042716566063155,0.027858820143729906,0.01877403649733719,0.00610187973083556
76561197970412468,0.07335624557825642,0.0888488787174505,0.03897989543044479,0.09534444375375317,0.0,0.02734403221745223,0.011862178594650013,0.04953094099664716,0.09506000089353397,0.04948552124156365,0.02308000324654062,0.012256463998838793,0.016955036246225824,0.09506000089353397,0.04144502651728525,0.05902274804871981,0.023830436959501565,0.0049468373118841825,0.046085802626550834,0.0,0.04650815823447801,0.02172809743558323,0.04535571343013732,0.0,0.015453137943797528,0.004175411103483045,0.0,0.0,0.0,0.014284988579688046
76561197970935355,0.07905831342273517,0.09470346552325151,0.038177175094725915,0.04545538750323777,0.022581708973367785,0.041268966826836215,0.020780005864300347,0.05358831738337224,0.03980885419145512,0.06986861853188531,0.0579070857747764,0.016422113053235342,0.016495458594587255,0.02964221658603932,0.022676070656869544,0.07568130289408383,0.06267943052441156,0.006738506201914438,0.04855126554652588,0.007108441947478474,0.017041711906564963,0.0,0.04971028097382136,0.0,0.038039310529429826,0.0,0.016495458594587255,0.0,0.02233295441271369,0.007187578487793527
76561197975515451,0.0894940533959021,0.10363753432279253,0.037294838801439356,0.0422092072348923,0.03328352295182018,0.03754137404515873,0.0,0.06336491135800872,0.03044492013518538,0.07228212809787382,0.04857535352141294,0.007295548714820446,0.025833429443005686,0.03661316501335732,0.012486338664555618,0.08821617663903776,0.05922807937410975,0.0055457625507615085,0.03150089110542127,0.0063356411725219285,0.012013683491741797,0.0,0.039023656733488954,0.012549895886854583,0.051470262120017686,0.014495240948976801,0.012841311265581953,0.005526937796993665,0.020896135214267034,0.0
76561197976062269,0.09242469629526974,0.017537586834327573,0.06613086824568717,0.027419372727476927,0.06640189844228513,0.07630536374370525,0.017931274910324282,0.009290429426652827,0.037277677072860234,0.021180770530257822,0.037692103759987786,0.02725898056437929,0.14858229095028996,0.0181289433008241,0.027409071170374683,0.010507888288364678,0.018721356047149702,0.0,0.09330356619552019,0.008640845483671455,0.0,0.0296137978117687,0.04925391403384301,0.009589099116877716,0.02090913701922188,0.0367760588397965,0.00895427087107394,0.011603171780144368,0.011155566537865117,0.0
76561197977835402,0.0,0.0,0.0,0.0,0.0,0.0,0.0,0.0,0.0,0.0,0.0,0.0,0.0,0.0,0.0,0.0,0.0,0.0,0.0,0.0,0.0,0.0,0.0,0.0,0.0,0.0,0.0,0.0,0.0,0.0
76561197979876290,0.09681726459545306,0.07345525493784862,0.08482209374271972,0.0,0.0,0.08403816026298914,0.029945924808281458,0.06375038141277993,0.008227895509272748,0.05027751202730048,0.03482329525563443,0.034750152277729644,0.05089185836981877,0.0,0.0,0.029028416248878846,0.014924554974766899,0.016134337336369087,0.006706685984892767,0.009387106453830356,0.039333031262111816,0.008235405686969339,0.05089185836981877,0.0,0.0704570673976727,0.0,0.04723947308920816,0.018540607590002655,0.07732166240565076,0.0
76561197984511411,0.07862977626575825,0.061282327235941465,0.037392643396078944,0.09356858445780067,0.02121345382327039,0.025263785516115553,0.03509690547719582,0.04663776160787451,0.08597128641881324,0.040162536218797326,0.013195711288076726,0.007124485560083433,0.013996562321882218,0.09356858445780067,0.017865868250825284,0.05377415476955848,0.07210768983930588,0.013019264652553533,0.03346171210332244,0.0,0.02661956206533375,0.0058605253092742235,0.03408260023020249,0.0,0.03421259440021135,0.02121345382327039,0.0,0.0,0.0075502071653316405,0.027127963345321426
76561197986853412,0.08994089458966141,0.09665876399995038,0.07583232644037059,0.049463377223425954,0.006110597565438079,0.0637678172555252,0.0,0.05577386726757322,0.03624651569129582,0.05274316680291942,0.06526768891904143,0.014160766790277213,0.0476746475550812,0.034869392236921114,0.024908644767239366,0.0588537643683575,0.048330799415513034,0.0,0.013967573260926446,0.0,0.04406977721717131,0.024340547023438006,0.04521576940863313,0.012518963903337356,0.025202942042409845,0.006126176734512912,0.007955219520980031,0.0,0.0,0.0
76561197988181270,0.0,0.0,0.0,0.0,0.0,0.0,0.0,0.0,0.0,0.0,0.0,0.0,0.0,0.0,0.0,0.0,0.0,0.0,0.0,0.0,0.0,0.0,0.0,0.0,0.0,0.0,0.0,0.0,0.0,0.0
76561197989427343,0.0640987125138215,0.041374525597145384,0.01893656612086329,0.13016054521568404,0.0,0.034797240135386966,0.07018314274778642,0.07822314829608214,0.09473250690573817,0.030860834064206047,0.03488617409934602,0.010457224884967455,0.018592284432398673,0.09294033615016106,0.023017185326438677,0.04293676572914527,0.016239047585475723,0.005294087102903208,0.035294702990520864,0.015859062794715554,0.031240862886953043,0.005200707861517716,0.018592284432398673,0.008866184177620732,0.028691210827124596,0.0,0.0,0.01142685815589291,0.0055202267355512315,0.0315775722301546
76561197990751243,0.07500701824854024,0.06385715206539412,0.08334970437945456,0.05622770759417375,0.030390847742632416,0.07683455001289365,0.03430412024564594,0.051083708340063566,0.05689981470899495,0.02121558389640508,0.027901113246113097,0.030797887852964216,0.08743268457840446,0.042536793040758594,0.01342581755574702,0.006575964363073678,0.05075452620167801,0.007717388394200158,0.016401909808864062,0.007158062309607297,0.008496358922761517,0.01342745726110337,0.05645376012303988,0.015875248298415794,0.019449352523879897,0.0065574889987492675,0.007158062309607297,0.0,0.011731964129679738,0.02097795284715449
76561197991266305,0.05016726733258711,0.07333916423224156,0.020036437453421624,0.06935931829038022,0.01379630747278249,0.04011375741095731,0.04390405446125014,0.032725838253858615,0.056092038246375625,0.025339544619002046,0.06136830019409291,0.031972557501853203,0.04060639583431736,0.051556870120697686,0.008498112189639449,0.028581936195444056,0.019498602673677316,0.0,0.043237279121343834,0.01508401183924792,0.04367318710099835,0.03991337666957143,0.08065831126193404,0.056971538132864825,0.007201696183783495,0.011112669998691442,0.008024937795227402,0.0,0.016528751046888602,0.010637738366870023
76561197992664926,0.057026313523329826,0.06397845545715844,0.03353863617358397,0.11501914734821232,0.01193676944882473,0.059118150282278244,0.035793134915348995,0.045768441408051426,0.13164501305082535,0.021298261570627617,0.04874755237118402,0.0127696938283265,0.0,0.10419572225026896,0.0,0.023459102762960753,0.02313286840875353,0.0,0.024064123066534368,0.0,0.07236785432902763,0.04827712877964328,0.011716023569460039,0.0,0.01141684483929349,0.0,0.0,0.0,0.01141684483929349,0.0333139177770129
76561197994874800,0.060288583286101725,0.05521149392610589,0.007746143234608428,0.08522835186438216,0.023951495037772063,0.0635926184543035,0.05171812639394497,0.04129422708296927,0.07621027439034325,0.023471128817467556,0.04218680498484865,0.01664479214676648,0.03290027323387194,0.06745241714550684,0.03280296803131529,0.050440066460820616,0.02155451694686914,0.0,0.0814438902733083,0.008425363433680642,0.019753364412591443,0.02437760459763465,0.02692814833858055,0.01659180122959552,0.02175136117568234,0.01585610951106199,0.0,0.0,0.00841223736424615,0.023765838225620752
76561197995444569,0.062209847783954664,0.040538099875415956,0.06487295061954194,0.03084272679735912,0.05323377860501937,0.11194102145786355,0.00934977275907076,0.1059115029198978,0.008459144792273535,0.0,0.03240260008269092,0.018478162869878866,0.08244693438256187,0.008459144792273535,0.018126820820177924,0.01770245496707398,0.04816272160827806,0.0,0.06458744503805869,0.00934977275907076,0.012464430852751892,0.00842168105603263,0.07345454236007852,0.0,0.00813549979272504,0.01740450281776747,0.010019018077605331,0.00991008980455686,0.07311533230802096,0.0
76561197995730646,0.10505588943835506,0.05079318263971039,0.08969848494857148,0.06217220057354045,0.029517869604712612,0.06547092664119057,0.01238328395596523,0.0,0.08655877191945567,0.022010439980449038,0.026436862310866106,0.018429865631919885,0.0063725639572203676,0.056714255040699546,0.06749970157446471,0.0691616479771798,0.051965835590104,0.01443919043044006,0.0502552031604801,0.0,0.01628072802891611,0.06102995373973004,0.0,0.0,0.009379386446560046,0.010315498367346163,0.0,0.018058258042122518,0.0,0.0
76561197996331680,0.092707103985192,0.10504903798635273,0.05775735952699597,0.03852946726265776,0.01940795383974007,0.06587898570879,0.015609584280141428,0.03200658883618951,0.05064494480559689,0.053258714103137206,0.07237601106893718,0.01704362217822073,0.05169316929471888,0.03852946726265776,0.0,0.03863174054265926,0.038453334855911236,0.0,0.06852071464993816,0.005897491560195108,0.015135844322922526,0.006066123672643793,0.06591284186091416,0.0,0.013510462279544963,0.013510462279544963,0.008001715588796397,0.0,0.006434806863693125,0.009432451383908028
76561198000672368,0.06760839270561986,0.10466284016977463,0.12106950417272072,0.0393584592160953,0.0,0.05968486007559683,0.022708392859314273,0.030615460179010838,0.038966027872406044,0.06101965334803445,0.07581633725464416,0.014280720563113128,0.06784778804261847,0.03100789152270009,0.0,0.03719038567045386,0.0452464186834731,0.008411797224742074,0.0,0.007072940333039734,0.015281301929533881,0.023992474840736012,0.09104372090176993,0.021776689304987797,0.0,0.0,0.008411797224742074,0.0,0.0,0.006926145904872712
76561198001075422,0.08568491045152764,0.07801329079831512,0.04823730555874913,0.0692041936244456,0.0,0.04706684406532741,0.005816235436156494,0.02344377950292485,0.09846429171500702,0.04391192000818325,0.043746128276764676,0.01624793130924052,0.005705313805666861,0.0692041936244456,0.03212859996024589,0.05488984773699297,0.053935433714628216,0.00523095706193971,0.023638952036819566,0.015010761970862506,0.03387628586101957,0.029261669433837963,0.0182774244246557,0.0,0.020197397521476524,0.005262117689177342,0.017186912242296473,0.026435661921484496,0.017186912242296473,0.012734728005512268
76561198001198569,0.05563094200894222,0.08136193670422949,0.005090592004640323,0.06632214574941553,0.02590917113486061,0.00666733882476743,0.00666733882476743,0.08456081732259071,0.07909124479786035,0.028933459592545927,0.0451495697614978,0.011111095491958406,0.010822256739258672,0.06341022460009277,0.047811182661545756,0.11870461523796032,0.007590558098634222,0.0,0.04478102212470612,0.00666733882476743,0.06112833157338712,0.03281498303826564,0.034437868838509675,0.0065616874291308525,0.04699145138104144,0.005714379715137144,0.011624690852295526,0.0,0.004443756667190976,0.0
76561198003022602,0.0829073839781187,0.09276212267573591,0.04868613286391384,0.03828433860848418,0.030411618905183888,0.07526543210771997,0.014303890851691876,0.11125222661730703,0.01378553894021703,0.053665434736159416,0.035332962090315216,0.007352103632039327,0.0363551474308946,0.015586420928720111,0.03929772503517532,0.05863441991397078,0.023661355339507077,0.0066327074981922364,0.034091707655019364,0.0,0.01453579257510315,0.0,0.05424793324950854,0.0,0.04543801478113103,0.006624384686186774,0.0,0.0,0.046581314048012724,0.014303890851691876
76561198006572540,0.04748964636178454,0.11984790316108337,0.03371504267894778,0.05062112744388477,0.0,0.03586199535371963,0.012657958037122887,0.09065004494285014,0.016502157161203342,0.08274550985009493,0.044398250104253925,0.02207731548734996,0.047127745649709264,0.03326961150842644,0.01911875846749495,0.08963735676237036,0.03899406437211917,0.0,0.01224086288239684,0.0,0.026727024822878913,0.01905300085665138,0.03186564025850636,0.024367264425406588,0.07079518886257709,0.0,0.0,0.011369185128701203,0.012464818774141547,0.0064025266463246374
76561198006847070,0.07458799536203803,0.08194042698342345,0.015131804496051213,0.1129173399424364,0.004708046049515471,0.01983985054556668,0.05246747237675867,0.06731718936586772,0.05951215633930119,0.045749994956182004,0.05485727890001287,0.025530960872627344,0.022408925211396934,0.05344488078844343,0.004928714645812825,0.01767136517018778,0.013016972042449955,0.006710659650903793,0.030265496868122545,0.003013879121996466,0.07079981197121103,0.018401679725220582,0.06804301808741917,0.0,0.014489573296636958,0.0,0.02421595571194663,0.013993468704268057,0.003401185960775904,0.020633896853426977
76561198007100949,0.09539570097207777,0.13127189330105085,0.06920870959974286,0.03106891034927866,0.007140197334386737,0.04959748688273831,0.0,0.0593063162945507,0.00721624886452566,0.07650168657977999,0.08523937573940067,0.02504022650801546,0.07478916804229876,0.00721624886452566,0.0,0.035492749569372026,0.014058684953198963,0.0,0.04028053563084759,0.006998282332482821,0.00793654762941447,0.006746801470093098,0.10948504588395519,0.014419548466795358,0.02827650070484637,0.007140197334386737,0.010172936692235068,0.0,0.0,0.0
76561198008475336,0.031911549050366916,0.045794326613121585,0.0852559511343323,0.01876763899379084,0.07746573055581783,0.025826083708944732,0.007289088802852584,0.017113637806375495,0.00827764630297378,0.03226374453518132,0.045870256564931336,0.08711038472563482,0.12891599985978588,0.00827764630297378,0.0,0.008835991503401714,0.03265140772435059,0.0,0.01812488510004902,0.013829282389879094,0.027850422678224216,0.019977676078471,0.04734989188972463,0.05030656630940812,0.008835991503401714,0.08821207507288346,0.011253736948983545,0.037470552441533814,0.015161835402605801,0.0
76561198008608067,0.08964487679261764,0.08581772315276734,0.03235241941078824,0.06763425657261787,0.0,0.05309326695949699,0.01261891521394862,0.07408602562582067,0.021062316468395823,0.023624998313007996,0.07086931871625471,0.03378451184195036,0.026798598638587866,0.016062333124016115,0.005491937825057409,0.04035142876724315,0.039685660665764906,0.011990844921800444,0.0,0.006549346958135787,0.055313134023372,0.010508512351815743,0.03939684425172224,0.004999983344379708,0.05576725183659486,0.0,0.04491205493006096,0.011710707120469002,0.05987259942305834,0.0060001327502553735
76561198008886047,0.05538424943808433,0.07004876474778872,0.016807399881956755,0.0832076499027634,0.005855197976672057,0.03109090156315486,0.022417245904620946,0.08138133271095511,0.06691954269595554,0.026668997428724577,0.03005891906427555,0.006115959968604665,0.026888098240472072,0.05614118692688773,0.01853668893617875,0.0646783643593687,0.037087851229096594,0.004273908018608664,0.036540031220339386,0.011685055757586974,0.06172786668002614,0.016875679651660154,0.04584182416563301,0.0,0.04853471186745847,0.005855197976672057,0.016301285936016284,0.015020924637449284,0.024214386496297265,0.013840776616691792
76561198009000791,0.08788695813599952,0.08521729346428975,0.010510059858585573,0.06888199707772258,0.0,0.07660899634590401,0.013348660809636486,0.11703316685413383,0.029569621912101655,0.0,0.03564072251329113,0.03473339751992213,0.00839787185664733,0.023460678321934776,0.0,0.02025907494262704,0.0,0.0,0.012950618463349202,0.0,0.10130625491277484,0.010510059858585573,0.025713677394811483,0.0,0.07507835515247833,0.0,0.04233979729698618,0.0,0.12055273730821853,0.0
76561198010613920,0.07680161808759423,0.036883421206049795,0.05548285621497958,0.06114795612188201,0.029875969558703884,0.1008107769929812,0.012464630024828515,0.02555724034093356,0.08217316933640724,0.023622475256483692,0.04617766262176101,0.023017139075026928,0.014512073994466424,0.07570032833839008,0.04214141180708537,0.03182844311356755,0.06796318169457082,0.006787696248611514,0.04040118479196269,0.005132775936899875,0.0,0.02818653765671968,0.04465676411752904,0.0,0.018493041299043684,0.01793073192127199,0.0155598897140728,0.0,0.011558248591276922,0.005132775936899875
76561198011617878,0.09952173156452333,0.05918082495253521,0.036939807106713976,0.060040719992796095,0.013985956194728083,0.04399421355602375,0.036191154879822045,0.04349829729531263,0.04390230090570342,0.04292700378042089,0.04407605621517585,0.03600179860609044,0.06331368898661756,0.04347266085276477,0.03803369365387337,0.050177070141878166,0.03654206790584087,0.0,0.03318268634713018,0.013985956194728083,0.015812167446364083,0.022132745173397726,0.06815260806751171,0.007236672636557781,0.013478484662628638,0.0,0.00719262711015095,0.006793329084577134,0.007175978139806883,0.013057698546326307
76561198014439859,0.03315569449543487,0.023423587373467378,0.014717643144136833,0.10817646536468666,0.06550138446775128,0.06772223003339807,0.02387319992053741,0.008578454632486635,0.09040666246725834,0.023954788692867133,0.007717551085546338,0.008085409352094675,0.06293795386030944,0.098492071819353,0.04186009389234041,0.014872157419945107,0.05615307776654943,0.023471739220153394,0.04489111452494139,0.0,0.008085409352094675,0.05625350500096618,0.01994528203564798,0.0,0.0,0.08142515763314108,0.0,0.0,0.0,0.016299366444892428
76561198014489715,0.07228911445551285,0.07616789660831991,0.04649924809069336,0.023793724633260786,0.054573122754273624,0.12189441657527537,0.040871195751688336,0.048702868346085934,0.023793724633260786,0.03518590934833114,0.022799845512194036,0.014095032050453,0.010741974146880438,0.023793724633260786,0.0,0.012057871365313597,0.012057871365313597,0.010741974146880438,0.05039555035751931,0.02583447432287834,0.012003324263691321,0.01152626338507174,0.022799845512194036,0.015530252509556208,0.03923827685156073,0.028092026867683507,0.03832475805451436,0.0,0.0950516583623792,0.0111440550959534
76561198014916777,0.10314876212580555,0.0446582543659655,0.10472875363126927,0.02967575975944616,0.05861009455202859,0.10004256105739691,0.029321768522850063,0.03010239396382722,0.015051610497835204,0.022437383920663575,0.015185147192009979,0.0,0.05743491729038015,0.015051610497835204,0.03505734819143828,0.04553307959981074,0.0,0.027542963009025975,0.05251310791111292,0.028410720422914617,0.023640643328605115,0.03543234809919931,0.014296676882600272,0.01584452650491546,0.014917246771817246,0.022440949620664043,0.013541866152298512,0.008010058448015186,0.01599445051064631,0.021374997169622673
76561198014942184,0.0,0.0,0.0,0.0,0.0,0.0,0.0,0.0,0.0,0.0,0.0,0.0,0.0,0.0,0.0,0.0,0.0,0.0,0.0,0.0,0.0,0.0,0.0,0.0,0.0,0.0,0.0,0.0,0.0,0.0
76561198015886343,0.07857329479119077,0.07010869309353915,0.02935148565854712,0.12391518511171142,0.016513108954955603,0.04395464697955521,0.05717585954694133,0.04519126562667312,0.11361637092016472,0.01715458813390595,0.017221265501220513,0.009240239391945702,0.02257673951612517,0.08523280293147056,0.01735505465444145,0.03136029979632858,0.038655700584366716,0.0,0.03728207998401215,0.0,0.02531497638745385,0.01868802470027226,0.03064267131604102,0.011717369974245889,0.009332904524659439,0.009332904524659439,0.0,0.007180204430296165,0.0,0.03331226296527673
76561198016615227,0.07087663877456601,0.11531733670419124,0.04763145796685035,0.03949355377992438,0.015756188436751365,0.04030587585554824,0.015809726219924953,0.07015616279361059,0.03936765445035925,0.04714879211766527,0.05354577170978658,0.007967133317488127,0.05425833879639525,0.04828116186122081,0.031359510783691084,0.06161616283342855,0.031022069750560557,0.0,0.023786764894221255,0.0,0.0077656153884077895,0.037668286902002586,0.06965021523167686,0.0,0.039497451303878155,0.007766194615580063,0.01573332793306819,0.0,0.0,0.008218607579202201
76561198017488621,0.06085592265211412,0.04506808760456145,0.03737267156080378,0.05226145939952955,0.060752717761719525,0.05602648302528461,0.04396149972961474,0.03829519151249691,0.0651671469394464,0.050409770994151636,0.052631117812657904,0.005756488550054689,0.03515060366810597,0.05801794794958423,0.0,0.03714852474997576,0.05563716032742565,0.005808375844319135,0.026959309196861462,0.013556277866824722,0.02720890795470566,0.017699151500875154,0.03568111926454467,0.00633128405993607,0.03829519151249691,0.036317372892230644,0.0,0.01017897965610104,0.0,0.02745123601357763
76561198017725698,0.0,0.0,0.0,0.0,0.0,0.0,0.0,0.0,0.0,0.0,0.0,0.0,0.0,0.0,0.0,0.0,0.0,0.0,0.0,0.0,0.0,0.0,0.0,0.0,0.0,0.0,0.0,0.0,0.0,0.0
76561198021181507,0.06862161872762504,0.0642862856733499,0.019506973261826363,0.08533457006861815,0.012869309660225562,0.058213794463505296,0.03735891330002804,0.09601324323402192,0.08598437961455414,0.038860684497043343,0.03937481375291231,0.0,0.006384195636903745,0.07259286059193867,0.013415793216805938,0.03316207649489743,0.050021509633760806,0.0,0.0065239965480536795,0.0,0.05740526283078125,0.006201133381973155,0.04667653421184321,0.006357513839775738,0.03581210441943538,0.0,0.01428925038265262,0.0,0.021650071595755965,0.02308311096171233
76561198021642939,0.03166619325421038,0.08030440297564154,0.02491199040599244,0.07457242883927366,0.03230242876470721,0.008667231719432362,0.02630786060239969,0.08253687845494707,0.024585978118042782,0.057136429217733736,0.017046030987305193,0.05680324613346807,0.05979334989194872,0.04020717827606954,0.024159150010611117,0.08942551673408333,0.04834391592842001,0.0,0.037083199392310556,0.0,0.02319833934991816,0.03406434763878952,0.04456680162506247,0.0,0.057085817936951236,0.008430583871867315,0.0,0.0,0.016800699870813864,0.0
76561198022647651,0.061292223045485976,0.0479004895866133,0.026492822649902287,0.06135825344478315,0.059155730518345044,0.04266839126581222,0.041493925127295724,0.06749749194920902,0.040360886079956644,0.012927908961990833,0.015372105598994892,0.01839902339250828,0.005895529333308408,0.029235483609596487,0.03723429218797763,0.05853651879823883,0.00709906965114235,0.043022415108489614,0.043406095320207796,0.019178263545930052,0.07853309774201761,0.058955038270459774,0.0,0.0062902605376161675,0.038119091651021224,0.01239292146978025,0.02489214784081047,0.005895529333308408,0.012268623049351886,0.024126370929845497
76561198023268375,0.0,0.0,0.0,0.0,0.0,0.0,0.0,0.0,0.0,0.0,0.0,0.0,0.0,0.0,0.0,0.0,0.0,0.0,0.0,0.0,0.0,0.0,0.0,0.0,0.0,0.0,0.0,0.0,0.0,0.0
76561198023629256,0.05032691878613517,0.0597326277121045,0.02350199834764891,0.08817013691521522,0.021143496407073768,0.023538217637330442,0.07422588768552298,0.07105648373792374,0.05079262728801001,0.02614907660979026,0.027804362027265134,0.013222830401558585,0.03822848852871678,0.04236104548925199,0.03237599703486149,0.016823731381914026,0.03313498846574478,0.0038814949190567323,0.01128189318613136,0.041645071785769705,0.04400143531162045,0.029899138066159545,0.03299354479284529,0.013779705017084767,0.01852015623645772,0.013815298184055821,0.02953225076495053,0.02483972560440184,0.0,0.04322137167539839
76561198024043746,0.0732758747691267,0.058118847900584976,0.039626076268823036,0.06858296948854659,0.0054512447902132655,0.049282653338280726,0.041373159207334004,0.07434510861393173,0.06966814909148425,0.03234536412015448,0.06101366575216018,0.005111193930608707,0.0,0.06531608509165918,0.03405231327448034,0.04682633680463441,0.029720777064477198,0.0,0.008350975165206618,0.0,0.03747037768496742,0.0348549528855527,0.024373257553536063,0.009280792719004593,0.040899813941875265,0.0,0.026389345073648176,0.009855471531843515,0.021605958337485937,0.03280923560037991
76561198025419566,0.06398010616102935,0.04358109462464945,0.044695824177754716,0.012288299635450512,0.0924030835274421,0.03811270750176705,0.07666793912585718,0.04443895427254552,0.0060199303898293335,0.039574930246094736,0.015531904415746827,0.00771637910049171,0.013623846186839216,0.003190596605261275,0.029506945810081956,0.057042644442140085,0.01766000016616573,0.031200851656960696,0.035942798400869176,0.043020575354505944,0.0,0.017653565976943474,0.01867541906436083,0.0072560124421754075,0.03960924183460744,0.0690625643107609,0.03874395301160736,0.04493641625348966,0.013112685842725178,0.034750729461847166
76561198025420677,0.06533466244428399,0.087551106421585,0.03217581078829248,0.09375280949233028,0.013319993399451323,0.01910071716399236,0.00729078288717547,0.05985016930463971,0.07236795241473357,0.06186717353704992,0.06301719028308096,0.0628832061475094,0.01904921765034555,0.06734663890722989,0.0379640627938048,0.026708090056460604,0.07402046770391171,0.0,0.028827907224965515,0.010906011412345084,0.016276369674650272,0.003648128645470521,0.01904921765034555,0.03140853329909365,0.009651630165217882,0.006980520366816557,0.0,0.0,0.009651630165217882,0.0
76561198025710872,0.08361435739390664,0.09806615018911655,0.07262335630973643,0.04486874906335031,0.04496979528365159,0.03109069674306093,0.02625393225395261,0.06964829447541387,0.01949259374727437,0.06790059908973167,0.013350954677483505,0.01941546046490902,0.03203949328732149,0.03125161725111594,0.005983395313450165,0.06502518256901245,0.050998406998314705,0.0,0.01917079111421903,0.005902951230874075,0.02647085259107818,0.006141639069790867,0.06489552065145882,0.005902951230874075,0.04432867628453649,0.03133372505123359,0.0,0.0,0.019259857665132742,0.0
76561198026512221,0.035417575436397356,0.14666208788482057,0.01090017589856848,0.0693443536103776,0.0,0.0226854433541922,0.010745613551608682,0.11076273812399581,0.03591341931923605,0.06641042504560858,0.0583760816259692,0.011764639266872422,0.04983693359342398,0.05377346790640114,0.017674285611222425,0.08582804222152479,0.03342060598114124,0.00538983656375591,0.018305418015977546,0.005323965209010284,0.01906958447743407,0.007043021224841624,0.048817385173435035,0.010806509235623367,0.04856273224784205,0.0,0.011764639266872422,0.0,0.005401020153847099,0.0
76561198027570687,0.07067237209443,0.11793520336973237,0.02495464480289286,0.06511356143008319,0.018176719390740767,0.045484143598950214,0.006151195848144433,0.08007409863523883,0.023514542829358956,0.06088824275542572,0.04784711148854644,0.017742785012334214,0.06522590562166289,0.0220255896185572,0.006501967051868509,0.05086067368647814,0.028560061285248697,0.005510903598931127,0.041929040930297125,0.010792917610641656,0.036249459040777574,0.0,0.058306555684627066,0.00513856292240586,0.04701818756037164,0.018176719390740767,0.012764429239507548,0.0,0.012384405502006136,0.0
76561198028531972,0.11934960138561003,0.0734848903914614,0.0552145289015323,0.04743098530045191,0.0,0.10000295469075585,0.016866848339525235,0.1034340767236761,0.013674888368301366,0.04835678908186288,0.047221876846773314,0.006555866791964082,0.08156028710296508,0.013674888368301366,0.006963148239917273,0.02006843083546937,0.031057446622891983,0.0,0.028136916025911854,0.0,0.025270845434506365,0.0,0.050032684638938986,0.0,0.030515121563421413,0.0,0.015427263140753898,0.007924712589277579,0.05777494861573039,0.0
76561198028843852,0.08847915806926601,0.12447038128781585,0.06483555734057934,0.0729006726832709,0.0,0.06545511668355738,0.010306132161959638,0.05872894064885203,0.03472206556827135,0.07734703399470823,0.061461653091253864,0.009743094679184315,0.056851732391835455,0.017883339714160427,0.0063862356665401075,0.02552828751994441,0.02833582990173125,0.008450256782795285,0.009743094679184315,0.0,0.042905283765142486,0.018545349379345058,0.06745713530332814,0.0,0.018828266445917268,0.0,0.0181933514619796,0.0,0.012442030779377162,0.0
76561198030076768,0.057841022232419714,0.07208175394330738,0.050847435520522906,0.042183331241996,0.053574249886685514,0.07372071139672196,0.013375808764155539,0.0520832505776052,0.04930490682273163,0.013806704075697115,0.03560049960404881,0.03439940586999702,0.024789979369796687,0.03532693465409286,0.00777098422193383,0.0348290967141808,0.014152174497252848,0.0,0.07031196780722854,0.03619601198187196,0.02205128113424757,0.015536980686916432,0.037106770413010914,0.03608129105356988,0.02802415151695833,0.047104664605163424,0.0,0.022067765634373807,0.01297446918561018,0.0068563965879031375
76561198030700598,0.06840276307689531,0.11144212289961332,0.018151735476760345,0.08801532626157356,0.006174419916940596,0.03198222897793475,0.02919854810282567,0.08515168068341311,0.07195328058144643,0.053887554579695594,0.03894071410321013,0.0,0.03621764995352247,0.07080339569724543,0.0,0.046692385600432026,0.05090889871673846,0.0,0.023343669574714808,0.0,0.04380069746786646,0.00575916985373431,0.044752379228195124,0.0,0.035541962619436734,0.005616142665087961,0.0,0.0,0.018205687897895808,0.01505758606482147
76561198033159937,0.029599213606936802,0.07858143517593741,0.021760606573412618,0.04390637401227466,0.03690141317215061,0.017992300752677423,0.03693935203101063,0.04725777223382574,0.04883074459140725,0.04003182234852093,0.043221649657561985,0.01167194750969475,0.04721982106605668,0.03496700529193886,0.011018711287437649,0.08557908576821724,0.00914085016595706,0.01791549880853392,0.04379198069030062,0.01791549880853392,0.06929065748557361,0.0,0.04283424435917279,0.03472323205705892,0.038318403513489946,0.014440503205206416,0.029034828470409266,0.00914085016595706,0.020058698382211144,0.01791549880853392
76561198033904301,0.08337582882317976,0.09515387029195688,0.04797970853116288,0.05887038280463437,0.0310877044620626,0.042675697379609474,0.01071826264297508,0.06825691760447146,0.018691507694143388,0.0749163160806692,0.05891453434290494,0.005744796818560986,0.05051263395647238,0.029870191838374884,0.026865815863182263,0.07069527616690029,0.03599905540627631,0.005080980953994909,0.027757209803198294,0.005284788060206905,0.005004476548491896,0.03222622053103778,0.03821423110297882,0.00570622621024778,0.04001934100625365,0.01426745924328996,0.010825777772555896,0.005284788060206905,0.0,0.0
76561198035576206,0.07811378825291253,0.07883028686008711,0.07308185521552753,0.028377093567136715,0.022723491545785304,0.05021121349509199,0.019739250957385046,0.0845343716958793,0.013661237455217325,0.04687313010573789,0.02230034504220674,0.005836910045603054,0.09855290781944129,0.019737985980147303,0.0,0.06404712294309287,0.050021041186224365,0.0,0.0,0.0,0.01948583380196164,0.006076748524929978,0.05829795797873867,0.006253684020091368,0.0681359080747094,0.006208506645217351,0.005933143675127609,0.0076874783162625086,0.05903643912168849,0.0062422676737966904
76561198035678145,0.08218838495052928,0.04318250620705234,0.07914128418929568,0.11059064588712124,0.008399961046366044,0.05070168914136352,0.050108967365476306,0.03247365636592282,0.06004239055396588,0.03704773753961897,0.01103758561516812,0.005295454390347906,0.01103758561516812,0.07071128065257719,0.0426090452672052,0.023085897963998805,0.08723292242209135,0.03594041065528895,0.012789163253683948,0.004746493262206426,0.008205957920243059,0.023473511526264205,0.01103758561516812,0.0,0.02218456342093229,0.004746493262206426,0.015871109387972877,0.01295432203990752,0.003670943813823654,0.03949245066903368
76561198037116274,0.05061277005332508,0.12011093975018422,0.030011785419858012,0.08325724655327503,0.01527169257908026,0.028259962013420424,0.014894057368897061,0.10566434320396009,0.07725078700356701,0.03531560805572064,0.03523100636235777,0.0070249916173668655,0.01904114541169016,0.06538102781893748,0.006777250779528342,0.05855041854982861,0.0076033014149612275,0.0,0.009221730999674433,0.0,0.09221833540396548,0.014060349418273164,0.02251545223090676,0.0,0.06588754075466982,0.0,0.006960083012910845,0.0,0.021541052018799838,0.007337122204841209
76561198038492608,0.10433210573851091,0.09499895271811507,0.1031183559225176,0.01885985035887171,0.013513331746147645,0.09843556912871278,0.019322330964045,0.07573726375786666,0.009402184155044993,0.024002499299342072,0.06968884514477305,0.01796574683032913,0.044686481297064984,0.004709766033302028,0.00979356689624644,0.02580299824392525,0.057622727671748905,0.019857959022065785,0.017695568430570532,0.0,0.0119549296667382,0.005106000109959155,0.0381993712400595,0.007870819335804408,0.03480798048396885,0.013513331746147645,0.014562084444969328,0.0,0.03979512961204258,0.0046442500011101605
76561198038973945,0.033568277576734085,0.08449477499000779,0.016458736471154263,0.10032116045042533,0.018888268832189428,0.0027870580096319847,0.05135751502577736,0.08517443276542597,0.020254768964730527,0.026440301178708627,0.015492801589059161,0.031022112207811973,0.005352508950198134,0.047286208904624615,0.04440015484111259,0.09681148415381931,0.03954682849125019,0.014873694349513428,0.028494236101486266,0.018375525085172064,0.03736699982728672,0.019791588524067,0.023349968567887913,0.0,0.05622515789520129,0.0,0.023394488704717477,0.02084220432612301,0.01686325909117727,0.020765484124706354
76561198040275236,0.07574490047371826,0.10358661738226303,0.08616135747545234,0.06170213353481855,0.038005536764068384,0.043833182291586704,0.02093001893510169,0.058613700369927524,0.029239443917366326,0.036923831080530906,0.03828525206755957,0.020892268300677523,0.0511795257707262,0.030502713227275616,0.007579360625094908,0.05752482542254262,0.02857112783465202,0.006791326695028107,0.02903728429877585,0.013976368301795179,0.01515553545816446,0.014329150930881258,0.05084283545294226,0.0,0.02932190293234482,0.030812989158301413,0.013707020992618208,0.0,0.0067497903057863505,0.0
76561198042424940,0.06439461280247767,0.11184555711101608,0.050351190870793316,0.056782188148428954,0.005756746640676885,0.052571017461732754,0.030051528639831845,0.060159407432829576,0.03982240811545338,0.05623065348195049,0.06062986973204039,0.012285648781740535,0.032609989867979416,0.03268750947592673,0.006856636450174211,0.05000486248032051,0.054034076403774924,0.0,0.012104810929251504,0.005756746640676885,0.046353660032047175,0.008775463714968164,0.059824265455190734,0.006945183807982587,0.04031485864066377,0.0,0.01884500367536696,0.0,0.011899819867384372,0.012106283339320291
76561198042752440,0.0571106626164972,0.047384194461069735,0.04271942940894525,0.07822418504448353,0.038845003363001986,0.05476402868620364,0.07948899063058733,0.051665862539946594,0.07476076082438961,0.022810547036050902,0.03507378641985586,0.01808266235880143,0.0,0.06358858405098174,0.0443260669107245,0.024781231092681783,0.0444356077191903,0.005903535817817578,0.028314486348308927,0.012381975847792178,0.02232895364353686,0.027653602062695834,0.011916624193128788,0.022528946694791708,0.02232895364353686,0.0,0.02178712998301345,0.01841350275949071,0.0,0.028380685842475595
76561198043309202,0.05398515144659713,0.09178234505737304,0.05891479818338814,0.030230203023998415,0.01622845506561297,0.02664330480354502,0.02741916781548947,0.04738065362430063,0.004585427595399126,0.08862195216644914,0.07710122762096104,0.055332642463508185,0.12179202328215369,0.01445808922260674,0.004585427595399126,0.012173042868516896,0.009108684485749474,0.016288510312053566,0.024016957233593452,0.005664202617689281,0.007738663106618518,0.004729520593809781,0.0923918179199906,0.0231832449134275,0.019911705975135415,0.006191836585504823,0.016695468803540354,0.01922548070820665,0.007738663106618518,0.01588133180276333
76561198044169133,0.05634510199824339,0.07679089969622004,0.021738243656169453,0.11894638944774608,0.0,0.05397557648322331,0.032113567204151164,0.0702858225643794,0.0913170730915363,0.013230724871028545,0.050312858852177775,0.0,0.0,0.10474276290818152,0.028960752798360193,0.028319391887672376,0.008138222850030179,0.0,0.02002111834715089,0.0,0.10428691435183916,0.05083947122512786,0.007386447859124276,0.0,0.012590958948710835,0.0,0.014446574696057373,0.0,0.021114423329992547,0.014096702932877299
76561198044695535,0.03265352559379546,0.12304353426087505,0.021839217018377304,0.04216668394727521,0.0,0.016921844970172184,0.0,0.090380224503334,0.028849723250073307,0.06773513615101598,0.07923381800094823,0.00744484740620109,0.0534277206595209,0.03720430079330917,0.0067154866112452095,0.09754098743637496,0.05586253137767288,0.0,0.04715926746952319,0.0,0.01509167590822425,0.03283559040229893,0.06014629737562402,0.009741503972471727,0.0740060828916669,0.0,0.0,0.0,0.0,0.0
76561198046112241,0.048102914600864285,0.08413342331539865,0.0273861693837885,0.027247907009153218,0.03375531630226628,0.027854591757271598,0.007138080606935662,0.10367009093281167,0.02723024407928585,0.0634593099040101,0.02855658376103124,0.02210734012905791,0.06383446310339162,0.027247907009153218,0.02018402949530195,0.07013436957564262,0.034064218716860176,0.0,0.042912318936512,0.0,0.015784133248834632,0.02080476802973145,0.049765931081352945,0.0,0.0591157057211935,0.021471441103882667,0.0,0.006503736065330412,0.0603969255240023,0.007138080606935662
76561198046544865,0.09703986124320933,0.08071212009630485,0.06866840499611544,0.07756624049556003,0.0,0.03228191640209678,0.018675227664575227,0.02365179802969474,0.06737069860821243,0.047890738542180594,0.0674392701698086,0.036514099143808106,0.007032419716232678,0.04213979776429556,0.03954205208451986,0.035486923545233945,0.07968643681083325,0.011972240716897153,0.006688266535286588,0.005575845295098525,0.05347854287807403,0.03010049836909078,0.037514210376147536,0.009013024186765427,0.0,0.006405063134112075,0.0,0.01179109474760345,0.0,0.005763208448242975
76561198047089807,0.06332622047546384,0.07288472859123245,0.04355683834203123,0.08003580946631388,0.023035530409350524,0.06612613914302716,0.02832780642929293,0.017734156086073365,0.05219654945369216,0.03655674269457676,0.03478938510745593,0.03354384047356939,0.04942175746457167,0.060911190150392966,0.018046495770991423,0.018046495770991423,0.017829425798312596,0.0,0.04315942963363,0.0,0.04464240733003213,0.017652273679380315,0.03507684532622027,0.023895379220156155,0.01912395627439648,0.013340343369629476,0.020109987881145076,0.0,0.06663026565807033,0.0
76561198047338373,0.0,0.0,0.0,0.0,0.0,0.0,0.0,0.0,0.0,0.0,0.0,0.0,0.0,0.0,0.0,0.0,0.0,0.0,0.0,0.0,0.0,0.0,0.0,0.0,0.0,0.0,0.0,0.0,0.0,0.0
76561198047882234,0.07454297971535574,0.09661296183729365,0.030302929345809054,0.09930396640681385,0.007872319646418517,0.043977259698037084,0.009392551355750258,0.09811699940839595,0.060640141111511295,0.04665809119661583,0.046551438434150674,0.014391531234308912,0.04398503140762977,0.07534087048083875,0.0,0.02972040126553654,0.04388776476622608,0.0,0.024176343001161914,0.0,0.07597141303031447,0.007330824369970611,0.02283847587307159,0.0,0.023856057193207394,0.007872319646418517,0.0,0.0,0.0072647782194132085,0.009392551355750258
76561198048967211,0.06002577319045843,0.08532553421170672,0.042049451955716056,0.09174978476519612,0.0,0.05561847352605944,0.0,0.10969060185892288,0.09242340588078925,0.036137055357375616,0.05809940367817281,0.008136619257243054,0.01569185636270664,0.0844011113414085,0.0,0.03402653671522421,0.05234830611418619,0.0,0.01775971371465005,0.0,0.04989300789340331,0.03217177572976212,0.035148889141818115,0.0,0.008488023868761295,0.0,0.0,0.0,0.030814675436439225,0.0
76561198049192663,0.01614379144695335,0.03519937644275226,0.007225801201882115,0.035545752744845956,0.06621605899555007,0.04070364916030248,0.04748088179514344,0.043169029688932575,0.04808007792039003,0.021247741966164545,0.034405681121153886,0.02230367209017859,0.09500621415429093,0.041787678471726965,0.020190980608985987,0.05685743340796739,0.0,0.0,0.05323512194747315,0.013486073177982297,0.009261594984876768,0.007738534324845739,0.03559172448190648,0.028546827190056922,0.06342279706731695,0.06723372710376997,0.03620299991639044,0.028344870568703374,0.006210520557259239,0.019161387462198327
76561198050935092,0.07308812168137126,0.056277496239095795,0.03096076285194518,0.07112922009193516,0.03276892770803322,0.04935304751326504,0.019282548159623117,0.06992518668487105,0.05818859179699886,0.053889195737551424,0.0354249151563662,0.018038811266935257,0.01147234372664001,0.06399832265729978,0.022652927152892875,0.07895510134164078,0.0787378138760589,0.0,0.023980894633249775,0.0,0.0,0.01212177596902804,0.023667155920157418,0.006003787223330734,0.04880024306751151,0.01872347083972676,0.0,0.0,0.03720642774448902,0.005352910959982803
76561198051250642,0.05061243791424019,0.006639424456202216,0.033846332278335826,0.1250505738984855,0.01736486363371266,0.04145027905641117,0.06999199413517791,0.022421474692935723,0.12390546483000568,0.010065751804559361,0.00549103589046007,0.0,0.01998315800859984,0.1250505738984855,0.02736576386315587,0.04426363188687707,0.045341497788748214,0.011595092503208212,0.05621547658564133,0.010798531013001185,0.03270337147856976,0.017756584133874747,0.03309187291460667,0.0,0.016705176260761578,0.01026644266680942,0.0,0.0,0.0,0.04202319440713437
76561198051389016,0.050835842234163986,0.0774472846057501,0.04813584476302497,0.009781974312805702,0.07117177453371408,0.07215475989966741,0.046925216979606985,0.034603524809605914,0.012557380589307644,0.022274632741530444,0.0027754062765019427,0.0800055981367904,0.02963553375540905,0.009781974312805702,0.004314102140515207,0.05158128762347883,0.03085467323583397,0.0,0.028181032184552632,0.0,0.043732409000291315,0.012428485967746908,0.014084696195326919,0.003757810330600342,0.06967151778074979,0.0,0.018883334438060298,0.02428407221094634,0.1263820206106131,0.003757810330600342
76561198052549305,0.08443630617872072,0.07633354396403166,0.0265785106471841,0.008539338175805364,0.007999610165309073,0.07551442166404201,0.018832106255189728,0.1474504882435721,0.0,0.05876856695339175,0.017796692254918964,0.03461158939665845,0.00940249498439362,0.0,0.0,0.03859568220068176,0.08419113939085435,0.0,0.018970854260979726,0.0,0.008539338175805364,0.008382366458258208,0.019349526515718477,0.0,0.08208545012636857,0.011141225847785844,0.0,0.0,0.15195591116719476,0.010524836973135464
76561198055294662,0.0,0.0,0.0,0.0,0.0,0.0,0.0,0.0,0.0,0.0,0.0,0.0,0.0,0.0,0.0,0.0,0.0,0.0,0.0,0.0,0.0,0.0,0.0,0.0,0.0,0.0,0.0,0.0,0.0,0.0
76561198055617328,0.0,0.0,0.0,0.0,0.0,0.0,0.0,0.0,0.0,0.0,0.0,0.0,0.0,0.0,0.0,0.0,0.0,0.0,0.0,0.0,0.0,0.0,0.0,0.0,0.0,0.0,0.0,0.0,0.0,0.0
76561198055682730,0.10481302756201351,0.07760998491817034,0.03797413249065762,0.055754088679574335,0.0,0.057223171648742015,0.020012454447998783,0.06099164131133719,0.05573569479654294,0.03761233231439001,0.03719284219193421,0.019097405795933678,0.08453903571763847,0.04669717354005837,0.009747909233279268,0.01955519999261057,0.035769062936751535,0.0,0.019715618470817348,0.0,0.06420814748950725,0.0282019661058242,0.08681494898916593,0.0,0.00973650361467475,0.0,0.010212678976194755,0.0,0.020784978776182985,0.0
76561198055895597,0.03484591812929166,0.016813819926203896,0.00619461847435099,0.05214142892714275,0.0576110487481423,0.01693932216020272,0.04863885539847786,0.11985264908172162,0.0,0.02241773365972021,0.0,0.030662882576913228,0.0,0.0,0.016091621838746756,0.010521320376558977,0.011492865227445168,0.026437389587485392,0.01646002533377886,0.045835453082842335,0.05965944765402864,0.0,0.005529655473073783,0.025066397974804103,0.11674546909794403,0.04164979665402977,0.07029178053857991,0.026711038680171835,0.09799341512323617,0.023396046275106993
76561198056078990,0.07480397876096892,0.0785970913911509,0.024778481976870458,0.08011961691235382,0.0,0.06960690204726697,0.013903684241313444,0.09478859857606098,0.06791019634131086,0.022956681082306425,0.039775280746306076,0.014598515356812518,0.006223644325685635,0.08384594155312484,0.012552830064954315,0.036221100679820484,0.009839099933811707,0.0,0.02158707591534099,0.0,0.07643191884629483,0.03957731314646161,0.035443568957844694,0.013701377946625893,0.02775851357484997,0.0,0.0,0.0,0.04874638497709914,0.006232202645364431
76561198058903842,0.06377236326981674,0.08541472645823232,0.05338253730857478,0.06321903019881908,0.01797292618518562,0.035134547775308486,0.022067276173483325,0.07449602473818202,0.04438380161092533,0.012835924846229453,0.05956954893798466,0.027203634787427114,0.03215989127855609,0.04363673315988062,0.02800873896376296,0.0465187975413307,0.032682002965665036,0.01360621205214017,0.03130355703313445,0.011133533644788385,0.035382341911724666,0.021950873344731323,0.04705299001674675,0.02396945849101784,0.025379581255618237,0.003247566094829039,0.006907493859525948,0.003247566094829039,0.025463283257573712,0.008897036743976206
76561198059495299,0.09323929909236789,0.06147457803109597,0.12454611897289779,0.02629037456733045,0.023151794187572704,0.05023773455254974,0.030426348323019436,0.01686140866412439,0.00929363860268153,0.033108663082235305,0.06789000069468357,0.04368177201542114,0.07891666143310617,0.00929363860268153,0.02233275336264623,0.014764983301203372,0.016391978699869584,0.0,0.04375989716166401,0.015916778396766553,0.02641076547104186,0.04613508490996782,0.05230680538216007,0.03337047327789404,0.009262026274723606,0.016776815738075,0.01002396820533323,0.01654067694172757,0.0,0.007594962055159404
76561198060883629,0.06700316646205447,0.05690884721979922,0.009803696564856206,0.01972226626903605,0.04319730558763292,0.05816878032930771,0.012907077681006721,0.10322363806994389,0.010136908727083229,0.022857678729515662,0.013053982164659457,0.0348430985582437,0.06783896866475546,0.01972226626903605,0.0,0.07135411821607175,0.010759726572202519,0.0,0.05084665516713872,0.0,0.033135911118195,0.00958535754195282,0.023666804253209238,0.0,0.10678841966877696,0.0,0.012907077681006721,0.0,0.12866117080350897,0.012907077681006721
76561198061178161,0.05979506080181765,0.036763951266780504,0.05377417942105035,0.04048069980574038,0.04821358293529557,0.07880176436781385,0.08570929653456967,0.02235120320612674,0.04843469326657296,0.0389427354051744,0.0380062349542085,0.007016700002362246,0.04022113184356622,0.033463999803378136,0.007184668343874129,0.007184668343874129,0.02215536180706896,0.021985992254336027,0.04430715142651037,0.03933937413585727,0.011148995228593543,0.007184668343874129,0.03235056452523192,0.01483816707033201,0.014687538818938497,0.009306730266923427,0.030116025184137318,0.03920587977736782,0.014687538818938497,0.052341442039684896
76561198061442799,0.0,0.0,0.0,0.0,0.0,0.0,0.0,0.0,0.0,0.0,0.0,0.0,0.0,0.0,0.0,0.0,0.0,0.0,0.0,0.0,0.0,0.0,0.0,0.0,0.0,0.0,0.0,0.0,0.0,0.0
76561198062256620,0.06519675950323763,0.07550072696017861,0.053371779534179264,0.05585379875038244,0.019010791889217078,0.050705412485552985,0.033316176403516216,0.0212822829394942,0.04575878990759735,0.03240329101009015,0.07141287195871504,0.05299410250464118,0.08834335041128229,0.0353552978913763,0.019556572511626156,0.009887222399443256,0.01449134701768463,0.0,0.0956703742813389,0.019530676561349377,0.020863950873691667,0.0102843878888805,0.0888748373801179,0.0,0.0,0.009113115500773775,0.011222083435633197,0.0,0.0,0.0
76561198063490669,0.07335020640067753,0.12351260747031707,0.042361495784620624,0.04837883877803708,0.0,0.04857277361131591,0.0,0.1052482617818765,0.03546125114363648,0.042261955766425496,0.04328658267898584,0.022123360479085852,0.023831486018337292,0.012868936327117018,0.005855294456496197,0.07116067578735746,0.05222712197561469,0.0,0.0,0.0,0.04014271288473382,0.01125790439699932,0.036984481733168574,0.0,0.08045087419280611,0.0,0.017628281957834176,0.0,0.06303489637455681,0.0
76561198064339088,0.08431703608768887,0.0718734277543308,0.020745628152711127,0.05431634348699496,0.010462822494690726,0.049725853068495494,0.05003843103777558,0.07460068877497873,0.041959686534313714,0.055583443660582016,0.03356547576496692,0.027317430920794916,0.006005125435712826,0.024000994692534586,0.02311640644549514,0.013838034127721114,0.0713517465221589,0.00612243805007887,0.011673408568186638,0.03804066792403864,0.03762551859682646,0.023866461873469576,0.017457403161311193,0.0,0.015539049713718299,0.0,0.0625661882138855,0.03009630734733204,0.013210642452940619,0.030983339136265855
76561198065931138,0.0715789249088374,0.09264618714441049,0.014932843603784617,0.10523728536569081,0.005823872446664133,0.029346004830924238,0.0247247716108691,0.06897350943610232,0.017705856128236806,0.06306744158711138,0.0572980713937376,0.0620878014425889,0.00908087563092964,0.022602860160102475,0.016352173263529318,0.030743881107923074,0.005851967972854976,0.019647393782392594,0.0,0.018822539723306105,0.09404042248545776,0.0,0.04411709438408315,0.007478778065122834,0.02273820575416163,0.0,0.048771577463949056,0.005891279546972757,0.04043838076025681,0.0
76561198066122279,0.04114472952262718,0.11028207797119474,0.02758497498477183,0.08244481485165175,0.006898839065909224,0.021716987606085012,0.024719822839898056,0.09238439005323965,0.06796061486829323,0.04302892770079441,0.06174806936854745,0.02970162628374092,0.027095799948927878,0.06661058346955602,0.01659543561878611,0.02963382329561981,0.014030072509180072,0.0,0.031226463629113577,0.01621428544925292,0.08127629654242448,0.0,0.04857004165550722,0.009315446383343697,0.021856977834840273,0.006898839065909224,0.006898839065909224,0.0,0.014161220414875997,0.0
76561198067067279,0.05889947024407224,0.11875788825103417,0.036801529934040095,0.035918696950198475,0.0,0.04165652127430982,0.01362159944247644,0.13213989833857118,0.022637877289857982,0.05249002311817407,0.028375049420734214,0.008379494795230136,0.049956620841757254,0.01680227838379613,0.008500572691171058,0.07526471452894032,0.02067246789582095,0.0,0.030298211966931592,0.0,0.03031542562590356,0.0,0.06174029953643125,0.0,0.08299772145681356,0.0,0.0,0.0,0.06666542704584973,0.0071082109678859496
76561198067362761,0.07965875395289318,0.11784770889755773,0.05607326499070526,0.06884959364644687,0.004948012259326104,0.04478780906639567,0.0,0.06663954943695877,0.012914965497654427,0.06980618927253814,0.04666404458068863,0.026232520192381408,0.04555466808719971,0.020715596085896258,0.03224223921105422,0.046967257330612834,0.04007632994803801,0.0060900464776955845,0.04396792373131014,0.0,0.03806770867338576,0.0344284758277961,0.03784398186961871,0.0,0.02905071977771549,0.0,0.013433369876858604,0.013308498011841492,0.0038307732974308794,0.0
76561198069077998,0.08651965764917713,0.09418305326724251,0.06235254269918013,0.0841592925646662,0.005009686739548724,0.0357056331306418,0.01888298879988469,0.04706163465283746,0.040755753901088425,0.04721005860234126,0.06129148859077601,0.019775886737035807,0.017840857530244413,0.025169067680495285,0.06057882117146512,0.05877876242855437,0.011401231014287654,0.007760821665753116,0.016498888130885053,0.01888298879988469,0.04058543692139484,0.05553685634799262,0.023514482933641532,0.011417804382355966,0.016781989214583785,0.0,0.017289259566831625,0.0,0.015055054877209614,0.0
76561198069752493,0.0,0.0,0.0,0.0,0.0,0.0,0.0,0.0,0.0,0.0,0.0,0.0,0.0,0.0,0.0,0.0,0.0,0.0,0.0,0.0,0.0,0.0,0.0,0.0,0.0,0.0,0.0,0.0,0.0,0.0
76561198070374664,0.05898574696664946,0.05663991600159939,0.007339796529795779,0.09598159023576838,0.0071250254081895465,0.04178491319481738,0.0335474295189239,0.03845041238565635,0.07082672093925939,0.007743226867063887,0.05779979378072656,0.03989928585410879,0.032002432757661216,0.060432578358976426,0.01583818372572435,0.038673386664755505,0.010244745911816795,0.0,0.0518354968975659,0.0,0.09267865694577157,0.04305735036206157,0.042597825514192986,0.0,0.007743226867063887,0.007489756194702665,0.027568909041171406,0.007856113961364193,0.018785330490698526,0.027072148623914112
76561198070384606,0.04477784120913178,0.027978977757431987,0.031980266930715165,0.04842973699956713,0.08501105524550613,0.06037116841025647,0.07191266062296554,0.052420055207650154,0.021902888205231702,0.026261769471898715,0.012343638479700618,0.04783765731915477,0.017873900249182516,0.015358251896715728,0.026829259657494667,0.04678854223106085,0.017377080540215285,0.011565877592661354,0.0525075802739898,0.043369311823496084,0.022468550873375837,0.012954576754535001,0.018646883225872705,0.007955492370338737,0.03222902343700198,0.03228363386202323,0.0411459945472532,0.034013930731304855,0.010525220038941546,0.02487917403532646
76561198070394564,0.07147837027684933,0.10501731786509293,0.082410508754508,0.03393876952251903,0.018513609778752445,0.07041022075207636,0.005458960853872168,0.11662706699258416,0.012715524703474408,0.03247394351459903,0.048119340226078645,0.027058050387993766,0.04190090797788494,0.012715524703474408,0.0,0.03532680929965582,0.020659035636287012,0.0,0.02508590334249373,0.0,0.027658089320651127,0.005269250567616551,0.08542629519656528,0.0,0.042231018153692804,0.005458960853872168,0.007896554148175696,0.0,0.06069100631735798,0.005458960853872168
76561198070426327,0.03275723148133319,0.06447045657935092,0.013448243395199169,0.11426270059987544,0.005426576623140962,0.021591655717599183,0.06451646636005455,0.05326659309946736,0.11428097243380889,0.020050717437398138,0.030538043264869162,0.029014140338849612,0.01796259478765142,0.10187186377172194,0.013113272774473527,0.05620043269850194,0.04611050065283919,0.006193753849454558,0.02107239991957872,0.005426576623140962,0.034515895307069645,0.005257336295025774,0.03187018655519579,0.0,0.047259411463729875,0.0,0.0067886417519463105,0.0049271618669539845,0.005106058593772382,0.03270011575799736
76561198070463763,0.051697148602117465,0.08246523279583505,0.03118303520049219,0.05321598588447134,0.013152573256488373,0.05004612895066568,0.03789768746968946,0.04595220069082575,0.06217043185242835,0.00013682532009467373,0.06347160385907316,0.0,0.0699954428921389,0.05321598588447134,0.009060063623226944,0.024388451203496104,0.014818372884895141,0.0,0.07365418935595795,0.009060063623226944,0.04074012869812051,0.021986835417734503,0.08349207628254188,0.019642507778667186,0.04107282859362158,0.0,0.018915989303810315,0.0,0.02520044654197848,0.003367764033930842
76561198070682954,0.0,0.0,0.0,0.0,0.0,0.0,0.0,0.0,0.0,0.0,0.0,0.0,0.0,0.0,0.0,0.0,0.0,0.0,0.0,0.0,0.0,0.0,0.0,0.0,0.0,0.0,0.0,0.0,0.0,0.0
76561198071154203,0.044777862088002864,0.04135527200900638,0.03200631799946078,0.0373110928228827,0.07842013571807778,0.03178959632508629,0.04272815378454149,0.04770810961644474,0.012290338421590306,0.028355835434349535,0.022915388399021634,0.05041518915004423,0.049035713870866485,0.00573211000269603,0.01628962025242732,0.03749007592277414,0.02671787527793546,0.015549858376163125,0.023900249964181067,0.036460758945559606,0.02881743803635117,0.005608549534273238,0.03470386566641114,0.026520863119381594,0.06147794954666873,0.051572971608814425,0.013018400259499257,0.046840816581625346,0.03950852054770902,0.01068107071815408
76561198071193898,0.08549760546698776,0.09316672265180366,0.03633135986624595,0.0163359176311116,0.03980360302056062,0.04292843361136831,0.029123845392110485,0.05841544244665688,0.0,0.07456620123431909,0.031632461625648006,0.012417391758159797,0.09712460232750347,0.006249963442984559,0.012072756384953738,0.05174524679087052,0.010861703490912917,0.0,0.05750427835063504,0.020167040676039076,0.027146707240585193,0.01432073166824301,0.07060685759890845,0.00763352737483014,0.03383867077894346,0.017415507816432897,0.01038037970678805,0.013812720698287656,0.018666841556562022,0.010233479391547543
76561198072888615,0.04373607382653493,0.05882076891747228,0.022380795486726644,0.02143564096785092,0.11519880678819278,0.02632795410250125,0.030033840998691035,0.0540343401224978,0.015248406395700475,0.04297721366614704,0.01245659637852831,0.015588607072181017,0.07687578079791137,0.015248406395700475,0.013635210361384166,0.029588509616753578,0.0,0.023250660226229677,0.054980099289494315,0.07305972367108837,0.01630462614523498,0.0,0.05058168868237431,0.008123966838358612,0.04485558608071143,0.06332124014899496,0.013631926832300663,0.04057614924176774,0.01772738094867087,0.0
76561198073067799,0.04569308444495158,0.0723627053284756,0.0425872970580846,0.06815917051608905,0.006624595173207355,0.031843726801766385,0.01763711823498686,0.026509447356703728,0.04441327569307814,0.034872373446184955,0.057427029626359656,0.060484013377361555,0.05639857434771595,0.051240460402991954,0.0,0.060681371176902185,0.017839707771693317,0.0,0.05520915324684219,0.0,0.067464217233168,0.01589518523746111,0.07570488966627863,0.010356207698372288,0.01352361335535714,0.016511558244207344,0.03725851996818479,0.0,0.006678109420368527,0.006624595173207355
76561198073458595,0.04898037339983144,0.08631395933074916,0.03194947775057196,0.04484995157845221,0.04579242297948517,0.048294262389095184,0.05566986541856854,0.08917581293069853,0.04094835239594327,0.039671142042588974,0.044391218245798385,0.0047913828107575196,0.0105481584976243,0.03455808723740523,0.011289546548148297,0.048140335649773644,0.02745279458963604,0.009843638072979721,0.011289546548148297,0.018509224644450765,0.013406336720414375,0.005362632328429399,0.054222222638723526,0.0,0.05033059027973285,0.018509224644450765,0.014151631929398759,0.01430757197012131,0.03845187740992076,0.03879835901810172
76561198074367777,0.08941244184140858,0.06942538837855225,0.029812820326752497,0.10491171926337865,0.0061538134439041445,0.057252943213601006,0.03312745833676575,0.04517832648474871,0.08183102819630489,0.015509909989413985,0.03248601556875729,0.01894345283454223,0.04876998539248826,0.08287891790299604,0.01866900095983324,0.019927023196115837,0.0,0.0,0.05379352034078221,0.0,0.055077745374549,0.03550499490211747,0.04070956948345527,0.0,0.020111962257297788,0.0,0.0061056788803027446,0.0,0.0061056788803027446,0.028300604551629208
76561198075247829,0.0724432534322102,0.08920688696795585,0.01601958244033732,0.06973163464353539,0.01679724321212088,0.041869692318529016,0.0,0.0351306687468146,0.05132458089119563,0.05018457007090524,0.036244562585795594,0.032499140580989384,0.05448285038626911,0.05164661459158461,0.006621184499762471,0.057843810701428,0.055260523415984544,0.0,0.08060679176315487,0.027963145700271332,0.029369028362774656,0.0,0.04398469595032749,0.019749880695140564,0.034751602407475546,0.0,0.009601473279912972,0.0,0.01666658235552477,0.0
76561198075601306,0.050587084062907246,0.07415086382134606,0.04424479318434368,0.05195855759688258,0.03343816422993556,0.03541034377425253,0.026959211732404762,0.05758095914680855,0.04647626714028349,0.04405322482378309,0.05545102542610879,0.008899672802595359,0.07062124493993328,0.06052264139881224,0.014199899680939725,0.04993781368772341,0.01911600755384216,0.006842178663235425,0.07115790278745387,0.012637082315288782,0.01299529101068474,0.012083231245646696,0.05146039879720349,0.0,0.05047842448647916,0.018354541051670285,0.0,0.0,0.0,0.020383174639435092
76561198076111958,0.09339325829617176,0.09518893779770964,0.03365721546002027,0.0816256253042878,0.0,0.049658265938410606,0.01380934495637743,0.015666780863955374,0.04658850006522064,0.058103284217121694,0.07145285552733961,0.026965356162339398,0.06375622007876737,0.06178076717679084,0.006418711311747495,0.024043924498802608,0.03830120213636919,0.0,0.08103601864696292,0.0,0.02354405225081769,0.012828903954471747,0.07997842099504868,0.0067334173602568255,0.0,0.0,0.009050225689262885,0.0,0.0,0.006418711311747495
76561198076319546,0.06277658438236812,0.06621629944661032,0.00610128113421141,0.1024629812210346,0.012761234901052613,0.021006792041787993,0.03099762250937469,0.07002635392356962,0.09810084677199725,0.0282440083306634,0.03749124239237589,0.011717896033125876,0.005771950997771185,0.09185080733590127,0.04131374569890401,0.06115539556386116,0.012203174742414002,0.0,0.013898510769991969,0.006284660223963936,0.050982686146713856,0.04729368637903337,0.04359322501676771,0.007371544789620652,0.03287110006124796,0.007242504350791997,0.0,0.006284660223963936,0.0,0.023979204610881308
76561198078014024,0.03907546562258485,0.00876010028669936,0.03454761002298196,0.04717582695007323,0.06288075934840452,0.0406832760328312,0.03482035179991791,0.025938296718913855,0.055744805234633196,0.026211685296276124,0.0,0.028152016661871844,0.08297397508012976,0.04717582695007323,0.0,0.042540431537837306,0.06919705668625702,0.0,0.09276142483774054,0.016458365058186833,0.0560609940426313,0.0121280509345917,0.046139809716891224,0.008353897353128527,0.030469783700377666,0.008246128566027116,0.02272559620388811,0.02272559620388811,0.03016348237953662,0.007889386773626864
76561198078165637,0.0,0.0,0.0,0.0,0.0,0.0,0.0,0.0,0.0,0.0,0.0,0.0,0.0,0.0,0.0,0.0,0.0,0.0,0.0,0.0,0.0,0.0,0.0,0.0,0.0,0.0,0.0,0.0,0.0,0.0
76561198078169237,0.05338738716606018,0.037820869442583734,0.031450132562434244,0.09486158878632406,0.05257423766255773,0.08104515525226412,0.050547547251631665,0.011207936605553366,0.08863273031796598,0.04406043675316542,0.008615507673910405,0.0,0.0,0.08766981065579318,0.04443420875763205,0.04943958852609148,0.00983177614997807,0.0,0.08082886528907801,0.0158289458671031,0.023254330675513094,0.05668181625757794,0.0,0.0,0.011207936605553366,0.028334328522743,0.0,0.0,0.0,0.03828486321848583
76561198078272251,0.10432788233567486,0.07895737705915021,0.09192106495787605,0.03621994594476612,0.013000000327810436,0.058402534338338294,0.013596933663871142,0.028836867587666157,0.022007285644718683,0.04203198142764334,0.03631771964143429,0.021572406489517307,0.1163827256321447,0.022007285644718683,0.013864010989996043,0.03518809593424211,0.028693480585269274,0.0,0.03526181901723552,0.0,0.034456290354465284,0.013830325749258658,0.08970252935896322,0.0,0.022065788849618517,0.0,0.007756335141632636,0.011533524474370031,0.022065788849618517,0.0
76561198078817922,0.03269814864148104,0.10339665895854114,0.008760154915097183,0.08251564732142376,0.008760154915097183,0.01797456497244526,0.024306967983784605,0.058980997906254974,0.043080503208665716,0.02689573336478576,0.04418100849758428,0.039574111834615296,0.031112652050994873,0.042411938464933026,0.013208632532460098,0.08451265131649074,0.01125210978949204,0.0,0.049533899152705535,0.0,0.05104907882015195,0.03553216700081149,0.04076854047762236,0.007193861114139964,0.05986703811877573,0.006126317395119373,0.042386790539498544,0.005543502736147849,0.010192656466960454,0.01818351150391984
76561198078883021,0.07597719393932237,0.10245471407904347,0.03265481986135675,0.03297408219671377,0.019355295030958293,0.04470288860914118,0.013417694547398173,0.08208724499463571,0.013764634848035388,0.07593032082590932,0.040600262397996384,0.04144246306596778,0.04028466735559294,0.007280333879989208,0.03297408219671377,0.06311882304602648,0.052284681469794404,0.0,0.0267468400336003,0.019146556253923374,0.01236858447205062,0.00588428350400444,0.03341684384816517,0.024784796421735963,0.04893220764162583,0.03142640112153094,0.0069067151130983604,0.013007653533909359,0.006074915711760382,0.0
76561198078942414,0.05107094434492318,0.0179973322413006,0.04815004778869936,0.05752069933640031,0.0623725964439658,0.03224931037633258,0.06524334273077322,0.036488612379831926,0.031116575915778395,0.03333034276114738,0.007027016790777596,0.007148771623359541,0.015503390548260604,0.031116575915778395,0.06761511492686284,0.056100055561097206,0.012641315822387209,0.013049669126157097,0.0339463624503713,0.017948214747418555,0.0346491005885414,0.04173125999081195,0.01449421973767873,0.050502019632530835,0.020009828168434298,0.03666244773700215,0.012868651364293314,0.03033947878332211,0.005713605443863277,0.055393096721898835
76561198079488752,0.04929431951403625,0.06277080912016116,0.03998933430788379,0.09355828759253147,0.0,0.032369997968113906,0.029201327671399022,0.04080374597933538,0.06049575048043549,0.04741511268276171,0.051931387311006674,0.022000801331106355,0.047249635411540473,0.08591903130182636,0.03715796043158948,0.03172066789844026,0.017824713023853394,0.0,0.047649139646199254,0.0073110374012881315,0.05234408114262499,0.038968382555116456,0.06037445799899276,0.0073110374012881315,0.01503401577196937,0.0,0.006838785177455089,0.0,0.0,0.014466180879044702
76561198079917174,0.04135935359819426,0.053147111983350294,0.05027637035176308,0.04960926940435828,0.046377625123624595,0.038695854917073294,0.04408810816512427,0.03089601453395997,0.04512289345308863,0.02759927393843994,0.05265249838427424,0.03986624679953189,0.06682774843729826,0.031519452879777,0.014542124159404929,0.012938152866093034,0.020910015302061553,0.02637964824127018,0.0728374430089935,0.03879304038314209,0.036434607350063784,0.013181264405543172,0.022758763292664477,0.04123229727776367,0.02214039118616648,0.029920296605337893,0.007448536647356756,0.007448536647356756,0.014997060656923886,0.0
76561198080951406,0.0,0.0,0.0,0.0,0.0,0.0,0.0,0.0,0.0,0.0,0.0,0.0,0.0,0.0,0.0,0.0,0.0,0.0,0.0,0.0,0.0,0.0,0.0,0.0,0.0,0.0,0.0,0.0,0.0,0.0
76561198080978566,0.08267034667345106,0.06332865894124992,0.04806787774971533,0.04698557892752753,0.05158301124897683,0.08109840881462549,0.034816127560209645,0.05809317514234386,0.03923470983853818,0.0538218940034969,0.028755739500258212,0.00775086908898934,0.051692428049492194,0.03923470983853818,0.012232104557338124,0.037183150865835825,0.032172048846309365,0.03074817176110806,0.029124561886496547,0.005915609376640862,0.04030151451574273,0.009281010264718798,0.01136909825521863,0.0,0.015806239638346625,0.026246032809227996,0.017445135760429154,0.01781918687360026,0.02053853479978944,0.006684064411784794
76561198081505083,0.0,0.0,0.0,0.0,0.0,0.0,0.0,0.0,0.0,0.0,0.0,0.0,0.0,0.0,0.0,0.0,0.0,0.0,0.0,0.0,0.0,0.0,0.0,0.0,0.0,0.0,0.0,0.0,0.0,0.0
76561198082199261,0.08818782621177726,0.06773176944834784,0.05267519195434526,0.07291634866259915,0.020116366014358605,0.05104304757572834,0.013104321164383788,0.07170562262991004,0.03761469539257669,0.042853425858576544,0.05494787023027027,0.004491235791297539,0.022696491290199832,0.033266146101756544,0.04319132743761284,0.06171893773446002,0.027593913536200786,0.0040951392495476085,0.05025990231297245,0.0,0.034297920342880185,0.029449484890349792,0.058936336709676636,0.0,0.02655684905199614,0.0,0.0,0.0,0.017964705051288755,0.012585125356886972
76561198083275991,0.05787240433242775,0.03555332326175731,0.03300378455381247,0.06626078724073796,0.03596153287107791,0.049915636757984265,0.06954645268702228,0.03579017300091035,0.037902136976673585,0.04124268667045859,0.04114675421816923,0.034834548609257,0.021904095571097754,0.03963541284061236,0.047497024026447454,0.035627200875546654,0.03940059881160429,0.005255295426645468,0.03015865506426983,0.039898664617957706,0.005350361052340143,0.026346704858750753,0.03847241304547007,0.021810254355225572,0.01972088068041856,0.008383845395273901,0.019707353153639414,0.03126195580524229,0.005685559647897565,0.024853503591271513
76561198086717023,0.0,0.0,0.0,0.0,0.0,0.0,0.0,0.0,0.0,0.0,0.0,0.0,0.0,0.0,0.0,0.0,0.0,0.0,0.0,0.0,0.0,0.0,0.0,0.0,0.0,0.0,0.0,0.0,0.0,0.0
76561198086810047,0.06716083539403049,0.10226674737338479,0.028569150639258873,0.047980787759791026,0.04902337431142699,0.016806672654697763,0.017795211579794294,0.06950716858475536,0.017416228501430445,0.039253808808550596,0.035564047578586944,0.025113366045347342,0.01921987094688838,0.01320196587142732,0.026497612533736323,0.0466013739541213,0.006260351602844118,0.0,0.013792525709675233,0.03129264753294065,0.05081478889374663,0.01175027736413272,0.030552387158958676,0.014383869699884895,0.05154501044625396,0.04153564587071662,0.03329971253912241,0.027711808327261982,0.05442375446601387,0.0106589978512201
76561198087883574,0.05433820059713394,0.09588229754476221,0.008515383037878086,0.02075706315639666,0.039324425602074844,0.059918461126444104,0.03791414242983853,0.1203596330013351,0.015884806049865783,0.039155268998733075,0.02163082154472672,0.013681581067340576,0.0,0.014644909476888108,0.004670935719713948,0.038084739453789464,0.02164821512650884,0.010590074987801408,0.03168286143095812,0.0,0.06513779240467754,0.0,0.013157363931249213,0.0,0.10147955823067935,0.005374793086141537,0.031443370661129934,0.007332379394053257,0.1157456353968876,0.01164528654299186
76561198087896550,0.06480098029947179,0.047966234750781093,0.0370098227394942,0.07273612423892994,0.05757856471484166,0.07290786157425534,0.04415076869079839,0.04555190533032372,0.047713831387688865,0.045566633828409926,0.025418709797957885,0.0,0.012046765524010641,0.054161371586800254,0.04908057008056528,0.043430992110139274,0.01773559594828518,0.0,0.047162074689740395,0.011684871005844567,0.03290561544545452,0.03419651690126443,0.015484632947592418,0.005549090544245471,0.03201548676985389,0.03534512449746815,0.00898695796782725,0.014536048512072719,0.0,0.02427684811588257
76561198088261628,0.0,0.0,0.0,0.0,0.0,0.0,0.0,0.0,0.0,0.0,0.0,0.0,0.0,0.0,0.0,0.0,0.0,0.0,0.0,0.0,0.0,0.0,0.0,0.0,0.0,0.0,0.0,0.0,0.0,0.0
76561198088724831,0.10098135453257846,0.08888343083428886,0.05913563922491134,0.030681588695442488,0.06213168442955407,0.06778093433869714,0.02148028365580166,0.035593183569668875,0.005762649142564068,0.04630010473381037,0.018084400915213312,0.0630267112310728,0.03402322987284157,0.0,0.03278507600118969,0.025413642236871935,0.021176766857947303,0.026769594584764866,0.030133903662579436,0.010567478566133931,0.025876759271872624,0.01991434175469643,0.03305711781682857,0.04152630972260923,0.014866432168064575,0.0,0.025539201553270496,0.024480869433286333,0.024780988076472048,0.009246323116967596
76561198089859684,0.05042873118956591,0.05775635457132284,0.05147730654867133,0.06517870872434062,0.0,0.0520064982102231,0.031240154386042152,0.09209396657233127,0.027748620134762238,0.05210489548579098,0.04067409995309006,0.04096535409822377,0.04041641476864358,0.027748620134762238,0.005180044057127398,0.017736568185145938,0.01672747109479191,0.011100441206795928,0.0,0.015967271433011406,0.05027583562365918,0.004961269017643359,0.07746738903803997,0.006385217401473047,0.04689489769209645,0.0,0.0576729786237763,0.02737427760661925,0.01618722447267853,0.01622938976937146
76561198091122227,0.07940156478884759,0.08780672517189095,0.05800491444341515,0.03379580243727852,0.04154637496404989,0.07449485773926501,0.02877637978798325,0.04039840682550527,0.029783722749423987,0.04322099174351358,0.059573785350939344,0.012130195090011056,0.04758257248508176,0.02305643777514045,0.023750507745401776,0.018382806141928994,0.01574047512269005,0.030852598110096763,0.048009144042381074,0.03783026247303918,0.019161802935368483,0.02547132648460223,0.03343023476004609,0.006075057323785245,0.013765019505371472,0.02125079867857069,0.032387266754760106,0.004555866681892288,0.004555866681892288,0.005208235205827455
76561198091140590,0.06638626544135863,0.06626393686565629,0.07684654673862121,0.02520119848318256,0.07613794612264792,0.06337240358705548,0.05847013073708339,0.04748946414562285,0.004652036813549894,0.04873783659378484,0.022418174057328735,0.007601394631132525,0.045945490924315414,0.0,0.011271366462142671,0.023414184329304956,0.04448864303088874,0.005725693766886842,0.04284088547764655,0.044836334385100124,0.013365006397702694,0.009759181583753586,0.052181222829002706,0.006019889905787831,0.043948675910510965,0.037936815530031844,0.005763611766570168,0.007907253474883049,0.035590373646965344,0.005428036361482309
76561198091232355,0.05238475651821033,0.07810749543300868,0.03863020349175306,0.010875065033512727,0.03266049186122618,0.06830744269519227,0.016506315928380564,0.043474163169596,0.006630616934435418,0.04192401086032993,0.051347870267191356,0.05066806947187748,0.08871284130319293,0.0,0.0,0.04172717594780335,0.04528034963030811,0.013769554349836777,0.065454773943968,0.02455341093173748,0.01350884908729578,0.0,0.06177534666031407,0.032729133590487756,0.042507145050524005,0.025299749799591164,0.02176244003657141,0.009628083775520204,0.02177464422813508,0.0
76561198092225547,0.11190492568361456,0.05135660910919716,0.07152930688464326,0.030512326808305328,0.032209727714448216,0.056256398839210346,0.02043600976606221,0.032608870188822275,0.033676339493550256,0.07174936431477082,0.03492742601072378,0.04536995749712888,0.03759349388438359,0.023972398710480364,0.029866797022928774,0.019087435773383163,0.03755892981345175,0.007488641896478547,0.054070173549630056,0.03161565975985721,0.030327755634348388,0.01362292814203391,0.04063186410438293,0.013815127531513755,0.015719471522550856,0.006840302936341329,0.022550779567593254,0.0,0.015719471522550856,0.006981506317614145
76561198092251510,0.07586115180943778,0.09908583603799619,0.013268461942185622,0.03389042834637719,0.02607732951174019,0.026628935904912138,0.02967379135863309,0.0639729350810089,0.05330786029687926,0.05255494328197079,0.05897124299530685,0.0,0.0428619523258621,0.041853346651235655,0.014671415434497454,0.05760527476298118,0.018064665176433507,0.0,0.04743653511173919,0.027245194958300252,0.029794671094673156,0.014816386781965495,0.05674283335304331,0.014738056890956079,0.03589234245972275,0.01959565428703441,0.006112643345423484,0.0,0.006112643345423484,0.03316346745426048
76561198092612698,0.053575612858306164,0.07305088172466853,0.05670527765362295,0.030645037234052725,0.05785324787732984,0.05822693573722377,0.00945227244042327,0.04699077078273296,0.023399220402965472,0.02569559808760752,0.03470525138302791,0.03144316488066639,0.1255681449020756,0.023399220402965472,0.0,0.036763509641736115,0.04860055157925944,0.0,0.03264400173430844,0.0,0.014422553492808859,0.015764695618118767,0.049873049103549956,0.023517687249840834,0.030810249423605593,0.018372529507833194,0.00945227244042327,0.01821623027629639,0.05085203356455068,0.0
76561198092647624,0.04809205145976232,0.05741355623969922,0.02348161018045992,0.060426994928051925,0.03878950883928522,0.055432603817283786,0.06424475101446152,0.08334381617997795,0.032204750198288896,0.026590470994785037,0.04082437279523256,0.02652800106135081,0.019500233092051567,0.027239484129170717,0.014538960631257796,0.022097899289888485,0.011700225475176993,0.010411482809260509,0.014884402449240514,0.05078914174505022,0.029095645287869645,0.013548873199794056,0.030978976669535998,0.02579849330307228,0.04259898466037713,0.03324488157348467,0.03416286949938918,0.00682025279939276,0.026359804821947976,0.028856900855400266
76561198093260511,0.05529732639190744,0.10959036443339604,0.04119472231596226,0.03023039849281558,0.04420120322868455,0.018952122743169892,0.011140219607939065,0.10451858322225646,0.009569423954619474,0.08113748506537762,0.014691004153224944,0.005379963526948383,0.024468296517011403,0.014688492816216418,0.004574288040625456,0.08381164626428814,0.07296068023596174,0.004401878221498383,0.026500949942502957,0.009617461422273595,0.009540185365094645,0.0,0.029087671783059255,0.0,0.09943159312942136,0.036055519146012606,0.0,0.013698930570935368,0.0385490979902387,0.006710491418558375
76561198093336856,0.056698327834448246,0.06418273903690717,0.025771268519883442,0.08935787060127427,0.019342177624355646,0.02592764841278998,0.03821543587180361,0.03559299328891078,0.09139739205872939,0.017779613216278394,0.04341444868481749,0.0069104800270221225,0.044988474853723814,0.07383868506118484,0.028058778021639523,0.050986057808914666,0.025706938158289047,0.0,0.03908280741915313,0.02112484806404117,0.043287319220096265,0.024965654738515933,0.042433254247961294,0.014799561694225775,0.019285338465378044,0.013502860458991406,0.012757121403927752,0.007662000233610198,0.0,0.022929904973126677
76561198093697680,0.0,0.0,0.0,0.0,0.0,0.0,0.0,0.0,0.0,0.0,0.0,0.0,0.0,0.0,0.0,0.0,0.0,0.0,0.0,0.0,0.0,0.0,0.0,0.0,0.0,0.0,0.0,0.0,0.0,0.0
76561198095755900,0.07606081840656753,0.07818527684433484,0.04828065832905361,0.04461552868198939,0.04893654497502905,0.06263639930043821,0.019359091966766228,0.05840606692316049,0.03690378072590461,0.04190460548081803,0.038373244756065,0.012378082566091908,0.050427340384209735,0.03110586307159283,0.036416568279833854,0.058936206876359316,0.011893889497485202,0.005197918431025235,0.06749311940406814,0.024261468302721693,0.02505585757164351,0.016129746661635556,0.027813550695473116,0.01228805590321911,0.02745397939524088,0.012994827174010477,0.006811113288419824,0.012869282818422877,0.006811113288419824,0.0
76561198099004296,0.02888315369707649,0.05978110925426449,0.02409565161343925,0.08911300339430761,0.005370096415994656,0.05761116663049809,0.06133273869625734,0.07610592919246123,0.06072059838588416,0.03611991046575293,0.0559322077907691,0.026140263257744774,0.025968898495202338,0.055737117345909776,0.0,0.02283119965326224,0.011808579835757482,0.0,0.022228912675090976,0.0049311223918625646,0.062100298753688325,0.0,0.058131912534734494,0.00840993380496647,0.042851962854434114,0.0,0.02610711696985903,0.015284831563314031,0.03228996855093232,0.03011231577653579
76561198099250072,0.061562287979019706,0.12382930653904888,0.01341006919218602,0.13968387263044862,0.0,0.02690531435827972,0.021944183580708113,0.08164287857631472,0.04459191719684896,0.043784748338501205,0.05064970127558589,0.022012695815889154,0.006241540064749868,0.052133321018874405,0.010861416720848257,0.03708414057160311,0.0,0.0,0.03684785485751874,0.0,0.11935871497495688,0.027066695662130533,0.013782943886775308,0.0,0.0362115550936334,0.0,0.0064445056681838335,0.0,0.01583252101760611,0.00811781498028861
76561198099562777,0.06801490765695369,0.08938842420477013,0.0635088589686134,0.06441659694964101,0.051472019925005844,0.03153038116654708,0.006913318024128244,0.07721661430643732,0.05831822237634347,0.049709955062408835,0.008683848336244502,0.007218217929991425,0.05119291564134813,0.05819575967348256,0.020091766124432975,0.04273486645524206,0.016248986197776916,0.0,0.03325589301465599,0.0,0.047529646808420804,0.03246920725969761,0.046569908549677505,0.006606095997351219,0.024184712295425986,0.0,0.0,0.012887264964617092,0.03164161211078631,0.0
76561198099813068,0.0,0.0,0.0,0.0,0.0,0.0,0.0,0.0,0.0,0.0,0.0,0.0,0.0,0.0,0.0,0.0,0.0,0.0,0.0,0.0,0.0,0.0,0.0,0.0,0.0,0.0,0.0,0.0,0.0,0.0
76561198099985988,0.05368421653861296,0.10966930406022543,0.005165839725923132,0.0773502220423689,0.013371718068782564,0.010291809049797889,0.02142890739882016,0.11579305697858654,0.05629504272086113,0.03305105148154533,0.037895954787732104,0.01187690733605288,0.0,0.057624460807310096,0.0,0.04289214117361941,0.0233821114965291,0.0,0.034922703523136284,0.0,0.11326279891321021,0.009802845892914802,0.020436111554475812,0.0,0.05581749966616977,0.0,0.027655199744823517,0.020101067426819504,0.043356168072310894,0.004872861539371484
76561198100098775,0.07186973883448373,0.0670316371639694,0.1066107940377294,0.015042151586843662,0.015592242933882911,0.0726626231986331,0.007469172627314714,0.03482957263255276,0.015042151586843662,0.03709768700881927,0.06785859510798901,0.03675560091289088,0.12231997828437394,0.015042151586843662,0.0,0.009127351852502956,0.0,0.0,0.059249118579813326,0.02253165615594747,0.015042151586843662,0.023090774008403703,0.06794339802844124,0.05470307814491226,0.009127351852502956,0.0,0.011759139529524653,0.033394371034703656,0.008807511723233893,0.0
76561198100808600,0.0,0.0,0.0,0.0,0.0,0.0,0.0,0.0,0.0,0.0,0.0,0.0,0.0,0.0,0.0,0.0,0.0,0.0,0.0,0.0,0.0,0.0,0.0,0.0,0.0,0.0,0.0,0.0,0.0,0.0
76561198103186740,0.06071295481274901,0.1175314646132944,0.04986665920446608,0.04153156905856922,0.005496613925394619,0.03321671929827148,0.011490710478031182,0.12274301110998612,0.017139097320549326,0.07792304828554472,0.049326996598295286,0.0050383522305353905,0.050146840865828636,0.024594502596552163,0.006517281690397304,0.08484314354623673,0.030627294891974206,0.0,0.015809296936813454,0.0062980051289487134,0.016274080998988416,0.01181434837780909,0.056793305931628346,0.0,0.062104031660238854,0.005496613925394619,0.011336357359484104,0.004941504700721943,0.015193489104214178,0.005192705349082468
76561198103234257,0.0811448080196625,0.04260050037457811,0.038912905009322735,0.05204636472193207,0.06637113962999139,0.051363773609174934,0.02987768694627393,0.024682016288750393,0.0353379579792849,0.020124213669643298,0.009920058301328324,0.02129352608492251,0.013905937324703172,0.03116102059731622,0.02805447841785234,0.08439602071431294,0.04851308290040508,0.014710224079383829,0.06535219445722998,0.005912103665272186,0.04406389579539531,0.006630919068558551,0.021476235934772627,0.0,0.03983286258136317,0.04626385770535819,0.012087117741298356,0.00617501407602617,0.034255608405179216,0.0235344759007076
76561198103723769,0.0,0.0,0.0,0.0,0.0,0.0,0.0,0.0,0.0,0.0,0.0,0.0,0.0,0.0,0.0,0.0,0.0,0.0,0.0,0.0,0.0,0.0,0.0,0.0,0.0,0.0,0.0,0.0,0.0,0.0
76561198103942045,0.09820113633482466,0.08046938008975586,0.032190432811839524,0.061779109194927226,0.0167582346180151,0.03614624879373884,0.03912868740224155,0.07503302990335733,0.042705898902883094,0.037172089118449464,0.05528602957028806,0.03244512248596328,0.01675108421922112,0.030625896700549913,0.019092693005288947,0.020731709173248063,0.02963490550865148,0.01633348434456906,0.038201392679541146,0.0051700501942426235,0.08867251830162741,0.005870098291194132,0.0051700501942426235,0.0,0.03736020656157141,0.0,0.032179547802849616,0.01254114342212149,0.021542379405768725,0.012807440969027991
76561198104612711,0.06050215817502832,0.09439080494383904,0.02109382829820721,0.07768083138614633,0.010630435707504833,0.03519057743587182,0.005320864973728573,0.07762084338836278,0.06864308501053022,0.049590229566703885,0.03387384686555547,0.010537089439406858,0.012340810394105839,0.07280920367224247,0.042986410935790025,0.06878740584575316,0.06735966741297765,0.0,0.025209719054227392,0.005627462337828916,0.04056959720167944,0.02108442445301807,0.03922750907278132,0.0,0.036291757121243565,0.010630435707504833,0.0,0.0,0.006848118107524603,0.00515288349243736
76561198105432969,0.08104640863322253,0.07473124930772093,0.029871206539626823,0.09861857371356289,0.023646402063126386,0.03969990562910311,0.04119066544357441,0.041804222026419806,0.04727322647910538,0.022004828206363177,0.03119794888405622,0.010116015817487977,0.04048894138245813,0.04727322647910538,0.03850770150837339,0.06049380924962471,0.025132390652854997,0.0,0.05847004232167875,0.004489680219429616,0.031508827615280156,0.024986756570904753,0.045474088778065046,0.0,0.024312402307175716,0.0,0.025180040109956617,0.010023389650376262,0.008061116332285033,0.014396934079061645
76561198107189063,0.05467764215060371,0.07261048583530264,0.054109781328354145,0.045058932122923466,0.011613567257105184,0.05899664893490832,0.005657476535921032,0.034556760531602976,0.038691452909834674,0.03655076206934257,0.09335810357815368,0.03859158849996345,0.0641654097148239,0.033106350457402726,0.0068803530302833,0.043312823853457715,0.03496036862106609,0.00533096384186138,0.0565572297478273,0.005804874871422047,0.02721532190506915,0.0068803530302833,0.08765974274284949,0.028542249914833364,0.02339131673912399,0.005804874871422047,0.008030849157102475,0.005345886180951674,0.0,0.012537829566204334
76561198107786111,0.06797031045547056,0.0716715416636131,0.05101561613661155,0.07062902618184498,0.03199084413153157,0.044162460039643164,0.034056799140374336,0.07824525692462118,0.05420936071841664,0.04778314130058532,0.05456372360611874,0.018819241941239233,0.026270648684187232,0.04679088322307546,0.018786941429138695,0.0538153039117251,0.02267701683583608,0.0035437162002626677,0.027594774318475578,0.007482851715769977,0.025441654436477914,0.0188673007715032,0.046693653887216406,0.004080609530369139,0.021752384331933793,0.01099435477401251,0.007482851715769977,0.0038747612950785033,0.004496539996021628,0.024236430703075344
76561198112849349,0.06162520365899678,0.06413617492129789,0.05057155448449469,0.02478972025989256,0.05038858014956029,0.04528403540555112,0.054181084623535464,0.0775277144513277,0.012963922236170542,0.023560853024224802,0.03138437492557957,0.006189727900792865,0.030058971914813302,0.012963922236170542,0.022608180351170397,0.03712434340987501,0.006589358016231142,0.0,0.03001904828613475,0.02580666481209256,0.06084508910074902,0.024236970036647282,0.049556185699997216,0.020089484973801433,0.06358613776226692,0.024944605080060443,0.02751068925293585,0.005729793525027664,0.04387834569461533,0.01184926380598664
76561198114540370,0.12585403045987953,0.07740474421486664,0.08221534928454101,0.05282546049805022,0.00762900096158457,0.06811855202679339,0.010137668782752466,0.024713019192670743,0.0365339149607256,0.018571758892338815,0.06142847277793438,0.03663874266975525,0.14025855533015805,0.028052811920654137,0.018158065582954186,0.00936726795186561,0.026936370391096528,0.0,0.02590256994837753,0.0,0.028052811920654137,0.018685543968788524,0.07377105387529191,0.0,0.0,0.0,0.01664191376914607,0.01210232061912071,0.0,0.0
76561198115422851,0.0632225273124265,0.04026556248795043,0.021233898740392082,0.07081145627082476,0.058384651357762364,0.017006915372106756,0.04490079463302926,0.018597323731272083,0.03835016546919071,0.02283440222789013,0.027872201169298304,0.019269257867466253,0.07385837899284169,0.05204708009810361,0.04650312591971185,0.0413772307432917,0.00803754596102247,0.0,0.05949623407233001,0.01803959479169662,0.02735426339046178,0.04428239537617457,0.04293539318412985,0.009946088500918314,0.019837522183181647,0.04274086355468016,0.006516628846048178,0.026719585523958065,0.0203127395562134,0.01724617266562646
76561198117435171,0.07013919352693933,0.07816670074579159,0.030033817832842015,0.07237704936567127,0.014413097953144645,0.05325671040761102,0.014757279327899398,0.05101775763138431,0.06606064467246972,0.023963050548554066,0.06315844029335617,0.02479693100224024,0.02297456731145073,0.05745902559583102,0.00871381628752231,0.06208896940612958,0.014805826558956644,0.0,0.07510134453331242,0.0070704860899488825,0.03504945161966407,0.02284240711013425,0.04061415249816067,0.014270055338777588,0.03047865866337484,0.014741630958844133,0.02293511843246687,0.0,0.0,0.00871381628752231
76561198117724596,0.07602893768544002,0.07394139612827255,0.05740100569639264,0.025011567539901053,0.04480132714670836,0.08335515588734575,0.050735478463807535,0.048757709094060804,0.029788891055861525,0.04742035445785056,0.05712164262285716,0.028328585855988384,0.025599821562254023,0.025088034292520822,0.02212981531698343,0.033151250645674965,0.025741039786745502,0.005294101554536507,0.05509630898400584,0.02126744130744818,0.004847680522155202,0.011535472016347125,0.051495034474065934,0.010531199644224153,0.010960697089730931,0.02296182499105162,0.016508520088926795,0.009374345150032293,0.006595894041438582,0.01912946689737158
76561198117983678,0.07948892168495651,0.08910965133276835,0.0434674495826266,0.045976415065022355,0.042317266878204404,0.04772589945445835,0.024402660478942562,0.05774338718445303,0.0207633388293853,0.07190393818893559,0.019536749549904364,0.0,0.0388966329451203,0.027525913306619278,0.044112680437752703,0.06528319623599739,0.01045319896863981,0.009175494292598408,0.0811895376411284,0.0337482554671025,0.021958898244157147,0.02759760130183026,0.03069140031841595,0.005085126533696552,0.039134513885980014,0.0045230126509188335,0.004023572857525295,0.00542720208585482,0.008738084597004923,0.0
76561198118672016,0.0,0.0,0.0,0.0,0.0,0.0,0.0,0.0,0.0,0.0,0.0,0.0,0.0,0.0,0.0,0.0,0.0,0.0,0.0,0.0,0.0,0.0,0.0,0.0,0.0,0.0,0.0,0.0,0.0,0.0
76561198119156573,0.06200571701283685,0.0528870368185164,0.010809338433239925,0.10784599995155092,0.018000125634739583,0.016835370618010142,0.04579561903787418,0.042969244252966506,0.09165074749022897,0.027101443813187517,0.0491424860801949,0.011558224335039028,0.005310041477692688,0.0906744788870579,0.03053884580999583,0.06854053804892483,0.036204339055251306,0.005241567946814364,0.04410084505841208,0.00668911598391646,0.04432852049242754,0.019443447756999688,0.02428987432728148,0.0050214216388921725,0.0255148159756396,0.013027311396675184,0.0,0.00556777048642556,0.00486496467918789,0.03404074750002042
76561198121971834,0.08611192509649553,0.0919293985310976,0.060034914598895775,0.09925199628583044,0.0,0.04278708010272229,0.01951211452760069,0.048285506288757066,0.08002302672408297,0.05875738152456583,0.041124979471391127,0.004913071470779681,0.013587185206724604,0.0729009992225671,0.023702827670779043,0.04280019036373241,0.04396849363971905,0.0,0.005810766967705682,0.0,0.04273410939287756,0.03813837784031804,0.030208383853145032,0.00468811576476202,0.01503418512631981,0.0,0.0,0.0,0.00496631660421317,0.028728653724917542
76561198122264375,0.06149044502533954,0.05791257366508565,0.07713855558169065,0.06142520309528939,0.031207023862532973,0.040477418015517345,0.025525177138576785,0.007388394160090913,0.054099080308244146,0.03748634317533597,0.024248579888174727,0.0354375405134565,0.07051258010794612,0.0612822420779355,0.022297514707416515,0.022530234298061703,0.032393019023433764,0.0,0.042077086061751395,0.007155674569445726,0.055104991054541363,0.024196500041613323,0.08379140727028717,0.0,0.01616254802611329,0.024051349293087245,0.008445971012918841,0.0,0.01616254802611329,0.0
76561198122741582,0.05010748601186249,0.029754611367264625,0.023963931502199276,0.11048669372334814,0.03593467133743745,0.05143198753928843,0.05035194028295197,0.028153275091806453,0.10884524952191883,0.009773136401705306,0.01239903803544131,0.03675567772429033,0.017949721420773303,0.10373203639522093,0.020092866420296986,0.060696000214509944,0.007941677131010605,0.011634689293805168,0.05825727649860879,0.018296435718755447,0.0513940767377571,0.0045175790811919836,0.011414580603134609,0.03187979097108115,0.004463523995519147,0.0,0.008258264718766105,0.004415485732797225,0.0,0.037098296527257095
76561198122844648,0.07217429807012116,0.09467379123578927,0.043581705131656434,0.06706011475793858,0.013293808043507663,0.03608457508987805,0.02133941010235701,0.0706088435041658,0.03793186386606698,0.06625259968849839,0.048514882854999074,0.021851614455952763,0.06441829431665144,0.04451803331538446,0.02081172212360352,0.047857055276039125,0.037142458241220665,0.0,0.04392270308564805,0.0,0.03641738890214165,0.03348832124170212,0.03843170521662808,0.0,0.026711441076904312,0.0,0.0,0.0,0.012913370403145464,0.0
76561198123084475,0.05840658507730132,0.09653299550117711,0.036767179454229075,0.042287618222845526,0.03548862619191688,0.06296870677355203,0.00754557349457101,0.03893908264687165,0.043757104087985464,0.03898847265177439,0.050403205286984,0.02016991975793232,0.0642611676596918,0.06229388784984717,0.027022653930183948,0.04999060293844063,0.00777781643485159,0.00777781643485159,0.06014280898321738,0.0,0.025369147475767875,0.0089998911025608,0.04739054492112614,0.0,0.05020642559268752,0.0,0.027150331970387277,0.009676744834737223,0.019685090724508417,0.0
76561198123843456,0.0716742072395719,0.05142334128389693,0.028755697590781976,0.04996318467647079,0.047356166326096336,0.02919747349141517,0.037453818347448306,0.06665648256813912,0.042583034349561684,0.03531508671708309,0.00880833955421828,0.03563175206085894,0.059367661239775715,0.04996318467647079,0.025895449347240883,0.06999150998156037,0.02945326606443352,0.0,0.04571991448517095,0.0114803010023078,0.024981853721785536,0.016147398822114755,0.0588948241674857,0.0,0.03821797341058846,0.0,0.0,0.023733115350966248,0.041334963524556664,0.0
76561198123908949,0.08660573050507206,0.07463629318603922,0.06733907456134822,0.07458845850677244,0.006309945008458198,0.04352708187881847,0.06329474803218084,0.026379421923717675,0.02990554946114329,0.0417262563419697,0.052387298391198926,0.019563542751130092,0.013430752459935436,0.02388745610676138,0.056348256657918254,0.032757612753212144,0.041468768450666355,0.02916182048564736,0.011667540342700128,0.028714396760904374,0.012342603535631009,0.05008342162142024,0.02903222142751644,0.02760355862910601,0.011958401228082526,0.0,0.01494646148988857,0.011741007209429935,0.0,0.018592320293330626
76561198124133723,0.0,0.0,0.0,0.0,0.0,0.0,0.0,0.0,0.0,0.0,0.0,0.0,0.0,0.0,0.0,0.0,0.0,0.0,0.0,0.0,0.0,0.0,0.0,0.0,0.0,0.0,0.0,0.0,0.0,0.0
76561198124421887,0.06908330178843528,0.06579746747471793,0.061849174811258296,0.07198704329023442,0.020430354833670315,0.05046976284952663,0.02167293864327625,0.059042199017318255,0.05468802317264231,0.0368916712871825,0.05210071193316284,0.01303702033044139,0.056206065411889,0.048193563643436556,0.01391865046580857,0.02840875552674193,0.022222061342019827,0.0,0.03437710061167236,0.006494459529205755,0.029726966764557723,0.006206180957808531,0.08171075877604898,0.01376715819277774,0.02239311931816104,0.020430354833670315,0.0,0.007712469508000039,0.023470196178335182,0.007712469508000039
76561198126548553,0.07008810851167639,0.09405292728682314,0.0319440544104884,0.04157757816407874,0.043184917009029954,0.042782436956536836,0.02479974588334151,0.059811664307045063,0.031929240623060795,0.04904458660989974,0.036591787624402725,0.012928512982354295,0.047005448113567896,0.04491488443156049,0.0175511127022268,0.06112549475892017,0.02142943107008907,0.0,0.051031238330220746,0.005284010279556276,0.033711775369301825,0.02315386329841051,0.06738948707297295,0.006707381323590986,0.0408667184767771,0.017796898801030372,0.006221131658763309,0.005284010279556276,0.006271811413768989,0.005519742250948686
76561198127431044,0.0929291491811884,0.07771595026654733,0.07731780907056002,0.09752672031564266,0.0,0.08861369104725841,0.02458648925079494,0.029093094974470966,0.06455461625063613,0.04530205289939669,0.06255650648556324,0.0,0.024195781566376695,0.04975544708457362,0.015766491315377117,0.022731749965084657,0.015766491315377117,0.007929708343341453,0.0396842682144432,0.0,0.0560434396700994,0.053010672861390426,0.031742519453172455,0.015343439952350078,0.0,0.0,0.007833910516354963,0.0,0.0,0.0
76561198128667294,0.05380579513360456,0.0535943550465071,0.03041667830707085,0.07216626833175258,0.05953324983966452,0.03750499399878086,0.04563617932998297,0.04405329482803963,0.05025773744734085,0.025610147111401384,0.011542641598686168,0.016926968327531322,0.025535498801224094,0.05561536893939566,0.04268915551322021,0.07153166751618902,0.016863774522371106,0.01352056626612422,0.06271125915951997,0.024771305673067446,0.024246822665797835,0.029830863804028444,0.024563352299477818,0.021556449310936508,0.009482990369920277,0.024837934762723467,0.01371036257322192,0.010116373092056066,0.0,0.027367945430363482
76561198129247774,0.07203818064367301,0.08856462468954536,0.04838724707590138,0.03689929736280242,0.0,0.059328456397572525,0.03409613800755129,0.02300835019940087,0.061019016202428986,0.059216829003293926,0.08871623415680807,0.0074060383401945455,0.06410513465584392,0.03689929736280242,0.03288775420684165,0.05057890437524658,0.01856489885927452,0.015633875805621512,0.03458868221467511,0.0,0.018124625088808834,0.048983658273857644,0.06139560514766822,0.0074060383401945455,0.018074646482010955,0.0,0.0,0.0,0.0,0.014076467107981874
76561198130015375,0.05183344439682796,0.06948917853919624,0.032450406635418795,0.10207604503633297,0.013277000200278298,0.050255454331804096,0.03835978044078893,0.06280233013220544,0.07975620674073076,0.019014716910114193,0.045315614024545765,0.0256333416218349,0.034186484989392175,0.07146045620377106,0.0,0.03896491280956424,0.019859554834605782,0.0,0.03397130290021737,0.0,0.07024294212375441,0.017658303142613286,0.039722021927838254,0.0,0.02519441668540952,0.013277000200278298,0.01274395065474256,0.007932561907218291,0.0,0.024522572610516376
76561198133585402,0.0,0.0,0.0,0.0,0.0,0.0,0.0,0.0,0.0,0.0,0.0,0.0,0.0,0.0,0.0,0.0,0.0,0.0,0.0,0.0,0.0,0.0,0.0,0.0,0.0,0.0,0.0,0.0,0.0,0.0
76561198134388656,0.07866125415830845,0.09179849501050852,0.031803181154773125,0.03310841378585427,0.03485845020774504,0.06204823903830242,0.04426654309165226,0.07946167904360141,0.0,0.06078709059800182,0.0,0.0,0.05813642657909165,0.0344426415237906,0.018504082906403714,0.058328719229016675,0.02595039568364698,0.0,0.007514456133622704,0.007514456133622704,0.007688107910194595,0.022432531088154878,0.061165017910001514,0.00976127540956745,0.06271967217655544,0.027170342297550446,0.009678599057763297,0.007514456133622704,0.054924198329079944,0.00976127540956745
76561198134731689,0.055907002526218594,0.09061701730605733,0.011806234111599829,0.05848110213711617,0.025582439195940502,0.039322361817115646,0.026427777423336882,0.06505080528866608,0.05048890123410905,0.030202385443389573,0.03441632980191202,0.0,0.06776413295802003,0.06558649048224276,0.02359317320218947,0.07922209092519396,0.014567169314850472,0.004242554440486125,0.04274647509377557,0.0,0.03195192231164713,0.019945132531339435,0.06733461808434357,0.0,0.06505080528866608,0.0,0.0,0.005095873489732194,0.020119261306391734,0.004477944285659638
76561198135384760,0.07471986014292997,0.09578848285062862,0.06862364049556587,0.04821272661621585,0.005840171576692217,0.060835822368347336,0.026180282420001103,0.04712500994334561,0.029687985440264228,0.06170954541953725,0.056437474055623604,0.014652594558645248,0.061960403079267486,0.04343335462232532,0.015218272508709085,0.04003189919057108,0.03546099215120533,0.005773006710941106,0.026071573253585518,0.018820876331886283,0.0064577920643520935,0.0,0.07811312295703488,0.02068775793218609,0.02644724697356596,0.005840171576692217,0.013652897438473458,0.006444030610466046,0.0,0.005773006710941106
76561198135685349,0.02591866759467664,0.04221699998632149,0.0,0.12052890393639569,0.021393401907062792,0.011813704652094137,0.05016100779418308,0.06799735276479028,0.06721025687544932,0.013198024226730033,0.03171137821900389,0.04212509471791046,0.014843636597407867,0.06646341832100443,0.03438298987840653,0.06670377901179499,0.026109485575357857,0.0,0.03924716019257368,0.005661201454366457,0.04960122230660003,0.04505368606579791,0.04090237239007596,0.005661201454366457,0.035671331782496075,0.00540871260843511,0.03016418878915261,0.011165945166349646,0.007108354033322303,0.021576521697874183
76561198136484955,0.06253008169285576,0.055114313413381556,0.028527225165508912,0.061558950758532134,0.0364125358565395,0.060365789061551295,0.04922568243104527,0.06303779532503616,0.05719150636437051,0.04713469929089064,0.030508922493932226,0.014687657358811938,0.02351242005192718,0.04884059084499606,0.024241226360713145,0.037619771107326054,0.024528058109136663,0.010632265805020627,0.040229383961239734,0.017953761274129634,0.013751465660540379,0.02449053967312283,0.03339483260363466,0.008141560502616923,0.023804809467733157,0.02271148551493311,0.009050028101683595,0.013603369581064161,0.007627468312563225,0.04957180385516278
76561198136577408,0.0552707567355535,0.07080505569025508,0.022175638805813903,0.01483156506742787,0.038221912343512895,0.04132749927049209,0.03896579231685971,0.034382902341879386,0.008221774670414855,0.05698032560217147,0.06772435190491265,0.03794720179599244,0.08212543341858776,0.0041035672884042595,0.01072799777902361,0.032169252343282835,0.004426860569835673,0.0,0.031033191025887478,0.05851231108724367,0.0041035672884042595,0.008191054498995643,0.0697123284090152,0.06893045397651557,0.039364207032035345,0.027562498898603408,0.028369664593515642,0.027499478795311373,0.0,0.01631335645005262
76561198136985842,0.08313859897434338,0.09675873716849773,0.09219847016240189,0.06867275632803291,0.005179521702943703,0.04916435098034173,0.028091167004005303,0.06572406277717006,0.02185843466781688,0.059856580318374014,0.05616764643877239,0.005486071904837167,0.07267937465654598,0.028743794681273617,0.010331787773564555,0.02436482146874957,0.04861359840559045,0.0056396402551467575,0.022673937972298847,0.01066559360778087,0.02890803933585048,0.015419939741893962,0.044243450105465085,0.005179521702943703,0.014034266058331238,0.0,0.011199425939022381,0.005486071904837167,0.005713354034185215,0.013806983928983189
76561198137180760,0.0,0.0,0.0,0.0,0.0,0.0,0.0,0.0,0.0,0.0,0.0,0.0,0.0,0.0,0.0,0.0,0.0,0.0,0.0,0.0,0.0,0.0,0.0,0.0,0.0,0.0,0.0,0.0,0.0,0.0
76561198137208244,0.032495467289384156,0.03606411404588311,0.024770354343238734,0.06262546621008565,0.08223384191767472,0.04118797723783152,0.05996797504486189,0.04348026353927616,0.07947037963528482,0.027809862731914763,0.02256274470725076,0.02089320940378114,0.035384876834462536,0.06262546621008565,0.011381140693361038,0.04438854560136337,0.021457337758304416,0.0,0.059644082572027655,0.02179707093041396,0.033162757699687365,0.0051896781116853,0.02171738634906782,0.013493325081483374,0.03285784819140777,0.03806666280122303,0.010507840807322628,0.025032770992679167,0.0,0.02973155325895768
76561198137264082,0.09308796374520846,0.09953406619494262,0.0813940036527837,0.023946785169424764,0.0,0.09230686976040194,0.020493785368998534,0.03827672656792987,0.03146424107916004,0.03266510567942724,0.0867466169630569,0.029606410296923437,0.057082136018976125,0.016594337384138142,0.0,0.0,0.01385880269188684,0.012399493173794148,0.03018762526805131,0.014998234607107492,0.032615498479175366,0.010206860111800015,0.05157333714749693,0.03603556642155381,0.014090699861570388,0.0,0.030237398610983495,0.02874485736154378,0.01450013059837821,0.007352447785286621
76561198138316742,0.06550375665080568,0.08211093139456634,0.0233095790027581,0.10570445735849228,0.004931309531856635,0.010373648780869445,0.00967623718071741,0.06916443336591709,0.08468720867046524,0.03849092418457159,0.03740584187848484,0.01729496484855913,0.018833683907382968,0.08320700910884586,0.0047565699544577286,0.06319346859372349,0.013038354976246199,0.0,0.03413735432250267,0.0,0.07263801010661204,0.02081673055828217,0.03484954684021779,0.0,0.037254520726697146,0.0,0.025001398893044997,0.005598610521995474,0.038021448641927774,0.0
76561198139411198,0.06024601155997019,0.08275758832099664,0.05010788132879336,0.023279489129650378,0.03737950285885821,0.05404179109628058,0.01650342815314814,0.06520741822677222,0.02947752487943169,0.05814116559438108,0.04577651527528479,0.026931885344778646,0.05113430682697545,0.03634263137000289,0.007525386901282623,0.04375450564002956,0.054172937222338624,0.0,0.03519173290095099,0.021407164458462236,0.0,0.0,0.0725341524217363,0.039893837873555583,0.03478272138131968,0.0,0.0068542514767510965,0.008902911886036941,0.03765325787221196,0.0
76561198139915980,0.07207811799846388,0.09139176724651174,0.0713247771586963,0.040566543579141086,0.042141443239250724,0.09132726161994376,0.019669000302604125,0.0907076368510933,0.026440183126757874,0.007409217603678631,0.05989476697889165,0.013189694879247179,0.06558619994362903,0.015281914519464278,0.019686317227655924,0.030733475033309077,0.028811423722906987,0.011491503380672459,0.02664328670635483,0.0,0.03236501523803083,0.015199250253027801,0.04189192810291967,0.013189694879247179,0.029383870700592493,0.0,0.0,0.0,0.043595709707909186,0.0
76561198142432184,0.04167754088261353,0.06410658532873177,0.01541103265559838,0.07759785975066878,0.011936278853611737,0.03329125081616244,0.04641571675056763,0.08420801403404445,0.08850763064533562,0.022241610285667505,0.02924623100473962,0.01798967419050394,0.011591360152132654,0.07592168855689138,0.027866279580306297,0.072330139817681,0.022456856454109192,0.0056213953720885695,0.03304930732141966,0.008591812865286541,0.045258791209251414,0.0450147531111674,0.016922189488405712,0.008591812865286541,0.05452576976893095,0.0,0.011806096726610066,0.005751577499090239,0.008324404413004156,0.01374633960009279
76561198142871256,0.05252259480041587,0.07173854086098995,0.03969048423731412,0.0523280556652641,0.014278662750949815,0.06397454909322395,0.07548346135949843,0.08930562990182368,0.00908390773182844,0.050078187235251884,0.03557813497346092,0.029147066313278798,0.03043807418040015,0.017169981518744753,0.0035895257963385083,0.0,0.025337166101870368,0.020947760391738048,0.006509310059936451,0.01519160270304222,0.04208525145534969,0.0,0.041050613352299335,0.0,0.03681498482253729,0.004001350447996677,0.07101576609857406,0.03857343733144668,0.03151876018778172,0.0325471406286441
76561198142992067,0.02785629137730667,0.03497352376681653,0.006920656948790848,0.08049697874061916,0.0559621105937448,0.050637838659152314,0.09310267609217414,0.04330892899724585,0.07618070636277088,0.019809383122085262,0.024010447423520726,0.02458163967343044,0.01262641345115876,0.06580144326974958,0.020322248581266796,0.053977290146235764,0.013771648704688298,0.004997238079839957,0.04965384106925402,0.01753121105894641,0.02857365419012037,0.00804690825522141,0.03176226226979302,0.006077650589536421,0.032054041999355645,0.021808505109917085,0.022944092241069844,0.02267897022189623,0.012091445603584956,0.03743995340070762
76561198143412503,0.056373177912499774,0.08192947197919058,0.004772947238950266,0.08957342790414946,0.03169155507608263,0.004651910021652157,0.04402520780249936,0.07084351051433649,0.07610813082776907,0.04110818602935172,0.024020123401952084,0.024909043450835583,0.005004276778522305,0.07724408172493473,0.01991873881818238,0.06598293673668705,0.053226397569552,0.0,0.017175131498765567,0.008485015773293525,0.04769190175940123,0.010500625221948867,0.023110582462233298,0.0,0.055776673320153514,0.011880742388375339,0.0037333094623496956,0.011293543488773067,0.009333476922935815,0.029635873914622284
76561198144180358,0.0646354503202393,0.07611046027320467,0.0438632147565331,0.05744998132360264,0.023529715079422253,0.03559920742430106,0.04495141009694665,0.06258332471192074,0.06319291226444826,0.028371457416615287,0.04889333900721154,0.005734903870011052,0.010767802598783857,0.04962713616795991,0.015551959097278361,0.042864209835356305,0.026972533857823312,0.0,0.024238498975641697,0.004968960645541238,0.06324406489927467,0.01730188734847589,0.0217491682107644,0.016307648905199167,0.0515415542401114,0.0116065286609751,0.0286223016764181,0.0,0.04551441821427603,0.014205950121664113
76561198144852786,0.059995869620346025,0.11468986639495193,0.031969500886504916,0.012275833420586352,0.03259325632081276,0.04456372212894764,0.01745136171781454,0.054185649128120426,0.01974116307147808,0.0683137859543239,0.07349657128557215,0.021093462427182613,0.06661462797802692,0.01858757897411546,0.016962686354517104,0.037905957773135046,0.011796222936192693,0.006529494052741968,0.04000935811971888,0.0275296561689342,0.013052670300001169,0.0250126526669229,0.06483926769258944,0.020639361580216703,0.04385105832252261,0.016279691354985384,0.027631911802802216,0.012387761565935983,0.0,0.0
76561198145824277,0.039082820209815926,0.10944868844541143,0.011980882021131931,0.050934002617470185,0.04262707418621136,0.04590033165544829,0.01296897172271166,0.08366501373105185,0.043454962993500594,0.03750142830253978,0.032611671937500024,0.02036092701955316,0.045323893560020735,0.053093678610299566,0.02404398072868048,0.0691379411330512,0.020768146900442184,0.0,0.019195673995736816,0.013578970903775472,0.02893154843713364,0.015158914035192178,0.04928004808786801,0.028005684250163136,0.06234793075979916,0.014487016710659214,0.006694380064524127,0.006978657963009678,0.0,0.01243675901729822
76561198146396342,0.07186793909831321,0.09039170064745981,0.06486684598096905,0.06008161022270594,0.009636909886371883,0.07068438561148284,0.025424779676426458,0.06295285641523585,0.03929514429009544,0.04099577880130258,0.0619385372851092,0.03295943895279227,0.03412737271731517,0.02468272237627655,0.01809707748751917,0.03291993654135105,0.015858988720987774,0.006711553399148982,0.016380706573441532,0.010378831427248379,0.024526523467663822,0.0,0.04907696520507375,0.0441446773909857,0.033971386427764885,0.009636909886371883,0.02527761295108792,0.0,0.014880767390934392,0.008232041168564266
76561198148262444,0.09244686290396598,0.07993983880310766,0.05302390911862171,0.036583499153621614,0.0462166035903205,0.08774056898527499,0.005118853065491883,0.020850734641101605,0.04416364184822998,0.032835815432041414,0.06931571650727546,0.019461314079415207,0.03136057552125272,0.031076524151970045,0.013499643443599283,0.03301078585163995,0.012965524084387251,0.0,0.08773571184426567,0.019746673817673904,0.022996092918680017,0.03628620356617197,0.04647079683069072,0.010668542651349443,0.014098017945928567,0.03365395810109278,0.01311208037870189,0.005621510764127868,0.0,0.0
76561198148591865,0.04929030424414489,0.08689692130511002,0.025308771772231307,0.06150140973761945,0.020113102328273312,0.03240775866391596,0.03878503110604322,0.13642160350909407,0.040765223916267405,0.04596308677575786,0.024725599177890623,0.014210511144897573,0.03370412271111108,0.040765223916267405,0.019252050796713167,0.04320396974262575,0.030868477481069967,0.0,0.016291839825119392,0.008906967590568918,0.03908085388669533,0.006017958025681009,0.037962103029671734,0.006172564083057128,0.0448615238384275,0.0066187765786930915,0.015134494586883778,0.008906967590568918,0.0476039281667844,0.018258854468815734
76561198149149071,0.06025943271532367,0.048897534762731155,0.018582537489545574,0.07626356499688292,0.043951110197052265,0.01710488521881007,0.048945254669697534,0.06544678977189713,0.049603636859665325,0.04122503249098581,0.0185986639594089,0.020762458922172163,0.012641996115042462,0.05083957501083419,0.040051146538869535,0.06672364742275104,0.03149010181685526,0.0,0.0476931059222308,0.01644359207748073,0.04320320007252301,0.03230990681918479,0.02402753122983814,0.005746764750131939,0.03828654966662634,0.019305297296138602,0.0060632754113680905,0.00849597605921316,0.01973215132219024,0.02730528041454903
76561198149717332,0.055401257323250276,0.025226737647347088,0.046235271488257026,0.07543288720572293,0.015926995543170848,0.08153492392673276,0.03975443499944616,0.053750018798652606,0.06375112455937168,0.025807728051057195,0.03498145711362973,0.04547554372173571,0.039366977027586285,0.05630009542938665,0.01679645092841031,0.03320756573316155,0.045473141028168136,0.008261758046468684,0.03265922273042401,0.008210566598588003,0.026343048800276245,0.04360962913532749,0.03619542428703137,0.01798436046231541,0.016838966291712446,0.007716428944582848,0.008210566598588003,0.019900174125483415,0.008261758046468684,0.011385485407646447
76561198151733556,0.07984991733900636,0.058832575601724245,0.033982951868202285,0.08821693663416012,0.023658865623866338,0.04547317556714013,0.024505441853813776,0.03720178548370923,0.08284921329470181,0.037268041751492675,0.039934684642628136,0.017501003888775343,0.04404810098671786,0.08284921329470181,0.02699826491897503,0.034268092903028076,0.011161660976289196,0.0,0.06566473271526553,0.0,0.04584161065265325,0.03321427106089795,0.02789653967978052,0.0,0.015022711983657476,0.023658865623866338,0.0059517327744258545,0.0,0.0,0.014149608880520656
76561198154693814,0.06414605676810801,0.07263640479956862,0.06589985722270522,0.04645681627974002,0.025932267274025273,0.06419740152616435,0.022496623799341146,0.02190690264250938,0.041017333401905894,0.035613828529393474,0.05914526124574648,0.03849071698424309,0.04349893886310926,0.040119264883093975,0.011627977577131883,0.02270375771461547,0.021790566572780858,0.004828119546411418,0.07336130713344856,0.02056849926781734,0.02369557401504389,0.02134224697308883,0.02829449336473826,0.04068826801508659,0.01713557416973957,0.011268577756387715,0.022822855852931364,0.016001642593466738,0.0,0.022312865227657314
76561198155700223,0.06828109075376831,0.08330082178517648,0.04322616256616878,0.06079139167670763,0.041253650567984974,0.06050799648303655,0.034178819747641156,0.0393454109571586,0.05600855025754624,0.04267918876246889,0.04454040921468962,0.02017176584204048,0.04167680605996918,0.049204464147052346,0.01159481285630062,0.025599037235013288,0.025517691292982675,0.0,0.034369314913750275,0.03305712964904066,0.0284394959120455,0.019336174867956756,0.04203974331187833,0.011443143809085921,0.027494628691765763,0.028359376492714652,0.006963994917205841,0.008784458098759202,0.005030383019597359,0.0068040861104938875
76561198158802282,0.0,0.0,0.0,0.0,0.0,0.0,0.0,0.0,0.0,0.0,0.0,0.0,0.0,0.0,0.0,0.0,0.0,0.0,0.0,0.0,0.0,0.0,0.0,0.0,0.0,0.0,0.0,0.0,0.0,0.0
76561198160310073,0.06362975894496677,0.12224497885172772,0.032227401288794345,0.0648016323194123,0.005573768463899824,0.03145320461723493,0.0280011186800608,0.048855831387357905,0.0464221081418503,0.04070178770836753,0.07906882171395957,0.00647628442390161,0.01978262466067352,0.025296079815296003,0.037719816957271474,0.07880418319460765,0.03520208284440436,0.018504196581857132,0.01398009559618003,0.010334824214805433,0.02843784653853027,0.04073695575732312,0.02630826198036462,0.0,0.048855831387357905,0.008522443287857957,0.01978262466067352,0.010771624808985043,0.0,0.007503811172278422
76561198161403415,0.05162718434319191,0.0505168751387112,0.026636571130496903,0.09838095245520674,0.03830541736659464,0.03515523767906906,0.051393317130351036,0.04377961364921448,0.06435868455780411,0.037878638988098276,0.0204212687209923,0.033735579306666326,0.014666178686762352,0.0653043283310485,0.029891821857768633,0.05506716282977301,0.028991015329874907,0.0,0.032812582004756334,0.014325100279742698,0.0521451503567393,0.022534786926159865,0.031613542279561556,0.0,0.035130754418121996,0.007807533411184884,0.03497854252052185,0.005874241766289927,0.010740481771554195,0.005927436763743163
76561198162182031,0.0425634169050963,0.09337474784555887,0.011641104800080283,0.13708835012674564,0.0060673360146443235,0.0040479801266108196,0.027387697053350913,0.043674763969704246,0.09879196130142284,0.051276677298543176,0.02093924325360659,0.016119509113466084,0.012790952673941853,0.09605814908924959,0.04318354698559417,0.09168087470461246,0.0061830332524194665,0.003604776813028043,0.008054133874019157,0.0,0.04569107330267641,0.030099990013047733,0.02601541413376687,0.011651665454864592,0.03562063009568509,0.0060673360146443235,0.0060673360146443235,0.012790952673941853,0.0055105957696458905,0.005956751325388469
76561198162456427,0.0,0.0,0.0,0.0,0.0,0.0,0.0,0.0,0.0,0.0,0.0,0.0,0.0,0.0,0.0,0.0,0.0,0.0,0.0,0.0,0.0,0.0,0.0,0.0,0.0,0.0,0.0,0.0,0.0,0.0
76561198162847888,0.0,0.0,0.0,0.0,0.0,0.0,0.0,0.0,0.0,0.0,0.0,0.0,0.0,0.0,0.0,0.0,0.0,0.0,0.0,0.0,0.0,0.0,0.0,0.0,0.0,0.0,0.0,0.0,0.0,0.0
76561198165565385,0.09901899253460726,0.047562389589126154,0.01549401379900676,0.09802321387510467,0.029421242804699193,0.005736780124962677,0.048982668984070304,0.037932807617095096,0.04075664627370891,0.06091401081976913,0.0032028335490657547,0.039654474426252605,0.054599297245918596,0.045210191173667334,0.05069774842117541,0.062554178564431,0.026040832153242002,0.0,0.01244795277046521,0.0032028335490657547,0.035219801365626,0.04201077800820799,0.02974442002594131,0.0,0.04366958774205778,0.014171689640546464,0.009629581972031055,0.03074356696315949,0.005736780124962677,0.007620685882033494
76561198166039566,0.08020636778914796,0.06999569265719102,0.0328423447160637,0.09580273973076296,0.005775857856788633,0.06090793275134484,0.03624100484283139,0.012196572887045395,0.09017541764119845,0.02024263576225424,0.039683928084157244,0.04158311114547131,0.036569542437462715,0.08335504118629825,0.018086762608017837,0.038602186946685685,0.07903217610084169,0.0,0.037167595924577766,0.0,0.023862222645385997,0.012261675911687503,0.04685065256216725,0.006392345563127547,0.0,0.0,0.007864315666975426,0.005775857856788633,0.006524484263507185,0.012001534462219285
76561198166226287,0.05264917682645973,0.05109653057730576,0.02120882335388478,0.057614627954949635,0.028339207169053266,0.054801832687235735,0.06318447482529065,0.05978405069254519,0.045696625528244474,0.022622493964759675,0.03666576643019441,0.06259071347417978,0.036140907175166916,0.04574833672575872,0.01072479428223294,0.022204053026306934,0.015085450451612286,0.02713106752588782,0.05130029411933204,0.01578895631475715,0.04406929477204226,0.0,0.02563770818034719,0.005583710500008401,0.03585749008425953,0.004582595547571108,0.03130961614707356,0.037631492876694594,0.018935024062092243,0.016014884724753174
76561198167407399,0.07696292948923199,0.113066769459565,0.09364400993939466,0.016380995706737917,0.05002929540075027,0.054137755239563,0.004575086106584632,0.055832127931635916,0.0,0.03347561849416804,0.015795120173290742,0.014153758134826633,0.06846907820130664,0.005930235881076933,0.0462494085764882,0.06420156281303947,0.04089113685686439,0.0009762768514307138,0.028630099718023508,0.00012149896488494775,0.0,0.018646649738525832,0.05158027512770481,0.0,0.06318586924332088,0.018306586197719233,0.00012149896488494775,0.0008688298657057241,0.06364602795839011,0.00012149896488494775
76561198168362702,0.08405556764862052,0.08368661921368438,0.04533270041258362,0.06804854115292776,0.019352470742217014,0.0516830178943252,0.025672908221571925,0.045212051035161134,0.05515024107927072,0.045217577812412584,0.044976993165711056,0.012900557796858397,0.01289474627345765,0.04224476984541898,0.02571717137265435,0.031977829906838236,0.019349579806437412,0.02563670707002201,0.01607500916562016,0.019214073431343737,0.03576500999553521,0.04230355074778661,0.025537388658431446,0.025528732855132963,0.03211154776530261,0.019352470742217014,0.025654150863882046,0.0,0.006448967026169702,0.012899048298405462
76561198169509065,0.09061409174674133,0.061089901190540204,0.07094255414565957,0.02725879695819379,0.047398684922005614,0.07848059791839825,0.04007769696063651,0.06263579207335633,0.010126820055823918,0.04377027505434088,0.04299205443779164,0.01618208911764019,0.061231781766110466,0.010126820055823918,0.01634627475246034,0.02758962858561641,0.01749309929900407,0.0,0.02221471618673896,0.017594532818282944,0.010845603106666756,0.010348861360240987,0.045501259292446423,0.022961576408417794,0.022709080104387512,0.030716403541884853,0.022858233398559826,0.019653472120271912,0.014497380858464212,0.035741921763494486
76561198172594941,0.062302824109975286,0.07124232613375284,0.017209751340437555,0.08632881454277014,0.032464645517710326,0.024492049532472197,0.0551260701134013,0.06787718314962146,0.030468954280480617,0.03598942725402037,0.03385318921556947,0.031175209008183564,0.0055483191604724195,0.03712796341559372,0.04226644411801342,0.06269606462849849,0.018314732523672137,0.0,0.034081356700224094,0.028163168909369336,0.0511827273329173,0.035393361229472106,0.013621644653235714,0.011713658243621273,0.02677061109461507,0.01144024777270019,0.025429902465926874,0.01899495899693508,0.006268156176530376,0.022456238379807477
76561198175781507,0.06486252644867342,0.09023829433831022,0.016382167747811,0.05533978856461612,0.022986669020899967,0.030652905900572236,0.05651994923744442,0.09453208299244308,0.06366597668056101,0.052508893175197455,0.03454004848289442,0.021749622608808767,0.01345871582096214,0.044960152071265885,0.0,0.04741260625756326,0.030880359453360928,0.012207289537238274,0.006494642489815235,0.01345871582096214,0.0265536789182455,0.007889546866945207,0.012836112393648635,0.0,0.06237691362050629,0.022729444935553515,0.01345871582096214,0.015133880972816609,0.03204475726639219,0.034125542555529985
76561198176903937,0.08157028499961548,0.07030427582160627,0.015803954468119656,0.06840382368070394,0.04703064717336642,0.030566268973222118,0.051054458294539196,0.08011670890841208,0.03925072422484083,0.03496729004415019,0.009761015294606538,0.010298627104669729,0.021438877244424427,0.04623396003864396,0.03661254711328237,0.05977959407553302,0.015627159334142323,0.016575871385568094,0.025578639264615243,0.016719791736562985,0.021240408927613384,0.025575615746208608,0.0051364120916957065,0.020024252018457016,0.04361919470818861,0.03093160776458449,0.0,0.02015165778816181,0.021300651391445727,0.03432568038301966
76561198181134839,0.07047958020643491,0.08542268371470461,0.07231133068560563,0.03398320165651109,0.10145047044041583,0.06531965426884412,0.03456478448247705,0.031418082460442455,0.035937226213321447,0.042568018814992475,0.004184298851071597,0.0,0.04396817244764881,0.023970422495364012,0.00414510157977035,0.025822217716166305,0.03060592073077123,0.013749386140971267,0.04663611958676989,0.044636253493628555,0.0,0.01928175209121307,0.020688467398816773,0.005962552208188587,0.031418082460442455,0.036766321412415356,0.020302860129493394,0.0260250880152343,0.0,0.028381950298284248
76561198182434729,0.05775746412496328,0.05154946583710848,0.03169899521048459,0.060090310200242567,0.0450480180679273,0.03639691544645125,0.035687865218083044,0.07302047317176859,0.04023054255619624,0.036621725813268696,0.037320291480718575,0.012506951859162984,0.021693748906112184,0.04179511319154367,0.03536426774695882,0.063799004627066,0.03993732220686598,0.004616665946672982,0.0355258674473142,0.009436233140577437,0.022594013167052868,0.027304971649369163,0.03218987017905166,0.014700160709813847,0.04347266268013877,0.029307684174567063,0.004436507027559061,0.0,0.02243373816886068,0.03346315004410003
76561198186851741,0.0600901782636265,0.04103313861933498,0.033080804216215176,0.0792272880409018,0.023784617061420935,0.038962839838533866,0.046935183392853644,0.02590192201308375,0.06057824829535358,0.021298623972811417,0.020002849120502934,0.007832131890103176,0.035434997559611124,0.06721880598563243,0.05333231414123568,0.03925917088947668,0.02776082696076188,0.006000151182351505,0.028614146427589162,0.02471505392579036,0.021295402360003428,0.04615008053719788,0.040224564787873715,0.03918591543583445,0.02843746437344327,0.016220491788570227,0.015074584083440142,0.008375286437918576,0.008375286437918576,0.03559763196060936
76561198188197794,0.038731845295865486,0.06177566291061177,0.017596972747031706,0.06571923475020194,0.03416607192173346,0.0631278455144957,0.049302411721728154,0.09241177700352905,0.04207051831638881,0.024882412016535602,0.020179328934368433,0.019436991692413797,0.03729089533636033,0.04207051831638881,0.019166624169671794,0.018880949365064886,0.01139006327754406,0.005723609499012139,0.017511157751587056,0.008024512775571509,0.07237771719783034,0.006542665031220943,0.031529208340709845,0.006746407064979207,0.06339675438707179,0.021710923244740166,0.02220770481843038,0.013005671810654219,0.06608354138406933,0.00694000340418945
76561198192535273,0.06945602808082825,0.07480765068339394,0.030433050102374147,0.0997828559551037,0.013627811126378415,0.032112731265823063,0.04108585234425237,0.06086592621031115,0.07282360015324592,0.04421411971180154,0.031503453098594654,0.02547782554916639,0.018420059178490104,0.06382244981032964,0.011753168030501757,0.04486201548105049,0.024442980524292824,0.0,0.02679771444779182,0.005628682183448112,0.05169748535320862,0.007017423745755935,0.04945651579571579,0.010993126116211517,0.026007288298919556,0.013627811126378415,0.018393971691276392,0.005781314169206553,0.006365400683634004,0.018741689082514813
76561198193941166,0.0,0.0,0.0,0.0,0.0,0.0,0.0,0.0,0.0,0.0,0.0,0.0,0.0,0.0,0.0,0.0,0.0,0.0,0.0,0.0,0.0,0.0,0.0,0.0,0.0,0.0,0.0,0.0,0.0,0.0
76561198193985237,0.07753447224291649,0.08963930096788889,0.017892162625403277,0.07978795333681524,0.030161731316002128,0.03231643173187221,0.04371677646954184,0.08216812200734555,0.03202384511075096,0.047898929973924254,0.024846953162738616,0.03485044409130308,0.022095272464763574,0.020105774495095614,0.016534397502726016,0.01848668298667486,0.04356941785747843,0.006561303141719446,0.0058070322735435135,0.0,0.07694788037432618,0.018826739527865514,0.00574874020194299,0.01471374855150043,0.04041427561878699,0.019501658430473533,0.018303381173728654,0.016298576833574586,0.04100899730125455,0.022238998228042768
76561198195856567,0.05454320233053046,0.0582755278409285,0.02133355847507349,0.12125084081895479,0.0,0.02432398663571482,0.02458402601964828,0.04499385446699711,0.10814048669375244,0.03665786218314111,0.05334713689493684,0.030488188283573005,0.03507800315273831,0.11779593314386236,0.0,0.055113411395740844,0.024652714951970463,0.0,0.035977866291491606,0.0,0.07226689663671847,0.00815968990025906,0.04617347883336346,0.0,0.013382386410812458,0.0,0.005961525551384465,0.007499423088407682,0.0,0.0
76561198201869792,0.04448204275252606,0.06439603650081083,0.025435316982855217,0.06786441369996495,0.05382404713434402,0.028744852364751272,0.0739074363080614,0.07920242235791346,0.029010323882336545,0.05155909122923836,0.016406835967078252,0.024445841166992496,0.008161803346663431,0.03753739496933272,0.035323628623168415,0.05087648697664838,0.02962455010209284,0.008597619463620301,0.03829545602571059,0.017951663761454278,0.009288453853327078,0.010499043850881809,0.006560027210941778,0.005594391735923644,0.04653170082322141,0.04318917287075407,0.015124679726617397,0.019254114028405142,0.007707756936899447,0.05060339534746445
76561198202541610,0.08366274692834544,0.050637760875335905,0.02341406301842706,0.043103326037018,0.058076649790880494,0.059173809685922986,0.04394274609037339,0.03779817794400533,0.02809688030977812,0.04896805180950627,0.033038960602279926,0.0198557933172591,0.04344922545548645,0.027195227102516643,0.027147375783163064,0.057813032965009115,0.01112722650573256,0.005479765803938708,0.07399159773661987,0.041959538314979006,0.02102764087905613,0.008868958929330723,0.042434940322546355,0.006136021466244995,0.03422176161928784,0.012000779609001543,0.012437851228837674,0.017940524691051576,0.010978229182816737,0.01602133599524917
76561198203294379,0.0850700712692113,0.08480465479383661,0.07671725387270883,0.06666759022966881,0.01362219250707704,0.06932224771465571,0.00616832458951103,0.04251011165730354,0.06147768290544352,0.06334149395589124,0.06982486439306455,0.012909012493367433,0.02642451537193547,0.05664420487144599,0.014433542513082553,0.04288528182608448,0.03777808344066954,0.004833478033997528,0.028957831604040064,0.00616832458951103,0.020450490921146317,0.014137199744376272,0.052211350321075024,0.00616832458951103,0.015199936098130138,0.0,0.01140817802956817,0.004285107575334115,0.0055786500883524956,0.0
76561198205514059,0.0,0.0,0.0,0.0,0.0,0.0,0.0,0.0,0.0,0.0,0.0,0.0,0.0,0.0,0.0,0.0,0.0,0.0,0.0,0.0,0.0,0.0,0.0,0.0,0.0,0.0,0.0,0.0,0.0,0.0
76561198206869732,0.053889372688407704,0.10111435274269617,0.03307428747124429,0.07179608020206145,0.03274353296961073,0.036143743799027114,0.0229776445854556,0.0752791522440923,0.04922480193019905,0.03463350075735698,0.0343841698972342,0.016497007001074128,0.04098854570832831,0.053141749995960504,0.002580105808101222,0.050327380689743934,0.016241729775822833,0.0,0.045756331221459126,0.009551243131872975,0.04736884539779343,0.00885757101023989,0.033535332344404215,0.0,0.05988270351284199,0.013331549546715202,0.009551243131872975,0.0,0.04339274099070372,0.003735281445680014
76561198210123867,0.06818880441444379,0.036456571713235415,0.026946680390406038,0.04915271465810981,0.045750509063516714,0.1067888055866138,0.0167124231751905,0.038948398833665104,0.053039486119852514,0.030438546992391353,0.04441014043794999,0.03141169644082733,0.04004956856606885,0.044148782629288605,0.020397493178438256,0.04093104683948313,0.02518449134641628,0.007381602176000453,0.061633459232882985,0.017907272947280926,0.030089409680971946,0.014348877957521492,0.03318719194954689,0.0,0.040129631376568456,0.01435887501174697,0.014997129494049867,0.012009411678167705,0.029261163198175778,0.005739814911189088
76561198212109881,0.07190261432531617,0.09861899011346764,0.02816169254856206,0.09661228519715384,0.0,0.018206521359125028,0.009877752069721307,0.03527039238092113,0.08499094879672141,0.0471304141468154,0.029646715229619952,0.014747671947762867,0.06384644084293489,0.09523773280343191,0.04033335609957583,0.04904129986146435,0.014749472154565376,0.0,0.051558810220446054,0.0,0.03361975999429732,0.01085522722194041,0.05691410029235101,0.00693234055058389,0.024935369222916833,0.00693234055058389,0.0,0.009877752069721307,0.0,0.0
76561198212143500,0.045916893967689394,0.05672431452586719,0.02039985629242636,0.03525559022939921,0.10984538325654787,0.051265003704193894,0.039342526549553274,0.04394413156188762,0.01133883758662911,0.060753811067264005,0.01974302818243788,0.02342595448978846,0.040793216085695846,0.01133883758662911,0.01853446896143778,0.07181887873984516,0.05865592174643975,0.0,0.033004733825254165,0.011207439916782023,0.0,0.007104178155406355,0.03150817109915876,0.01916901680024628,0.04770640067142812,0.0483843883411496,0.01112940626019129,0.01839538846098239,0.03532402648028098,0.017970195455388104
76561198212519471,0.0660085884853221,0.0684704437169342,0.010476463380661404,0.08805122950486846,0.03272700436691406,0.017502568721555402,0.01862072949074454,0.06054318451438621,0.07388399026193551,0.04334968008973141,0.036555541555891226,0.014639928253164885,0.02137298586993809,0.06049752480745343,0.02715281503929613,0.08206950766928069,0.045231006571133756,0.0,0.040305089844138386,0.004976974862767894,0.04802982241911814,0.015411258633021226,0.03222833205907086,0.004976974862767894,0.04993280556036399,0.019679167797182297,0.0,0.01173191111571295,0.0,0.005574470546644949
76561198213107237,0.03685325486198219,0.06410657076769177,0.01203344973167905,0.13113578365369502,0.0,0.0,0.028153438061332407,0.048087003675215054,0.09156715327438945,0.013031700808693933,0.038613629322776566,0.036840235070081204,0.023678275883172027,0.09316947269900189,0.026328378198177373,0.06967431872023824,0.02542899712080625,0.0049667346840394045,0.040235914239242256,0.0,0.06022409960507849,0.04285840144401463,0.03751678570514366,0.01797321170402948,0.01955950606628968,0.0,0.0,0.014922216917746967,0.0,0.023041467785482904
76561198214234216,0.05488710950465458,0.0814906285926047,0.0167368211952055,0.1261708441620993,0.01165555502327218,0.01672634183499698,0.034943111691430696,0.08411835369851606,0.10382494489281412,0.02737091922344286,0.018871434723853983,0.011452227932002635,0.01585779919554109,0.09710060546553431,0.017883329664597856,0.05607022287188733,0.020222246236183166,0.0,0.03193677625016322,0.011027137644965006,0.04992962831606258,0.01043522508367865,0.01585779919554109,0.005213865763034018,0.03823701777844158,0.01165555502327218,0.0,0.0,0.0,0.030324499036204315
76561198214300979,0.09283884052701748,0.07150529180372336,0.038261529082559316,0.08106868024534013,0.0,0.024987776460377295,0.011792564918143924,0.03873745635922078,0.044792613056258736,0.07068360259220677,0.07440309488095874,0.031543553361733916,0.01954750368596,0.03222555013654304,0.06546180528313351,0.06904155235189964,0.0244900864071311,0.014179547110772128,0.02269874123383491,0.009576761193512012,0.03580107649023582,0.033560867244113224,0.039239541181496924,0.00966416120064155,0.011210806949415581,0.006163203916651368,0.010818867718980654,0.0,0.0,0.015704924608138306
76561198214648473,0.05605346171162735,0.05041432881151952,0.009818527380713255,0.05781876975728933,0.05602522563753847,0.034984135140068276,0.0490559986526323,0.06749104751439382,0.04462324460715373,0.048910964523908584,0.023449464655058237,0.01613953891153077,0.009845806401052839,0.033163391931135176,0.03365395011982898,0.08056421039983479,0.054811678448950386,0.0,0.035811535174922686,0.011443189343071742,0.029099035100956204,0.005524270859570176,0.0334845010821083,0.004967578321401018,0.06716037420859931,0.02601825248274867,0.005198917358424883,0.0065464412055639045,0.02093783229694845,0.02698432796144891
76561198219075073,0.07126056588376498,0.08565070219721636,0.0276879824556548,0.040771224034599776,0.004955230477144263,0.07590359605821914,0.04091813648190295,0.096682870415657,0.026463679374979822,0.05330096000512712,0.04680283682981795,0.033369620522268446,0.0,0.004955230477144263,0.00670538033138803,0.009388366962519518,0.03124335621115499,0.005154215843926622,0.0045141256401680496,0.011660610808532293,0.07873996692279561,0.006897559092488748,0.0046399749642098125,0.011660610808532293,0.06901670837948316,0.009489735664497085,0.03269541550199568,0.0,0.0894928820022394,0.01997845565257179
76561198219470507,0.0,0.0,0.0,0.0,0.0,0.0,0.0,0.0,0.0,0.0,0.0,0.0,0.0,0.0,0.0,0.0,0.0,0.0,0.0,0.0,0.0,0.0,0.0,0.0,0.0,0.0,0.0,0.0,0.0,0.0
76561198220559105,0.04916706075474068,0.0617168959677077,0.03268467200819063,0.06936422592276148,0.03213348803787212,0.026445833599742348,0.07346980712195936,0.07249052052720463,0.03621278830131319,0.04501127909107716,0.024906589214581127,0.019237817535941913,0.015058253300216493,0.042305437449928415,0.0261382888780234,0.02198084322986914,0.015961727290696857,0.009082217606469647,0.023989826947404563,0.034736893757983,0.02723012363777938,0.009560229243679474,0.020836696676648156,0.013261675380327633,0.04173976090419836,0.033243677365003756,0.016104524623757856,0.027543284155467907,0.033543217847309646,0.044842343622144044
76561198231347376,0.036812480535341655,0.07523123880052009,0.006036886916459153,0.09230213237699962,0.04075112238832593,0.02063100086079432,0.023689758654052772,0.06921042790725378,0.07939132261431822,0.04476801390381498,0.013702417876909689,0.004599218419042351,0.002891623680927538,0.06983756956037841,0.07202384042508675,0.07991673166888211,0.011509135780162426,0.004148664822969891,0.12314305411568695,0.007490842099969889,0.05186823648479329,0.016235333192848547,0.0,0.010391575340739157,0.015688549888328032,0.0,0.004599218419042351,0.0,0.01848292296941108,0.004646680296941214
76561198238420992,0.08379196765453174,0.06790847830913457,0.06661310907455631,0.06448592629347827,0.0,0.05827453294578987,0.010278323311117867,0.028251244303774917,0.05887012802519323,0.023865604222362915,0.08044947484814152,0.0372382689266113,0.028875209213116336,0.05822602148748729,0.0,0.035983148856723275,0.04598869798385888,0.0,0.04747475743051315,0.0,0.038013477311462505,0.016496688505159063,0.07662675947126492,0.02662052138169412,0.007717886450507772,0.0,0.010759694002938379,0.0075945688492997186,0.01959551114128192,0.0
76561198238846116,0.03739577964415952,0.06845289348959337,0.01837839050942026,0.07156113774904325,0.03481483150864746,0.04155420265633537,0.07426173449215816,0.08118334388773137,0.07908677171754537,0.0367606763079684,0.03182387592511957,0.021255207066006792,0.011770939363800935,0.0712813434687991,0.007614962126403181,0.05819317470027704,0.02994198897762634,0.0,0.036955290772224474,0.007614962126403181,0.02797446852502825,0.007282425718029899,0.02828726258923446,0.007614962126403181,0.03824474076282945,0.02678770909841245,0.013331169274107395,0.0,0.0,0.03057575541669159
76561198246412594,0.0736959931778965,0.10456279510154222,0.047519928549407536,0.047759553589731996,0.005594166571176534,0.05702382474475714,0.057744561234862504,0.08305078138744819,0.05155008529747948,0.0432227681387757,0.06552602421098358,0.0,0.039335481021962534,0.041529508626167715,0.0052655351358461885,0.03063152904571622,0.017855843402336227,0.011121003246960772,0.0,0.007663166173380231,0.028625133851440405,0.031175188039541005,0.030736068326152628,0.024486092839145317,0.026373191276112807,0.013333893258140848,0.024824984879982595,0.006341015680619427,0.006040815459641593,0.017411067732792013
76561198248263124,0.0739198162116666,0.08794951871123755,0.02653114904682103,0.060300148444215954,0.007174545097531343,0.04581719972053663,0.016038880407407453,0.056663962710365855,0.030876845575914063,0.03320485587334001,0.06465833981034551,0.03479238598624354,0.029831557503665587,0.03840615204527968,0.02399406794762201,0.061810188876707604,0.011706964619658193,0.0,0.06745105566906684,0.006574637643647284,0.031936372536663246,0.039730079200040805,0.04285620520244607,0.005381684508410621,0.04451660690537801,0.0,0.01479205928240944,0.010387653505281634,0.0113964121187432,0.02130065483935412
76561198249893146,0.045175459449041735,0.09658702723165508,0.04728143208439706,0.07901012953672013,0.039088107746308214,0.05450620167072241,0.054626518304094145,0.05044013916732291,0.011976314301880411,0.05048287737743339,0.04599437599131455,0.013407499365866361,0.027753697979506116,0.03293655342659727,0.0259476180678265,0.04408672950647351,0.03796779520299269,0.013113062407603591,0.005719678698411658,0.014115940068564493,0.006279349343488966,0.012240689957700357,0.04057370153071198,0.023795640020521164,0.045196401660218315,0.020321203048335373,0.007763408821874074,0.019550148462087667,0.013195295373262904,0.020867004197066854
76561198251071604,0.0753572765944527,0.08213433445090144,0.04583705882667706,0.09362833614987263,0.005149261287005016,0.03456152210832286,0.016813888019404165,0.06003601355529614,0.08946993581136779,0.04501791811186024,0.03666067937061729,0.011184130301775785,0.01824591523090437,0.08140965866898511,0.034398258206170464,0.06104558598284388,0.033212660016965774,0.00516971926676309,0.014241941071292027,0.00514209312168023,0.035688714444932525,0.013557915185835368,0.028049171632760155,0.0,0.03619230763915526,0.012169584494155124,0.007020323207150108,0.0,0.00693400234512949,0.011671794897723936
76561198252530300,0.08891170639039339,0.10086538261715235,0.03038284758959334,0.06397394027638428,0.015682720099021042,0.02597870140720602,0.01673724406258625,0.0445110193984701,0.03815418102598367,0.05770645071609144,0.050414795788315224,0.027802799201538702,0.04244008448391015,0.028925643247916955,0.026567778016352146,0.05267334773313951,0.049716478330376394,0.00498786342341947,0.030785536177454442,0.00498786342341947,0.04255601750807711,0.017372426747964683,0.04829846628480222,0.009931538623607815,0.03853724186173691,0.020706690629292968,0.0047836792934234495,0.00989543151675536,0.0057121241256153,0.0
76561198256116084,0.08198650967885883,0.04398880036972118,0.06604226716434232,0.0818528115317701,0.01772894406292538,0.046814374687416144,0.03923931816480618,0.04562812220616991,0.062166232113799284,0.014491484375179182,0.03652773002097291,0.015231450095154633,0.011979072058774475,0.058053358683712655,0.038191967083168604,0.02934956575584542,0.044024512166358463,0.045022513973657655,0.03682227873767848,0.014928865594460414,0.04310113416874255,0.03350013463774151,0.00683540640990556,0.006744261718164185,0.013757551635578364,0.002949793535685939,0.015330288402696922,0.01574034272534578,0.0029104650738512694,0.029060443167515753
76561198256822801,0.0,0.0,0.0,0.0,0.0,0.0,0.0,0.0,0.0,0.0,0.0,0.0,0.0,0.0,0.0,0.0,0.0,0.0,0.0,0.0,0.0,0.0,0.0,0.0,0.0,0.0,0.0,0.0,0.0,0.0
76561198262787729,0.0710906369099269,0.10680241742429139,0.04176083930643659,0.0508639397918704,0.028060238058550287,0.043930002263838266,0.013525945735512286,0.07523095362101208,0.02732498622070513,0.03320843611260149,0.05600532379525654,0.03199959655621133,0.06598236157232872,0.01388606990954877,0.0,0.04330864381753959,0.01966018168838867,0.0,0.03614914439036182,0.008568029239825718,0.019890955612684832,0.025221739181353044,0.07270930044111419,0.021406775984986574,0.054648378334419614,0.016720503541670262,0.0,0.008518654754053025,0.0,0.013525945735512286
76561198263694383,0.05763339623021021,0.04369840437175199,0.027742356868229078,0.06459198843147775,0.05977779805316278,0.04200830853607217,0.060620750289126224,0.04572508172265747,0.036135862871305394,0.057756016151401926,0.03220555732216471,0.022994119681898347,0.018686216452860876,0.02636590311147995,0.0611217281737477,0.0521755122237853,0.01380219463246284,0.004188172019367267,0.04416221907310029,0.03733954469792269,0.016497740581535192,0.01704008596031973,0.03398742697124272,0.023868600173431415,0.03155933163054665,0.037060482376992804,0.0,0.008472738241599874,0.0,0.022782463150146617
76561198265883417,0.06233465537405886,0.09584252761596314,0.00579289091895963,0.11272353037531324,0.005528520194296172,0.00579289091895963,0.03666759202071947,0.05861056913117959,0.0655389913332043,0.0403335003871313,0.04575333376685969,0.017185312058724506,0.0,0.06085039658305274,0.031001478695493356,0.0466771023105539,0.03064541044907243,0.0,0.016592605821507917,0.0,0.09631014158064385,0.03531895064663581,0.013461926440500411,0.006170016878118992,0.02704610637058149,0.0,0.035131555066281996,0.012545214168075617,0.018468054768509004,0.017676726125603046
76561198268230924,0.056780290716008305,0.045128880037361735,0.0450422861315359,0.0720203569986745,0.047438372458360474,0.060928437718202416,0.07122233758971952,0.044606004023083554,0.03502676594778911,0.035597812571774023,0.009416088391821714,0.0,0.004240807675736101,0.06215385614261242,0.03102241129017506,0.05233068118656812,0.02997143985347576,0.018738112496709577,0.03540498214806635,0.0304394159755611,0.016440651438305153,0.030465351081049086,0.006025734831887715,0.010467800509974135,0.03889105610078847,0.031092574762181916,0.014609476478033769,0.015088115066186653,0.0,0.04940990037835726
76561198268729880,0.05554357545498246,0.04438661936562623,0.034873076533557326,0.017437940156769163,0.11323716528688425,0.06295007863884898,0.033793133345556926,0.043338760443262334,0.017437940156769163,0.01840248459476434,0.01756594106002306,0.027334500248974235,0.043763682787680384,0.017437940156769163,0.027233195985274523,0.026820678305603172,0.008754013333854312,0.0,0.07138082524048689,0.016144460081964344,0.025195643117927165,0.02802943656622642,0.02643214503690751,0.025412047649270363,0.051715419593629595,0.05354865049634757,0.017949463267814866,0.023848617319687727,0.03389183782036556,0.01614072795417211
76561198268967656,0.06879294913012085,0.07484485750410534,0.015261137896643085,0.0519113078479377,0.04905648822974032,0.02710533539102288,0.04240274573904416,0.06546255332105844,0.03061031968431097,0.037405655809156786,0.039252444157901,0.009991175150014239,0.0299855121030327,0.030077491719330426,0.03122828677795141,0.06595985986517111,0.03303324194054492,0.004300617083966361,0.035780460083221596,0.019639151262586724,0.018575191377612724,0.025877631824134186,0.05538489065616873,0.013861807633318082,0.057506287526659136,0.024863705974780086,0.004300617083966361,0.009048691691015943,0.017863091607992584,0.010616493927491102
76561198269218599,0.05869161341015627,0.05819264315030473,0.02111024628507747,0.08540003917924148,0.005627366501973669,0.02900075936725154,0.04250474723991302,0.030222109706515166,0.0806512611646817,0.018173219373283884,0.06842609559214113,0.006492328186675315,0.04315703688639357,0.07276074808250763,0.058039323763675724,0.04047538816765046,0.0208284058841626,0.006774168587590186,0.02929142035913215,0.0131956924188478,0.04389044848575779,0.043449808216920224,0.04315703688639357,0.01757486046796175,0.032668226513082696,0.0,0.012237292508722526,0.01800771361398604,0.0,0.0
76561198271318447,0.0,0.0,0.0,0.0,0.0,0.0,0.0,0.0,0.0,0.0,0.0,0.0,0.0,0.0,0.0,0.0,0.0,0.0,0.0,0.0,0.0,0.0,0.0,0.0,0.0,0.0,0.0,0.0,0.0,0.0
76561198271409027,0.06627917050228788,0.09396369437890907,0.058247316088838985,0.038407690423491535,0.025875613903915736,0.04736045762002508,0.04871394203518395,0.020500587230038045,0.02357236471147316,0.04664283535587856,0.08285227790376913,0.03742002763551119,0.04862651919836135,0.017055402803051112,0.015028957288621605,0.029458129435588485,0.029646162120907135,0.005431734887656948,0.029272115620744117,0.014442242016750588,0.006516961908422044,0.020723860920491412,0.06417735419160234,0.05078036735878436,0.012587563290188468,0.013731551173500021,0.01917741013506164,0.0071071384298198965,0.006624412743680125,0.019776138687446175
76561198271535585,0.09278197881201228,0.11426790294413727,0.05519542408663579,0.014118717790730907,0.036766476705675045,0.08007005800162735,0.006964156642249104,0.07319374406420902,0.013261541273081576,0.05664808098468799,0.06902193682651707,0.036326995193693354,0.02176574909123517,0.007013613510665366,0.0,0.04904298685448067,0.06637515407389942,0.006595508796649599,0.021950805235974435,0.007949741518656442,0.0,0.0072901604248048115,0.030270139555804026,0.0,0.05049950041188613,0.015052895686642746,0.007639603741843833,0.006887214128382816,0.05304991364381778,0.0
76561198272701149,0.03031447453067921,0.0660963227006686,0.02770201111871045,0.01978346571524279,0.059600169435961324,0.06880465712966946,0.044295105792567464,0.10071650442949256,0.015797578057834872,0.010799781340469107,0.005686910918210625,0.02751098150230011,0.038849234082010804,0.01591908171282119,0.006010224996010979,0.05399479830083333,0.0022390382354656744,0.0,0.026226161104197194,0.028434168579299292,0.04970417806495642,0.010446275813791468,0.048002510776788215,0.01588499000201344,0.08009946836332318,0.034471060025720895,0.02556359953429444,0.016280654345218856,0.04578131747901203,0.024985275912436006
76561198272738490,0.074937222876493,0.05116097778900217,0.09649981843376415,0.025397684359554182,0.06655083466686759,0.0639938724052568,0.06988450556579111,0.027544127079021635,0.005103925173442918,0.04235263191193516,0.017935165017778917,0.029322122313563688,0.04618611455374898,0.0,0.021302780576218983,0.013423108661381428,0.018527033834824347,0.04725956665436928,0.018440031067272405,0.03875466015467566,0.013130586597621698,0.008174549930144995,0.03296384103897324,0.029959390724324516,0.020316652437284338,0.044944318392530755,0.012831239844335998,0.0358915279877804,0.007338396716114335,0.019873313235927302
76561198273177152,0.055180403730475974,0.08333946832754684,0.009744036958974338,0.10113223851482289,0.006338217566765486,0.04298647927242226,0.04098824927203677,0.05209537816413798,0.05628704795026074,0.02454864782507678,0.0380528866641875,0.031756375125364625,0.009120041952733835,0.04323641257563966,0.033702816410042566,0.03528697227839673,0.03072496725966375,0.013746625600388541,0.033191269693349006,0.0,0.0655232488882618,0.03584175294418688,0.0258455139132448,0.0,0.0318247092146361,0.006338217566765486,0.040151033162636206,0.009536406108044234,0.017170003965090736,0.026310579094847367
76561198273477765,0.05484182250193949,0.057001361836798145,0.013747685870290289,0.1146437648377677,0.008531464690435364,0.01915758107152945,0.046113630043769525,0.06215933823949511,0.12057733053627896,0.03139664338029544,0.01739758755560301,0.0178000791750303,0.0,0.09533240195212185,0.041687077583801815,0.051479459819834976,0.05857527959945121,0.005202844178872324,0.013813567790245387,0.011590402816912686,0.02909157176432053,0.015267020793045951,0.017219363075462214,0.006773466131378463,0.0420468866009705,0.008531464690435364,0.004816936685534223,0.004816936685534223,0.0055208174122680425,0.024866212680577638
76561198273602004,0.07429738102276995,0.08005831197676509,0.04412536499963755,0.05453569764579965,0.04071742965110344,0.04866895281452391,0.023697158553565068,0.03573066764136641,0.03676098541541118,0.04119941711653943,0.04889904917292913,0.021874840860952798,0.043935714211733,0.03676098541541118,0.01953745308243629,0.03797216851541028,0.03597157629833591,0.0,0.053927229247567765,0.033893609404969334,0.03347344068497454,0.03194984262861109,0.038832920298707205,0.02561594467496344,0.01292115233499132,0.016701906656929087,0.009647796240899339,0.012021604008310875,0.006271399424385494,0.0
76561198274446234,0.07716831857237484,0.0898938609072542,0.028595715518229068,0.05007820069435336,0.020424521081440983,0.054324500249219775,0.014081185592258304,0.05709365827618967,0.05951868723416604,0.035724009474977655,0.08292023608943255,0.020849987617205287,0.03894252368068459,0.043106410698056666,0.026660226495829515,0.04817859173245984,0.029265978899154,0.0,0.02537090614776783,0.022168852721958184,0.041253030725338355,0.03103594752484548,0.04550759741319064,0.026665639305546558,0.024955461427005568,0.0062159519210610555,0.0,0.0,0.0,0.0
76561198274842511,0.06100567106898822,0.09597770772191158,0.034508536184649316,0.05741554290948801,0.03317513295775103,0.02708558179202201,0.018382497166028626,0.08448070620028096,0.04893763816556131,0.06401381486903586,0.020284642513347093,0.0068290110443835,0.011486971446706993,0.06210190241019454,0.0183369359389199,0.07883151118384933,0.043539795165760294,0.0,0.03315382609171125,0.0,0.03827442285023396,0.017388467172189677,0.01712018738207892,0.0,0.0691111206548881,0.007185182032220914,0.0,0.006068776334226969,0.04530441874357155,0.0
76561198275767100,0.11082101236225149,0.08594023631523896,0.06362187186733037,0.04398499358185617,0.0363798985709404,0.09060747942379378,0.025240974133271653,0.04508202784876012,0.04753657236244437,0.014862425582771248,0.03517661752267295,0.03187329668240001,0.04454748395201826,0.024440508883830755,0.02449016153407565,0.05894058555520489,0.008258756536523125,0.01564051471287551,0.032621748683163136,0.0,0.04580293921144226,0.02386444587250488,0.017425435275444153,0.0,0.024555611427320247,0.0,0.0,0.0,0.04056958690216283,0.007714815199702836
76561198276820389,0.044073681051454795,0.07966256761428674,0.03337502469240513,0.06854746797654843,0.025718316507304856,0.04640569085851584,0.026084521307153653,0.051960378012003566,0.053118102243452994,0.045598867520063056,0.06295486315067549,0.03371907286527543,0.05419663556012152,0.059147107824907764,0.008268918040523996,0.06231256888994021,0.01773772808331671,0.0,0.02153116379360719,0.025416315975898683,0.016711618237438816,0.008323610422581009,0.036322229630315186,0.028780938447842533,0.03558888656283194,0.025718316507304856,0.00968984705672609,0.00968984705672609,0.009345714110777382,0.0
76561198277899306,0.08834947885004206,0.11158152460425963,0.04095293331527854,0.07846083646391182,0.0038357761738983345,0.03542028023892252,0.014252993798689282,0.09723461330229385,0.02205730982780226,0.06681262830370059,0.06291517895224563,0.014553929929305518,0.02191064262795667,0.02205730982780226,0.017381419848701778,0.0647995024625245,0.02678295759268461,0.004766382493707632,0.012431846866996303,0.004164026492937307,0.045226130832937673,0.023498037930870356,0.008571729917667128,0.0,0.06697576060259573,0.0,0.010904377494866498,0.0046997526495359465,0.02940263859786559,0.0
76561198282596613,0.04660256867092587,0.08556643111492956,0.0067471640173462485,0.084361621926797,0.02410977802433383,0.02867952030673643,0.023273172574155246,0.06494464176262044,0.045449357479482554,0.05095906526709777,0.03324302468026401,0.022655683656479127,0.012690385309880235,0.047423222128902605,0.010142297914454592,0.05917380842444779,0.012657563620124492,0.0055899775018305045,0.025304873527921726,0.012287468231341792,0.09119846894233803,0.022443112793720528,0.055530392458762255,0.011947914311449466,0.05819629165888748,0.012242828892674112,0.028519385301724876,0.006276971629829211,0.006193030368711586,0.0055899775018305045
76561198283021088,0.06883289112322945,0.05553294428185755,0.03920782859358594,0.022173058100090164,0.08630347356309127,0.08675677065438625,0.015232959953120902,0.04067746220583675,0.022392016027428307,0.04928844150088876,0.04077498177413872,0.011721340268845902,0.04714028912559952,0.007804041828213894,0.02110098819296692,0.056365767381273364,0.01388196485462971,0.0,0.08625917550499461,0.019918268616443743,0.007804041828213894,0.021121922350902763,0.013367364261536242,0.016237132694667384,0.03425880278273592,0.05650060520895421,0.012692168720697502,0.0055610615573968465,0.03418652620392617,0.006905710840347388
76561198283383463,0.055490499308944924,0.05350376461577068,0.04301399751164958,0.08533993438097567,0.0163614496711657,0.041671829000725004,0.06433516031243376,0.06856709086956428,0.061249025172314245,0.03465993887090141,0.02265019068374576,0.01731348479771784,0.00796282408341325,0.06482696182111677,0.04055688334676595,0.029178374631297136,0.027983951970640488,0.01126182893150985,0.016803574351224194,0.011632628116678551,0.04018357147963278,0.04834539495415638,0.012136454919865945,0.0,0.03099443301896126,0.011711954045624293,0.018648697930831088,0.020519007074843398,0.004365155993847103,0.03873193813368253
76561198283397484,0.07370113762932548,0.10657680286638471,0.04956558813140754,0.06963936515907022,0.0,0.056913193037996766,0.022993457599984637,0.049622528983829226,0.045544051033155585,0.07345802208827575,0.05747000397404993,0.016039613468911983,0.026936389949940184,0.038249421163480374,0.0,0.033638082952057724,0.023397156422576584,0.0,0.06403083824201776,0.0,0.05253027080784769,0.03836456915207825,0.05093063581478636,0.0,0.026629071383844592,0.0,0.008954045380899358,0.0,0.0,0.014815754758079237
76561198286376504,0.03292826072252229,0.0536013241227726,0.044684839083485826,0.010746975485966263,0.09217628963513569,0.07086339281282207,0.031756737840320515,0.1012711267873459,0.005918200352994637,0.011480700097327129,0.007248360345390209,0.018240309153305753,0.04870354277044834,0.0,0.017477052853805176,0.03484994565855183,0.024292201440096986,0.016465076647004202,0.05780334659684932,0.019860372488238975,0.015515333812775658,0.0,0.04085175244365959,0.007883238840117305,0.08159666604509448,0.030372614447633266,0.014289537964767795,0.013146345357628642,0.09597645619393963,0.0
76561198286525675,0.05937091451619429,0.04759514293883942,0.019451465445503125,0.09446716266411126,0.01825595832527617,0.03902663898019974,0.04325784188583007,0.03656948735318427,0.08435565638336746,0.006571576315309858,0.03915973706553536,0.038242855495347054,0.019517112770083098,0.08435565638336746,0.026510560268611857,0.04228004913399451,0.015002311109762136,0.0,0.03804610642335864,0.02355568805368469,0.04826916353745363,0.03268785936447617,0.03861795288379154,0.042720152892505185,0.011816746543778659,0.0056581922790729655,0.011613826700030944,0.011479690155459016,0.0,0.021544494131871414
76561198286544260,0.04373677064948583,0.09075652141847766,0.04237115803874889,0.10175229315544716,0.011407327964414586,0.012198414278758953,0.0,0.017273406633392333,0.07509119170444932,0.026051238510249958,0.06919130567967315,0.04946322666900475,0.0464995526202133,0.08424459796965644,0.029637211163361658,0.0569580774732038,0.009153406265207137,0.009153406265207137,0.045001336857376395,0.0,0.04065961453427564,0.05620290709079517,0.03270920400515087,0.026882088810276268,0.0,0.011407327964414586,0.0,0.0,0.0,0.012198414278758953
76561198288995710,0.0,0.0,0.0,0.0,0.0,0.0,0.0,0.0,0.0,0.0,0.0,0.0,0.0,0.0,0.0,0.0,0.0,0.0,0.0,0.0,0.0,0.0,0.0,0.0,0.0,0.0,0.0,0.0,0.0,0.0
76561198291180742,0.054789755546916744,0.06077900247837283,0.015178794990105013,0.0648260268325009,0.039858844207826545,0.0507136716239398,0.03371473389813997,0.05222358577960272,0.07819182900241645,0.024545052900415594,0.0507428215412821,0.023126191498696425,0.028288222064374605,0.06549845861421656,0.017435316813531956,0.056730771944387456,0.016514235938375182,0.0,0.045868455970534676,0.02360681383723789,0.03150075628275839,0.01047653516110371,0.03862967759064375,0.01032198636447893,0.041522283540601376,0.03323761531936692,0.011674156058749573,0.0052514452567872325,0.0,0.014752958942636705
76561198293954147,0.07199570014287807,0.10883935457485659,0.0408470935632216,0.05590184487492486,0.011700696609276997,0.057968775077854695,0.020255051811682044,0.08335382104370787,0.041755767852840735,0.044811797421121735,0.04880040997421459,0.018150626799263797,0.02126457370592534,0.040915598263284225,0.0,0.049079402263589936,0.02625538985597877,0.010523023038283135,0.03427863428213417,0.0,0.047106827321240746,0.02521912365387597,0.027491943795560452,0.0,0.030552783796646412,0.0,0.04146774517806307,0.0,0.036068060743965465,0.005395954355608782
76561198295206449,0.07091096325713024,0.07683417647375673,0.035714270564111965,0.050472255729891266,0.02262991110381489,0.048534728005293175,0.012956004506911287,0.07619994344363203,0.03626331021900298,0.04733402613068811,0.05587991895561133,0.02174028181103127,0.06288948936517562,0.03626331021900298,0.007429341627144743,0.04286279090735102,0.007056607837334827,0.0,0.05668459088327588,0.012934123800670138,0.02920670238166816,0.014174099356218004,0.06217450584068309,0.0,0.042301787646204105,0.01636244014881506,0.013659929098441305,0.0069491202634247365,0.019463495244659207,0.014117875179056197
76561198302298927,0.052587434420564204,0.05469234779429391,0.06175295704653049,0.08710950988898439,0.03344583781918161,0.04613246655667053,0.039713327438076075,0.05846995375684925,0.06439607498045928,0.03094709314315619,0.03229573793354823,0.011185756581931492,0.02418021136362654,0.0691794196006736,0.02043487660856833,0.029089829353127393,0.022103245367066024,0.0,0.03606961111464507,0.0,0.03845968739381053,0.033833097156043546,0.018606359281700353,0.0313598686447828,0.026652743541767998,0.03344583781918161,0.008609889082140108,0.004166012212204407,0.004443876869935701,0.026636937230480343
76561198302636427,0.05797957859483587,0.07343734160069829,0.023901065941399045,0.03772370936743371,0.05382709438956391,0.05909583036720695,0.027640400991933864,0.07270791798309915,0.048463311383238075,0.037412382494089354,0.021269909612806722,0.03051493880066541,0.043566758326866184,0.03102041784099816,0.0,0.06455299264639315,0.04061134522165133,0.0,0.04744740910927948,0.01472563143354591,0.006703291526435546,0.0,0.03221657185058219,0.0,0.06533442583860857,0.04018148843539414,0.022920382843211462,0.020968074798428486,0.02577772860163495,0.0
76561198306886649,0.0,0.0,0.0,0.0,0.0,0.0,0.0,0.0,0.0,0.0,0.0,0.0,0.0,0.0,0.0,0.0,0.0,0.0,0.0,0.0,0.0,0.0,0.0,0.0,0.0,0.0,0.0,0.0,0.0,0.0
76561198307891464,0.07008833492520894,0.09779794594714428,0.035710558297695205,0.07478171711946113,0.0,0.020772180055341163,0.0464329713688596,0.05108911435668633,0.05852877935078541,0.038920284310725445,0.0829881564837704,0.017443449517809684,0.009311916599121,0.04841495243870702,0.022259432085172472,0.04227896778894609,0.01787875321342546,0.025567315223494133,0.028083705187197792,0.0048144230906930095,0.04641553949903633,0.024668728719169964,0.024095465607177666,0.0,0.013605015724556113,0.0,0.043911437081317124,0.0,0.01841803137922392,0.035722824629274265
76561198307911644,0.13131280374187274,0.07725324086236422,0.07908398353558545,0.027628582687572484,0.0,0.1181058745304111,0.010603837122562174,0.0775119005789167,0.028002187030150234,0.030920179469810995,0.05569933037501223,0.008044148531973343,0.08209792175441001,0.008663027314456773,0.00838774191782189,0.019437155147831828,0.05326921500086685,0.00838774191782189,0.017265534419893657,0.0,0.05786413929102718,0.01624140483117646,0.06265209308579021,0.0,0.0,0.0,0.0,0.0,0.02156795685267147,0.0
76561198311777128,0.07620334832609457,0.07718051337857246,0.05023425506695429,0.07501768315275119,0.02817307817176131,0.06394347807782828,0.022957361036870738,0.05731483999744775,0.06874657838609664,0.03689891008572363,0.04343490239284461,0.016494026930242937,0.01422911321904045,0.054636850709194475,0.01986094223539027,0.026610705990748364,0.020439331159123202,0.0,0.054674326215202775,0.006963105032857804,0.04237475760856618,0.027197814582890733,0.035688129423015955,0.014019481393044219,0.023080007918762302,0.013860259814992764,0.007158101739192708,0.0,0.0,0.022608097954789543
76561198313453043,0.06486224118945749,0.06956808832942574,0.06031283001446072,0.08525358475590489,0.007218781046396588,0.06203346869529168,0.01313886327539069,0.05779922612755495,0.045343870242885706,0.022441913598675946,0.0534346817625457,0.037047279214085536,0.03700502775967408,0.03965571380511859,0.024003762437429712,0.01821210659988048,0.031427142794913286,0.0,0.012009845010899332,0.013027879153714133,0.05412698529618682,0.012260143444758332,0.08306943915944763,0.01940954776560056,0.020707399272398116,0.007218781046396588,0.006590526813128548,0.00740388978041222,0.03005396931896828,0.0053630122889978095
76561198314815990,0.07177927749225892,0.05299811996238603,0.03632447838641964,0.04993374659861474,0.08127145009067946,0.04622614930439357,0.013865418426236268,0.02157006141361361,0.05044244972107862,0.03324804435743323,0.006573508397024158,0.006420744980542449,0.07035393588553362,0.05044244972107862,0.007362112186560307,0.02157006141361361,0.015554059900133902,0.013299989808863568,0.10219480171891203,0.007927540803933009,0.031763021442956986,0.020221892917821886,0.03451475436226234,0.012358622602845709,0.023002144600740796,0.028017860627475504,0.014501049200957166,0.029418615905848062,0.023164624582106243,0.023679013187676016
76561198314983684,0.026760305961077382,0.02843388113793043,0.07294149250895116,0.0384354403716993,0.041097728770603956,0.08062445034170697,0.02710205746867334,0.0,0.045283988123149065,0.009968782957092654,0.034465954032666016,0.053311107029153995,0.07522226326474958,0.045283988123149065,0.0,0.019156625152845903,0.03407128448594523,0.0,0.07984351238325954,0.031106104866998992,0.03445230954259125,0.0,0.07630285844601024,0.06364057597565262,0.0,0.016053289809083264,0.007088840484065122,0.05226431827887996,0.0,0.007088840484065122
76561198315234904,0.05536332024957385,0.08379769853798687,0.051244655701931,0.05713558099011276,0.022287656638925412,0.034584260715383876,0.016441128119360788,0.057489361382290716,0.04333716341568004,0.056278302268234014,0.036780704008055685,0.032133477320130416,0.03903580202378474,0.031163249443251908,0.017751074788069535,0.06276330915727218,0.02882566100768993,0.015426142944102042,0.04196479927447053,0.004862034890623411,0.026773007769700898,0.00837605505150616,0.034201245809233984,0.007224041499361654,0.06345180917172742,0.01690464516840651,0.02366725306524067,0.004862034890623411,0.01436595557643051,0.011508569120839238
76561198317130606,0.07119614225991468,0.0757233893824432,0.050012619033678554,0.045753474850360194,0.020595334373269124,0.058922433748489295,0.023944202692763938,0.038497828274668834,0.03760480943091262,0.047018346598672094,0.06989453262426328,0.03003729708243559,0.0728570784661113,0.024115146420527075,0.015413085475585788,0.053471601861716,0.011033110668228902,0.0,0.04148286115096208,0.0,0.027022941194332215,0.040523457305607025,0.0520386715067337,0.017960403481814925,0.02934830212760807,0.003511147522833143,0.013483548414643942,0.010951076832039743,0.00459403135866053,0.012993125860724195
76561198321474420,0.1236946852532084,0.07281059450871946,0.07501785053228488,0.04002005629386141,0.0,0.03676759594677886,0.0053863315554880465,0.029155528261963045,0.07226257232070012,0.04398639356752862,0.09671093651294049,0.011270250935880756,0.06396335986808632,0.05282185709081423,0.02314261772017485,0.02370673908034384,0.06573387302357811,0.0,0.018664067251462996,0.0,0.051241887851851735,0.03254886742735558,0.039777118619844204,0.0,0.009399788069062739,0.0,0.0,0.011917028308071322,0.0,0.0
76561198325641981,0.08567987857714948,0.0684526525127475,0.07983193798209896,0.05949216245224428,0.037782822789292986,0.046713714656675856,0.04487560470121853,0.04274542519049258,0.022509559319087925,0.033274614000502196,0.051464551634099284,0.0115452538206444,0.030866319377050828,0.027575657024681816,0.024885918238477796,0.016364494497880376,0.04831432279157158,0.026657089301581036,0.030169873796218803,0.0384158332656499,0.013016681214113134,0.013300528501931306,0.034222390128527784,0.01432156410075561,0.016769675500298516,0.026399896036333848,0.01842805349721001,0.01843854629459406,0.0046493947315443705,0.012835584065325499
76561198326689259,0.04555011972053907,0.034475241723511636,0.022473081670299756,0.09118905873182419,0.019076632684239786,0.06701033995658438,0.07669380502671554,0.005243626556449762,0.08348420631340449,0.017732076781326055,0.017430773233487424,0.02806685320650167,0.03060549279556257,0.07856212011403854,0.01008518842637777,0.009178778992249849,0.02963193049643762,0.033080638147292334,0.03727935720336963,0.0,0.07303930765460613,0.02654737286029021,0.048407551913950936,0.0,0.016786270709174215,0.014984771650900864,0.028834460456632398,0.027295821562936123,0.02202989726562398,0.005225224145673007
76561198328407838,0.051221822566293346,0.05545565857337837,0.019076827373484366,0.11557947709153348,0.0183194086040483,0.02198838223788466,0.028508567558946873,0.06468725773768425,0.08488427368569286,0.051271898098956964,0.015381910622882966,0.02390292349854893,0.0,0.09594301433443796,0.04237767408672311,0.06944532178308584,0.020271547389471598,0.004055633929917055,0.0341873282372325,0.005278130765754665,0.045089356346117646,0.04340439001638733,0.0,0.005278130765754665,0.04546628349121058,0.0183194086040483,0.0,0.0044748165022001464,0.0,0.0161305560983232
76561198329030307,0.08042922865205568,0.04147533978744415,0.04538525479371714,0.02634464798123934,0.09246531011596734,0.07812699056677172,0.06340754324066755,0.027012993663781806,0.04862236467227422,0.03740185568676201,0.014417660599884774,0.0,0.014650972990992437,0.020252254004085656,0.048694065164133424,0.02583027250924612,0.024055587945880582,0.018696558382754795,0.08251044443516276,0.03274924408940849,0.0041238434785777775,0.026749241585088797,0.011356109979571054,0.005019488633978521,0.017931213144735912,0.05689661220346409,0.005593425491569082,0.0171531019020821,0.0,0.032648374298702945
76561198329860101,0.0,0.0,0.0,0.0,0.0,0.0,0.0,0.0,0.0,0.0,0.0,0.0,0.0,0.0,0.0,0.0,0.0,0.0,0.0,0.0,0.0,0.0,0.0,0.0,0.0,0.0,0.0,0.0,0.0,0.0
76561198330374062,0.08062919105421895,0.09664853962431547,0.0882935802842472,0.0837603194832025,0.018485247454044635,0.04314082692657223,0.02497101078657627,0.03822950433945154,0.049390093000279696,0.058401176981271355,0.029619660689531018,0.006864396518291338,0.023215222927445673,0.06348449896816939,0.034709494982189525,0.053965194575659216,0.009859378612914109,0.01514075361463387,0.01266495173145402,0.01576649198625802,0.01164301311743062,0.016754535379038045,0.048482307855550265,0.01487765274857454,0.02533398800586147,0.0,0.005153767774281829,0.015848251226464306,0.0,0.014666949352072859
76561198332366336,0.07221893111571805,0.05743501669728696,0.024629142425627207,0.08633826372178353,0.020416909482411524,0.02842375754816242,0.03566284720150273,0.06010819126100913,0.08817112766303048,0.017034348077497215,0.033452816387415873,0.027380408994246788,0.0,0.06784033474098031,0.02218659592874857,0.020363349199567348,0.029310367756796053,0.0,0.05230209133694988,0.032714775303508976,0.09489866587547711,0.035606989360610276,0.01589303044859361,0.032714775303508976,0.022448632084783534,0.0,0.0,0.0,0.014377302752354859,0.008071329332428677
76561198335877752,0.058582463573216816,0.08607446772270073,0.01259524866240998,0.1058688439987205,0.01302920172174964,0.01258378107424238,0.024497154370318068,0.06470070053685008,0.06735110252094767,0.05105623755289476,0.01631473650441932,0.02121787991697631,0.0051324287322103215,0.08368155648807743,0.04828931457193251,0.08392946678462761,0.027756310238359432,0.010162789233995929,0.03417956898768747,0.008402868365388467,0.03104355771012464,0.02547152064124849,0.020206933920255372,0.01589935379261066,0.0516721620622844,0.006161192745366922,0.0,0.014139157570384156,0.0,0.0
76561198338123050,0.03215376374563721,0.047036656141221905,0.07543599076600242,0.01051892572223218,0.08085977639878875,0.052800431100505044,0.04480040652701552,0.05118880212261186,0.005142803846943106,0.015746421089236587,0.004300197262435407,0.027147767315452258,0.06054684156063767,0.005142803846943106,0.011985876488250198,0.0201127350985699,0.0234148343697429,0.011202371807957225,0.01059597110383753,0.06491785942766289,0.016354353255640212,0.0,0.022274388020811546,0.07786737293508672,0.04557109379551445,0.05066293695382177,0.01876760404411871,0.049769534402461006,0.045671470111523685,0.018010010739338174
76561198338661363,0.07240693952894309,0.0816902668835129,0.04957604883001688,0.07284698062419508,0.02141926068654358,0.05706215950420607,0.0072793937600527095,0.041183265398782455,0.051979472728020025,0.03820016162618116,0.05698567158064254,0.054001868290463155,0.04333875798320914,0.051979472728020025,0.01443771222562734,0.023599964285719074,0.00715831846557463,0.0,0.05973189917295906,0.0072793937600527095,0.04523578055483493,0.023864036432243708,0.04818324795521641,0.01265910146375523,0.016441645820144443,0.0,0.0092006918856025,0.0,0.03225848782548127,0.0
76561198339879556,0.05261485560913501,0.0641803008545633,0.02859891031305838,0.08000520659894371,0.03719268175158465,0.04426045949763079,0.046019280904824655,0.04090287532177535,0.042832345801321406,0.03427112744815327,0.035234202497456034,0.02477958867715737,0.02237812206918989,0.03775413948476558,0.04451086173260596,0.03418042313024154,0.013236406989311453,0.018316804912263465,0.04322861439352297,0.035620107789622,0.04937675908726782,0.038359265860779694,0.021061294190126336,0.020264681149055993,0.022192020553029875,0.013596545292941565,0.007755871664602492,0.006093613577560807,0.007755871664602492,0.03342676118290621
76561198340169992,0.06656966537960318,0.06588042192787287,0.0,0.08246894545715118,0.027889795133988416,0.02391387209233657,0.0390143905272593,0.07334729632687727,0.07679171515893006,0.034402578151059356,0.030266716073320314,0.026847899763928634,0.0,0.0630255216416859,0.04553056904119665,0.05570394562422855,0.017235655564399308,0.0,0.05033542638106419,0.011668635656291877,0.066752138320863,0.024038259583207083,0.010195494963804813,0.006868658200988813,0.03078364266395945,0.022948494629636128,0.0,0.004941300504352289,0.013130346785174564,0.0294486144468204
76561198341278283,0.05150181677746051,0.08302872444653228,0.03881965461914153,0.013278084592841593,0.020154125653273586,0.06958458189451444,0.01847016232775521,0.11017211345769974,0.024721537004491013,0.052478643090918285,0.04859070027451634,0.02468277162280018,0.05233977164219458,0.013278084592841593,0.005276226780379164,0.03799782903151874,0.023243267727164035,0.0,0.03563266198197746,0.007416392936051377,0.04630825060476987,0.007682682552685586,0.04756498934999972,0.019299454093578784,0.04613687479555206,0.0,0.021178888844072943,0.01090970428442812,0.07025200502084115,0.0
76561198341668214,0.0,0.0,0.0,0.0,0.0,0.0,0.0,0.0,0.0,0.0,0.0,0.0,0.0,0.0,0.0,0.0,0.0,0.0,0.0,0.0,0.0,0.0,0.0,0.0,0.0,0.0,0.0,0.0,0.0,0.0
76561198343083907,0.09252933223871868,0.09658588375493567,0.0691868163204844,0.025610627471486545,0.045345929374007894,0.05029736256379347,0.02385003317368664,0.04835394510201794,0.021437315800505407,0.06417625813511209,0.064517707268396,0.018638315763931653,0.024010805078546693,0.007857655538966295,0.03665699718969311,0.048997151651595176,0.030606065290267038,0.004886489302984971,0.04450992358228667,0.021169281352505582,0.0,0.016407822007497318,0.03271377816692746,0.0076502167118187815,0.0229672587517292,0.02017520443756163,0.008677875598615535,0.01968694401998402,0.005403128258530379,0.027093876093413592
76561198344355760,0.0,0.0,0.0,0.0,0.0,0.0,0.0,0.0,0.0,0.0,0.0,0.0,0.0,0.0,0.0,0.0,0.0,0.0,0.0,0.0,0.0,0.0,0.0,0.0,0.0,0.0,0.0,0.0,0.0,0.0
76561198344803968,0.04975739948241706,0.04919071134298036,0.019040473786333428,0.10164585677730967,0.01928709813560428,0.04155304350463404,0.05971049652111917,0.05022256767985565,0.058013062239319804,0.04907102711279228,0.01782412925506696,0.02958492477152647,0.004365377547895877,0.04478228314438501,0.05716791920275075,0.03639583594574014,0.030315801395888124,0.015807336269547695,0.031059503147248573,0.004250045263281934,0.057732302668414774,0.02767144039210568,0.02124447568265527,0.0,0.03438187881520858,0.004659733566265553,0.018519538842745268,0.014627364569338728,0.015068619270818135,0.03704975366675062
76561198345413393,0.07577891009717146,0.07039631077223261,0.023939421443237886,0.07739225047226432,0.01677754666615201,0.03358433392571117,0.04120939055078312,0.040193825889018646,0.00611883654115478,0.0557542836908943,0.05161799300201171,0.023298208908086003,0.011642068472393644,0.012127752672513904,0.051055038782019974,0.05992591315775703,0.01366842599954542,0.01694490229970521,0.029479358981528966,0.019380718757665952,0.055702626816396365,0.039758221124228624,0.022912142742835834,0.006097546604554463,0.03365460719436289,0.016745550218470268,0.0361304624709198,0.013378019036040172,0.011669244850411908,0.033666087859931575
76561198345645365,0.06442851356936012,0.07925803984878964,0.03082726413179499,0.09134361244395892,0.026069779617210024,0.04561870114888202,0.05873202903181488,0.050783484020937915,0.061549289615844466,0.03232467137745371,0.027106353754629504,0.022717643336941654,0.004182771199309488,0.07105240460797953,0.01684558280252025,0.07320324964450348,0.02757386104646226,0.011612635893034557,0.02966153856565304,0.00775287450860902,0.047698517269783906,0.010193358486829014,0.016490072491078797,0.0,0.03737045067854653,0.008215507477266843,0.010608762791734854,0.012398610994671613,0.013994510755517641,0.010385908888881372
76561198346465577,0.08334729055010247,0.061439191688121585,0.027580021282020716,0.07892140631105546,0.03269659784829257,0.041588901355410504,0.045299886716881684,0.050879670684296836,0.04181933093326628,0.040851172553753444,0.026491694021321826,0.020247339383150563,0.027405125549600364,0.055580413970681024,0.019279427545879316,0.024488970427419956,0.035596589139292825,0.0,0.03428626491288991,0.03281934465595721,0.020213751582476614,0.012623653837762946,0.049768333008036784,0.04285297107038575,0.02143509405064028,0.012731655194527144,0.007157765987960811,0.013104209454474193,0.02280870765208285,0.016685218632258064
76561198347406063,0.06708807989667387,0.07126248595448591,0.043512284033144034,0.05853207166054758,0.04099306354775361,0.044945754484924105,0.029007439915253647,0.06067226104761001,0.04250001218779579,0.04663285651457209,0.045170021919462865,0.02749719502811731,0.019253989827161217,0.042790814490185014,0.05259796734534005,0.05758691468987844,0.017347186688290078,0.010602478131949856,0.040357860680559327,0.005528252504763692,0.025709513772539466,0.031935503094785093,0.012556856050548506,0.011727168621412688,0.03699173764673646,0.0171307022541116,0.005528252504763692,0.011897358611896272,0.0,0.0226439168947376
76561198347513175,0.07065675191105375,0.10050535457751684,0.022338093145662027,0.0859997783730608,0.0142852930419188,0.019690473877225844,0.010371704044023393,0.053140259018864267,0.07285974043375643,0.03885744033949709,0.04000754881976161,0.019854282262372454,0.010519465156282076,0.05997802897736927,0.04282644345155035,0.0950915712988973,0.010280565190700773,0.0,0.03666995651269198,0.012415579929324967,0.0512430916555331,0.04051020003013714,0.01606073476852601,0.005393217862871572,0.041393023748944095,0.009258534103539,0.005063450613748215,0.0,0.0,0.014729416855170731
76561198349527228,0.04682532857615098,0.06897618084299495,0.0,0.11466943578253531,0.021351037071022445,0.02005171950238592,0.049604334604378214,0.06355146437783214,0.10590152271517854,0.03138783761824554,0.0193363026788183,0.012824198493554102,0.004288571907606668,0.09149516177839158,0.017277937895230442,0.06728329486290494,0.011326985040869797,0.0,0.04101025651405296,0.0,0.06345289367231809,0.03364323729407425,0.02312805988341637,0.0,0.05075918556486676,0.007445155110866506,0.0062345139038245045,0.0062345139038245045,0.0,0.02194087040465614
76561198350976816,0.0813229415224377,0.056251060395454945,0.029253288075665313,0.11109444718822534,0.0,0.028418216196821715,0.02932066200784242,0.022990867789049574,0.06021686580331128,0.05947249983614893,0.03404483913837574,0.01764419802768196,0.018615892642085248,0.07142852613449487,0.06505679288035664,0.05996205006850476,0.03485410849608535,0.005304008901600718,0.035629891610098934,0.00584280608838947,0.04986687523126492,0.05327660794115119,0.024961251981741477,0.0,0.017550254604288718,0.0,0.011018630447295003,0.00584280608838947,0.005175824358905534,0.005583786544332938
76561198351821528,0.048469841203533835,0.05672829049590732,0.04280851749759202,0.07018713902200581,0.026620753589392625,0.043186566744006075,0.042824836508152546,0.05438503662275864,0.06467817030744731,0.01847219875722935,0.03340417197333846,0.01255867163466543,0.007443630160778099,0.040766980205652156,0.03237058208705023,0.015532680415201542,0.012579036336128393,0.005350092204655788,0.04428486370524957,0.023804132434879978,0.07476354516598271,0.05051313882064739,0.017537750741150757,0.017530794852386847,0.017864225144964985,0.026620753589392625,0.04178234336982359,0.004991530199886153,0.029948816498689416,0.02199090971145031
76561198353246717,0.10566933740092624,0.082755897849712,0.040584678302882586,0.06264170959182402,0.006775484713874251,0.06701770091572996,0.034424941544488205,0.02167322311769477,0.05525254531398308,0.042190995006434175,0.07749502457343117,0.03783184763505691,0.06032837573376467,0.04226052506470265,0.012883692321273186,0.00720349663112536,0.018820906609574778,0.0,0.05595269160329399,0.012886431247648898,0.031121021272176707,0.03954033675037546,0.04955242061111973,0.013906739554885066,0.0,0.006775484713874251,0.007940481186635887,0.0,0.0,0.006514010733512008
76561198354464634,0.07987784814627644,0.07268910246069266,0.039519327613375996,0.059044405658678245,0.047480632989629915,0.06037673141667094,0.028966531582714835,0.04597474942112607,0.06552129316745545,0.026689971586573928,0.05266042441500611,0.0,0.03380140804976679,0.04521471306963555,0.014238551118965506,0.048389627561640246,0.02769413195156819,0.006253655873028634,0.029023225734086704,0.008105306077537027,0.03658290710608823,0.04486668463368452,0.042235394382176876,0.0,0.026000734695935685,0.019789193552966794,0.006253655873028634,0.01435896195056566,0.006015682156435038,0.012375147754689102
76561198355407343,0.055642436064948085,0.06987120214807184,0.03896101964101029,0.06446299732817519,0.03095986228011697,0.051809115643003494,0.05163977857616555,0.07401383041208535,0.032109371761338094,0.02750637239836539,0.044912712442170544,0.054025022399285284,0.010737302753218735,0.0315881150188175,0.006790432348093082,0.030709752510179347,0.023947939569539757,0.006659631177214903,0.02435630535607785,0.01728424877253934,0.04801165363444797,0.027828931805715742,0.025664214312648332,0.0,0.027771601106300454,0.02808133359057907,0.02979282325928628,0.007827128146992442,0.04263048963778393,0.01440437590582928
76561198355821938,0.05063618843944386,0.05616286483451736,0.032827885400033646,0.051352127644638985,0.04559860733760149,0.047017282909015926,0.017437664302162457,0.0980527995897767,0.02997376597165287,0.0,0.023021549776932132,0.04615635016677347,0.030107906280397136,0.02997376597165287,0.0,0.022572215685651556,0.007675139309057172,0.0,0.030376629768899186,0.007399381399263793,0.11533668918157013,0.009033194793755738,0.0553650883116203,0.0,0.027845169080161575,0.0,0.039008701054116496,0.023098073681963212,0.10397095910934188,0.0
76561198358134442,0.053491923102645555,0.07416913007866971,0.024896786577153003,0.016018369389599614,0.032065568390117136,0.051809746715030525,0.017081866717538766,0.17789190417046177,0.0,0.030913189689856617,0.0,0.025628924722667118,0.014885074223123762,0.0,0.0,0.06213954031202246,0.007894997837551482,0.0,0.011069689517252021,0.015020856326648463,0.0470830560080478,0.017338226900624715,0.014413245919722047,0.0,0.11355099526412366,0.015478240177355192,0.008879452565289384,0.008879452565289384,0.142317896111671,0.017081866717538766
76561198358601039,0.04179811740984403,0.08451992969112393,0.03670233187220507,0.08583680546237972,0.018519602760824413,0.04684307486918417,0.030027149391037296,0.05870644155434167,0.04477126209980194,0.03713009482652355,0.03566408280786517,0.004665692156076838,0.015993574373148148,0.05485831749344634,0.04519545216100018,0.08258122970259316,0.027921577606343815,0.0,0.028007887571637004,0.016310902147737918,0.025299433735994293,0.03956671748018846,0.04161117880387873,0.026459685333128844,0.030627643671204654,0.011949023115494685,0.0,0.015075851303367405,0.0,0.01335694059962841
76561198359999689,0.05477572639048032,0.06999342884049456,0.014831890148755057,0.07128009404293273,0.014788129258674282,0.03472471794775947,0.03663547728224137,0.0734747428787082,0.014831890148755057,0.004252973571128042,0.04261319607326468,0.07319004420772604,0.008883286627013631,0.014831890148755057,0.00516743159787058,0.018646988183619654,0.009632020402367901,0.0,0.017236330594507472,0.01496278294500645,0.132190991530777,0.004464588804497319,0.05636726708117874,0.008096626967560102,0.047423102609637696,0.006079496317992819,0.048253067971093105,0.030018057834695584,0.07235375959250719,0.0
76561198360775008,0.051973406611588786,0.019126945648271346,0.04317688688294338,0.07901823286905321,0.030322958398091567,0.053635419303713475,0.08753357015280847,0.027257714660819644,0.048293488294653124,0.013749542981336875,0.02221431058839068,0.015427150976688297,0.0040231181250036255,0.0408473962865101,0.061109341076153616,0.051941499578865506,0.03297106179882971,0.01372002244409703,0.061549122609672775,0.029088103346020404,0.02403280429511392,0.023525647515124447,0.028145248897663476,0.0,0.014896662251452095,0.009455888235110992,0.034829357759740345,0.03206688536696309,0.009767309783082843,0.036300903262237116
76561198365702929,0.0626781479899626,0.05443409322817134,0.04297121889359679,0.06478086988285718,0.02262895881811034,0.030840299663195715,0.06338999300646482,0.0442636322921535,0.04691605953803446,0.02787558495842139,0.05740217132948646,0.02095631728012696,0.01277485798458273,0.04439914963245235,0.03424611142034235,0.0357189769727372,0.005481410722412108,0.0053011056762375715,0.052985075070438696,0.01869515776677938,0.026603355112738633,0.061467246068255675,0.022027396923294904,0.01863149365336946,0.02743429779454221,0.017147548095698236,0.01283852209799265,0.018319932820404755,0.0,0.04679101530713962
76561198366069046,0.09862473649372593,0.06166365725417499,0.05431869290197904,0.046293225874491736,0.007150494704827135,0.07849636203158827,0.007150494704827135,0.029792408399926935,0.053850856995696916,0.03107858987477353,0.07041944115409507,0.021163190415448098,0.03281675737916228,0.046293225874491736,0.029597363960622316,0.02150526199067796,0.02252057166561881,0.0,0.07728019338401323,0.0,0.057516447088064256,0.05502863645005359,0.041084521665332094,0.030939776123810214,0.0,0.0,0.009198760844439878,0.007924806297566932,0.008291526470591806,0.0
76561198369639036,0.0746631941564345,0.08669696716021547,0.1229531753765221,0.02400533005996803,0.035355276169878797,0.060505471714949376,0.026959427445674894,0.015376750468955392,0.007502399964437717,0.05242906148518053,0.0497147375623997,0.02602606809770469,0.09423503121615386,0.015370947558783493,0.0,0.030652237041566683,0.025146725063605494,0.007773086608173571,0.06905584557036758,0.008975682592330983,0.008634382501184533,0.008301354429574352,0.09310896926338617,0.007761741033171139,0.01570222593143038,0.0,0.009629944563349018,0.007761741033171139,0.01570222593143038,0.0
76561198371780990,0.0,0.0,0.0,0.0,0.0,0.0,0.0,0.0,0.0,0.0,0.0,0.0,0.0,0.0,0.0,0.0,0.0,0.0,0.0,0.0,0.0,0.0,0.0,0.0,0.0,0.0,0.0,0.0,0.0,0.0
76561198372595912,0.0787873940004169,0.0742875139575063,0.0529151101215587,0.07725571776601783,0.0,0.06622500127135346,0.0,0.012750001972796807,0.08448685756310378,0.023989768997093663,0.06774481137157908,0.034860116509396355,0.042140376022055726,0.07771478412207024,0.012653758445625074,0.03592135127273467,0.0411280783000516,0.0,0.06394039723842673,0.006916326107077134,0.029155834224656507,0.024936895068409817,0.05730872298309808,0.0,0.012750001972796807,0.0,0.015853638102112814,0.00627754261006198,0.0,0.0
76561198375365129,0.0632424632949347,0.09017906904178255,0.03629107187210953,0.08364419020083202,0.025628697965975927,0.04662800716828501,0.01320202718888926,0.060519191230391685,0.04369041562537791,0.03558884843580111,0.03108837810052928,0.007364985906491506,0.02647427718201376,0.03807287365123652,0.0409260823166904,0.07969781588119615,0.03164973767309664,0.0,0.05053820478623801,0.014011832354180468,0.013768958765242353,0.02951207068733739,0.013218589180017875,0.014785900269177626,0.05803869112369549,0.027792376719682755,0.01466976670169726,0.0,0.009775476677096892,0.0
76561198376124646,0.05519544678649122,0.05060574015410897,0.047021854563590225,0.06396609185874058,0.023618287989428537,0.035288201493189744,0.055304497459924114,0.04007091576516236,0.030559844259248656,0.02994012074617938,0.04838659154756084,0.045270055523577324,0.07251969870705899,0.025734321718457773,0.029893892271034568,0.029871611342281324,0.018997493517161373,0.00600666058752023,0.016629532346988222,0.03007954402280925,0.021543435164112282,0.01076426410611506,0.06357500492829028,0.007806508303157269,0.024392911095298297,0.015434849510218493,0.04497472061936041,0.02139593587271368,0.006995829420476833,0.028156138319743777
76561198376986116,0.0,0.0,0.0,0.0,0.0,0.0,0.0,0.0,0.0,0.0,0.0,0.0,0.0,0.0,0.0,0.0,0.0,0.0,0.0,0.0,0.0,0.0,0.0,0.0,0.0,0.0,0.0,0.0,0.0,0.0
76561198377061737,0.08005011277306394,0.08759082141938547,0.07910209330471972,0.0,0.0,0.09489314904226957,0.0213954692536355,0.09122794023444071,0.0,0.04910437623882752,0.06685900655679784,0.04186016737874188,0.03160242640397082,0.0,0.02921718353429353,0.01858919486286247,0.02314813214881789,0.024039139682195464,0.03733571465362374,0.0,0.0,0.016102560816833682,0.0670490921530409,0.021811041849285735,0.0,0.0,0.0216992396691222,0.0,0.07592766877043593,0.0213954692536355
76561198377168031,0.059866134094233046,0.06504834711468617,0.03935025819469841,0.04856172563927184,0.025484319964259632,0.03807343285783761,0.019393814031378128,0.03626490515541917,0.04557800091479377,0.05398956860761587,0.046220415463688824,0.03153272912871799,0.01250128726266564,0.04843429960350075,0.06405466434189182,0.06623780458292067,0.03885284959310137,0.0,0.016477068498234288,0.022057506606784065,0.012445455369154049,0.047437893060669964,0.030014224234209838,0.04480860779651756,0.03626490515541917,0.025102600681485225,0.005424662369743707,0.014760810801940633,0.0,0.0057617088751605655
76561198380711412,0.05940605259389612,0.10516585337728751,0.04149804455433726,0.05489716900615578,0.02770519470980051,0.04184752479158898,0.02486725736668075,0.04689738705239988,0.04251152451125364,0.06638668744052899,0.04315978087935774,0.036321421189370526,0.03559312735688582,0.051753601339081017,0.03339532506922011,0.06990221760901066,0.027837881434896333,0.005950690996164714,0.02881034073362915,0.021254508394006118,0.0070748066097582095,0.016191213152760474,0.04018570789378866,0.013466116454701985,0.031178720943773077,0.006418448336910844,0.008018251565376399,0.0064034148270593885,0.0,0.005901729810319328
76561198388039360,0.038611991128583184,0.04312333663233395,0.056541890850168516,0.02518635299822126,0.05691326733088746,0.0682226988105333,0.03242143192141078,0.014068648208382698,0.02501663208655616,0.01836133204258501,0.037932738837638535,0.051304558438017574,0.09925522507326896,0.025093635550031333,0.02313523120060988,0.03347228474690222,0.01787267190495761,0.007613518096306421,0.033838963070265196,0.040701197879946145,0.0,0.005977499050278557,0.04716714475148421,0.06942799949763306,0.025555749838659162,0.02128578629642977,0.006547847560266208,0.041870707366271784,0.018034949190542677,0.015444709640828285
76561198390714886,0.07975917368018956,0.06866651433740568,0.053996092021815704,0.04986424360125872,0.02793778081829174,0.056960722408911285,0.02344931088475943,0.03916835942309087,0.06577416028257461,0.04940998967511074,0.06589455944988155,0.019550185777530038,0.02952033453264039,0.05185713501086785,0.015950756738700476,0.05972546495515351,0.04656085276151503,0.0,0.05417528629433334,0.022143650507736142,0.011194924641928967,0.005652516018723192,0.045613003869429875,0.0,0.02192205867206529,0.017378329200420272,0.006700756574461051,0.0,0.0,0.01117383786120466
76561198391845269,0.06688440024929922,0.06791180789480074,0.034814490075218904,0.0669738025678071,0.027684141618225033,0.03553060169768442,0.0316912140875874,0.0638018793831838,0.060059105399796746,0.05721888706540745,0.03502418548303,0.0,0.021522931761316554,0.059074839873470356,0.04838636876511706,0.06717839509002202,0.02989505143845273,0.0,0.043712659511475946,0.011912782559530552,0.024387369676481294,0.017795192711915025,0.030411040311755674,0.010952996002243635,0.0463680244620192,0.01788448674819904,0.0,0.005384769869517827,0.00954244098417242,0.007996134712269868
76561198392370761,0.06715851466548876,0.06777594136792577,0.02797146626434926,0.08452620742226248,0.004884060825430202,0.05848827651469443,0.03202295245717865,0.012803633207929854,0.06719859228060444,0.029162122421666593,0.048091051429783774,0.04586751584111594,0.02711920313563011,0.06009097790459572,0.014932410174195141,0.024889384695355822,0.02717358154190177,0.0,0.06853717401071943,0.017687694033360055,0.061243764980760396,0.020369732760028604,0.06238350615174872,0.02741346271294303,0.008937428218654083,0.0,0.01590046831986068,0.0,0.013741289748918284,0.003629586912897994
76561198395338546,0.03778700087002104,0.0674551781369677,0.0,0.05874261046126279,0.05998797722539742,0.029987144061338736,0.06933902056605899,0.07542762287917965,0.04231133758489205,0.03592201216611739,0.027143103631215658,0.013406768444147612,0.015101292270494525,0.03863959758104194,0.019953209809176545,0.04437927494798515,0.0061774676138179364,0.013698178880327351,0.04303528713547039,0.021961502597486564,0.05002950101766055,0.018421333007576954,0.01456703123897012,0.009901464905308155,0.0399977886752429,0.03139438735580507,0.03519424621885242,0.010917901673649142,0.018357347921495903,0.05076341112303928
76561198400702869,0.09703224168840097,0.07845576563391937,0.03485330423661472,0.09274684071949728,0.04795307293790111,0.06279499213829631,0.03356102588222348,0.04745445922065797,0.0511200189126947,0.06024332553165904,0.0417683917695816,0.019472710601831738,0.005678162559876001,0.04074001974338717,0.028273325124167272,0.0372828437138418,0.010334367611029195,0.008754097768135568,0.037176237001312104,0.018945962818519513,0.048456587343866986,0.018483321497077168,0.005678162559876001,0.0,0.019814646547095013,0.019271450048053793,0.009649775291839078,0.005446489941758301,0.014303885611595239,0.004254515545291639
76561198402329390,0.09356111159301185,0.07242309025643985,0.06841182039395095,0.00973856862448711,0.030243449804035556,0.11360750560633832,0.011916109659223833,0.00973856862448711,0.044081619518371126,0.030571071471141496,0.07960364855126303,0.039689177745668276,0.05220252172034556,0.0235145467557466,0.02299298190596048,0.0,0.027817338377942053,0.0054528105592251686,0.08739430110237335,0.00918625433674189,0.00973856862448711,0.03246633870271014,0.05810740452082797,0.0184275390209405,0.0,0.023834254403089644,0.011773269004366463,0.013506129116824517,0.0,0.0
76561198402363447,0.0,0.0,0.0,0.0,0.0,0.0,0.0,0.0,0.0,0.0,0.0,0.0,0.0,0.0,0.0,0.0,0.0,0.0,0.0,0.0,0.0,0.0,0.0,0.0,0.0,0.0,0.0,0.0,0.0,0.0
76561198403785238,0.04477216509362075,0.07529954051681716,0.04205241599251008,0.02023909931836628,0.08601054568558086,0.05551003967418973,0.04183589654386666,0.07652169781940725,0.01858295071904661,0.03491047096340344,0.007439996555600158,0.0064694578953687215,0.06262109915529052,0.012799102762766126,0.007270866050409523,0.06455670941017444,0.018614440137651813,0.0,0.05328118145498453,0.022098310372794357,0.020931777797283432,0.0055744864003218824,0.03002298680369106,0.01316604524188197,0.0673843721993549,0.05785570385650807,0.006183985806466961,0.031072430060807798,0.0057619559046824635,0.011160269807152585
76561198407819907,0.043121690053937796,0.1001249173751351,0.0057818463228221555,0.06101310434642961,0.01677041169114229,0.011922542258006498,0.021976626054585804,0.08751484507534942,0.05240142554573043,0.06728233567187787,0.051416491473604484,0.011890777859074877,0.03445882989986746,0.04174986929049335,0.051123106647193294,0.07392675401126175,0.037153494379628026,0.0,0.006048482348384007,0.00537352641918156,0.014206246199444043,0.015367233922724006,0.03958802380842885,0.007702030604119547,0.08280930268818126,0.01677041169114229,0.0,0.01613628818513628,0.016315302380538663,0.010054083796579306
76561198408126263,0.03918364872769156,0.055160838167554155,0.037865598638896866,0.05924381357032549,0.05785942986596988,0.04562615528003778,0.06356540267200893,0.04534225970487678,0.025408993589999217,0.04677368822083628,0.021744173167393355,0.022663330649742026,0.019842730167829278,0.021120515278017445,0.04548735375285639,0.05497811940959922,0.030468567550484507,0.015793202742483914,0.03936618327335005,0.010680755592746727,0.007107657432582662,0.020583452984194443,0.009632612056535931,0.006783562154946534,0.05607389795085103,0.02732659707560782,0.02726355496112516,0.03320730462444804,0.009250996911664996,0.04459560382534353
76561198408226782,0.048378765412455525,0.03553429990245759,0.05465190543724012,0.037347165546611424,0.057279571736547415,0.03221205301950652,0.05676683658637159,0.013812092558605736,0.024024595929972473,0.02543296003122409,0.01652301130448563,0.024954435625821666,0.053949659742381806,0.024024595929972473,0.022682596115670826,0.0063450761262587065,0.04026249128519862,0.012890361542465286,0.06759564579546126,0.04177964506980601,0.020745387372212196,0.0,0.06276262174886843,0.014185790032866151,0.022592187895361864,0.026360032289730974,0.04560732774782544,0.05852038748569203,0.023377422383383837,0.029401078345544188
76561198411775487,0.07917649069558855,0.11326367860216718,0.06631036456066049,0.08126040817902215,0.01081032960714004,0.06057031397360868,0.008117397762005808,0.04990410528185417,0.032931722475924255,0.026162775848271872,0.06231822577791457,0.006057582520063215,0.013649128232674909,0.038227030760108804,0.018702311040305404,0.04316407530301805,0.022852455624216512,0.016165795224370845,0.04515574128630229,0.00560073077030987,0.0589723804017382,0.04880568296479005,0.007546365095288005,0.01824687077015816,0.03257916202471845,0.0,0.024040383275248458,0.0,0.009408491942530997,0.0
76561198413767937,0.0736966667260315,0.10518857741567106,0.05022669876344469,0.05139248172142241,0.03875802184743851,0.042812304238346005,0.01728238387825871,0.05852291719358575,0.03580041633946359,0.04043811329521018,0.05211633235549192,0.030990876062211938,0.04604639559399459,0.02233016432270198,0.023844674638638562,0.037629857884749554,0.0,0.00481063491530706,0.054055717396253956,0.033821283132046485,0.023361944156600943,0.030950613761828085,0.026658794978325,0.01621475805787766,0.033685037303081276,0.029464499758756115,0.006028945399917722,0.0,0.008011590777500657,0.005859298085844412
76561198414097340,0.04636735937710064,0.07662271304167333,0.027282619011149246,0.10755850442255092,0.0,0.0229515337454329,0.0304548269387247,0.05275948234521562,0.073042476034258,0.03508348299189271,0.039635409997285716,0.03304526507495974,0.018642696464213133,0.06931596733179161,0.03606269379359729,0.0439814609702453,0.026453508018093663,0.0,0.027475287084641076,0.018774027760635973,0.07234380552070896,0.027404198878419397,0.05241148323611658,0.018450615521913707,0.018454488121635845,0.0,0.004933504202304313,0.004602042503385307,0.0,0.01589054761205417
76561198417236415,0.0,0.0,0.0,0.0,0.0,0.0,0.0,0.0,0.0,0.0,0.0,0.0,0.0,0.0,0.0,0.0,0.0,0.0,0.0,0.0,0.0,0.0,0.0,0.0,0.0,0.0,0.0,0.0,0.0,0.0
76561198417579142,0.05787938626872201,0.06838477320420513,0.010650021235401265,0.06374224953081092,0.0454565197120266,0.041240179097952426,0.035640644237834015,0.08586992258732941,0.03572641186207801,0.06304912888477372,0.010875723169386583,0.023000761420371052,0.016536592849692118,0.04700232959555641,0.04585093793464452,0.08044037246794145,0.028519939668900558,0.010930058464053477,0.02188021020347802,0.005974732462644836,0.017020858063168023,0.01703305997622215,0.01777036117041791,0.00603775030601004,0.0692995142425582,0.034400383806764225,0.005838598153976014,0.0,0.028411128143566795,0.005537451279514023
76561198418235102,0.06178100859165429,0.10090361402441542,0.019291451041011456,0.10653296759078267,0.004737787291489336,0.019389682942014284,0.02507832992984902,0.05284665046746533,0.05396248029234156,0.056105959997778704,0.04352165926788658,0.023933145358021015,0.01409036376293443,0.05749155230577905,0.04011677236691228,0.05206624076341239,0.02652841456079831,0.005157448786257612,0.02746240345767445,0.005426139530353787,0.07215604963739607,0.02561458780947084,0.005082427295917344,0.008148245242722197,0.026877270893286738,0.0,0.0336444055786801,0.011594876876987245,0.015031924806353698,0.005426139530353787
76561198423335954,0.08527781722555298,0.05698102719081548,0.06952773503519884,0.07071803419434289,0.026243809436855742,0.05922347316486691,0.016167234531994337,0.026666051281583992,0.070475748485267,0.009633671428956688,0.05752637427951368,0.018724659239915967,0.040220244767958616,0.0544019708753529,0.03201025877952903,0.01650752685782331,0.07202842658702026,0.0,0.031052377066558605,0.0080576812701938,0.0,0.061935166068455026,0.03536176939844535,0.008228208809171488,0.018186128166661937,0.008109553261800535,0.007474856111702781,0.016167234531994337,0.008109553261800535,0.014983408690667157
76561198423405088,0.07538644223055989,0.08204926668386321,0.031059855313399068,0.06792977720962026,0.02664271815029501,0.05179166198137212,0.023199138896238255,0.052496222771934775,0.032274923526090786,0.04295241508011496,0.03701346612096963,0.010793044818787935,0.019639173084949276,0.04324057971635662,0.038562513042002235,0.07427680383594902,0.03202468948647553,0.0044141357544149,0.047628413764796665,0.016361050466984165,0.018956600479623262,0.038064389509260055,0.04568128272215191,0.019079082587986584,0.02930403305077317,0.01703331593984914,0.006378909064373036,0.0,0.008910470120561743,0.006855624590246693
76561198424437575,0.05846504315055121,0.0784622461096429,0.03516199621586017,0.050227425669740665,0.041465828529940484,0.05238710380709308,0.06573478495966609,0.05376170001727264,0.033925508999424536,0.01843143127305736,0.030758913599692222,0.04060184825321743,0.026946849402970673,0.030552010106974257,0.033170153963005856,0.05601034446105229,0.017402321044294726,0.012272989830829638,0.05292223346932645,0.022008054784234694,0.02670544859856432,0.018310305509987388,0.03371312428368455,0.033796243869315915,0.01682278815252085,0.022368160307909658,0.007703103179422703,0.021445187245586216,0.0,0.00846685120516108
76561198425842216,0.05924465531767516,0.02673974501992076,0.06858768450035765,0.04033324649781801,0.07573742899734728,0.06549089428312771,0.0892769162673027,0.0180150443291498,0.008332184950461235,0.047549550936310914,0.010242152434834013,0.021900811406798056,0.032369047770376684,0.02198920362812202,0.053745437827242545,0.016195353302755268,0.021533477293636104,0.02394817696124865,0.03648359544012014,0.03217097163413814,0.0027972952495824922,0.01766609258933511,0.0,0.009526154522185004,0.012707582744103158,0.053234999274603435,0.01276940545172421,0.03544366240192732,0.02635676994889845,0.059612459018898015
76561198427245183,0.05624086893000274,0.06370697680531166,0.06903763349655483,0.05214052169378929,0.04213955878507533,0.06022173262405807,0.02531617609895386,0.03427163442975486,0.06372584142729029,0.02381904663563276,0.03745335177560681,0.024882433688242236,0.05388205077316067,0.05214052169378929,0.011752685520383312,0.046909761549270325,0.024871417734070877,0.011233737642532358,0.012608747985141017,0.01942276444737354,0.019482789483259655,0.03136477371393565,0.02619605471883913,0.0,0.02599636414272971,0.041156695961827576,0.005683192318452009,0.019661165120576755,0.031205690073130173,0.013475810731255342
76561198427383896,0.05018829019508046,0.04030302932349496,0.01041088643757536,0.09439038451945887,0.05124738811357623,0.02784840894697492,0.05882634035127501,0.046764250339214046,0.08748259145942386,0.02462261822295843,0.02288594263309987,0.023986315436525553,0.005512555297372964,0.0791278169144884,0.027247483042670412,0.06443912517192138,0.021869678373448484,0.0,0.03874733181921066,0.005152146462484538,0.03509471026913477,0.03156760036622371,0.023431832347945193,0.0106647017598575,0.03138908892294825,0.023972906599636072,0.005327719046422349,0.011106260333234691,0.004995138089826537,0.041397459204516394
76561198427779859,0.06282514354974215,0.0969708644892387,0.019802137314888064,0.10981843794689569,0.02772146625511303,0.03267003882327866,0.0296927991379235,0.07937669103936378,0.06224116317882045,0.052025884762491585,0.018033026048391642,0.010279665972093883,0.0049034518400282315,0.0614003875762412,0.03889697056019544,0.09344985386206393,0.03668951780013284,0.004546540692515299,0.03139520152097499,0.004546540692515299,0.03782088995655754,0.017419307835945076,0.011864451499626573,0.0,0.030580045735019597,0.005516494342441992,0.004546540692515299,0.0049034518400282315,0.005516494342441992,0.004546540692515299
76561198428123404,0.058142800628588856,0.046342753081693125,0.018389784273728376,0.06393865209575071,0.059098491209399105,0.019963084680791627,0.04572824009993142,0.048888143855594195,0.05898032262151587,0.02827246976865564,0.026332716512507036,0.029558962366361564,0.032791254831144465,0.05145579022316676,0.033261681910580966,0.050678462889444234,0.0390310972860791,0.005382417827730627,0.03485058253271344,0.030887854820430424,0.03610284148139021,0.02161997958898501,0.031901691383026856,0.007927808601631699,0.04712258508802269,0.03806205604258729,0.016565322357416597,0.005536111779325662,0.006162249834060194,0.007023790327746221
76561198429193409,0.07908130791004211,0.08791758582370805,0.015985272278288547,0.07268265806337325,0.026875859920088903,0.037795204787467104,0.025695403337003844,0.07207848029574501,0.07351174790316847,0.05501095906456154,0.0319728299832704,0.0,0.011657527071465933,0.061965167222839686,0.007581921796593419,0.06236156985188436,0.04454311772847017,0.006339366650561577,0.012384590803790492,0.013842463233892342,0.041632759472965346,0.006563060352398401,0.030276080508910796,0.0,0.05792210112267108,0.020536493269527327,0.0075030965833307655,0.006339366650561577,0.01857386761804449,0.011370140695374861
76561198429606249,0.07610931551275711,0.08024591369080293,0.03501951246709933,0.07064007584151698,0.058899123686255106,0.05262423202675347,0.03350385586340014,0.06084599733152428,0.05884452090460817,0.04803006387431948,0.01467991931839286,0.004587554621676168,0.007586140840929659,0.05295694383241092,0.016687841519811158,0.06972514678875837,0.018498589461209764,0.007517397746580076,0.042921529413695175,0.040673203055253425,0.009262610060327324,0.02148755383225566,0.014614684229799703,0.011076931813387762,0.03878083896279666,0.028885915986567548,0.00899763916608758,0.006071866954201677,0.010225081196821606,0.0
76561198432274758,0.05725536727030355,0.05218670389725489,0.03469323169589356,0.09357061135568644,0.026562883097163016,0.03388162974945772,0.04785587497586628,0.053257686808582075,0.060239666056886264,0.03659761756807739,0.01525129649912424,0.0322108638043298,0.012244776582553659,0.050811804679595375,0.0521473499542465,0.03797007627926589,0.058609010243620155,0.01093466600035764,0.057726531921405845,0.018098891553680562,0.027168370417471492,0.005234988233012366,0.028384391239850402,0.021050942988403588,0.019415448074580795,0.02110128038373223,0.0055758117640491425,0.0,0.010415982613649814,0.019546244291899176
76561198432337304,0.05616643322075556,0.08709832537713942,0.04549675513714433,0.07547383050264934,0.006978244737926313,0.03924316407769204,0.024806786601457773,0.06795050956031291,0.04757912675910803,0.05236473573615205,0.06142917003702423,0.0074849863889815535,0.0,0.04069723538130808,0.04676597128808015,0.09356323588717744,0.03420997151199628,0.0062092627743980285,0.019862844490760066,0.022279810256105394,0.020204658742474773,0.033080655391334035,0.03573537690133248,0.030925867653291254,0.03836151005426286,0.0,0.0,0.0,0.006031531531135632,0.0
76561198433458297,0.06434969431300362,0.05494793665316782,0.0346802578888744,0.09835121814918474,0.00819292065659964,0.0741846466165508,0.04212495722795165,0.04788443390737784,0.07647812199856907,0.023095388677582682,0.04036561336403235,0.00870759485663319,0.01570818419649528,0.07599430418449293,0.015178487302957167,0.02902790059059593,0.013073434415601316,0.0,0.05541381423104417,0.006797690228567365,0.06506773133034296,0.05628409801211306,0.03774409037541896,0.014939759102968114,0.008908675026922958,0.0,0.0,0.00814206887440075,0.017178551156816442,0.00717842666173465
76561198436639398,0.06627472795564571,0.10737734462173909,0.009966094193958365,0.07987101792303561,0.018370435353650832,0.02988608809042492,0.05120461332920708,0.09116980931852185,0.011024891966718485,0.03286249447729941,0.04861911653819622,0.019595497843074527,0.0,0.005544875181078467,0.0,0.03195324783241126,0.01255519130597717,0.0,0.01973472275913367,0.009262703806227988,0.09915768167586356,0.0,0.010158870624924954,0.0,0.06687502758639756,0.0038740725811212723,0.06286813908712136,0.019491585113569597,0.08160274132147327,0.01069900951322786
76561198437664846,0.08715040138776739,0.08194742741128641,0.06044332847720175,0.09887277578717069,0.0,0.07272557755523332,0.0,0.04448822654168199,0.11262036301758524,0.02212028484119381,0.06759883453976817,0.006688090512855449,0.021486953124003554,0.0825618119368407,0.028445753608618052,0.013490761129251154,0.042169866416298774,0.006623695112135855,0.016844671483126922,0.0,0.08285131481531946,0.03361081487877614,0.0,0.0,0.0,0.0,0.008629523711942658,0.0,0.008629523711942658,0.0
76561198438587738,0.05179673579240656,0.08160414810919815,0.011139437247277336,0.12447957667665484,0.014050051125424748,0.0,0.024810145385947033,0.06269509793097802,0.12310752297180493,0.006713090624189325,0.03565417702956614,0.02442242453838236,0.006532695903772115,0.08508224250957143,0.03430690979661706,0.05601780362836951,0.02592915519316526,0.0,0.02035103554651573,0.005782816409150119,0.10441874339062601,0.02804319228107894,0.010906967446886897,0.005782816409150119,0.02360940055234488,0.0,0.0,0.006979879305159154,0.0,0.025783934195763237
76561198439100835,0.057144766289348385,0.10978844911117767,0.04500986576740588,0.10014698498672847,0.005517246726522667,0.029451790938965973,0.03678611917154958,0.07040394655942059,0.035951245854992486,0.06750499005267833,0.0174815798889081,0.025794238779856666,0.020379477088752027,0.03309657886119965,0.024697055910308588,0.052683604476754124,0.012956153383309762,0.011019491249481674,0.007478285954979756,0.015832074666524986,0.046470787718890384,0.017065697689165518,0.03528889041276172,0.0048473473339422386,0.058629392921368255,0.005517246726522667,0.02181584973729187,0.011177993387088544,0.015453402813119195,0.004609445540984199
76561198439220419,0.08469835246439114,0.03902282170734317,0.033063737805250855,0.07914744252821655,0.03238866291359215,0.0531989234188349,0.0042335650566807685,0.04034423924765775,0.06520372321920653,0.04635595805236855,0.014102457617394547,0.012374692372362899,0.04994813376433174,0.07491387747153579,0.04126252260968579,0.057553115014864285,0.06652038801045955,0.0,0.03246277826937628,0.0,0.025383877578242904,0.04222404962917074,0.03988554574166693,0.011452271598416244,0.02229537109619259,0.014188369101404488,0.013541558654672152,0.0,0.0,0.0042335650566807685
76561198439304389,0.07156257816868374,0.06471867038190425,0.009689137192134354,0.1321217846722476,0.005581625681647584,0.029065142778380598,0.0050291755177980756,0.04483609265288762,0.12441987571976423,0.009259090161867062,0.040850369583410644,0.023885625203958843,0.01735749262112757,0.11845087268272299,0.013514461194851236,0.01889571703553678,0.005019274729187218,0.0,0.03334701654605592,0.0,0.13867617854821146,0.05619880455458175,0.008644228890942062,0.0,0.014232468813656224,0.0,0.0,0.0,0.008650843132008642,0.005993473536433718
76561198442308189,0.05253393396439218,0.08040494858314852,0.012884246287855764,0.10519531225896506,0.023962777291482277,0.02749991036471129,0.04964885153402743,0.08587877513424816,0.0765256575364986,0.0295245125579757,0.019515076881265418,0.016413889374773876,0.005100185995624231,0.07617805014868095,0.02602629942120996,0.04361172725958226,0.0,0.0,0.026316202009950888,0.005290274334798452,0.06980451663801449,0.0295353441896467,0.009659545878847996,0.01408903693731663,0.05178447042812387,0.017342092659392135,0.009123868533760642,0.0043699045767615135,0.004559359883223765,0.027221229335721214
76561198447217647,0.09734724760613464,0.10001929097527933,0.09548816150948443,0.06953003339430627,0.004983874913590879,0.05947227459508683,0.0,0.04569445620679287,0.04950518172391743,0.05751096416982043,0.06623110537522552,0.007328810193986203,0.03275036813756263,0.049926904791094996,0.03609153424485316,0.050851884434292095,0.04302400536250301,0.0,0.028765850285244268,0.0,0.0,0.03559124182948549,0.045245681405756764,0.005987622083758396,0.005987622083758396,0.0,0.012665884678065948,0.0,0.0,0.0
76561198448175035,0.073613839832108,0.08440089111444127,0.04082668643127185,0.14012143418388595,0.0,0.03574817748590907,0.008001315496155426,0.025251971504955763,0.09028110405320594,0.03129886662975344,0.020408866719874717,0.009390828268047382,0.019740124556170042,0.10156838284598405,0.014232984735735837,0.03677318285544448,0.014624834119506871,0.004310217237178676,0.0313530743384351,0.0,0.07757809712330865,0.056428926360206196,0.02913095282421743,0.011287278792778096,0.004843104785081047,0.0,0.019392428853172404,0.0,0.019392428853172404,0.0
76561198448417314,0.04840282524424963,0.06209835489307901,0.02790198874393796,0.03434950237839816,0.0662993341301651,0.03438085673733698,0.08920153764617152,0.08976711684703524,0.026515495465297287,0.026986888784615637,0.01661102042204296,0.016218229372698716,0.04381689566902982,0.017084362694058185,0.0,0.02352940580344615,0.02454116254031542,0.018972248311216237,0.01120534685276962,0.040051246009057545,0.023744261066835012,0.00955186463846532,0.021733459713513658,0.0073973092697216586,0.05268756601320669,0.032011709400788596,0.04449958575357807,0.02595391446633304,0.009205602320024646,0.05528090881261221
76561198452163269,0.08174221234847207,0.059198264218319266,0.04419767906982303,0.09793341522320516,0.0,0.01534468890715021,0.026603752144141513,0.023501961190765377,0.07851514512685563,0.029226509665071308,0.047175668785340186,0.035308073473178055,0.014501131930784686,0.08201001689862258,0.04197593122800815,0.06276960541388098,0.03519826178709875,0.016780081121269316,0.03775224219747108,0.008329452174276504,0.04042076700281129,0.030189389904784356,0.03651259032498619,0.007621733289976074,0.010452631268034855,0.0,0.0036798800734037444,0.00918456870084146,0.0,0.023874346531428167
76561198706984079,0.04956863885767354,0.0625537591401306,0.03514067208231607,0.10892243087427261,0.0008700534493242826,0.02128385050693436,0.0042439153048077554,0.053741122098426845,0.02665177405517107,0.061350309512142494,0.043084278296637565,0.10856964534880668,0.029372615972642326,0.02665177405517107,0.1028460276263818,0.09476698565283799,0.0008700534493242826,0.0,0.013240346143722118,0.003373861855483473,0.0161098509431054,0.012917127888532156,0.01815111052578131,0.046573060841844656,0.04319919898636119,0.0,0.0,0.0008700534493242826,0.0,0.015077483082844125
76561198742491552,0.08839388816772796,0.03693090270898522,0.0880659781695653,0.08995522485848875,0.02201342038387893,0.07716741140387116,0.053145857759049384,0.009450605351537553,0.05609745637320182,0.04921625382306139,0.01658991262206238,0.022747594118957437,0.0032906003863664344,0.06802029220777658,0.044361205925991416,0.006921279178669347,0.059883663302459804,0.038876133687157165,0.031142587347322413,0.021507640110377212,0.013099473605283856,0.021238632102965643,0.0,0.0072584892213113615,0.005993251811056012,0.011212108020616287,0.006564603639069687,0.011438429777756646,0.0,0.03941710393543271
76561198752631782,0.0,0.0,0.0,0.0,0.0,0.0,0.0,0.0,0.0,0.0,0.0,0.0,0.0,0.0,0.0,0.0,0.0,0.0,0.0,0.0,0.0,0.0,0.0,0.0,0.0,0.0,0.0,0.0,0.0,0.0
76561198757776931,0.07002628716947751,0.09025089576486227,0.03382599386072029,0.10002051906303008,0.008917746350836022,0.017126783299463665,0.031090490543653666,0.046290208397220076,0.055190445390603714,0.05591133732640172,0.025558548706970566,0.021092640542879033,0.0042294375407569695,0.048553439569411806,0.06117575245486216,0.07242287901485231,0.023149846710037454,0.007149609981548868,0.03366164411830397,0.013280268343800748,0.06408928955814802,0.027543114758763015,0.002718012662965656,0.010562255680835093,0.026344311713721886,0.0009730938170690473,0.013241632951108235,0.005974356386653578,0.014702078274114995,0.01492708004692744
76561198763852134,0.052561756123677195,0.03308127926587592,0.0,0.10536680107542261,0.02690173768366162,0.018055318072845026,0.053451639024157595,0.0452028215791499,0.07798934311577926,0.033908835885023275,0.03308127926587592,0.0035609866899767397,0.0,0.07798934311577926,0.030110888030472717,0.030232769920299895,0.008846419610816593,0.0,0.09331123111779492,0.026549901340495976,0.08968427207217189,0.0027334300708293812,0.018882874691992384,0.026549901340495976,0.0,0.0,0.051136597338720946,0.02690173768366162,0.03308127926587592,0.0008275566191473584
76561198772090380,0.04999987155827037,0.06597397307249313,0.06027890607680654,0.02355591122878172,0.055531003521029035,0.05060866859354766,0.04105688454893703,0.06044357115562785,0.02476254008459198,0.05143127166743912,0.033284152411261425,0.023423323973075068,0.053847712948548496,0.010370980084385382,0.018353323126625652,0.04605959271340041,0.034190974753928044,0.02010516489843437,0.037504648052544866,0.057987768949866327,0.010413442394611927,0.0015006039815574092,0.003613158639209569,0.052505829916608786,0.039450455323261156,0.026809076373476272,0.0015576796408822142,0.01896503831980702,0.010802472378901203,0.015611999612089925
76561198772743620,0.0,0.0,0.0,0.0,0.0,0.0,0.0,0.0,0.0,0.0,0.0,0.0,0.0,0.0,0.0,0.0,0.0,0.0,0.0,0.0,0.0,0.0,0.0,0.0,0.0,0.0,0.0,0.0,0.0,0.0
76561198778416827,0.09160700932026136,0.07353276694888967,0.06324649735668797,0.04456968466802449,0.029518219786155996,0.04074704073796414,0.03074750176756938,0.04789540561524192,0.022307412698881177,0.05696537815278607,0.03136010332528368,0.015161868395592687,0.023613975701383082,0.012287782500453901,0.06794265468358095,0.061631476801801276,0.011619790668475334,0.04446747126335185,0.02977927723756267,0.027473014913451665,0.01994693422146487,0.04974701382903129,0.006057989986365755,0.0,0.03137932162336213,0.013007347530534282,0.019850843629767197,0.01579658326035236,0.005756698107040086,0.011982935268683053
76561198792381604,0.07641212726708478,0.006040694913878108,0.07436536203499669,0.046334518759640175,0.0681773084319824,0.02241108133635883,0.06038764922126941,0.05905995494220195,0.0,0.024019926311375304,0.0,0.028049540198059504,0.008827598873338711,0.0027854019678346963,0.0416315276616588,0.006481042702510035,0.023781440504939282,0.050904193055946005,0.0035582175174714275,0.06979431990346148,0.024157393536376217,0.011001966238954584,0.013543759041350939,0.03598145435606934,0.023372613671522536,0.030433192446222865,0.07588290784063494,0.06460240409243727,0.030040921429895905,0.017961481742528054
76561198796975770,0.04116959009738645,0.11837808556175872,0.006503364942618304,0.13071406328802207,0.0,0.011988289156281777,0.027419794196231057,0.07786036343839854,0.07515890986796772,0.03584793617519819,0.04923940932887319,0.01000690491872777,0.018093895137881608,0.08730070546351541,0.01722430472762309,0.06844451628886761,0.01601638018552944,0.0,0.01016537376628796,0.0,0.08330302039217567,0.03084287836525106,0.028412696322431655,0.0,0.02926366888568426,0.0,0.01215055474148775,0.0,0.006550103607330196,0.007945191144470412
76561198797617660,0.04715615031530591,0.0815288699059686,0.016874914265693382,0.0933836841464464,0.006097934967483394,0.02124628476979237,0.05523379949643885,0.0447387082588411,0.0745696925644205,0.019972419989340986,0.04286021798672925,0.04677986353444926,0.01834467660405579,0.059473660441665716,0.024803306640852493,0.050064444448914336,0.023542591027823714,0.0,0.00597459567898319,0.004899005986156602,0.05216393495261519,0.032422541346817046,0.07759731410478207,0.0,0.012644957715245172,0.0,0.025259574255025664,0.006097934967483394,0.04117288950591489,0.015096032122754793
76561198798513564,0.0,0.0,0.0,0.0,0.0,0.0,0.0,0.0,0.0,0.0,0.0,0.0,0.0,0.0,0.0,0.0,0.0,0.0,0.0,0.0,0.0,0.0,0.0,0.0,0.0,0.0,0.0,0.0,0.0,0.0
76561198798566786,0.07118430749039661,0.07012421344811612,0.02174524275549713,0.07618629106028513,0.022244068302402508,0.017391704568152772,0.038451623611513275,0.09671011189847623,0.05066540266329804,0.04793696972873602,0.03482926384559186,0.011890664092345137,0.03379095503715754,0.056571487261689424,0.017905022054689416,0.061909055365997306,0.0383630564572974,0.0,0.013588059090549399,0.011454149916072506,0.0328604131433587,0.02928783232960853,0.018273351629201778,0.006804656646677123,0.05387755425827377,0.012132541817333982,0.009422074847790776,0.014342909528057656,0.010881357484772966,0.019175659666660908
76561198801499715,0.0,0.0,0.0,0.0,0.0,0.0,0.0,0.0,0.0,0.0,0.0,0.0,0.0,0.0,0.0,0.0,0.0,0.0,0.0,0.0,0.0,0.0,0.0,0.0,0.0,0.0,0.0,0.0,0.0,0.0
76561198802237869,0.05152421419122684,0.06766107313913558,0.012549605026124469,0.10152120703746656,0.023946913555001937,0.024083083991285382,0.05184868396125875,0.07050569070703445,0.05216526772248604,0.041478630403086865,0.025322615672263234,0.04430010032023656,0.0071393813344864865,0.06221603941530984,0.03612479196131038,0.07819298541241844,0.018407196711340054,0.014466410124876873,0.02191576800262524,0.008710138502032361,0.04135401070724603,0.011303657230921306,0.01309001978617274,0.008710138502032361,0.05057657238726606,0.017437921600273992,0.0031481480760858498,0.02368021491435226,0.003474403186844702,0.013145116417798183
76561198804601630,0.06065940497677092,0.09796276090146235,0.02351615442705634,0.08298219083771631,0.02216366834157132,0.052158335717558374,0.08429665690449728,0.09668484617814284,0.0369090443984031,0.03620598873851766,0.06136901065003357,0.012597121837607675,0.020644194907621382,0.036528883755050014,0.017188428553354836,0.028394884560869416,0.02164171342889899,0.013541089857876158,0.02672821805395382,0.021174043993728082,0.022176148100326913,0.006276869668490925,0.022263875068670533,0.007239273755315937,0.0204531619924268,0.004457630532857728,0.025882811096700722,0.011769784651564585,0.005916212538177328,0.020217591574778072
76561198804680697,0.05204893625898313,0.08611821343933386,0.019659702447642126,0.06928033337562425,0.04408985361429107,0.03913784789124563,0.07586107498202577,0.07799940104190724,0.07862105218424628,0.03075297322046269,0.023724230196994014,0.0,0.00585550154759211,0.0715777706469331,0.006265838829629404,0.04857243247690602,0.0,0.011148803683986895,0.028655346605650937,0.01904333547615359,0.044059895458286334,0.018749112794968777,0.011423426136337575,0.0,0.044752874225661564,0.023809435519562865,0.01279629794279354,0.011868359900017701,0.00572564055387684,0.03840230954888649
76561198807749950,0.052738873643124566,0.09886209988526881,0.006742850890072331,0.10632857777186856,0.01952674469923248,0.02633342432859975,0.02081321494164872,0.09239821222319768,0.07367322727940179,0.039623683134587466,0.0199279013535333,0.01937196808761469,0.013255227718817436,0.07351801328156685,0.03291149547971922,0.04609129153405051,0.006742850890072331,0.006742850890072331,0.013354518928142533,0.006519551315063959,0.05271968668381324,0.03254993928856639,0.013201679431867322,0.0,0.046290518257572695,0.01952452437861097,0.019689099114157227,0.006549201663960245,0.01318555796414781,0.02081321494164872
76561198812864080,0.08598022050503985,0.08920736853359018,0.046934339680014495,0.05183163488009653,0.01888997243258054,0.06977962969703977,0.032390229619571824,0.04357121103765924,0.05536773966666404,0.03403615187586204,0.058039809982411907,0.011106064845702965,0.021329916965360435,0.046155394985084766,0.029019713146237986,0.036310988585714854,0.03751372243068422,0.0,0.039316245796822705,0.017754618683125296,0.021902876415387042,0.029145021544925313,0.04585890030380135,0.02418225413904293,0.015597350752556709,0.004422614864335951,0.011189084384304578,0.010265763721413945,0.006436932143823139,0.00646422838114556
76561198816134762,0.04794441656457831,0.04847860353519495,0.032555364222410774,0.09960336119854336,0.006385774476997478,0.05066558167783435,0.03613562203570013,0.053285940090952194,0.07597468265742836,0.020374160573244777,0.03917647321847884,0.05374956610196858,0.009574015146633653,0.0813670392075817,0.030980975775871493,0.015759361962418155,0.038441819749725485,0.01516076262760266,0.030123016321138344,0.023208906494905646,0.06406900002186153,0.009232820133421417,0.025847177963983347,0.007800252266335709,0.01969568791037777,0.0021093047980772655,0.023327618717679847,0.004276469678920212,0.02180290035628697,0.012893324513846588
76561198816301919,0.07413193726388063,0.03072449983289928,0.04834674110635858,0.05160022748006131,0.0521265414861116,0.07061746279803467,0.06832668555495854,0.03249695295083599,0.027664290214333132,0.028651869423746524,0.04397614129892269,0.03437868370856602,0.008178770201618198,0.02174569260779313,0.05237857744161749,0.013609164403574627,0.022478213403023525,0.012106004343103396,0.031921347398082556,0.059963989944369966,0.02218776320175145,0.015653008043407517,0.04443361344854537,0.012637486757754501,0.011579884986228743,0.011518307726354461,0.03677390076848532,0.0406826313045113,0.0,0.019109610901069312
76561198818769123,0.06254965511321274,0.06388877330049952,0.022100163704112757,0.07002274604142968,0.05156013704338832,0.03803414686490332,0.03111423300698249,0.0574031442639933,0.058947381997018974,0.03146302621745042,0.02808188730776972,0.0377609307335325,0.013922419513180571,0.042286571517010124,0.03753200116358744,0.07243752043639026,0.04723937953366509,0.0,0.020917054174447485,0.0,0.011911275991855283,0.01854994967787858,0.027078315924382524,0.060961827039518156,0.035017443340016885,0.025006886978231495,0.0,0.005517589822681492,0.0,0.028695539292860894
76561198822653847,0.07871579414115468,0.11081124509166419,0.07393996960276918,0.07947936009042544,0.007929203133660589,0.03889900985761422,0.0,0.023614184219959714,0.0723702127912235,0.029031184107147723,0.05352684004322533,0.034179314521572725,0.06502352184443148,0.0723702127912235,0.0,0.032547617943255225,0.03297423389178966,0.0,0.04158768611067017,0.0,0.04817812902717472,0.025032962058546417,0.06168201435129158,0.007929203133660589,0.0,0.0,0.010178101247539212,0.0,0.0,0.0
76561198827623243,0.06539144431838088,0.08046589256734349,0.032712465622378624,0.05928171450372637,0.04408997443090132,0.024651587459027163,0.009285756695470973,0.07709873099397407,0.03923479366900065,0.05306364507227453,0.018997608964194206,0.010634112505935902,0.01792232682590728,0.03271206884858268,0.037600912199332655,0.07598518454156755,0.05650204747728142,0.00357931875110862,0.03613640734991489,0.015945781589213226,0.011099568138600139,0.030407062499889934,0.01961043519289814,0.019203827917197363,0.06316470301446044,0.030515311151220605,0.0036999974770368757,0.0,0.031007320223180028,0.0
76561198829174449,0.07053997577102122,0.05884367437151505,0.061073775961982456,0.03795096727405636,0.0884915274040613,0.07068881878839395,0.041035172212058504,0.0518434068300407,0.0038756273129239077,0.04940801559958685,0.0198761925011692,0.00926750930837428,0.03488953063889056,0.008771303323498798,0.024534825095950376,0.03362549758153057,0.01551866445236334,0.038477680405077756,0.03924340004127921,0.031033998543628358,0.0,0.004901870583514631,0.02481435587447288,0.0064516149886490555,0.034165985278073886,0.0518830390222268,0.02218709151717587,0.015166200101616388,0.02820700008741992,0.023233279129447608
76561198831192918,0.10492213504908555,0.10263000714426686,0.08505417629089568,0.07381447892975564,0.0,0.06675192791912705,0.014273041972872458,0.028677357327564025,0.052497837731264166,0.05451043529640559,0.06748251854955671,0.0,0.0,0.05414517690301027,0.04049391664452457,0.043597549597368675,0.05884138478163491,0.0051799089438549495,0.01603824741707947,0.0,0.04650425556677865,0.06155152942794456,0.005886412276507193,0.0,0.0,0.0,0.008573851115251505,0.0,0.008573851115251505,0.0
76561198833276319,0.05928687008802426,0.07342404463379108,0.012931798083284906,0.1210457219488366,0.0,0.028273445100922688,0.062178339975971914,0.07648689853944435,0.07850047524242774,0.02426005532951178,0.04540537721136974,0.027045124715162218,0.012144237023916121,0.060014616813092565,0.0292294411993991,0.0171149966870935,0.023641935941466994,0.005776465119756323,0.03265727139036867,0.01290976126445306,0.07125450157441982,0.029778164351004815,0.025077304769687336,0.005343599430229771,0.011653490154824033,0.0,0.024230825573065447,0.006730909820199745,0.006000611122500483,0.017603716895774685
76561198833867588,0.08114098472560063,0.08670691671900799,0.08142002279429114,0.07062542528897656,0.0,0.06582768297055162,0.02155972556038587,0.02420499511170485,0.06766250278286591,0.03836582317428377,0.07613939984515325,0.02022401202065555,0.02134314136299459,0.05786505679494146,0.038215590674655776,0.035988783639965966,0.03250664363428587,0.005919533760059803,0.017355191324982477,0.006342216635506008,0.03976015359365689,0.054034515820724535,0.0169389177569411,0.016136614938792194,0.0,0.0,0.012261750395565811,0.0,0.0,0.011454398673450439
76561198833987527,0.11018983528547271,0.09604294801394847,0.05983148014595173,0.017590021139392606,0.04398521841262377,0.06393763710310393,0.018077529863449612,0.023694080320677324,0.023609787564189116,0.06006696830140903,0.05868037451787323,0.02157118542040027,0.048081804903342185,0.007675275281341659,0.023609787564189116,0.024537138781827422,0.024959173464410567,0.009991377811152133,0.051710119549174094,0.04763317159250488,0.009914745858050947,0.027594359085299412,0.042532144605623406,0.0,0.023694080320677324,0.018358137652360926,0.02181174153718919,0.009684762555757983,0.006009134354684093,0.004925978993923026
76561198837284017,0.09381145266444711,0.06616694199198138,0.05529594495998411,0.09914078827381363,0.03463627967276604,0.056492028566044565,0.043847544973379976,0.016063439965839213,0.04478409871582982,0.034610816116102665,0.053289778892982746,0.024479245200594163,0.023364017716139336,0.051955503763709485,0.04613196923809513,0.037958923132622724,0.015787524068837235,0.0,0.025081845613220792,0.011221337179100229,0.03803201274291373,0.06135596268942947,0.019398713416741566,0.007517167984203882,0.0,0.0,0.0,0.018738505163304112,0.0,0.020838157297916757
76561198837631318,0.041149167751067695,0.05557939248544832,0.03507103385481408,0.0737533954545872,0.031819371270060876,0.056035934848814785,0.02823688734328967,0.041778941536454076,0.07212329158496944,0.03076469240489706,0.02688045446103802,0.009084906806531451,0.021083631113287503,0.05727212149808416,0.045211484835728004,0.06841250895695553,0.03403972069318676,0.0,0.07498989115318638,0.03456923313848406,0.02050762922629511,0.025897357036839666,0.025342798075814927,0.039323474527064146,0.03378502573034954,0.0,0.0,0.00685329056635131,0.0,0.010434363646400322
76561198838206590,0.05277374750791214,0.05928196154762086,0.023811626376930052,0.07353020923651106,0.053194928522421886,0.03274989541023549,0.09098371817272781,0.05352812426952204,0.05975834197345291,0.028359187695497362,0.029438385443509515,0.009921872945563051,0.00606047717214906,0.055293588624633475,0.028560551547276384,0.04523443652261722,0.014231020897939622,0.01384760209100334,0.03872291184799068,0.012331853519671821,0.037419840334556385,0.01590060404194125,0.022329831617978774,0.0,0.03301011583231655,0.029712223697135116,0.005285234366979533,0.024139952463851873,0.01994793881559416,0.030639817504460678
76561198838823687,0.04808844569909302,0.043045971271279036,0.01904437281029438,0.05321962099065812,0.0413338318265173,0.03446452747726996,0.0791508132301026,0.06510180247676717,0.0322790407851585,0.039966455357810626,0.019465993469750205,0.026625859314944874,0.020379328617997797,0.04278181706967896,0.011598474277899406,0.02228823005049314,0.03586903978986389,0.023707515788707546,0.03535097110262202,0.030291393728733053,0.041126857191807795,0.0,0.012843377978329884,0.02362410424228042,0.05538757344697463,0.010515256239799427,0.027423421444699878,0.04588410199799044,0.03799676114934816,0.0211450411731279
76561198839966280,0.0,0.0,0.0,0.0,0.0,0.0,0.0,0.0,0.0,0.0,0.0,0.0,0.0,0.0,0.0,0.0,0.0,0.0,0.0,0.0,0.0,0.0,0.0,0.0,0.0,0.0,0.0,0.0,0.0,0.0
76561198842146094,0.0599923810864209,0.08559620308016774,0.02680302445115137,0.06712253358123232,0.015711960647969828,0.04367212085186169,0.052629346635653794,0.06805225850937731,0.04784435478325256,0.03539187941586181,0.030881679390142632,0.026370142292037012,0.028006561017948583,0.03863173964965168,0.025045129494402373,0.03682540619030325,0.012592190957910062,0.014744811851115319,0.02249426920327598,0.018504013792647815,0.0578242849246798,0.01597052673258628,0.04133002126394585,0.0065267161380401445,0.055750776397242324,0.004299426557328165,0.03717721421851794,0.0038754270590826002,0.012815970343853511,0.007517629482339398
76561198843353774,0.07596619137617865,0.07400532753210684,0.03955179256402093,0.08639124248935343,0.036941038704331165,0.054197983054423575,0.03300972070494552,0.03316437937104734,0.061001004017347774,0.036309348056692274,0.027481737661073792,0.013431650373364523,0.023794591979953632,0.06121240995485677,0.03309698771947165,0.044980650853787704,0.037265893271305583,0.005859353052778114,0.033214087460083266,0.01760365148202231,0.03306331491340024,0.02702563181613692,0.028954870455288023,0.005156910286594578,0.021760475911203846,0.021760475911203846,0.0089965254980182,0.005324375127915496,0.013619025348315992,0.005859353052778114
76561198843437563,0.08121108908243696,0.10229549946465506,0.10229549946465506,0.12184694026336239,0.0,0.08121108908243696,0.043652387671206654,0.0,0.04702983133304234,0.0030165364902812303,0.10229549946465506,0.021445317553772558,0.09963987014592827,0.04401329484276111,0.0,0.0030165364902812303,0.0,0.0030165364902812303,0.0,0.0,0.0,0.00036090717155445726,0.07855545976371019,0.0210844103822181,0.0,0.0,0.0,0.0,0.0,0.04401329484276111
76561198843783506,0.0,0.0,0.0,0.0,0.0,0.0,0.0,0.0,0.0,0.0,0.0,0.0,0.0,0.0,0.0,0.0,0.0,0.0,0.0,0.0,0.0,0.0,0.0,0.0,0.0,0.0,0.0,0.0,0.0,0.0
76561198843790470,0.06152480142731626,0.057754745057196244,0.0,0.08722839488364653,0.04223092535622454,0.035979300754393866,0.04287727745909332,0.048088069855597576,0.08254958969030161,0.02594186279287201,0.016206183366636893,0.03133712206597998,0.016935421605712254,0.07532531748968621,0.032823802111172015,0.05548972035356477,0.014693546644160796,0.0058165235035478385,0.05599029851589057,0.013700826265630548,0.06598039397092172,0.013774122185491493,0.019033456507944094,0.0,0.04114145866420666,0.027475253251960333,0.016935421605712254,0.0,0.005641041973187831,0.0075251226419515245
76561198844902387,0.07194369619248467,0.10559875255468347,0.04180049827502329,0.07396513224772679,0.0,0.02330712067498975,0.022463272115122876,0.05004025193373242,0.0850306949688893,0.04536255850613347,0.07525899798408305,0.026853736208703845,0.035615481729406026,0.06468170045393692,0.018923761836741004,0.04547314853548541,0.03694667430549976,0.0,0.0380064173981786,0.0,0.030410281045682105,0.0,0.05515236290993848,0.009087450437701436,0.026804654913040786,0.0,0.0042334310977822755,0.004573061479469617,0.0042334310977822755,0.0042334310977822755
76561198845485546,0.08886471353848964,0.08540253185277806,0.01454573794256282,0.0320300483207783,0.039640894950750113,0.053341697769073805,0.007037308623644159,0.07020229522450766,0.026347099131880356,0.045719117032540765,0.04341120916274969,0.025562279953500692,0.04861362225447391,0.024910974452634488,0.011944557273439769,0.07205314244289437,0.0690602208574066,0.0,0.034688384553724166,0.009148336068726597,0.027767971764651473,0.012426409862446476,0.06285125931674539,0.0,0.04000612557672783,0.023772737601893187,0.0,0.0069314256919980515,0.023719898778981632,0.0
76561198845632839,0.048149110919615434,0.1019421810760595,0.05301453354399725,0.03602582280967156,0.03290920193740616,0.052199850501265785,0.06077487603150997,0.056551590428791716,0.014474490657414553,0.041271002271304265,0.056326693576503016,0.02550031123659948,0.03807670363563054,0.019571824059028346,0.030236963578043764,0.03564634207708787,0.0,0.017669272283862128,0.044633838105417226,0.03330255104879507,0.012069066206194426,0.025676720435422472,0.03861709773333024,0.03235770469059986,0.008433986426364762,0.0,0.02778085271336901,0.016653040588832185,0.00924820700895959,0.030886164418923945
76561198845689870,0.0850637711886002,0.05753480314731196,0.03314835807337051,0.029830548987317917,0.0821121620311907,0.032339528426164006,0.020319668332056538,0.04749160279493373,0.021633139378334203,0.05028467606002301,0.02538996065897905,0.023783759159341212,0.05628894957997654,0.01401639055476349,0.0322617914849013,0.060262810020432024,0.043915360151416304,0.004981043068159836,0.02023610452446386,0.022966299128820707,0.015093921675635079,0.01401639055476349,0.036621189019659176,0.007148644630978191,0.03820641490610746,0.05351794957977163,0.004981043068159836,0.010164248413870838,0.039951226937563665,0.01643824446293364
76561198845916760,0.0,0.0,0.0,0.0,0.0,0.0,0.0,0.0,0.0,0.0,0.0,0.0,0.0,0.0,0.0,0.0,0.0,0.0,0.0,0.0,0.0,0.0,0.0,0.0,0.0,0.0,0.0,0.0,0.0,0.0
76561198846183374,0.050778020057164024,0.06323424683720298,0.04720828819549418,0.0530655012079664,0.0480208288408539,0.0324117860097126,0.07778096808052319,0.06442646907270894,0.020201956252425084,0.016725385927785864,0.02306123584985034,0.012752676991661658,0.0,0.02721463186738753,0.04005441539696019,0.039065267250225584,0.007713089314353844,0.017360438322549326,0.048367986684367814,0.036491801134660364,0.06120644682455234,0.025574412543920906,0.024539758251141967,0.008204897850468395,0.021351374194629038,0.026090053621054,0.026126648232523805,0.02484049050978719,0.01963816049816684,0.03649276417990162
76561198847297910,0.05180708472694826,0.07172191913671867,0.024536507415209702,0.05996469384650336,0.05327401680919492,0.03136047752041835,0.051526537786836246,0.06971524259025101,0.009519480133648147,0.059892068335883814,0.012702909297781175,0.024836742414853223,0.034548015247241,0.013008422513749784,0.03002194666760349,0.045554512609109414,0.028584329253104196,0.0040877634222026395,0.02256080449826007,0.047804404606895466,0.018110914541932137,0.0,0.027204298334362866,0.01307673003614756,0.04374098109013987,0.03121597716860526,0.020396198513420335,0.024506014667130854,0.060510613414703124,0.014210393401144855
76561198847593484,0.11229776949130535,0.10426217896960885,0.055947021796431906,0.07997906355258758,0.017534477996416158,0.02624564095079518,0.02541429415243453,0.06506632466400691,0.08505463659993194,0.024578358983257474,0.06262849316401396,0.01336155561351337,0.011904114539911057,0.06416783706654292,0.04470929161930659,0.05098044401882391,0.0056709262320111505,0.0,0.02064781639063531,0.0,0.023334847535172964,0.060900221007214365,0.0062060053000191065,0.0,0.015105066278015966,0.0,0.0,0.0,0.008545724284997804,0.015457889793045597
76561198847902117,0.08978743838727293,0.06329826218952617,0.05003095308313572,0.09625519167918005,0.007428133010512769,0.03740681894238306,0.0,0.04171668236788896,0.07444497925768233,0.059920624650701367,0.05131262775516909,0.017783299677484446,0.0,0.06365612406760718,0.05938678821383458,0.07948802748208236,0.05051354605002369,0.012921363502366277,0.023616909297502296,0.0,0.03506972858539687,0.03514547241044294,0.015842483799292238,0.0,0.01284405633318362,0.0,0.007428133010512769,0.007428133010512769,0.0,0.0072742232363054
76561198848316420,0.07878206243015619,0.04099989401497784,0.03774213280516683,0.08936247348608047,0.0179823284405118,0.07465417565211924,0.026910278338483556,0.01642615318928736,0.11766388682716186,0.025158589752773707,0.05415791414508472,0.0,0.00873243656348635,0.08936247348608047,0.03849718990004954,0.035033641523019333,0.04489222837649249,0.0,0.026474515844670164,0.0,0.017433901633360813,0.07420076100879094,0.03389250914429242,0.018423093461361683,0.007886820352527944,0.008143966382907672,0.0,0.0,0.0,0.01718657324115669
76561198851738367,0.0454621511388976,0.046680959912419155,0.0062971487778961995,0.05281412859757575,0.07659276965021965,0.018626297280130058,0.04883197868141262,0.03846856692892402,0.05370437569941342,0.017661104843355844,0.030607534554764882,0.043256754975883445,0.046698273046547084,0.04592949696438688,0.019848822958798435,0.05570239875473461,0.029038018679231937,0.0,0.036959017523705597,0.013107162212711982,0.009971699429237774,0.01810771116652821,0.034972993573619514,0.014870192695595285,0.04008574031497123,0.06897594224797954,0.02872574323605925,0.0456096865643827,0.012393329590617364,0.0
76561198852349730,0.0,0.0,0.0,0.0,0.0,0.0,0.0,0.0,0.0,0.0,0.0,0.0,0.0,0.0,0.0,0.0,0.0,0.0,0.0,0.0,0.0,0.0,0.0,0.0,0.0,0.0,0.0,0.0,0.0,0.0
76561198852781577,0.044855823568032374,0.06267575935012365,0.036930655078775035,0.1025814172128444,0.006291045828474624,0.0385291512606072,0.037341221021130244,0.017517926577956512,0.0661512426671627,0.03744928001911901,0.022599672494792607,0.021139948219426136,0.01470173087640684,0.06445817626407539,0.051574228668911475,0.05573459719263764,0.018090993744736127,0.0,0.037923134622722364,0.031792036495926254,0.04425597460941193,0.059910682759894356,0.020274914864808587,0.024615478225512855,0.03157156292569925,0.0,0.00622149159404401,0.0,0.03157156292569925,0.013240290931069059
76561198853165772,0.05866267824374428,0.0759717519811638,0.040027621283751015,0.04357391509146842,0.019691067333214945,0.08351141051680529,0.02053813656865886,0.0648348805099839,0.030487531442393093,0.04970881423713983,0.05424208803086677,0.013992696285366566,0.04697168598460246,0.02909941642176209,0.008158627739595074,0.04909577252381351,0.032754152474733456,0.0,0.004057388166479521,0.01565686437968109,0.03455783137804148,0.01588729694028453,0.03231583644157691,0.03793111436422178,0.04161112202834724,0.0,0.036195000948339946,0.02624367167835996,0.03422162700560422,0.0
76561198853188317,0.06495388621557083,0.07552868062079963,0.04813891176513653,0.07880936358226019,0.023244506385919555,0.01800850092093287,0.04369921494320106,0.08256816884793848,0.03619078680633752,0.046305183082841116,0.029007274451126056,0.028262136061105978,0.007237472850963219,0.041533737429345324,0.04499080609874566,0.04855131512886377,0.02756006689030935,0.020245023660023915,0.010102897917200412,0.012797735950118537,0.039152411662412234,0.024175894044920987,0.028852246423234976,0.0,0.04802983741985489,0.00783272585337979,0.012797735950118537,0.007237472850963219,0.005560263099155318,0.03862574308722005
76561198858486665,0.0,0.0,0.0,0.0,0.0,0.0,0.0,0.0,0.0,0.0,0.0,0.0,0.0,0.0,0.0,0.0,0.0,0.0,0.0,0.0,0.0,0.0,0.0,0.0,0.0,0.0,0.0,0.0,0.0,0.0
76561198860104675,0.0,0.0,0.0,0.0,0.0,0.0,0.0,0.0,0.0,0.0,0.0,0.0,0.0,0.0,0.0,0.0,0.0,0.0,0.0,0.0,0.0,0.0,0.0,0.0,0.0,0.0,0.0,0.0,0.0,0.0
76561198862661273,0.06089383743930576,0.07049123008570667,0.033276527206915534,0.0915755625773296,0.0,0.02033853303791326,0.032942433366897644,0.028505666816668135,0.12119429813298598,0.037042676826947854,0.02588933694926283,0.02501072313804195,0.034722707856961806,0.0803366338623884,0.03813729089136774,0.047549299449364604,0.06543512220238429,0.0,0.010706908963213656,0.017887457044623908,0.04523392160170893,0.02754868897824129,0.05677547675510208,0.017887457044623908,0.01061820977204423,0.0,0.0,0.0,0.0,0.0
76561198865591103,0.06673219074836442,0.04387524673533156,0.046279931413080115,0.08258461190915962,0.045448809990789193,0.03874718575091236,0.03955547987401335,0.05187347545243433,0.05099284771978896,0.04667160309345781,0.004994352882473134,0.008866261076745386,0.019919259872749506,0.05646200486315979,0.05846950640539847,0.053213961590068894,0.03132020630615191,0.009046057506026703,0.04772357220290206,0.01643536628295312,0.020150456121724367,0.03802993391682512,0.0,0.0,0.023208330875568953,0.04181245685599995,0.01955134861529435,0.009178420614608315,0.013417521601978594,0.01543959972203947
76561198867608134,0.09444814263242933,0.08326879395205376,0.05093245667628643,0.054498556610883715,0.024831099425424455,0.07363773338814418,0.007153573674540633,0.0541161950993857,0.03556528886025802,0.05414793146943219,0.07288135381681114,0.007520433071153238,0.040256059345798414,0.030718533349284833,0.021907737549221654,0.034159544212330355,0.017145983029185536,0.0,0.06519001360373415,0.019599705010188394,0.018083523226119728,0.023660247742915898,0.04838133554555717,0.011782166767908758,0.024309096369199975,0.024284062500599026,0.007520433071153238,0.0,0.0,0.0
76561198868323862,0.1049085556035868,0.07563559180397894,0.10589886711373223,0.05152849170197596,0.0,0.08753150363871447,0.036073624704546864,0.006883266164110271,0.06043301669654192,0.0456875202877744,0.06916785506028707,0.017779556566370522,0.0147015897462556,0.05152849170197596,0.045596890029020426,0.02234591450200526,0.07411244721349386,0.006787376261835066,0.01467793989141727,0.007914213484420533,0.009377016540688182,0.052458346600828855,0.008904524994565958,0.0,0.0,0.0,0.022153186207452998,0.007914213484420533,0.0,0.0
76561198869428936,0.07186000091507341,0.10274883073539873,0.034439398133856415,0.034663918793049475,0.024265725280587007,0.06327597035683545,0.014920346012827723,0.06912442618940035,0.03817136905457307,0.02976928524794064,0.043561158900330396,0.016473732973552715,0.056550357659004964,0.025160861537714203,0.026480635486230208,0.05757198334562368,0.006556673325415369,0.0,0.03785511830870443,0.0,0.046596760584291894,0.0324127545284324,0.05844191611558346,0.029442432856946133,0.03322510980179387,0.007762576574621425,0.0,0.01558151341145627,0.015772363029808608,0.00731478084094759
76561198870279063,0.04773306666584981,0.08418090177436828,0.024504323520381302,0.09045784073585734,0.04119388493227598,0.03387336866420278,0.07617791223534562,0.045555615674227966,0.0216834552119803,0.04401535149906192,0.024663203485862373,0.033147863041186075,0.015444498075325953,0.03099393732866687,0.025632074245197686,0.022273907302366367,0.026113991463243526,0.009173641498689888,0.04332638535931837,0.030097936897247442,0.02206407413935775,0.0,0.02373255340651072,0.013587442908984651,0.026839947553473464,0.015258193555155987,0.032712941670564946,0.050841511556309664,0.017499989655843724,0.02722018594314331
76561198870768812,0.0688774487415974,0.07944792519483722,0.03760600839275635,0.02710109702417508,0.042744057938972915,0.050075609526349554,0.021640027930374152,0.05141444726846514,0.027459383216073212,0.04001364998537658,0.06793660658981436,0.02756497339910378,0.0700849695986177,0.01422072901673671,0.027693689026072537,0.05138923409557136,0.007916799075470706,0.0,0.05779868443464644,0.014598913808161158,0.01261115123700567,0.006303929941266003,0.04461647132694782,0.01446464736054518,0.03065705650680268,0.042744057938972915,0.016301821013650165,0.024467314246172874,0.007041114122212994,0.015208182043251322
76561198870946600,0.05595286632133185,0.04926687269710435,0.031282996912543284,0.020141982207572042,0.10782367457388961,0.06852993565823835,0.044844473829558376,0.05848853077344606,0.026559117575438947,0.03322112572247089,0.028049624243490848,0.01095736773074593,0.03707223075724635,0.010252715601934128,0.013943726441087765,0.04742415756797034,0.015575493013538607,0.0,0.051648019879961045,0.03857216463322917,0.0,0.018014554161109038,0.027363972383713707,0.0,0.0536848966359544,0.07558929439153315,0.02240694845317779,0.028566961993335156,0.015319383932920008,0.009446911907458765
76561198871046795,0.0,0.0,0.0,0.0,0.0,0.0,0.0,0.0,0.0,0.0,0.0,0.0,0.0,0.0,0.0,0.0,0.0,0.0,0.0,0.0,0.0,0.0,0.0,0.0,0.0,0.0,0.0,0.0,0.0,0.0
76561198871845380,0.08063537654547455,0.06865488611441704,0.02873674359221268,0.11562228223370735,0.00584357801260147,0.023651327030785818,0.04721113922316466,0.030354394340296156,0.07337618012150908,0.04004182453877029,0.012206346426671014,0.010382745501535603,0.01918063869037282,0.08392472631779478,0.05443998665572333,0.04483726068448106,0.016543105560839745,0.0,0.017895143562700867,0.007251705029807686,0.07236980937240682,0.06273109065964419,0.037898881879195795,0.0,0.024510816327694685,0.0,0.0,0.006068682790774961,0.0,0.015631328787417492
76561198874472241,0.053947840983076194,0.05827763852346525,0.019694931823902622,0.09733111976111053,0.030354861822094657,0.005018732535040021,0.0543860005257746,0.06868632946050336,0.06310823888946218,0.03607188408210598,0.018144106690639657,0.02818590987884105,0.016025209338452008,0.054844483460988656,0.03773696743804025,0.04742448902496193,0.019662696248576177,0.010287029419980843,0.020883155404907185,0.016349491730424135,0.04552538863179531,0.01250522189099446,0.004216042837599345,0.015060283403048564,0.044094963564219325,0.01871663846269767,0.024266619792960693,0.03414922245018743,0.010439089405694822,0.03460541251845494
76561198876451323,0.062799720321215,0.0825408125733066,0.04884624967422883,0.03438667300373563,0.03027004859076663,0.07989896339381986,0.06954392670619218,0.05154203277614901,0.019093059388735796,0.02617335276984286,0.06064979713395226,0.016966430569574587,0.04375974137770471,0.01096886848363495,0.016223662570672717,0.020351713610675448,0.02809382935224998,0.019966253867446864,0.023083250210825485,0.012191649839560732,0.03231027150185895,0.01751694575557753,0.03334694270379737,0.03756621334034686,0.019032577854059703,0.0,0.037224936029988484,0.011162529227392581,0.026214451120125024,0.028275096252563185
76561198876615080,0.073707916377839,0.08477551098369591,0.04402509189238397,0.05904544433253481,0.06727137693022198,0.06150103569934379,0.06597346481142798,0.04441384986310568,0.02124229815463124,0.04878940623619228,0.016254549612360676,0.0,0.011223438180971355,0.027008371679803612,0.02626273410197459,0.04773250172541485,0.021016901311353847,0.015526025456020456,0.05006416524967345,0.025265238772993182,0.0,0.019168989722056908,0.02745426829352276,0.009535018549525749,0.02268942964688144,0.02738360349288629,0.02858506907142165,0.02234862191604178,0.0,0.03173567793572085
76561198880142983,0.058664429248039614,0.11631626233741653,0.010440443294913929,0.09201118330247769,0.0,0.04158336154256008,0.018515256033682845,0.09327016483727048,0.07744364499715056,0.020925692155250464,0.025130981763455712,0.008854440941908877,0.0,0.07713627682452931,0.00503632431752548,0.031796529295805204,0.00503632431752548,0.0,0.01246715000825885,0.005642922265591775,0.13172522698945086,0.010278705274506635,0.0,0.008362058396230627,0.03942171490487223,0.0,0.048243801595003674,0.009517768222530918,0.05217933713404251,0.0
76561198881008111,0.031124518102613942,0.04572129408147685,0.018960510924295258,0.05276335486833366,0.03553933391345632,0.05115350551461429,0.09191667615363525,0.05087841615337482,0.05186799681652705,0.022688608083688173,0.024837705706979296,0.018458804588821407,0.01886419193810653,0.029184100366799266,0.027509146181977334,0.03402521232771748,0.020476445130736456,0.012601272366932642,0.014060614339189386,0.048826137703201,0.037611062521245665,0.020886382302240974,0.04068236793156298,0.0,0.04630779365208039,0.017422419258868838,0.0568965915295977,0.02488946679238007,0.012674708619445944,0.04117136213010075
76561198885046549,0.07077677918478266,0.07775298566921675,0.026642443957862975,0.09514052081934997,0.018204039710354072,0.03639592881847633,0.04744965446406122,0.048020834480299764,0.03292018354634434,0.04816801692122383,0.04537282058878933,0.031537620749051976,0.02206222693240772,0.05306441012021488,0.04100879983217452,0.06178230624952018,0.02794836726058167,0.0,0.029610774817624322,0.007108235584062839,0.018416022423672566,0.022180669536284545,0.036262461903347074,0.0,0.02218603809652857,0.0,0.021926408826829006,0.019680714299020276,0.012463337488171765,0.02591739771974685
76561198887083618,0.07252384744090046,0.08350967006437485,0.020575566065772054,0.05973836683398052,0.013758496576638269,0.04615164583893663,0.06261124200569348,0.08124185823876841,0.025443752327179704,0.049284892166125506,0.05257287775522351,0.032753908652461264,0.014193536621212397,0.03588562657340162,0.0073650632606706975,0.01153913173908153,0.012770838825438242,0.010573794346226049,0.02328869746520952,0.014112395378328119,0.06338385204364762,0.0181880374953749,0.029846782542535887,0.0073650632606706975,0.0334676364164132,0.008394301950533626,0.04639082987940407,0.0,0.042931863884468985,0.020136424351328203
76561198887943085,0.04716378115867209,0.034890729555611164,0.045865606277528094,0.046757850979830255,0.06528092971302024,0.042340984652516324,0.06425044359571551,0.07248442535504712,0.032069257909820126,0.041127404787956984,0.0,0.01621038882978273,0.028121239987182724,0.03545161172568337,0.02993697664236929,0.016534252459633646,0.026737167700417952,0.015945013311841262,0.04100305372294789,0.02178076818937206,0.019808544261477004,0.028731652370652092,0.0,0.00917740504250082,0.03573299285449983,0.05784078566277264,0.019862852065106868,0.028868407630802832,0.015157383777386797,0.06086808977985225
76561198888074333,0.03365556401846831,0.03003058003077539,0.05227767114478855,0.06329848689858562,0.04877402380924582,0.058273731895621385,0.055229645821213334,0.03453045053200186,0.03555781831177577,0.01557880580315716,0.02582473363604937,0.029455398327094262,0.026606710367340216,0.03555781831177577,0.05598382045165584,0.015500955638612183,0.0,0.02270726415708941,0.021581282368625478,0.05607771290794954,0.05173439660751462,0.044075921465568296,0.03443754074975916,0.03822330755622748,0.01187597165091926,0.03870173796192671,0.007908680546963922,0.027148939411581325,0.007670125256193238,0.021720904361520778
76561198900476414,0.04223952853397963,0.07346441438837244,0.016742475562900268,0.05818378794169602,0.041186477889253795,0.03971342317331471,0.07039146704340696,0.0773951503541888,0.0308344003144218,0.03547752974142258,0.030016356745241057,0.021809495103010078,0.026553624413840664,0.04082311300905867,0.010922392385373738,0.023962556160609477,0.0044632064000552025,0.0,0.022412665372437957,0.03423115693672024,0.055523319480581035,0.02556141341845595,0.013477049757341101,0.016510956460851774,0.03976238904961822,0.0384322511609942,0.027441220423644993,0.030482469582359402,0.02802624017000224,0.02395946902684688
76561198902671770,0.06953641410993172,0.06714118727711998,0.024887137263365357,0.04890218410447589,0.036492197153075154,0.046757631016485036,0.04959721768238823,0.0981406417042775,0.021179699955937097,0.056376385413729954,0.028668939874540028,0.016586910308017063,0.005681254246183264,0.00419633617778363,0.036130590501038534,0.06337544202430062,0.04806644608705432,0.01900648812171982,0.03247365927577847,0.009150727818425361,0.01677054192325499,0.0,0.01154837472120645,0.0046348902925986936,0.0655814473497553,0.01759105878167986,0.037270276999539415,0.010651067505025457,0.040005135554334846,0.013599716756978138
76561198906743730,0.06298971034828121,0.07882193235879276,0.05341062872692332,0.06603737877844316,0.03286694568411593,0.07730144305114095,0.037112379859467075,0.03760862162939323,0.0503391448893695,0.019421040713073157,0.05533870983750017,0.027209020416145268,0.026217565994648417,0.031531346661089914,0.03027774340951294,0.026096574174786318,0.012471821027521889,0.013137149668150667,0.036711490507123565,0.016868773541792913,0.025620468619563918,0.042472844584957106,0.04282445634572541,0.017877496216716558,0.0,0.005707332932953761,0.02620029774122162,0.020137861337052653,0.0,0.027389820944536597
76561198907957525,0.061067560582494525,0.05892975587551813,0.025728683725696134,0.09030125445275435,0.029774142422336152,0.015278102658947454,0.03480671560095069,0.07495463454036591,0.016873460054102396,0.06251643942691407,0.0,0.061091690314119866,0.009196082055011167,0.016873460054102396,0.058815696366254375,0.03384047982679181,0.019105954681388246,0.015395726562041698,0.022062686207513872,0.03266542488679849,0.056814421594284854,0.004453578502160112,0.023613474944255718,0.006162588758649088,0.059231600149224774,0.029774142422336152,0.030675578000919586,0.015185978687629775,0.025071257146573645,0.009739429499864484
76561198908664868,0.09583398202621898,0.08873820914171673,0.1183511023475674,0.03505306512816737,0.008949683668844277,0.07012113683026301,0.008412207856578466,0.06649602975474986,0.01712975194585617,0.04845896278863327,0.04261428944503449,0.03306325099491453,0.08314257210262428,0.01712975194585617,0.008949683668844277,0.02484418243111657,0.04977539143435325,0.0,0.01616549058411773,0.0,0.015024010655115706,0.0,0.09353389017199312,0.0,0.018691483279418244,0.0,0.0,0.010288258686893221,0.029233613111123085,0.0
76561198931909013,0.03478685810034743,0.0480927205848113,0.009508683754146693,0.0830325374185414,0.008674810282214845,0.009508683754146693,0.04234500888020883,0.05340903898522457,0.04289413474447573,0.04845760835136782,0.050515959502317846,0.07338181139265999,0.0,0.04375075784903089,0.04831482426013109,0.0593335755175862,0.029728824124626893,0.0,0.010190771957689863,0.007993869369248245,0.056532035481622056,0.035269688533795876,0.06637642888585359,0.024624657378974395,0.03101914440620704,0.01626598569332495,0.0,0.007591175411110104,0.04114592102305148,0.017254484357284442
76561198937925146,0.06995142868127469,0.12145502637493236,0.09727427794520645,0.052337767678828105,0.04164744190594464,0.029923248121931097,0.019819947528250285,0.03247726769963884,0.032154989591784276,0.05055671314111354,0.05827369447814262,0.039159842385458075,0.030281121580133383,0.030679187698819197,0.05150359769365767,0.05197191005128331,0.010160455884476947,0.009170174206305793,0.0,0.0,0.019254514973608312,0.06056284888737046,0.0,0.0,0.042637723584115786,0.019819947528250285,0.009170174206305793,0.009170174206305793,0.01058652396686239,0.0
76561198950687868,0.04958675564002008,0.07757592344081216,0.042363615395518174,0.05957628471616677,0.005263224664393329,0.039038926067225595,0.0396869106220428,0.027679332762520697,0.06182467614851801,0.02255240763584971,0.09532171053349099,0.04421872401310876,0.037892293868844254,0.04592082624284335,0.016051946304352673,0.04386068630074845,0.04849551695594801,0.004615751216274693,0.026556228476572873,0.01618192204131836,0.020706498186250304,0.01703414387998701,0.07930337528733931,0.009950895145382896,0.011838772547754502,0.0,0.016844217605352953,0.009948600332550855,0.010570761933177592,0.01953907203563472
76561198954743459,0.05950157268255432,0.0816634168031357,0.03538242048412754,0.10167118600492485,0.021037385432699476,0.03577204504585984,0.03890159003209811,0.07317360727677628,0.06699880939264227,0.035181581113137066,0.03155097295003133,0.015027457861036791,0.005019021772577642,0.06687827856372015,0.023443165167979844,0.05448952611060239,0.021411149453163743,0.005485852094982092,0.022343151501315224,0.004411099888043617,0.05857405148450488,0.04044208004608638,0.005019021772577642,0.0,0.05267130636471172,0.014364720253519732,0.009896951983025709,0.0,0.0,0.019688578464165434
76561198961057393,0.09323497547936717,0.0638780656043703,0.05738327975253665,0.05473330557710628,0.03902199615625894,0.08107489624514173,0.030667717002681335,0.024693748036549914,0.0495138196469685,0.04920775260038712,0.04908361845083199,0.019292731790860333,0.029045923730476944,0.043444836514910316,0.027568723603022354,0.01216571115112768,0.02474710581426242,0.00519643832837277,0.06380118161086608,0.017691106843422195,0.03174062937932845,0.02723182341895,0.028096309036143723,0.006402276132914521,0.00783851654965656,0.02564504667390663,0.017821177312259264,0.0,0.0,0.01977728755731976
76561198962774260,0.03553278248445338,0.03536387201332632,0.042581231333374034,0.04625925151046495,0.061372426686829226,0.03091784850411366,0.10645541235197294,0.03383090566721607,0.02155394649146335,0.02610599025546876,0.04856849706822322,0.023155415544678495,0.018533823462819645,0.018708858929074382,0.03724564338132665,0.021411944464788547,0.008523954565652025,0.07993473004683488,0.04444360392258818,0.0573745334499386,0.014607664645702203,0.027457431565693396,0.024230349595153505,0.02817803072956743,0.0,0.0,0.014534510316385965,0.033478853898628654,0.002548620705653844,0.057089866408607554
76561198963902506,0.0546443805670488,0.06202346752021301,0.009705907845994755,0.0702122962137462,0.034559186432277934,0.02087477683682305,0.024178882283678024,0.08557347695109872,0.057073529247107346,0.056881400300411576,0.029122138989044886,0.02357560678413655,0.020226222530056844,0.047662093947212804,0.044718646971218266,0.086761476580077,0.013281236181786137,0.0034746428193343586,0.024278526847484792,0.017493161051979737,0.029681279312444346,0.016259736242886146,0.02088613329396713,0.020378251132729994,0.06997629829457837,0.03781565406899112,0.0,0.0,0.004466633436716222,0.014214957316956035
76561198964730990,0.05414901748732731,0.07414672863561489,0.055502304520679016,0.09276976924179085,0.0,0.031309941577392836,0.020416086415460694,0.06691063460277039,0.08983596537059556,0.0526367656579703,0.07045697695138599,0.018982408618373987,0.014610711268598022,0.07703908470246781,0.013485455457456514,0.04638496889400249,0.03522102182778231,0.0042939887650040275,0.016266156474624288,0.009093190859386223,0.05706343356805442,0.017767886743004502,0.031936686894967585,0.00859945232942027,0.022981597471584757,0.0,0.004392264598070292,0.0042939887650040275,0.0,0.009453512301210585
76561198966274908,0.06435829843984844,0.07888586083089982,0.030039508090297932,0.04581570281889825,0.06399785266864108,0.05838354504055162,0.018151527271164165,0.07003353557395883,0.01739537112739288,0.061232632433991,0.03175552473313203,0.018366193333678185,0.047427896338159026,0.02556488390834263,0.010392936137771798,0.05121686756417342,0.02227827899697412,0.004355760115666998,0.06154326674734841,0.02033281759890029,0.005752397840716275,0.01584668756974432,0.03045937383889953,0.014444551038232748,0.048184771203361516,0.04554641096824601,0.01583124391639093,0.013844753648071773,0.0,0.008561550206546024
76561198966998552,0.03563704740292161,0.09380266809827903,0.0324233691629846,0.03380014658180005,0.01336806726109938,0.04129770051255726,0.028134814307841642,0.10507225931061667,0.026936937008185207,0.035109640381225216,0.06134286448092736,0.015583582547835333,0.04248278645118072,0.01749712364167484,0.02081570814954785,0.06403300439382088,0.0097245713790864,0.0,0.015782371665063483,0.012720936702596395,0.0372596673026429,0.019144976402184474,0.07539295366456349,0.007212488892220596,0.06620628621102313,0.012553261119611452,0.013877512106385397,0.007044813309235654,0.04869762824365314,0.007044813309235654
76561198967733216,0.06257854130643668,0.0529080133999806,0.04226301259212398,0.07693346308894958,0.007605281204133361,0.05076075958151591,0.05952092916595175,0.05737154005514213,0.04925084100190507,0.017775537100222127,0.06532777926989933,0.023044208318375465,0.021550466110541136,0.04200079176716613,0.058775646636776674,0.03371284165384882,0.015981067131833292,0.008853676631020367,0.05048809309644334,0.013237091872127984,0.021245184155021284,0.04051181846278743,0.036728738347111975,0.008208036276389786,0.021556197269073315,0.0,0.013882732226758567,0.0,0.0,0.04792771227846393
76561198968237390,0.10201698314367899,0.09162331899967342,0.09623770475690328,0.04391030045437361,0.016139709043691275,0.08426948289073277,0.004403084887735362,0.02904440336266013,0.03759060763337849,0.042920440710684876,0.05736410220368574,0.008418734774073894,0.09252865865591543,0.04391030045437361,0.018658365036431434,0.015279681103375542,0.01559748149147619,0.0,0.03369436322341887,0.0,0.014520239529931195,0.05228222308751353,0.07369183880734259,0.008418734774073894,0.0,0.0072249479785296,0.0035639181964856425,0.0,0.0,0.006690374799860697
76561198972795993,0.09408186566992649,0.08504937126162196,0.05802132197131228,0.09019833293235971,0.006316357801772728,0.03183951717223354,0.023695190367511235,0.05375429942170078,0.05076565062513233,0.07368731594047377,0.04466232498345845,0.010292807934060396,0.0,0.05146248544324898,0.07748246052192474,0.06107936189825771,0.025833490868948615,0.0,0.02427627359235316,0.0,0.022656243264258257,0.05780628277676244,0.0,0.0,0.01735434004812279,0.006316357801772728,0.0,0.0,0.0,0.033368347702787
76561198974123949,0.06022650681433707,0.0845184222549176,0.03486226758931765,0.09168729709514195,0.032221341209782435,0.019268986684384714,0.019742447606853557,0.04919521661345213,0.05431617053152273,0.04814347970790497,0.031146321777665652,0.014141659818695753,0.04548439546134569,0.05681280064157185,0.019869629678120306,0.04882367393072069,0.03898288004928992,0.0,0.04022272727692558,0.012500729890348726,0.038810396090108765,0.033981862819187796,0.03090972431879638,0.006705684766663694,0.042865922206963294,0.013666176702835152,0.011510069190785123,0.0,0.01938320927236082,0.0
76561198974989829,0.0806463856630133,0.09830434599436755,0.07367614282703253,0.04206576698768322,0.0051662281175255086,0.07633006961636538,0.01943967300525758,0.02547874814518438,0.023350985911978817,0.04802557861946741,0.085498298112892,0.0286081473215042,0.0743503084846047,0.023350985911978817,0.008343645115275,0.02931748208740324,0.02178446870565232,0.0,0.03141770131979992,0.020420120594818132,0.02274478709119867,0.01863734554102209,0.08244274142686633,0.043667058876192245,0.0053019070582492195,0.0,0.006464849347141721,0.0051662281175255086,0.0,0.0
76561198975067132,0.047103350810429614,0.035567972666223316,0.019955990945596337,0.06667894964858491,0.06561979319469637,0.07159133100305369,0.07090818647538791,0.03400739048695702,0.06885348972622589,0.03439227571540402,0.027232510954588528,0.0,0.01828481305990572,0.06368329707769439,0.02285152074109027,0.02040435789482715,0.019849960771608843,0.025666820028423843,0.05421195529948149,0.01668041648820968,0.018038783884284735,0.026951926250776578,0.018877148888078968,0.0,0.01746884686141723,0.04158125840910323,0.021717596740729053,0.020238746537764293,0.0,0.051581309439457004
76561198975990427,0.06078073807905583,0.03602129971996702,0.016310911296260305,0.023325416942587118,0.08333805153650571,0.08064368906712158,0.029451911490336723,0.045007723368058986,0.047488676822028404,0.028348938809548307,0.026382965170417688,0.029473574938108104,0.017855076506129584,0.006697095973264752,0.057113294607441197,0.07139068853847667,0.012510750348274759,0.0,0.09560487658108204,0.029788972463746864,0.006697095973264752,0.053880541001305134,0.0,0.015037744180358689,0.027255432574143763,0.060285333840686094,0.031007710759398448,0.008301489412431442,0.0,0.0
76561198976541186,0.07781401824114734,0.043073554817388636,0.09220133813609152,0.01395948312695522,0.08998260012517753,0.05815946209611465,0.055801897124443056,0.035198521016858685,0.0,0.07305395597211242,0.0,0.005125793968300985,0.01445585438090647,0.004037174035185794,0.0514558875324479,0.02258930320250765,0.021260976317364726,0.027247446798538116,0.031588758049099774,0.062298405126551736,0.012511153353966348,0.009464542172610859,0.008930767643429238,0.04630093724662802,0.02053800425770509,0.07177720309320992,0.009383869582112148,0.020058665761267826,0.010156605231997106,0.011573821589881173
76561198976557185,0.08229751879448713,0.0798449989212547,0.019421633562140266,0.07851112618848097,0.011182318058954322,0.029650325067673674,0.04234332853524347,0.08018264340918563,0.06356956847203546,0.047454190179426925,0.05246797277798824,0.011303010706890958,0.004607416210142943,0.04144063289251911,0.047533018460704644,0.04466628481982081,0.014959370609087688,0.0,0.01944611956912892,0.0064135138679792935,0.04981188071040036,0.02793346176644616,0.009028853741819918,0.013248800802549218,0.042733933629991644,0.015789734269097265,0.005194552814678939,0.005414140330851629,0.00980196902482188,0.04374768180619797
76561198981659881,0.055160918689371605,0.08116848930007188,0.017984941925837085,0.11563328369292541,0.00633114316414569,0.01898470334808142,0.05657693404584283,0.06296382040067373,0.05315472669124428,0.050329885832789065,0.051675198088451314,0.020579654826486965,0.006196253073585818,0.05361410188202282,0.02514131051310017,0.050425763348939966,0.0306308393390071,0.0,0.022409223616512774,0.00629665483694353,0.05834366333499756,0.029888017330669262,0.035936308265639635,0.023785167969057386,0.01870163449601345,0.00633114316414569,0.010936473817308279,0.0,0.005277975890648065,0.025541769115487112
76561198982027831,0.054018940969570835,0.08980363137485321,0.003937105203413269,0.0759989045528297,0.04287280365342372,0.03530155542759002,0.06672994484540505,0.05021073243284736,0.05122598865568731,0.0298749085665289,0.029194541466030947,0.00881304664105344,0.011036462881006188,0.054944036246750476,0.016731981946584387,0.06321632371929617,0.010711323622527379,0.015381825190358703,0.038910341895448175,0.031946682931921905,0.03702142606936117,0.024258422574987924,0.022565782637842893,0.027642077854533525,0.025553012550332373,0.01962120486350707,0.017902368357277536,0.019744532607186054,0.0,0.024830090261844576
76561198984355584,0.06941275671536948,0.08895070661935149,0.05315273694932796,0.05038049428125601,0.017068014719546516,0.056417131654964314,0.008024440399936095,0.05178639728182122,0.019457349891664356,0.03771065591682675,0.06342447877956772,0.030003888114592238,0.05023966494146389,0.024862857741472143,0.02373442646090001,0.05653558374822695,0.026188843074944432,0.0,0.050841821368757666,0.016988473270596438,0.011697078544354006,0.03067338978036663,0.046597363937721126,0.03567737894747865,0.03027084405044755,0.011681506699901638,0.011906378789858531,0.006281671120212397,0.007450474223867303,0.012583191975206489
76561198985222961,0.06240826954003229,0.07634222619949635,0.02319181889019448,0.06809683024571679,0.031135845845398576,0.0433844170126472,0.03322566790363349,0.04940766131632388,0.05026480340465522,0.050441197113365754,0.03872091390914165,0.005996953716789324,0.03282367211749378,0.04439003475301456,0.04181223594543976,0.07136176361880761,0.022155242945440683,0.006199732891693309,0.03403245907486723,0.03024874436661717,0.0161728698434896,0.02356584821737527,0.04283098064820001,0.0228812727007482,0.03652233527876808,0.024658093553756536,0.006199732891693309,0.0,0.005328643163506698,0.006199732891693309
76561198986771778,0.08196477859891392,0.08739647186183282,0.08632657232864728,0.08309465348375357,0.0,0.05703152863655074,0.021361755847345832,0.03797685602201423,0.08777446431918565,0.008702605017034324,0.07242418914849835,0.0065269393528293905,0.010820726322122401,0.08809770151875818,0.03261658715130578,0.021525664224614632,0.007959176517568523,0.017859764879444868,0.019968084521103987,0.008409820630829012,0.05472085057353252,0.07507239686793606,0.0,0.014963202142109184,0.0,0.0,0.008702605017034324,0.0,0.008702605017034324,0.0
76561198986772742,0.06607234097238271,0.06793739369406782,0.037163000822324925,0.08689855949213982,0.0055187559412291495,0.026720468224651208,0.03952368270466438,0.034523580968800344,0.03265589016619559,0.0642893161409983,0.013123682006788873,0.02818839121812466,0.029422441505732123,0.027250175893497902,0.07065608829036639,0.04838102799561129,0.013509060533234817,0.02175293165089584,0.016733880394353126,0.02117257150672221,0.03876984816494094,0.04074582735133863,0.052342634083678855,0.005400154365655718,0.03355145624070319,0.0055187559412291495,0.016447650145841163,0.010714481462710578,0.014782535765863698,0.03023341635525664
76561198988021642,0.057421966123029695,0.060147284891360536,0.00912476519001036,0.08147364335294846,0.024627718159500368,0.028849518187267588,0.06613124246331695,0.08281621336663393,0.03652746023025119,0.035863724739578974,0.024380368273725094,0.03912281676720068,0.003996101597173697,0.03652746023025119,0.021770114127823464,0.021957739827847024,0.0,0.010505884087839569,0.01884295803915866,0.01716332373345246,0.08845024342655249,0.021770114127823464,0.027876489971550438,0.0,0.05465307342973678,0.010343015940588122,0.04392244731198126,0.019698589861684913,0.035601752142825564,0.020433970398887117
76561198989511606,0.07412597436320921,0.0737094029733091,0.05106318113172021,0.05718417203166618,0.036923904955004715,0.052330989082031626,0.055164099779517306,0.06406108176892358,0.037761117428365146,0.02731751160794534,0.03749607805095666,0.02197611765452253,0.008950323793493717,0.04542487489873747,0.013351934010755373,0.04110726761741194,0.04662611544542383,0.029946276432626397,0.032273122524435725,0.02031782697197203,0.02871833679478234,0.005052521860684065,0.018051561384083734,0.0,0.03245441846015375,0.01779286288000482,0.03410047475813963,0.005666546481684837,0.013248198124191354,0.017803706734247558
76561198992122481,0.0472603953986952,0.06510602007339698,0.011475079192779129,0.122773736167025,0.0036653292205910022,0.018130418425511517,0.04458166992874956,0.07475371718497138,0.11712486252582097,0.02875296927201287,0.02273566637449021,0.0031789409256877867,0.0,0.11553957953540477,0.01205456813935641,0.03496865538134211,0.010781658698429899,0.010327040936345885,0.01928897651917503,0.00329436042086715,0.10125615783695159,0.0,0.014951564832957346,0.00329436042086715,0.03918204370306594,0.0,0.025654563307264705,0.00847869669761525,0.021373213400317222,0.020015755480307987
76561198993588247,0.057395080809934884,0.08283226906697,0.02252727038477885,0.10012407038886881,0.017860775977491365,0.03203892706704078,0.04063454332271066,0.09487090704627656,0.06716796495160356,0.03860885734083387,0.011413247876084892,0.009182686060879314,0.0028306759492332,0.08492815142488278,0.040485471193264545,0.050705865442613775,0.0036167643564077806,0.003494706824193369,0.017873220840991497,0.02381570446349769,0.043074776635462324,0.019779665418427107,0.01702147440560146,0.02057525690327356,0.04558951677262763,0.0064754238082849885,0.0,0.013848289120626725,0.021601143407913186,0.009627292739224856
76561198993810829,0.0,0.0,0.0,0.0,0.0,0.0,0.0,0.0,0.0,0.0,0.0,0.0,0.0,0.0,0.0,0.0,0.0,0.0,0.0,0.0,0.0,0.0,0.0,0.0,0.0,0.0,0.0,0.0,0.0,0.0
76561198995117447,0.054924751959844566,0.056647635284531234,0.03342878260292848,0.07211976358992607,0.03548218912326543,0.031840243613868315,0.044931401347799646,0.08753056541576228,0.055511651760407864,0.03464134600321041,0.040681295673495044,0.021694469281344622,0.010717099577112109,0.05165994338151233,0.026578384820899487,0.04378574862246102,0.04306409898016475,0.009584350705930281,0.012034554820238564,0.009614939343377765,0.06066376491642862,0.02750502083394407,0.03287645621219649,0.0,0.03530198198895617,0.009383637231512318,0.01972335240979273,0.005699163582706318,0.021227496461046196,0.01114591045533664
76561198995486953,0.053499329154769945,0.04122883539722398,0.034221373854022706,0.0861069166979334,0.017005457136918933,0.022476357507427058,0.09409880669597974,0.037564193448805135,0.029391875818434353,0.028251450397860162,0.025252546482189085,0.03235467159234127,0.019973964017885686,0.043161712309767016,0.07645782759107841,0.043516716555503716,0.018769428797236958,0.02751765890551478,0.02098683294474058,0.04099391419251263,0.03176104855632976,0.0399170469365376,0.009813616638257269,0.02020749581139367,0.009813616638257269,0.006177333294218358,0.04216579999049595,0.01435082757121979,0.0,0.03296334506514474
76561198999705859,0.0488917316632064,0.05832818283797265,0.017890670654000868,0.09510266534824136,0.02811430167221161,0.01078769727381421,0.04652247243983635,0.06651246511070931,0.07231207549500276,0.036672359620537116,0.02367184692682932,0.027318313539089104,0.0,0.0723795636975466,0.053857216021987876,0.05636501886769172,0.03541661137285658,0.00843603176676689,0.03811729420588058,0.015071878308476434,0.05788967022559341,0.029395542659669496,0.01830247974827714,0.003392630809983078,0.02913991805180869,0.009618761112179524,0.005746145904871555,0.011392778569380462,0.0,0.023353676095578573
76561199002493106,0.08019601800907519,0.08977622374159232,0.06592576503369345,0.05761703539654658,0.018153311662077017,0.0627990979844207,0.037159278399549314,0.05902537606355695,0.05029600631644784,0.041291231108374876,0.03946774593716353,0.005283554292989059,0.014336009596336996,0.0475763616179733,0.042372519337415294,0.04612067595077143,0.03128464454296692,0.014357532209599079,0.009799296249749059,0.008029737460596601,0.02481623185768306,0.02195143240340317,0.020876751616570693,0.005743316693631845,0.025470227547049747,0.012409994968445172,0.018775319749441664,0.009144998169740706,0.014822721390503328,0.025121584692634986
76561199003329860,0.03203393620060792,0.05093219183489836,0.03787817083788232,0.0851053964484114,0.013094904470000697,0.012913036587836536,0.030139519466482204,0.03535146104228423,0.052996005007185584,0.01800516723887507,0.020628651958363695,0.08321193964489691,0.01272426753402033,0.0603606222413474,0.024263482873471517,0.044378395994948264,0.013519011817817188,0.0,0.030041626204868076,0.01057646895263057,0.12628036365047138,0.01936186379737394,0.0833900933741021,0.024709791737144708,0.012181185210274779,0.0,0.008775421586303244,0.005357901198210895,0.051789123089290755,0.0
76561199003463982,0.0,0.0,0.0,0.0,0.0,0.0,0.0,0.0,0.0,0.0,0.0,0.0,0.0,0.0,0.0,0.0,0.0,0.0,0.0,0.0,0.0,0.0,0.0,0.0,0.0,0.0,0.0,0.0,0.0,0.0
76561199003732668,0.08448836994726483,0.1082216350303907,0.0904164143019094,0.03972673863217937,0.026513180831183987,0.08572434392972218,0.01190140000649467,0.05608334797725252,0.030521019436829132,0.03819804346789229,0.06458057459193273,0.01984091937818367,0.02169030842117394,0.02896655447494048,0.02101124643823143,0.04159765280101366,0.0423927770190394,0.013545075391200064,0.020546110246702734,0.012389675561284388,0.020566245460895638,0.020806963285438112,0.0,0.024588737902529394,0.021436600630324144,0.016578434034128002,0.008200684097298428,0.007646198766186809,0.021820747938377846,0.0
76561199006086136,0.0766658294611308,0.08544141082009034,0.01010934906972757,0.04206761332888556,0.020693778086068176,0.03004069631222879,0.038135561059435455,0.11182695868571932,0.02683400725595644,0.02199292160379251,0.02846693558023843,0.023771939749371265,0.01609648834488705,0.018216412859633487,0.010597278814779424,0.028584187096808652,0.018122585357866774,0.01153982037792886,0.014182575066646233,0.02091236126912532,0.08277897659259432,0.0,0.021341792383218202,0.00401231674064125,0.06627359418816615,0.0048089625887184715,0.05931231532333169,0.028919450475315103,0.07825388150769434,0.0
76561199008988100,0.04811070005005331,0.0057387127718888705,0.02199497459727664,0.0887042364777547,0.04938240173733729,0.039927597810404634,0.0854773607258162,0.04120642075326754,0.07829819593457547,0.02954683672146832,0.0,0.018635527312921445,0.006123586293634239,0.07657343245442921,0.03880406603197094,0.02662943901774468,0.031155130915926726,0.013679855774225353,0.023181049040782897,0.04475097694474692,0.024115852624681088,0.026629366388679444,0.011505795683878882,0.02109246145262884,0.02734968373352211,0.03486742867728097,0.03001137718440262,0.0,0.0,0.05650753288870066
76561199010475789,0.06571004149042131,0.04473930976087454,0.01951473076301954,0.06588291656660732,0.03638461383211442,0.058957015107929854,0.07046366520141548,0.026691292314321078,0.0749896316375597,0.005347340363028399,0.0350583604216712,0.03039037931718685,0.005545159638619024,0.05870967740167999,0.043475553400900376,0.03745348604047487,0.015545579820387187,0.014837364963266904,0.07588382519829769,0.0202394789759882,0.03164879136741122,0.033346960394510065,0.012246231818759412,0.005402114012721296,0.004955035895323159,0.013983295811701034,0.026190717090927195,0.018244884193877417,0.004955035895323159,0.04320751130368202
76561199010548373,0.0907948389519082,0.053663706344538854,0.06311243313318313,0.05286174159536715,0.025916312202406297,0.07339954002589802,0.03471632688338878,0.05721358279963551,0.010077069503348675,0.038374049207502106,0.04385789181373601,0.030768414113637628,0.004324572735954581,0.023317465512375304,0.05351267405653905,0.017056227965188457,0.03914187657881719,0.02796799294097515,0.05255542962645891,0.02818110292040743,0.014216365562874991,0.004910536701620365,0.044024297930367384,0.04838906118409958,0.013809262780904066,0.024533062291326374,0.006454206363176873,0.014295778443084111,0.0,0.008554179831280031
76561199011315469,0.07051206534305386,0.07723952586148097,0.0,0.07057034464805269,0.05117287035300559,0.041954104808054234,0.038454629875767025,0.07535881540402788,0.01581684256674141,0.031485486619248756,0.021734081697319715,0.02893633291781905,0.010007949709856582,0.021756393209680504,0.00966925025492402,0.024581288555128686,0.00850438469061139,0.01701640269144714,0.027486840894207946,0.028762471939848,0.06934172502556492,0.0034619539471666123,0.007681428619548304,0.015621785445299354,0.04864289048255276,0.02237111957875641,0.06129626858125547,0.02541800589605249,0.062228470389459827,0.012916269994068542
76561199013537219,0.03421517006763259,0.04625745731944895,0.0445851310421417,0.05483575659437417,0.04191384654496103,0.0676333778919156,0.056803607752068705,0.05788004385251783,0.04987800600176269,0.02873875520314476,0.014590305377861249,0.01801288063863795,0.018770869198722867,0.044036900290438066,0.016639962015260724,0.03449770843491095,0.015034980592298687,0.005875573079730921,0.048139228392080444,0.025815052905004948,0.040740462763636534,0.011655844282508415,0.03631807257103694,0.06248180656546058,0.035038900296765374,0.026897649943892182,0.005897437354172531,0.027972058221710876,0.015554416039521972,0.0132887387663797
76561199015330455,0.055170687354915426,0.04305612323494347,0.032856033652298035,0.10128649858402528,0.009866010132941654,0.04296270300950261,0.05209269113182677,0.022184695320788896,0.08272121459233364,0.02852431606128993,0.04418534102121001,0.05206424636350129,0.021531621860842343,0.07663269886280528,0.021212934911959365,0.02846416518204347,0.0409528487709357,0.010685776171630265,0.058628445914438644,0.008182284729442386,0.03650625237071233,0.004597260442101911,0.05847995747050268,0.02365601426847991,0.006116355355325109,0.0,0.02140045774093674,0.009866010132941654,0.0,0.006116355355325109
76561199016522989,0.08223826911797416,0.09326413657021076,0.0426847835496908,0.09534403809638202,0.004048068118026329,0.03508674867866751,0.01542078853449996,0.04794625541816007,0.04294786955336978,0.041622543751683144,0.06149658934588166,0.0225786562967175,0.013207048423229393,0.042196719292377775,0.02833166250785561,0.035860478290016776,0.01735723116703792,0.0,0.05347037456237168,0.003977344600732798,0.06013241033809179,0.037133756577153204,0.03290929780614109,0.008206933553079006,0.02616547376736545,0.00409008003717241,0.02127399448513903,0.0,0.019565003627205327,0.011443443933767162
76561199016903214,0.0,0.0,0.0,0.0,0.0,0.0,0.0,0.0,0.0,0.0,0.0,0.0,0.0,0.0,0.0,0.0,0.0,0.0,0.0,0.0,0.0,0.0,0.0,0.0,0.0,0.0,0.0,0.0,0.0,0.0
76561199017224533,0.06426350876004841,0.050558289861684425,0.06499300455617131,0.031917837473049715,0.008333059163085943,0.07985124300995554,0.013908143282544232,0.0,0.054709964121264096,0.035145218600741664,0.10184089490706005,0.032068692325921445,0.039620233496530544,0.024321023563778178,0.05045866773239595,0.03054197672496407,0.017673917002918937,0.006234022029934184,0.05569502946976116,0.006737971647295654,0.020515455806380194,0.0682050861073677,0.03638292859004453,0.057253169456509476,0.0,0.0,0.016009564739593106,0.02559092593575087,0.0,0.007170171635248577
76561199017665090,0.06664267050854467,0.06495644363183325,0.0383405611441856,0.09085471149800912,0.032062346839507413,0.0322489618033145,0.025816040019083004,0.05418942459315649,0.057059897024031594,0.05100020327364735,0.03543044125872844,0.0122920796305055,0.00802215152515038,0.06488241274024512,0.04008604962378548,0.06143525020478288,0.013679287315175004,0.0,0.056792518416403995,0.01268143356165215,0.058206800523020095,0.035613214240973405,0.013550625175244472,0.005710936533410481,0.03393390924131674,0.006283888592998195,0.0,0.0,0.0,0.028227741081294645
76561199019851662,0.06053159195629846,0.05893062645769243,0.025108557139202237,0.14496047526194933,0.0,0.04639774877601092,0.026649047446711756,0.034270590642666805,0.12425720246604356,0.01081302888502238,0.03175346785511098,0.01520259671157717,0.0,0.11873764072530175,0.03594222003709255,0.01974872896615588,0.026565652954893725,0.0,0.04021112007457045,0.0,0.11061090488115308,0.055830374019627906,0.0061640566404052265,0.0,0.0,0.0,0.00731436810251331,0.0,0.0,0.0
76561199021482467,0.06484186256079212,0.08147932960716281,0.022876056005879695,0.09524737082601963,0.03190755980000319,0.028529321067397667,0.04061979400025674,0.07238489227980374,0.043540462741923566,0.05430286241918912,0.0172447588694539,0.015181179859989798,0.003738084407546717,0.06451524408130335,0.03538521949301684,0.06617435938924988,0.03669848252539896,0.008773297858143448,0.036245742559606296,0.0039481077031429486,0.02242948367376471,0.007766871012823849,0.020445124832752116,0.010977824409167686,0.04850731006916469,0.017867464792914532,0.003984014751372382,0.016585069265183626,0.0050476845495928515,0.02275516458798308
76561199023588691,0.04610157764456741,0.06696608374187953,0.00881899638104432,0.08362878740158597,0.0438118739043755,0.025586811188018883,0.05827926490262214,0.07896740411301,0.04605382805138327,0.04307289897530926,0.023932075069907695,0.025623142914650194,0.02050730901473125,0.04123248144820811,0.03705129767032506,0.057332064849245246,0.019834622331144972,0.008526200996813534,0.02341506198026202,0.004516434029735729,0.023091551193271505,0.026077069630914055,0.009779192647958457,0.009191858710833545,0.05189596442950368,0.03296439544025836,0.013809602626365497,0.0049699632339919395,0.012266602455694135,0.05269558302238866
76561199024416168,0.06086299793741585,0.046860587795252664,0.04798402262166122,0.0649632286745181,0.05371592408470898,0.06891877759375313,0.048763612960208515,0.041826892904036246,0.06599824416407928,0.026460416540544925,0.038819765829549636,0.011279459671007123,0.005250823526560579,0.05725772571997708,0.03915864747545628,0.032863000623639345,0.021286093777946498,0.0,0.05423911005842318,0.01543732806866526,0.02166555059931174,0.03505622037513609,0.0160101284527016,0.0,0.017557580725089336,0.03632076960917326,0.010950104379439884,0.027298514691206203,0.005336591756364677,0.02785787938417332
76561199025426416,0.03951152648694247,0.09355779550740341,0.009925000136895717,0.0821905229521749,0.03418493953778457,0.026424984402431958,0.021792794061735773,0.0690354259803799,0.025340738177584695,0.045087400876183556,0.021817716282782333,0.03838950140720084,0.004915892265258384,0.043453501491599676,0.026423655017772208,0.05640524995084097,0.03252490651337327,0.0,0.024040806669175917,0.011592864025881831,0.08050783040936209,0.011017116010267185,0.0307070895532749,0.01018003818413129,0.0587536677379517,0.013938536980901937,0.039725509271906594,0.013745353182838912,0.023983713851403275,0.010825923074559792
76561199028361033,0.05019932985078295,0.08703324353876574,0.0,0.11379689168010723,0.004389183981857711,0.0049977906713140905,0.02606826271964521,0.08093710386551126,0.0745104851627339,0.03844265175949377,0.051227840662250966,0.04493622179442982,0.0,0.058583060541441655,0.01633390469753517,0.005191843038432806,0.0,0.006372302044042049,0.0237002733313267,0.005243844960999029,0.1377609372239502,0.02582694580371905,0.011672580091445431,0.0,0.033756771375436714,0.004389183981857711,0.03146642228557363,0.015185613352070805,0.0362495091029815,0.011727802482295022
76561199028905855,0.06880923047100079,0.09080838574468213,0.0832464237824727,0.0879138099837687,0.0,0.031716733327273185,0.03421433828903139,0.02274405564826364,0.06813101695076912,0.03936791812146687,0.09062222250338252,0.02983000106640649,0.006579935678091903,0.05950365766522281,0.021210685664960382,0.028700065212745866,0.029271732981604712,0.0,0.02059407306815427,0.020658488237923312,0.06423860434153858,0.06076250784574523,0.01825691600980878,0.006763878530220642,0.0,0.0,0.0053517729584886715,0.0053517729584886715,0.0,0.0053517729584886715
76561199031051001,0.07236162293483005,0.06695139797421402,0.03881754780742734,0.045851363058117114,0.041585567174448584,0.06782037301656114,0.043441497285522795,0.0692653461950715,0.0395574346471869,0.04006667698620667,0.03334197661217384,0.04194887488748267,0.00839235339968284,0.03105714501969501,0.0302056339222071,0.018804130456544964,0.023506150360874688,0.0,0.03211654698684055,0.04253648587987431,0.03459430345624561,0.023149717182510687,0.022867195640819522,0.0,0.017221352257844626,0.007441434694257123,0.04180932243295684,0.00839235339968284,0.041062408236780784,0.01583378809393996
76561199032352779,0.07784705023994676,0.07284270267702757,0.02805593068765215,0.10771747650222196,0.0,0.02348751860722153,0.04232563246155485,0.053980387704239054,0.06094437444197493,0.03809316238148861,0.02910861206348987,0.022048461262343045,0.00538928514382439,0.04911910234080647,0.05890544505790472,0.0781225385054559,0.04841048099065243,0.005653063355160542,0.01217918217788199,0.0,0.044547455967568,0.03688561998752361,0.027418527233352925,0.01976590723491891,0.03158975442954645,0.0,0.0,0.0,0.011808867125456953,0.013753461420786338
76561199032380262,0.07878715785898062,0.06041005287417494,0.05816907510515119,0.06407140036524954,0.03326968936261398,0.06449145180392432,0.0409702441217528,0.0535954097672743,0.07661290150620921,0.01903122373854691,0.04028462543455337,0.022170777461317577,0.013069070286626792,0.0579336666242918,0.02666767027067919,0.027188195996645254,0.02601956183368866,0.012610129534182805,0.03809450660430686,0.02494781622155366,0.02416347424812105,0.04663811898399647,0.01974207138755834,0.006137733740957742,0.006154898229827363,0.012478411012246636,0.019609083451181057,0.0,0.006381801400919779,0.020299780773467748
76561199034135760,0.0,0.0,0.0,0.0,0.0,0.0,0.0,0.0,0.0,0.0,0.0,0.0,0.0,0.0,0.0,0.0,0.0,0.0,0.0,0.0,0.0,0.0,0.0,0.0,0.0,0.0,0.0,0.0,0.0,0.0
76561199034190035,0.10312601258965587,0.0429360482137265,0.06167188740717515,0.08407642098631692,0.034698341986195314,0.03920400051462794,0.03013976341553493,0.036566306293195204,0.006337915853548401,0.048562172120779026,0.008399585328679805,0.034468809504175114,0.03592743236962181,0.020492702000908837,0.07335228101128899,0.04145861268094226,0.03306685720592105,0.04840439572811923,0.033182334983974986,0.03382895771265958,0.010814704004268443,0.025537843972275282,0.008374291800650479,0.0,0.017152619857816843,0.005663614665236259,0.03988919800047533,0.018120882689327492,0.009340589846699162,0.015205417256203767
76561199034795612,0.07324303633407736,0.019608829302249754,0.06647483397446705,0.0846813792140588,0.024542658948571255,0.06677890885388572,0.05479038474769698,0.024966308764781984,0.050856991228468,0.015710473226995886,0.008742022171413358,0.009337010715295732,0.005528476046825372,0.06305385829321876,0.049272842479230784,0.02133671841453626,0.059477143052084375,0.03765764194511822,0.05123859806757975,0.02548825241883518,0.014121470444258212,0.04097213254376726,0.0054381694516181175,0.0,0.01816261253749155,0.0041159386907406535,0.029781485497615088,0.03803848508055102,0.0,0.0365833375545677
76561199035465216,0.0,0.0,0.0,0.0,0.0,0.0,0.0,0.0,0.0,0.0,0.0,0.0,0.0,0.0,0.0,0.0,0.0,0.0,0.0,0.0,0.0,0.0,0.0,0.0,0.0,0.0,0.0,0.0,0.0,0.0
76561199035689662,0.05751397155045991,0.03514635362729104,0.011592274052925672,0.08911441734107313,0.03189380409910473,0.02261938952998275,0.08195935340525884,0.015946448270821215,0.039879577994642985,0.06233618404493487,0.028875302252313384,0.03406631473422605,0.0,0.031600445790613205,0.08565302627953923,0.023747777980618452,0.042419488378217934,0.03003406853122236,0.021120008208980537,0.02261015639042275,0.04283376188374998,0.02844759456706689,0.03016452463299333,0.0,0.021845221818319265,0.017859456368764137,0.01717512393939588,0.0362667748753332,0.005898773547498052,0.03138040590423009
76561199037612036,0.0645059613798535,0.08619190714473295,0.040145063861863894,0.07871730489382407,0.0,0.027193718642333543,0.0,0.05264649821650786,0.02990653328378768,0.024346165999707934,0.03955196463115911,0.059889878475864196,0.023459014240138368,0.029000550765457694,0.008041162982826176,0.03394490887427248,0.016775016726279166,0.0,0.022461125135185445,0.017358328609698784,0.12959672236879682,0.008805418074655777,0.039624886775561086,0.025759700807052508,0.043169675941986015,0.0,0.037838850516022884,0.007370133232006934,0.05369950842042513,0.0
76561199039143583,0.05547312055914874,0.02260502352359463,0.026230461370269912,0.08866721054326783,0.040678019163821244,0.034920219327337056,0.08378087680471157,0.03519625545298456,0.0744049898411974,0.024022143924781324,0.005481224642632078,0.017674876803771795,0.019495224189867412,0.07115081947419864,0.045387271482448775,0.020013727921066163,0.037062247428239395,0.013267903498125944,0.031639770946029475,0.02088254686195107,0.015478711840328903,0.03263557676370926,0.023870598524087096,0.0065684479275670915,0.028088870242627018,0.019956540109308193,0.02247735888881431,0.03664187219921645,0.0,0.04624808974489665
76561199040500135,0.0,0.0,0.0,0.0,0.0,0.0,0.0,0.0,0.0,0.0,0.0,0.0,0.0,0.0,0.0,0.0,0.0,0.0,0.0,0.0,0.0,0.0,0.0,0.0,0.0,0.0,0.0,0.0,0.0,0.0
76561199041231560,0.04974219883633001,0.02785299138558795,0.015226463107081055,0.12788724664369888,0.012039730304976192,0.01973619892915193,0.06069063170296414,0.06664959175250176,0.0968356223795404,0.028447651519052857,0.01744196446569048,0.024356780275270926,0.009176722911913278,0.08435844959518866,0.04673514621282369,0.02507782357640422,0.028896386028926052,0.01998221108644067,0.02225065131184179,0.0,0.05220349025663241,0.05774884301173248,0.020523511749926265,0.0,0.028642025952976165,0.012039730304976192,0.0,0.0,0.004936814934181697,0.04052112176418975
76561199042135432,0.06102340542606195,0.048514188769127456,0.018747502425502358,0.11281507896759661,0.03966255981538349,0.016027347442864825,0.03997643554259854,0.04174401355378357,0.07524297909498726,0.03170015149419684,0.00961612871490597,0.00605382779027285,0.013649086754629213,0.08423256889852664,0.05429727984414873,0.0933533599800086,0.022660450493161458,0.011082271028553,0.041617199815184615,0.01004683404491534,0.03433953193416917,0.024735973243086178,0.010244911477531853,0.0,0.0242729604529254,0.011492335256314675,0.018293242074994047,0.010962471784929486,0.0,0.03359590387963985
76561199044097396,0.08431362221750884,0.11575976762895321,0.0,0.09707646608913227,0.0,0.03025337155992681,0.0610346443444629,0.07054286368086052,0.03788171225063557,0.05314403143294094,0.030871409170218335,0.021551237626809158,0.004061096278729855,0.025450256403956477,0.0,0.021280089759718367,0.026156235145982833,0.01109292679358532,0.04062289086686492,0.0,0.11516588972987354,0.0,0.004061096278729855,0.00532252681209985,0.05568207599145317,0.0,0.0248815532950667,0.007154696595462208,0.03578981674936342,0.020849723297664876
76561199044103584,0.0,0.0,0.0,0.0,0.0,0.0,0.0,0.0,0.0,0.0,0.0,0.0,0.0,0.0,0.0,0.0,0.0,0.0,0.0,0.0,0.0,0.0,0.0,0.0,0.0,0.0,0.0,0.0,0.0,0.0
76561199049721392,0.05873632976378498,0.09330150630158109,0.0,0.09196821318723425,0.0063067333688192695,0.015411667884633072,0.03914369767631113,0.06938036548198315,0.06810747657389273,0.045321516241073265,0.027339249580048873,0.020730882396922442,0.005483511241285353,0.06064759366813281,0.031200627045914236,0.031867829775272034,0.005204781735412891,0.0,0.02036434597141437,0.0063067333688192695,0.12288775366495457,0.03193340772594726,0.012369329317500158,0.022464130951551885,0.025581590351727936,0.005483511241285353,0.031696151045974355,0.0059705329504990065,0.03357605056702113,0.011214480921003208
76561199049965144,0.053648332751954034,0.026082882068844244,0.03088467284251407,0.07339239414279351,0.045178873780675755,0.02514892290420302,0.08234861550817833,0.05347005973554424,0.007236619920671849,0.04210326006465339,0.02521099059214569,0.048302023329658175,0.024068004114469757,0.0,0.05856223232992028,0.02668607387110983,0.024912281086886874,0.028571114735154602,0.01609071156778716,0.050449146724977446,0.03372313472819648,0.02678725556245111,0.02689046634045882,0.03351670839889945,0.0406636834628795,0.010815349069972049,0.01805494605696731,0.03040905076201024,0.01685383320017897,0.019938360345843814
76561199050075632,0.05761416074510748,0.08658650212905677,0.030244681762434205,0.10072799082672336,0.0,0.017850121806367157,0.019941192955324233,0.03996077646944218,0.05972376657635804,0.04634890722160464,0.03556877245645249,0.03669445545647805,0.016871037988104774,0.06518093586397236,0.04076415241107148,0.08126932879618358,0.035721309279659705,0.0,0.02777549357129115,0.0,0.05528164853969259,0.044484469859555356,0.03735438478972672,0.0,0.038665008873877915,0.0,0.008907192560916545,0.0046426998547380305,0.005262620805148393,0.006558388400712671
76561199051043192,0.028017654483592665,0.011843760377079357,0.004583729537011391,0.11743744426237208,0.017848205791334136,0.004968321709623873,0.06691891220461384,0.032506136063064274,0.08844657976377934,0.03182436236418189,0.030259867485998345,0.05634554452467689,0.0,0.07366708627183177,0.02456069458042309,0.048605640867705475,0.031225743657456312,0.008677752986257899,0.04058863031521524,0.0151313058166078,0.08497521674527014,0.009346499318686186,0.052460151939666265,0.016575546822908543,0.012977409543288165,0.006895530078889728,0.02930067226292667,0.0214256909149574,0.005751211937093774,0.02683469737348716
76561199056252159,0.048744109642274776,0.10188188582860325,0.0,0.10854899234302835,0.015798054676938872,0.0,0.03465078341612516,0.10430510717192368,0.036273503988013794,0.0542363908866662,0.03779101586451981,0.04269348523592402,0.0,0.027669093935004347,0.013286948544388917,0.060961996434518204,0.03457763827013112,0.008438694878977212,0.014559559812938215,0.0,0.07157402994448916,0.004543363546289097,0.011176955560363678,0.0,0.06506684152163347,0.006045091941707111,0.023369172657020893,0.016637561730663563,0.03992764480441512,0.017242077363441903
76561199056820731,0.060678437973185825,0.036972800819751656,0.02696072684161283,0.05526171572157552,0.04304742136006821,0.03895024424093844,0.0917999364638467,0.07007162232773957,0.026044947735486053,0.02862021710977742,0.012555784104256926,0.015369419717407332,0.023554596427666063,0.018493696133590823,0.02963736014195286,0.02105838661722125,0.027934033184688407,0.0,0.019732971566049185,0.03817157797459809,0.04425451529279006,0.011613504175248368,0.060977517001990875,0.0,0.0516455752735442,0.02463749753957447,0.033711342445560684,0.016624943234510216,0.01716232307761282,0.05445688549775533
76561199057510412,0.05487848257504446,0.04271478828127357,0.05791327290357589,0.06437858654500263,0.038498603537415556,0.035756562394734764,0.02714171207838138,0.017525323791711376,0.04947090869338483,0.062429054172351915,0.025221667508304655,0.0228174019995724,0.03860666582396105,0.05217192657884217,0.028372465282259614,0.03571069184581727,0.03608793741622263,0.003757124509248179,0.04346462784860258,0.029395174487189948,0.019789172543026645,0.04148024692313905,0.03702194046329313,0.03572767720723204,0.022969691071359245,0.034595090181584645,0.012077505939767308,0.020404951308980426,0.0,0.009620746088720626
76561199058171615,0.06804055385474678,0.06806504289821297,0.02858384754393584,0.10230826476351167,0.022523736180725014,0.01607512653002754,0.06871384433062125,0.05653571158053162,0.06944534711014837,0.043295904450115746,0.032041598257124736,0.04295264342118534,0.0,0.05005447158100824,0.028113163966770386,0.04088165633920401,0.028616774208009066,0.00380093471081093,0.016880012987418074,0.0037756878868775356,0.048174814285270345,0.016585464105965668,0.011494993143054544,0.006447030605824136,0.025916796986458428,0.004244657788322657,0.02228886202465383,0.009900175001226913,0.014931840362510242,0.04931104309572816
76561199058351895,0.05953096716445145,0.03265349692255781,0.026239876757423473,0.04432027299504973,0.06331349569283819,0.06542507250675442,0.0462896887661304,0.033197313533104254,0.0455986025736079,0.03371745845794769,0.04044115218345833,0.03751586110961626,0.043239553720344014,0.03504199365014271,0.051828060398975175,0.04462578585640799,0.016845484480839567,0.0042246421656072786,0.05718930239725171,0.03499392599584228,0.004282323740300955,0.015054119319320228,0.028025462114104466,0.03529223052355229,0.01873512783961854,0.03175393233971208,0.020388251307125838,0.004188023388756498,0.0,0.026048522099158332
76561199059594777,0.0,0.0,0.0,0.0,0.0,0.0,0.0,0.0,0.0,0.0,0.0,0.0,0.0,0.0,0.0,0.0,0.0,0.0,0.0,0.0,0.0,0.0,0.0,0.0,0.0,0.0,0.0,0.0,0.0,0.0
76561199059767033,0.05681261639061579,0.08271572569854019,0.026325508223299963,0.06159323075638903,0.011775074197413757,0.0259023351905178,0.031351637801216435,0.07480426764227949,0.030227907408329802,0.06058220397812376,0.04883832576893728,0.05840129885111877,0.03899752002625878,0.024210735294574067,0.007995777175026978,0.03892958139309824,0.03922230782830013,0.003878920032483388,0.006747118883034599,0.03396447888278968,0.02337806907647728,0.0,0.08054979776368792,0.06329021263905493,0.04341050930229648,0.018610768047981088,0.00360515171567103,0.0,0.003878920032483388,0.0
76561199061202498,0.05773726097587469,0.06867205338539288,0.04749906060540399,0.07765256983553173,0.00498251592256537,0.037065917749420405,0.029469548127334204,0.038181535080071535,0.030812694570005402,0.03998904203856488,0.04933110965218439,0.04199259785687524,0.02867280383202039,0.039876182911980605,0.030642195932563093,0.05051792941919817,0.03906235291291324,0.019830532192551067,0.05349115622128307,0.005267585903859709,0.06324783896604128,0.020476477936791217,0.047417804500306096,0.012164909480443645,0.01608204339271689,0.0,0.0260369463451257,0.00498251592256537,0.018844818330415885,0.0
76561199061428348,0.08225485956680156,0.051692894647531004,0.03489922974577119,0.07921242645021363,0.043262461465148346,0.03282677408716402,0.02701256018819845,0.04643746613603456,0.08056610152460822,0.03719933614398571,0.0326903972805418,0.011465305330785975,0.011094017319488092,0.0685438358964041,0.04140376048814228,0.08292760377985904,0.012027433832587538,0.00528796636675103,0.040575181574855804,0.019183785043049004,0.03407355361279466,0.043079103213682836,0.024900164374829663,0.0,0.015531998710944827,0.024340861812148628,0.0,0.01751092140767798,0.0,0.0
76561199062295989,0.0,0.0,0.0,0.0,0.0,0.0,0.0,0.0,0.0,0.0,0.0,0.0,0.0,0.0,0.0,0.0,0.0,0.0,0.0,0.0,0.0,0.0,0.0,0.0,0.0,0.0,0.0,0.0,0.0,0.0
76561199062711136,0.0,0.0,0.0,0.0,0.0,0.0,0.0,0.0,0.0,0.0,0.0,0.0,0.0,0.0,0.0,0.0,0.0,0.0,0.0,0.0,0.0,0.0,0.0,0.0,0.0,0.0,0.0,0.0,0.0,0.0
76561199064718165,0.05403230500108687,0.05453795340193299,0.013712865152322576,0.05586039460015504,0.03239523376644763,0.03180104214008098,0.06743218708424151,0.059396512869777256,0.0360418865076486,0.04714993898489326,0.02658106867553213,0.0139472612795127,0.019466830809577278,0.025243623967417018,0.03994290660236901,0.06265444063946513,0.026224683713693023,0.005245469036575066,0.02175503639575937,0.05001275202460782,0.03917922968563346,0.026131603060537235,0.02594425851575984,0.0,0.050460774750178856,0.018951815161508782,0.03647567524380114,0.014724334105717546,0.023596968410955,0.021100948412813115
76561199065212767,0.06454279195904945,0.06681182183277197,0.014904811389565101,0.10207449756950221,0.026923447385546178,0.024403870723859945,0.05152469087121967,0.040287577355253956,0.032556060181484985,0.04043650515189721,0.038436016066436186,0.0346065802901719,0.027418088807380923,0.049150652461509826,0.039303062145389187,0.04293518774667155,0.025771292465672713,0.0,0.03448153598664002,0.01334773814913542,0.03549910962068717,0.025792464220249316,0.03810643979243852,0.01043611105630506,0.015341720475118628,0.013055340882852736,0.03001382790920323,0.015348031784094008,0.012051509920888128,0.03443921579900466
76561199068146505,0.09943128330670123,0.03384758562860085,0.049702880064885255,0.1253260016610715,0.005728104495778295,0.05011157293986682,0.035610216011548346,0.030928642444489424,0.11460863460012596,0.008415959667167166,0.011017634634417838,0.0,0.005728104495778295,0.12575608455633228,0.03388339842262491,0.016075009324063264,0.05472359679873869,0.032718903523043165,0.03381236425316052,0.0,0.03782714215861276,0.04471525952986109,0.0,0.005728104495778295,0.008415959667167166,0.0,0.005728104495778295,0.005728104495778295,0.0,0.02443134832863023
76561199070380893,0.04483952692526216,0.05492580240039819,0.04037290762637698,0.06366130992013376,0.026818353873031275,0.05280457839065534,0.08053411773438812,0.030276316394170586,0.043320758859896946,0.03499948608652623,0.025678777459440583,0.015906504841888665,0.023775899148525452,0.043320758859896946,0.020190040919034556,0.04520042116994374,0.049195925253451574,0.011858820094924187,0.04226376018999352,0.035912202341810626,0.015906504841888665,0.011589702820352668,0.039770175280795524,0.04480653160093969,0.009260299408979213,0.010630366985460417,0.013977564247587811,0.024977189097304196,0.005728339129738803,0.03749705809720362
76561199071386893,0.03870878338263951,0.09917521717472422,0.0,0.10222323358294623,0.011751687255737686,0.008004707538332346,0.04073935908812265,0.10355273985518856,0.03444259270539134,0.03580808181094522,0.029891215818360576,0.024021720310635673,0.012062068378136661,0.03383274778406175,0.02705080293611555,0.05115430514941676,0.016219332596904636,0.006251892890665144,0.019079351823724396,0.027336454771211792,0.06878576414228654,0.0052017440920967654,0.02221005987278018,0.005170902913566283,0.09118373024336582,0.009268745308201293,0.02823767964446267,0.0037469797174053427,0.03718777966940185,0.007700319543172609
76561199071636074,0.018086889730260743,0.07021961480249338,0.005091215167742493,0.13483321920877103,0.0,0.018086889730260743,0.02390805260001314,0.03986171609837169,0.11659988367227431,0.005817247790879917,0.035235017737378437,0.045556906413242594,0.011839146053190632,0.12685086061194126,0.0,0.04562789855166497,0.019817236770779737,0.00663511232159627,0.03956613170883189,0.011543792681546027,0.08601515757116497,0.016271811325087416,0.04714213482817536,0.0,0.02338441799013261,0.0,0.019966295512916392,0.004908680359949758,0.022225990401384604,0.004908680359949758
76561199071908460,0.0495735239772213,0.0884304959354369,0.01867662689282964,0.09832613816848051,0.02348177137845934,0.03058304323302206,0.06819158082261237,0.0688106071298522,0.04507706220390922,0.03408905613639893,0.04561974819176819,0.014371065640047519,0.01465315001385407,0.040455017673979125,0.016479116363663136,0.014726325602108065,0.020263438623038723,0.017898557590715534,0.03885741333883782,0.0072901984237117795,0.07199766645337974,0.010232881919896226,0.01616393996678846,0.013066760705468469,0.022791966348827793,0.0,0.05007440176468306,0.016901985919872783,0.0096350875406739,0.03328137204046318
76561199073816082,0.04752038959997079,0.02889885605485195,0.028659780224844427,0.08416346827731543,0.042564670813849036,0.037535592622535,0.09502494578911054,0.03946526830798102,0.06235239793625397,0.023599925900622713,0.02002284046707773,0.024748713430603222,0.0,0.05311528255188919,0.04722755162821204,0.04951726278059737,0.02071580542486801,0.011643436150852692,0.036403258844559416,0.027936255018698227,0.005459201699634919,0.009959048455029733,0.022625688610638392,0.021176830670455563,0.02261393613998018,0.029773120708146722,0.014474573088323605,0.03374729957062226,0.0,0.05905459923247591
76561199076389886,0.10657082688028288,0.0771243126909578,0.04246631398860742,0.07622627714177513,0.02061426036112673,0.05980415898107731,0.025475279788875968,0.05094683552470381,0.03831111826151992,0.03779845403449188,0.04552179950447154,0.026808412529059664,0.05842547646144519,0.029195636401098325,0.007230500142496019,0.007230500142496019,0.016392702039347982,0.006264756076291242,0.052625270292606226,0.0,0.07342658025848381,0.009176908041170644,0.03083745769884012,0.009385385472980635,0.009011802672044114,0.0,0.022827524222387083,0.02028326846607201,0.03090270006486879,0.009115481860421598
76561199080519974,0.07601600044193854,0.08681177995275471,0.029610585538165108,0.08894194333674289,0.025968262362161,0.008759508173103442,0.014061279600525991,0.07614761361541185,0.03505855153888377,0.060439355018997526,0.014483192528565893,0.008435819464858784,0.004609689416710596,0.03562747154415039,0.06720761687475532,0.09413332359074023,0.047749207405113576,0.011197361495986848,0.04361857844147209,0.0,0.03990820444290711,0.04451729191343043,0.010648470979272233,0.0,0.04728981909820876,0.0,0.0,0.004609689416710596,0.019148202503002917,0.005001181305429328
76561199080871410,0.0,0.0,0.0,0.0,0.0,0.0,0.0,0.0,0.0,0.0,0.0,0.0,0.0,0.0,0.0,0.0,0.0,0.0,0.0,0.0,0.0,0.0,0.0,0.0,0.0,0.0,0.0,0.0,0.0,0.0
76561199080918647,0.031060459539980715,0.040251133750160595,0.010719531004868764,0.08706489293859379,0.01981121846190143,0.012565076475156513,0.11360305861418675,0.08693128332072854,0.05005597571443765,0.02397698907712447,0.03589102625278821,0.029924824935775005,0.0038121793750273557,0.054788436056368676,0.02774810080027237,0.02375295736527988,0.017794333967857325,0.017178261030668666,0.03230312443014702,0.016076807733878727,0.03373929255765171,0.011880437293845407,0.02714761736658815,0.006170700677069228,0.027238941587524556,0.006435810416805156,0.0503732265025443,0.034339586296260674,0.007371930135001839,0.05999278632150657
76561199081710235,0.08221309622737218,0.08702448236633521,0.05679869433959095,0.0476537991608513,0.03004865117828583,0.07419410810532841,0.020168731718242353,0.03319644240142113,0.027631441553545,0.05224579735089313,0.05322419774098783,0.031178509768257527,0.039549819569985226,0.027631441553545,0.009852547958130106,0.03218633922419084,0.02119779126830462,0.0,0.08327482587434562,0.026297519917687303,0.027155913997931446,0.0216366613372649,0.041637507332736266,0.006339422546830616,0.028325044815281253,0.011677321627795199,0.011960919412909998,0.005315557467493046,0.0,0.010383414184457816
76561199082377284,0.06507528694318106,0.053407278035150545,0.017212439237345247,0.07071766256214511,0.04296247775575349,0.0275886654649584,0.044004976391073966,0.101319764784316,0.09033616295117591,0.016120703797791232,0.031800966231126646,0.0,0.0,0.05547181484983014,0.02648021416181864,0.022537812759340005,0.022655840869986572,0.00545250817151767,0.04122603610641415,0.005975979968367277,0.08231578107623262,0.03088453328718956,0.005177873027394885,0.005975979968367277,0.05305326794376018,0.012657241935429117,0.007147567921979989,0.0,0.05081537213679341,0.011625791661561025
76561199082847964,0.05984286282210352,0.04674188169895735,0.03958145102312946,0.03971949400298207,0.045973523705264106,0.06420611125849394,0.01951136859011437,0.03435497216919288,0.04068898646102269,0.03908937144126267,0.05988933650597065,0.045507207869775274,0.04736928494085487,0.04068898646102269,0.006467312567941133,0.02880590778255207,0.014061582798278778,0.0,0.07265364383518455,0.02116067803490426,0.026638750334468348,0.02640247522440156,0.048891521959923745,0.005965095446234567,0.0432071232779315,0.02155752349723311,0.016918587533934718,0.02250032557211535,0.008852151108738618,0.01275248207601124
76561199083912200,0.07663832096154295,0.08008000957921882,0.03492703937949714,0.06809577759598406,0.021064266168742882,0.04684653601859809,0.029686409966718095,0.06654457554776642,0.03698622336858954,0.040258605147728034,0.06795805185477441,0.01863584616484766,0.021026198895778038,0.026010871438085927,0.027596138311645074,0.015134872166232445,0.01396221020751661,0.006346722549352038,0.03358633823573783,0.006239706905245681,0.07021142923109766,0.02905043107564284,0.02741687047570873,0.008263761118978747,0.03377827810941137,0.014824559263497203,0.014624124722526447,0.014503468024224427,0.025346849503145027,0.024355508012166013
76561199085212273,0.07670704976537122,0.06686655048572211,0.048801560352772756,0.08992162318853412,0.016423442005489612,0.04227796511613296,0.020448205125931995,0.03892284090252967,0.060970654390078115,0.04480777201220354,0.03216576911273479,0.005164713188927515,0.0,0.06198952389303721,0.0877623661099786,0.083060300166463,0.04634071792517601,0.011223730975786514,0.02899978468022376,0.0,0.02495387451106871,0.06876613802317287,0.0,0.0,0.022858015404991588,0.005599545540452979,0.0,0.004901571967146367,0.0,0.010066285156073882
76561199085366031,0.0,0.0,0.0,0.0,0.0,0.0,0.0,0.0,0.0,0.0,0.0,0.0,0.0,0.0,0.0,0.0,0.0,0.0,0.0,0.0,0.0,0.0,0.0,0.0,0.0,0.0,0.0,0.0,0.0,0.0
76561199085433040,0.07986930943038982,0.07939175191898305,0.030601657259424646,0.0783513913936331,0.0077297932908814565,0.02440426415501646,0.014534415698610631,0.08925422134069907,0.08826386966920112,0.037586061573263406,0.03229036513502548,0.022700623292715345,0.023029382284254805,0.06372781298848215,0.007582759777505166,0.022431385645595783,0.04794786540657025,0.0,0.017130945668135576,0.0,0.11902209032115549,0.007582759777505166,0.028939757281163363,0.007401498663869399,0.01481209310104325,0.0077297932908814565,0.0,0.00870489463341725,0.03157773833870788,0.007401498663869399
76561199086185329,0.0,0.0,0.0,0.0,0.0,0.0,0.0,0.0,0.0,0.0,0.0,0.0,0.0,0.0,0.0,0.0,0.0,0.0,0.0,0.0,0.0,0.0,0.0,0.0,0.0,0.0,0.0,0.0,0.0,0.0
76561199086355854,0.0,0.0,0.0,0.0,0.0,0.0,0.0,0.0,0.0,0.0,0.0,0.0,0.0,0.0,0.0,0.0,0.0,0.0,0.0,0.0,0.0,0.0,0.0,0.0,0.0,0.0,0.0,0.0,0.0,0.0
76561199086769864,0.04070017268308915,0.060189274214514116,0.010830328924185603,0.04601556463937192,0.057565758211465604,0.06725558295783847,0.05543098132159743,0.06711251179654307,0.059547889293125926,0.024254147043156964,0.017374607164712785,0.027545299509072238,0.012603974376629232,0.05510061541011944,0.020513682236475185,0.05150114800455448,0.030109996149278825,0.0051600327372295874,0.03551342101872612,0.0157616733875939,0.022790212596191003,0.006652539362461989,0.04264820453018292,0.008574787321021097,0.021781821206262326,0.022440042456131203,0.037354436417022914,0.037456966838903684,0.02758122633698259,0.01263310185555993
76561199087372221,0.06882739147098768,0.06200340053833556,0.008027126254992488,0.055702485252685716,0.07264878682148428,0.0578951518689008,0.060105956235291316,0.014981009431748744,0.018370061447413866,0.0296871257184788,0.04082426188434017,0.03288998114454529,0.047119115670885704,0.039591440771643845,0.008027126254992488,0.008027126254992488,0.015982161610563803,0.032348778999419556,0.0472866068411719,0.008027126254992488,0.036430920503372315,0.008027126254992488,0.037349271205078007,0.07082926031740046,0.0,0.05221428076004572,0.019056907483779757,0.008027126254992488,0.01668475080573041,0.023008135686741232
76561199096657132,0.0,0.0,0.0,0.0,0.0,0.0,0.0,0.0,0.0,0.0,0.0,0.0,0.0,0.0,0.0,0.0,0.0,0.0,0.0,0.0,0.0,0.0,0.0,0.0,0.0,0.0,0.0,0.0,0.0,0.0
76561199097156418,0.062106662564689843,0.034812216644352786,0.03935596298059996,0.08701197901301934,0.031469949352750354,0.028583424742712256,0.03926025403919347,0.04173932188754524,0.07375274334109785,0.04372283815138879,0.023693396320851025,0.01951221342319777,0.0063351367978861884,0.06684048185494815,0.059382709035169304,0.04537523957394544,0.026476978701340727,0.007225886718593446,0.051191952087035114,0.022153622722871302,0.06238591972551806,0.022306601109053973,0.013693980665290208,0.0,0.03366103956023596,0.013003137000264004,0.009521881450646736,0.01472564709040621,0.0,0.020698823445396492
76561199097247135,0.05289870058175738,0.06513154403943885,0.035789875880460884,0.07917914896014747,0.03195918552221616,0.03161125778265304,0.049948878651335286,0.06190661542687456,0.019949090234707124,0.03819402235606512,0.03882474260310293,0.05179178234568797,0.027246111018444482,0.01135686178394241,0.04090490757393261,0.05467330140923909,0.03866131036270487,0.00584221984056992,0.006691590854545259,0.02358755203960641,0.016063659405879758,0.017520273114358158,0.01761153584736636,0.009973572299059135,0.04199367426430643,0.02332117838402739,0.023763588752893968,0.03758654113646324,0.02465067239817613,0.021366605130037835
76561199097271657,0.08510214959643198,0.08392075383092137,0.05558773805639025,0.01436676617218494,0.06825781520826886,0.07968213591760952,0.022725159382259382,0.07732994880815747,0.013365222779243692,0.021788587804954872,0.033487995857040265,0.03295379515162079,0.021624609172892294,0.0,0.03205069646805965,0.05854279285012473,0.0,0.0,0.048088190012481734,0.008917167957793501,0.008218265978518784,0.045564830973447816,0.027663944031600208,0.0,0.05751675702311669,0.04907091552570538,0.017823022075987186,0.007062025157436855,0.013774491709073728,0.015514222498678057
76561199103998320,0.06839837998590168,0.11190154150379168,0.01420126296746893,0.11046511158559981,0.007134951012048257,0.015233397319789404,0.04447973297470085,0.05764269371585614,0.035168023045993826,0.06823313802475979,0.037363100396569496,0.014196543294464691,0.015906636673504313,0.04210531913018454,0.028766188196651363,0.03553422445876828,0.006768036262116924,0.0,0.007636967579670203,0.008771685661456056,0.08520736956359487,0.050061089785971506,0.029200878994850497,0.007134951012048257,0.029577241546058262,0.007134951012048257,0.03187030634388215,0.007134951012048257,0.01596366967037784,0.006807657269823586
76561199104391040,0.06773313291757165,0.020072484083069046,0.017730994171223074,0.07474033461360093,0.05746692717722615,0.028763291853775814,0.056900536428070525,0.03959895277163282,0.04354880379958551,0.018902751496113108,0.023913240837770945,0.021024184871012208,0.0049223255830998435,0.048217491961676455,0.036088498157361176,0.02757185218488803,0.022088678335051543,0.026597682259420198,0.045358155721776046,0.04454788066267046,0.03670548562959309,0.019307644525772306,0.026106463398655654,0.016443878345950694,0.017087444171858233,0.018610640290794442,0.0419668338574285,0.04659140174091482,0.01898002317353085,0.03241198497890595
76561199104812024,0.07851746907250434,0.08932635258920901,0.06074660888572675,0.07168392653653205,0.027818798442391983,0.052209305844020656,0.029938365084850597,0.05983406891396769,0.06736101691977761,0.028478136911638478,0.04787624073055173,0.02118161393141595,0.010144939144437886,0.06459290296807739,0.02296940441115967,0.012857582124245618,0.03536481388073241,0.01408410088233576,0.04044711567467121,0.017202397358347814,0.07215612036130355,0.03432017195649666,0.0,0.004698007733526596,0.013587543879200824,0.0124415274037449,0.0,0.0,0.0,0.010161468359132888
76561199105469404,0.06794225364686315,0.043952629392312745,0.03368767341967809,0.08076548749678746,0.016711595188225407,0.04061551171133078,0.05581593854669057,0.05410071211869331,0.04618637691729774,0.02673902754789532,0.04480638271944115,0.0,0.016637088778854035,0.033004981055725184,0.0466065865988575,0.04692311427645079,0.011414056873995188,0.023624707583070455,0.0444295090163649,0.018379796471239187,0.03051006365977107,0.0489781145811424,0.021226563295283676,0.030648408806241544,0.02504288304419788,0.01988360079369567,0.0308597719491853,0.003898431532483263,0.0,0.0366087329782262
76561199108308292,0.06320036801101445,0.024537929442475955,0.009901967758843715,0.12063044626531845,0.022111899003765194,0.009346215632659508,0.057603151546982194,0.034273591963255155,0.07194973992525847,0.048827997579614084,0.01441416887789966,0.0343124118182664,0.0066058881204656425,0.06712137783823983,0.07193227006509456,0.05486884113662496,0.04510029405575925,0.00442327049673885,0.03958917359307521,0.01331621086577866,0.033433794337301904,0.03290275352234275,0.011138811286197564,0.0,0.025279951221276638,0.007018761675052393,0.009013030067378741,0.014986292322471968,0.006960236305242132,0.04519915526560571
76561199111379022,0.06043825247055194,0.06164445289422238,0.028998187798465126,0.05807432188346618,0.05895597472339543,0.02694875049722119,0.033710264865294264,0.07734872260801808,0.03158468510600478,0.06225566484373143,0.01913091020726933,0.02094730019181492,0.01955185325043589,0.023350135091192648,0.024097202931636197,0.04783967336539818,0.03454402582373283,0.022555014599048448,0.03298659773242379,0.044932234139166076,0.023659270776713735,0.015798683678033318,0.0,0.025858840265334426,0.06052794443167931,0.038576154361792125,0.0042600853527553105,0.01744208410761796,0.009467256652625858,0.01451545535095885
76561199113407300,0.05901793040210795,0.060754170004160966,0.053275157599124476,0.09373964231361473,0.009269859634470034,0.036946025194857776,0.02437493972785176,0.059019757204022166,0.09373964231361473,0.044981432907524266,0.03777599055414897,0.013770870897259558,0.0,0.09752306714025538,0.03018465649165884,0.0459587427582989,0.031865995440562817,0.009743222526487131,0.01906723303592465,0.0,0.05441275006805189,0.054852068877772935,0.02563503918450641,0.0,0.026203720833565095,0.0,0.0,0.0,0.0,0.01788808489015862
76561199114607305,0.049374751912478615,0.058317069334573736,0.011076977512928002,0.055925332166238656,0.024404039053786648,0.046930499256667514,0.08428907538629657,0.06615387157346458,0.01829860542502662,0.030399852399984165,0.03345751658209787,0.008676366665158216,0.010402632546064447,0.02482801465333931,0.022329786326168923,0.014874798686640711,0.0064520803063258594,0.0,0.008644700598393151,0.046266574445754216,0.10855183214086143,0.0,0.05252888853678775,0.02534433558851488,0.0430000979098136,0.014446494685280675,0.07220132179292274,0.004206099659797338,0.04787691122480575,0.010741473629828276
76561199116914150,0.07638850654642734,0.08725322197776464,0.0635067247851083,0.09041075023827995,0.02518638243154945,0.04518265263432776,0.026265361387718265,0.04650004991654357,0.05388028554478037,0.041692306701835574,0.03374748460340186,0.019799462436339108,0.012400211872478431,0.06064975812523506,0.04489274769061029,0.053505737374362775,0.005775919055470457,0.004961103478749156,0.025149355827329477,0.0,0.02796332529752188,0.03889154052000494,0.011533556296915609,0.01877320303299721,0.023450782564563004,0.02518638243154945,0.0,0.01877320303299721,0.0,0.0182799841951389
76561199120414873,0.0363519596990102,0.09098546965606877,0.019925407927969555,0.09158831830132591,0.018472187408780476,0.01616830470548333,0.02868862555231007,0.08219951072948845,0.0985851038546414,0.014922329083528635,0.04386839446618659,0.03315388193647621,0.0,0.07990883670898719,0.007494590134394381,0.0775271904025229,0.03037134269623641,0.004552232870474585,0.011403217603329803,0.0,0.03655264839521747,0.025207645360770206,0.0438221698676268,0.0,0.04729261970661006,0.0,0.0212622715383847,0.004552232870474585,0.016116465702402584,0.019027042821298693
76561199120639628,0.07534105297623739,0.066050865232081,0.00857735167502432,0.07039935576019943,0.0,0.012136495013838119,0.017045794173521582,0.06827901955499036,0.04833462958686256,0.04356868976977094,0.06952588194104359,0.06021135453798216,0.028296522194921115,0.029716616716965065,0.03559687012241659,0.035382969202478645,0.017360355854808437,0.0,0.017803653849506645,0.019719170519896793,0.11099957973584207,0.045047637485005045,0.035833927663743,0.0,0.02437815896091344,0.0,0.018195854639891856,0.007582675506058677,0.01869230663789857,0.015923210688102415
76561199121565961,0.07312336715185722,0.05330546236840562,0.05867860945801345,0.08486009283038647,0.008450519224682358,0.04599372839797427,0.03192755525356477,0.021929898388354345,0.07090353369482182,0.029759477420106883,0.053292703676933895,0.01654318157610082,0.021966756035421735,0.05930852635152336,0.06364016555247523,0.03596449826476404,0.042615075373780564,0.005982237428012372,0.03728181753006506,0.015936396734713625,0.02023053115861697,0.05464368027089695,0.014930379440064383,0.025408806373356546,0.0,0.012047625761996722,0.01628167348232711,0.008450519224682358,0.0,0.01654318157610082
76561199122736062,0.0701885031039074,0.03801029451551114,0.08199383151563926,0.047191643650087836,0.07265030651543397,0.042288160486323625,0.05319509844761579,0.04086284595634657,0.021230907966521793,0.0453922139103455,0.019934747585759388,0.033694351524693154,0.035992473573721,0.014873335051821084,0.014759084346957434,0.01386441132812334,0.013129240347873786,0.07030844724384089,0.0694591908826858,0.032567410397737646,0.014873335051821084,0.006301931901711613,0.0,0.03975813113440676,0.01386441132812334,0.03658357721678359,0.01652270984019087,0.030281404994894703,0.0,0.010228000181121773
76561199122977950,0.0802404153731423,0.05219200604768526,0.016794507488485728,0.048125952687765886,0.04690542140039204,0.022422228670115046,0.03782552197787655,0.08092780296570955,0.047447610545237585,0.055493890953292796,0.022754779143948092,0.007798128492978458,0.016252721793442743,0.03989553988942636,0.029659147252554557,0.06921934737925792,0.06047453328888082,0.0,0.02798210710297594,0.010216084406886641,0.035221963359210164,0.012380843795777521,0.03268325206405599,0.0,0.04228758625129406,0.01484450359801122,0.0140862084839221,0.005200097316741664,0.04029875388345528,0.03036904438747781
76561199124943008,0.06541142578986855,0.05489741983554061,0.03183385479483311,0.09609297150102981,0.010147715336819565,0.023367807107598178,0.05720470047492438,0.05726456515099247,0.03479934665343733,0.049681358161640383,0.02150123465506603,0.024410149372068028,0.018354183576100972,0.03183027576202439,0.07731489798178534,0.049967742851566806,0.023305413594878505,0.01700119311713743,0.0327086413631569,0.02298361548624449,0.03079652817082882,0.03485612215329613,0.022008273333514582,0.01131210940498786,0.03411857612405224,0.0,0.023587492697418604,0.01596899592448409,0.006182621653647666,0.0210907679710569
76561199126132515,0.0,0.0,0.0,0.0,0.0,0.0,0.0,0.0,0.0,0.0,0.0,0.0,0.0,0.0,0.0,0.0,0.0,0.0,0.0,0.0,0.0,0.0,0.0,0.0,0.0,0.0,0.0,0.0,0.0,0.0
76561199126787166,0.053437182759625876,0.07738757908627861,0.02544877001241986,0.0837936192401436,0.03720270092703901,0.015146251310838714,0.033755304747485754,0.08216945395562354,0.02760398967147783,0.06509680034611032,0.03248210059139851,0.013787797352921415,0.005023839576345476,0.028057225484171153,0.03437615031718934,0.08312590346639814,0.03898899707955292,0.01546042167505703,0.03046506429514455,0.013068006135363006,0.015814684856064062,0.005465419343257181,0.01527814319536247,0.0130219207587777,0.07319733018477677,0.026488381052299538,0.006102332858590264,0.02500586750257585,0.003961254021956605,0.019787508195755043
76561199132474887,0.0,0.0,0.0,0.0,0.0,0.0,0.0,0.0,0.0,0.0,0.0,0.0,0.0,0.0,0.0,0.0,0.0,0.0,0.0,0.0,0.0,0.0,0.0,0.0,0.0,0.0,0.0,0.0,0.0,0.0
76561199133897762,0.07102887719425219,0.05607873441447396,0.03459052409027776,0.12208529170147711,0.005324197225708542,0.023269432483666665,0.04979404925883711,0.05613673876248467,0.07011903920759448,0.038215878250420755,0.028037348590872816,0.024599438570665724,0.0045590855664298475,0.07688762629952503,0.03488706118158263,0.04003985604622197,0.03742062466760555,0.016252812224868768,0.020349219738610633,0.010962874862158013,0.04837502303159909,0.02877487209113479,0.010318966253751229,0.006568800646241121,0.03050126063383684,0.009735782767744802,0.005324197225708542,0.0,0.006178156412012063,0.03358423060023729
76561199135584637,0.0,0.0,0.0,0.0,0.0,0.0,0.0,0.0,0.0,0.0,0.0,0.0,0.0,0.0,0.0,0.0,0.0,0.0,0.0,0.0,0.0,0.0,0.0,0.0,0.0,0.0,0.0,0.0,0.0,0.0
76561199135781565,0.04224268051293819,0.04072259215450402,0.016665494927234372,0.10969011705573024,0.01861850615704207,0.021450273520654796,0.0612507516376985,0.07030046914462706,0.1176124905332063,0.026354906496538915,0.0346130555579654,0.012460883999379302,0.0004644489754588493,0.10328195243709572,0.030271730533873505,0.009956221451784491,0.0015200883584341736,0.011976568946463156,0.021606713100313125,0.020914408853446764,0.08604495619538892,0.0332806711834681,0.004620617455114364,0.013477813310972774,0.034118014587812086,0.021343742576490392,0.0,0.0,0.0,0.035139830336364496
76561199136746247,0.07154804117757169,0.03594220013497384,0.047217624185960316,0.03751990796930905,0.07790840737917581,0.06186884182319271,0.06899762511999354,0.033660672701223214,0.04517211721609174,0.02842803656943537,0.02511047841323355,0.016286961399361605,0.010023237270362686,0.020000551697211957,0.031692552507470106,0.049501520863609844,0.025967070980597126,0.012672550254863576,0.0513077900636436,0.04636881307878961,0.0,0.01299713518612215,0.021453758756132455,0.006455879956549315,0.01684786591676789,0.030715696490611826,0.04486370358529881,0.04211513145212183,0.0,0.02735582785032492
76561199136855449,0.05904610059247268,0.09165652257826576,0.03405729145758702,0.045685474307929394,0.054524836058560004,0.03819542118099189,0.03177739105814464,0.09399678416922463,0.01789155878854117,0.03463756269267753,0.0,0.037307563514400274,0.021088583128820677,0.023714712845499118,0.03411177860053161,0.04188153625812637,0.005462571650514989,0.01002167340223029,0.05811049035692621,0.040367216959452605,0.03912596772686867,0.006555278704742972,0.013452319403122135,0.017860440726585748,0.0464296521339377,0.026462799189056776,0.010066118743386344,0.010171252813526368,0.046103727201010594,0.010237373756865622
76561199138247965,0.07675820464552068,0.035115825899443856,0.046096038936125135,0.09144868169566674,0.011426285522090048,0.047532358269062845,0.031872120714305195,0.02360348193340065,0.0506045745099122,0.04134748986328836,0.044249477204385976,0.03137259642565325,0.019605978549784485,0.059876448643042465,0.044678588870679575,0.03439860031670827,0.01876513411471007,0.020099696160418967,0.06329471864101059,0.008722492918242989,0.03244472539057006,0.03031524877466113,0.0408923428289766,0.011813794404015865,0.02314907741191579,0.0,0.021899897999248685,0.010033127536176205,0.0,0.02858299182098316
76561199138513253,0.06490518281735867,0.0788743879936872,0.03360072862125663,0.07498824873450784,0.0,0.01747834403622756,0.02093595077085596,0.0604115458085848,0.04376405905505174,0.061767071984463226,0.05156309751490487,0.015419935632210674,0.024511392306987557,0.02701891307283679,0.042987414378965264,0.0805496789194526,0.01606594867977848,0.009537998225476182,0.02029236635538765,0.007421998795143687,0.055125654729301206,0.03623408620095175,0.04511887082533254,0.0,0.05559112830693452,0.0,0.018475639091942872,0.0,0.01670462984319107,0.020655727299208677
76561199140016913,0.10412432715747591,0.10603651369102747,0.08045070640805226,0.0365151115305659,0.02525017533130758,0.07003165484925135,0.03643477754672032,0.0249505070483386,0.023726617286985958,0.04281805318091628,0.0888689573155479,0.013762475845721848,0.008378075531804002,0.015782273369900325,0.029805355316127255,0.024257551031212143,0.01320434082319063,0.01951938022714531,0.02972765277814908,0.029460249923575845,0.014699856143876769,0.020084575430125706,0.03456083637145028,0.034650496954528785,0.0169909290347091,0.017294745017877963,0.007905673124229707,0.01243828815149705,0.0,0.018269843578688768
76561199141759033,0.04022183927599742,0.07684241735868096,0.02430656366613511,0.050844089010482,0.06252201955090757,0.04317711141757589,0.03217137306188242,0.05634137077408205,0.02869538287866249,0.020456909210652185,0.03409892222567068,0.04567370034736546,0.02533198540929573,0.014069113603418535,0.009573110023022233,0.03321481943529398,0.009051458583428013,0.002424198986929736,0.04809369998073279,0.013266809502175875,0.052493456083878266,0.009573110023022233,0.030553396880715875,0.048609929452243995,0.045387387839862396,0.02616826451657168,0.06429584846881381,0.0024658719547831615,0.029400749291266712,0.020675091186451
76561199142951886,0.07103099797952953,0.08503724128921847,0.034495151865692436,0.09528825611000764,0.016901314687274155,0.028737971732221698,0.021053850260042927,0.07571875405830157,0.04468498517172346,0.023598988937752526,0.047092623327713856,0.011481060349065413,0.006739925157574392,0.048851589353861795,0.03187686284981603,0.06026960743656239,0.025047649997369113,0.005770987076160643,0.020093841931799278,0.01365795831185251,0.0431072814969808,0.040510790708431874,0.023239611854775577,0.00828916783194687,0.04855189060127613,0.016901314687274155,0.011383213267483275,0.016729591625642623,0.01685457445899444,0.0070029455836547565
76561199142956823,0.0902701630185088,0.11269486811130328,0.0021628260307007723,0.08954428076841911,0.006089092510099682,0.0014756158359306361,0.01459469124503579,0.06304770706193404,0.019135899164809164,0.08625837706851638,0.07649272802843297,0.03524997868563765,0.007913614553992232,0.020683825203647994,0.019095797022655493,0.026996262223178358,0.0014756158359306361,0.0014756158359306361,0.020451154638640764,0.002217941157432646,0.12281942036657344,0.028941512293645204,0.0,0.012399313367974184,0.021654409969199876,0.0,0.05125801714154999,0.006225788595865073,0.05937548426445531,0.0
76561199143159259,0.0761372114523698,0.03843050379442618,0.05084564992020354,0.09613418554954346,0.02496090479943546,0.030518712553166183,0.04543125101529958,0.03152071626839912,0.04871819118092773,0.04473220850136895,0.01798250816035702,0.06075739870853591,0.0,0.05733896004916312,0.03243577149761866,0.005515623384024714,0.032145203790553536,0.02887552614670604,0.02963856727194819,0.010124791227671766,0.05888303078658737,0.005814442665100027,0.01444246406340276,0.024896616633252315,0.013584652766887938,0.019637965801763343,0.034724024886815585,0.03762014763775037,0.006152695624486335,0.022000073862235018
76561199143328855,0.05078811632144002,0.05404910580316089,0.009963678432123648,0.10313195265332632,0.008807329036338308,0.02613325583588459,0.03488855716481714,0.04222135098392815,0.10779758033403324,0.061027228914170166,0.029587299880654058,0.01377669349736643,0.0,0.08390828890801254,0.05410771507473499,0.05627811235448736,0.011028786881826043,0.0,0.03382966786359295,0.0,0.08531133088256593,0.03096382463922335,0.013544914556492444,0.0,0.03471528917941934,0.004434407245628814,0.012220228983978029,0.0043729217907094945,0.007847307193268536,0.025265055588817222
76561199145933358,0.07879772347278513,0.05785448837728544,0.03448309086333619,0.0892070004489194,0.004572674347720078,0.04079439751130212,0.058527690087989505,0.02375748979233674,0.07648161200717335,0.02581778661620245,0.03259163350961007,0.044984664076813806,0.012549136601020515,0.06825336882189008,0.03085339778112574,0.02312624463947227,0.032217017551715195,0.004643916293849319,0.04388551027669572,0.004901374280054027,0.06608329205799457,0.03719607523837453,0.030073331664306466,0.0,0.018075467202294988,0.004572674347720078,0.020087686289590425,0.00753854968856991,0.0,0.02807270615385211
76561199148191143,0.07125015730703571,0.12716027769643182,0.005493029453083876,0.11098426069978423,0.005762420025710594,0.006378345131809225,0.024114918396205533,0.08810954473372062,0.04824061266185811,0.06774399478625458,0.04365542655127693,0.025766933419680865,0.0,0.03784436595974204,0.026881896164124452,0.048584470698250816,0.012670730807827824,0.0,0.0,0.003994958629217736,0.09609797923486477,0.017512579214644542,0.011366171637415342,0.003994958629217736,0.05305277771976635,0.0,0.019508110648838006,0.008731161593394378,0.028173969301751183,0.00692594889809265
76561199148448392,0.12107655575558121,0.07061285332528665,0.06707263048753556,0.04799740309024227,0.03729607662182077,0.06672053115117574,0.021471437280633214,0.03675466782049918,0.007541366127090443,0.03928924728173337,0.04393514709131957,0.03276184823643499,0.05832074626620935,0.0,0.03061677409294292,0.018070598250854462,0.013830686162896755,0.021681678692160544,0.032971092529796575,0.03874882142223183,0.024190818885345428,0.028930847024295443,0.042183960433658144,0.004848291723733431,0.013723782415863483,0.013723782415863483,0.019801420226773527,0.009398798323839285,0.013830686162896755,0.022597450701285444
76561199148775972,0.06836542383462928,0.0703218471656813,0.08264289459256888,0.024385616568570783,0.035551700787570466,0.09481202231744368,0.0580280334354159,0.06042711651787788,0.010683803669944656,0.025896564348967456,0.08087540401345031,0.024354014276002752,0.023004851096832236,0.010683803669944656,0.01024542990528022,0.01134167591077136,0.010668966555500077,0.02504348880939749,0.035636317479464434,0.021993877288147987,0.013701812898626129,0.03493911248753663,0.012759421191552017,0.023130579263629613,0.013137143157415437,0.02421002487679911,0.01134167591077136,0.010652201377376625,0.013137143157415437,0.0580280334354159
76561199149640219,0.024760291051308406,0.04484681491809841,0.022442487758530832,0.0742661976928786,0.06341710576455478,0.009658512902588314,0.08031359625931019,0.03997215672031447,0.07461757958323098,0.013320385264112217,0.012679519849500642,0.018684217432794283,0.008802185970604537,0.06404163273458525,0.017059326289190702,0.03332798265428369,0.02665267930728945,0.05004483196433698,0.05532190396329715,0.012749405955189332,0.018836761090193166,0.017904491798080294,0.009658512902588314,0.03150618971637997,0.03372715674674974,0.038403202226931714,0.025294831645701503,0.03279373744880778,0.005671583239839079,0.039224719148729284
76561199150096251,0.06553878976821582,0.06604250755059124,0.005317935522336874,0.13241910181937394,0.01837501738790973,0.015365692842648968,0.054898404399374774,0.04777036079019083,0.10731354006508173,0.01030844621173227,0.015830738496388833,0.031152008189394318,0.004631298177262265,0.08977123720861177,0.028230922527657114,0.0328597589398856,0.01881374211884697,0.0,0.04308687235058604,0.019661734146312226,0.07653095568540311,0.01847696971674238,0.02807031626359527,0.015036458178826187,0.009281721672872539,0.0,0.018629381795143035,0.004631298177262265,0.005040785440069942,0.01691400455768387
76561199153422953,0.051235039997374984,0.03528302830732185,0.03945514665809625,0.11767261714903055,0.011349162071519845,0.020830421273409887,0.05043726662046554,0.04660869129505761,0.07707455140466872,0.013292953687461029,0.04607678517144234,0.027661366902194607,0.0078069136038210335,0.06596964988399896,0.047123115779442865,0.03863438639949031,0.013406086428421907,0.025005997102615467,0.06341134154101208,0.03275050962459018,0.032155721373918374,0.04446997751558148,0.026289104598602887,0.017396004718517974,0.007733478392948404,0.007335049256585861,0.014485693345304907,0.0,0.0033209364416518753,0.015729003455452365
76561199154157581,0.08959816788434635,0.04681955403409734,0.017466074181381148,0.06695108524297502,0.07501228450853283,0.031802322714191845,0.057463019668782145,0.036078851201222416,0.024830329970854992,0.05208597237625649,0.010679854616658716,0.03394567244780233,0.009645057334990544,0.01508882766191696,0.06323056817140721,0.05590812192343417,0.01474528983850277,0.007334274005503699,0.06497624986685643,0.03496819212912902,0.01999577900067996,0.017332571685481794,0.01930676196142006,0.012603942159613982,0.023452036932455317,0.027083639101137782,0.0,0.026601817010587038,0.0,0.04499368236978166
76561199156024770,0.07344549952911443,0.054285965202007756,0.02455278844557381,0.041881259830973155,0.0931106242542285,0.031713419715985645,0.02484995489525083,0.061675051709148186,0.017386900342295078,0.036303831184588034,0.023622983001208478,0.025908329282855823,0.011837881655271927,0.01193640758521821,0.048401715998686985,0.07850564773449101,0.018297538599041374,0.005862303124819607,0.04340235909832391,0.026231313192765535,0.012494726382441002,0.030488029896108656,0.018262023731668117,0.019316717467882986,0.05374142437260856,0.04362070545304776,0.01314643068518986,0.02475345796184813,0.011744800258486085,0.01921990940887058
76561199159246290,0.07838298406050241,0.07100715811587742,0.06731905847134802,0.013384724710046713,0.013397795234300071,0.08920421571589629,0.014422715798896795,0.04472737132963773,0.005777399383204737,0.03676591508287194,0.06559466219025284,0.03826049854346642,0.10486387589910413,0.007773796525022569,0.007386629485123165,0.011739173678257105,0.0,0.006495991378116065,0.041007145151685735,0.014422715798896795,0.00703608631377363,0.01677317102516331,0.08793778991366025,0.03200450597305567,0.034673132824203784,0.007773796525022569,0.031652029938122814,0.02159405758738465,0.028621603347106474,0.0
76561199159754169,0.053659834379942865,0.06964486352361214,0.004202594372012102,0.08241150815896445,0.01134425249417547,0.008843797164180824,0.055622882066240005,0.06229151958434849,0.014818513785500443,0.057575829210874424,0.018437885566498835,0.049942578086801956,0.0044467345896964505,0.019021108157512543,0.02645188696425808,0.05075655087591422,0.03286094859347769,0.008789517506456318,0.029886359563403592,0.004631684441774699,0.05638482220846944,0.01367167202563732,0.030589990356840274,0.0,0.05113527428647405,0.0,0.06190041742212701,0.04966959555191429,0.031248634545992852,0.03975874451689934
76561199160326290,0.07518846706321089,0.054374110110123754,0.018671315297611065,0.08210706463293252,0.054246753285870725,0.03200347742178456,0.03538958642424181,0.05486248374773418,0.024981205318789515,0.03941930371810978,0.021758891375470206,0.018903275683904413,0.0057845710451340845,0.03301692521055275,0.056236836614071556,0.0781277459417112,0.019626416014446743,0.0,0.04894298446122401,0.0325372412407056,0.03626548852101197,0.04713173093781924,0.015067037819066322,0.01630171819194203,0.03806983085696787,0.026993108498233855,0.004406860538040509,0.0,0.015975855980623847,0.01360971404866503
76561199160469265,0.07936381402457028,0.05193030614282531,0.066481311422908,0.05450630871216066,0.045408704654187955,0.05359669949316987,0.05013841959072173,0.02065822493399739,0.02880942747882622,0.019517498970885616,0.05758482294581763,0.01954434791001323,0.011562853222945847,0.03113539162677587,0.024740803844543066,0.020867876858682376,0.01570257502280893,0.06991876705294155,0.022462290513604998,0.03287597970913803,0.02113827011966875,0.026552579022128018,0.016212992368696853,0.032106169664899153,0.014972000029105785,0.016110467711023774,0.039055861047803044,0.022681851900559807,0.005137665138932457,0.029225718865658015
76561199161773396,0.08733214376852232,0.044867781840284594,0.031084917087556094,0.07559401348537535,0.03290815024750721,0.03725866552348987,0.025500884761185907,0.014158266964651653,0.06070401452432107,0.02833565971153874,0.04664298622027771,0.013900074732075461,0.030823035965261685,0.05423821187297693,0.06893660247138042,0.08298507086799617,0.014281647555618615,0.006054173842206961,0.051773543174830364,0.012951100807115633,0.017494609024299633,0.05449815866493844,0.032584373440642786,0.0,0.014158266964651653,0.020350192045434336,0.006054173842206961,0.012301725219672302,0.0,0.022227555373981214
76561199162150157,0.07536144416651172,0.028274863246495165,0.04532274408259642,0.05467902885185568,0.06986371257381058,0.08261136516427929,0.04496481668277194,0.017235815843804736,0.04899587171607935,0.034348445187353485,0.008668308171779066,0.028508924284545482,0.009292802610751928,0.04899587171607935,0.05841620701462024,0.02211115058136347,0.024500191704980027,0.0,0.07270754935362993,0.03879037172524216,0.010596294078748712,0.04420482515854698,0.011607203509939662,0.0,0.022550216327525997,0.03445103377296169,0.011159826854128842,0.027941877728043452,0.005563842547457745,0.018275395344096848
76561199163724629,0.0677095004625899,0.060571617212286856,0.03468423801300711,0.0646007462313917,0.046395252464155046,0.05077919299871904,0.04306788004244673,0.05459735876544268,0.030874987533744104,0.054640908906182596,0.016938208614395926,0.016722501465820966,0.004292566187680712,0.030874987533744104,0.04767118370244188,0.047932023513002124,0.017093135210292747,0.020618169133035685,0.052718906557334605,0.019177182363081215,0.03164187473226554,0.029683258521651386,0.014405910029840477,0.002042275071895538,0.038963913987565456,0.02382146543105641,0.03610727756733018,0.02238212941572357,0.0,0.0189913483318756
76561199163970610,0.0694663402658452,0.050807685903737736,0.004839385794815821,0.06625910751285094,0.040719106500394696,0.02490498966863731,0.06553146587623851,0.06653142407329055,0.025044275689863275,0.052803395261467614,0.02233087808894673,0.034065011224566066,0.011499639712665986,0.0343556712956975,0.052053520394042055,0.042979031482424615,0.023043173318121984,0.0,0.03923601757627892,0.01890725859898275,0.04269643041185728,0.01845808283586557,0.02038809255354039,0.0,0.04149637623091109,0.019113919092312647,0.03717179984477136,0.026172470038516825,0.013176199544526309,0.03594925120883039
76561199166182764,0.06550035733154379,0.09377031828262575,0.022821724531271063,0.042023709849848954,0.010952612489701898,0.040202981807065816,0.029984918997683897,0.04093615104668194,0.024847309534227428,0.07575584434089024,0.07763615677609159,0.0562368414666196,0.05144136248619944,0.012158208581313626,0.029037729944712574,0.04845115483375185,0.013510619514927717,0.0051023467921417825,0.013990116133958608,0.03322748792918749,0.01616343194471525,0.011367226382353966,0.07311306114848862,0.04589907430095584,0.028347025835074795,0.0,0.009064582081378452,0.0,0.007265901813590568,0.021191743822997582
76561199167276604,0.05903295036527817,0.04842628329278249,0.028964562805022187,0.10073292091316455,0.028413559376427488,0.0134741901711851,0.06066004585416377,0.05532208446728935,0.03188736799334121,0.06211010427967074,0.00893834638518675,0.03926751156778205,0.01330436575080746,0.04976203045002812,0.06360488315910624,0.06836095540557276,0.06189688478817884,0.016968922220799834,0.01927205653839039,0.009173598734757664,0.020034172879632713,0.013469324740674544,0.014477032385852242,0.0081774620565552,0.029159323180513005,0.015275724147845098,0.0037519788175006817,0.013245958666832603,0.003792950352792451,0.03904244825286647
76561199170689400,0.03418724600984316,0.10885328099114813,0.01562892512920567,0.06502515138568483,0.01653674811872009,0.011225056102048594,0.04607714820626421,0.09500645799289294,0.017284264268871655,0.059670982497635444,0.0629024842548852,0.043403368305154184,0.0,0.011255211442912503,0.006869926169955452,0.029885705792145115,0.03152589665125784,0.006262457760158132,0.010303371893477931,0.005471083306782584,0.07727510604504036,0.005197470361884523,0.01805034917509415,0.0,0.07476886652221264,0.006869926169955452,0.043992535524345365,0.027587987215199845,0.05645426564243687,0.012428727064787183
76561199171022045,0.04568143280917732,0.10603076704376778,0.01224474056203778,0.07347610492056546,0.026145855483405197,0.0,0.022223249691869455,0.10606824788380761,0.045073520152809146,0.06803814537606381,0.020778182308545317,0.021442203759601677,0.034223775961184005,0.02775229476154599,0.038373636704805494,0.10433352733278174,0.011057725256858181,0.0,0.025751673752982915,0.004199695566756879,0.030748454946887223,0.028081054201286808,0.013231769184157497,0.007156285949107597,0.08083094058416722,0.00747523200849324,0.011644199473554728,0.005327722894062272,0.016843585020182832,0.005765976409534665
76561199172855668,0.055605291190511615,0.07055997711315748,0.026468807087792763,0.1014092917029335,0.02773659178263073,0.01355892681159955,0.042052516502483345,0.05334192589912549,0.07125860348960285,0.029386406177531448,0.030731034995522658,0.03597691890506362,0.00593103295320104,0.06714875045715879,0.012474742837857876,0.018496568878740176,0.017228784183902206,0.00573689952289576,0.025957454935748168,0.00782202728870379,0.06787124455882687,0.012374348630652721,0.03273003967257448,0.013299598634897587,0.02631549537862934,0.013804638250896223,0.04949934726576474,0.0,0.04167731997706096,0.023545414914534178
76561199175895006,0.06019588410535359,0.03748531033974216,0.009475923664324903,0.10035740990510696,0.03132644053631543,0.014448739709077592,0.06879168642374933,0.025024272759577353,0.07513480057968752,0.03713282633935769,0.023616184728261543,0.029147046213996993,0.007666034247460613,0.066039354593195,0.04466459555385006,0.0575957871034888,0.04493529035268609,0.005580083614547653,0.04176104627425514,0.03432356977379313,0.030293100082162478,0.00447438858323511,0.0364678663966229,0.003955069635080822,0.021069203124496533,0.00640604535812854,0.01127425513870225,0.02605755189470976,0.0,0.04530023296903406
76561199176943260,0.052303866048671224,0.04230454583700528,0.018468796607644253,0.08153152659364497,0.032671679390951384,0.040625966337650705,0.08582764593493948,0.03544727747541978,0.04770027052031516,0.037915096095223394,0.012748272077212219,0.023959030869969932,0.017815990646393134,0.04081545021540184,0.044342308517128,0.036578514440414135,0.032060187861294366,0.004440879676463344,0.042772533711537435,0.05029908800155271,0.011717510902454103,0.0,0.03649578200015393,0.06082571414595328,0.013675420204190417,0.025266273269643407,0.004782623606760636,0.014116413509584338,0.006999925543412671,0.045491409959014587
76561199177263814,0.060694864684383405,0.06438905890073945,0.026810791817579525,0.10239165910390595,0.02231164433079156,0.026930209531027195,0.051059493522139246,0.04668393772247914,0.054856026600268996,0.0432027092644245,0.010406830970006378,0.022489300540535374,0.00694808462685561,0.06801012293959813,0.04785778943056323,0.04997468697467719,0.029514351582949468,0.008808164369356612,0.035131236254864064,0.005562006052237263,0.04756382274581283,0.029484254722609855,0.02544676006912186,0.0,0.034540590480431385,0.005889141921720302,0.02888496728367307,0.02198450846130852,0.012645330638132566,0.009527654457807328
76561199177394627,0.07831544378695714,0.06056197461959468,0.049918352785708255,0.08869072452761438,0.0187102531945966,0.05021675290183901,0.04516656908330094,0.06413105099213198,0.057262391479923964,0.028613921220284985,0.02017398898264804,0.010665316333193153,0.01705220208753785,0.06291692651955781,0.054229288534265875,0.03249334184287626,0.05405773816353696,0.02717219685387791,0.019472152363203765,0.009167669046650957,0.016990557108918416,0.042934257102295655,0.015415985583985806,0.0,0.013163685674471737,0.00929344479946594,0.009167669046650957,0.009933856212339344,0.0052653516207026825,0.028846937531869187
76561199177732895,0.04324276254988707,0.060976161686705235,0.022728768689603187,0.09498657593351918,0.013989602073731084,0.03557341868429025,0.05906282458767224,0.05916456048417701,0.056174392437155767,0.038565346007977334,0.045735251729637716,0.042927002554513975,0.02013315140095638,0.061096218403372725,0.025317800896469185,0.034043982749444215,0.02540942284634729,0.005063771988207788,0.034031352442804315,0.01306964782719584,0.07014972246545444,0.032683855408202275,0.04145196138749997,0.004829855568830015,0.02186731654400814,0.0,0.02766344852990134,0.004352971994753557,0.0,0.005708852127682663
76561199177743352,0.05081081570463664,0.07689677738704628,0.02210055994262851,0.10762921733061961,0.02870683028858502,0.02084404806547402,0.048526614508623805,0.08201364300349283,0.06918423996964196,0.047230471233182504,0.016664265930864272,0.02761251068934095,0.0,0.07378406022555623,0.02667156139944103,0.0582527045673559,0.018337951507792764,0.009801655569790983,0.013369594662538566,0.0,0.04573408192708812,0.023692873300483443,0.02962931004741082,0.0,0.04546661131793159,0.017938916479561424,0.00578132475029122,0.0042725526752715355,0.0,0.029046807515349885
76561199177799021,0.05520726449712339,0.010684968171727517,0.049160407935739704,0.06254723219737174,0.061723908924388934,0.07487422084657548,0.06914923365804704,0.02744735729546078,0.048920105390631935,0.017785897238609183,0.004559239638965335,0.006365203662688555,0.00904222064708522,0.031553412417423835,0.07697325809606011,0.029085707076642705,0.016250198143057705,0.02255414563263761,0.04000396232168899,0.027192648574424168,0.010433345954121395,0.05245754040985285,0.020556241093264843,0.011209005533357888,0.02857209433475292,0.05437101720303437,0.007473896805025914,0.03142963739108818,0.011204365170584332,0.03121226373856733
76561199177910149,0.06952711222816112,0.035287287331979854,0.06476221674137515,0.03486512453813094,0.05926674999411661,0.04319733802371794,0.08282749579894245,0.037132408276380854,0.0,0.07365147807182026,0.004651023633385276,0.02507209071480007,0.025051396094604883,0.009756535594019783,0.0412653698956594,0.009967797626077045,0.009881495163363091,0.07602457489420587,0.02409648617660772,0.07042739611822542,0.0,0.0,0.013824555091286947,0.012930447453377316,0.012872390562769792,0.012872390562769792,0.03407489224670037,0.058671670278157305,0.01642797865941603,0.041614298229948665
76561199178946434,0.076526623055192,0.07071375805103956,0.017908181877049408,0.06511094841382904,0.06289452757284797,0.05981626086848268,0.035141185813300356,0.051757963833702146,0.02255277061758112,0.03921105309546359,0.019635584502978233,0.0,0.01716724746964971,0.022133630992478184,0.023062373948402687,0.045302929897030476,0.004120689353818138,0.013434612602571228,0.044375203418078185,0.03933455837086187,0.04012073417414783,0.021196546733031937,0.018323764452978345,0.014920758042869778,0.04356454151870135,0.05441535002028069,0.03218196598806058,0.020722743075327493,0.01747769280867088,0.0068757994315745965
76561199178978453,0.0,0.0,0.0,0.0,0.0,0.0,0.0,0.0,0.0,0.0,0.0,0.0,0.0,0.0,0.0,0.0,0.0,0.0,0.0,0.0,0.0,0.0,0.0,0.0,0.0,0.0,0.0,0.0,0.0,0.0
76561199181453644,0.03567133130010483,0.05474676634121101,0.041648954409543394,0.08595630405527904,0.015022135340954403,0.031505465576417487,0.03279989205192376,0.043749716700157246,0.10976415514182329,0.016361962648995792,0.049397666477271986,0.019877961854471004,0.012230711987298314,0.08717152001689957,0.018565074747817205,0.05183469237954352,0.007353296832203301,0.0,0.059249564252553184,0.0,0.07607801161462314,0.0419167164986763,0.028470114070370707,0.01456492682790297,0.023805376409338348,0.0075787215806118495,0.0,0.006966399944178593,0.0,0.027712560939829822
76561199182477254,0.04063692809989005,0.07471603410339644,0.03144605795133613,0.07451961431302327,0.03431028006456654,0.039959370779445925,0.028452559341749818,0.07697925253461527,0.026938982352001536,0.05039309369445194,0.015447515494277857,0.017175756116433825,0.014450224897023058,0.058901928088338225,0.04532609966957178,0.07227052912817666,0.02168512444120974,0.0,0.056185818002202466,0.019281236268761586,0.031019619773344383,0.017646653172269947,0.019800966735759887,0.018170919185133395,0.04976800687902719,0.026940476037937065,0.011312328342553855,0.01318515347860102,0.007504267262391585,0.005575203792509681
76561199183568045,0.0735180862772044,0.06450418121913032,0.04480895252831085,0.05956538882185479,0.038239648432774165,0.06513744019517287,0.03255727027259543,0.058067310371794786,0.03541606073035382,0.02933250037080328,0.045580320981911004,0.04686941452956973,0.02627801519046423,0.021107518477439583,0.029647629630406683,0.038782617841850185,0.036921012291020086,0.01962871183549558,0.03918598000750401,0.01688328416403133,0.02114158995064271,0.017288193174938446,0.021622348467924272,0.014705721815913285,0.03692887348677679,0.021122041273464138,0.01048622808576142,0.006071480574887082,0.0,0.02860217900000472
76561199185923126,0.10230663044891608,0.012497262438075814,0.10455221610251093,0.0266279626169951,0.04568685872351867,0.05815042999148597,0.05903718904768821,0.00566361998543047,0.006326496230639791,0.08077376937299495,0.0516608171495001,0.022992241490205727,0.014541728457156738,0.0,0.06885577331558812,0.02153770917316649,0.04404138053005458,0.09849659961903838,0.005343991226670974,0.026736246938537468,0.009972207734904816,0.005343991226670974,0.00566361998543047,0.026864328829854157,0.0,0.00469591493095079,0.011074783706846602,0.0348098471969525,0.0,0.04574638353021526
76561199185957759,0.06469845339419021,0.09012767728165415,0.03858860030488693,0.03457335200672153,0.08251543822627776,0.06438382990801898,0.012666046310511271,0.0647189587756788,0.028281234195451747,0.03831873765287963,0.026442486635901256,0.0064966613538589065,0.02570274284979737,0.028281234195451747,0.013351056500885389,0.06391251431463946,0.03837938456570334,0.006340102131103791,0.05123319199457716,0.02517555461096846,0.013359729372311942,0.03454893396357243,0.01954775271448338,0.0,0.057827616354416876,0.02585071458423161,0.006340102131103791,0.006325944179407479,0.025671847360210807,0.006340102131103791
76561199186500350,0.06248693304301793,0.07494863440533024,0.02095206397714794,0.11712308296383539,0.01685417945861131,0.005234623054690481,0.02551056581402269,0.06823762656462345,0.09105570645332664,0.03633494647511384,0.025959916375664752,0.015400097893106531,0.0,0.07751504898643781,0.03743370926757028,0.06822045165784651,0.04292745075219755,0.009638665480022238,0.006198796930405947,0.019096371404879544,0.04419314995411488,0.031769570195032196,0.01885545618177586,0.009621460813564395,0.034243327243034576,0.007379268867296158,0.005234623054690481,0.009474910591315151,0.0,0.018099362141325268
76561199186714151,0.06155988438306065,0.07688931631307162,0.03210346609049154,0.11759983364837118,0.008333781079381012,0.01843727939031318,0.021079057099161136,0.03761213790854647,0.1008285893709107,0.03829673776871257,0.019305893235869988,0.013563625123414347,0.0,0.09407985347390826,0.04388546137824062,0.06948592155497774,0.0327460854544304,0.0,0.01838186996581868,0.0038451890395758866,0.07126986034953825,0.040350288093186144,0.01586577961331602,0.0038451890395758866,0.02757633966968326,0.004124831686260193,0.01433156996260755,0.004208949393120819,0.0,0.010393209914456025
76561199190983452,0.058429671881883874,0.08754032296170654,0.052190745080765766,0.09627334213946176,0.00879495268185209,0.027308306652610637,0.03034789490941735,0.04668288742003005,0.06182144253101546,0.04788993117597806,0.03776351520570765,0.028184371064449144,0.02537288730237367,0.061782370107569894,0.024015310553626552,0.07605637833988436,0.03201467607182421,0.0100779212310921,0.03103563407716176,0.009015577364353228,0.020086415660222016,0.015590539142135896,0.02843624439881925,0.031712986066749056,0.026855210642409304,0.004978834788773799,0.0043527186756783945,0.005823375235962765,0.0043527186756783945,0.005212817960807283
76561199192245348,0.06333763922996231,0.042228272775662254,0.029566649979254383,0.027197414114468615,0.09090114152373746,0.04806678185333197,0.059648268731829455,0.03142619053660662,0.0,0.03830289776635146,0.01911500928926828,0.026769902142153523,0.04806410941704242,0.005242651851254003,0.03335947644941818,0.04133698208655595,0.004100586290731425,0.01241835188423637,0.06377832963113551,0.053248363843483845,0.010053749591527751,0.014916325460162232,0.01516555015248855,0.0377334530010649,0.028797872320657072,0.033729613071918074,0.02888466822776419,0.039122929985176455,0.0,0.053486818792756664
76561199194402331,0.05070703413898972,0.05494139082246209,0.01976413030678531,0.06828756671955188,0.03252872681743497,0.036265723044043456,0.07369656819993396,0.04422486933203915,0.04738789367989894,0.03479460776286358,0.029372250655273133,0.04054993405786837,0.025034601647598406,0.0406750068221824,0.027690829006495696,0.015139355720272366,0.0,0.00595952607328943,0.0519318869026597,0.04447701045966165,0.04389101286157941,0.017586405226549612,0.03063232512751662,0.007668897084298896,0.02547631493863924,0.015694227832618573,0.037507680169397935,0.018584093240910017,0.019866446728712885,0.039663684620472664
76561199195416934,0.04654240348190768,0.07364861990854764,0.01918717487663552,0.07066581605560349,0.022773165801809096,0.037222403522918605,0.04491878005297196,0.07597494494834445,0.050807473742359444,0.03636789661903614,0.03636905678436059,0.03411839138114336,0.011931248987760615,0.03987850436731684,0.020162541068773035,0.040123742329122546,0.0341564080250227,0.0,0.01501004375558219,0.037008820108072264,0.03824192912092786,0.006532262920938611,0.034217450415951464,0.0,0.07556475049319869,0.022773165801809096,0.023856226492524682,0.00978919720519418,0.026379179016322748,0.015778402715844454
76561199195958449,0.08334304486761641,0.045899071563246914,0.0364383460112622,0.09216267365143126,0.006791671016457445,0.02379031703062769,0.037096180464775926,0.03324131999565993,0.06900319964007302,0.044082351909256016,0.06175038784565342,0.02357708740860269,0.02033608295795592,0.037976593706567884,0.05011410635888902,0.026631243486425243,0.00631514980325006,0.0,0.029779503322623527,0.015668236013294864,0.0675148522301334,0.03695858713352101,0.02916146902295972,0.019569255540329983,0.00664277372081538,0.0,0.04255243551892029,0.013422480443673548,0.009047149173031234,0.031134430162946054
76561199196035407,0.0910882117825122,0.06224039480429919,0.077514300530028,0.04689904593281324,0.0,0.07231100995840252,0.02328824762907114,0.04142308321804352,0.0413492360099541,0.044171912531913625,0.06022505155033113,0.011431357216336046,0.02618515149511361,0.03689584515043023,0.056254852137332584,0.04814272633219984,0.05281159362733798,0.01445005975177044,0.011994869225510305,0.0,0.006134699073830749,0.037976344296441006,0.05033067483652946,0.0,0.020123594583336627,0.0,0.026178567951520838,0.011431357216336046,0.0,0.029147813158605658
76561199199012410,0.09419889990492449,0.08235551826771657,0.0699374168640628,0.0631126733797012,0.016746705425145503,0.04398953216197596,0.02229534558869644,0.05711810389358638,0.04689264643591933,0.033006014751389055,0.043774927550340376,0.0,0.0601447464150865,0.04689264643591933,0.02669327796469751,0.05638441830305787,0.016110159039961467,0.004855453837209915,0.014490414013485865,0.009042940806350779,0.04121311488395474,0.022926550221032543,0.04446497452432099,0.009487768258444837,0.032061553224457896,0.012528522381114177,0.014293686079080938,0.006690489992966965,0.0082914993953995,0.0
76561199200039007,0.08979473915149287,0.06874230841159815,0.05832496190558211,0.03341993276077042,0.05403698991815417,0.07615401336776696,0.04207797422884989,0.056946117336224795,0.005318282562779217,0.05672815191496701,0.019537630630907583,0.02201170485926202,0.010283974168490568,0.005318282562779217,0.040860234355203334,0.02976489780931587,0.022008069733635352,0.011443687288146853,0.03782486641394566,0.059246957438752225,0.017540828950240478,0.012000242992251522,0.005800594513371683,0.05005944775996419,0.04206653083707835,0.024046202937963966,0.010436176839165314,0.021813791393159955,0.01639240695818022,0.0
76561199200202957,0.057463849489940856,0.06739407495473211,0.0352736880601427,0.11191249475928977,0.0,0.030993327401942397,0.010194117695817372,0.024376574306978073,0.09849724377147227,0.04020752904024371,0.01781654174104893,0.029278055756312652,0.015566651127626058,0.09369207733333725,0.057083167025951106,0.05841667202963076,0.006365365778673879,0.01310380479249069,0.030678110078801734,0.00824215026770502,0.06400841171185256,0.0481620431210298,0.01991987254758482,0.007109343067530106,0.018767617901654206,0.0,0.01345904636758718,0.0011328072001749135,0.0,0.020885362670449006
76561199200353988,0.07031125864086016,0.035414203530812434,0.034297528208014176,0.09063531485532098,0.015239386886486295,0.024776841105667993,0.0497830216381833,0.04320256518921918,0.05916780564868263,0.023321069177067676,0.05286661717004942,0.027656210219306535,0.0,0.04376170730185656,0.10270849049306872,0.04620144514317599,0.02415741712944848,0.012219766054138813,0.040571823640996006,0.03408589851835698,0.024005264913209375,0.03458679897672183,0.010901765173000393,0.017267062956391334,0.018267760800873747,0.004788743897822781,0.01618323158415226,0.012310127102550885,0.003983339382361289,0.027327534662203744
76561199201774235,0.06996339465181328,0.05902380805567681,0.06318990285281255,0.05581631027405738,0.03351914968124678,0.0672250421625281,0.03627247990744995,0.04897368393001793,0.04728437176992303,0.02887638704414504,0.040931728901929136,0.009028002146818663,0.03327318753214755,0.047054686784683296,0.02569250469812655,0.029411515846059947,0.0311626585992193,0.012437212461780188,0.02822350289830237,0.02724526256092465,0.01129734590742245,0.04829863059698083,0.025555459633607946,0.004494898878076714,0.025316617248522164,0.026443699969251454,0.017020322826630185,0.009070835505423227,0.010553931015209822,0.027343465659212692
76561199203270822,0.04867812109661224,0.0392964918160553,0.01527869120186848,0.07405272861396885,0.06606634902651137,0.03629130729161985,0.04362465006913701,0.04799146705087978,0.031174169676991468,0.03337006089851275,0.010369587113307332,0.0317491783778071,0.013756879508191178,0.04530854430981265,0.053587118325651245,0.046081106875681045,0.009589916190259132,0.023032931905861462,0.05121246965168185,0.024705727249534085,0.018215463012596717,0.028830382178151807,0.017413702941671494,0.00846133826219206,0.05221952021776252,0.0366234661400707,0.024277831627303206,0.03480679329583672,0.008661879267976997,0.025272126806493513
76561199205535040,0.0397633065872874,0.0712540023543176,0.028337362954421727,0.09418196293512196,0.033203529105552104,0.01914370453897365,0.007782499268090942,0.06275300424822537,0.04928769252932317,0.03868893907251927,0.043915381939704685,0.021050574364251288,0.017865654545764463,0.057226785869438156,0.039064590662804675,0.06080575078925924,0.004524494202015574,0.0037611130923240472,0.025464749268782,0.0046415827809832754,0.06792016274068734,0.05313223330771385,0.030909098166629154,0.007812024331290922,0.049617424184732396,0.031896310357356024,0.01048792808726482,0.0070191181583994155,0.013206123010994018,0.005282896545771572
76561199205562180,0.11231102444367863,0.09420552881308822,0.09732079932994087,0.04787197054009461,0.028525698001317795,0.06543569761171662,0.020205534159354225,0.049169886211951654,0.024879267693887108,0.06548352181283179,0.03820826064031592,0.01159818671409324,0.03195116123552494,0.024879267693887108,0.02185410972707938,0.029378595461712703,0.023280726182207296,0.011225672492902563,0.02012581209777283,0.026942993713700042,0.016623488078506297,0.02878158404726349,0.030948502395137998,0.0,0.035801777659541165,0.014675669484246196,0.012583701095230524,0.0,0.011200945650399174,0.004530617012617386
76561199209636789,0.0677584434122459,0.061252230196262095,0.040075844707237816,0.0663915461622182,0.06976410342742462,0.040150629227519614,0.06565349062572175,0.028961139974889253,0.03865926081948363,0.04142324807509923,0.014155940930784166,0.018431401654749623,0.014373723991761492,0.03514911566448052,0.01668006966481884,0.034586247521063956,0.023034375526529167,0.020504140690905164,0.05327165404876119,0.023645675099555948,0.04165957453678958,0.0052369229500557925,0.01375021819683895,0.017815725697387673,0.023552267149163985,0.05253494685632537,0.031119837491862125,0.025482885468892144,0.009516467405446975,0.005408872825725266
76561199212301613,0.09040815463609139,0.053344531015129856,0.06367810774466226,0.06222883507418891,0.022496674936785838,0.05374466245545523,0.04633522697170325,0.053955495091882,0.041367025237641304,0.03464191608884469,0.04374172984029415,0.007793336474746694,0.021548416730579775,0.04158590070894779,0.05096840981468635,0.029581782304496318,0.015531192078964773,0.00632619400722393,0.024120148301395538,0.00723249434133101,0.03590137427554996,0.06127433886313731,0.020924195435452018,0.0,0.022203457657080167,0.01844757673062033,0.015597487573233575,0.00723249434133101,0.016416466334495665,0.03137237493404906
76561199214007024,0.0,0.0,0.0,0.0,0.0,0.0,0.0,0.0,0.0,0.0,0.0,0.0,0.0,0.0,0.0,0.0,0.0,0.0,0.0,0.0,0.0,0.0,0.0,0.0,0.0,0.0,0.0,0.0,0.0,0.0
76561199214725358,0.03592951876847213,0.050236652370755794,0.007094286841373192,0.12849512964586232,0.013405826078312925,0.006757292820480558,0.05049357543303378,0.04511772352694865,0.051887193879682464,0.04561748250372532,0.03548480327910328,0.04537645565320554,0.005807830347535851,0.0668469280451065,0.04232499820249292,0.05372931189745411,0.014282868828682092,0.0,0.022003577809270702,0.013294439727013057,0.06278591684252678,0.048600052636859584,0.020551355143118677,0.007056611645668483,0.03116677658445247,0.007645291271093889,0.02324452566374119,0.018545020812824213,0.00912116926374232,0.037097384477460985
76561199214927585,0.07776960806821016,0.06590832841063955,0.03231171272404001,0.0713119505044443,0.05000629696093344,0.05794510329817044,0.012970900178216407,0.045098922381799016,0.04404818127483646,0.0518500025777264,0.03996477815396292,0.04167488011501643,0.03450382997709887,0.03444121752952959,0.04465960390900008,0.03498185789271997,0.015917444518355174,0.0038448060446054128,0.05418758607764536,0.009028156543950863,0.025887630025817055,0.03082503372191576,0.020474137766528365,0.030664288241272347,0.01647057518251063,0.027162061191752403,0.016044916418145767,0.010046190311156852,0.0,0.0
76561199217005171,0.08225360764622014,0.06084832250217972,0.09699386004755856,0.091057843790993,0.004668661941684798,0.06317639514315622,0.017585050366002167,0.03298009898661357,0.09230674366840359,0.01873786695243914,0.04721385495229483,0.007314323916013924,0.0,0.07814145536667563,0.03738672209206226,0.04225356537208976,0.057377284562941944,0.01065051940275222,0.009492395860526918,0.009287310656886465,0.021681476043074292,0.07074501618565002,0.016233222398273992,0.009433696279967546,0.0,0.0,0.004668661941684798,0.0,0.0,0.01751204392385447
76561199217242920,0.04629984434606199,0.05230507694894633,0.04134963302145598,0.0891011391011771,0.016497113480044023,0.01971071944609628,0.05773224180513522,0.04938988035550999,0.08384379704395482,0.055289018505176916,0.01898516132437917,0.039972352132132544,0.008796224302218401,0.07719629206697354,0.038093742540294045,0.0389143601741776,0.024019727159351165,0.014496642158522227,0.007139666715683443,0.018657326916679463,0.04557842237507046,0.009257245342395831,0.012115126990237394,0.0,0.030482154331379234,0.02482580303496547,0.013352173861197197,0.016959462748862574,0.005454280279178715,0.04418537149274294
76561199218023441,0.10897898998238603,0.07951079468561238,0.10118316110882983,0.04002987409875526,0.031128164493750277,0.09249744454164882,0.016224294942454767,0.017069727090386864,0.047653970413795654,0.04730161763293285,0.06175902700028442,0.023198148659310264,0.015807570041796535,0.03954170203586396,0.007017275715551319,0.008112268377931699,0.029914247750805825,0.0,0.05200168208620024,0.008665396574901105,0.026096950407969548,0.07014023049913207,0.046596347482709854,0.00839496263753708,0.0,0.007108016237510804,0.007017275715551319,0.007050859786390982,0.0,0.0
76561199218251849,0.0767815337446611,0.062775046174945,0.062775046174945,0.033225964345082036,0.03922626415570423,0.0815927742143848,0.02205521515455353,0.0,0.04787175316632093,0.0891471109937687,0.04960423661179428,0.049456175060985874,0.0,0.031176870673338512,0.026351804376355443,0.030792943187563364,0.053232085827892045,0.02379973351917999,0.07325358363566307,0.03922626415570423,0.0014379004253737963,0.01868583169468905,0.03684237675622665,0.025671627565698137,0.0,0.0,0.006738553997522854,0.0,0.0,0.018279304387647365
76561199218355105,0.0,0.0,0.0,0.0,0.0,0.0,0.0,0.0,0.0,0.0,0.0,0.0,0.0,0.0,0.0,0.0,0.0,0.0,0.0,0.0,0.0,0.0,0.0,0.0,0.0,0.0,0.0,0.0,0.0,0.0
76561199218902109,0.04885053738705126,0.04132854147222761,0.04031920693665924,0.05023876265762642,0.07469400375338817,0.05087079914575992,0.08375935064148386,0.046686689257153975,0.025521680070773795,0.031377048698609834,0.018494679366643393,0.01446104486565504,0.03237047516248518,0.03104405480247436,0.018856754214482428,0.04289350307733149,0.024272508107397606,0.010152758808073004,0.034465743239198245,0.040192789352668803,0.012888856067075535,0.004469199184273403,0.02430223598763458,0.011964556478514802,0.02666737406136927,0.0297044138131689,0.03611913378117179,0.039839182018914884,0.02186891751212021,0.03132520007861295
76561199218919589,0.039363726304611706,0.04780732623512707,0.0,0.08633550108184725,0.03878744911201999,0.032116384167225114,0.03345027863396372,0.07900760649493863,0.06822501761881954,0.027716697131856753,0.006465719448598403,0.048590394475911805,0.0,0.06743766044643341,0.045549238395860205,0.054038552556503076,0.01605481037368216,0.0,0.04402612674846853,0.006356997171598673,0.08896104718315964,0.02289997009764541,0.028430881973198274,0.0,0.04664050127398462,0.017141005514980028,0.0042911930399972195,0.010196894702876902,0.02755959045277251,0.012549429363919326
76561199221510423,0.07724630867968667,0.03732797681187152,0.03108688525968557,0.0965256765623969,0.022219985024896083,0.035184848784452,0.03486389282074702,0.0502704702370142,0.08000621077330676,0.02307444692299047,0.040148944835029426,0.01582830702638002,0.007902738585994556,0.06407860375979303,0.07274801609349939,0.029896811233618675,0.044360055587895596,0.01895158009770553,0.02690298272473833,0.010776871343258523,0.04632426825550935,0.06493188755649879,0.005158659185587329,0.0065451880946329685,0.011901468006364142,0.01665433315192109,0.0,0.0,0.005565651872974995,0.023516930711550903
76561199221523939,0.08390932261426512,0.06601450114769658,0.030055285521591646,0.1176751922118713,0.01691307565621318,0.014116755355870148,0.0318816492625745,0.08173524256874579,0.07362557981160278,0.040167344648541624,0.014863664710945237,0.008749763325434865,0.00947234743430968,0.06849905084597756,0.04632953970968,0.05909655983543726,0.017798623709508802,0.009335324535955558,0.01810378089313772,0.0,0.04398719216199526,0.036492452235167526,0.015729884618829505,0.006998895549278102,0.03359557573674173,0.01095154389091112,0.0081594400340432,0.007805939298626041,0.0,0.027936472675048073
76561199222145594,0.07909231484539148,0.033459125540929134,0.05853101855548444,0.10345384293374782,0.034735413359638125,0.029489302975352804,0.04122029055077593,0.04562396756189721,0.08106781578938528,0.030238463346666897,0.009340318187604,0.03651521618111709,0.005071417401415097,0.07763667233931729,0.03872898972858535,0.05074515953746752,0.02384294641596799,0.025216250002866494,0.016905037807557404,0.012063418624285964,0.01515809039589215,0.023445416305700503,0.006719558967702289,0.004253094835938598,0.018838364443113334,0.021011119337003732,0.012486214124681172,0.03205060807418438,0.0,0.03306055183033049
76561199222262354,0.04167303804577593,0.051851281607338554,0.023049542830151724,0.02494614830971763,0.09517275344980874,0.039364151573106104,0.056816434807242,0.07309930233359696,0.018455430915195938,0.05362253521956005,0.0,0.007365872080345493,0.02983444724341095,0.022451219149715762,0.04481417562308537,0.07139771302533063,0.010554557901611602,0.004558258754948262,0.05001533224702834,0.045667931761640065,0.0,0.004149735785089886,0.024666636245155985,0.027232868696036288,0.0418233142199735,0.05989952609649393,0.029954545567033936,0.01691357726898831,0.012840850590432006,0.017808818652186042
76561199223548527,0.071287605085857,0.07581844206350881,0.007089475616504117,0.10264434199018264,0.025118947487223143,0.029959205476268652,0.03874631556769595,0.07654799427755277,0.07106698528677018,0.04436651571578076,0.039658135432013394,0.00572115790951108,0.01864882039988776,0.07106698528677018,0.022597498848427024,0.040196173453957505,0.01523294632408138,0.0,0.03535402361661727,0.011674982238665697,0.058333750821530764,0.03207618181737768,0.01067179537238695,0.0,0.026654425861630825,0.018031454241911927,0.012201526965636691,0.0,0.018191689956971478,0.02104262288527825
76561199223661728,0.0,0.0,0.0,0.0,0.0,0.0,0.0,0.0,0.0,0.0,0.0,0.0,0.0,0.0,0.0,0.0,0.0,0.0,0.0,0.0,0.0,0.0,0.0,0.0,0.0,0.0,0.0,0.0,0.0,0.0
76561199226176149,0.04486358383586431,0.011363290113575248,0.045754896144964,0.07782027929416874,0.05154570830538927,0.040159826170081035,0.12062570637975358,0.04269778126374404,0.03681653831997908,0.025619345250282508,0.0,0.03055482124925071,0.0,0.04797460474685779,0.057191652480598744,0.015399398321310728,0.032344755185002884,0.03549760122087093,0.019118311860994525,0.009476996971438808,0.018810848054441665,0.021402640784704666,0.016363701291343197,0.03228012189971215,0.025419771995172532,0.025870294916436224,0.016363701291343197,0.02267048087254641,0.0,0.07599334178017304
76561199229183744,0.056923211858502964,0.03673632167663378,0.004426421655245937,0.10349750468803942,0.028139394173318802,0.019508647690439,0.05132515255624847,0.0441681832895127,0.09483114780501714,0.0459154446520904,0.023103158521452935,0.02443539019304465,0.0,0.071680029568506,0.0375432677909796,0.05080127190770472,0.015062510444226346,0.0,0.0296374052011301,0.0,0.07030014323568652,0.026411348416128837,0.02032116577235896,0.0,0.04023676196759555,0.020773934130393898,0.024822594143967182,0.011791881698170843,0.005663397535357544,0.041944309428247596
76561199229382365,0.06250167276694839,0.058460497353236565,0.0421518107235677,0.06682581361705163,0.00537741381379744,0.05134169864790983,0.04739820802379887,0.04170421326878895,0.04593336255547586,0.027900158977981267,0.05840354206490479,0.029728072361183962,0.04472253780493424,0.050668531069702295,0.04024066591747799,0.0,0.03278886732637518,0.013548562959618269,0.01695093192923987,0.01996024077472788,0.06588118159023713,0.04515730757918048,0.06151220124820238,0.026014308765427326,0.0,0.0,0.0349751399676462,0.0,0.00537741381379744,0.004475645078788055
76561199231536128,0.03728295314885466,0.0469006249362738,0.03895712135739033,0.07770629543797948,0.05980817168249737,0.10082450419444682,0.05705438149313519,0.02150145370358557,0.06968271247704987,0.014648016612868414,0.04569811026876727,0.008259866366405013,0.0069848559787372986,0.05135325372933924,0.007489993709658158,0.024745385948279273,0.006628472326574703,0.027265463846701324,0.04327398942604171,0.02076841040814676,0.0076631606341311135,0.01619670146016361,0.015117671748189634,0.018453945786158655,0.02200659143450643,0.025943939495816814,0.02700448887995191,0.04433715265894605,0.021328286779112617,0.03511402407029106
76561199233164979,0.055607248016142335,0.0793094147677916,0.005425395710642911,0.07801479439534172,0.013601542098945952,0.02440858983164187,0.047201107182284034,0.08515964474264419,0.03370934219471026,0.06483954807467544,0.06473762914532168,0.04745489422179753,0.007881850951528513,0.028251744554540634,0.022787494124284262,0.034082947559215794,0.010058412376328344,0.0,0.04748249664393825,0.00601809616975307,0.08216014062774932,0.02270790724857997,0.03740569134089679,0.0,0.0383846650203862,0.0,0.03206811253681658,0.00490065605746514,0.010730530591489158,0.015610103815088618
76561199233790996,0.0,0.0,0.0,0.0,0.0,0.0,0.0,0.0,0.0,0.0,0.0,0.0,0.0,0.0,0.0,0.0,0.0,0.0,0.0,0.0,0.0,0.0,0.0,0.0,0.0,0.0,0.0,0.0,0.0,0.0
76561199234936599,0.0,0.0,0.0,0.0,0.0,0.0,0.0,0.0,0.0,0.0,0.0,0.0,0.0,0.0,0.0,0.0,0.0,0.0,0.0,0.0,0.0,0.0,0.0,0.0,0.0,0.0,0.0,0.0,0.0,0.0
76561199241168041,0.0,0.0,0.0,0.0,0.0,0.0,0.0,0.0,0.0,0.0,0.0,0.0,0.0,0.0,0.0,0.0,0.0,0.0,0.0,0.0,0.0,0.0,0.0,0.0,0.0,0.0,0.0,0.0,0.0,0.0
76561199244382821,0.07724029615146485,0.033661839859294225,0.08619198254071651,0.07476151276423923,0.034492737969149666,0.0834188208021251,0.055925963815588495,0.029452693154710212,0.06169221446898837,0.032973170064865324,0.03291282853318949,0.020257919172292242,0.005712136044891207,0.0541747345436541,0.03570123252450482,0.004862330008927384,0.036295829462421624,0.02183715292314474,0.036969341898272313,0.005594484677413943,0.02233600562764199,0.051906523246973396,0.0,0.0,0.005572378350745566,0.02381836732540601,0.010715646485965076,0.018510815420612697,0.0,0.04301104216280121
76561199244845825,0.0,0.0,0.0,0.0,0.0,0.0,0.0,0.0,0.0,0.0,0.0,0.0,0.0,0.0,0.0,0.0,0.0,0.0,0.0,0.0,0.0,0.0,0.0,0.0,0.0,0.0,0.0,0.0,0.0,0.0
76561199250115440,0.051031845543339026,0.0904377239279441,0.007921318344251312,0.11104773741072774,0.006427190631728806,0.008568338508669986,0.03174561905800538,0.07821912308660861,0.07520018071288373,0.02899202933478542,0.034901860354536476,0.026326296495597087,0.015946093865481202,0.07447445122713185,0.025668792428322845,0.0779669381333725,0.0,0.0,0.02062403566286833,0.004519099591374085,0.044052927696068916,0.01973324583263585,0.014251617713578395,0.006427190631728806,0.06326646257695565,0.0181098045135089,0.015827700844526015,0.01932804760088394,0.017849716835812858,0.01113461143667198
76561199252400135,0.058708563534811506,0.052484336531553766,0.03981442153932336,0.05044516939788454,0.07528870467528781,0.04644139034282199,0.054881961758188526,0.04104650901427454,0.03467525406943179,0.04262710306543817,0.03979789661526605,0.010535734866324854,0.020549884104478194,0.03267466514249124,0.04682748360752999,0.054749108615224036,0.040164613868598174,0.0,0.06959549213062875,0.02400284625687307,0.022475437828417717,0.01496720457368105,0.015431926586840264,0.019236007386567496,0.022000323779326352,0.02924091795286341,0.0058581339059402705,0.020506245962971334,0.0046312256317614375,0.010341437255200267
76561199256004350,0.05759462907853874,0.07163401157450221,0.005801788955442341,0.06761522838972618,0.04317780833893735,0.04083414808528872,0.03981143952343674,0.05081686956911723,0.04653649763906291,0.0417383796403501,0.030317778552263887,0.022980149932893303,0.01665460342165014,0.05988177178474659,0.02806933426508288,0.05156075716879674,0.02328362474357379,0.005801788955442341,0.03784488596395049,0.03979258962383643,0.03647267311826798,0.0330677235781773,0.04745847426361249,0.029564769818455405,0.03171570517190571,0.019711798836073026,0.009842801166196742,0.010417968840672155,0.0,0.0
76561199262202976,0.0625015611426218,0.054162393040670435,0.017436716422952882,0.08450899728351248,0.04828975610313762,0.037018818151160704,0.05866125026810996,0.0574535541118127,0.05567673340311049,0.027391179380546558,0.02398653368169012,0.0039185562409719986,0.0,0.05978350338842865,0.05933159495486986,0.05261332142972416,0.0,0.0,0.048648283801358196,0.010917389249859133,0.053497455716149604,0.04350947151924241,0.011228046806592323,0.005685629991139925,0.029632025293758874,0.030446420088017286,0.016831771670070866,0.01113206250975509,0.005699709160315779,0.03003726519042008
76561199264732687,0.04725014085391743,0.05527192856595641,0.04783537587042916,0.07407293140685609,0.0453851960893045,0.05250955984901303,0.035152136027685445,0.04551307471448703,0.04716770922416794,0.023740753698288545,0.0342848871183913,0.02076992881814572,0.011404473307683257,0.05128516579422182,0.02634507222029058,0.04748929195870345,0.02869047651225661,0.027452530051614552,0.038427247866527736,0.03648342837822488,0.04430460827287343,0.0401056423812066,0.014730178072630015,0.009287417142155514,0.022573114296461,0.017762887086669576,0.015010950693782879,0.011666346040471566,0.00230939798062362,0.025718149706960264
76561199266425816,0.06301009767357524,0.04850486769888773,0.02714975093597552,0.05000018867695228,0.08084506142002154,0.0676982769531017,0.04618115630932979,0.06350089534021346,0.020452931525875444,0.02327220900342975,0.011268401509962717,0.013932220668462187,0.008743181350522235,0.028803010546489736,0.04587691805847675,0.05822783020702341,0.0046270131412418135,0.0083949952592196,0.06728324494496568,0.03531175199677784,0.004974487995391517,0.0188582672416437,0.012981080617647632,0.009052876205227418,0.05392666273855818,0.03865312099277655,0.02005447174853583,0.031200085494057877,0.01937358969952836,0.01784135404612848
76561199267496067,0.05511604328314427,0.057920526583622726,0.03225794401865478,0.09786986135164694,0.041383224689999505,0.024186242569693317,0.06631165494500739,0.047825683569464005,0.07430178303029757,0.023391301578558857,0.005453166985929524,0.0,0.010080985924909136,0.07121770543363858,0.04768469522870228,0.0441089200379392,0.017205243176061633,0.004419895428466551,0.020840450779498716,0.05661470551747979,0.024866011476514304,0.021042241427349936,0.024122302534187807,0.057060843251667825,0.017842607878004305,0.009921311903356515,0.00627552873024419,0.007520605491618739,0.0,0.0331585131743417
76561199268363521,0.040812097598168486,0.060015769036487886,0.02088395646046563,0.07476245470299299,0.01949982199093179,0.02031073627387358,0.06453965832006188,0.0902131036717516,0.05895786510874665,0.03212775054788549,0.03533815181273111,0.012599563439298155,0.022291884706826453,0.053823273947826836,0.02980929354878287,0.05503874433205294,0.012682527627646557,0.007181234894302964,0.01045646860932687,0.01694064587016834,0.07617940875308975,0.039054090716190835,0.022017970923995857,0.008205041889544629,0.04532996917917861,0.008205041889544629,0.01694064587016834,0.019042321672053785,0.004421336251354095,0.022319170354550468
76561199274384456,0.05220607033572953,0.03906155386642838,0.022977712141559355,0.09406009480037326,0.03583624061623916,0.034452865164777476,0.04240226346872011,0.031084733863341228,0.09207223125454438,0.0174458144411955,0.028301582207080178,0.02061503491950584,0.0,0.08081713211221252,0.030450783829675337,0.065755866239105,0.021353336654562058,0.006755056693894312,0.044056477679783095,0.013622165524323233,0.06337363313009423,0.0343378767905071,0.02714280252831414,0.005396091077725355,0.015442784841075266,0.011004745347377052,0.025549116633257225,0.023687861020980434,0.009372664539747002,0.01136540827787219
76561199274730477,0.06784063807623603,0.04274765198757999,0.08999257473487207,0.06396855041101084,0.026734259445623434,0.0849940134033665,0.04527019077114261,0.03513568910247533,0.051707967049640986,0.02367168564129984,0.031146420633892176,0.0052347825786068095,0.04214021500505099,0.051707967049640986,0.044023631547204276,0.02077528392136775,0.024641280926025196,0.01546282892516721,0.0,0.011985961011584364,0.011669450155460257,0.029155727880911576,0.025979498916603543,0.047626604211169384,0.011450454201023665,0.016122961054205874,0.004983734291124821,0.040545747308155196,0.0,0.03328422975955825
76561199274993293,0.0,0.0,0.0,0.0,0.0,0.0,0.0,0.0,0.0,0.0,0.0,0.0,0.0,0.0,0.0,0.0,0.0,0.0,0.0,0.0,0.0,0.0,0.0,0.0,0.0,0.0,0.0,0.0,0.0,0.0
76561199279081053,0.0,0.0,0.0,0.0,0.0,0.0,0.0,0.0,0.0,0.0,0.0,0.0,0.0,0.0,0.0,0.0,0.0,0.0,0.0,0.0,0.0,0.0,0.0,0.0,0.0,0.0,0.0,0.0,0.0,0.0
76561199289397551,0.06502623288140738,0.08488092816302374,0.020174623747411524,0.1017884855056055,0.014533290301141009,0.029324610534403172,0.048624223054250786,0.06851586405961742,0.08295796446827912,0.04127080418037092,0.0659338103461224,0.02143123820467872,0.0,0.05625689678769062,0.0380619557399908,0.028794332484267608,0.017980285273477475,0.0,0.029336935836926117,0.0,0.0868310342153718,0.034845289942596586,0.0,0.0,0.0295341990584286,0.0,0.0,0.0,0.016145434217761302,0.017751560997177333
76561199290213981,0.0,0.0,0.0,0.0,0.0,0.0,0.0,0.0,0.0,0.0,0.0,0.0,0.0,0.0,0.0,0.0,0.0,0.0,0.0,0.0,0.0,0.0,0.0,0.0,0.0,0.0,0.0,0.0,0.0,0.0
76561199296937509,0.05483606331538975,0.0676376888866867,0.024695217668643483,0.09507215669823173,0.03274747905402799,0.020073384843520944,0.059074641113829485,0.09003770066284289,0.07143476352888854,0.022403599408714343,0.04110713347876588,0.01709180353402922,0.0,0.06255204825167264,0.04899929461221736,0.03484049739855264,0.01041421165549277,0.0,0.02217571414703475,0.005839899141521228,0.06822106419293386,0.04034317345692358,0.0,0.005839899141521228,0.04318931075510186,0.011918776718757525,0.0,0.0,0.0,0.04945447833469953
76561199305756354,0.03861018938503839,0.03007545744881234,0.027578296293956597,0.07737885539320064,0.045727923985699546,0.04964427740482306,0.04930794436258215,0.06187964885392759,0.07494186292293735,0.018827959529810197,0.04057171580978281,0.02417726648918521,0.006773306645000349,0.06824703742929894,0.022557337097421068,0.03885420173610977,0.0522982956020899,0.021795968284662473,0.017013769284257515,0.010649816981024882,0.04234873910624148,0.05196043986702086,0.013796465585329817,0.0,0.03041359007385036,0.024740954416699327,0.00615969828558075,0.010425143339514817,0.010080260489772555,0.03316357789636914
76561199309848738,0.0,0.0,0.0,0.0,0.0,0.0,0.0,0.0,0.0,0.0,0.0,0.0,0.0,0.0,0.0,0.0,0.0,0.0,0.0,0.0,0.0,0.0,0.0,0.0,0.0,0.0,0.0,0.0,0.0,0.0
76561199315863592,0.09379383370611533,0.0498959861528387,0.048786411595195756,0.06727223349474062,0.06476458203686687,0.05668488784928872,0.026548343027735177,0.025919974334873818,0.05588905236083646,0.07121348790316029,0.01918434515175917,0.00977550923359359,0.010239610796203679,0.04341465340853948,0.046044735899823934,0.050466298869931044,0.031918230539927775,0.0,0.07742529845602739,0.005387346113178612,0.01859575226222133,0.03058897594562269,0.01799973700422508,0.0,0.012426832182827457,0.038255931418760186,0.0,0.00467473027907058,0.009600933355172567,0.01323228662146359
76561199326716853,0.05172668314059216,0.0793248709041254,0.04199701906248032,0.08211474822232533,0.015829669505595504,0.02478100880209739,0.05191427910157443,0.06531225677926346,0.045780056190538675,0.05584462201366806,0.04127528094893485,0.024656553834755957,0.0,0.040469129277997035,0.0555242283750629,0.0471470489811665,0.016889973297623723,0.010522583586026367,0.018541401514645214,0.012066178662617678,0.039345596136765235,0.034162821994902115,0.026198503361849815,0.011965477611974558,0.037085731921414004,0.009050805928756714,0.00677886357683879,0.01863907537652035,0.006336042456081466,0.02871948943380619
76561199336091998,0.07566414330177909,0.07659927387668888,0.043416089003583826,0.08456955697041389,0.0,0.05688166035559388,0.024129317892243023,0.016613475373483493,0.07632226767933033,0.03964855321200402,0.07333135356119042,0.028572751107884348,0.02508035338331474,0.06770281862124558,0.0076851389285450674,0.016600325524974542,0.03804207097907066,0.0,0.030185076215655398,0.0,0.11116135951465683,0.0451374594485498,0.020340019065067567,0.006997441812521389,0.007832597475032373,0.0,0.011572291015125398,0.0,0.015914605682045425,0.0
76561199337941690,0.03435137419496305,0.08097793930692497,0.005783272007446901,0.11459446105034306,0.018263421513688736,0.013399827575249854,0.036910834258938284,0.08049719398731517,0.07048633656445152,0.020402260579869047,0.0523854861453584,0.03959447829985564,0.0,0.05383945408777586,0.014146127597960393,0.012137335239195917,0.0,0.0051553691796359415,0.022385941944903485,0.0,0.12149976964411678,0.04099492885340095,0.022498187559782473,0.0,0.039623018166814496,0.006281604405419275,0.0239339043212103,0.0,0.054642071554484056,0.015215401960895436
76561199347967453,0.0659590969785243,0.08229726697754597,0.023073766285506926,0.02591131492706792,0.0742294909748977,0.0391471705797599,0.04174668493255747,0.0734639783372307,0.015820059628918755,0.05342997814622551,0.021834343646394055,0.013673534209234488,0.03229370342243777,0.011643575845263286,0.028166295637596303,0.07853249031030267,0.02806758106824828,0.012829120562257457,0.055433095782522215,0.028614749241019068,0.0028110512887468387,0.010604991490045767,0.019208360664131008,0.01123761479976041,0.06546559339036143,0.03212681141660204,0.011175924613511606,0.0028997092772347116,0.03521130996250402,0.0030913356035910866
76561199349057212,0.0,0.0,0.0,0.0,0.0,0.0,0.0,0.0,0.0,0.0,0.0,0.0,0.0,0.0,0.0,0.0,0.0,0.0,0.0,0.0,0.0,0.0,0.0,0.0,0.0,0.0,0.0,0.0,0.0,0.0
76561199360923051,0.06164927003590144,0.046828433448272505,0.06524117014608326,0.05902464486212676,0.048820103584978104,0.055273693509105964,0.025456637890066736,0.07262183309811655,0.003447331550260703,0.060379058391344206,0.0060717611232138655,0.03381547414797409,0.011965569822192513,0.003447331550260703,0.0324857448343408,0.0576581294504214,0.013795188833661345,0.025030121452798638,0.009124924901452487,0.01453689488168289,0.024215221589833046,0.016048693875272198,0.008183335265170308,0.046943635699227916,0.08090931350592842,0.039024784638495034,0.01078269787847508,0.024194962184501692,0.020002852761858647,0.02302118508698279
76561199362890720,0.043208416054768564,0.02631382389486773,0.013162426429723312,0.07765795770931543,0.06089737445550164,0.026164054899576804,0.08285715300428972,0.04224457167137063,0.022342625870518603,0.04082644216449198,0.01012609951446118,0.048403596316660066,0.014801946150873038,0.021423423767271403,0.0468222790056193,0.04365765617610564,0.015957572076253906,0.025043061349253146,0.030380834043708484,0.0400151869304841,0.02394050882249816,0.013297477886008564,0.033720672787781535,0.009318876146038815,0.033931358412411794,0.020195809041598605,0.04020404472128446,0.03834311691304997,0.01654325315058696,0.03819838063362645
76561199365659108,0.03060247075215427,0.04058281046173045,0.03639549376320705,0.05571092243947247,0.0614687797016584,0.063407770004232,0.07056846415688693,0.04502718640346349,0.01906112565709738,0.032180638695992206,0.036013084557380184,0.05140283101081649,0.013467422556816839,0.020538611473423077,0.04481974716466095,0.030055935076120498,0.0156822751828126,0.013331435444682032,0.047957947799974074,0.015603928189050858,0.017598418801842135,0.03582342646969523,0.02920980875280008,0.0,0.028769849899279158,0.0482582336823973,0.03213675391169163,0.01716606184828858,0.01561932573553083,0.03153924040684296
76561199375667566,0.10229091689717869,0.06808007402974263,0.058733223274390255,0.05555892062420495,0.018143619400954377,0.05936574559420314,0.02853176589343201,0.036178346769698826,0.050791124240779986,0.019804175443680534,0.07093356193633726,0.003955898044870105,0.020573620546754684,0.033525241518089305,0.0576581453750844,0.031887663726608215,0.03185581547293745,0.014693967794113588,0.04347386633217919,0.018267406423401314,0.017648508023919634,0.044694836716164636,0.02302541633873131,0.004771666741051167,0.003812007088841246,0.012284113150089069,0.019948066399709394,0.015322296447517333,0.0,0.034189989755335576
76561199376134768,0.06312961819262429,0.08245373753582397,0.043146930862566164,0.08937294948766515,0.05027596487187336,0.057093327982092705,0.05288823803559405,0.08187181984975123,0.06387703149955112,0.009265116075975533,0.036967099504533765,0.005503584480585171,0.0,0.05867859397435812,0.017154599693481664,0.029163523741539243,0.0192858880319422,0.02260327977945075,0.02666301415057404,0.014797238801783111,0.05808694919691661,0.02461844859469726,0.004671260928128674,0.00519651577827029,0.023336710828294728,0.004743337591709376,0.004671260928128674,0.019610773381973708,0.008272365957382002,0.0226008202627332
76561199380289969,0.0970473878181671,0.08679068308911622,0.04113120856348382,0.11587929140221172,0.009571500413375159,0.05714408302696502,0.03784208157780934,0.05141073606286618,0.05906644906763485,0.059310378244241256,0.034336206152367314,0.018606586573954035,0.0,0.04933153062180928,0.042631348853542125,0.031087200857926312,0.01429843258623412,0.008561699649819387,0.01174795484617083,0.017398423438667366,0.06375023635866288,0.03676615332370976,0.007843363057075899,0.00782692302529221,0.017477707296301898,0.009571500413375159,0.0,0.0,0.0,0.013570933679220801
76561199389419785,0.0,0.0,0.0,0.0,0.0,0.0,0.0,0.0,0.0,0.0,0.0,0.0,0.0,0.0,0.0,0.0,0.0,0.0,0.0,0.0,0.0,0.0,0.0,0.0,0.0,0.0,0.0,0.0,0.0,0.0
76561199403138420,0.07364486485893855,0.07591656205768432,0.06158370635421884,0.03339073986774006,0.04480014239060698,0.05314151983610722,0.02648048410576725,0.019457239981800167,0.01350810950319747,0.04962424068969087,0.05175726500451189,0.03140709255809869,0.07340357918755672,0.01965007859114078,0.03936297397297206,0.05971078957860357,0.005680364353169585,0.0,0.08855269463687372,0.0,0.007827745150027885,0.031965730718458096,0.05499434277251161,0.012728344967392792,0.016852317522526555,0.02399286738159946,0.009423327929769437,0.013304938666187293,0.0,0.007837937362848447
76561199403272332,0.0,0.0,0.0,0.0,0.0,0.0,0.0,0.0,0.0,0.0,0.0,0.0,0.0,0.0,0.0,0.0,0.0,0.0,0.0,0.0,0.0,0.0,0.0,0.0,0.0,0.0,0.0,0.0,0.0,0.0
76561199418668383,0.057760999211899665,0.039371994401577286,0.017917032246552216,0.09145131477417817,0.052301294926330955,0.03487677565673614,0.06326572930876473,0.04810677887900782,0.06072451937398339,0.038015169558540333,0.011501327014142635,0.014907728566245622,0.007312547693781251,0.06314417316495925,0.034975800033161475,0.056684809005159355,0.013516102527036647,0.0036900648869694717,0.039803076112494576,0.01553503861675746,0.03396885412319902,0.014965526488804276,0.016297535970890325,0.007490099140057962,0.03201898472449187,0.02577627174365427,0.04307557484341185,0.018595974818650822,0.013352649494071002,0.029596252694490132
76561199420955153,0.0,0.0,0.0,0.0,0.0,0.0,0.0,0.0,0.0,0.0,0.0,0.0,0.0,0.0,0.0,0.0,0.0,0.0,0.0,0.0,0.0,0.0,0.0,0.0,0.0,0.0,0.0,0.0,0.0,0.0
76561199422202390,0.05579344134405777,0.015947761623997574,0.06443698714988115,0.059989267183304766,0.05569367460757848,0.057950866384259184,0.0772421780518077,0.028987774107501182,0.041800229234149826,0.029289869841597448,0.013086511235586993,0.018605259014415648,0.008422439659154284,0.04180614554225539,0.03280789814180888,0.018397824256561803,0.029877734946672004,0.0321514803282331,0.05234387421982841,0.01786500060919085,0.025945543618690607,0.04918275679296858,0.012258023377262832,0.009452086651722752,0.013822759014855746,0.023608925008111434,0.021089108633814975,0.040764610149751496,0.0,0.051379969270979216
76561199433626235,0.04133795501224282,0.05402481521856314,0.014793096968965684,0.07604675599048666,0.0397835810498939,0.02179523660733991,0.03561078641694524,0.08291291636954666,0.0862518333109623,0.03562306283446425,0.036592613328874146,0.02941028087930281,0.0022619000671491468,0.053703676956219394,0.014880109709215533,0.06432041499820079,0.034594447372643444,0.008302562196954622,0.04650185206040755,0.0073153046993860125,0.06616715211021855,0.005932056869713706,0.002094809470228764,0.0022619000671491468,0.06729378606107042,0.03361108248535371,0.004851097636605237,0.003287682877535845,0.0022907973476804194,0.02614643302668034
76561199433753634,0.049159005204140266,0.05561462737641009,0.04314312619014365,0.08718794893023857,0.009337622478153207,0.017919265303664427,0.02853642043529406,0.04600881197569407,0.06087561028770878,0.05910901495799753,0.030320634449653418,0.06586905913761816,0.0,0.05951415574396569,0.0354213583749235,0.03592050312250382,0.0,0.04261021812519169,0.03069343575684691,0.009337622478153207,0.08704530345995388,0.029662864444091216,0.02692383085492481,0.016349823287301782,0.03533856133777747,0.0,0.009337622478153207,0.0,0.008755680693426856,0.020007873116069805
76561199439557760,0.0,0.0,0.0,0.0,0.0,0.0,0.0,0.0,0.0,0.0,0.0,0.0,0.0,0.0,0.0,0.0,0.0,0.0,0.0,0.0,0.0,0.0,0.0,0.0,0.0,0.0,0.0,0.0,0.0,0.0
76561199441452962,0.07258846312634026,0.06118556656391137,0.05919343345974963,0.058152671703968185,0.03299199657612029,0.0399415944079073,0.02466314765006016,0.006140185576472551,0.041242812158520936,0.04202252352315452,0.047155783051051996,0.03867758426435006,0.04739240312424793,0.0411907250505345,0.025529281220551474,0.050963183510923736,0.05075174666366095,0.006140185576472551,0.07112464720029332,0.007809639434950044,0.012999227536472275,0.04528925950318987,0.03806875363178351,0.015894156312763266,0.007020126234934989,0.04054406946340377,0.0,0.0,0.0,0.015326833474210608
76561199441844249,0.03944826919695813,0.02835855046444698,0.09989972965003183,0.04301171067068444,0.04482612941336175,0.05656397295835516,0.05642584885377531,0.0403685377776174,0.01601654420348648,0.01160757404136465,0.00699252699747193,0.0,0.0,0.05997780852177947,0.036371577978080064,0.0,0.024524961102149728,0.0,0.010736658717095277,0.12117964182867802,0.04326790218477971,0.0,0.0,0.1271771826640449,0.020923669426319784,0.0,0.025511745953121768,0.02513614074820813,0.020923669426319784,0.04074964722186943
76561199442146005,0.03405113671203364,0.006701753279989139,0.09728678631046439,0.06502803915323846,0.08708698439569079,0.054134786479699666,0.05895498060959785,0.017153252666650076,0.038759479723324566,0.005250047416867596,0.0,0.013160816329428318,0.0059558601526719076,0.045459312802825655,0.026038739898538114,0.01720053428097748,0.017357382984413812,0.0,0.02829539929259362,0.11887837777019077,0.010917969915862583,0.023505412220473403,0.005800167651039149,0.13024367048032387,0.005250047416867596,0.017248568203123614,0.012492606144637925,0.022859721523591243,0.0,0.03492816618488484
76561199442822555,0.057616937841920186,0.05721854319621367,0.01412833156304942,0.05096585097985458,0.027953614501275138,0.054812215695297505,0.04747788318020052,0.08733596330617478,0.03053770511192455,0.032754635189854206,0.030218565588289233,0.015779173116765303,0.01839272879906074,0.03542988725584587,0.02622078956369759,0.02668943233451143,0.024311298140622165,0.004018969539091882,0.03954846262944168,0.04430607199613569,0.06784656816879013,0.011743857517840656,0.03566701826534483,0.0,0.046602592861787646,0.00970567161990271,0.04602331555894757,0.008353933102528712,0.044422035862977716,0.003917947512654006
76561199442878224,0.0648084707244159,0.08118967830371746,0.08048332660175374,0.06312517283458385,0.01996056125740041,0.05340471671406037,0.024772546803509297,0.04649024887509025,0.04124297072383108,0.04713680197340341,0.041920331912964286,0.015972380179646393,0.0692675811775271,0.03561903763780516,0.016909403094581294,0.017171573115560973,0.011265115079357055,0.016732853488310044,0.03923266302085778,0.0,0.05505995568550169,0.046021627807837244,0.06593222479545907,0.011034965108853826,0.005523012211905622,0.0,0.005565553261180185,0.005856701578381265,0.012819298535575901,0.005481227496929219
76561199443514192,0.06974545214123315,0.048432741637384015,0.02598349393063391,0.07677360237764881,0.04596429906133015,0.042872694012639476,0.04561529044500636,0.03484640536066486,0.05068857250048183,0.0406086912427277,0.02169832420884833,0.03308371920147531,0.0027071545679241316,0.03515248992641706,0.062068336969010984,0.047712423618743685,0.031338808256903626,0.011800798527351962,0.036544251926892896,0.03433205886632482,0.03670604975376472,0.026349443822720788,0.014127475664749022,0.01391408344268248,0.029486034951714507,0.016994591174654294,0.012146551356118827,0.0060182440411073335,0.005892288825997597,0.04039562818684729
76561199444606097,0.05683578430111635,0.04265946866107205,0.007629832397637188,0.00880564108831563,0.10533304910839955,0.0762864821332163,0.059700779373878084,0.04400947671000922,0.022492707816958186,0.03415711328788888,0.02645341757553571,0.02416308345357486,0.03797558067959997,0.005994247771757054,0.011657716012117927,0.03893641775666229,0.0,0.0,0.08985547442090881,0.05523854047364438,0.009146616432279158,0.015382158132852333,0.04300516933992646,0.0024497671420795025,0.03563520206322709,0.054720657332950014,0.03476518139689915,0.04328385176691629,0.0,0.013426583370577462
76561199447044530,0.04064183265445888,0.0320101068364825,0.03442051447353279,0.10137469469210489,0.01537019734696154,0.02633969337001805,0.06159054177881809,0.056915631714804044,0.08874835377508712,0.03654838112986053,0.024275483182219334,0.02994884871667944,0.00612216280954862,0.08226025887465468,0.04574631784937179,0.04855378833897974,0.032758801135844895,0.018899630915791266,0.016838699347929368,0.009614501843230719,0.022937977247363083,0.020024387392813783,0.03520510966340616,0.005950152864073304,0.016970316218744702,0.016647523833041016,0.007888296551986487,0.0047572475658509885,0.011705848367804124,0.04893469950853806
76561199447952692,0.05930818790185092,0.04058810235444272,0.05133898219151907,0.08096444116253135,0.04067537869378575,0.02938722357192708,0.06083356758395058,0.07040234222828361,0.06956486029857879,0.03951339039459398,0.015240918532142787,0.01702117839092901,0.0,0.08035823076986175,0.02014494356251461,0.04189927972904148,0.06942112656760602,0.026632629765376805,0.041248879876370353,0.0,0.014464713360142921,0.012986508121405388,0.015240918532142787,0.0,0.02827998536133892,0.009637251333082172,0.00344647162189387,0.013515279619857982,0.005053819650376684,0.04283138882445276
76561199448991262,0.08162268976978822,0.07124183724891422,0.04447009284144369,0.04677186044303001,0.05720263405985805,0.07130793744179063,0.04052296201031916,0.039640674255860146,0.02667176793124768,0.06518264649460426,0.015796153247573684,0.02274621452636696,0.016028737660103754,0.0172497418611646,0.034063668419690794,0.023954969754236735,0.025146317955544468,0.01484918891784873,0.07573019426568259,0.03349203133179007,0.016980341356518817,0.013082044230799334,0.02646059102513294,0.0,0.018593184947642234,0.043689887580048097,0.023566713988670777,0.011405686843858537,0.009021023442093481,0.013508206148377251
76561199464469677,0.0285760616651302,0.046859883444504195,0.014941975150714017,0.1171608900962218,0.02070244884602357,0.03236111637699126,0.05291438709515844,0.05420605583375517,0.08799358130623727,0.029487840396409944,0.010816055016373305,0.03318037482053197,0.006981131845951428,0.08768499353927499,0.023999959542593905,0.04758039484537784,0.03517148541654131,0.0,0.028363520174853392,0.018630861893893992,0.022748574454192903,0.038380117488071505,0.04920295588128741,0.013368847591584078,0.016928560530491788,0.006058668364679314,0.02118425951863426,0.036854537453708175,0.0,0.01766046141081254
76561199469179667,0.06476490682175993,0.08673461800880011,0.022961344269013615,0.10830733763537109,0.018080643512395432,0.015663849223424054,0.022841525721195896,0.06746203132356544,0.04126976084765656,0.05457798207166544,0.033560709412451956,0.02574295851487218,0.0,0.05358519231908813,0.0394961576835793,0.0714715470661681,0.030957458146033713,0.0,0.029821641607436476,0.0,0.0767408077280477,0.030910933775904214,0.014761655189024874,0.0,0.03419206176713542,0.006218500097655136,0.024323992066576518,0.00464604850720237,0.008763176053327063,0.01214316063064921
76561199469292362,0.0,0.0,0.0,0.0,0.0,0.0,0.0,0.0,0.0,0.0,0.0,0.0,0.0,0.0,0.0,0.0,0.0,0.0,0.0,0.0,0.0,0.0,0.0,0.0,0.0,0.0,0.0,0.0,0.0,0.0
76561199470080023,0.06632378680855153,0.05661498428355713,0.03467488545803202,0.10687621711897845,0.027496042554340593,0.03362383261418808,0.01977505492068385,0.08575661326505198,0.08704264075393024,0.006675111207257111,0.015340072807598725,0.010246573955622654,0.01043373182874266,0.08704264075393024,0.022000466069329948,0.06801682200261608,0.0,0.0,0.03808246642201086,0.04072704260976085,0.050200566798276405,0.01635920112517661,0.0063287924460603065,0.008872403577220389,0.026033502216146705,0.027496042554340593,0.009235563449461857,0.0185586938365527,0.0061521023978837385,0.01401414616469776
76561199470418036,0.025166037112338356,0.0770735557521262,0.015041263655713451,0.08607863979492195,0.023818646916004264,0.009131542016625471,0.035073757505089634,0.10782431116294128,0.060344921514463946,0.04415357978214937,0.03552332942402818,0.025476077997432893,0.0,0.054674500313654076,0.03759189997307214,0.06296036235801586,0.009555791025777449,0.0049525445216871905,0.023992263668248824,0.005806218608119578,0.06279999325785401,0.01546102101791777,0.02656434159916898,0.005806218608119578,0.1020180925548217,0.009959647806270244,0.0,0.0,0.013558384266984927,0.01959305778645273
76561199470516845,0.09065292392384434,0.04950938275420353,0.0597210757202896,0.09101599356958279,0.010664261968244904,0.02949199735793053,0.041304611504856426,0.044577555024577664,0.07254402752654879,0.03223071465707035,0.049904965867834584,0.01724135081536236,0.0,0.0747969680840131,0.05440201164792294,0.03816420051970188,0.05911009418228523,0.012167246527286896,0.014135810160389069,0.011902788284042214,0.037806761437777364,0.022244890597760636,0.0076828190963523,0.0081759364822308,0.015757443618835194,0.005708991582846241,0.017724904176268767,0.013768936881727877,0.0042765212661117925,0.013314814764102035
76561199471838775,0.041603965276667244,0.03279124635428365,0.022013774253609758,0.08663989803221599,0.021974708193631957,0.021847531558747493,0.04919921950299846,0.04591186430560244,0.01922681221739906,0.04780526311580918,0.0343176321752469,0.06713620418480691,0.01497302736353219,0.01922681221739906,0.011942284942333925,0.012253737846302681,0.025578330063021473,0.02134514915003567,0.011198515065549683,0.021974708193631957,0.06596520344950885,0.025732699735377944,0.020402207123060106,0.006683408518631128,0.05821054246937624,0.021250605984813428,0.04364458394317098,0.034398896892847454,0.06710733665945187,0.027643831210936283
76561199476865533,0.0,0.0,0.0,0.0,0.0,0.0,0.0,0.0,0.0,0.0,0.0,0.0,0.0,0.0,0.0,0.0,0.0,0.0,0.0,0.0,0.0,0.0,0.0,0.0,0.0,0.0,0.0,0.0,0.0,0.0
76561199478273259,0.11296574863742465,0.07862948306520746,0.04825010556670864,0.06123523624158879,0.027780815028365505,0.04637222100409211,0.01937678361523806,0.07727875159227322,0.04139864165454323,0.013192672807874933,0.0519812085097613,0.024392311016055174,0.03301464721227709,0.0428982142293798,0.037387871736558616,0.05948306233576797,0.005538825880192761,0.009726920287451275,0.028940207291861055,0.010791946432868564,0.03231413977071572,0.04769500564350235,0.01828649677469366,0.0,0.029464373552012504,0.010660143254985568,0.015391679635171528,0.004760540790559789,0.006031405642308773,0.004760540790559789
76561199478662488,0.08482851485140018,0.056108901783086994,0.037489192196273786,0.021426665973370982,0.08858847714027127,0.0693370563269321,0.02142707093097506,0.04704494605275218,0.014811768887692854,0.0555112850295751,0.02337511622055059,0.012301582769660509,0.045787510530497,0.007761851464987502,0.035500871803757474,0.04085954997011867,0.01427987429429133,0.018187653142738517,0.062479432496286326,0.03839038185443617,0.007642129227698043,0.014207453094674867,0.015184712395383727,0.04233722903987641,0.036843272404128304,0.04675262729467729,0.00808963566581976,0.013904300671949279,0.0,0.019540936486137663
76561199479136443,0.07557714533631571,0.12397252746522225,0.018544850877498412,0.10518223516397641,0.018494399809995437,0.006164438038060002,0.005990518039869557,0.010156179637110975,0.058573192835706306,0.02542380865453433,0.08327571884949808,0.02850462982134899,0.0,0.022727353723188324,0.006830999237863906,0.03934911060508947,0.037733660634756964,0.0,0.033406637490365404,0.006830999237863906,0.14719961697134668,0.04227160604678965,0.019459895083066912,0.0,0.008046081305743436,0.022122322384914992,0.030217796220463514,0.004457800464382443,0.01948647606502789,0.0
76561199479939042,0.0,0.0,0.0,0.0,0.0,0.0,0.0,0.0,0.0,0.0,0.0,0.0,0.0,0.0,0.0,0.0,0.0,0.0,0.0,0.0,0.0,0.0,0.0,0.0,0.0,0.0,0.0,0.0,0.0,0.0
76561199480061465,0.08676083359005742,0.07201588863125076,0.0567727653921673,0.06794920202522664,0.03452217575880331,0.09144938982739044,0.0591588844788585,0.04642755492611277,0.04894782660603916,0.033579140160443645,0.04515489849005652,0.00526749229872758,0.01271249317843907,0.04894782660603916,0.01023556877885703,0.0036643384748386463,0.019088542953961844,0.02046346474442222,0.02772180368771773,0.022989768176797973,0.044589765467116245,0.019050449983250173,0.0,0.028304983308226297,0.025599121898867785,0.01676890262516867,0.011345952638116262,0.005181259367472791,0.021942439445872517,0.013387266479701742
76561199480220778,0.0,0.0,0.0,0.0,0.0,0.0,0.0,0.0,0.0,0.0,0.0,0.0,0.0,0.0,0.0,0.0,0.0,0.0,0.0,0.0,0.0,0.0,0.0,0.0,0.0,0.0,0.0,0.0,0.0,0.0
76561199483983127,0.04664414139673487,0.06055181650657664,0.03138916538367533,0.1253350152613901,0.017164436812620587,0.009210804059521014,0.03512051948373778,0.07358269758289625,0.07408857268873996,0.02461076236594919,0.004118459314316067,0.03820030273672006,0.0033626653018063507,0.08518204063540091,0.05033008509273687,0.04625285958237364,0.03852584419316599,0.026241891979847057,0.03129395464619192,0.0014231386240914571,0.05862845319464352,0.019117345443051135,0.00423147014138522,0.0016983326684215227,0.048892707445474116,0.008376809515815513,0.0048066330189046325,0.0,0.0019108990161178594,0.029708175907694385
76561199484238062,0.08844385813376429,0.05381598850443158,0.09263822480883306,0.04799232641895807,0.027546394987411883,0.09490641563878607,0.02119397316247841,0.010283411827004553,0.03591337934157992,0.036388610715284105,0.07388945940608868,0.011791354372153,0.028484246807940705,0.03591337934157992,0.01896686001996951,0.029846569228031573,0.02886765345683298,0.014224068975021972,0.08581087906601967,0.007771803028874018,0.0070457258847469355,0.050599663008557526,0.048621907872124955,0.012013080488537692,0.0,0.006969904187456439,0.01583679234251055,0.0,0.0,0.014224068975021972
76561199485777278,0.05052346753643221,0.065736185705541,0.030339794133580157,0.08640110697750461,0.04091431586547889,0.03228830135801319,0.01900296375807119,0.06461191674646707,0.042427084026519075,0.04968042838785318,0.0294112726716844,0.03332129704242491,0.03870171697841111,0.04869457214478265,0.0378447079329099,0.06555247219633246,0.031468632298153866,0.005341046971725178,0.04469860623238509,0.02921302285454064,0.029438397337641156,0.009074716708291315,0.013870400543845654,0.01802857566692495,0.04446583640744329,0.027338543497668684,0.0,0.0065003926669027065,0.005110225352471444,0.0
76561199487796611,0.0771907298610491,0.07033820902428872,0.04892100641343491,0.05887939113751074,0.02248444718321138,0.07239844006202563,0.03850447096254706,0.04376164747871481,0.04814755953121608,0.0337748790022478,0.06822874323269316,0.016580889729472532,0.034181145308091986,0.03667500490894035,0.023128013734891102,0.0048642871050647365,0.005555137022343258,0.0,0.06298944700789195,0.011422681523573182,0.05199343666234013,0.03297751543903567,0.04541206210821456,0.0058675445012299245,0.010385256867147946,0.012396182128596441,0.031247535074540134,0.010088265054614938,0.010133517312795924,0.01147255462227573
76561199488596444,0.07144831876427617,0.06249563432082549,0.046646524317482285,0.10316167874506948,0.008015908374451071,0.013032679088291463,0.0217201808409925,0.0209282959209028,0.059741757228690594,0.03911133357084235,0.05352041779833569,0.05987146841267259,0.012080785170740422,0.05236627109092753,0.05977496401526784,0.05219082655740879,0.04752412215553971,0.005552274495443303,0.029029616433709066,0.0,0.05967223120828074,0.03684222045571391,0.0292235832682218,0.0,0.021085871846675257,0.0,0.012080785170740422,0.0,0.006661744338766797,0.016220506409732063
76561199489499857,0.06635822051338154,0.047344630439128295,0.025587893034860046,0.09283203638857172,0.033134711221993324,0.04585694061584861,0.054178329938772266,0.0562261082544534,0.0752118325689415,0.03729276567764548,0.0,0.013132694623260817,0.0088945136471959,0.07715514171533455,0.049933174278170504,0.046474856764167086,0.03472867838905458,0.013390713467679281,0.03925553522950148,0.009372164417836724,0.013153238348573121,0.025825843092918473,0.004378453731272232,0.009061067851938975,0.028998004759410487,0.022552217684067725,0.013750618149108957,0.013721923386162054,0.004037885287254091,0.03815980652349665
76561199489520002,0.05750632151725054,0.062163501083138145,0.025541339227985228,0.04585670287690541,0.10031889389684237,0.05783930872791833,0.029855058507322937,0.066286928841091,0.04407215875734193,0.0425436029979774,0.009340346392998179,0.02367966666266025,0.018583334898648118,0.04099054544739789,0.011065175733392923,0.04947431766497555,0.026412495543779117,0.004860472852942808,0.059860673981787724,0.03813959473431504,0.0,0.009401048799098697,0.020509916969264238,0.01584343864182713,0.0292984993908083,0.05681828656333069,0.017123709149768084,0.013423817622257762,0.0074711016021241135,0.015719740914849973
76561199491642775,0.04604178553453016,0.04233788844900005,0.00463888676125978,0.0875576981661265,0.027399365599570756,0.010085283979485809,0.0693656194226164,0.07337918859497793,0.04685787984118242,0.049518920636407004,0.02968200504807865,0.04505045185544376,0.007126878785301792,0.0572674554402282,0.03151033896247092,0.012937854491496887,0.0027810710429690437,0.00328081852259765,0.012539445130899444,0.015958600561519296,0.0751679212435775,0.02783663745226223,0.014548496151906076,0.0,0.050593171758288716,0.025783362560010233,0.030721708673599392,0.02552843476302212,0.028864329628053766,0.045638500943117666
76561199499958759,0.0983625396910724,0.07315189353802351,0.06211788518037431,0.04520233184748773,0.04125603435224512,0.07219831354004652,0.029655249757054556,0.045369109643276985,0.0268163773312431,0.043836667916216016,0.05144331064667412,0.014896793388464608,0.05485793642182784,0.019097443288565944,0.013611655305326091,0.03451650459475198,0.019097443288565944,0.0,0.05380307509879787,0.010927785046801686,0.007536615576045778,0.01617489592385287,0.05036242973985043,0.010927785046801686,0.026929238912193468,0.03562500420166505,0.007360177812418831,0.005456228650725354,0.011272126517617989,0.01813714774201228
76561199502416746,0.02715771052107603,0.07389368501706778,0.005420618092067448,0.07888304670937137,0.03040969069869767,0.02454280424691861,0.02386838224995379,0.07021494166940567,0.08380134356319413,0.027161807356893074,0.033449281650552574,0.044172610180690124,0.02947400389507292,0.07931585165173446,0.011666422829365121,0.04562147322622899,0.00542634834439205,0.0,0.033081647629408295,0.011232031404972219,0.0509454840385662,0.034784105116746164,0.03137884890163728,0.0,0.042837461007037364,0.03700610252060138,0.017916525680076005,0.01833578727060558,0.007153762112450657,0.020848222415217
76561199504742246,0.04888887834306283,0.019828681852004912,0.019500540673165787,0.05019583979181337,0.08853118887760292,0.046824428756967726,0.09315372247424643,0.0543759108252735,0.033749380840059025,0.044609759490821965,0.0033400063535503296,0.020213167882971048,0.00877737540785756,0.026181571940224784,0.038947918230523126,0.04710844765668871,0.020576642701544717,0.0,0.055979264376780954,0.03177023867937136,0.011734363277155126,0.014009072974424362,0.018021090996146655,0.0032091903992279855,0.0428227379353686,0.04943869202637293,0.02653799498276847,0.0311515925689097,0.0,0.05052229968509528
76561199508808924,0.1204127147211605,0.08614126400502053,0.05523933087968725,0.09141686278957013,0.014371056349980885,0.014760698652261718,0.01023064241563295,0.061876204512854326,0.020570315976082023,0.07122010853248516,0.051899011489315854,0.011974432072919578,0.010951885176180008,0.025000938611671186,0.05562465259055527,0.04133333074965604,0.015275519458633853,0.020437185678510023,0.014371056349980885,0.005800019780043788,0.06732531654921187,0.027667296565018255,0.006734745524657268,0.005800019780043788,0.0194054715463671,0.004319025098769592,0.025051841517224796,0.007802426727684571,0.032556003263231645,0.0044306226355891615
76561199509552956,0.06584109793012638,0.12348929399838961,0.02494171662473076,0.08403793465691092,0.02131811836575106,0.02619295376185068,0.04105418511552227,0.0886137672704649,0.020359657928400453,0.06069717823064058,0.06083171450234961,0.03787360676026543,0.004438746194819951,0.015170392970579757,0.00435415424461019,0.03010474226755147,0.0180779094673642,0.0,0.02681954579574883,0.010399546454976346,0.07648262274110308,0.0,0.013527832263000306,0.0,0.03995124911160432,0.00551258335649384,0.03132055788135596,0.0,0.0444617943615528,0.02412709774383636
76561199510293669,0.050107403448771515,0.06799711378537289,0.012195797190202287,0.09740371310335832,0.021619619153043612,0.014404838465059331,0.04464619384835333,0.06696670925781215,0.056756265806598406,0.04447257517156677,0.020561348271933,0.04317047326753689,0.004097572380071119,0.056850994262815306,0.053672420112406236,0.0628929126522294,0.014754948432320638,0.011218088152442117,0.02581629781777227,0.016516136046584112,0.05029897529149468,0.007344745867005669,0.003242274007061511,0.012242961768192276,0.05164825387396254,0.01772811134904281,0.020483409603381512,0.0038915078040008028,0.012996351377572718,0.03400198843203575
76561199511405134,0.0,0.0,0.0,0.0,0.0,0.0,0.0,0.0,0.0,0.0,0.0,0.0,0.0,0.0,0.0,0.0,0.0,0.0,0.0,0.0,0.0,0.0,0.0,0.0,0.0,0.0,0.0,0.0,0.0,0.0
76561199512269509,0.0588966567963833,0.05513239878108752,0.03073402501617558,0.09316929959359023,0.025972836793192327,0.02010534641241358,0.07342958904728838,0.06951510007863362,0.06016353948496918,0.02564246733302923,0.034201006776083835,0.02823963540942545,0.0,0.049714352646736196,0.03247631554112864,0.015234101464021299,0.023694372727701807,0.017028699525104232,0.03759608917849562,0.0,0.05990840617343083,0.04780542802195117,0.008423257808609126,0.006310712018563205,0.028511027501986443,0.010585762813252669,0.01389168329441474,0.018973815614147644,0.0,0.05464407414818425
76561199512376287,0.016695176789576653,0.03581948204038293,0.0020202885225910476,0.08878271283650285,0.055708864045031656,0.013345530052985808,0.041699597483249806,0.07175521860144488,0.03575555261139838,0.032484946321779395,0.004503086249968194,0.07426194102061058,0.0,0.03812732173773683,0.049289432792474185,0.04128628809678018,0.006654057171288214,0.0,0.018907642890957324,0.005209929337109674,0.08912802431921293,0.01617992748919003,0.03733202142003581,0.009713015587077867,0.04639108761820474,0.01733707997360318,0.04208250715292282,0.00962069584956254,0.08696438867193745,0.0129441833163841
76561199512732822,0.07251180596469528,0.03895972332029196,0.08513495199746594,0.05621977000073125,0.013846172323508005,0.07449272209672626,0.0266891561235778,0.029261107677526054,0.030846872009946683,0.029764185954996025,0.050868204440962954,0.011768189016715625,0.042347619463340466,0.03654394313194779,0.03289012432409847,0.03175620733656184,0.034021421240816224,0.008727675000930144,0.018658090704310196,0.041724221894322226,0.0043171382127179855,0.04117320334005218,0.040132015378182284,0.0458237934155844,0.007195915038934038,0.009285209832272106,0.026830876005147167,0.0181007198202201,0.0,0.0401089649334186
76561199514742019,0.0,0.0,0.0,0.0,0.0,0.0,0.0,0.0,0.0,0.0,0.0,0.0,0.0,0.0,0.0,0.0,0.0,0.0,0.0,0.0,0.0,0.0,0.0,0.0,0.0,0.0,0.0,0.0,0.0,0.0
76561199515983042,0.07325195518704893,0.07458829909817424,0.01098837318745439,0.047378916176793955,0.04186176862870744,0.04079455925958798,0.03846541861993171,0.03793704557657917,0.031273587546965874,0.0581460913626229,0.04514852760970736,0.03762082781167631,0.05430889362971276,0.020814284727002873,0.013209428421350998,0.061618696731184676,0.02051783292967873,0.0,0.03353169876161314,0.018086310960496118,0.033316505137684735,0.0,0.036904024988289055,0.027905952772712184,0.04933347365790249,0.04258420440856372,0.019619111023260187,0.0,0.030794211785298092,0.0
76561199517455475,0.06767669834558461,0.0665761657465802,0.028388664804156975,0.08805841185905372,0.012949640528945447,0.019793819321841283,0.046067057246898274,0.06349068325306695,0.05086033495218863,0.06840627601429956,0.017352641357852687,0.014720940105151015,0.005994972855023457,0.05454051774395781,0.06388896281565243,0.0620245239273046,0.037887269209955186,0.004365407991818907,0.018839199459971496,0.013422855590877025,0.027167633018621275,0.026804166498638395,0.01591607072957118,0.007427882735853568,0.04183290657494536,0.004258332113279126,0.0232989439034964,0.011404913397254787,0.012712531965322679,0.023871575932837123
76561199518636045,0.029788523662124578,0.08982702974340044,0.0057496986356880084,0.08877452387444694,0.024135673545167737,0.031463137150854276,0.057680681045084906,0.07692197786019643,0.044619954115083224,0.01519391488006839,0.0,0.021569292217104453,0.014449776852481267,0.05729062264689589,0.024276924813563763,0.07297893006953832,0.02089851804205029,0.005286456701543321,0.028376275774285455,0.027143704423590112,0.05731243458543354,0.02051992218212238,0.020567660588182015,0.014657706055777377,0.06276811145421071,0.010407667896120153,0.023118545659804368,0.009451488547681344,0.03374109019011417,0.011029756787385853
76561199520743247,0.07795168604463285,0.024576727635417968,0.052553782127213074,0.07257923303423726,0.04570696943184885,0.04962093118619093,0.06182451779274389,0.011675163835073997,0.06735581394521224,0.020447146566517655,0.02582437650175425,0.008773980798868233,0.006082024690428188,0.058409901538713074,0.048687876320143576,0.02995336826553548,0.025277701357086794,0.025668483523756457,0.04218955984624542,0.019394425903992096,0.021085987075714165,0.04456793544516227,0.013822002024744403,0.0024105990508692643,0.004107606239050969,0.03201590380935417,0.024072930092086175,0.01606363612242054,0.01042600626167455,0.05687372353331115
76561199521001438,0.05955443062476859,0.07778853251084751,0.025380832467169216,0.06371908625100343,0.02822387743464835,0.013241946174247812,0.040603885191036075,0.05203614095241992,0.04313231802756313,0.03882965913413374,0.04722164545189624,0.03272315521314951,0.012045326316322918,0.04095593169215973,0.042115411061050406,0.060497595314442765,0.047849183739352624,0.018496129511415025,0.02706107151909706,0.017965019639789966,0.03928690018463069,0.020011556308074864,0.023737035341192467,0.003902969223572444,0.03867340895105126,0.008317173550525903,0.020620858818373944,0.025657261654810894,0.011586998907318393,0.018764658833934904
76561199526209117,0.07906276399941033,0.0877676586732885,0.05619103202411137,0.10715665799553882,0.02857216971556894,0.032770463069107504,0.011401238869591738,0.03387792847234733,0.10016859655922053,0.02590550476560552,0.009734644186621033,0.012053274309189508,0.008952284782721753,0.1020561018042694,0.04248101084890861,0.034078649062755303,0.021243168462225834,0.015697046845168223,0.021325028928696137,0.0,0.04312585028141224,0.07514681134017148,0.0,0.006589913805241714,0.004668792613667615,0.02857216971556894,0.0,0.0,0.0,0.011401238869591738
76561199526487450,0.08000018845086476,0.05417884869786379,0.03396294197966697,0.0752833312871578,0.023234710376523002,0.015216729815634756,0.055314130844860164,0.04609170308117654,0.029001841975782722,0.031066406683446207,0.0315424592647986,0.028034226495889367,0.007978905457736479,0.018501177453070637,0.06489428595551015,0.06186210505117226,0.03815629752422919,0.01603321638797752,0.038024419000008934,0.0263869795242599,0.038388562641965725,0.022109952413688343,0.006441329468724358,0.009300830745199705,0.029631104605138684,0.005715860059206896,0.0250640038779566,0.02032808699602761,0.015220710102930465,0.0530346537815319
76561199527406968,0.08491764334935975,0.0899262793339652,0.0328223231289602,0.05713082233220731,0.014800374291359069,0.051714696968381095,0.005672732302457466,0.027552537584171182,0.03165487231010256,0.06251473242740495,0.060602530835366986,0.03765937947083889,0.0495925416202208,0.035298036738529354,0.021851653689597336,0.04021114092988871,0.016307389959085015,0.0,0.0588069182815111,0.03583614177964856,0.024938146704305348,0.010830259220644902,0.06446346260306172,0.012034328064275596,0.0270438496758697,0.022561485106296447,0.018199738442013422,0.005055982850477169,0.0,0.0
76561199529575900,0.07971458509858498,0.03069749426184576,0.06471708357802754,0.09164902230637541,0.02471445139746179,0.06314609518178874,0.047538606143633415,0.026960007659691223,0.07859148283148071,0.01992774838987336,0.030105241683137836,0.007460055732188088,0.0054774601986174514,0.08387594896267914,0.04992469713438342,0.022059223715030878,0.038400618225825245,0.027423715716808177,0.04466711994865237,0.009746542054621138,0.022751122724871196,0.048372585203163274,0.0,0.0,0.011224503610519507,0.0154438574122816,0.0,0.0,0.0,0.05541073082845773
76561199529590961,0.0,0.0,0.0,0.0,0.0,0.0,0.0,0.0,0.0,0.0,0.0,0.0,0.0,0.0,0.0,0.0,0.0,0.0,0.0,0.0,0.0,0.0,0.0,0.0,0.0,0.0,0.0,0.0,0.0,0.0
76561199530756303,0.034778436412512374,0.044737144164017605,0.0041784517900294495,0.13808727543046032,0.03142049192363337,0.01948626657109854,0.07944324324912323,0.03534687180130608,0.028074406926008103,0.055210423097162016,0.012183552411331922,0.06612241525377484,0.0,0.03738134968517254,0.05372486117386189,0.030576145287378717,0.02582322883042991,0.024264874025259536,0.03377176756775526,0.017813469613444113,0.06024219024873124,0.005128490969134979,0.02944972318904891,0.003474549800541086,0.021723236345582708,0.006128253618245104,0.022918617789756037,0.037110399144622386,0.011849088988633233,0.02955077469194444
76561199537429327,0.10534628793046308,0.09831469506001733,0.09077663151053737,0.03703787272217638,0.007620974453959596,0.06850827904106112,0.006469470973829512,0.020502469888708554,0.04280653797849192,0.034830178843398715,0.09052664498876634,0.03289314219848755,0.026763707044997993,0.03828835506057418,0.016652879124081726,0.02519608192989133,0.03710077718567408,0.01491850015101355,0.06207105723550286,0.0,0.03346517510406333,0.04027733699649511,0.04551064227674758,0.0,0.0,0.0,0.017652831327231215,0.0,0.0,0.006469470973829512
76561199538031995,0.0,0.0,0.0,0.0,0.0,0.0,0.0,0.0,0.0,0.0,0.0,0.0,0.0,0.0,0.0,0.0,0.0,0.0,0.0,0.0,0.0,0.0,0.0,0.0,0.0,0.0,0.0,0.0,0.0,0.0
76561199539087405,0.05547498520160224,0.08599667744625122,0.018002654727408626,0.07083720231724239,0.022380766827833288,0.032579751882117876,0.03796574313645285,0.0955989583227346,0.04404713784395008,0.06223939590387825,0.023153389516597348,0.011108410026746361,0.019370102596082052,0.03874137011617248,0.05114159505365179,0.08215251354497248,0.012641775625718632,0.0,0.023741899142738523,0.017179753448476047,0.014415430110146957,0.024268695381189198,0.026063963611613377,0.014219617168864508,0.061599821903567845,0.017647001675785607,0.0,0.004858757274075717,0.016065828529090078,0.016506801665039792
76561199541793625,0.07658845015437761,0.09191286786361703,0.011796964162254297,0.07659121791177834,0.0,0.01773881044304569,0.021798559997818295,0.03297055585154192,0.042287359507368824,0.03513558508953894,0.030425234199733454,0.049626556969428366,0.005795467786634627,0.03090760888016542,0.029468147064630284,0.04286239356556062,0.06255451676778448,0.0,0.02394654562351749,0.018973379419368056,0.11595981176212199,0.00967141582038696,0.05195338842016428,0.0,0.017896683896489005,0.0,0.03446776987592165,0.0073331378212506465,0.055685151076277216,0.005652420069224428
76561199543961855,0.06940848452583535,0.06099331622554286,0.03345587201131065,0.08868046377711747,0.01803423404187226,0.02489031457926725,0.08736060526590707,0.06250327961956918,0.0,0.07699223743118776,0.01965292183882331,0.021636131756270674,0.0,0.009833571725869407,0.041077712423916626,0.007812789898452258,0.005155536307599071,0.028636761046766046,0.003396025343522381,0.029018938673333057,0.08479017561315338,0.015728355709544384,0.015304724303940004,0.02071589045716334,0.03199553260578009,0.009484614769600311,0.03351906888480792,0.027938793360960466,0.04744604635118552,0.024537601451701963
76561199544472375,0.07709348056137663,0.07031450357842797,0.033000234502375894,0.09001612348037122,0.0,0.02455345178426557,0.03179457798993258,0.0809708211298063,0.06288292100989926,0.02029663747781127,0.017289849240144352,0.016925178413588975,0.0,0.05724989533542066,0.02417707348956148,0.07180584775257816,0.013399836926195195,0.0038321589843546716,0.035931712741368915,0.02191862384947214,0.0584313176974211,0.019411363112474846,0.009078138080481893,0.014452727423270164,0.0644579920070984,0.0,0.010455366306963799,0.010235033463794915,0.052656907218923514,0.007368226442619939
76561199545066123,0.04916194561473948,0.044125464111319346,0.06255123632719975,0.06482037209367779,0.03773737130637381,0.05675646515911392,0.02613453911278082,0.016987242720327533,0.05798072798988627,0.03099622762908104,0.033000357142108805,0.013260043412920499,0.013325741037657473,0.05779294006791413,0.03703923394447974,0.031282815027634955,0.06603387263531689,0.006240381346090468,0.05330020941576266,0.02986774163883392,0.022160391242858787,0.035296437128676986,0.03695058959496635,0.028390927555042987,0.016207411415503914,0.03235131397056184,0.0,0.021299221921332354,0.00701365884818397,0.011935120589653665
76561199546266669,0.08165850688214839,0.07059455663957737,0.06945028122436335,0.07978191154584384,0.03693102823144818,0.042984617702285885,0.05603213900689889,0.04338684302632186,0.018660761374447103,0.04611624326240882,0.04220006410368299,0.028384106267336635,0.03699565753838037,0.018660761374447103,0.023773160756663952,0.030857472989691555,0.0420924414576858,0.019703125137238504,0.0,0.005675424015820284,0.02927792258154658,0.024736688675358793,0.03123064270947942,0.0,0.027329869482300033,0.0,0.01982178088798755,0.010439877619308308,0.03353321091829659,0.029690904589031886
76561199551749900,0.06585743031203121,0.07438076244791249,0.013193290271403675,0.07848140614812885,0.015602972759163652,0.013273747640239735,0.045983210006433,0.04430777715493776,0.07099116528681342,0.02700309997953399,0.05402396690468196,0.04818536564180876,0.016699607211402432,0.049573341917296024,0.008257853862725971,0.0,0.04366956505802639,0.006651134687592931,0.010285800203985769,0.030797577761797618,0.09941235523547129,0.016017501637883465,0.028983130478834662,0.024577634260382744,0.007747769139831711,0.00895183807157072,0.030126915356073317,0.03142423347068109,0.007993831918562897,0.027545715174792443
76561199552824101,0.08258798778735932,0.1184272626271029,0.05474111424754516,0.08602457502019319,0.0,0.03307516101479149,0.016656471368856493,0.04047353067734147,0.06821727708038107,0.05167279735277179,0.05607698566092755,0.010836195162037503,0.006073312260056882,0.07113076571653076,0.02666289656825011,0.04893474071512764,0.01883095931745575,0.006073312260056882,0.017061595087757016,0.0,0.06881560636839733,0.03220578124833294,0.027057283555341257,0.0,0.013852225262789283,0.0,0.019312697134995498,0.0,0.018902119191386093,0.006297347314214699
76561199553177714,0.05800576559995577,0.07141598876936685,0.012691000288343406,0.08442174288454084,0.018928115457575362,0.01036359816173962,0.05604617087866096,0.07462265816738393,0.02611258727590694,0.06872022041187982,0.03471804929908153,0.04533819046595721,0.004127449517525393,0.022096484594364814,0.03514633518880473,0.04093537858110376,0.025252455175195018,0.021760485417244096,0.015883575087389197,0.01976055956742436,0.06802266764447226,0.011270630944363763,0.014087298743314876,0.0,0.03389715997321667,0.010345498684447075,0.04060102957534934,0.035195359706811424,0.013130424360888912,0.027103119577692167
76561199557398352,0.06446894770058917,0.05552196193333895,0.043596166930548436,0.07739467787832942,0.024066891780673148,0.01807909039414592,0.03528877736219147,0.043457485081886085,0.04095656713714959,0.04983233703093018,0.038257505288134805,0.03887626367652453,0.0,0.04727584866759474,0.04684070194847207,0.06959108837707315,0.016347339086709933,0.008988582724520338,0.04123714943864949,0.009024161185591703,0.05456378238072229,0.045362362868808674,0.0198195245621201,0.0,0.023089475421250893,0.005113273393106257,0.03521288112124101,0.028119936384737313,0.011411040164003395,0.008206180080956832
76561199557989035,0.07249347258268328,0.051916993521920744,0.045860712982917905,0.11927469805711087,0.02052764772380405,0.04439405645606749,0.05553312472317994,0.02911872360430664,0.06849048849612563,0.022332283805398923,0.01891216317284048,0.012279210591730523,0.004410844654501122,0.07513054569307574,0.04705843534470691,0.014752533937032748,0.0277800673972768,0.020594070857301073,0.05514808106505618,0.007966749156294374,0.04853128651098383,0.03109508203517126,0.00903276558197784,0.009326180085377531,0.0,0.015075098849057682,0.02689297399604784,0.025366465669718147,0.0,0.02070524344833435
76561199559728739,0.09250034671411649,0.0352324912371684,0.028076868302875164,0.043428332529555316,0.08633360563533816,0.06076511614208744,0.04813723679617795,0.026844043791039583,0.03740068494844228,0.023382447083676466,0.006343174579426433,0.012564832936972107,0.03293035770162643,0.032200071576856684,0.05593686001030732,0.04274989876108379,0.017281158803609496,0.022643249354253887,0.061371498849263365,0.03716515021865666,0.012753787126731706,0.029219020363888966,0.0,0.020945560955686806,0.03513745284992056,0.050144728353018836,0.0,0.012385064369693301,0.026048543591244512,0.010078416417281782
76561199559993324,0.05708966093562005,0.08546198481121772,0.012165557961113916,0.08499591633787759,0.03171811027248707,0.013198976244003801,0.013875996737271643,0.07891838798257149,0.03436389568271758,0.03641954956543874,0.043222806205810274,0.028171818124171914,0.0,0.04206777184341261,0.060324150243648886,0.09025333584702172,0.01193010092408739,0.009890248175431252,0.02385452837090335,0.014250095928705818,0.06315622048096038,0.03336193394974203,0.014940189332310236,0.0,0.041623197796219535,0.017346825873416,0.024392021758910403,0.0062231814135871154,0.00871700791872312,0.01806652928261837
76561199568067378,0.07159648799327872,0.057716765216278096,0.020546813730908935,0.07692460624240134,0.05402639459074536,0.02381029006619079,0.03608248707979199,0.07042873138840142,0.03868454067050766,0.04164338841757235,0.015868606804945756,0.038961468782034755,0.004249034719745334,0.037153755656702564,0.07613575571686482,0.0614305430032376,0.018499658234608304,0.004181042772528181,0.043152184374581765,0.014781888438202486,0.02940009539916956,0.02748503632978634,0.005976389929441938,0.0,0.04732152861409475,0.0344183794244291,0.009269095419336163,0.004249034719745334,0.009269095419336163,0.02673690084513205
76561199571958168,0.12423301626997821,0.09889453486212542,0.08262591588368204,0.04134477609043772,0.01315089641031931,0.058862948479545645,0.03350800331790481,0.06814171063904016,0.047616014341723176,0.009200905934729721,0.10695865355903376,0.009200905934729721,0.00649193210467607,0.019349442276881897,0.029517124287855617,0.02958070404475115,0.020916639480437003,0.005976847125802224,0.013137884374460309,0.006376590456534554,0.03887692914373576,0.06488700400792483,0.01136816541261172,0.005906197298332738,0.01315089641031931,0.0,0.0,0.006376590456534554,0.0,0.034348771395892604
76561199572634759,0.04097490350064515,0.027314385105577488,0.005871831884910079,0.05973980480338487,0.047154590064062904,0.025385253936184904,0.055770454326315624,0.06383733081718125,0.06717613698385583,0.03238388132509793,0.0156677404683187,0.029232909503454908,0.023453005017897873,0.05246179494309776,0.016054399502834008,0.02965233243871003,0.0022400978687747786,0.01042112695130361,0.03809399925498194,0.032053501448183426,0.06866105225690779,0.021557772287136352,0.020867634860226504,0.007512461392081085,0.0379685636059136,0.034530788773127014,0.03627525575772165,0.045470470450524186,0.018770998059524504,0.03344552241206433
76561199575139982,0.05537965095029506,0.0648625515785768,0.030485972413164707,0.12033525197630289,0.018631885454031473,0.031199545403316417,0.04456877697682023,0.0529650871943149,0.04963618886143939,0.04404892266877407,0.008300135464247191,0.035529950129687064,0.010289055594219602,0.07109688215267208,0.0432482305140077,0.04743614566562171,0.025975750659219993,0.021084925928185592,0.03304006418731455,0.012592665714677495,0.03251160205574376,0.02724325067201864,0.004046292838377029,0.004501767251132732,0.04927607370795203,0.012224243835414221,0.010936679766759798,0.015423715197892728,0.004862113227356158,0.0182666219604638
76561199579773295,0.0932775244488187,0.05028645653421828,0.01774510961466041,0.09735791878589407,0.03478866600422767,0.007564017790218289,0.030778756340188795,0.042493850279755815,0.03372018255151219,0.06552922677369612,0.015766320364796933,0.020681783880865695,0.016551286338571666,0.03643364964004488,0.0766778017848498,0.0803318145668487,0.058184346844008285,0.007943935044351792,0.034520891266968765,0.0,0.02597893147253144,0.035337341042721855,0.008378998216348668,0.007792606254462468,0.026616407388739532,0.026983874705812583,0.007792606254462468,0.013067728782139245,0.006626495273988251,0.020791471754296846
76561199581122905,0.08161382875675113,0.09777464115780986,0.0544769227032487,0.05397634608079195,0.030795864903411494,0.06232770398265424,0.012683097136867253,0.05082902942235053,0.031407193812666594,0.02951622881732557,0.05655945906533085,0.014201767503286796,0.0499410091853607,0.031407193812666594,0.01583965762460609,0.05047436845586258,0.028989616372739856,0.0,0.04466030009244172,0.01381578062359179,0.019274186698630992,0.022180951111153386,0.05657552584699322,0.0,0.0366985980473935,0.029329673637760692,0.008101843778411461,0.0,0.007368924409632805,0.009180286960259836
76561199587644940,0.07851203107291202,0.05903892368811132,0.04567082533262134,0.09164565288869457,0.029862845206022202,0.011091953606406165,0.05414724927497594,0.021949142751324296,0.03062073260265978,0.04665278151858456,0.01389189883330022,0.02420296156166336,0.011175996291481175,0.041234685308397086,0.04959111838883161,0.05818096364722789,0.021109023678369254,0.054149225624872586,0.016450157596084924,0.021961066220873647,0.05506641319485816,0.022126878526834506,0.011945198482616697,0.007175905382785381,0.012673618319867515,0.007175905382785381,0.03828404494993017,0.026518220341212945,0.009387244356107279,0.028507335969588214
76561199589158503,0.09223045102991151,0.09921786257612261,0.00913950052866489,0.12258318163361781,0.0,0.02534191288233566,0.04722050777639345,0.05393938355424906,0.06807049301641212,0.050488284165102856,0.04775159676776624,0.010113311071271008,0.0,0.05633107537488683,0.025631055017204512,0.015531168257383368,0.004144856604656785,0.008635162104484416,0.009756553855249265,0.0,0.10195173450713627,0.039741352938664196,0.006406903121534982,0.00508081333287228,0.019855590194973908,0.0,0.02453427435480205,0.0,0.02453427435480205,0.031768700979501845
76561199589538204,0.052820485091835304,0.07077829162695008,0.008408020315644537,0.12324915411875643,0.0,0.0,0.026116127180879214,0.05798201456981437,0.037661627896396814,0.0873015495986062,0.031416131933457644,0.06848174295489699,0.007405166426000704,0.044025081944372435,0.07346953344593644,0.08527612140581359,0.05296169454362893,0.021110081505200697,0.014798334512356442,0.0033493400421912927,0.007616030811050284,0.0,0.0363099600759752,0.0,0.056229234704128196,0.0,0.0,0.0,0.010902916826780639,0.022331358469327465
76561199589647383,0.0,0.0,0.0,0.0,0.0,0.0,0.0,0.0,0.0,0.0,0.0,0.0,0.0,0.0,0.0,0.0,0.0,0.0,0.0,0.0,0.0,0.0,0.0,0.0,0.0,0.0,0.0,0.0,0.0,0.0
76561199592008364,0.0942978649609317,0.05621813259686869,0.037662111941491196,0.08248514408677676,0.04218723648681226,0.044673817236637374,0.041254885482820074,0.041677340489611144,0.054042708856187595,0.05828110407366255,0.02359707935768799,0.025433191807832982,0.004348860135604286,0.041501692340229615,0.059994723505437206,0.032401718712248964,0.04761378838646368,0.017746985910267177,0.0183560306073025,0.012935198393032489,0.030105459457036448,0.015389114714749994,0.005854414779411661,0.0,0.026247504307921735,0.0242320856624528,0.013214545388620056,0.012316502695953845,0.014497705604238706,0.02143305202170843
76561199608316668,0.056512851203525,0.09149443841308741,0.03624188206597295,0.06742854246424379,0.04881204123006693,0.026839293028801923,0.04018447707129007,0.08015485965271175,0.06515371048798131,0.03177899301313312,0.025684059117707218,0.0,0.0073772639844698505,0.0345415909387744,0.037051125080439264,0.07034538344901971,0.014017398956886834,0.009025215091570898,0.054566772456944954,0.012971161533763601,0.05176937259302104,0.030705553463792886,0.012072352978568,0.006857040391015049,0.03327762780167752,0.014408018527210083,0.018563993812432296,0.0,0.009915071781176623,0.012249909410715507
76561199627864130,0.059049545161189806,0.08542646571254384,0.03444042872052241,0.09314518192355323,0.01982580130482563,0.024383875850871258,0.02364847344977024,0.07066906106830453,0.05730417532253913,0.0617609445407086,0.01852467525891399,0.014499786627035643,0.0,0.05403954657458582,0.057487403518004784,0.06011688738634876,0.03716202816208773,0.010068858256393504,0.018742225506664798,0.002960461875181587,0.05545760450621624,0.02137219816090471,0.01617809284581298,0.003344688333988442,0.058894518998007926,0.004275990718084345,0.0,0.002960461875181587,0.014830233178378362,0.019430385163379974
76561199630639323,0.0879044300211311,0.056399730526749,0.05593308221318229,0.06013634532356714,0.061297621293611285,0.0401359053136929,0.04745958121947915,0.06923707686018848,0.022835046863469835,0.031884079925395235,0.023144715768801387,0.0,0.011041041547600695,0.015294714099598202,0.04028682591835288,0.046708233429792474,0.02002336908961323,0.015630897820774012,0.04359983931332699,0.04266855826231131,0.016099857569346683,0.01215827187863881,0.003317540038795223,0.057352495351452,0.037853445121107214,0.041153596289403876,0.003485084762911372,0.006458077628412139,0.006222138852227329,0.024278397697067557
76561199631745821,0.05697139500625043,0.08765052964538358,0.015569532658287985,0.08974766149416842,0.008803874074712982,0.026244615804943534,0.030968292781398232,0.06368190002678978,0.0669062162999202,0.056332856270213116,0.011102149556014636,0.04694036957140076,0.003326628110782043,0.05802148081505577,0.009495492638784235,0.028877151828568145,0.032614724827878264,0.009780696627169346,0.03822660441607027,0.006534346208373876,0.10763647448389156,0.012323182239492515,0.0,0.003326628110782043,0.04082243865715803,0.003326628110782043,0.039249165656427804,0.00992435340389617,0.021874379570239168,0.013720231105165173
76561199638601866,0.06546512442560372,0.10089810009222018,0.08115483025187868,0.0450448858316349,0.019547306954912105,0.0516485138936157,0.04277328182349994,0.057948387160163546,0.016457371106527882,0.08703642831821741,0.05530785054321997,0.04348960674400138,0.030966073487025184,0.014144789804839079,0.006395273681385164,0.024505240180204776,0.05836200323944947,0.02087958219693106,0.0,0.025245662972675206,0.0,0.007062136612390889,0.02924540032619883,0.00874749116494943,0.030120058641815706,0.01418630760432317,0.0,0.028143610932375166,0.012351582416635722,0.02287309959330559
76561199639237662,0.05404354108975871,0.04929560396163843,0.052841484747657146,0.1147539970414319,0.016607788880106715,0.032507075016984015,0.04609428575242688,0.04756806635833742,0.09872134608296669,0.008531673448048706,0.02731513817555583,0.004010613082117787,0.0,0.09519800460277074,0.02634715897751123,0.02162592649407287,0.0,0.0,0.018705068745359696,0.017857070441770248,0.0896124308821152,0.06577847944032528,0.01583194918887907,0.017857070441770248,0.024422728190979116,0.005712632734011793,0.009520015346955537,0.0,0.0076955958636504805,0.03154525501279829
76561199642042062,0.11515406217157906,0.016392621313208487,0.10052760743085908,0.05178787132266474,0.037101355474016925,0.029708554251416133,0.025258753389494935,0.0065954790155762204,0.018912945358366844,0.059560489212164926,0.05123133225288216,0.035047061379419646,0.047726940680910365,0.013687530385360741,0.07145377240378,0.005225414973006102,0.013771323096023263,0.10971128132712418,0.02365804499653809,0.03976919228556893,0.008161447295103355,0.005225414973006102,0.01623773085995633,0.012406745582022134,0.0,0.010153620356871505,0.03790600417834044,0.022075973841842764,0.005133395824743686,0.010418034368152843
76561199645738773,0.08297014384160634,0.059890045397489766,0.07238984901411458,0.06365516481914558,0.026803127752485945,0.0376524061705661,0.048087028976858015,0.05519884331570658,0.014642077985216016,0.049195604787611945,0.03620699398025828,0.038394109505306036,0.031849151239953376,0.026074920974606845,0.04917753305158132,0.019730184300366407,0.049200613479586895,0.01772830865877845,0.006030038022715227,0.004786639659652638,0.006332994402430603,0.035784654407532646,0.024365869073753047,0.02370656437176169,0.02350182726239452,0.021468994474154422,0.015222950373136576,0.0,0.005289463718693578,0.0546638969825365
76561199651398849,0.11216549568657894,0.0799507613324007,0.07167517597971847,0.06362198811472922,0.01605795543674662,0.06523436586737089,0.027596468299938472,0.045211394717001974,0.04256035902708345,0.03581135464388841,0.07946312094118761,0.019987263966635443,0.007699817463040246,0.03241937696447474,0.03498307304771755,0.032048610086664084,0.029875169061308153,0.0,0.030184466712817173,0.0038579889797600592,0.039349532660698135,0.025726046913169105,0.008879309226314958,0.011557806442800305,0.015807622299565234,0.0,0.020096435860777615,0.01492561032111745,0.01453778386513426,0.018715646081360848
76561199651436954,0.060301040992971386,0.0477905363877275,0.016267514962309666,0.08667526349146128,0.031582790263063897,0.019472075028551167,0.06304810912612126,0.09974275018448593,0.07881992986544684,0.03225056251064006,0.01480433710927521,0.017184802875453143,0.013858752782325453,0.0723690720092581,0.017055357249678292,0.04356580635958283,0.003262614433765737,0.01216745125887506,0.03002923774213777,0.030210980512166356,0.09208364013806414,0.022401186931873363,0.003975651633373753,0.011313573661694784,0.029719014422352554,0.013358837590000816,0.007740357655710927,0.011716009289084681,0.0,0.017232743532548042
76561199653622095,0.06004275801805195,0.05356564243519315,0.018899846999876357,0.09244636270785506,0.01926818690917753,0.02775274548114491,0.04746228277777824,0.07739471264433127,0.06540751682769044,0.031484306251704265,0.026513978502390345,0.028383627962302545,0.012940565411411219,0.06253715787049542,0.030925172670147823,0.06084967653499604,0.03569185243902357,0.013917546976032827,0.02295873148786093,0.0075149585300879635,0.04096263829988559,0.004986951554019502,0.02022682741308709,0.0,0.0489461761053301,0.007972114399899857,0.012111593798639263,0.004610299900112183,0.03062556933463511,0.03360019975683973
76561199657362718,0.06816046333836426,0.07500625579864577,0.029756601411620207,0.03922118962278814,0.0512422858889772,0.04659990415302791,0.06223957769058813,0.10748134266718923,0.018405004494276136,0.03992073469793485,0.026203935623612166,0.02676393977906139,0.010344092127135893,0.018405004494276136,0.03050062245296517,0.030302414405418903,0.012273763395170093,0.020371352728607583,0.0142748871877424,0.024644178879702276,0.023882191334293618,0.006053866163286504,0.028161251415172523,0.0,0.05175392484944838,0.028696563243803184,0.032931224982944325,0.015132523802883555,0.02168976235051252,0.039581141020551706
76561199680990806,0.06949963819882388,0.09464539054011673,0.04045135873450924,0.07108693212771271,0.005992974355371526,0.05245107781505095,0.029532527568468976,0.07798314006061628,0.01752782509170154,0.05777068507145504,0.046389144374861,0.017294869215253056,0.012445780498590355,0.01722089373810564,0.06977389008328916,0.06515501054881481,0.024798636697000682,0.017304112111914,0.01756829398511983,0.012442118236652054,0.017408498980079058,0.05179712351165291,0.018058412119265198,0.012316928083083916,0.042653627383970834,0.005992974355371526,0.005742121205285594,0.0,0.005742121205285594,0.0229538941025777
76561199681279488,0.0,0.0,0.0,0.0,0.0,0.0,0.0,0.0,0.0,0.0,0.0,0.0,0.0,0.0,0.0,0.0,0.0,0.0,0.0,0.0,0.0,0.0,0.0,0.0,0.0,0.0,0.0,0.0,0.0,0.0
76561199682596889,0.0652275659612481,0.048517491571763445,0.0235909363708868,0.12844932349476487,0.008705732219116347,0.027435655750183176,0.041113924570470195,0.04238002177495095,0.05082787455660753,0.05435234311868279,0.0370389140816253,0.05266463608676405,0.029502885310929927,0.05082787455660753,0.05451612934131461,0.04708621720583953,0.02998324511120478,0.0,0.03277779659921836,0.008522389676362123,0.021287518100734062,0.00663818597723134,0.05042584174396546,0.004500572301714001,0.02841407140319476,0.0,0.01272754959376447,0.01272754959376447,0.014162666485156128,0.015595087441934956
76561199687646290,0.06309708197875767,0.04219981924105178,0.030525072025711957,0.05570081599058759,0.0765771075182953,0.050526931523624134,0.044691313198594304,0.06629075688683762,0.04225077087886932,0.037291307513428545,0.011433775002775632,0.027972836034663835,0.003935196993173237,0.03362288250115195,0.042753631858053136,0.03056335047517206,0.0023850482874730444,0.01038583485270316,0.0638477751413338,0.030351839747683608,0.03657637260855649,0.04009481188108626,0.008446884529829248,0.005878824201966734,0.028286616043541893,0.041220194193100676,0.015876383898849968,0.023794929341974864,0.010469332930553098,0.022952502720599094
76561199688154793,0.077776724836472,0.09911368357116711,0.02711376756989087,0.09317938143747387,0.00707829985127528,0.019571260853221726,0.015386944498996188,0.06928424248931299,0.06922617260500157,0.056096109287880204,0.037581540793758327,0.034225096667893126,0.005498046095918796,0.05786619570257064,0.03662796471543799,0.053574843904127686,0.022135431990303368,0.00707829985127528,0.013156637195377609,0.0,0.03802552149422221,0.020670388582886952,0.029165758085202803,0.0,0.03923069437361538,0.0,0.03226425924952071,0.00707829985127528,0.01560360023608629,0.01639083420983591
76561199696739033,0.08584363111448814,0.0923636230571923,0.0583434079198188,0.05791789779458585,0.03162132274876084,0.046343771267123995,0.01700205146818058,0.05545275588767283,0.05618859773775761,0.05641122698098478,0.02870847478361191,0.005342036764446478,0.0032460620978492075,0.0561790971239646,0.04987424971828777,0.08107487744663942,0.026233302864173913,0.006172146340904375,0.03536855967031963,0.0137521222851935,0.02614865117332856,0.013372703444487813,0.0,0.0,0.04078171583465612,0.019385800700736946,0.009487186668167127,0.007580637030155641,0.012585046663065484,0.0072190434134457426
76561199697755740,0.05817393982360004,0.06441374526070086,0.029936340811324732,0.06987011867557857,0.01335278725627883,0.025272663754092158,0.07872136521859943,0.05702835905610968,0.004030559223917299,0.05544577513625468,0.03546499875182503,0.04101341734905917,0.010427531066152422,0.028990079226611447,0.015234117468850878,0.035670085112354956,0.05094746418205614,0.050205934870869606,0.00395370383973813,0.025886457520128196,0.029273510512851576,0.004562643182066585,0.02155065820801063,0.0,0.042488798618003136,0.0,0.05369827198678702,0.03804340699132746,0.012552492765528167,0.04379077413132328
76561199698533340,0.04566485929367966,0.08650904565687567,0.0271194335959079,0.08261665739802013,0.02660205328265945,0.028718718131237393,0.03008775269813278,0.10230870604275116,0.034545526592842345,0.043317200385287385,0.0318221547840593,0.018020919458252984,0.013348457447219228,0.04401247834589998,0.03486945596451306,0.0612052267737276,0.017304968905711902,0.005775814656639165,0.0106157354030838,0.01733778845347813,0.03361552889952281,0.013070696589918395,0.030135615571432604,0.009707380813272753,0.06944957308848405,0.02583057611094108,0.016103374997221625,0.01245663535880019,0.014675032157292142,0.013152633143135231
76561199699572362,0.05363386143707442,0.04100400295466944,0.04460245246040801,0.07160625249761526,0.03897801697422924,0.040683370830609134,0.040227363482484416,0.07869350389636776,0.07099924210051171,0.02391555246267492,0.020882266954152153,0.011860839215880369,0.013909450885691548,0.057201841748062615,0.046083234847491654,0.025781397169015383,0.03242977432135041,0.026091352896567232,0.04161998915386631,0.014681238778307078,0.03812565304059594,0.037118902565772875,0.0,0.00644229403455713,0.03734926007831505,0.04449637076403301,0.003898722500884844,0.003898722500884844,0.0,0.033785069447927286
76561199729570190,0.088803089577057,0.08500429480918233,0.11667751917158752,0.02157947802971833,0.02234912095475359,0.1057845233152941,0.020423389022108017,0.015970264790577768,0.022991120808236162,0.04623284944297115,0.09872072915696946,0.032959399585367255,0.021537248494173343,0.01788705260909915,0.012766912218321807,0.007963188615861216,0.027728143929511652,0.005528380769834459,0.060479877236200914,0.029183159218535478,0.009136226526795877,0.04676194620476024,0.02832848710924714,0.029888759637511104,0.0,0.0,0.009694432641131344,0.015620406125193696,0.0,0.0
76561199729773816,0.07157593183803299,0.0981489398938878,0.030812326015224743,0.06341436399560432,0.037052590163098816,0.02600237455984719,0.03204772286205917,0.0880835676780364,0.045180390698818754,0.03588773097161209,0.05540114314696417,0.01169452960973939,0.004671129208425031,0.031802154309266285,0.026172080957340412,0.03202229269335723,0.03579467248786202,0.005148200562899454,0.023228806627584846,0.007848500888285304,0.04592727387899429,0.03185208678313581,0.012237238354746096,0.004346696891313991,0.04338549262767443,0.01270334078348971,0.019165528204377665,0.0087733317592497,0.044396550604210654,0.015223010944861145
76561199738119259,0.051901392886230975,0.07978214387525144,0.02051138698686788,0.0688352514978924,0.04637288365798371,0.016760692993617043,0.03346497311515015,0.08279923284799827,0.04995123154586226,0.05432347045384191,0.016033800080397568,0.021605417146151225,0.004952787970623626,0.05098645176113008,0.03020107370124649,0.05645840396670998,0.02089603969913931,0.012812904001569692,0.018153904846241384,0.0,0.04199729225587329,0.02449654491307685,0.011102633313659127,0.0,0.0766159190960907,0.0228137492989067,0.024651728520963034,0.011335913796168846,0.023548409001499494,0.02663436676985648
76561199739359982,0.07287045612667493,0.05407757210388641,0.03662328987153921,0.0936834935303983,0.03169846117448093,0.04733999378337604,0.04132209523720588,0.04067690326802937,0.06339059097425172,0.027898539928626127,0.027244912693207588,0.02431885445611155,0.006906243927851616,0.07116384520368536,0.049909135322527116,0.03709321542227974,0.012093555627857484,0.020382786564073906,0.025991202520079373,0.02925088134757824,0.058126034418741444,0.034316110964308956,0.007476008740554021,0.045422643884893116,0.005331349643350033,0.00777325422943365,0.00777325422943365,0.0,0.01480063357302886,0.00504468123253533
76561199748150200,0.09656388808904615,0.044765906743673124,0.07787278891172389,0.0882036086967711,0.008050877936889451,0.08117503874112811,0.01196957417267293,0.012205706326412753,0.07661480522764934,0.012232617987974767,0.04937106378947092,0.04248812775222002,0.015876740055830313,0.07280247938455084,0.05501863941869033,0.007578660779043199,0.07396157320901588,0.021277205844707013,0.02593946326450343,0.00853644005233592,0.01797417885730636,0.06808049384634371,0.012180562120191463,0.0,0.0,0.01658731798922537,0.0,0.0026722408026237567,0.0,0.0
76561199750937606,0.07295687849031779,0.061455767525746136,0.06438124959280338,0.094752497864888,0.015255445568634863,0.01576598426219772,0.04535626865924314,0.043586203009595585,0.044971206675575796,0.00649064153936076,0.06585576493214165,0.05560381178015238,0.024775783140109035,0.051613618938275624,0.013359963285610624,0.005028633928991486,0.03424911919116253,0.03528936441347338,0.022503740014442254,0.009519468002104348,0.07250985514812618,0.06602947066470119,0.006668420345861089,0.0,0.0,0.0,0.021557188069501663,0.018893236099799565,0.009715760159934087,0.021854658697249865
76561199752752935,0.0747638808231986,0.04060990431208021,0.06362298204853728,0.039128257311890395,0.04520703136194726,0.02477938135112871,0.08907864059573832,0.02060048880049099,0.010216022319266438,0.06581214853746777,0.024748055790665094,0.013464394242094958,0.030165479278764996,0.010216022319266438,0.0482241773854884,0.03838758898547409,0.021367571418787104,0.012465138304276204,0.0365511226706095,0.040404108880241874,0.010470183960836463,0.030408378480231167,0.08046751104483016,0.01735881506219406,0.018628643051373787,0.015421932423858553,0.016402716209777686,0.022064465537824,0.010765686274915698,0.0281992712167437
76561199754121666,0.09785226615671078,0.08410420603460138,0.1047686428981487,0.017976150002574035,0.028512339433219593,0.07006372878633715,0.013945069419920755,0.0076336454171452815,0.052123176065952286,0.0766106436597772,0.07021121443914279,0.02798572483053478,0.033444785969829915,0.017976150002574035,0.014798908299655083,0.013668501776620233,0.027957561527040486,0.03979320641037095,0.038854844018648346,0.042569530570657065,0.02538114832872588,0.0076336454171452815,0.013556831388311512,0.0,0.0,0.0,0.04295112911290664,0.023093284889906057,0.0,0.006533665143543849
76561199755294671,0.03575431756381026,0.023976441937427723,0.02460717886568312,0.0413165505356824,0.12455182113359385,0.030403722090726816,0.029292514864093875,0.05439074460261579,0.021173962318558125,0.04138774422940026,0.005759360615726615,0.024108046219172462,0.002095248140432836,0.0017388144991753863,0.015458257279848883,0.01924330043402343,0.006976172640867981,0.044120078156065556,0.006112726411442919,0.08868253359235631,0.015898165057573917,0.00484849502719974,0.02781641791537918,0.011016104624014039,0.040616883534556975,0.04854064329134399,0.059008792267611215,0.08156005429071332,0.06610556879745785,0.0034393390634451216
76561199766435421,0.075824872866712,0.04901298334060395,0.07749609208312239,0.07201215107587622,0.013257581263109943,0.045178648247918445,0.06822736649914958,0.0337719856450543,0.06318509413575575,0.038300340120686546,0.0536949849356953,0.007515813076165797,0.0,0.026938463142302187,0.06561703059858438,0.05136255984850573,0.03767056591780312,0.015401301466806802,0.02683314399866269,0.020219858461498215,0.023178504257779228,0.0598654312860505,0.0130117808333552,0.014643689470336247,0.010924361097623068,0.014163256792656592,0.00430495485740923,0.0,0.0,0.01838718468077685
76561199780856085,0.04279375243636404,0.028554682100484785,0.0701874420133616,0.03710237719498919,0.061030430046158254,0.052268312626977224,0.05012134881492564,0.01619560940569017,0.016130499573634136,0.013120520577059454,0.022064925619337532,0.01923950555369678,0.02913132180069626,0.04817160052479269,0.04914251392558448,0.012477155417318121,0.023273968297506335,0.0,0.030924643326869634,0.11468332734452452,0.00902266792458085,0.02654341844512105,0.0321386122136628,0.09776265020918505,0.00648975648114725,0.00648975648114725,0.013025790239790494,0.021383210195777002,0.013954973006122856,0.03657522820349448
76561199782026649,0.05248265174760036,0.05897367635467143,0.01104379653777995,0.07713070938574759,0.04721599867977905,0.033059893125818744,0.025381582617971132,0.07191651299835557,0.04772472323008256,0.027901632478035718,0.05907182237920311,0.028038676971128634,0.006892611888972217,0.027468490190606862,0.029217012433887978,0.042138418137732114,0.02603635866153346,0.0,0.043887363631481574,0.01146706990114085,0.05982503919194397,0.024598130266353734,0.04183641215395391,0.0,0.04875513898093364,0.01810025418083636,0.03157503098510528,0.026722299198078333,0.015986798382401142,0.005551895308865018
76561199783971190,0.06017772727969794,0.04144746283981064,0.03466978790900858,0.08470759376281455,0.041622690428005135,0.03016905641489433,0.028372075819873492,0.06212270216438525,0.05867965000203264,0.03994002328267258,0.00550185364577118,0.030803379013725832,0.012129024184635743,0.06782130051796624,0.045110794473037216,0.04877140582991416,0.028842865726788708,0.010590681865494424,0.034270390202585564,0.00846122169327371,0.02463427147798911,0.04398675316200479,0.018639420856057194,0.01210072096870319,0.04054899730909585,0.03201379667865677,0.0,0.01610260865728834,0.004867150706174963,0.03289459312764187
76561199785196304,0.07013636862234342,0.10342404445022273,0.008757923900956229,0.06222053630721108,0.016170313572758728,0.018455212879360233,0.019799559973399945,0.10066647879707274,0.0448909676068205,0.0711164044529271,0.04471816434342167,0.044247655825477954,0.01037917396825929,0.026144744965985147,0.017871394524574133,0.03811855655315372,0.04859636107228889,0.0,0.005349826089951326,0.008356488400361179,0.03944239733186274,0.00433932244379547,0.01871935312200986,0.0,0.04982751495795861,0.01037917396825929,0.0,0.029293646371878864,0.06964392180018977,0.018934493697499406
76561199786534958,0.05279438900827112,0.10618256139238122,0.019459161987295717,0.07697524438108495,0.033146477330992956,0.0034994692975260505,0.04777226384957795,0.10639041511449965,0.029779504866746645,0.06316817336485928,0.02248254473484502,0.051749965296953436,0.0,0.03710857584014174,0.010038528390329546,0.019273689101268657,0.011222223240622355,0.007030008920317851,0.01875339223161848,0.0034994692975260505,0.07826232130023422,0.003351456349015815,0.008636051602555709,0.010874602702702397,0.0609930898364541,0.01414692995225407,0.0495444577754999,0.02265172868304494,0.009667170220115597,0.02154613393126475
76561199792770301,0.03962561718718517,0.0307639100342839,0.021740930257662654,0.06917120711231826,0.061966323223836425,0.044403251086156205,0.06520737246096465,0.045324067087063616,0.03853762075498826,0.02614795784965675,0.013811799349065474,0.037144925012887076,0.0056216894003244195,0.038731808388253776,0.057273946620955515,0.03716204373734069,0.009096703302965064,0.0,0.04885254195349392,0.021615527860092514,0.021722799931513735,0.0516791704335921,0.029658043294328224,0.0,0.032755301120525125,0.038783424856630826,0.027594483772969927,0.03702010230638994,0.013867344272394328,0.034720087332161455
76561199795154363,0.05628173691422643,0.08962879172039967,0.009258579800212597,0.08854408153062832,0.006251935538096621,0.020377734658513242,0.03965521070203698,0.09040095719950318,0.03825036291863526,0.0661421835825728,0.053566362433437265,0.01635741912923286,0.0,0.028891197366119496,0.016994659090606285,0.02877017970629046,0.013569422310904683,0.0049263233316735365,0.020120186020703514,0.003766686131377693,0.1163617691998611,0.021049626836787814,0.007627287676102067,0.0,0.05610182176581755,0.006251935538096621,0.03565168060250049,0.019373163818857845,0.029892551223852874,0.01593615325295282
76561199795377753,0.047791381130110756,0.03936464289600498,0.02614127237829078,0.04110340737542094,0.07856868717232393,0.026246299934608357,0.06850923251148641,0.06129780034536854,0.03736421616075511,0.034118293992613104,0.018388591763076584,0.015247800706644414,0.017533272351118425,0.034765718735748755,0.05300403219254961,0.0614775344919186,0.011289496995947713,0.005945407904953185,0.036522375758474016,0.03465586342587071,0.027718155209168375,0.03001651366628932,0.023403043988036196,0.005713454458860643,0.05148488002183604,0.0355688804687163,0.008678688282675807,0.023329008055167064,0.0043638997576322365,0.0403881478683334
76561199795834891,0.04320140470955911,0.06843613491355306,0.061929928985971244,0.053660938797677374,0.052509644994179615,0.051764478053658386,0.02948443748860441,0.049548122998465026,0.04750509985378797,0.04621262689595544,0.019516009427319615,0.007108400654475272,0.008130003966498154,0.04649464397246565,0.020204265551802447,0.0634605211860735,0.008366157289364401,0.0030523995932318438,0.02905611078374393,0.02290205949985075,0.022878063556025147,0.043540469383803994,0.012904100663564146,0.050882841144816476,0.03801522110857404,0.04087379680110695,0.008130003966498154,0.029409834439324118,0.008739934295988166,0.012082345024061658
76561199798719870,0.09617113246524744,0.0741982349616955,0.02721629929359683,0.12922876122498855,0.011037673168761798,0.03425423228368043,0.020607732486782857,0.02813990307043786,0.06165521195749112,0.045766370689451184,0.05175883057318689,0.02718349516405008,0.002793367142515742,0.04449103785179381,0.0867017175091321,0.054156870224265505,0.01079924401917783,0.004540836403644338,0.03332326685741361,0.0014392516376074956,0.05423184855360206,0.018120838851008594,0.013440624286948904,0.006554015635816892,0.022216993899885462,0.002793367142515742,0.015082726545330428,0.002793367142515742,0.010850107765207189,0.008452641192247845
76561199801101431,0.07447147906728702,0.05864850068623802,0.041527210890313276,0.08356347323260643,0.03062235667901156,0.026454911329755908,0.048654366826992757,0.04686018378026129,0.0434654409072157,0.018526811115544932,0.041996244081193894,0.029730900875830836,0.0,0.052285746504896195,0.07730950466771794,0.019198209889247888,0.02344446278881682,0.03412920461674353,0.02728250766434047,0.0611963494839606,0.024107626942706982,0.0321383399233876,0.0,0.03061890858042383,0.013060487585686655,0.013210014160585704,0.0,0.01334798598896294,0.009837868541362262,0.024310903188908866
76561199802479009,0.0644776658984318,0.07191797173518305,0.02540722946411236,0.12108608054441299,0.0,0.023357355038796115,0.04407864252692613,0.05543539013946223,0.06374575254330575,0.0494117818508172,0.035316575475611324,0.041552361560529744,0.0,0.06478868653457064,0.030592728311989864,0.036701979995351165,0.011017718633472975,0.018756438469934404,0.015681270163336758,0.003401698829724814,0.09080756065145465,0.030644502187635866,0.012510488254709897,0.003401698829724814,0.026394239394832694,0.0,0.013900330824341455,0.0,0.02251668138022221,0.02309717076110916
76561199803381158,0.08232734706011338,0.06906384379139416,0.04834204163053322,0.07111836168932445,0.06675827062687974,0.03732152342447851,0.03836394672747846,0.0381014055706587,0.030917540164772318,0.03277013324115565,0.030816880425074442,0.03257482237637106,0.007640267170835458,0.01909535288540193,0.010876973367390217,0.010872591748450622,0.022366273150368144,0.032762060874896276,0.043280016511602036,0.005047403390628726,0.06755985691184295,0.010876973367390217,0.02700298956745132,0.00662276159467995,0.01735768561057614,0.03455566870150167,0.0379430031971732,0.023024107892062187,0.02770396568754906,0.016935931641965954
76561199807197342,0.07985094224231525,0.044634890356349356,0.046951537764866,0.07731848951953195,0.03749644193210341,0.037244681197600604,0.06423288146760095,0.05627705319289231,0.02732488234888146,0.035914146522435,0.03350163094852634,0.03567964323612951,0.003554010943495549,0.02732488234888146,0.06137922946575718,0.06518323975801242,0.018575251309317926,0.014188555388455445,0.016867529286987985,0.009682669545358626,0.03082102572422955,0.024290815023659724,0.02658376598366739,0.0,0.02383606953468235,0.012408077388253742,0.01785009286800254,0.010705366304573296,0.027480736615408445,0.03284146178202419
76561199808319799,0.07488486039187832,0.07504855714782058,0.03018603758384537,0.07928105850099754,0.0580795341980816,0.02426626369003509,0.049071404144195946,0.025749188783547938,0.02107583614373105,0.06678840148797789,0.015449096934788407,0.02871621662117179,0.02333555845600755,0.018317229999829498,0.04085606397623398,0.02745409159252974,0.02147844170493454,0.020468002828563883,0.04007855382678237,0.030998139998982942,0.05061265602951337,0.018478552160437565,0.01834044644031546,0.021120901724167442,0.015491019532337516,0.032406572260270744,0.018853290216867786,0.02098488283959435,0.007006518361922678,0.02512262242263693
76561199810023508,0.0,0.0,0.0,0.0,0.0,0.0,0.0,0.0,0.0,0.0,0.0,0.0,0.0,0.0,0.0,0.0,0.0,0.0,0.0,0.0,0.0,0.0,0.0,0.0,0.0,0.0,0.0,0.0,0.0,0.0
76561199811355494,0.0,0.0,0.0,0.0,0.0,0.0,0.0,0.0,0.0,0.0,0.0,0.0,0.0,0.0,0.0,0.0,0.0,0.0,0.0,0.0,0.0,0.0,0.0,0.0,0.0,0.0,0.0,0.0,0.0,0.0
76561199811370756,0.06214286180670437,0.09647211111350448,0.03612629140494265,0.0734141933883289,0.009636652603591598,0.03590624558571764,0.027097186724212987,0.04430014515252276,0.07367376131249366,0.07059743804540018,0.08915029381146526,0.04046348917694124,0.0,0.04933362907966593,0.018124811794709827,0.022185163815183543,0.0455270887881531,0.0,0.02077889342906392,0.0,0.09347466779305995,0.013276654014152093,0.026889028567777428,0.004894378186901209,0.01722774304399964,0.0,0.006909340961352511,0.004748188448642269,0.006909340961352511,0.01074040099016025
76561199818269939,0.07474809983738313,0.06549255162507907,0.052148063497000546,0.06804933650195133,0.016638042012257225,0.042214679513293794,0.022939209941398985,0.07356343259627775,0.04528568580874271,0.0349742794460645,0.058899788363695145,0.03180734873348577,0.02737030441100816,0.04988902211481525,0.035388694582978907,0.04594844389558873,0.043281105797528495,0.009989215641056218,0.008689210075989261,0.0,0.017733552614888043,0.03278588131714621,0.02847553104599077,0.0,0.02729308194159086,0.021939267698463924,0.014267583579024024,0.01046117984734987,0.02111874482747039,0.018608662732481372
76561199819516004,0.09010295034087078,0.042767909747040755,0.03000997628621739,0.0894904727636722,0.01620848653181811,0.013357521867955637,0.02704770542509839,0.03122771144258972,0.044957463320454576,0.07405345172137466,0.03482398268636137,0.03594564471219253,0.008301096402369786,0.05237866762700976,0.0684102622636234,0.04980793210580439,0.045875234692802996,0.018081747791066527,0.01496913878620734,0.01197324872262123,0.06064755808187797,0.019731766143780048,0.008764132422621878,0.0,0.02667206875936594,0.007128595464789975,0.023476128283059502,0.018525975915251028,0.014216001890363724,0.021047167801738303
76561199820531118,0.07711322690933575,0.10436732745301261,0.005859748748642791,0.11698205479959417,0.005856721865738965,0.0,0.03571868896751988,0.08401707449517058,0.02552780045295818,0.08228487947775033,0.034033704383227614,0.06812443144959814,0.0,0.02125308583744444,0.03894120856739583,0.03953140468091232,0.040774819661075386,0.0,0.015479269798626214,0.0,0.07232366408418574,0.0,0.018550068074165527,0.0,0.023082885425945058,0.0,0.022187007325331062,0.03467524088056195,0.010762156624423041,0.022553530037384376
76561199828159495,0.061959373118877246,0.0787946083974531,0.020032951029509045,0.07439655920569041,0.032643192300941114,0.019684738969916855,0.07129766125392953,0.09204242763430664,0.024450321162643708,0.03913447525596094,0.01274060863902046,0.01779661222261894,0.0,0.056614101138978974,0.03577770227878419,0.028446264720686645,0.013792099977280294,0.036873932569613944,0.03499934480883598,0.017521892244669657,0.060555257056810974,0.016587193163826983,0.00269509163948077,0.01406135672724881,0.03904942550373039,0.018168714991956724,0.02448901852582753,0.0034605355174208464,0.023648805471304723,0.028285734472674653
76561199835282867,0.06442144403395282,0.05707227309679254,0.03911095412740925,0.06644368435679171,0.03545473202553395,0.043447407712637026,0.024695727085717396,0.026883069869578287,0.038215990489907994,0.04082532557700905,0.03891945288304967,0.03199991230822331,0.013307119818154514,0.027910568265827402,0.05875523967872687,0.04757206372756416,0.01002507651003861,0.004376692061195925,0.05633063315850058,0.03413542461321241,0.032356414303720944,0.044655479739399956,0.02399969145243734,0.045976528515248465,0.02158563205528974,0.020396012316364714,0.010069593229429638,0.004996520700194311,0.004376692061195925,0.03168464422689549
76561199835618401,0.01927072655043991,0.055543293615065346,0.024612936521399145,0.04970422507736453,0.08476502417228735,0.021889119700640735,0.03414263961623443,0.0775724915316895,0.054715289749243126,0.009059652628541779,0.02038168389348635,0.02198614246203448,0.04391684766748317,0.049525508986608235,0.02568777580804409,0.027517378879591766,0.02382331766481489,0.010184325563483355,0.005748110604143497,0.03773983433486353,0.059269553190170604,0.029321651863457046,0.01715777564829553,0.01578913321710091,0.051124113146421284,0.03867046548115381,0.011160663950336663,0.02802606399849325,0.04329036558082238,0.008403888896289256
76561199836896572,0.060345306534308044,0.08107665254515438,0.0,0.12047725698615847,0.0,0.006411775065342568,0.03264840696561804,0.05334412910870952,0.11434167348867891,0.02658378431024188,0.05436098168737273,0.0,0.0,0.10782629548105944,0.006429418455654834,0.053563537299061,0.03409544712940351,0.0,0.02003268221507375,0.0,0.10185960687371463,0.04721391716877856,0.020502472650458986,0.0,0.019434750637765293,0.0,0.006811901211416942,0.0,0.006811901211416942,0.025828102974611827
76561199870547222,0.11567503275225499,0.07834091211629331,0.049850568738106796,0.04315149519350641,0.015610964470859951,0.07100756013675001,0.02850819854399244,0.039541996730580696,0.010234845280660763,0.060583507806623034,0.05264294721826921,0.04594750319131768,0.06997682685736756,0.012555899256024568,0.01475661139522833,0.005222249934123998,0.02246023465153328,0.008574229773594193,0.03529159342333118,0.019187963003722275,0.01574194130497908,0.012742883260109611,0.05177688153112855,0.052659362491763374,0.007340959949505843,0.0,0.008511624374162394,0.0,0.04219274969330701,0.009912456920903524
76561199872409865,0.08415065157499217,0.11055944285119834,0.06902218789208457,0.047575326547520495,0.017681386932985554,0.046419469369052294,0.028379137015075086,0.06035336219130563,0.044085044865636136,0.04692301104112188,0.0535580679143688,0.02010505864712263,0.013608888849906573,0.051570123287755405,0.023295733017088874,0.0647340925634954,0.00935657328034279,0.007787017411644081,0.021500597798741177,0.00959613303566669,0.03448488404352654,0.025920077367300877,0.013608888849906573,0.023970715223847163,0.029317350084561225,0.017841101812758754,0.011556863110106015,0.0,0.005051418268702537,0.00798739515218578
76561199873886387,0.0561198214320323,0.0577140426637118,0.04432250548867913,0.07051205362887797,0.031320768831523536,0.05168215552913145,0.03216369160125353,0.05908525512469076,0.05317946550775564,0.030206344296935927,0.049146123030273374,0.02311130179555468,0.0184054749456921,0.03973856199073749,0.028463964404942567,0.05201486478439107,0.030005394060318564,0.013912855599733197,0.03599215690561933,0.02768826794813302,0.03662409680253617,0.02910316429062578,0.010333499806251803,0.014896320139525337,0.03100318535734431,0.02542114863174898,0.009855123590384355,0.020591946580703492,0.0,0.017386445230892278
76561199875437136,0.07546451024553846,0.03761086770231778,0.061643428685509254,0.052142867965949836,0.06160461683447605,0.08790242285595877,0.02402897072904539,0.030243644447376858,0.018125844969710845,0.05728175463582465,0.008423903440743152,0.03255984392383478,0.027183891008583157,0.026221019402932436,0.04595303897137665,0.03119380157972045,0.01368755338640196,0.008945178014393094,0.06812378090532226,0.03734159231218478,0.006095447438332779,0.027521620412101256,0.01840381022851858,0.06332145090126994,0.009188279183296021,0.02903365492716735,0.0026342806536625036,0.017890157021258398,0.013907540856508763,0.006321226360684121
76561199875754390,0.08795398042373279,0.021931372142983664,0.032314233513256255,0.10442248345846927,0.03428162587428829,0.031166653384503754,0.04283853157091797,0.03415484349464964,0.08976540523242546,0.03036192810420082,0.018496201074811952,0.02996430162491191,0.0005801665136114898,0.06574232338739527,0.07969509022101885,0.04291253150532895,0.006365806674884521,0.006660457843871949,0.03513225936750455,0.014483594153126595,0.029748929684383515,0.035059621386196387,0.010247369176958695,0.0034365253802399994,0.020676484336101517,0.022912722552375097,0.0007414566618514709,0.008425559433857737,0.0,0.059527541822141775
76561199879374518,0.09419924244551535,0.07673797242590434,0.07031464538852635,0.04360406637681684,0.023466494579689343,0.08542433553053073,0.028673028189449386,0.02800470291993248,0.026226602519735416,0.05314854162899339,0.07157150526459863,0.007101870323634729,0.031148649986841977,0.026226602519735416,0.025834915426347606,0.022718129142468173,0.02917664203067149,0.03171327899668128,0.04606951268872519,0.005429790058390262,0.02345088020246923,0.04040227058907946,0.03577107777191196,0.0,0.013798529033568128,0.0,0.01973680128591401,0.005340665285386744,0.005429790058390262,0.029279457330091883
76561199882387137,0.0519662174992049,0.05996106880334715,0.10029946823592514,0.0270012725153109,0.028995728322208165,0.06539445934125522,0.013856983769420524,0.020767519591730673,0.0270012725153109,0.021841233361017565,0.06101494588576477,0.023802201627740268,0.05654668286457525,0.0270012725153109,0.007302632154191335,0.014757709818854972,0.022001747458618104,0.006949872300551036,0.022137388933448996,0.04988933936870029,0.05412881955474413,0.0483543350599447,0.01718794506378496,0.10120983690801355,0.014236243311298597,0.013047931822332213,0.006428405792994661,0.030489059811405598,0.006428405792994661,0.0
