rank,appid,game_name,genre,tags,categories,rating,release_date,review_count,positive_reviews,negative_reviews,price,classified_genre,,,
3,4508340,NTE: Neverness to Everness,"Action, Adventure, RPG, Free To Play","Free to Play, RPG, Anime, Open World, Adventure, Action, Driving, Combat, JRPG, Multiplayer, Life Sim, Cartoon, Romance, 3D Platformer, Action-Adventure, Cinematic, Action RPG, Fishing, Surreal, Motorbike","Single-player, Multi-player, Co-op, Online Co-op, In-App Purchases, DualShock Controller Support, DualShock Controller Support, DualSense Controller Support, DualSense Controller Support, Partial Controller Support, Family Sharing",84.19,"7 Jul, 2026",5061,4261,800,0,Action Adventure,,,
4,4162040,Zenless Zone Zero,"Action, Adventure, RPG, Free To Play","Anime, Free to Play, Action, Cute, Funny, Hack and Slash, Great Soundtrack, Story Rich, Post-apocalyptic, Stylized, Third Person, Action RPG, Adventure, Singleplayer, RPG, Character Action Game, Spectacle fighter, Action-Adventure, Casual, Atmospheric","Single-player, In-App Purchases, Gamepad Recommended, DualShock Controller Support, DualShock Controller Support, DualSense Controller Support, DualSense Controller Support, Partial Controller Support, Family Sharing",88.01,"16 Jun, 2026",14180,12480,1700,0,Action Adventure,,,
5,2739990,Mahjong Soul,"Casual, Strategy","Mahjong, Strategy, Free to Play, Casual, Anime, Board Game, Tabletop, Real Time Tactics, Cute, Multiplayer, Relaxing, Fantasy, Tactical, Card Game, PvP, Colorful, Gaming, Horror, Sexual Content, Hentai","Multi-player, PvP, Online PvP, Cross-Platform Multiplayer, In-App Purchases, Family Sharing",83.83,"23 Jul, 2024",4125,3458,667,0,Strategy,,,
6,2584270,Mortal Shell II,"Action, RPG","Souls-like, Dark Fantasy, Violent, Action RPG, Difficult, Singleplayer, Open World, Action, Dark, RPG, Horror, Adventure, Exploration, Hack and Slash, Third Person, Atmospheric, Medieval, Lore-Rich, Gore, Demons","Single-player, Steam Achievements, Full controller support, Adjustable Text Size, #category_contrast_controls, Custom Volume Controls, Playable without Timed Input, DualShock Controller Support, DualSense Controller Support, DualSense Controller Support, Stereo Sound, Subtitle Options, Steam Cloud, Family Sharing",81.39,"20 Aug, 2026",3730,3036,694,54800,RPG,,,
7,3564740,Where Winds Meet,"Action, Adventure, Casual, Indie, Massively Multiplayer, Racing, RPG, Simulation, Strategy, Free To Play","Open World, Free to Play, Multiplayer, Souls-like, Action RPG, Singleplayer, Character Customization, Action-Adventure, Adventure, Martial Arts, Fantasy, Atmospheric, Story Rich, MMORPG, Online Co-Op, Wuxia, Co-op, Action, Third Person, Massively Multiplayer","Single-player, Multi-player, PvP, Online PvP, Co-op, Online Co-op, Cross-Platform Multiplayer, Steam Achievements, Full controller support, In-App Purchases, DualShock Controller Support, DualShock Controller Support, DualSense Controller Support, DualSense Controller Support, Family Sharing",86.54,"14 Nov, 2025",113636,98343,15293,0,RPG,,,
9,1172470,"Apex Legends??""Action", Adventure,"Free to Play, Multiplayer, Battle Royale, FPS, Shooter, First-Person, PvP, Action, Hero Shooter, Team-Based, Tactical, Sci-fi, Loot, Co-op, Survival, Character Customization, Funny, Cyberpunk, Lore-Rich, Cinematic","Multi-player, PvP, Online PvP, Co-op, Online Co-op, Steam Achievements, Full controller support, Steam Trading Cards, In-App Purchases, Chat Speech-to-text, Playable without Timed Input, DualShock Controller Support, DualSense Controller Support, DualSense Controller Support",67.74,"4 Nov, 2020",1064598,721177,343421,0,Shooting Game,,,
10,1449850,Yu-Gi-Oh! Master Duel,"Simulation, Strategy, Free To Play","Card Game, Free to Play, Strategy, Trading Card Game, Multiplayer, PvP, Anime, Card Battler, Turn-Based Tactics, Simulation, Tactical, Singleplayer, eSports, Dragons, Fantasy, Great Soundtrack, 3D, PvE, 2D, Deckbuilding","Single-player, Multi-player, PvP, Online PvP, Cross-Platform Multiplayer, Steam Achievements, Steam Trading Cards, In-App Purchases, Family Sharing",71.53,"18 Jan, 2022",100906,72182,28724,0,Strategy,,,
11,2139460,Once Human,"Action, Adventure, Casual, Massively Multiplayer, Racing, RPG, Simulation, Strategy, Free To Play","Open World, Multiplayer, Survival, Free to Play, Open World Survival Craft, Co-op, Building, Exploration, Crafting, Base Building, Adventure, Online Co-Op, Shooter, Horror, Massively Multiplayer, Creature Collector, Singleplayer, Post-apocalyptic, Sandbox, Casual","Multi-player, MMO, PvP, Online PvP, Co-op, Online Co-op, Full controller support, Steam Trading Cards, In-App Purchases, DualShock Controller Support, DualShock Controller Support, DualSense Controller Support, DualSense Controller Support, Family Sharing",78.43,"9 Jul, 2024",181481,142339,39142,0,Simulation,,,
12,2358720,Black Myth: Wukong,"Action, Adventure, RPG",Violent,"Single-player, Steam Achievements, Full controller support, Steam Trading Cards, Gamepad Recommended, Playable without Timed Input, DualSense Controller Support, DualSense Controller Support, Stereo Sound, Surround Sound, Steam Cloud, Family Sharing",96.51,"19 Aug, 2024",1206408,1164353,42055,45360,RPG,,,
13,3513350,Wuthering Waves,"Action, Adventure, RPG, Free To Play","Open World, Anime, Free to Play, Action, Story Rich, RPG, Adventure, Combat, Exploration, 3D, Souls-like, Third Person, Singleplayer, Post-apocalyptic, Co-op, Multiplayer, Great Soundtrack, Gambling, Hack and Slash, Action Roguelike","Single-player, In-App Purchases, DualShock Controller Support, DualSense Controller Support, DualSense Controller Support, Partial Controller Support, Family Sharing",87.89,"28 Apr, 2025",54378,47794,6584,0,RPG,,,
14,2436940,Sephiria,"Action, Adventure, Indie, RPG","Action Roguelike, Roguelite, Pixel Graphics, Inventory Management, Roguelike, Co-op, Action, RPG, Combat, Singleplayer, Cute, Top-Down, Fantasy, Indie, 2D, Adventure, Multiplayer, PvE, Procedural Generation, Isometric","Single-player, Multi-player, Co-op, Online Co-op, Steam Achievements, Full controller support, DualShock Controller Support, DualShock Controller Support, DualSense Controller Support, DualSense Controller Support, Steam Cloud, Family Sharing",93.95,"31 Jul, 2026",10363,9736,627,16500,RPG,,,
15,960170,DJMAX RESPECT V,"Action, Casual, Sports",Sexual Content,"Single-player, Multi-player, PvP, Online PvP, Steam Achievements, Steam Trading Cards, In-App Purchases, Partial Controller Support, Remote Play on Phone, Remote Play on Tablet, Family Sharing",88.67,"11 Mar, 2020",34778,30838,3940,49800,Strategy,,,
16,1623730,Palworld,"Action, Adventure, Indie, RPG","Open World, Survival, Creature Collector, Multiplayer, Open World Survival Craft, Online Co-Op, Crafting, Indie, Co-op, Adventure, Base Building, Sandbox, Automation, Building, Third-Person Shooter, RPG, Action, Anime, Exploration, Singleplayer","Single-player, Multi-player, Co-op, Online Co-op, Cross-Platform Multiplayer, Steam Achievements, Full controller support, Steam Trading Cards, Steam Workshop, DualShock Controller Support, DualShock Controller Support, DualSense Controller Support, DualSense Controller Support, Steam Cloud, Family Sharing",94.53,"9 Jul, 2026",478420,452259,26161,32000,Action Adventure,,,
20,985810,GrandChase,"Action, Casual, Free To Play","Free to Play, Action, PvE, PvP, Action RPG, Online Co-Op, Casual, Hack and Slash, Character Customization, 2D Fighter, Multiplayer, Anime, Story Rich, Controller, Beat 'em up, 2.5D, Fantasy, Cute, Massively Multiplayer, 3D Fighter","Multi-player, PvP, Co-op, In-App Purchases, DualSense Controller Support, Steam Input API Support, Partial Controller Support, Family Sharing",65.77,"27 Jul, 2021",25997,17099,8898,0,Action Adventure,,,
22,730,Counter-Strike 2,"Action, Free To Play","FPS, Shooter, Multiplayer, Competitive, Action, Team-Based, eSports, Tactical, First-Person, PvP, Online Co-Op, Co-op, Strategy, Military, War, Trading, Difficult, Realistic, Fast-Paced, Moddable","Multi-player, Cross-Platform Multiplayer, Steam Trading Cards, Steam Workshop, Steam Workshop, In-App Purchases, Adjustable Text Size, Camera Comfort, Color Alternatives, Custom Volume Controls, Playable without Timed Input, Stereo Sound, Surround Sound, Valve Anti-Cheat enabled, Stats, Remote Play on Phone, Remote Play on Tablet, Remote Play on TV, Steam Timeline",85.94,"21 Aug, 2012",9803374,8425440,1377934,0,Strategy,,,
23,381210,Dead by Daylight,Action,"Horror, Multiplayer, Survival Horror, Gore, Online Co-Op, Co-op, Survival, Team-Based, Third Person, Violent, Stealth, First-Person, Psychological Horror, Action, Atmospheric, Strategy, Comedy, Difficult, Sexual Content, LGBTQ+","Multi-player, PvP, Online PvP, Co-op, Online Co-op, Cross-Platform Multiplayer, Steam Achievements, Full controller support, Steam Trading Cards, Color Alternatives, Custom Volume Controls, Steam Input API Support, Stereo Sound, Subtitle Options, Surround Sound, Steam Cloud, Remote Play on Phone, Remote Play on Tablet, Remote Play on TV, Family Sharing",78.42,"14 Jun, 2016",928116,727851,200265,21500,Action Adventure,,,
24,262060,Darkest Dungeon®,"Indie, RPG, Strategy","Turn-Based Combat, Dungeon Crawler, Dark Fantasy, Roguelike, RPG, Lovecraftian, Difficult, Turn-Based, Singleplayer, Perma Death, Strategy, Atmospheric, Dark, Indie, 2D, Roguelite, Horror, Gothic, Fantasy, Great Soundtrack","Single-player, Steam Achievements, Steam Trading Cards, DualShock Controller Support, Partial Controller Support, Steam Cloud, Remote Play on Tablet, Family Sharing",91.67,"19 Jan, 2016",161288,147858,13430,4050,RPG,,,
25,4128400,eBaseball?? PRO SPIRIT,"Action, Sports, Free To Play","Action, Sports, Baseball, eSports, PvP, Free to Play, Multiplayer, 3D, Realistic, Singleplayer, PvE","Single-player, Multi-player, PvP, Online PvP, Shared/Split Screen PvP, Co-op, Shared/Split Screen Co-op, Shared/Split Screen, Full controller support, Custom Volume Controls, Adjustable Difficulty, #category_playable_at_your_own_pace, Playable without Timed Input, DualShock Controller Support, DualShock Controller Support, DualSense Controller Support, DualSense Controller Support, Stereo Sound, Surround Sound, Steam Cloud, Family Sharing",77.02,"4 Mar, 2026",1410,1086,324,0,Strategy,,,
27,1142710,Total War: WARHAMMER III,"Action, Strategy","Strategy, Turn-Based Strategy, Grand Strategy, RTS, Fantasy, Real Time Tactics, War, Dark Fantasy, Dwarves, Action, Tactical, Multiplayer, Atmospheric, Co-op, Colorful, PvP, Singleplayer, Online Co-Op, Story Rich, Tower Defense","Single-player, Multi-player, PvP, Online PvP, LAN PvP, Co-op, Online Co-op, LAN Co-op, Steam Achievements, Steam Trading Cards, Camera Comfort, Color Alternatives, Custom Volume Controls, Adjustable Difficulty, Playable without Timed Input, Save Anytime, Stereo Sound, Surround Sound, Steam Cloud, Family Sharing",71.18,"16 Feb, 2022",147156,104752,42404,9000,Strategy,,,
28,2285550,Doloc Town,"Adventure, Casual, Indie, RPG, Simulation","Farming Sim, Pixel Graphics, Platformer, Cozy, Post-apocalyptic, Farming, Adventure, Casual, Relaxing, Exploration, Simulation, Building, Crafting, Fishing, Cooking, Female Protagonist, RPG, Combat, Side Scroller, Singleplayer","Single-player, Steam Achievements, Steam Workshop, Camera Comfort, Color Alternatives, Custom Volume Controls, Playable without Timed Input, DualShock Controller Support, DualSense Controller Support, Partial Controller Support, Steam Cloud, Family Sharing",94.75,"5 Aug, 2026",3334,3159,175,16000,Simulation,,,
30,4025700,Heartopia,"Casual, Simulation, Free To Play","Free to Play, Life Sim, Multiplayer, Cute, Artificial Intelligence, Casual, Relaxing, Character Customization, City Builder, Simulation, Cozy, Cartoony, 3D Platformer, Immersive Sim, Third Person, Nature, Realistic, Singleplayer, Funny, Atmospheric","Single-player, Multi-player, Cross-Platform Multiplayer, In-App Purchases, Family Sharing",66.05,"16 Jan, 2026",15431,10192,5239,0,Simulation,,,
31,3932890,Escape from Tarkov,"Action, Massively Multiplayer, RPG, Simulation","Psychological Horror, Extraction Shooter, Gun Customization, Looter Shooter, FPS, Shooter, Tactical, Survival Horror, Realistic, Military, Multiplayer, First-Person, PvE, PvP, Survival, Online Co-Op, Action, Simulation, War, Massively Multiplayer","Multi-player, MMO, PvP, Online PvP, Co-op, Online Co-op, Steam Achievements, Steam Trading Cards, In-App Purchases, Camera Comfort, Color Alternatives, Custom Volume Controls, Playable without Timed Input, Stereo Sound, Surround Sound",49,"15 Nov, 2025",62126,30439,31687,69500,Shooting Game,,,
33,4315040,Hearth and Hamlet,"Casual, Simulation, Strategy","Incremental, Casual, Base Building, City Builder, Relaxing, Management, Simulation, Building, Resource Management, Economy, Idler, Strategy, Pixel Graphics, Singleplayer, Top-Down, Cute","Single-player, Steam Achievements, Family Sharing",88.2,"19 Aug, 2026",178,157,21,6930,Simulation,,,
34,1778820,TEKKEN 8,Action,"Fighting, 3D Fighter, Multiplayer, Action, Local Multiplayer, PvP, eSports, Arcade, Singleplayer, Competitive, Character Customization, Sexual Content, Martial Arts, Anime, Great Soundtrack, Controller, Difficult, Gambling, Casual, Nudity","Single-player, Multi-player, PvP, Online PvP, Shared/Split Screen PvP, Shared/Split Screen, Steam Achievements, Steam Trading Cards, DualShock Controller Support, DualShock Controller Support, DualSense Controller Support, DualSense Controller Support, Partial Controller Support, Steam Cloud, Family Sharing",56.35,"25 Jan, 2024",72023,40584,31439,49800,Action Adventure,,,
35,1771300,Kingdom Come: Deliverance II,"Action, Adventure, RPG","RPG, Medieval, Open World, Singleplayer, Story Rich, First-Person, Realistic, Adventure, Action, Historical, Swordplay, Combat, Immersive, Choices Matter, Atmospheric, Alternate History, Action-Adventure, 3D, LGBTQ+, Sexual Content","Single-player, Steam Achievements, Full controller support, Steam Trading Cards, Custom Volume Controls, Playable without Timed Input, DualShock Controller Support, DualSense Controller Support, DualSense Controller Support, Stereo Sound, Surround Sound, Steam Cloud, Family Sharing",93.94,"4 Feb, 2025",192551,180879,11672,24320,Action Adventure,,,
36,3551340,Football Manager 26,"Simulation, Sports, Strategy","Simulation, Sports, Strategy, Football (Soccer), Management, Multiplayer, Singleplayer","Single-player, Multi-player, Steam Achievements, Full controller support, Steam Workshop, Adjustable Text Size, Playable without Timed Input, DualShock Controller Support, DualShock Controller Support, DualSense Controller Support, DualSense Controller Support, Save Anytime, Steam Cloud, Family Sharing",34.98,"4 Nov, 2025",35225,12323,22902,27920,Strategy,,,
37,4012810,STEINS;GATE RE:BOOT,"Adventure, Casual","Visual Novel, Multiple Endings, Time Travel, Story Rich, Sci-fi, Casual, Dating Sim, Horror, Psychological Horror, Anime, Romance, Choices Matter, Adventure, Science, Thriller, Mystery, Singleplayer, Atmospheric, Memes, Sexual Content","Single-player, Steam Achievements, Partial Controller Support, Family Sharing",81.77,"19 Aug, 2026",181,148,33,55350,Action Adventure,,,
38,881020,Granblue Fantasy: Relink,"Action, Adventure, RPG","Anime, JRPG, Action RPG, Online Co-Op, Action, Multiplayer, Fantasy, RPG, Female Protagonist, Singleplayer, Third Person, Hack and Slash, Spectacle fighter, 3D, Magic, Controller, Swordplay, PvE, Dragons, Tutorial","Single-player, Multi-player, Co-op, Online Co-op, Steam Achievements, Gamepad Recommended, Steam Input API Support, Partial Controller Support, Steam Cloud, Family Sharing",90.09,"31 Jan, 2024",55520,50018,5502,49800,RPG,,,
39,2406770,Bodycam,"Action, Indie, Massively Multiplayer, Simulation, Strategy, Early Access","Early Access, FPS, Realistic, Tactical, Shooter, Multiplayer, Simulation, Military, First-Person, Co-op, Immersive Sim, Team-Based, Zombies, PvP, Horror, VR, Action, Physics, Combat, Wargame","Multi-player, PvP, Online PvP, Steam Achievements, Full controller support, In-App Purchases, DualSense Controller Support, Steam Input API Support, Steam Cloud, Stats, Steam Leaderboards, Family Sharing",76.32,"7 Jun, 2024",45006,34349,10657,37500,Strategy,,,
40,570,Dota 2,"Action, Strategy, Free To Play","Free to Play, MOBA, Multiplayer, Strategy, eSports, Team-Based, Competitive, Action, Online Co-Op, PvP, Difficult, Co-op, RTS, RPG, Tower Defense, Fantasy, Character Customization, Replay Value, Action RPG, Simulation","Multi-player, Co-op, Steam Trading Cards, Steam Workshop, SteamVR Collectibles, In-App Purchases, Camera Comfort, Color Alternatives, Custom Volume Controls, Valve Anti-Cheat enabled, Steam Timeline",80.57,"9 Jul, 2013",2760960,2224390,536570,0,Strategy,,,
41,2651280,Marvel's Spider-Man 2,"Action, Adventure","Action, Open World, Superhero, Singleplayer, Adventure, Action-Adventure, Story Rich, Third Person, Comic Book, Stealth, Controller, LGBTQ+, Great Soundtrack, Atmospheric, Combat, Exploration, Multiplayer, Beat 'em up, Sexual Content, Souls-like","Single-player, Steam Achievements, Full controller support, Adjustable Text Size, Camera Comfort, Color Alternatives, Custom Volume Controls, Adjustable Difficulty, Narrated Game Menus, Playable without Timed Input, DualShock Controller Support, DualShock Controller Support, DualSense Controller Support, DualSense Controller Support, Save Anytime, Steam Input API Support, Stereo Sound, Subtitle Options, Surround Sound, Steam Cloud, HDR available, Family Sharing",83.12,"30 Jan, 2025",44908,37327,7581,62800,Action Adventure,,,
42,4570720,DragonSword : Awakening,"Action, Adventure, RPG","Action, Anime, RPG, Adventure, Open World, Action RPG, JRPG, Action-Adventure, 3D, Online Co-Op, Third Person, Fantasy, Dragons, Multiplayer, PvE, Singleplayer, Combat, Lore-Rich, Hack and Slash, Story Rich","Single-player, Multi-player, Co-op, Online Co-op, Steam Achievements, Camera Comfort, #category_contrast_controls, Custom Volume Controls, Adjustable Difficulty, DualShock Controller Support, DualShock Controller Support, DualSense Controller Support, DualSense Controller Support, Stereo Sound, Surround Sound, Partial Controller Support, Steam Cloud, Stats, Family Sharing",90.13,"22 Jul, 2026",10798,9732,1066,33000,Action Adventure,,,
43,1478500,Big Walk,Adventure,"Open World, Co-op Campaign, Puzzle, Exploration, Adventure, Relaxing, Funny, Multiplayer, First-Person, Sandbox, Casual, Immersive Sim, Atmospheric, Dialogue Heavy, Nonlinear, Investigation, Nature, Colorful, Mystery, Physics","Multi-player, Co-op, Online Co-op, Cross-Platform Multiplayer, Steam Achievements, Full controller support, Camera Comfort, Color Alternatives, Adjustable Difficulty, Playable without Timed Input, DualShock Controller Support, DualShock Controller Support, DualSense Controller Support, DualSense Controller Support, Save Anytime, Stereo Sound, Steam Cloud, Family Sharing",94.3,"4 Aug, 2026",20924,19731,1193,21800,Action Adventure,,,
44,3240220,Grand Theft Auto V Enhanced,"Action, Adventure, Racing","Open World, Sexual Content, Action, Multiplayer, Crime, Shooter, Third Person, Adventure, First-Person, Automobile Sim, Racing, Sandbox, Third-Person Shooter, Funny, Moddable, Atmospheric, PvP, Co-op, Comedy, Nudity","Single-player, Multi-player, PvP, Online PvP, Co-op, Online Co-op, Steam Achievements, In-App Purchases, DualSense Controller Support, DualSense Controller Support, Partial Controller Support, Remote Play on Phone, Remote Play on Tablet",82.61,"4 Mar, 2025",215763,178233,37530,36790,Action Adventure,,,
45,4704690,MECCHA CHAMELEON,Casual,"Multiplayer, Casual, Party Game, Funny, Hidden Object, Online Co-Op, Hand-drawn, Comedy, Stealth, Colorful, Indie, Co-op, Real Time Tactics, Cute, Team-Based, Controller, Investigation, Realistic, Mystery, Retro","Multi-player, PvP, Online PvP, Steam Workshop, Camera Comfort, Custom Volume Controls, #category_playable_at_your_own_pace, Playable without Timed Input, Stereo Sound, Surround Sound, Steam Cloud, Family Sharing",87.39,"9 Jun, 2026",84807,74110,10697,6550,Strategy,,,
47,1158310,Crusader Kings III,"RPG, Simulation, Strategy","Strategy, Medieval, Grand Strategy, Simulation, RPG, Historical, Management, Character Customization, Life Sim, Sandbox, Choices Matter, RTS, War, Singleplayer, Economy, Multiplayer, Moddable, 4X, Real-Time with Pause, Sexual Content","Single-player, Multi-player, PvP, Online PvP, Steam Achievements, Steam Trading Cards, Steam Workshop, Adjustable Text Size, Camera Comfort, Custom Volume Controls, Adjustable Difficulty, Mouse Only Option, #category_playable_at_your_own_pace, Playable without Timed Input, Save Anytime, Steam Cloud, Remote Play on Tablet, Family Sharing",90.43,"1 Sep, 2020",142759,129099,13660,16500,Strategy,,,
48,3527290,PEAK,"Action, Adventure, Indie","Multiplayer, Online Co-Op, Co-op, Physics, Adventure, Exploration, First-Person, Comedy, 3D, Procedural Generation, Atmospheric, Action Roguelike, Character Customization, Action, Time Management, Platformer, Horror, Mystery, Investigation, Survival Horror","Single-player, Multi-player, Co-op, Online Co-op, Steam Achievements, Full controller support, Steam Trading Cards, DualShock Controller Support, DualShock Controller Support, DualSense Controller Support, DualSense Controller Support, Family Sharing",94.52,"16 Jun, 2025",356055,336537,19518,8400,Action Adventure,,,
50,4108000,Machine Party,"Action, Indie","Multiplayer, Funny, Party Game, Co-op, Casual, Online Co-Op, Horror, Violent, Physics, Gore, Action, Dark, 3D, Stylized, Atmospheric, Psychological Horror, Indie, Combat, PvP, Controller","Multi-player, Co-op, Online Co-op, Shared/Split Screen Co-op, Shared/Split Screen, Steam Achievements, Full controller support, DualShock Controller Support, Remote Play Together, Family Sharing",87.18,"30 Jul, 2026",3877,3380,497,8800,Action Adventure,,,
51,3812600,ReStory: Chill Electronics Repairs,"Indie, Simulation","Job Simulator, Cozy, Management, Economy, Singleplayer, Indie, Building, Relaxing, Crafting, Shop Keeper, Simulation, Dialogue Heavy, First-Person, Choices Matter, 3D, Artificial Intelligence, Multiple Endings, Colorful, Atmospheric, Story Rich","Single-player, Steam Achievements, Steam Trading Cards, DualShock Controller Support, DualShock Controller Support, DualSense Controller Support, DualSense Controller Support, Partial Controller Support, Steam Cloud, Family Sharing",95.84,"6 Aug, 2026",7480,7169,311,17910,Simulation,,,
52,2483190,Forza Horizon 6,"Racing, Simulation, Sports","Racing, Open World, Driving, Multiplayer, Automobile Sim, Simulation, Exploration, Arcade, Realistic, Sports, Atmospheric, Singleplayer, First-Person, Online Co-Op, Co-op, VR, PvP, Sandbox, Funny, RPG","Single-player, Multi-player, PvP, Online PvP, Co-op, Online Co-op, Steam Achievements, Full controller support, Steam Trading Cards, Chat Text-to-speech, Color Alternatives, #category_contrast_controls, Custom Volume Controls, Adjustable Difficulty, Gamepad Recommended, Keyboard Only Option, #category_playable_at_your_own_pace, Playable without Timed Input, Stereo Sound, Surround Sound, HDR available, Family Sharing",82.86,"18 May, 2026",94239,78090,16149,79800,Simulation,,,
53,2161700,Persona 3 Reload,"Adventure, RPG, Strategy","JRPG, Anime, RPG, Party-Based RPG, Turn-Based Strategy, Story Rich, Turn-Based Combat, Adventure, Emotional, Great Soundtrack, Dark, Strategy, Dating Sim, Singleplayer, Strategy RPG, Supernatural, Colorful, Mystery, Multiple Endings, Controller","Single-player, Steam Achievements, Full controller support, Steam Trading Cards, Custom Volume Controls, Adjustable Difficulty, Keyboard Only Option, Playable without Timed Input, DualShock Controller Support, DualShock Controller Support, DualSense Controller Support, DualSense Controller Support, Stereo Sound, Surround Sound, Steam Cloud, Family Sharing",94.39,"1 Feb, 2024",61756,58289,3467,24430,RPG,,,
54,958260,DEAD OR ALIVE Xtreme Venus Vacation,"Sports, Free To Play","Sexual Content, Hentai, Free to Play, Female Protagonist, First-Person, 3D, Anime, Action, Dating Sim, Cute, Sports, Singleplayer, Open World, Casual, RPG, Multiplayer, Character Customization, Simulation, Fighting, Visual Novel","Multi-player, In-App Purchases, Remote Play on Phone, Remote Play on Tablet, Family Sharing",82.98,"25 Mar, 2019",28848,23937,4911,0,Strategy,,,
55,694280,Zombie Army 4: Dead War,Action,"Zombies, Action, Shooter, Multiplayer, Co-op, Singleplayer, Third-Person Shooter, Third Person, Gore, Adventure, Horror, Sniper, PvE, World War II, Violent, Alternate History, Combat, Dark, Demons, Open World","Single-player, Multi-player, Co-op, Online Co-op, Steam Achievements, In-App Purchases, DualShock Controller Support, DualShock Controller Support, DualSense Controller Support, DualSense Controller Support, Partial Controller Support, Steam Cloud, Steam Leaderboards, Family Sharing",86.34,"18 Feb, 2021",11263,9724,1539,2650,Shooting Game,,,
56,1245620,ELDEN RING,"Action, RPG","Souls-like, Open World, Dark Fantasy, RPG, Difficult, Action RPG, Multiplayer, Third Person, Fantasy, Singleplayer, Online Co-Op, Action, Co-op, Atmospheric, Great Soundtrack, PvP, Violent, 3D, Character Customization, Family Friendly","Single-player, Multi-player, PvP, Online PvP, Co-op, Online Co-op, Steam Achievements, Full controller support, Steam Trading Cards, Camera Comfort, Custom Volume Controls, Playable without Timed Input, Save Anytime, Stereo Sound, Surround Sound, Steam Cloud, Family Sharing",93.08,"24 Feb, 2022",1149190,1069664,79526,64800,RPG,,,
57,1818450,STALZONE,"Action, Massively Multiplayer, RPG, Free To Play","Extraction Shooter, Online Co-Op, Open World, MMORPG, Post-apocalyptic, Free to Play, FPS, Survival, PvE, PvP, Multiplayer, Shooter, Action, Looter Shooter, Massively Multiplayer, Combat, RPG, Story Rich, Tactical, Team-Based","Multi-player, MMO, PvP, Online PvP, Co-op, Online Co-op, Steam Achievements, In-App Purchases, Camera Comfort, Custom Volume Controls, Playable without Timed Input, Stereo Sound, Subtitle Options, Family Sharing",72.27,"9 Dec, 2022",106311,76826,29485,0,RPG,,,
58,1643320,S.T.A.L.K.E.R. 2: Heart of Chornobyl,"Action, Adventure, RPG","Open World, FPS, Post-apocalyptic, Survival, Atmospheric, Singleplayer, Shooter, Exploration, RPG, Story Rich, First-Person, Action, Lore-Rich, Sci-fi, Nonlinear, Multiple Endings, Realistic, Choices Matter, Immersive Sim, Cinematic","Single-player, Steam Achievements, Steam Trading Cards, Steam Workshop, DualSense Controller Support, Partial Controller Support, Steam Cloud, HDR available, Family Sharing",79.79,"20 Nov, 2024",135980,108497,27483,45430,RPG,,,
59,2161440,Sailing Era,"Adventure, RPG, Simulation, Strategy","Strategy, Historical, Adventure, Grand Strategy, Management, RTS, Simulation, RPG, Naval Combat, Transportation, Exploration, Sailing, Trading, Female Protagonist, Pirates, Anime, Story Rich, Singleplayer, Sexual Content, Visual Novel","Single-player, Steam Achievements, Full controller support, Steam Cloud, Family Sharing",78.46,"11 Jan, 2023",5036,3951,1085,27000,Strategy,,,
60,3028330,Battlefield??REDSEC,"Action, Free To Play","Realistic, Violent","Single-player, Multi-player, PvP, Online PvP, Cross-Platform Multiplayer, Steam Achievements, Full controller support, In-App Purchases, DualShock Controller Support, DualSense Controller Support, DualSense Controller Support, Steam Cloud, HDR available",44.52,"28 Oct, 2025",16500,7346,9154,0,Action Adventure,,,
61,4559140,Godius Eternal War,"Action, Adventure, Indie, Massively Multiplayer, RPG, Free To Play","MMORPG, RPG, 2D Platformer, PvP, 2D, Massively Multiplayer, Retro, Pixel Graphics, Multiplayer, Party-Based RPG, Online Co-Op, Co-op, Free to Play, 1990's, Indie, JRPG, Cute, Colorful, Emotional, Magic","Multi-player, MMO, PvP, Online PvP, Co-op, Online Co-op, Custom Volume Controls, Keyboard Only Option, Mouse Only Option, #category_playable_at_your_own_pace, Playable without Timed Input, Save Anytime, Family Sharing",43.68,"27 Jun, 2026",174,76,98,0,RPG,,,
62,227300,Euro Truck Simulator 2,"Indie, Simulation","Driving, Transportation, Simulation, Open World, Automobile Sim, Realistic, Moddable, Relaxing, Exploration, Economy, Immersive Sim, Management, Atmospheric, Multiplayer, Controller, Family Friendly, Third Person, Adventure, Casual, Indie","Single-player, Multi-player, Co-op, Online Co-op, Steam Achievements, Steam Trading Cards, Steam Workshop, Camera Comfort, Custom Volume Controls, Adjustable Difficulty, Keyboard Only Option, Playable without Timed Input, Save Anytime, Steam Input API Support, Stereo Sound, Surround Sound, Partial Controller Support, Steam Cloud, Includes level editor, Remote Play on Phone, Remote Play on Tablet, Remote Play Together, Family Sharing",97.44,"12 Oct, 2012",937309,913358,23951,6200,Simulation,,,
64,1687950,Persona 5 Royal,RPG,"JRPG, Story Rich, Turn-Based Combat, Anime, Singleplayer, RPG, Multiple Endings, Party-Based RPG, Emotional, Turn-Based Strategy, Colorful, Adventure, Heist, Soundtrack, Great Soundtrack, Stealth, Detective, Crime, Violent, Dating Sim","Single-player, Steam Achievements, Full controller support, Steam Trading Cards, Steam Cloud, Family Sharing",96.36,"20 Oct, 2022",137507,132507,5000,20940,RPG,,,
65,2868840,Slay the Spire 2,"Indie, Strategy, Early Access","Roguelike, Card Game, Deckbuilding, Co-op, Strategy, Roguelike Deckbuilder, Multiplayer, Turn-Based Combat, Card Battler, Indie, Difficult, Roguelite, Early Access, 2D, Singleplayer, Replay Value, Dungeon Crawler, Fantasy, Procedural Generation, Mouse Only","Single-player, Multi-player, Co-op, Online Co-op, Full controller support, Custom Volume Controls, Mouse Only Option, #category_playable_at_your_own_pace, Playable without Timed Input, DualSense Controller Support, Save Anytime, Steam Input API Support, Steam Cloud, Stats, Steam Leaderboards, Family Sharing",60.76,"5 Mar, 2026",196766,119556,77210,27000,Strategy,,,
66,2950790,IRON NEST: Heavy Turret Simulator,"Action, Indie, Simulation","Military, Simulation, Realistic, 3D, War, Alternate History, Immersive Sim, Indie, Action, First-Person, Steampunk, Tactical, Atmospheric, Historical, World War I, Wargame, World War II, Replay Value, Physics, Logic","Single-player, Steam Achievements, Full controller support, Color Alternatives, #category_contrast_controls, Custom Volume Controls, Playable without Timed Input, DualShock Controller Support, DualShock Controller Support, DualSense Controller Support, DualSense Controller Support, Stereo Sound, Surround Sound, Steam Cloud, Family Sharing",97.95,"6 Aug, 2026",11350,11117,233,14920,Simulation,,,
68,835570,Conqueror's Blade,"Action, Massively Multiplayer, RPG, Strategy, Free To Play","Swordplay, Free to Play, PvP, Medieval, Massively Multiplayer, Wargame, Strategy, Sandbox, MMORPG, Action, Character Customization, War, Open World, Tactical, Alternate History, RPG, Third Person, Team-Based, Action RPG, Action RTS","Multi-player, MMO, PvP, Online PvP, Co-op, Online Co-op, Steam Achievements, In-App Purchases, Family Sharing",67.06,"5 Apr, 2020",38848,26053,12795,0,Strategy,,,
69,1477590,EZ2ON REBOOT : R,"Action, Casual, Sports","Rhythm, Action, Music, Casual, Sports, Soundtrack, Singleplayer, Difficult, Early Access, Anime, Arcade, Competitive, Cute, Electronic Music, Modern, Colorful, Music-Based Procedural Generation, Cartoon, Sci-fi, PvP","Single-player, Multi-player, PvP, Online PvP, Co-op, Online Co-op, Steam Achievements, DualShock Controller Support, DualSense Controller Support, Partial Controller Support, Steam Cloud, Family Sharing, Steam Timeline",90.97,"14 Apr, 2022",6256,5691,565,22400,Strategy,,,
70,3636770,Servant of the Lake,"Adventure, Indie","Puzzle, Adventure, Point & Click, Atmospheric, Mystery, Singleplayer, Escape Room, Indie, 2D, Exploration, Hand-drawn, Investigation, Surreal, Story Rich, Dark, Psychological Horror, Horror","Single-player, Steam Achievements, Steam Cloud, Family Sharing",98.59,"13 Aug, 2026",5094,5022,72,6520,Action Adventure,,,
71,2537590,Microsoft Flight Simulator 2024,Simulation,"Simulation, Flight, Realistic, VR, Multiplayer, Hobby Sim, Singleplayer, Atmospheric, Sandbox, Exploration, Family Friendly, Open World, Nature, Relaxing, Nonlinear, Immersive Sim, Physics, Character Customization, Colorful, Psychological Horror","Single-player, Multi-player, Cross-Platform Multiplayer, Steam Achievements, In-App Purchases, Partial Controller Support, HDR available, Family Sharing",59.15,"19 Nov, 2024",21746,12862,8884,56000,Simulation,,,
72,2767030,Marvel Rivals,"Action, Free To Play","Free to Play, Multiplayer, Hero Shooter, Third-Person Shooter, Superhero, PvP, Sexual Content, Action, Team-Based, Competitive, Shooter, 3D, Online Co-Op, Third Person, Strategy, Co-op, Sci-fi, Hentai, FPS, Nudity","Multi-player, PvP, Online PvP, Co-op, Online Co-op, Cross-Platform Multiplayer, Steam Achievements, Full controller support, In-App Purchases, DualShock Controller Support, DualShock Controller Support, DualSense Controller Support, DualSense Controller Support, Family Sharing",75.79,"5 Dec, 2024",409946,310709,99237,0,Shooting Game,,,
73,2569510,MLB 9 Innings Rivals 26,"Sports, Free To Play","Sports, Free to Play, Baseball, Controller, Multiplayer, PvP, 3D, Early Access, Simulation, Third Person, Realistic, Modern, Competitive, Family Friendly, Casual, eSports, Anime, Massively Multiplayer, Singleplayer","Multi-player, PvP, Online PvP, Cross-Platform Multiplayer, Full controller support, In-App Purchases, DualShock Controller Support, DualShock Controller Support, DualSense Controller Support, DualSense Controller Support, Family Sharing",79.2,"17 Mar, 2025",1716,1359,357,0,Strategy,,,
74,294100,RimWorld,"Indie, Simulation, Strategy","Colony Sim, Base Building, Survival, Strategy, Management, Sandbox, Singleplayer, Moddable, Simulation, Sci-fi, Story Rich, Replay Value, Open World, 2D, Procedural Generation, Indie, City Builder, Tactical RPG, Building, Atmospheric","Single-player, Steam Workshop, Adjustable Text Size, Camera Comfort, Custom Volume Controls, Adjustable Difficulty, Mouse Only Option, Playable without Timed Input, Save Anytime, Partial Controller Support, Steam Cloud, Remote Play on Tablet, Family Sharing",97.85,"17 Oct, 2018",244982,239706,5276,37500,Simulation,,,
75,3892270,Gamble With Your Friends,"Adventure, Indie, Simulation","Multiplayer, Online Co-Op, Gambling, Co-op, Comedy, Physics, First-Person, Adventure, Exploration, 3D, Atmospheric, Character Customization, Action Roguelike, Simulation, Procedural Generation, Time Management, Resource Management, Action, Sandbox, Card Game","Single-player, Multi-player, Co-op, Online Co-op, Steam Achievements, Camera Comfort, Custom Volume Controls, Playable without Timed Input, Stereo Sound, Steam Cloud, Family Sharing",89.8,"1 May, 2026",19812,17791,2021,8900,Simulation,,,
76,4421010,Bills Must Be Paid,"Action, Casual, Indie, Simulation, Strategy","Incremental, Capitalism, Idler, Strategy, Relaxing, Roguelite, Gambling, Indie, Management, Casual, Arcade, Colorful, 3D, Resource Management, Simulation, Action, Stylized, Singleplayer, Destruction, Short","Single-player, Steam Achievements, Full controller support, Camera Comfort, Color Alternatives, Custom Volume Controls, #category_playable_at_your_own_pace, Playable without Timed Input, DualShock Controller Support, DualShock Controller Support, DualSense Controller Support, DualSense Controller Support, Save Anytime, Steam Cloud, Family Sharing",96.96,"29 Jul, 2026",7739,7504,235,7600,Simulation,,,
77,108600,Project Zomboid,"Indie, RPG, Simulation, Early Access","Survival, Zombies, Open World, Multiplayer, Open World Survival Craft, Sandbox, Post-apocalyptic, Co-op, Crafting, Building, Indie, Simulation, RPG, Survival Horror, Realistic, Isometric, Singleplayer, 2D, Adventure, Early Access","Single-player, Multi-player, PvP, Online PvP, Co-op, Online Co-op, Shared/Split Screen Co-op, Shared/Split Screen, Cross-Platform Multiplayer, Steam Trading Cards, Steam Workshop, Partial Controller Support, Remote Play Together, Family Sharing",93.85,"8 Nov, 2013",473269,444171,29098,26500,Simulation,,,
78,1672970,Minecraft Dungeons,"Action, Adventure, RPG","Dungeon Crawler, Hack and Slash, Adventure, Action, RPG, Action RPG, Loot, Action-Adventure, Exploration, Top-Down, Isometric, Arcade, Multiplayer, Colorful, Voxel, Fantasy, Cute, Family Friendly, Atmospheric, Funny","Single-player, Multi-player, Co-op, Online Co-op, Shared/Split Screen Co-op, Shared/Split Screen, Cross-Platform Multiplayer, Steam Achievements, Full controller support, Steam Trading Cards, Family Sharing",90.45,"22 Sep, 2021",18756,16965,1791,12450,RPG,,,
79,2807960,Battlefield??6,Action,"Realistic, Violent","Single-player, Multi-player, PvP, Online PvP, Cross-Platform Multiplayer, Steam Achievements, Full controller support, In-App Purchases, Camera Comfort, Chat Speech-to-text, Chat Text-to-speech, Color Alternatives, Custom Volume Controls, Adjustable Difficulty, Keyboard Only Option, Playable without Timed Input, DualShock Controller Support, DualSense Controller Support, DualSense Controller Support, Stereo Sound, Subtitle Options, Surround Sound, Steam Cloud, HDR available",64.15,"10 Oct, 2025",362314,232411,129903,80000,Action Adventure,,,
80,1313140,Cult of the Lamb,"Action, Adventure, Indie, Strategy","Base Building, Action Roguelike, Cute, Cult, Singleplayer, Dungeon Crawler, Roguelite, Character Customization, Colony Sim, Dark Humor, Building, 2D, Adventure, Action, Faith, Fantasy, Funny, Controller, Colorful, Indie","Single-player, Multi-player, Co-op, Shared/Split Screen Co-op, Shared/Split Screen, Steam Achievements, Full controller support, Steam Trading Cards, Adjustable Text Size, Camera Comfort, Custom Volume Controls, Adjustable Difficulty, Gamepad Recommended, Keyboard Only Option, DualShock Controller Support, DualShock Controller Support, Save Anytime, Stereo Sound, Steam Cloud, Remote Play Together, Family Sharing",95.89,"11 Aug, 2022",127900,122640,5260,10000,RPG,,,
81,1621690,Core Keeper,"Action, Adventure, Indie, RPG, Simulation","Open World, Survival, Exploration, Pixel Graphics, Multiplayer, Sandbox, Crafting, Building, Co-op, Base Building, Action, Online Co-Op, Procedural Generation, Adventure, Open World Survival Craft, Atmospheric, Combat, Singleplayer, Indie, 2D","Single-player, Multi-player, Co-op, Online Co-op, Full controller support, Steam Cloud, Family Sharing",92.94,"27 Aug, 2024",66029,61368,4661,21500,Simulation,,,
82,4594150,"Sir, We Have an Orc Problem","Indie, Simulation, Strategy","Tower Defense, Incremental, War, Roguelite, Military, Management, PvE, Physics, Base Building, Strategy, 2D, Top-Down, Roguelike, Simulation, Dark Fantasy, Colorful, Idler, Singleplayer, Fantasy, Combat","Single-player, Steam Achievements, Camera Comfort, Custom Volume Controls, Mouse Only Option, #category_playable_at_your_own_pace, Playable without Timed Input, Save Anytime, Stereo Sound, Steam Cloud, Family Sharing",86.87,"28 Jul, 2026",3335,2897,438,9900,Simulation,,,
83,2246340,Monster Hunter Wilds,"Action, Adventure, RPG","Hunting, Action, Multiplayer, Online Co-Op, Co-op, Character Customization, Dragons, Open World, Third Person, Action RPG, Dating Sim, Adventure, Fantasy, RPG, Singleplayer, Cute, Atmospheric, Great Soundtrack, Underwater, Souls-like","Single-player, Multi-player, Co-op, Online Co-op, Cross-Platform Multiplayer, Steam Achievements, Full controller support, Steam Trading Cards, Adjustable Text Size, Camera Comfort, Color Alternatives, Custom Volume Controls, Keyboard Only Option, DualShock Controller Support, DualSense Controller Support, Steam Input API Support, Stereo Sound, Subtitle Options, Surround Sound, Steam Cloud, HDR available, Family Sharing",49.05,"27 Feb, 2025",328150,160957,167193,45800,RPG,,,
84,779340,Total War: THREE KINGDOMS,"Action, Strategy","Strategy, Historical, War, Turn-Based Strategy, Grand Strategy, RTS, Military, Multiplayer, Tactical, Singleplayer, Real Time Tactics, Action, Turn-Based, Great Soundtrack, Co-op, Simulation, Sandbox, Violent, Fantasy, Destruction","Single-player, Multi-player, PvP, Online PvP, LAN PvP, Co-op, Online Co-op, LAN Co-op, Steam Achievements, Steam Trading Cards, Camera Comfort, Color Alternatives, Custom Volume Controls, Adjustable Difficulty, Playable without Timed Input, Save Anytime, Stereo Sound, Surround Sound, Steam Cloud, Family Sharing",82.23,"23 May, 2019",93485,76873,16612,13440,Strategy,,,
85,2142790,Fields of Mistria,"Indie, RPG, Simulation","Farming Sim, Dating Sim, RPG, Life Sim, Pixel Graphics, Romance, Simulation, Cute, Farming, Relaxing, Agriculture, Anime, Sandbox, 2D, Crafting, Open World, LGBTQ+, Building, Cooking, Mining","Single-player, Full controller support, DualShock Controller Support, DualSense Controller Support, DualSense Controller Support, Steam Cloud, Family Sharing",97.26,"5 Aug, 2026",32567,31676,891,15500,Simulation,,,
88,3595270,Call of Duty®: Modern Warfare® III,Action,"Action, Shooter, FPS, First-Person, Military, Singleplayer, Realistic, War, Multiplayer, Modern, Tactical, Combat, Open World, Co-op, Story Rich, PvE, PvP, Gore, Violent, Online Co-Op","Single-player, Multi-player, PvP, Online PvP, Co-op, Online Co-op, Cross-Platform Multiplayer, Steam Achievements, Full controller support, Captions available, In-App Purchases",45.55,"10 Nov, 2023",20852,9499,11353,21120,Shooting Game,,,
90,1817070,Marvel?�s Spider-Man Remastered,"Action, Adventure, Casual","Open World, Superhero, Action, Singleplayer, Story Rich, Adventure, Combat, Action-Adventure, Third Person, Parkour, Comic Book, Exploration, Beautiful, Stealth, Great Soundtrack, Funny, Atmospheric, Controller, Sci-fi, Multiplayer","Single-player, Steam Achievements, Adjustable Text Size, Camera Comfort, Color Alternatives, Custom Volume Controls, Adjustable Difficulty, Playable without Timed Input, DualShock Controller Support, DualShock Controller Support, DualSense Controller Support, DualSense Controller Support, Save Anytime, Steam Input API Support, Stereo Sound, Subtitle Options, Surround Sound, Partial Controller Support, Steam Cloud, Remote Play on TV, Family Sharing",96.02,"12 Aug, 2022",140809,135211,5598,62800,Action Adventure,,,
91,413150,Stardew Valley,"Indie, RPG, Simulation","Farming Sim, Pixel Graphics, Multiplayer, Life Sim, RPG, Relaxing, Simulation, Agriculture, Crafting, Sandbox, Indie, Building, Casual, Open World, Singleplayer, 2D, Dating Sim, Cute, Great Soundtrack, Fishing","Single-player, Multi-player, Co-op, Online Co-op, LAN Co-op, Shared/Split Screen Co-op, Shared/Split Screen, Steam Achievements, Full controller support, Steam Trading Cards, Steam Cloud, Remote Play on Phone, Remote Play on Tablet, Remote Play Together, Family Sharing",98.48,"26 Feb, 2016",1032808,1017107,15701,16000,Simulation,,,
92,3052450,Morimens,"RPG, Strategy, Free To Play","Free to Play, Card Game, Lovecraftian, Visual Novel, Roguelike Deckbuilder, Story Rich, RPG, Strategy, Card Battler, Deckbuilding, Roguelite, Turn-Based, Singleplayer, Horror, 2D, Adventure, PvP, Atmospheric, Multiplayer, Mystery","Single-player, Multi-player, PvP, Steam Achievements, In-App Purchases, Family Sharing",83.25,"1 Aug, 2024",5051,4205,846,0,Strategy,,,
94,4282500,hololive Dreams,"Action, Adventure, RPG, Free To Play","RPG, Rhythm, Cute, Action, Adventure, 3D, Minigames, Card Game, Anime, Party Game, JRPG, Puzzle, Music, 2D, Score Attack, PvP, Character Customization, Female Protagonist, Co-op, Free to Play","Single-player, Multi-player, PvP, Online PvP, Co-op, Online Co-op, In-App Purchases, Family Sharing",65.09,"22 Jul, 2026",3022,1967,1055,0,RPG,,,
98,2552430,KINGDOM HEARTS -HD 1.5+2.5 ReMIX-,"Action, Adventure, RPG","Action, RPG, Adventure, JRPG, Great Soundtrack, Action-Adventure, Emotional, Singleplayer, Story Rich, Fantasy, Magic, Colorful, 3D, Action RPG, Hack and Slash, Anime, Atmospheric, Character Action Game, Cute, Classic","Single-player, Steam Achievements, Full controller support, Color Alternatives, Custom Volume Controls, Adjustable Difficulty, Keyboard Only Option, DualShock Controller Support, DualShock Controller Support, DualSense Controller Support, DualSense Controller Support, Stereo Sound, Surround Sound, Steam Cloud, Family Sharing",86.43,"13 Jun, 2024",11591,10018,1573,16440,RPG,,,
99,1974050,Torchlight: Infinite,"Action, Adventure, RPG, Free To Play","RPG, Hack and Slash, Loot, Action RPG, Multiplayer, Free to Play, Action, Adventure, Dungeon Crawler, Combat, Top-Down, Singleplayer, Action-Adventure, Fantasy, Character Customization, Story Rich, Co-op, Sexual Content, Time Travel, Magic","Single-player, Multi-player, Co-op, Online Co-op, Cross-Platform Multiplayer, Steam Achievements, In-App Purchases, Partial Controller Support, Family Sharing",69.02,"9 May, 2023",21449,14805,6644,0,RPG,,,
100,594570,Total War: WARHAMMER II,"Action, Strategy","Strategy, Fantasy, Turn-Based Strategy, RTS, Grand Strategy, War, Multiplayer, Singleplayer, Action, Dark Fantasy, Turn-Based, Tactical, Real Time Tactics, Co-op, Dwarves, RPG, Simulation, Wargame, 4X, Tactical RPG","Single-player, Multi-player, PvP, Online PvP, LAN PvP, Co-op, Online Co-op, LAN Co-op, Steam Achievements, Steam Trading Cards, Steam Workshop, Camera Comfort, Color Alternatives, Custom Volume Controls, Adjustable Difficulty, Playable without Timed Input, Save Anytime, Stereo Sound, Surround Sound, Remote Play on Tablet, Family Sharing",92.99,"28 Sep, 2017",121432,112925,8507,14950,Strategy,,,
101,236390,War Thunder,"Action, Massively Multiplayer, Simulation, Free To Play","Free to Play, Vehicular Combat, Action, Simulation, Combat, Flight, World War II, VR, War, Military, Tanks, Multiplayer, Naval Combat, Massively Multiplayer, Modern, Cold War, Shooter, Realistic, Third Person, Third-Person Shooter","Single-player, Multi-player, MMO, PvP, Online PvP, Co-op, Online Co-op, Cross-Platform Multiplayer, Steam Achievements, Full controller support, VR Supported, Steam Trading Cards, In-App Purchases, Adjustable Text Size, Camera Comfort, Color Alternatives, Custom Volume Controls, Playable without Timed Input, DualShock Controller Support, DualSense Controller Support, Steam Input API Support, Stereo Sound, Surround Sound, Remote Play on Phone, Remote Play on Tablet",71.2,"15 Aug, 2013",776487,552885,223602,0,Simulation,,,
102,1868140,DAVE THE DIVER,"Adventure, Casual, RPG, Simulation","Pixel Graphics, Management, Casual, Adventure, Relaxing, Exploration, Fishing, Singleplayer, Underwater, RPG, Simulation, Farming Sim, Story Rich, Roguelite, 2D, Crafting, Funny, Agriculture, Action, Indie","Single-player, Steam Achievements, Full controller support, Steam Trading Cards, DualShock Controller Support, DualShock Controller Support, DualSense Controller Support, DualSense Controller Support, Steam Cloud, Family Sharing",96.53,"28 Jun, 2023",160617,155042,5575,24000,Simulation,,,
103,2679460,Metaphor: ReFantazio,"Action, Adventure, RPG","RPG, JRPG, Anime, Turn-Based Combat, Story Rich, Adventure, Singleplayer, Time Management, Turn-Based Strategy, Party-Based RPG, Fantasy, Dark Fantasy, Action RPG, Third Person, Colorful, Strategy RPG, Strategy, Choose Your Own Adventure, Turn-Based Tactics, 3D","Single-player, Steam Achievements, Full controller support, Steam Trading Cards, Camera Comfort, Adjustable Difficulty, Keyboard Only Option, Playable without Timed Input, DualShock Controller Support, DualShock Controller Support, DualSense Controller Support, DualSense Controller Support, Steam Input API Support, Stereo Sound, Surround Sound, Steam Cloud, Family Sharing",89.68,"10 Oct, 2024",42669,38264,4405,31920,RPG,,,
105,4113940,Sovereign Tower,"Indie, RPG","Choices Matter, Medieval, Choose Your Own Adventure, Visual Novel, Indie, Management, Dialogue Heavy, Hand-drawn, RPG, Story Rich, 2D, Singleplayer, Simulation, Point & Click, Fantasy, Comedy, Interactive Fiction, Romance, Time Manipulation, Strategy RPG","Single-player, Steam Achievements, Full controller support, Custom Volume Controls, #category_playable_at_your_own_pace, Playable without Timed Input, DualShock Controller Support, DualShock Controller Support, DualSense Controller Support, DualSense Controller Support, Save Anytime, Steam Cloud, Family Sharing",92.09,"6 Aug, 2026",2213,2038,175,20820,RPG,,,
106,1086940,Baldur's Gate 3,"Adventure, RPG, Strategy","RPG, Character Customization, Choices Matter, Turn-Based Combat, Story Rich, Sexual Content, CRPG, Fantasy, Adventure, Romance, Online Co-Op, Multiplayer, Nudity, Strategy, Singleplayer, Co-op Campaign, Class-Based, Dark Fantasy, Combat, LGBTQ+","Single-player, Multi-player, Co-op, Online Co-op, LAN Co-op, Cross-Platform Multiplayer, Steam Achievements, Full controller support, Steam Trading Cards, Adjustable Text Size, Camera Comfort, Color Alternatives, Custom Volume Controls, Adjustable Difficulty, Playable without Timed Input, DualShock Controller Support, DualShock Controller Support, DualSense Controller Support, DualSense Controller Support, Save Anytime, Stereo Sound, Subtitle Options, Surround Sound, Steam Cloud, Remote Play on TV, Remote Play Together, Family Sharing",96.79,"3 Aug, 2023",853662,826234,27428,66000,RPG,,,
107,359550,Tom Clancy's Rainbow Six Siege,"Action, Free To Play","FPS, PvP, Multiplayer, Shooter, Tactical, eSports, Competitive, Online Co-Op, Action, Hero Shooter, Team-Based, Military, Strategy, First-Person, Co-op, Realistic, Destruction, War, Difficult, 3D","Single-player, Multi-player, PvP, Online PvP, Co-op, Online Co-op, Full controller support, Steam Trading Cards, In-App Purchases, DualShock Controller Support, DualShock Controller Support, DualSense Controller Support, DualSense Controller Support, Remote Play on Phone, Remote Play on Tablet",82.2,"1 Dec, 2015",1542568,1268025,274543,0,Shooting Game,,,
109,2964090,World of Warships: Legends,"Action, Massively Multiplayer, Simulation, Strategy, Free To Play","Action, Simulation, Shooter, Third-Person Shooter, 3D, Realistic, Historical, Military, Naval, Tactical, War, World War II, PvP, Controller, Naval Combat, Massively Multiplayer, Team-Based, Free to Play, Multiplayer, Online Co-Op","Multi-player, MMO, PvP, Online PvP, Co-op, Online Co-op, Cross-Platform Multiplayer, Steam Achievements, Full controller support, Steam Trading Cards, In-App Purchases, Color Alternatives, Custom Volume Controls, Playable without Timed Input, DualShock Controller Support, DualShock Controller Support, DualSense Controller Support, DualSense Controller Support, Stereo Sound, Surround Sound, Steam Cloud, Stats, HDR available, Family Sharing, Steam Timeline",63.75,"4 May, 2026",629,401,228,0,Strategy,,,
110,872410,ROMANCE OF THE THREE KINGDOMS XIV,Simulation,"Turn-Based Tactics, Wargame, Military, Immersive Sim, Diplomacy, War, Grand Strategy, Character Customization, Turn-Based Strategy, Strategy, Historical, 3D, Alternate History, Simulation, Tactical, Singleplayer, Resource Management, Replay Value, RPG, Turn-Based","Single-player, Steam Achievements, Steam Trading Cards, Steam Cloud, Family Sharing",63.11,"15 Jan, 2020",15914,10043,5871,64800,Strategy,,,
111,1665460,"eFootball??""Simulation", Sports," Free To Play""","Football (Soccer), Free to Play, Controller, Multiplayer, Sports, eSports, PvP, Simulation, Local Multiplayer, Singleplayer, Co-op, Online Co-Op, Local Co-Op, Realistic, Comedy, Memes, Violent, Anime, LGBTQ+, Funny","Single-player, Multi-player, PvP, Online PvP, Shared/Split Screen PvP, Co-op, Online Co-op, Shared/Split Screen Co-op, Shared/Split Screen, Cross-Platform Multiplayer, In-App Purchases, Gamepad Recommended, Partial Controller Support, Steam Cloud, Family Sharing",51.7,"29 Sep, 2021",116104,60022,56082,0,Strategy,,
112,699130,World War Z,Action,"Zombies, Multiplayer, Online Co-Op, Co-op, Singleplayer, Action, Shooter, Third-Person Shooter, PvE, Survival Horror, FPS, Post-apocalyptic, Gore, Gun Customization, Character Customization, First-Person, Third Person, Horror, Violent, Combat","Single-player, Multi-player, PvP, Online PvP, Co-op, Online Co-op, Cross-Platform Multiplayer, Steam Achievements, Full controller support, Steam Cloud, Family Sharing",82.48,"21 Sep, 2021",32269,26616,5653,8700,Shooting Game,,,
113,1941540,Mafia: The Old Country,"Action, Adventure","Story Rich, Stealth, Atmospheric, Action, Third-Person Shooter, Immersive, Crime, Cinematic, Shooter, Third Person, Emotional, Linear, Historical, Singleplayer, Realistic, Action-Adventure, Controller, Combat, Open World, Adventure","Single-player, Steam Achievements, Full controller support, Steam Trading Cards, Adjustable Text Size, Camera Comfort, Color Alternatives, Custom Volume Controls, Adjustable Difficulty, Stereo Sound, Subtitle Options, Surround Sound, HDR available, Family Sharing",73.04,"7 Aug, 2025",29494,21542,7952,36480,Action Adventure,,,
114,219990,Grim Dawn,"Action, Adventure, Indie, RPG","Action RPG, Hack and Slash, Loot, Isometric, Dark Fantasy, RPG, Dungeon Crawler, Co-op, Singleplayer, Character Customization, Dark, Multiplayer, Fantasy, Adventure, Action, Atmospheric, Post-apocalyptic, Crafting, Moddable, Choices Matter","Single-player, Multi-player, Co-op, Online Co-op, LAN Co-op, Steam Achievements, Full controller support, Steam Trading Cards, Steam Input API Support, Steam Cloud, Includes level editor, Remote Play on Tablet, Remote Play on TV, Family Sharing",93.5,"25 Feb, 2016",109076,101986,7090,26500,RPG,,,
115,4800590,Supermarket Chaos,"Indie, Simulation","Organizing, Relaxing, Collectathon, Puzzle, Casual, Walking Simulator, Immersive Sim, Incremental, Simulation, 3D, Realistic, Indie, Artificial Intelligence, Singleplayer, Psychological Horror, Resource Management, Cleaning, Multiplayer, Job Simulator","Single-player, Multi-player, Co-op, Online Co-op, Steam Achievements, Full controller support, Camera Comfort, Custom Volume Controls, #category_playable_at_your_own_pace, Playable without Timed Input, DualShock Controller Support, DualShock Controller Support, DualSense Controller Support, DualSense Controller Support, Save Anytime, Steam Cloud, Family Sharing",93.2,"29 Jun, 2026",2822,2630,192,4900,Simulation,,,
116,648800,Raft,"Adventure, Indie, Simulation","Survival, Multiplayer, Open World Survival Craft, Co-op, Crafting, Open World, Building, Base Building, Online Co-Op, Adventure, Sandbox, First-Person, Singleplayer, Underwater, Simulation, Early Access, Action, Indie, Strategy, Massively Multiplayer","Single-player, Multi-player, Co-op, Online Co-op, Steam Achievements, Steam Cloud, Family Sharing",93,"20 Jun, 2022",377249,350853,26396,21000,Simulation,,,
117,364360,Total War: WARHAMMER,"Action, Strategy","RPG, Strategy, Simulation, 4X, Grand Strategy, Strategy RPG, RTS, Turn-Based Strategy, Real Time Tactics, Tactical RPG, Dwarves, Wargame, 3D, Demons, Dark Fantasy, Fantasy, Lore-Rich, Magic, Supernatural, Tactical","Single-player, Multi-player, PvP, Online PvP, LAN PvP, Co-op, Online Co-op, LAN Co-op, Steam Achievements, Steam Trading Cards, Steam Workshop, Camera Comfort, Custom Volume Controls, Adjustable Difficulty, Playable without Timed Input, Save Anytime, Stereo Sound, Surround Sound, Family Sharing",78.51,"24 May, 2016",52307,41065,11242,14950,Strategy,,,
118,270880,American Truck Simulator,"Indie, Simulation","Automobile Sim, Driving, Open World, Simulation, Transportation, Realistic, Moddable, Relaxing, Exploration, Economy, Management, Atmospheric, Immersive Sim, Multiplayer, Singleplayer, Adventure, Casual, Family Friendly, Level Editor, First-Person","Single-player, Multi-player, Co-op, Online Co-op, Steam Achievements, Steam Trading Cards, Steam Workshop, Camera Comfort, Custom Volume Controls, Adjustable Difficulty, Keyboard Only Option, Playable without Timed Input, Save Anytime, Steam Input API Support, Stereo Sound, Surround Sound, Partial Controller Support, Steam Cloud, Includes level editor, Remote Play Together, Family Sharing",96.92,"2 Feb, 2016",195115,189103,6012,6200,Simulation,,,
119,3241660,R.E.P.O.,"Action, Early Access","Horror, Online Co-Op, Multiplayer, Comedy, Co-op, Physics, First-Person, 3D, Stealth, Survival, Robots, Funny, Exploration, Action, Action Roguelike, Procedural Generation, Post-apocalyptic, Sci-fi, Perma Death, Early Access","Single-player, Multi-player, Co-op, Online Co-op, Camera Comfort, Custom Volume Controls, Playable without Timed Input, Stereo Sound, Steam Cloud, Family Sharing",96.03,"26 Feb, 2025",418501,401885,16616,10700,Action Adventure,,,
120,2688950,Planet Coaster 2,"Simulation, Strategy","Simulation, Sandbox, Strategy, Building, City Builder, 3D, Singleplayer, Economy, God Game, Realistic, Management, Online Co-Op, Colorful, Family Friendly, Atmospheric, Relaxing, Funny, Multiplayer, Asynchronous Multiplayer, VR","Single-player, Steam Achievements, Full controller support, Steam Trading Cards, Camera Comfort, Color Alternatives, Custom Volume Controls, Adjustable Difficulty, #category_playable_at_your_own_pace, Playable without Timed Input, Save Anytime, Stereo Sound, Surround Sound, Steam Cloud, HDR available, Family Sharing",74,"6 Nov, 2024",14344,10614,3730,21200,Simulation,,,
121,3751950,Assassin's Creed Black Flag Resynced,"Action, Adventure","Action-Adventure, Assassins, Pirates, Open World, Naval Combat, Stealth, Exploration, Third Person, Adventure, Historical, Singleplayer, Action, Parkour, Naval, Cinematic, Combat, Sailing, Underwater, 3D, Vehicular Combat","Single-player, Steam Achievements, Steam Trading Cards, Captions available, In-App Purchases, Adjustable Text Size, Camera Comfort, Color Alternatives, Custom Volume Controls, Adjustable Difficulty, Keyboard Only Option, Mouse Only Option, Narrated Game Menus, Playable without Timed Input, DualShock Controller Support, DualShock Controller Support, DualSense Controller Support, DualSense Controller Support, Save Anytime, Stereo Sound, Subtitle Options, Surround Sound, Partial Controller Support, HDR available",80.06,"9 Jul, 2026",28304,22659,5645,69000,Action Adventure,,,
122,322330,Don't Starve Together,"Action, Adventure, Indie, RPG, Simulation, Strategy","Survival, Open World Survival Craft, Multiplayer, Co-op, Open World, Adventure, Crafting, Online Co-Op, Sandbox, Difficult, Indie, 2D, Atmospheric, Survival Horror, Funny, Strategy, Horror, Singleplayer, Action, Roguelike","Single-player, Multi-player, PvP, Online PvP, LAN PvP, Co-op, Online Co-op, LAN Co-op, Full controller support, Steam Trading Cards, Steam Workshop, In-App Purchases, Adjustable Text Size, Camera Comfort, Color Alternatives, Custom Volume Controls, Adjustable Difficulty, Keyboard Only Option, Mouse Only Option, Playable without Timed Input, Save Anytime, Stereo Sound, Remote Play on Phone, Remote Play on Tablet, Remote Play on TV, Family Sharing",94.92,"21 Apr, 2016",541626,514131,27495,15500,Action Adventure,,,
123,394360,Hearts of Iron IV,"Simulation, Strategy","Strategy, World War II, Grand Strategy, War, Historical, Military, Alternate History, Multiplayer, Simulation, Tactical, Singleplayer, RTS, Real-Time with Pause, Diplomacy, Sandbox, Co-op, Strategy RPG, Open World, Competitive, Action","Single-player, Multi-player, Co-op, Cross-Platform Multiplayer, Steam Achievements, Steam Trading Cards, Steam Workshop, Steam Cloud, Remote Play on Tablet, Family Sharing",90.03,"6 Jun, 2016",374772,337391,37381,55000,Strategy,,,
124,1943950,Escape the Backrooms,"Action, Indie","Horror, Multiplayer, Online Co-Op, Psychological Horror, Co-op, Survival Horror, First-Person, Escape Room, Exploration, Adventure, 3D, Singleplayer, Action, Indie, Stealth, Action-Adventure, Casual, Dungeon Crawler, Early Access, Sexual Content","Single-player, Multi-player, Co-op, Online Co-op, Steam Achievements, Camera Comfort, Custom Volume Controls, Adjustable Difficulty, Playable without Timed Input, Stereo Sound, Partial Controller Support, Steam Cloud, Family Sharing",89.9,"23 Oct, 2025",161653,145322,16331,10500,Action Adventure,,,
125,2081880,Kathana,"Massively Multiplayer, RPG, Early Access","RPG, MMORPG, 3D, Massively Multiplayer, Fantasy, Third Person, Character Customization, PvE, Early Access, PvP, Multiplayer, Mythology","Multi-player, MMO, PvP, Online PvP, Co-op, Online Co-op, In-App Purchases, Family Sharing",74.61,"8 Aug, 2025",583,435,148,0,RPG,,,
126,766570,Russian Fishing 4,"Adventure, Casual, Massively Multiplayer, RPG, Simulation, Sports, Free To Play","Fishing, Multiplayer, Free to Play, Simulation, Nature, Realistic, Relaxing, First-Person, Crafting, Immersive Sim, Sports, Atmospheric, Singleplayer, Open World, Survival, Massively Multiplayer, Casual, Adventure, RPG, Family Friendly","Single-player, Multi-player, MMO, PvP, Online PvP, Steam Achievements, In-App Purchases, Stats, Family Sharing",60.3,"10 Nov, 2021",89521,53985,35536,0,Simulation,,,
127,1940340,Darkest Dungeon® II,"Indie, RPG, Strategy","Turn-Based Tactics, Roguelite, Dark Fantasy, Dungeon Crawler, Lovecraftian, Singleplayer, Roguelike, Perma Death, Turn-Based, Turn-Based Combat, Party-Based RPG, Gothic, Story Rich, CRPG, 2D, RPG, Hand-drawn, Turn-Based Strategy, Procedural Generation, Stylized","Single-player, Steam Achievements, Full controller support, Steam Trading Cards, Steam Workshop, DualShock Controller Support, DualShock Controller Support, DualSense Controller Support, DualSense Controller Support, Steam Cloud, Family Sharing",74.73,"8 May, 2023",26653,19917,6736,13020,RPG,,,
130,1282270,Strinova,"Action, Massively Multiplayer, Free To Play","Free to Play, Anime, Third-Person Shooter, Sexual Content, Hero Shooter, Shooter, FPS, Multiplayer, PvP, Action, Third Person, Team-Based, eSports, Female Protagonist, Online Co-Op, 3D, Co-op, Real Time Tactics, Casual, 2D","Multi-player, MMO, PvP, Online PvP, Co-op, Online Co-op, Cross-Platform Multiplayer, Steam Trading Cards, Captions available, In-App Purchases, Family Sharing",74.36,"21 Nov, 2024",30562,22726,7836,0,Shooting Game,,,
131,2001120,Split Fiction,"Action, Adventure","Co-op, Split Screen, Local Co-Op, Female Protagonist, Online Co-Op, Action-Adventure, 3D Platformer, Fantasy, Sci-fi, Story Rich, Co-op Campaign, Third Person, Multiplayer, Adventure, Action, Local Multiplayer, Psychological Horror, Puzzle Platformer, Platformer, Funny","Multi-player, Co-op, Online Co-op, Shared/Split Screen Co-op, Shared/Split Screen, Cross-Platform Multiplayer, Steam Achievements, Full controller support, Steam Trading Cards, Captions available, Camera Comfort, Color Alternatives, DualShock Controller Support, DualSense Controller Support, DualSense Controller Support, Stereo Sound, Surround Sound, Steam Cloud, Remote Play Together, HDR available, Family Sharing",96.95,"6 Mar, 2025",125736,121899,3837,56000,Action Adventure,,,
132,438100,VRChat,"Adventure, Casual, Massively Multiplayer, Simulation, Sports, Free To Play, Early Access","VR, Free to Play, Multiplayer, Anime, Memes, Funny, Massively Multiplayer, First-Person, Open World, Early Access, Simulation, Casual, Adventure, Sandbox, Comedy, MMORPG, Dating Sim, Survival Horror, Action, Atmospheric","Multi-player, MMO, PvP, Online PvP, Co-op, Online Co-op, Cross-Platform Multiplayer, Full controller support, Tracked Controller Support, VR Supported, In-App Purchases, DualShock Controller Support, DualShock Controller Support, DualSense Controller Support, DualSense Controller Support, Family Sharing",75.17,"1 Feb, 2017",267511,201097,66414,0,Simulation,,,
133,1407200,World of Tanks,"Action, Massively Multiplayer, Simulation, Free To Play","Tanks, Vehicular Combat, PvP, Multiplayer, Tactical, Military, War, Team-Based, Wargame, Strategy, Shooter, Free to Play, Third-Person Shooter, Third Person, Realistic, Action, 3D, Combat, Historical, World War II","Multi-player, MMO, PvP, Online PvP, Steam Achievements, Steam Trading Cards, In-App Purchases, Color Alternatives, Custom Volume Controls, Playable without Timed Input, Stereo Sound, Surround Sound, Family Sharing",79.88,"28 Apr, 2021",100491,80272,20219,0,Strategy,,,
135,2062430,BALL x PIT,"Action, Indie","Action, Roguelite, Arcade, Roguelike, Bullet Hell, Action Roguelike, Shoot 'Em Up, Top-Down Shooter, Pixel Graphics, 2D, Top-Down, Building, Base Building, Crafting, Bullet Heaven, Singleplayer, Combat, Indie, Controller, Pinball","Single-player, Steam Achievements, Full controller support, DualShock Controller Support, DualShock Controller Support, DualSense Controller Support, DualSense Controller Support, Steam Cloud, Steam Leaderboards, Family Sharing",95.25,"15 Oct, 2025",26564,25302,1262,10890,Shooting Game,,,
136,2141910,Magic: The Gathering Arena,"Strategy, Free To Play","Strategy, Card Game, Free to Play, Trading Card Game, Deckbuilding, PvP, Multiplayer, Turn-Based Strategy, Fantasy, Magic, eSports, Tactical, Gambling, Card Battler, Turn-Based, Singleplayer, Competitive, Sexual Content","Multi-player, PvP, Online PvP, Cross-Platform Multiplayer, In-App Purchases, Family Sharing",61.16,"23 May, 2023",30954,18933,12021,0,Strategy,,,
137,2622000,Astral Party,"Casual, Indie, RPG, Strategy","Sexual Content, Anime, Hentai, Free to Play, Board Game, Multiplayer, Cute, Party Game, PvP, Turn-Based, Strategy, Casual, Nudity, Card Game, Relaxing, Female Protagonist, Funny, RPG, Indie, Psychological Horror","Multi-player, PvP, Online PvP, Co-op, Online Co-op, In-App Purchases, Family Sharing",54.56,"28 Feb, 2024",21183,11557,9626,0,Strategy,,,
138,3059520,F1® 25,"Racing, Sports","Racing, Sports, Multiplayer, Driving, Simulation, VR, Automobile Sim, PvP, Online Co-Op, Co-op, Singleplayer, Controller, Split Screen, Realistic, Arcade, Competitive","Single-player, Multi-player, PvP, Online PvP, LAN PvP, Shared/Split Screen PvP, Co-op, Online Co-op, LAN Co-op, Shared/Split Screen Co-op, Shared/Split Screen, Cross-Platform Multiplayer, Steam Achievements, Full controller support, VR Supported, Steam Workshop, In-App Purchases, Adjustable Difficulty, Keyboard Only Option, Playable without Timed Input, DualShock Controller Support, DualSense Controller Support, Stereo Sound, Surround Sound, Steam Cloud, HDR available, Family Sharing",87.09,"30 May, 2025",28324,24667,3657,56000,Strategy,,,
139,376210,The Isle,"Action, Adventure, Indie, Massively Multiplayer, Simulation, Early Access","Dinosaurs, Survival, Open World, Multiplayer, Simulation, Hunting, Realistic, Massively Multiplayer, Adventure, Horror, Early Access, Action, Third Person, Co-op, Sandbox, Walking Simulator, RPG, Strategy, Team-Based, Indie","Multi-player, MMO, PvP, Online PvP, Partial Controller Support, Valve Anti-Cheat enabled",80.14,"1 Dec, 2015",118742,95163,23579,21500,Simulation,,,
140,1040200,Crime Scene Cleaner,"Action, Simulation","Simulation, Crime, Singleplayer, Relaxing, First-Person, Gore, Atmospheric, Cleaning, Action, Funny, Adventure, Exploration, Realistic, Life Sim, Indie, Violent, Stealth, Walking Simulator, Hacking, Heist","Single-player, Steam Achievements, Full controller support, Steam Cloud, Family Sharing",98.1,"14 Aug, 2024",33935,33289,646,22630,Simulation,,,
142,2288150,ROMANCE OF THE THREE KINGDOMS 8 REMAKE,"Simulation, Strategy","Turn-Based Tactics, Wargame, Military, Immersive Sim, Diplomacy, Turn-Based Strategy, RTS, Strategy, Character Customization, Grand Strategy, Historical, Alternate History, Simulation, Story Rich, Tactical, Resource Management, Singleplayer, Replay Value, Addictive, Epic","Single-player, Steam Achievements, Steam Trading Cards, Custom Volume Controls, Adjustable Difficulty, Mouse Only Option, Playable without Timed Input, Save Anytime, Stereo Sound, Surround Sound, Partial Controller Support, Steam Cloud, Family Sharing",49.77,"23 Oct, 2024",3928,1955,1973,69800,Strategy,,,
143,440,Team Fortress 2,"Action, Free To Play","Free to Play, Hero Shooter, Multiplayer, FPS, Shooter, Action, Class-Based, Team-Based, Funny, First-Person, Online Co-Op, Competitive, Cartoony, Trading, Co-op, Comedy, Robots, Tactical, Cartoon, Crafting","Multi-player, Cross-Platform Multiplayer, Steam Achievements, Steam Trading Cards, Captions available, Steam Workshop, In-App Purchases, Camera Comfort, Color Alternatives, Custom Volume Controls, Stereo Sound, Surround Sound, Partial Controller Support, Valve Anti-Cheat enabled, Stats, Includes level editor, Commentary available, Remote Play on Phone, Remote Play on Tablet",91.02,"10 Oct, 2007",1247360,1135354,112006,0,Shooting Game,,,
144,2185060,Two Point Museum,"Casual, Indie, Simulation, Strategy","Simulation, Casual, Building, Strategy, City Builder, Sandbox, Life Sim, Management, Exploration, Cartoony, Cute, Economy, Isometric, Comedy, Family Friendly, Funny, Nature, Relaxing, Singleplayer, Sci-fi","Single-player, Steam Achievements, Full controller support, Steam Trading Cards, Steam Workshop, Adjustable Text Size, Camera Comfort, Custom Volume Controls, Mouse Only Option, Playable without Timed Input, DualShock Controller Support, DualShock Controller Support, DualSense Controller Support, DualSense Controller Support, Save Anytime, Stereo Sound, Surround Sound, Steam Cloud, Family Sharing",95.39,"4 Mar, 2025",13137,12531,606,25460,Simulation,,,
145,2661300,Grounded 2,"Action, Adventure, Early Access","Survival, Multiplayer, Adventure, Base Building, Co-op, Action, Open World, Open World Survival Craft, Exploration, Crafting, Early Access, Sandbox, Online Co-Op, RPG, First-Person, Third Person, Singleplayer, Horror, Split Screen, Local Co-Op","Single-player, Multi-player, Co-op, Online Co-op, Full controller support, Steam Input API Support, Family Sharing",80.9,"29 Jul, 2025",23474,18991,4483,34800,Action Adventure,,,
146,1426210,It Takes Two,"Action, Adventure","Co-op, Multiplayer, Split Screen, Local Co-Op, Online Co-Op, Puzzle, Adventure, Story Rich, Local Multiplayer, Co-op Campaign, Puzzle Platformer, Action-Adventure, 3D Platformer, Emotional, Platformer, Action, Exploration, Atmospheric, Minigames, Female Protagonist","Multi-player, Co-op, Online Co-op, Shared/Split Screen Co-op, Shared/Split Screen, Steam Achievements, Full controller support, Steam Trading Cards, DualShock Controller Support, DualSense Controller Support, Stereo Sound, Surround Sound, Steam Cloud, Remote Play Together",95.43,"25 Mar, 2021",268139,255874,12265,44000,Action Adventure,,,
147,3405690,EA SPORTS FC??26,"Simulation, Sports","Football (Soccer), Multiplayer, Sports, Controller, Simulation, Singleplayer, Local Co-Op, Competitive, Realistic, Online Co-Op, Family Friendly, eSports, PvP, Local Multiplayer, Modern, Character Customization, First-Person, Economy, Co-op, Female Protagonist","Single-player, Multi-player, PvP, Online PvP, Shared/Split Screen PvP, Co-op, Online Co-op, Shared/Split Screen Co-op, Shared/Split Screen, Cross-Platform Multiplayer, Steam Achievements, Full controller support, In-App Purchases, Chat Speech-to-text, Adjustable Difficulty, Keyboard Only Option, DualShock Controller Support, DualSense Controller Support, DualSense Controller Support, Stereo Sound, Subtitle Options, HDR available",50.42,"25 Sep, 2025",102083,51466,50617,22000,Simulation,,,
151,252490,Rust,"Action, Adventure, Indie, Massively Multiplayer, RPG","Survival, Crafting, Multiplayer, Open World, Open World Survival Craft, Building, PvP, Sandbox, Adventure, First-Person, Nudity, Action, FPS, Shooter, Co-op, Online Co-Op, Indie, Post-apocalyptic, Early Access, Simulation","Multi-player, MMO, PvP, Online PvP, Co-op, Online Co-op, Cross-Platform Multiplayer, Steam Achievements, Steam Trading Cards, Steam Workshop, In-App Purchases, Adjustable Text Size, Camera Comfort, Color Alternatives, Custom Volume Controls, Adjustable Difficulty, Stereo Sound, Subtitle Options, Surround Sound, Valve Anti-Cheat enabled, Stats, Remote Play on Tablet",86.77,"8 Feb, 2018",1392236,1208091,184145,42000,Action Adventure,,,
153,3950020,Duet Night Abyss,"Action, RPG, Free To Play","RPG, Anime, Exploration, Free to Play, Looter Shooter, Hack and Slash, Action, Third-Person Shooter, Action RPG, Shooter, Third Person, 3D, Story Rich, Fantasy, Lore-Rich, Online Co-Op, Singleplayer, Co-op, Massively Multiplayer, Open World","Multi-player, Co-op, Online Co-op, Steam Achievements, Full controller support, In-App Purchases, Keyboard Only Option, Playable without Timed Input, Save Anytime, Family Sharing",57.06,"19 Jan, 2026",2089,1192,897,0,RPG,,,
154,2712460,DUNGEON SLASHER,"Action, Adventure, Indie, Free To Play","Action Roguelike, Action, Action RPG, Roguelite, Action-Adventure, Roguelike, RPG, 2D, Anime, Cute, Free to Play, Pixel Graphics, Adventure, Indie, Colorful, Combat, Singleplayer","Single-player, Full controller support, Family Sharing",70.04,"16 Jul, 2026",227,159,68,0,RPG,,,
155,977950,A Dance of Fire and Ice,Indie,"Rhythm, Music, Difficult, Level Editor, Singleplayer, 2D, Indie, Arcade, Colorful, Fantasy, Casual, Psychedelic, Atmospheric, Action, Family Friendly, Great Soundtrack, Co-op, Multiplayer, Anime, FPS","Single-player, Steam Achievements, Steam Workshop, Partial Controller Support, Steam Cloud, Includes level editor, Remote Play on Phone, Remote Play on Tablet, Family Sharing",94.07,"24 Jan, 2019",83114,78186,4928,6500,Shooting Game,,,
156,2879840,Escape Simulator 2,"Adventure, Casual, Indie, Simulation","Co-op, Logic, Puzzle, Escape Room, Level Editor, Atmospheric, Adventure, Casual, Indie, First-Person, Hidden Object, Exploration, Online Co-Op, Mystery, Character Customization, Simulation, Detective, Point & Click, Singleplayer, Investigation","Single-player, Multi-player, Co-op, Online Co-op, Cross-Platform Multiplayer, Steam Achievements, Full controller support, Steam Trading Cards, Captions available, Steam Workshop, Steam Workshop, Adjustable Text Size, Camera Comfort, Color Alternatives, Custom Volume Controls, Playable without Timed Input, DualShock Controller Support, DualShock Controller Support, DualSense Controller Support, DualSense Controller Support, Save Anytime, Steam Input API Support, Stereo Sound, Surround Sound, Steam Cloud, Includes level editor, Remote Play on TV, Family Sharing",92.13,"27 Oct, 2025",4574,4214,360,19900,Simulation,,,
157,3729550,Stackmon,"Adventure, Indie, Strategy","Creature Collector, Card Game, Card Battler, Strategy, Adventure, Exploration, Simulation, 2D, Colorful, Cute, Building, Crafting, Family Friendly, Indie, Management, Nature, Relaxing, PvE, Resource Management, Singleplayer","Single-player, Steam Achievements, Full controller support, Mouse Only Option, #category_playable_at_your_own_pace, Playable without Timed Input, DualShock Controller Support, DualSense Controller Support, Steam Cloud, Family Sharing",85.47,"18 Aug, 2026",117,100,17,12710,Strategy,,,
159,594650,Hunt: Showdown 1896,Action,Gore,"Multi-player, PvP, Online PvP, Co-op, Online Co-op, Steam Achievements, Full controller support, Steam Trading Cards, In-App Purchases, Steam Leaderboards, Remote Play on Tablet, Remote Play on TV",73.71,"27 Aug, 2019",277115,204269,72846,36700,Action Adventure,,,
160,2827200,MIMESIS,"Action, Adventure, Casual, Indie, Early Access","Early Access, Online Co-Op, Horror, Funny, Psychological Horror, Survival Horror, PvE, Action, Exploration, First-Person, Action-Adventure, Casual, Procedural Generation, Time Management, Sci-fi, Supernatural, Atmospheric, Dungeon Crawler, Indie, PvP","Multi-player, Co-op, Online Co-op, Full controller support, DualShock Controller Support, DualShock Controller Support, DualSense Controller Support, DualSense Controller Support, Steam Cloud, Family Sharing",84.49,"27 Oct, 2025",10232,8645,1587,11000,Action Adventure,,,
161,1374490,RuneScape: Dragonwilds,"Action, Adventure, RPG, Early Access","Open World, Survival, Multiplayer, Open World Survival Craft, Co-op, Online Co-Op, Early Access, Crafting, Building, Exploration, Base Building, Adventure, RPG, Action, Dragons, Fantasy, Sandbox, Singleplayer, Magic, Third Person","Single-player, Multi-player, Co-op, Online Co-op, Adjustable Text Size, Custom Volume Controls, Save Anytime, Stereo Sound, Partial Controller Support, Steam Cloud, Family Sharing",81.25,"15 Apr, 2025",29044,23598,5446,32000,Action Adventure,,,
162,1669000,Age of Wonders 4,"RPG, Strategy","Strategy, 4X, Turn-Based Strategy, Fantasy, Character Customization, RPG, Grand Strategy, Dark Fantasy, Turn-Based Combat, War, Tactical, Tactical RPG, Simulation, Strategy RPG, Multiplayer, Singleplayer, Exploration, Choices Matter, Co-op, Moddable","Single-player, Multi-player, PvP, Online PvP, Co-op, Online Co-op, Cross-Platform Multiplayer, Steam Achievements, Steam Trading Cards, Steam Workshop, Camera Comfort, Chat Speech-to-text, Chat Text-to-speech, Custom Volume Controls, Adjustable Difficulty, Playable without Timed Input, Save Anytime, Stereo Sound, Surround Sound, Partial Controller Support, Steam Cloud, Remote Play Together, Family Sharing",81.32,"2 May, 2023",22913,18632,4281,55000,Strategy,,,
163,2567870,Chained Together,"Adventure, Casual, Indie, Simulation","Co-op, Adventure, Platformer, Casual, Multiplayer, Online Co-Op, Puzzle Platformer, Simulation, 3D Platformer, Funny, Action-Adventure, Third Person, Exploration, Physics, Post-apocalyptic, Emotional, Mystery, Controller, Surreal, Choices Matter","Single-player, Multi-player, Co-op, Online Co-op, Shared/Split Screen Co-op, Shared/Split Screen, Partial Controller Support, Remote Play Together, Family Sharing",89.82,"19 Jun, 2024",63404,56947,6457,5600,Action Adventure,,,
164,949230,Cities: Skylines II,Simulation,"City Builder, Simulation, Building, Sandbox, Management, Singleplayer, Economy, Strategy, Realistic, Moddable, Resource Management, Relaxing, Transportation, Casual, Atmospheric, Early Access, Open World, Mod, Great Soundtrack, Psychological Horror","Single-player, Steam Achievements, Full controller support, Steam Cloud, Family Sharing",55.63,"24 Oct, 2023",91627,50970,40657,55000,Simulation,,,
165,1099410,A Total War Saga: TROY,"Action, Simulation, Strategy","Strategy, Simulation, Historical, RTS, War, Action, Violent, Mythology, Singleplayer, Grand Strategy, Turn-Based Strategy, Multiplayer, Real Time Tactics, Fantasy, Sandbox, Adventure, Co-op, Real-Time with Pause, Massively Multiplayer, 4X","Single-player, Multi-player, PvP, Online PvP, LAN PvP, Co-op, Online Co-op, LAN Co-op, Steam Achievements, Steam Workshop, Camera Comfort, Color Alternatives, Adjustable Difficulty, Playable without Timed Input, Save Anytime, Stereo Sound, Surround Sound, Family Sharing",71.5,"2 Sep, 2021",3762,2690,1072,7960,Strategy,,,
166,2764460,Sandustry,"Simulation, Strategy, Early Access","Sandbox, Crafting, Open World, Building, Automation, Open World Survival Craft, Survival, Adventure, Exploration, Simulation, Base Building, Strategy, Action, Singleplayer, RPG, Resource Management, Replay Value, Atmospheric, Early Access, Indie","Single-player, Steam Achievements, Steam Trading Cards, Steam Workshop, Steam Cloud, Family Sharing",97.44,"13 Aug, 2026",2346,2286,60,9680,Simulation,,,
168,1671210,DELTARUNE,"Indie, RPG","Story Rich, Great Soundtrack, Pixel Graphics, Funny, RPG, Singleplayer, Bullet Hell, Emotional, 2D, Comedy, Fantasy, Soundtrack, Music, Mystery, Dark, Action RPG, Episodic, Retro, JRPG, Surreal","Single-player, Full controller support, DualShock Controller Support, DualSense Controller Support, DualSense Controller Support, Steam Cloud, Family Sharing",98.11,"4 Jun, 2025",131354,128866,2488,29800,RPG,,,
169,2349820,Hero's Land,"Action, Adventure, Massively Multiplayer, RPG, Free To Play","Free to Play, Open World, Survival, MMORPG, PvP, MOBA, Exploration, Roguelite, 2D Platformer, Tactical RPG, Action-Adventure, Action RPG, RPG, CRPG, Fishing, Top-Down, Action, Cute, Stylized, Building","Multi-player, MMO, PvP, Online PvP, Steam Achievements, In-App Purchases, Remote Play Together, Family Sharing",54.53,"17 May, 2023",45655,24895,20760,0,RPG,,,
170,3985950,R.I.P. - Reincarnation Insurance Program,"Action, Adventure, Casual, Early Access","Early Access, Looter Shooter, Action Roguelike, Bullet Heaven, Zombies, Bullet Hell, Roguelite, Top-Down Shooter, Shoot 'Em Up, Arcade, Extraction Shooter, Adventure, Action RPG, Roguelike, 3D, Mechs, Action, Loot, Sci-fi, Casual","Single-player, Steam Achievements, Steam Trading Cards, Partial Controller Support, Steam Cloud, Family Sharing",76.67,"25 Jan, 2026",2747,2106,641,18600,Shooting Game,,,
171,3282300,Mistfall Hunter,"Action, Adventure","Extraction Shooter, Dark Fantasy, Souls-like, Online Co-Op, Action, Third Person, PvP, PvE, Magic, Third-Person Shooter, Multiplayer, Battle Royale, Survival, Dungeon Crawler, Loot, Action RPG, Action-Adventure, Dark, 3D, Fantasy","Multi-player, PvP, Online PvP, Co-op, Online Co-op, Steam Achievements, In-App Purchases, DualShock Controller Support, DualShock Controller Support, DualSense Controller Support, DualSense Controller Support, Partial Controller Support, HDR available, Family Sharing",57.92,"29 Jul, 2026",14248,8252,5996,26500,RPG,,,
172,255710,Cities: Skylines,"Simulation, Strategy","City Builder, Simulation, Building, Management, Strategy, Sandbox, Singleplayer, Economy, Moddable, Resource Management, Mod, Realistic, Replay Value, Casual, Modern, Real-Time with Pause, Family Friendly, Great Soundtrack, Funny, Action","Single-player, Steam Achievements, Steam Trading Cards, Steam Workshop, Steam Cloud, Includes level editor, Remote Play on Tablet, Family Sharing",92.88,"10 Mar, 2015",291416,270668,20748,9900,Simulation,,,
173,427520,Factorio,"Casual, Indie, Simulation, Strategy","Automation, Base Building, Resource Management, Sandbox, Crafting, Strategy, Multiplayer, Survival, Management, Open World, Building, Co-op, 2D, Moddable, Singleplayer, Trains, Simulation, Pixel Graphics, City Builder, Indie","Single-player, Multi-player, Co-op, Online Co-op, LAN Co-op, Cross-Platform Multiplayer, Steam Achievements, Adjustable Text Size, Camera Comfort, Custom Volume Controls, Adjustable Difficulty, Playable without Timed Input, DualShock Controller Support, DualShock Controller Support, DualSense Controller Support, DualSense Controller Support, Save Anytime, Subtitle Options, Partial Controller Support, Steam Cloud, Includes level editor, Remote Play on Tablet, Family Sharing",97.51,"14 Aug, 2020",233562,227756,5806,40000,Simulation,,,
174,2344520,Diablo® IV,"Action, Adventure, Casual, Massively Multiplayer, RPG",Gore,"Single-player, Multi-player, PvP, Online PvP, Co-op, Online Co-op, Cross-Platform Multiplayer, Steam Achievements, Full controller support, In-App Purchases, Adjustable Text Size, Camera Comfort, Color Alternatives, Adjustable Difficulty, Keyboard Only Option, Mouse Only Option, Narrated Game Menus, Playable without Timed Input, DualShock Controller Support, DualSense Controller Support, DualSense Controller Support, Save Anytime, Stereo Sound, Subtitle Options",65.18,"17 Oct, 2023",74780,48743,26037,62400,RPG,,,
175,2399830,ARK: Survival Ascended,"Action, Adventure, Indie, Massively Multiplayer, RPG, Early Access","Early Access, Survival, Open World, Multiplayer, Dinosaurs, Base Building, Crafting, Building, Adventure, Sandbox, Action, Character Customization, PvE, Singleplayer, PvP, Massively Multiplayer, Inventory Management, RPG, Fantasy, Sci-fi","Single-player, Multi-player, MMO, PvP, Online PvP, LAN PvP, Co-op, Online Co-op, LAN Co-op, Shared/Split Screen Co-op, Shared/Split Screen, Cross-Platform Multiplayer, Steam Achievements, Full controller support, Includes level editor, Remote Play Together, Family Sharing",59.94,"25 Oct, 2023",115485,69219,46266,61000,RPG,,,
176,1243830,Overcooked! All You Can Eat,"Casual, Indie, Simulation, Strategy","Multiplayer, Online Co-Op, Local Co-Op, Cooking, Casual, Simulation, Family Friendly, Local Multiplayer, Cute, Funny, Controller, Co-op, 4 Player Local, Colorful, Strategy, Singleplayer, Co-op Campaign, PvP, Arcade, Indie","Single-player, Multi-player, PvP, Online PvP, Shared/Split Screen PvP, Co-op, Online Co-op, Shared/Split Screen Co-op, Shared/Split Screen, Cross-Platform Multiplayer, Steam Achievements, Full controller support, Remote Play Together, Family Sharing",72.93,"23 Mar, 2021",8132,5931,2201,12300,Strategy,,,
178,3837350,Staffer Retro : A Supernatural Mystery Quest,"Adventure, Indie","Detective, Mystery, Visual Novel, 2D, Singleplayer, Thriller, Story Rich, Logic, Adventure, Anime, Investigation, Atmospheric, Puzzle, Point & Click, Simulation, Text-Based, Choose Your Own Adventure, Cartoony, Crime, Casual","Single-player, Steam Achievements, Full controller support, Custom Volume Controls, Mouse Only Option, #category_playable_at_your_own_pace, Playable without Timed Input, DualShock Controller Support, DualShock Controller Support, DualSense Controller Support, DualSense Controller Support, Save Anytime, Steam Cloud, Family Sharing",90.22,"22 Jul, 2026",1043,941,102,32000,Action Adventure,,,
179,2737070,Crime Simulator,"Action, Indie, Simulation","Multiplayer, Simulation, Online Co-Op, Crime, Heist, First-Person, FPS, Co-op Campaign, Action, Singleplayer, Action-Adventure, Life Sim, Immersive Sim, Funny, Stealth, Hacking, Driving, Realistic, Indie, Co-op","Single-player, Multi-player, Co-op, Online Co-op, Steam Achievements, Steam Trading Cards, Adjustable Text Size, Camera Comfort, Custom Volume Controls, Adjustable Difficulty, DualShock Controller Support, DualShock Controller Support, DualSense Controller Support, DualSense Controller Support, Stereo Sound, Partial Controller Support, Steam Cloud, Steam Leaderboards, Family Sharing",82.83,"17 Jun, 2025",6919,5731,1188,8800,Simulation,,,
180,2699230,Grim Dawn - Fangs of Asterkarn,"Action, Adventure, Indie, RPG","Action RPG, Hack and Slash, Loot, Isometric, Dark Fantasy, RPG, Dungeon Crawler, Co-op, Singleplayer, Character Customization, Dark, Multiplayer, Adventure, Fantasy, Action, Atmospheric, Post-apocalyptic, Crafting, Moddable, Choices Matter","Single-player, Multi-player, Co-op, Online Co-op, LAN Co-op, Downloadable Content, Steam Achievements, Full controller support, Steam Trading Cards, Steam Cloud, Family Sharing",71.54,"23 Jul, 2026",1237,885,352,20000,RPG,,,
181,551170,Onmyoji,"Adventure, RPG, Strategy","RPG, Free to Play, Anime, Turn-Based, Strategy, Adventure, Multiplayer, Fantasy, PvP, Mythology, Early Access, Massively Multiplayer, JRPG, Casual","Multi-player, MMO, Steam Achievements, Steam Trading Cards, In-App Purchases, Family Sharing",81.92,"18 Apr, 2018",3092,2533,559,0,RPG,,,
182,107410,Arma 3,"Action, Simulation, Strategy","Military, Action, Multiplayer, Shooter, Simulation, Realistic, First-Person, Open World, Tactical, FPS, War, Co-op, Sandbox, Strategy, Singleplayer, Moddable, Combat, Online Co-Op, Team-Based, Third-Person Shooter","Single-player, Multi-player, PvP, Online PvP, LAN PvP, Co-op, Online Co-op, LAN Co-op, Steam Achievements, Steam Trading Cards, Captions available, Steam Workshop, Stats, Steam Leaderboards, Includes level editor, Steam Timeline",90.42,"12 Sep, 2013",294785,266543,28242,36000,Strategy,,,
183,2141730,Backrooms: Escape Together,"Action, Adventure, Casual, Indie, Early Access","Multiplayer, Horror, Online Co-Op, Psychological Horror, Survival Horror, Co-op, Atmospheric, First-Person, Realistic, Early Access, Exploration, Procedural Generation, Adventure, Puzzle, Casual, Action, 3D, Singleplayer, Action-Adventure, Sci-fi","Single-player, Multi-player, Co-op, Online Co-op, Steam Achievements, Full controller support, Camera Comfort, Color Alternatives, Custom Volume Controls, Playable without Timed Input, DualShock Controller Support, DualShock Controller Support, DualSense Controller Support, DualSense Controller Support, Steam Input API Support, Stereo Sound, Surround Sound, Steam Cloud, Family Sharing",88.72,"18 Oct, 2022",48243,42802,5441,11000,Action Adventure,,,
184,1174180,Red Dead Redemption 2,"Action, Adventure","Open World, Story Rich, Western, Multiplayer, Adventure, Action, Realistic, Singleplayer, Shooter, Horses, Beautiful, Atmospheric, Third-Person Shooter, Great Soundtrack, Third Person, Gore, Sandbox, First-Person, FPS, Sexual Content","Single-player, Multi-player, PvP, Online PvP, Co-op, Online Co-op, Steam Achievements, In-App Purchases, Partial Controller Support, Remote Play on Phone, Remote Play on Tablet",92.45,"5 Dec, 2019",908554,839978,68576,73000,Shooting Game,,,
185,552990,World of Warships,"Action, Massively Multiplayer, Simulation, Strategy, Free To Play","Vehicular Combat, Shooter, Naval Combat, Multiplayer, PvP, Third-Person Shooter, Team-Based, War, World War II, Military, Historical, Free to Play, Naval, Simulation, Realistic, 3D, PvE, Online Co-Op, Action, Co-op","Multi-player, MMO, PvP, Online PvP, Co-op, Online Co-op, Steam Achievements, Steam Trading Cards, In-App Purchases, Adjustable Text Size, Camera Comfort, Color Alternatives, Custom Volume Controls, Playable without Timed Input, Steam Cloud, Family Sharing",76.42,"15 Nov, 2017",156089,119276,36813,0,Simulation,,,
186,753420,Dungreed,"Action, Indie","Action Roguelike, Pixel Graphics, Roguelite, Roguelike, Action, Indie, 2D, Dungeon Crawler, Singleplayer, Difficult, Platformer, RPG, Side Scroller, Great Soundtrack, Multiplayer, Bullet Hell, Loot, Adventure, Metroidvania, Local Co-Op","Single-player, Steam Achievements, Full controller support, Steam Trading Cards, Steam Workshop, DualShock Controller Support, DualShock Controller Support, Steam Cloud, Family Sharing",93.3,"14 Feb, 2018",9583,8941,642,10500,RPG,,,
187,2073620,Arena Breakout: Infinite,"Action, Adventure, Massively Multiplayer, RPG, Strategy, Free To Play","Free to Play, Extraction Shooter, Multiplayer, FPS, Realistic, Gun Customization, Shooter, First-Person, Tactical, Heist, Resource Management, Survival, Tactical RPG, MOBA, Action, War, Sniper, 3D, Noir, Adventure","Multi-player, MMO, PvP, Online PvP, Co-op, Online Co-op, Steam Achievements, Steam Trading Cards, In-App Purchases, Family Sharing",73.92,"15 Sep, 2025",74722,55235,19487,0,Shooting Game,,,
188,3551410,Football Manager 26 In-Game Editor,"Simulation, Sports, Strategy","Strategy, Simulation, Sports, Football (Soccer), Multiplayer, Singleplayer, Management","Single-player, Multi-player, Downloadable Content, Steam Achievements, Steam Workshop, Steam Cloud, Family Sharing",8.77,"4 Nov, 2025",1266,111,1155,10800,Strategy,,,
189,1966720,Lethal Company,"Action, Adventure, Indie, Early Access","Online Co-Op, Horror, First-Person, Co-op, Survival Horror, Funny, Exploration, Psychological Horror, Sci-fi, PvE, Atmospheric, Procedural Generation, Aliens, Time Management, Adventure, Dungeon Crawler, Action, Early Access, Action-Adventure, Perma Death","Single-player, Multi-player, Co-op, Online Co-op, Custom Volume Controls, Stereo Sound, Partial Controller Support, Family Sharing",96.97,"23 Oct, 2023",510387,494914,15473,11000,Action Adventure,,,
191,2928600,Demon Slayer -Kimetsu no Yaiba- The Hinokami Chronicles 2,"Action, Adventure","Anime, Multiplayer, 3D Fighter, Action, Adventure, Local Multiplayer, Online Co-Op, Singleplayer, Demons, Spectacle fighter, Ninja, Supernatural, PvP, Character Customization, Score Attack, PvE, Cinematic, Combat, Colorful, Quick-Time Events","Single-player, Multi-player, PvP, Online PvP, Shared/Split Screen PvP, Shared/Split Screen, Steam Achievements, Full controller support, Steam Trading Cards, In-App Purchases, Camera Comfort, Custom Volume Controls, Gamepad Recommended, Keyboard Only Option, DualShock Controller Support, DualShock Controller Support, DualSense Controller Support, DualSense Controller Support, Steam Input API Support, Steam Cloud, Stats, Steam Leaderboards, Family Sharing",82.84,"5 Aug, 2025",3614,2994,620,34900,Action Adventure,,,
193,2186680,"Warhammer 40,000: Rogue Trader","Action, Adventure, Indie, RPG, Strategy","RPG, Choices Matter, CRPG, Character Customization, Turn-Based Strategy, Turn-Based Combat, Strategy, Adventure, Co-op, Tactical RPG, Atmospheric, Fantasy, Dark Fantasy, Action, Multiplayer, Story Rich, Sci-fi, Singleplayer, Space, Romance","Single-player, Multi-player, Co-op, Online Co-op, Cross-Platform Multiplayer, Steam Achievements, Steam Trading Cards, Steam Workshop, Adjustable Text Size, Custom Volume Controls, Mouse Only Option, DualShock Controller Support, DualSense Controller Support, Save Anytime, Stereo Sound, Subtitle Options, Surround Sound, Partial Controller Support, Steam Cloud, Family Sharing",87.78,"7 Dec, 2023",47405,41610,5795,53000,RPG,,,
194,1627720,Lies of P,"Action, Adventure, RPG",Violent,"Single-player, Steam Achievements, Full controller support, Camera Comfort, Color Alternatives, Custom Volume Controls, Adjustable Difficulty, Gamepad Recommended, DualShock Controller Support, DualShock Controller Support, DualSense Controller Support, DualSense Controller Support, Save Anytime, Stereo Sound, Surround Sound, Steam Cloud, Family Sharing",91.69,"18 Sep, 2023",81416,74647,6769,64800,RPG,,,
195,2456740,inZOI,"Adventure, Casual, Simulation, Early Access","Life Sim, Character Customization, Simulation, Realistic, Singleplayer, Building, Family Friendly, Romance, Sandbox, Sexual Content, Dating Sim, Immersive Sim, Modern, Cats, City Builder, Relaxing, Moddable, Casual, Early Access, Cute","Single-player, Partial Controller Support, Steam Cloud, Family Sharing",77.17,"27 Mar, 2025",32404,25007,7397,44800,Simulation,,,
196,477160,Human Fall Flat,"Adventure, Casual, Indie, Simulation","Co-op, Funny, Puzzle, Multiplayer, Adventure, Physics, Sandbox, Puzzle Platformer, Open World, Action, Local Co-Op, Indie, Local Multiplayer, Comedy, Parkour, Casual, Split Screen, Singleplayer, 3D Platformer, Simulation","Single-player, Multi-player, PvP, Online PvP, Co-op, Shared/Split Screen Co-op, Shared/Split Screen, Steam Achievements, Full controller support, Steam Trading Cards, Steam Workshop, Color Alternatives, Custom Volume Controls, Keyboard Only Option, Playable without Timed Input, Stereo Sound, Surround Sound, Steam Cloud, Stats, Remote Play on TV, Remote Play Together, Family Sharing",94.63,"22 Jul, 2016",226469,214303,12166,20500,Action Adventure,,,
198,1984270,Digimon Story Time Stranger,RPG,"RPG, JRPG, Creature Collector, Anime, Party-Based RPG, 3D, Collectathon, Cute, Time Travel, Fantasy, Turn-Based Combat, Emotional, Alternate History, Modern, Pixel Graphics, Mythology, Singleplayer, Character Customization, Story Rich, Team-Based","Single-player, Steam Achievements, Full controller support, Gamepad Recommended, DualShock Controller Support, DualShock Controller Support, DualSense Controller Support, DualSense Controller Support, Steam Cloud, Family Sharing",89.48,"2 Oct, 2025",22330,19982,2348,69800,RPG,,,
199,2966320,Starsand Island,"Casual, Indie, RPG, Simulation","Life Sim, Farming Sim, RPG, Building, Casual, Sandbox, Simulation, Crafting, Relaxing, Cartoon, 3D Platformer, Exploration, Immersive Sim, Anime, 3D, Emotional, Atmospheric, Underwater, Cooking, Singleplayer","Single-player, Multi-player, Steam Achievements, Full controller support, DualSense Controller Support, DualSense Controller Support, Steam Cloud, Family Sharing",80.81,"18 Aug, 2026",6634,5361,1273,33600,Simulation,,,
200,2239150,Thronefall,"Action, Indie, Strategy","Tower Defense, Strategy, City Builder, Minimalist, Medieval, Action, Action RTS, Base Building, Building, 3D, Isometric, Colorful, Stylized, Fantasy, Auto Battler, Singleplayer, Combat, Indie, Controller, Multiplayer","Single-player, Steam Achievements, Full controller support, Steam Cloud, Steam Leaderboards, Family Sharing",96.15,"11 Oct, 2024",23500,22596,904,9420,Strategy,,,
202,1203620,Enshrouded,"Action, Adventure, Indie, RPG, Early Access","Open World, Survival, Base Building, Multiplayer, Online Co-Op, Crafting, RPG, Adventure, Exploration, Building, Action RPG, Fantasy, Singleplayer, Sandbox, Character Customization, PvE, Early Access, Action, 3D, Indie","Single-player, Multi-player, Co-op, Online Co-op, Steam Achievements, Full controller support, Adjustable Text Size, Camera Comfort, Color Alternatives, Custom Volume Controls, Adjustable Difficulty, DualShock Controller Support, DualShock Controller Support, DualSense Controller Support, DualSense Controller Support, Stereo Sound, Steam Cloud, Family Sharing",85.8,"24 Jan, 2024",104614,89763,14851,31000,RPG,,,
204,4380490,Cat Mail Co.,"Indie, Simulation","Relaxing, Simulation, Management, Cozy, Cats, Cute, Multiplayer, Online Co-Op, Life Sim, Atmospheric, Stylized, Co-op, Colorful, Magic, Singleplayer, Physics, First-Person, Crafting, 3D, Puzzle","Single-player, Multi-player, Co-op, Online Co-op, Steam Achievements, Custom Volume Controls, Adjustable Difficulty, #category_playable_at_your_own_pace, Playable without Timed Input, DualShock Controller Support, DualShock Controller Support, DualSense Controller Support, DualSense Controller Support, Partial Controller Support, Steam Cloud, Family Sharing",91.8,"9 Jul, 2026",6049,5553,496,11000,Simulation,,,
205,1435790,Escape Simulator,"Adventure, Casual, Indie, Simulation","Puzzle, Co-op, Multiplayer, Escape Room, First-Person, Adventure, Online Co-Op, Mystery, Family Friendly, Singleplayer, Controller, Simulation, Casual, Indie, VR, Point & Click, Level Editor, Investigation, Story Rich, Exploration","Single-player, Multi-player, PvP, Online PvP, Co-op, Online Co-op, Cross-Platform Multiplayer, Steam Achievements, Full controller support, Tracked Controller Support, VR Supported, Steam Trading Cards, Steam Workshop, DualShock Controller Support, DualShock Controller Support, DualSense Controller Support, DualSense Controller Support, Steam Input API Support, Steam Cloud, Stats, Includes level editor, Family Sharing",93.88,"19 Oct, 2021",19310,18129,1181,19900,Simulation,,,
207,3022790,RimWorld - Odyssey,"Indie, Simulation, Strategy","Colony Sim, Base Building, Survival, Strategy, Simulation, Singleplayer, Sci-fi, Management, Moddable, Sandbox, Story Rich, Replay Value, Indie, Procedural Generation, Tactical RPG, Open World, 2D, City Builder, Building, Atmospheric","Single-player, Downloadable Content, Steam Workshop, Partial Controller Support, Steam Cloud, Remote Play on Tablet, Family Sharing",89.71,"11 Jul, 2025",3313,2972,341,27000,Simulation,,,
208,105600,Terraria,"Action, Adventure, Indie, RPG","Open World Survival Craft, Sandbox, Survival, 2D, Multiplayer, Pixel Graphics, Adventure, Crafting, Building, Exploration, Co-op, Open World, Indie, Online Co-Op, Action, RPG, Singleplayer, Replay Value, Platformer, Atmospheric","Single-player, Multi-player, PvP, Online PvP, Co-op, Online Co-op, Steam Achievements, Full controller support, Steam Trading Cards, Steam Cloud, Remote Play on Phone, Remote Play on Tablet, Remote Play on TV, Family Sharing",97.38,"16 May, 2011",1546236,1505691,40545,11000,Action Adventure,,,
209,2429640,Throne and Liberty,"Action, Adventure, Massively Multiplayer, RPG, Free To Play","MMORPG, Open World, Free to Play, Massively Multiplayer, RPG, Fantasy, Character Customization, PvP, PvE, Multiplayer, Action, Adventure, Third Person, Exploration, Action-Adventure, Online Co-Op, Combat, Crafting, Co-op, Emotional","Multi-player, MMO, PvP, Online PvP, Co-op, Online Co-op, Cross-Platform Multiplayer, Steam Achievements, Full controller support, In-App Purchases, Adjustable Text Size, Camera Comfort, Color Alternatives, Custom Volume Controls, Playable without Timed Input, DualSense Controller Support, DualSense Controller Support, Save Anytime, Stereo Sound, Surround Sound, Family Sharing",67.1,"1 Oct, 2024",68724,46112,22612,0,Action Adventure,,,
210,703080,Planet Zoo,"Casual, Simulation, Strategy","Zoo, Management, Simulation, Building, Sandbox, Nature, City Builder, Economy, Singleplayer, Realistic, Multiplayer, Family Friendly, Cute, Resource Management, Strategy, Great Soundtrack, Relaxing, Open World, Animals, Casual","Single-player, Steam Achievements, Steam Trading Cards, Steam Workshop, Steam Cloud, HDR available, Family Sharing",90.99,"5 Nov, 2019",97322,88557,8765,13800,Simulation,,,
211,3840050,Cult of the Lamb: Woolhaven,"Action, Adventure, Indie, Strategy","Base Building, Cute, Action Roguelike, Singleplayer, Dungeon Crawler, Roguelite, Character Customization, Dark Humor, Colony Sim, Building, Adventure, 2D, Action, Faith, Fantasy, Funny, Controller, Strategy, Colorful, Third Person","Single-player, Multi-player, Co-op, Shared/Split Screen Co-op, Shared/Split Screen, Downloadable Content, Steam Achievements, Full controller support, Steam Trading Cards, Gamepad Recommended, DualShock Controller Support, DualShock Controller Support, Steam Input API Support, Steam Cloud, Remote Play Together, Family Sharing",92.89,"22 Jan, 2026",1323,1229,94,14800,RPG,,,
212,1562430,DREDGE,"Adventure, RPG","Exploration, Fishing, Lovecraftian, Open World, Adventure, Inventory Management, Mystery, Atmospheric, Psychological Horror, Singleplayer, Horror, RPG, Simulation, Stylized, Survival Horror, Indie, Story Rich, Sailing, Psychological, 3D","Single-player, Steam Achievements, Full controller support, Steam Trading Cards, Camera Comfort, Color Alternatives, Custom Volume Controls, Adjustable Difficulty, Keyboard Only Option, Stereo Sound, Steam Cloud, Family Sharing",95.82,"30 Mar, 2023",56321,53968,2353,11120,RPG,,,
213,1611600,WARNO,"Action, Indie, Simulation, Strategy","Wargame, Military, Real Time Tactics, RTS, Strategy, Cold War, War, Turn-Based Strategy, Tanks, PvP, Historical, Simulation, Realistic, Tactical, Co-op, 1980s, Multiplayer, Massively Multiplayer, Moddable, Bullet Time","Single-player, Multi-player, PvP, Online PvP, Co-op, Online Co-op, Steam Achievements, Steam Cloud, Includes level editor, Family Sharing",79.81,"23 May, 2024",15963,12740,3223,17600,Strategy,,,
214,4651220,Conqueror's Blade: Three Kingdoms,"Action, Massively Multiplayer, RPG, Strategy, Free To Play","Action, Strategy, RPG, Action RPG, RTS, MMORPG, Sandbox, Wargame, Tactical RPG, Exploration, Free to Play, 3D, Third Person, Historical, War, Tactical, Massively Multiplayer, Team-Based, Open World, PvP","Multi-player, MMO, PvP, Online PvP, Co-op, Online Co-op, In-App Purchases, Family Sharing",15.89,"23 Jul, 2026",2353,374,1979,0,Strategy,,,
215,2379740,Wizardry Variants Daphne,RPG,"RPG, Dungeon Crawler, Party-Based RPG, 3D, Exploration, Dark, Roguelike, Retro, First-Person, CRPG, Dark Fantasy, Character Customization, Singleplayer, 1980s, Realistic, Underground, Fantasy, Medieval, Magic, PvE","Single-player, In-App Purchases, Partial Controller Support, Family Sharing",57.19,"5 Mar, 2025",3775,2159,1616,0,RPG,,,
216,1826140,RimWorld - Biotech,"Indie, Simulation, Strategy","Colony Sim, Base Building, Survival, Strategy, Simulation, Management, Sandbox, Singleplayer, Moddable, Sci-fi, Story Rich, Replay Value, Indie, Open World, Procedural Generation, 2D, City Builder, Building, Tactical RPG, Atmospheric","Single-player, Downloadable Content, Steam Workshop, Steam Cloud, Family Sharing",93.42,"21 Oct, 2022",3330,3111,219,27000,Simulation,,,
217,3139440,GunZ: The Duel,"Action, Casual, Free To Play","Free to Play, Action, Third-Person Shooter, Multiplayer, Casual, PvP, Competitive, Third Person, Artificial Intelligence, Difficult, Atmospheric, PvE","Single-player, Multi-player, PvP, Online PvP, Co-op, Online Co-op, Steam Achievements, In-App Purchases, Family Sharing",43.18,"13 Aug, 2026",1357,586,771,0,Shooting Game,,,
218,2927200,Mount & Blade II: Bannerlord - War Sails,"Action, Indie, RPG, Simulation, Strategy",Violent,"Single-player, Downloadable Content, Steam Workshop, Partial Controller Support, Steam Cloud, Includes level editor, Remote Play on Tablet, Family Sharing",44.81,"26 Nov, 2025",5669,2540,3129,35900,RPG,,,
219,739630,Phasmophobia,"Action, Indie, Early Access","Horror, Online Co-Op, Multiplayer, Psychological Horror, Co-op, VR, Supernatural, First-Person, Investigation, Dark, Detective, Demons, Mystery, Thriller, 3D, Early Access, Indie, Action, Tactical, Singleplayer","Single-player, Multi-player, Co-op, Online Co-op, Steam Achievements, Full controller support, Tracked Controller Support, VR Supported, Steam Trading Cards, Camera Comfort, Adjustable Difficulty, Playable without Timed Input, DualShock Controller Support, DualShock Controller Support, DualSense Controller Support, DualSense Controller Support, Stereo Sound, Surround Sound, Steam Cloud, Remote Play on Phone, Remote Play on Tablet, Family Sharing",94.39,"18 Sep, 2020",837296,790328,46968,21500,Action Adventure,,,
220,4125930,Punishing: Gray Raven,"Action, Adventure, RPG, Free To Play","Action, RPG, Anime, Adventure, Free to Play, Hack and Slash, Post-apocalyptic, Story Rich, 3D, JRPG, Action Roguelike, Combat, Third Person, Singleplayer, Great Soundtrack, Gambling, Online Co-Op, Multiplayer, Visual Novel, Female Protagonist","Single-player, In-App Purchases, Family Sharing",73.85,"2 Feb, 2026",1472,1087,385,0,RPG,,,
221,4450620,GRAIN ROT,"Action, Indie, Simulation","Online Co-Op, First-Person, Survival Horror, Building, Action Roguelike, Base Building, Procedural Generation, Crafting, PvE, Roguelite, Comedy, Physics, Loot, Horror, 3D, Post-apocalyptic, Atmospheric, Indie, Action, Singleplayer","Single-player, Multi-player, Co-op, Online Co-op, Full controller support, Custom Volume Controls, #category_playable_at_your_own_pace, Playable without Timed Input, Stereo Sound, Family Sharing",88.91,"7 Aug, 2026",1578,1403,175,10530,Simulation,,,
222,1260320,Party Animals,"Action, Casual, Indie","Multiplayer, Funny, Casual, Cute, Party Game, Co-op, Fighting, Action, PvP, Online Co-Op, Local Multiplayer, Party, Family Friendly, 4 Player Local, Local Co-Op, Physics, 3D Fighter, Team-Based, Indie, Action-Adventure","Single-player, Multi-player, PvP, Online PvP, Shared/Split Screen PvP, Co-op, Online Co-op, Shared/Split Screen Co-op, Shared/Split Screen, Cross-Platform Multiplayer, Steam Achievements, Full controller support, In-App Purchases, Gamepad Recommended, DualShock Controller Support, DualShock Controller Support, DualSense Controller Support, DualSense Controller Support, Remote Play Together, Family Sharing",79.8,"20 Sep, 2023",78724,62820,15904,25900,Action Adventure,,,
223,3072450,FAKEBOOK,"Adventure, Casual, Indie, Simulation","Mystery, Story Rich, Visual Novel, Investigation, Psychological Horror, Horror, Interactive Fiction, Adventure, Exploration, Dark Humor, Choices Matter, Point & Click, Text-Based, Singleplayer, Dark, Simulation, Atmospheric, Detective, Indie, Casual","Single-player, Steam Achievements, Steam Cloud, Family Sharing",91.13,"10 Nov, 2024",812,740,72,16500,Simulation,,,
225,1539140,STONKS-9800: Stock Market Simulator,"Indie, Simulation, Early Access","Early Access, Economy, Simulation, Anime, Life Sim, Atmospheric, Management, 1980s, Text-Based, Time Management, Pixel Graphics, Retro, Gambling, Capitalism, Choose Your Own Adventure, Visual Novel, Choices Matter, 1990's, Multiple Endings, Old School","Single-player, Steam Achievements, Full controller support, Steam Workshop, DualShock Controller Support, DualShock Controller Support, DualSense Controller Support, DualSense Controller Support, Steam Cloud, Family Sharing",95.45,"17 Jul, 2023",3140,2997,143,7700,Simulation,,,
226,3844970,Burglin' Gnomes,"Action, Adventure","Co-op, Funny, Multiplayer, First-Person, PvE, Exploration, Action, Horror, Heist, Physics, Stealth, Loot, 3D, Adventure, Action-Adventure, Crafting, Procedural Generation, Survival Horror, Stylized, Atmospheric","Single-player, Multi-player, Co-op, Online Co-op, Playable without Timed Input, Stereo Sound, Steam Cloud, Family Sharing",84.62,"10 Jun, 2026",4948,4187,761,10500,Action Adventure,,,
228,3079210,Hell Let Loose: Vietnam,"Action, Massively Multiplayer, Simulation, Strategy","Action, Simulation, Strategy, FPS, Shooter, Massively Multiplayer, Military, Realistic, War, Historical, First-Person, Violent, Gore, Multiplayer, Cold War, Tactical, PvP, Combat, Singleplayer, Vehicular Combat","Multi-player, PvP, Online PvP, Cross-Platform Multiplayer, Steam Achievements, DualSense Controller Support, DualSense Controller Support, Partial Controller Support, Family Sharing",59.65,"13 Aug, 2026",8229,4909,3320,45920,Strategy,,,
230,2963870,Metal Slug: Awakening,"Action, Adventure, Casual, Massively Multiplayer, RPG, Free To Play","Shoot 'Em Up, 2D Platformer, Arcade, Twin Stick Shooter, Beat 'em up, Shooter, Casual, Platformer, RPG, Action-Adventure, Action, PvE, Tanks, Mechs, Controller, Alternate History, Cartoony, 3D, War, Fantasy","Multi-player, PvP, Online PvP, Co-op, Online Co-op, Cross-Platform Multiplayer, In-App Purchases, Partial Controller Support, Family Sharing",67.57,"19 Jul, 2024",3651,2467,1184,0,Action Adventure,,,
231,2617700,Tinkerlands,"Action, Adventure, Casual, Indie, RPG, Simulation, Strategy, Early Access","Open World Survival Craft, Online Co-Op, Sandbox, Survival, Pixel Graphics, Open World, Indie, Multiplayer, 2D, Adventure, Co-op, Crafting, Building, RPG, Exploration, Action, Early Access, Singleplayer, Loot, Strategy","Single-player, Multi-player, Co-op, Online Co-op, Steam Achievements, DualShock Controller Support, DualShock Controller Support, DualSense Controller Support, DualSense Controller Support, Partial Controller Support, Steam Cloud, Family Sharing",85.96,"23 May, 2025",4075,3503,572,9100,Action Adventure,,,
232,3768760,007 First Light,"Action, Adventure","Singleplayer, Action-Adventure, Stealth, Action, Adventure, Story Rich, Third-Person Shooter, Cinematic, Third Person, 3D, Atmospheric, Exploration, Driving, Shooter, Combat, Controller, Lore-Rich, Immersive Sim, Assassins, Dark","Single-player, Steam Achievements, Full controller support, Camera Comfort, Custom Volume Controls, Adjustable Difficulty, DualSense Controller Support, DualSense Controller Support, Subtitle Options, Steam Cloud, Family Sharing",91.48,"26 May, 2026",44145,40385,3760,79000,Action Adventure,,,
233,4244510,Pratfall,"Action, Adventure, Indie","Dogs, Multiplayer, Online Co-Op, Physics, Comedy, Roguelike, Procedural Generation, Co-op, Exploration, Parkour, FPS, Action, First-Person, Funny, Character Customization, Adventure, Atmospheric, Survival, Action Roguelike, Platformer","Single-player, Multi-player, Co-op, Online Co-op, Steam Achievements, Full controller support, Steam Workshop, Adjustable Text Size, Camera Comfort, Custom Volume Controls, #category_playable_at_your_own_pace, Playable without Timed Input, DualShock Controller Support, DualShock Controller Support, DualSense Controller Support, DualSense Controller Support, Stereo Sound, Steam Cloud, Steam Leaderboards, Family Sharing",90.53,"20 Apr, 2026",3040,2752,288,8400,Action Adventure,,,
234,728880,Overcooked! 2,"Action, Casual, Indie","Multiplayer, Local Co-Op, Online Co-Op, Co-op, Cooking, Casual, Funny, 4 Player Local, Local Multiplayer, Indie, Family Friendly, Action, Controller, Cute, Comedy, Singleplayer, Difficult, Simulation, Strategy, Colorful","Single-player, Multi-player, PvP, Online PvP, Shared/Split Screen PvP, Co-op, Online Co-op, Shared/Split Screen Co-op, Shared/Split Screen, Steam Achievements, Full controller support, Steam Trading Cards, Steam Cloud, Remote Play on Phone, Remote Play on Tablet, Remote Play on TV, Remote Play Together, Family Sharing",90.4,"7 Aug, 2018",83867,75819,8048,26000,Action Adventure,,,
236,1368140,Corsair Cove,"Simulation, Strategy","Strategy, City Builder, Simulation, Base Building, Pirates, Grand Strategy, Historical, Management, Building, Economy, Colony Sim, Sandbox, Open World, Survival, Singleplayer, Resource Management, Moddable, Replay Value, 4X, Diplomacy","Single-player, Steam Achievements, Steam Trading Cards, Adjustable Text Size, Camera Comfort, Color Alternatives, Custom Volume Controls, Adjustable Difficulty, Mouse Only Option, #category_playable_at_your_own_pace, Playable without Timed Input, Save Anytime, Stereo Sound, Subtitle Options, Steam Cloud, Family Sharing",86.04,"31 Jul, 2026",2916,2509,407,39900,Simulation,,,
237,3041230,Windrose,"Action, Adventure, RPG, Early Access","Early Access, Pirates, Online Co-Op, Open World Survival Craft, Survival, Crafting, PvE, Exploration, Naval Combat, Building, Sailing, Open World, Base Building, Massively Multiplayer, Adventure, Combat, Action-Adventure, Third Person, Action, Singleplayer","Single-player, Multi-player, Co-op, Online Co-op, Full controller support, Custom Volume Controls, Adjustable Difficulty, Playable without Timed Input, Stereo Sound, Steam Cloud, Family Sharing",87.03,"14 Apr, 2026",51756,45043,6713,32000,Action Adventure,,,
238,892970,Valheim,"Action, Adventure, Indie, RPG, Early Access","Open World Survival Craft, Survival, Online Co-Op, Open World, Multiplayer, Building, Crafting, Base Building, Exploration, Co-op, Adventure, Difficult, Mythology, Sandbox, PvE, Third Person, Action, Singleplayer, Early Access, Indie","Single-player, Multi-player, Co-op, Online Co-op, Full controller support, Camera Comfort, Custom Volume Controls, Adjustable Difficulty, Save Anytime, Stereo Sound, Steam Cloud, Remote Play on Tablet, Family Sharing",93.99,"2 Feb, 2021",540346,507853,32493,32000,Action Adventure,,,
239,580100,Darkest Dungeon®: The Crimson Court,"Indie, RPG, Strategy","Strategy, RPG, Indie, Lovecraftian, Turn-Based Combat, Dungeon Crawler, Singleplayer, Dark Humor, Difficult, Casual, Roguelike, Linear, Dark Comedy, Dark Fantasy, Investigation, Mod, Conspiracy, Walking Simulator, Memes, Crime","Single-player, Downloadable Content, Steam Achievements, Steam Workshop, Partial Controller Support, Steam Cloud, Family Sharing",61.61,"19 Jun, 2017",2365,1457,908,5250,RPG,,,
241,3357650,PRAGMATA,"Action, Adventure","Cute, Sci-fi, Action, Third-Person Shooter, Funny, Adventure, Robots, Futuristic, Singleplayer, Action-Adventure, Third Person, Hacking, Story Rich, Space, 3D, Artificial Intelligence, PvE, Realistic, Female Protagonist, Souls-like","Single-player, Steam Achievements, Full controller support, Steam Trading Cards, Captions available, Gamepad Recommended, DualShock Controller Support, DualShock Controller Support, DualSense Controller Support, DualSense Controller Support, Steam Cloud, HDR available, Family Sharing",96.58,"16 Apr, 2026",51568,49805,1763,69800,Action Adventure,,,
242,2988580,Yakuza 0 Director's Cut,"Action, Adventure, RPG","Action, Adventure, RPG, Beat 'em up, Action-Adventure, Story Rich, Open World, Crime, Action RPG, Combat, Dating Sim, Martial Arts, 1980s, Violent, Atmospheric, Singleplayer, Funny, Comedy, JRPG, Dark","Single-player, Multi-player, Co-op, Online Co-op, Steam Achievements, Full controller support, Steam Trading Cards, Custom Volume Controls, Adjustable Difficulty, DualShock Controller Support, DualShock Controller Support, DualSense Controller Support, DualSense Controller Support, Steam Input API Support, Stereo Sound, Steam Cloud, Family Sharing",80.92,"8 Dec, 2025",1745,1412,333,30140,Action Adventure,,,
244,3167020,Escape From Duckov,"Action, Adventure, Indie, RPG","Adventure, Action, Extraction Shooter, Top-Down Shooter, Looter Shooter, Shooter, Exploration, Third-Person Shooter, Survival, Base Building, Cute, Top-Down, Cartoon, Gun Customization, Funny, Action-Adventure, RPG, Roguelite, Action Roguelike, Indie","Single-player, Steam Achievements, Steam Trading Cards, Steam Workshop, Custom Volume Controls, Adjustable Difficulty, Stereo Sound, Steam Cloud, Family Sharing",84.5,"16 Oct, 2025",103923,87814,16109,16500,Shooting Game,,,
245,1909950,SUPER ROBOT WARS Y,"RPG, Simulation, Strategy","RPG, Simulation, Strategy, JRPG, Turn-Based Strategy, Visual Novel, Tactical RPG, Turn-Based Combat, Turn-Based Tactics, Anime, 2D, Isometric, Mechs, Top-Down, Sci-fi, Robots, Lore-Rich, Story Rich, Singleplayer","Single-player, Steam Achievements, Full controller support, In-App Purchases, DualShock Controller Support, DualShock Controller Support, DualSense Controller Support, DualSense Controller Support, Steam Cloud, Family Sharing",82.68,"27 Aug, 2025",2771,2291,480,79800,Strategy,,,
247,1296610,Peglin,"Casual, Indie, RPG, Strategy","Deckbuilding, Roguelike, Roguelite, Pinball, Turn-Based, Strategy, Perma Death, Pixel Graphics, Cute, 2D, Replay Value, RPG, Turn-Based Combat, Physics, Singleplayer, Fantasy, Retro, Early Access, Indie, Casual","Single-player, Steam Achievements, Full controller support, Steam Trading Cards, DualShock Controller Support, DualShock Controller Support, DualSense Controller Support, DualSense Controller Support, Steam Cloud, Stats, Family Sharing",83.68,"27 Aug, 2024",17609,14736,2873,12900,RPG,,,
248,2163330,Yet Another Zombie Survivors,"Action, Casual, Indie, RPG, Early Access","Early Access, Bullet Heaven, Action Roguelike, Zombies, Top-Down Shooter, Indie, Roguelite, Arcade, Singleplayer, Action RPG, Roguelike, Top-Down, 3D, Score Attack, Survival, Bullet Hell, Controller, Casual, Action, Dark","Single-player, Steam Achievements, Full controller support, Camera Comfort, Color Alternatives, Custom Volume Controls, Adjustable Difficulty, Keyboard Only Option, Mouse Only Option, Playable without Timed Input, DualShock Controller Support, DualShock Controller Support, DualSense Controller Support, DualSense Controller Support, Steam Cloud, Steam Leaderboards, Remote Play on TV, Family Sharing",91.33,"13 Jul, 2023",13682,12496,1186,16500,RPG,,,
249,286160,Tabletop Simulator,"Casual, Indie, RPG, Simulation, Strategy","Tabletop, Board Game, Simulation, Multiplayer, Sandbox, Card Game, VR, Trading Card Game, Moddable, Physics, Online Co-Op, Strategy, 3D, Casual, Co-op, Wargame, RPG, Funny, First-Person, Indie","Single-player, Multi-player, PvP, Online PvP, Shared/Split Screen PvP, Co-op, Online Co-op, Shared/Split Screen Co-op, Shared/Split Screen, Cross-Platform Multiplayer, Steam Achievements, Full controller support, Tracked Controller Support, VR Supported, Steam Trading Cards, Steam Workshop, Steam Cloud, Includes level editor, Remote Play Together, Family Sharing",95.94,"5 Jun, 2015",74188,71176,3012,21500,Strategy,,,
250,974480,Echoes of Mystralia,"Action, Adventure, Indie, RPG, Early Access","Early Access, Action Roguelike, Hack and Slash, Roguelite, Dungeon Crawler, Difficult, Action RPG, Roguelike, RPG, Top-Down, Lore-Rich, Controller, Story Rich, Action, Colorful, Fantasy, Magic, Crafting, Adventure, Fast-Paced","Single-player, Steam Achievements, Full controller support, Gamepad Recommended, Steam Cloud, Family Sharing",80.38,"11 Aug, 2026",474,381,93,21000,RPG,,,
251,2384580,DYNASTY WARRIORS: ORIGINS,"Action, RPG, Strategy","Hack and Slash, Musou, Spectacle fighter, Wargame, Martial Arts, Action RPG, RPG, Strategy, Dating Sim, Historical, Third Person, 3D, Swordplay, Controller, Action, Multiple Endings, Singleplayer, Story Rich, War, Tactical","Single-player, Steam Achievements, Full controller support, Steam Trading Cards, Color Alternatives, Custom Volume Controls, Adjustable Difficulty, Stereo Sound, Surround Sound, Steam Cloud, HDR available, Family Sharing",93.28,"16 Jan, 2025",29982,27968,2014,79800,Strategy,,,
252,346110,ARK: Survival Evolved,"Action, Adventure, Indie, Massively Multiplayer, RPG","Open World Survival Craft, Survival, Multiplayer, Open World, Dinosaurs, Crafting, Building, Adventure, Base Building, Co-op, Action, Sandbox, First-Person, Massively Multiplayer, Singleplayer, Early Access, Dragons, RPG, Sci-fi, Indie","Single-player, Multi-player, MMO, Co-op, Steam Achievements, Full controller support, Steam Workshop, Steam Cloud, Valve Anti-Cheat enabled, Includes level editor, Remote Play on Tablet, Family Sharing",83.33,"27 Aug, 2017",775662,646391,129271,16500,Action Adventure,,,
254,444200,World of Tanks Blitz,"Action, Massively Multiplayer, Simulation, Strategy, Free To Play","Tanks, Free to Play, Shooter, Action, FPS, Massively Multiplayer, Multiplayer, PvP, Strategy, World War II, Team-Based, Real Time Tactics, Competitive, Military, War, Online Co-Op, Singleplayer, Realistic, 3D Platformer, Vehicular Combat","Multi-player, MMO, PvP, Online PvP, Co-op, Online Co-op, Cross-Platform Multiplayer, Steam Trading Cards, In-App Purchases, Camera Comfort, Color Alternatives, Custom Volume Controls, Save Anytime, Stereo Sound, Touch Only Option, Family Sharing",77.91,"9 Nov, 2016",153168,119333,33835,0,Strategy,,,
255,3717070,WWE 2K26,"Simulation, Sports","Simulation, Sports, 3D Fighter, Wrestling, Sandbox, Multiplayer, Character Customization, Fighting","Single-player, Multi-player, PvP, Online PvP, Shared/Split Screen PvP, Co-op, Online Co-op, Shared/Split Screen Co-op, Shared/Split Screen, Steam Achievements, In-App Purchases, Camera Comfort, Custom Volume Controls, Adjustable Difficulty, Gamepad Recommended, Keyboard Only Option, DualShock Controller Support, DualSense Controller Support, Stereo Sound, Surround Sound, Partial Controller Support, Steam Cloud, Remote Play Together",54.74,"12 Mar, 2026",3122,1709,1413,79800,Strategy,,,
256,1190000,Car Mechanic Simulator 2021,"Racing, Simulation","Simulation, Automobile Sim, Realistic, Sandbox, Moddable, Driving, Singleplayer, Racing, 3D, Education, Co-op, First-Person, Puzzle, Immersive Sim, Open World, VR, Atmospheric, Adventure, Minigames, Indie","Single-player, Steam Achievements, Steam Trading Cards, Steam Workshop, Partial Controller Support, Steam Cloud, Stats, Includes level editor, Family Sharing",95.7,"11 Aug, 2021",38261,36617,1644,3510,Simulation,,,
257,2835570,Buckshot Roulette,"Action, Indie, Simulation","Multiplayer, Dark, Gambling, Horror, First-Person, Strategy, Singleplayer, Indie, Psychological, 3D, Gore, Psychological Horror, Puzzle, Action, Experimental, Roguelike, Simulation, Surreal, FPS, Roguelite","Single-player, Multi-player, PvP, Online PvP, Steam Achievements, Steam Trading Cards, DualShock Controller Support, DualShock Controller Support, DualSense Controller Support, DualSense Controller Support, Partial Controller Support, Steam Leaderboards, Family Sharing",95.18,"4 Apr, 2024",124124,118140,5984,1700,Simulation,,,
258,281990,Stellaris,"Simulation, Strategy","Space, Strategy, Grand Strategy, Sci-fi, 4X, Exploration, Sandbox, Simulation, Multiplayer, Real-Time with Pause, Singleplayer, Moddable, Management, Diplomacy, Military, Futuristic, Replay Value, Great Soundtrack, Procedural Generation, Atmospheric","Single-player, Multi-player, Cross-Platform Multiplayer, Steam Achievements, Steam Trading Cards, Steam Workshop, Steam Cloud, Family Sharing",85.78,"9 May, 2016",196742,168765,27977,55000,Strategy,,,
260,568220,Lobotomy Corporation | Monster Management Simulation,"Indie, Simulation","Management, Difficult, Psychological Horror, Story Rich, Simulation, Gore, Horror, Singleplayer, Great Soundtrack, Indie, Strategy, 2D, Cute, Lovecraftian, Anime, Atmospheric, Roguelike, Visual Novel, RTS, Roguelite","Single-player, Family Sharing",94.22,"9 Apr, 2018",56533,53266,3267,26000,Simulation,,,
261,1085660,Destiny 2,"Action, Adventure, Free To Play","Free to Play, Open World, Looter Shooter, Multiplayer, MMORPG, FPS, Co-op, PvE, PvP, Shooter, Loot, Massively Multiplayer, First-Person, Sci-fi, Action, Adventure, Space, Lore-Rich, Atmospheric, Competitive","Single-player, Multi-player, PvP, Online PvP, Co-op, Online Co-op, Steam Achievements, In-App Purchases, Color Alternatives, Custom Volume Controls, DualShock Controller Support, DualSense Controller Support, Subtitle Options, Partial Controller Support, Family Sharing",78.53,"1 Oct, 2019",661174,519229,141945,0,Shooting Game,,,
262,1824060,Total War: WARHAMMER III - Champions of Chaos,"Action, Strategy","Strategy, Action, Violent","Single-player, Multi-player, PvP, Online PvP, LAN PvP, Co-op, Online Co-op, LAN Co-op, Downloadable Content, Family Sharing",68.56,"23 Aug, 2022",932,639,293,8100,Strategy,,,
263,2444750,Shape of Dreams,"Action, Adventure, Indie, RPG","Action Roguelike, PvE, Co-op, Hack and Slash, Roguelite, Top-Down, MOBA, Action, Dungeon Crawler, 3D, Surreal, Colorful, Stylized, Fantasy, Magic, Multiplayer, Combat, Online Co-Op, RPG, Action RPG","Single-player, Multi-player, Co-op, Online Co-op, Steam Achievements, Full controller support, DualShock Controller Support, DualShock Controller Support, DualSense Controller Support, DualSense Controller Support, Steam Cloud, Family Sharing",90.02,"10 Sep, 2025",20147,18137,2010,27000,RPG,,,
264,2000950,Call of Duty®: Modern Warfare®,Action,"Singleplayer, Action, FPS, Multiplayer, Shooter, Military, First-Person, Tactical, Story Rich, Modern, Co-op, Gun Customization, PvP, Violent, Gore, Online Co-Op, Realistic, War, Battle Royale, Zombies","Single-player, Multi-player, PvP, Online PvP, Co-op, Online Co-op, Cross-Platform Multiplayer, Steam Achievements, Full controller support, In-App Purchases",78.97,"8 Mar, 2023",44577,35204,9373,83900,Shooting Game,,,
265,3949040,RV There Yet?,"Action, Adventure, Indie","Multiplayer, Co-op, Funny, Online Co-Op, Adventure, Driving, Physics, First-Person, Exploration, Indie, 3D, Atmospheric, Offroad, Casual, Singleplayer, Psychological Horror, Controller, Character Customization, Action, Stylized","Single-player, Multi-player, Co-op, Online Co-op, Full controller support, Steam Input API Support, Steam Cloud, Family Sharing",90.25,"21 Oct, 2025",83497,75354,8143,8900,Action Adventure,,,
266,582010,Monster Hunter: World,Action,"Co-op, Multiplayer, Action, Open World, RPG, Character Customization, Third Person, Adventure, Fantasy, Difficult, Action RPG, Singleplayer, Exploration, Great Soundtrack, Replay Value, Atmospheric, Hack and Slash, JRPG, MMORPG, Souls-like","Single-player, Multi-player, Co-op, Steam Achievements, Steam Trading Cards, Adjustable Text Size, Camera Comfort, Custom Volume Controls, Keyboard Only Option, Stereo Sound, Surround Sound, Partial Controller Support, Steam Cloud, Stats, Steam Leaderboards, Remote Play on Tablet, HDR available, Family Sharing",88.78,"8 Aug, 2018",515586,457757,57829,36800,RPG,,,
267,1604030,V Rising,"Action, Adventure, Massively Multiplayer","Vampires, Survival, Open World, Base Building, Multiplayer, Crafting, Online Co-Op, PvE, PvP, Building, Character Customization, Sandbox, Action-Adventure, Exploration, Dark Fantasy, Massively Multiplayer, Top-Down, Singleplayer, Adventure, Action","Single-player, Multi-player, PvP, Online PvP, LAN PvP, Co-op, Online Co-op, LAN Co-op, Steam Achievements, Camera Comfort, Custom Volume Controls, Adjustable Difficulty, Playable without Timed Input, DualShock Controller Support, DualShock Controller Support, DualSense Controller Support, DualSense Controller Support, Save Anytime, Stereo Sound, Subtitle Options, Surround Sound, Partial Controller Support, Steam Cloud, Family Sharing",88.96,"8 May, 2024",136654,121563,15091,34500,Action Adventure,,,
268,3105440,Heroes of Might and Magic: Olden Era,"RPG, Strategy, Early Access","Strategy, Turn-Based Strategy, Multiplayer, Fantasy, RPG, Simulation, Tactical, Grand Strategy, War, 4X, Sandbox, Historical, Turn-Based, Action, Singleplayer, Military, Moddable, Management, Early Access, Economy","Single-player, Multi-player, PvP, Online PvP, Shared/Split Screen PvP, Shared/Split Screen, Steam Achievements, Steam Trading Cards, Color Alternatives, #category_contrast_controls, Custom Volume Controls, Adjustable Difficulty, Mouse Only Option, #category_playable_at_your_own_pace, Playable without Timed Input, Save Anytime, Surround Sound, Steam Cloud, Remote Play Together, Family Sharing",87.19,"30 Apr, 2026",21752,18966,2786,39900,Strategy,,,
269,3135200,Legacy of Defense,"Casual, Indie, Simulation, Strategy","Tower Defense, Deckbuilding, Roguelite, Incremental, Strategy, Card Battler, Dungeon Crawler, Simulation, Casual, Mystery Dungeon, Roguelike, 2D, Fantasy, Cute, Hand-drawn, Magic, Hack and Slash, Singleplayer, Indie, Medieval","Single-player, Steam Achievements, Camera Comfort, Custom Volume Controls, Adjustable Difficulty, Mouse Only Option, Playable without Timed Input, Save Anytime, Touch Only Option, Steam Cloud, Steam Leaderboards, Family Sharing",75.53,"14 Aug, 2026",519,392,127,5340,Strategy,,,
270,1030840,Mafia: Definitive Edition,"Action, Adventure","Open World, Crime, Story Rich, Action, Singleplayer, Adventure, Sexual Content, Multiplayer, Third-Person Shooter, Remake, Violent, Third Person, Atmospheric, Shooter, Classic, Noir, Gore, Great Soundtrack, Racing, Nudity","Single-player, Steam Achievements, Full controller support, Steam Trading Cards, Steam Cloud, Remote Play on Tablet, Family Sharing",86.87,"24 Sep, 2020",109838,95411,14427,7200,Action Adventure,,,
271,250900,The Binding of Isaac: Rebirth,Action,"Action Roguelike, Roguelike, Indie, Replay Value, Difficult, Pixel Graphics, Dungeon Crawler, Great Soundtrack, Singleplayer, Dark, 2D, Local Co-Op, Gore, Remake, Roguelite, Procedural Generation, Co-op, Atmospheric, Action, Horror","Single-player, Multi-player, Shared/Split Screen, Steam Achievements, Full controller support, Steam Trading Cards, Steam Cloud, Remote Play on TV, Remote Play Together, Family Sharing",96.9,"4 Nov, 2014",446683,432847,13836,15500,RPG,,,
272,2968420,PowerWash Simulator 2,"Casual, Indie, Simulation","Casual, Simulation, Cleaning, Relaxing, Local Multiplayer, Multiplayer, Online Co-Op, Sandbox, Local Co-Op, First-Person, Split Screen, Immersive Sim, 3D, Family Friendly, Colorful, Realistic, Atmospheric, Singleplayer, Co-op, Funny","Single-player, Multi-player, Co-op, Online Co-op, Shared/Split Screen Co-op, Shared/Split Screen, Cross-Platform Multiplayer, Steam Achievements, Full controller support, Custom Volume Controls, Playable without Timed Input, DualSense Controller Support, DualSense Controller Support, Save Anytime, Stereo Sound, Surround Sound, Steam Cloud, Family Sharing",91.26,"23 Oct, 2025",11664,10644,1020,27000,Simulation,,,
273,3818020,Evil School,"Adventure, Indie, RPG, Strategy","FMV, Visual Novel, Interactive Fiction, RPG, Strategy, Adventure, Choices Matter, Crime, Cinematic, Mystery, Assassins, Multiple Endings, Battle Royale, Thriller, Story Rich, Immersive Sim, Survival, Hack and Slash, Singleplayer, Education","Single-player, Steam Achievements, In-App Purchases, Steam Cloud, Family Sharing",93.11,"13 Aug, 2026",842,784,58,8910,RPG,,,
274,2059190,Total War: WARHAMMER III - Forge of the Chaos Dwarfs,"Action, Strategy","Dwarves, Strategy, Action, Violent, Short","Single-player, Multi-player, PvP, Online PvP, LAN PvP, Co-op, Online Co-op, LAN Co-op, Downloadable Content, Steam Achievements, Steam Trading Cards, Family Sharing",63.89,"13 Apr, 2023",3329,2127,1202,10000,Strategy,,,
275,1863430,Dragonkin: The Banished,Action,"Hack and Slash, Action RPG, Action, Loot, Adventure, RPG, Isometric, Dungeon Crawler, Fantasy, Top-Down, Dragons, Indie, Singleplayer, Dark Fantasy, Early Access, Co-op, Local Co-Op","Single-player, Multi-player, Co-op, Online Co-op, Shared/Split Screen Co-op, Shared/Split Screen, Steam Achievements, Full controller support, Steam Cloud, Remote Play Together, Family Sharing",73.84,"16 Mar, 2026",2683,1981,702,27000,RPG,,,
277,1875830,Shin Megami Tensei V: Vengeance,"Adventure, RPG","JRPG, RPG, Story Rich, Demons, Creature Collector, Turn-Based, Adventure, Anime, Turn-Based Strategy, Choices Matter, Exploration, Multiple Endings, 3D, Third Person, Atmospheric, Difficult, Dark, Singleplayer, Post-apocalyptic, Destruction","Single-player, Steam Achievements, Full controller support, DualShock Controller Support, DualShock Controller Support, DualSense Controller Support, DualSense Controller Support, Steam Cloud, Family Sharing",91.77,"13 Jun, 2024",12635,11595,1040,22440,RPG,,,
278,3717340,Yakuza Kiwami 2,"Action, Adventure, RPG","Violent, Realistic","Single-player, Multi-player, Steam Achievements, Full controller support, Steam Trading Cards, Custom Volume Controls, Adjustable Difficulty, DualShock Controller Support, DualShock Controller Support, DualSense Controller Support, DualSense Controller Support, Steam Input API Support, Stereo Sound, Surround Sound, Steam Cloud, Family Sharing",81.17,"11 Dec, 2025",1312,1065,247,19200,RPG,,,
279,3117820,Sultan's Game,"Adventure, Indie, RPG, Simulation, Strategy","Singleplayer, Story Rich, RPG, Strategy, Card Game, Simulation, Adventure, Psychological Horror, Time Management, Survival Horror, Dark Fantasy, LGBTQ+, Tabletop, Choose Your Own Adventure, Turn-Based Strategy, Emotional, Lore-Rich, Choices Matter, Dark Humor, Multiple Endings","Single-player, Steam Achievements, Full controller support, Steam Trading Cards, Steam Workshop, DualShock Controller Support, DualShock Controller Support, DualSense Controller Support, DualSense Controller Support, Steam Input API Support, Steam Cloud, Family Sharing",93.83,"30 Mar, 2025",34857,32707,2150,21600,Strategy,,,
280,3722330,Shift At Midnight,"Indie, Simulation","Horror, Online Co-Op, Multiplayer, Retro, 3D, Co-op, Survival Horror, First-Person, Simulation, Comedy, Mystery, Investigation, Detective, 1990's, Atmospheric, Singleplayer, Interactive Fiction, Psychological Horror, Choices Matter, Stealth","Single-player, Multi-player, Co-op, Online Co-op, Steam Achievements, Adjustable Text Size, Custom Volume Controls, Stereo Sound, Family Sharing",87.98,"22 Jul, 2026",9533,8387,1146,10500,Simulation,,,
281,3811390,WASD : The Adventure of Tori,"Adventure, Casual, Indie","Online Co-Op, Multiplayer, Co-op, Casual, Adventure, Puzzle, Cute, Arcade, 2D Platformer, 2D, Indie, Family Friendly, Cartoony, Early Access, Party Game, Top-Down, Difficult, Runner, Intentionally Awkward Controls, PvE","Multi-player, Co-op, Online Co-op, Steam Achievements, Custom Volume Controls, Playable without Timed Input, Save Anytime, Subtitle Options, Family Sharing",83.79,"2 Oct, 2025",808,677,131,2920,Action Adventure,,,
282,2584990,Shadowverse: Worlds Beyond,"Casual, RPG, Strategy, Free To Play","Free to Play, Card Battler, Trading Card Game, Deckbuilding, PvP, Competitive, Strategy, Turn-Based, Sexual Content, Card Game, Character Customization, Multiplayer, Singleplayer, Casual, RPG, Anime, JRPG, Cute, Fantasy, Psychological Horror","Single-player, Multi-player, PvP, Online PvP, Cross-Platform Multiplayer, Steam Achievements, In-App Purchases, Adjustable Text Size, Camera Comfort, Custom Volume Controls, Playable without Timed Input, DualShock Controller Support, DualShock Controller Support, DualSense Controller Support, DualSense Controller Support, Stereo Sound, Partial Controller Support, Family Sharing",29.36,"14 Jun, 2025",24279,7128,17151,0,Strategy,,,
285,4210580,Ore Factory Squad ?�️,"Indie, Simulation","Simulation, Mining, Sandbox, Online Co-Op, Automation, Co-op, Exploration, Building, Management, Economy, Immersive Sim, First-Person, Base Building, Capitalism, Atmospheric, Crafting, Transportation, Resource Management, Singleplayer, Design & Illustration","Single-player, Multi-player, Co-op, Online Co-op, Steam Achievements, Full controller support, Camera Comfort, Custom Volume Controls, #category_playable_at_your_own_pace, Playable without Timed Input, DualShock Controller Support, DualShock Controller Support, DualSense Controller Support, DualSense Controller Support, Save Anytime, Stereo Sound, Family Sharing",89.78,"16 Jul, 2026",1448,1300,148,14000,Simulation,,,
286,2778580,ELDEN RING Shadow of the Erdtree,"Action, RPG","Action, RPG, Souls-like, Difficult, Fantasy, Exploration, Lore-Rich, Dark, Adventure, Singleplayer, Multiplayer, Third Person, Story Rich, Character Customization, Action RPG, PvE, PvP, Online Co-Op, 3D, Co-op","Single-player, Multi-player, PvP, Online PvP, Co-op, Online Co-op, Downloadable Content, Steam Achievements, Full controller support, Steam Trading Cards, Steam Cloud, Family Sharing",70.22,"20 Jun, 2024",104084,73086,30998,49800,RPG,,,
287,1256670,Library Of Ruina,"Indie, RPG, Strategy",Gore,"Single-player, Steam Achievements, Steam Workshop, Partial Controller Support, Steam Cloud, Remote Play on Tablet, Family Sharing",94.48,"10 Aug, 2021",44567,42107,2460,31000,RPG,,,
288,2948190,World of Sea Battle,"Action, Massively Multiplayer, RPG, Free To Play, Early Access","Early Access, Massively Multiplayer, Open World, Pirates, Naval Combat, Action, Exploration, Sandbox, Sailing, PvP, PvE, 3D, Third Person, Atmospheric, Alternate History, Relaxing, Team-Based, Realistic, Fishing, Trading","Multi-player, MMO, PvP, Online PvP, Co-op, Online Co-op, Steam Achievements, In-App Purchases, Family Sharing",75.41,"21 Oct, 2025",8537,6438,2099,0,Action Adventure,,,
289,292000,No More Room in Hell 2,"Action, Indie","Zombies, Multiplayer, Online Co-Op, Co-op, Survival Horror, Action, Survival, FPS, First-Person, Indie, Horror, Shooter, Outbreak Sim, Looter Shooter, Atmospheric, Dark, PvE, Lore-Rich, Adventure, Character Customization","Multi-player, Co-op, Online Co-op, Cross-Platform Multiplayer, Steam Achievements, Full controller support, DualShock Controller Support, DualShock Controller Support, DualSense Controller Support, DualSense Controller Support, Steam Cloud",52.89,"11 Aug, 2026",23917,12649,11268,20800,Shooting Game,,,
291,1808500,ARC Raiders,Action,"Extraction Shooter, PvP, PvE, Multiplayer, Third-Person Shooter, Shooter, Post-apocalyptic, Online Co-Op, Survival, Sci-fi, Third Person, Atmospheric, Crafting, Inventory Management, Action, Open World, Combat, Futuristic, Character Customization, Realistic","Multi-player, PvP, Online PvP, Co-op, Online Co-op, Cross-Platform Multiplayer, Steam Achievements, Full controller support, In-App Purchases, DualShock Controller Support, DualShock Controller Support, DualSense Controller Support, DualSense Controller Support, Stats, Family Sharing",82.28,"30 Oct, 2025",413039,339860,73179,60900,Shooting Game,,,
206,1962700,Subnautica 2,"Action, Adventure, Early Access","Multiplayer, Survival, Underwater, Horror, Exploration, Co-op, Open World, Survival Horror, First-Person, Adventure, Atmospheric, Early Access, Psychological Horror, Sci-fi, Singleplayer, 3D, Sandbox, Action, Base Building, Casual","Single-player, Multi-player, Co-op, Online Co-op, Cross-Platform Multiplayer, Full controller support, Adjustable Text Size, Camera Comfort, Color Alternatives, #category_contrast_controls, Custom Volume Controls, Adjustable Difficulty, #category_playable_at_your_own_pace, Playable without Timed Input, Save Anytime, Stereo Sound, Subtitle Options, Steam Cloud, Family Sharing",91.09,"14 May, 2026",125596,114405,11191,33700,Action Adventure,,,
228,1190970,House Flipper 2,"Casual, Indie, Simulation","Co-op, Immersive Sim, Relaxing, Casual, Decorating, Design & Illustration, Simulation, First-Person, Building, Cleaning, Family Friendly, Base Building, Singleplayer, Online Co-Op, Organizing, Economy, 3D, Colorful, Realistic, Sandbox","Single-player, Multi-player, Co-op, Online Co-op, LAN Co-op, Cross-Platform Multiplayer, Steam Achievements, Full controller support, Steam Trading Cards, Custom Volume Controls, Playable without Timed Input, DualShock Controller Support, DualShock Controller Support, DualSense Controller Support, DualSense Controller Support, Save Anytime, Stereo Sound, Steam Cloud, Includes level editor, Family Sharing",87.23,"14 Dec, 2023",19796,17268,2528,35000,Simulation,,,
241,2764370,Starward,"Action, Adventure, Massively Multiplayer, RPG, Free To Play","Mechs, Action, Female Protagonist, Third-Person Shooter, Shooter, 3D Fighter, eSports, Multiplayer, Anime, RPG, Co-op, Third Person, Spectacle fighter, PvP, Arena Shooter, 3D, Combat, Card Battler, Cartoon, 2D","Single-player, Multi-player, PvP, Online PvP, Cross-Platform Multiplayer, Full controller support, Steam Trading Cards, In-App Purchases, Family Sharing",64.72,"24 Apr, 2024",3787,2451,1336,0,Shooting Game,,,
256,526870,Satisfactory,"Adventure, Indie, Simulation, Strategy","Base Building, Automation, Open World, Crafting, Multiplayer, Co-op, Building, Resource Management, Sandbox, Exploration, Open World Survival Craft, Adventure, Survival, First-Person, Simulation, Strategy, Singleplayer, Sci-fi, Indie, Early Access","Single-player, Multi-player, Co-op, Online Co-op, Cross-Platform Multiplayer, Steam Achievements, Adjustable Text Size, Camera Comfort, Color Alternatives, Custom Volume Controls, Adjustable Difficulty, Playable without Timed Input, DualShock Controller Support, DualShock Controller Support, DualSense Controller Support, DualSense Controller Support, Save Anytime, Stereo Sound, Surround Sound, Partial Controller Support, Steam Cloud, Remote Play on Tablet, Family Sharing",97.26,"10 Sep, 2024",278011,270398,7613,42000,Simulation,,,
260,1145350,Hades II,"Action, Indie, RPG","Action, Roguelike, Roguelite, Hack and Slash, Mythology, Action Roguelike, Female Protagonist, RPG, Dungeon Crawler, Action RPG, Story Rich, Singleplayer, Isometric, Indie, Hand-drawn, Atmospheric, Difficult, Souls-like, LGBTQ+, Perma Death","Single-player, Steam Achievements, Full controller support, Steam Trading Cards, Captions available, DualShock Controller Support, DualShock Controller Support, DualSense Controller Support, DualSense Controller Support, Steam Cloud, Family Sharing",95.71,"25 Sep, 2025",122514,117262,5252,32000,RPG,,,
281,1030300,Hollow Knight: Silksong,"Action, Adventure, Indie","Metroidvania, Difficult, Indie, Great Soundtrack, Souls-like, 2D, Singleplayer, Platformer, Exploration, Female Protagonist, Adventure, Beautiful, Atmospheric, Story Rich, Sequel, Hand-drawn, Action, Multiple Endings, Open World, Cute","Single-player, Steam Achievements, Full controller support, Steam Trading Cards, Camera Comfort, Gamepad Recommended, Keyboard Only Option, Playable without Timed Input, DualShock Controller Support, DualShock Controller Support, DualSense Controller Support, DualSense Controller Support, Save Anytime, Stereo Sound, Steam Cloud, Remote Play on TV, Family Sharing",89.42,"4 Sep, 2025",419219,374845,44374,21500,Action Adventure,,,
285,4317790,Last Pirates: Die Together,"Action, Adventure, Early Access","Online Co-Op, Horror, Funny, Co-op, First-Person, 3D, Physics, Action, Exploration, Procedural Generation, Psychological Horror, Multiplayer, Action Roguelike, Comedy, Pirates, Adventure, Early Access, Survival Horror, Free to Play, Cartoony","Single-player, Multi-player, Co-op, Online Co-op, Full controller support, Camera Comfort, Custom Volume Controls, DualShock Controller Support, DualShock Controller Support, DualSense Controller Support, DualSense Controller Support, Stereo Sound, Surround Sound, Steam Cloud, Family Sharing",64.08,"18 Aug, 2026",103,66,37,6960,Action Adventure,,,
292,4118900,EZ2ON REBOOT : R - NIGHT TRAVELER,"Action, Casual, Sports","Rhythm, Action, Casual, Sports, Music, Soundtrack, Singleplayer, Difficult, Early Access, Anime, Arcade, Competitive, Cute, Electronic Music, Modern, Colorful, Music-Based Procedural Generation, Cartoon, Sci-fi, PvP","Single-player, Multi-player, PvP, Online PvP, Co-op, Online Co-op, Downloadable Content, Steam Achievements, Custom Volume Controls, Adjustable Difficulty, #category_playable_at_your_own_pace, Playable without Timed Input, DualShock Controller Support, DualSense Controller Support, Save Anytime, Partial Controller Support, Steam Cloud, Family Sharing, Steam Timeline",99.17,"13 Feb, 2026",121,120,1,35640,Strategy,,,
296,289070,Sid Meier?�s Civilization® VI,Strategy,"Strategy, Turn-Based Strategy, Multiplayer, Historical, Grand Strategy, Singleplayer, Turn-Based, 4X, City Builder, War, Simulation, Tactical, Management, Building, Online Co-Op, Moddable, Great Soundtrack, Co-op, Hex Grid, Atmospheric","Single-player, Multi-player, PvP, Online PvP, LAN PvP, Shared/Split Screen PvP, Shared/Split Screen, Cross-Platform Multiplayer, Steam Achievements, Steam Trading Cards, Steam Workshop, In-App Purchases, Steam Turn Notifications, Remote Play on Tablet, Remote Play Together, Family Sharing",86.12,"20 Oct, 2016",377966,325495,52471,65000,Strategy,,,
297,1562700,SANABI,"Action, Adventure, Indie","Pixel Graphics, Story Rich, Action, Cyberpunk, 2D Platformer, Adventure, Singleplayer, 2D, Indie, Action-Adventure, Platformer, Difficult, Retro, Side Scroller, Great Soundtrack, Atmospheric, Precision Platformer, Linear, Sci-fi, Dystopian","Single-player, Partial Controller Support, Steam Cloud, Family Sharing",97.25,"8 Nov, 2023",44860,43626,1234,15500,Action Adventure,,,
298,1326470,Sons Of The Forest,"Action, Adventure, Indie, Simulation","Survival, Open World, Multiplayer, Co-op, Survival Horror, Base Building, Horror, Crafting, Building, First-Person, Exploration, Adventure, Singleplayer, Atmospheric, Sandbox, Action-Adventure, Action, Simulation, Immersive Sim, VR","Single-player, Multi-player, Co-op, Online Co-op, Steam Achievements, Full controller support, DualShock Controller Support, DualShock Controller Support, DualSense Controller Support, DualSense Controller Support, Steam Cloud, Family Sharing",88.44,"22 Feb, 2024",317473,280764,36709,32000,Simulation,,,
301,1094520,Sands of Salzaar,"Adventure, Indie, RPG, Strategy","Open World, RPG, Strategy, War, Indie, Adventure, Sandbox, Singleplayer, Character Customization, Hack and Slash, Action RPG, Top-Down, Story Rich, Multiplayer, Martial Arts, Early Access, Anime, Moddable, Action, Female Protagonist","Single-player, Steam Achievements, Steam Workshop, Steam Cloud, Family Sharing",81.66,"15 Dec, 2021",23008,18788,4220,6200,RPG,,,
302,513710,SCUM,"Action, Adventure, Indie, Massively Multiplayer","Open World Survival Craft, Open World, Survival, Massively Multiplayer, Nudity, Zombies, Crafting, Singleplayer, Action, Realistic, Hunting, FPS, Violent, PvP, Third Person, Gore, Online Co-Op, Sandbox, RPG, Character Customization","Single-player, Multi-player, MMO, PvP, Online PvP, Co-op, Online Co-op, Steam Achievements, Steam Trading Cards, Camera Comfort, Custom Volume Controls, Adjustable Difficulty, Stereo Sound, Surround Sound, Stats",74.2,"17 Jun, 2025",126308,93723,32585,49000,Action Adventure,,,
303,269210,Hero Siege,"Action, Adventure, Indie, Massively Multiplayer, RPG","Action RPG, Pixel Graphics, Hack and Slash, Action Roguelike, RPG, Multiplayer, Co-op, Roguelike, Indie, Action, Top-Down, Adventure, 2D, Local Co-Op, Roguelite, Bullet Hell, Fantasy, Difficult, Controller, Singleplayer","Single-player, Multi-player, Co-op, Online Co-op, Shared/Split Screen Co-op, Shared/Split Screen, Cross-Platform Multiplayer, Steam Achievements, Full controller support, Steam Trading Cards, In-App Purchases, Steam Cloud, Remote Play on TV, Remote Play Together",67.15,"29 Jan, 2014",46933,31516,15417,8900,RPG,,,
306,1144200,Ready or Not,"Action, Adventure, Indie","Tactical, Realistic, FPS, Shooter, Multiplayer, Singleplayer, Co-op, Horror, First-Person, Action, Psychological Horror, Violent, Gun Customization, Combat, Crime, Gore, Modern, Atmospheric, Co-op Campaign, VR","Single-player, Multi-player, Co-op, Online Co-op, Steam Achievements, Full controller support, DualShock Controller Support, DualShock Controller Support, DualSense Controller Support, DualSense Controller Support, Steam Cloud",78.63,"13 Dec, 2023",343021,269702,73319,53000,Shooting Game,,,
307,1384160,GUILTY GEAR -STRIVE-,Action,"Fighting, 2D Fighter, Great Soundtrack, Anime, PvP, 2.5D, Arcade, Multiplayer, Lore-Rich, Action, 2D, Local Multiplayer, Story Rich, LGBTQ+, 3D, Combat, Fantasy, Cinematic, Casual, Singleplayer","Single-player, Multi-player, PvP, Online PvP, Shared/Split Screen PvP, Shared/Split Screen, Steam Achievements, Full controller support, DualShock Controller Support, DualShock Controller Support, DualSense Controller Support, DualSense Controller Support, Steam Cloud, Remote Play Together, Family Sharing",87.94,"11 Jun, 2021",66679,58635,8044,39900,Action Adventure,,,
308,1926210,EZ2ON REBOOT : R - PRESTIGE PASS,"Action, Casual, Sports","Action, Casual, Sports, Music, Rhythm","Single-player, Multi-player, PvP, Online PvP, Co-op, Online Co-op, Downloadable Content",99.44,"14 Apr, 2022",534,531,3,25800,Strategy,,,
309,2244210,Echoes of Aincrad,"Action, RPG","Anime, JRPG, Singleplayer, Action RPG, Souls-like, Fantasy, Hack and Slash, 3D, RPG, Character Customization, Action, Dark, Futuristic, Adventure, Realistic, Dungeon Crawler, Walking Simulator, VR, Mystery, LGBTQ+","Single-player, Steam Achievements, Full controller support, DualShock Controller Support, DualShock Controller Support, DualSense Controller Support, DualSense Controller Support, Steam Cloud, Family Sharing",48.16,"9 Jul, 2026",5017,2416,2601,79800,RPG,,,
310,1292630,3on3 FreeStyle: Rebound,"Action, Casual, Indie, RPG, Sports, Free To Play","Basketball, Team-Based, PvP, Third-Person Shooter, Online Co-Op, 3D, Arcade, Free to Play, Singleplayer, Shooter, Strategy, Action, Multiplayer, eSports, Sports, Character Customization, RPG, Controller, Family Friendly, Casual","Single-player, Multi-player, PvP, Online PvP, Co-op, Online Co-op, Cross-Platform Multiplayer, Steam Achievements, Full controller support, Steam Trading Cards, In-App Purchases, DualShock Controller Support, DualShock Controller Support, Family Sharing",61.95,"14 Jul, 2020",4418,2737,1681,0,Strategy,,,
311,2671070,Crusader Kings III: Roads to Power,"RPG, Simulation, Strategy","Strategy, RPG, Simulation, Medieval","Single-player, Multi-player, PvP, Online PvP, Downloadable Content, Steam Achievements, Steam Trading Cards, Steam Workshop, Steam Cloud, Remote Play on Tablet, Family Sharing",81.89,"24 Sep, 2024",2181,1786,395,19800,RPG,,,
312,518790,"theHunter: Call of the Wild??""Adventure", Simulation," Sports""","Hunting, Open World, Multiplayer, Nature, Relaxing, Stealth, FPS, Simulation, Survival, Realistic, Sandbox, Online Co-Op, Co-op, First-Person, Walking Simulator, Shooter, Immersive Sim, Sports, Controller, Strategy","Single-player, Multi-player, Co-op, Online Co-op, Steam Achievements, Full controller support, In-App Purchases, Steam Cloud, Family Sharing",89.08,"16 Feb, 2017",201846,179808,22038,0,Strategy,,
314,1817190,Marvel?�s Spider-Man: Miles Morales,"Action, Adventure","Open World, Action, Superhero, Singleplayer, Adventure, Third Person, Combat, Parkour, Story Rich, Action-Adventure, Exploration, Stealth, Comic Book, Beat 'em up, Beautiful, Great Soundtrack, Multiplayer, RPG, Sci-fi, LGBTQ+","Single-player, Steam Achievements, Adjustable Text Size, Camera Comfort, Color Alternatives, Custom Volume Controls, Adjustable Difficulty, Playable without Timed Input, DualShock Controller Support, DualShock Controller Support, DualSense Controller Support, DualSense Controller Support, Save Anytime, Steam Input API Support, Stereo Sound, Subtitle Options, Surround Sound, Partial Controller Support, Steam Cloud, Remote Play on TV, Family Sharing",93.28,"18 Nov, 2022",55726,51980,3746,52800,Action Adventure,,,
318,2622380,ELDEN RING NIGHTREIGN,"Action, RPG","Souls-like, Online Co-Op, Multiplayer, Roguelike, Co-op, Singleplayer, PvE, Action, Third Person, Roguelite, Action RPG, Open World, RPG, Dark, Violent, 3D, Survival, Lore-Rich, Story Rich, Dating Sim","Single-player, Multi-player, Co-op, Online Co-op, Steam Achievements, Full controller support, Camera Comfort, Custom Volume Controls, Gamepad Recommended, Playable without Timed Input, DualShock Controller Support, DualShock Controller Support, DualSense Controller Support, DualSense Controller Support, Steam Input API Support, Stereo Sound, Surround Sound, Steam Cloud, Family Sharing",81.72,"29 May, 2025",189666,154998,34668,49800,RPG,,,
319,1710820,Cleared Hot,"Action, Indie, Early Access","Early Access, Flight, Vehicular Combat, 1980s, Singleplayer, Action, Isometric, Military, Top-Down Shooter, Nostalgia, Twin Stick Shooter, Wargame, Retro, Top-Down, 3D, Shooter, Controller, Physics, Tactical, War","Single-player, Full controller support, DualShock Controller Support, DualShock Controller Support, DualSense Controller Support, DualSense Controller Support, Steam Cloud, Family Sharing",96.41,"20 Nov, 2025",3846,3708,138,10000,Strategy,,,
320,410340,Liftoff®: FPV Drone Racing,"Indie, Racing, Simulation, Sports","Simulation, Flight, Racing, Realistic, First-Person, Sports, Multiplayer, Indie, Immersive Sim, Early Access, Crafting, Level Editor, Singleplayer, Atmospheric, Exploration, Education, 3D, Modern, Parkour, Science","Single-player, Multi-player, PvP, Online PvP, Steam Achievements, Steam Trading Cards, Steam Workshop, Gamepad Recommended, DualShock Controller Support, DualShock Controller Support, DualSense Controller Support, DualSense Controller Support, Partial Controller Support, Steam Cloud, Includes level editor, Family Sharing",95.21,"13 Sep, 2018",13848,13184,664,25000,Simulation,,,
321,4731620,Fortune Mill,"Casual, Indie, Simulation","Incremental, Idler, Automation, Pixel Graphics, Economy, Simulation, Resource Management, Casual, Gambling, Loot, Relaxing, Indie, Singleplayer, 2D, Sandbox, Atmospheric, Pinball, Management, Fantasy, Linear","Single-player, Steam Achievements, Steam Cloud, Family Sharing",81.98,"2 Jun, 2026",3363,2757,606,6090,Simulation,,,
322,774181,Rhythm Doctor,"Action, Casual, Indie, Strategy, Free To Play","Rhythm, Music, Pixel Graphics, Story Rich, Level Editor, Indie, Singleplayer, Local Co-Op, Action, 2D, Funny, Comedy, Local Multiplayer, Arcade, Co-op, Cute, Anime, Modern, Colorful, Sci-fi","Single-player, Multi-player, Co-op, Shared/Split Screen Co-op, Shared/Split Screen, Steam Achievements, Full controller support, Steam Workshop, Custom Volume Controls, Adjustable Difficulty, Narrated Game Menus, #category_playable_without_vision, Steam Cloud, Includes level editor, Remote Play Together, Family Sharing",98.16,"6 Dec, 2025",26876,26382,494,21500,Strategy,,,
323,360430,Mafia III: Definitive Edition,"Action, Adventure","Crime, Open World, Action, Story Rich, Singleplayer, Third Person, Violent, Shooter, Atmospheric, Great Soundtrack, Third-Person Shooter, Adventure, Nudity, Stealth, Multiplayer, Classic, Sandbox, Gore, FPS, Co-op","Single-player, Steam Achievements, Full controller support, Steam Trading Cards, Steam Cloud, Remote Play on Tablet, Remote Play on TV, Family Sharing",57.4,"19 May, 2020",63862,36656,27206,7000,Action Adventure,,,
324,1608290,GNOSIA,"Adventure, Indie, RPG, Simulation","Visual Novel, Story Rich, Anime, Time Travel, Sci-fi, Singleplayer, Mystery, Psychological Horror, Adventure, Psychological, Social Deduction, LGBTQ+, Roguelite, Atmospheric, Detective, Space, Simulation, Class-Based, Indie, RPG","Single-player, Steam Achievements, Full controller support, Steam Trading Cards, Family Sharing",93.67,"23 Jan, 2022",5069,4748,321,18200,RPG,,,
325,440900,Conan Exiles Enhanced,"Action, Adventure, Massively Multiplayer, RPG, Simulation, Strategy","Survival, Open World, Nudity, Building, Open World Survival Craft, Crafting, Multiplayer, Sandbox, RPG, Massively Multiplayer, Adventure, Action, Online Co-Op, Exploration, Singleplayer, Co-op, Violent, Fantasy, Gore, PvP","Single-player, Multi-player, PvP, Online PvP, Co-op, Online Co-op, Steam Achievements, Full controller support, Steam Trading Cards, Steam Workshop, Remote Play on Tablet, Remote Play on TV, Family Sharing",79.02,"8 May, 2018",117137,92558,24579,45000,Action Adventure,,,
326,899770,Last Epoch,"Action, Adventure, Indie, RPG","Action RPG, Loot, Hack and Slash, RPG, Isometric, Multiplayer, Top-Down, Action, Co-op, Adventure, Dungeon Crawler, Singleplayer, Indie, Fantasy, Character Customization, MMORPG, Gore, Magic, Violent, Time Travel","Single-player, Multi-player, Co-op, Online Co-op, Full controller support, In-App Purchases, Adjustable Text Size, Camera Comfort, Color Alternatives, Custom Volume Controls, DualShock Controller Support, DualShock Controller Support, DualSense Controller Support, DualSense Controller Support, Stereo Sound, Steam Cloud",76.54,"21 Feb, 2024",118353,90584,27769,37500,RPG,,,
327,4992070,Sort Them Ducks,"Casual, Simulation","Simulation, Casual, Incremental, Hidden Object, Job Simulator, Organizing, 3D, Sandbox, Collectathon, First-Person, Cleaning, Stylized, Singleplayer, Animals, Inventory Management, Relaxing, Immersive Sim, Puzzle, Resource Management, Multiplayer","Single-player, Full controller support, DualShock Controller Support, DualShock Controller Support, DualSense Controller Support, DualSense Controller Support, Steam Cloud, Family Sharing",90.88,"13 Aug, 2026",702,638,64,5890,Simulation,,,
328,843380,Super Animal Royale,"Action, Adventure, Casual, Indie, Massively Multiplayer, Free To Play","Battle Royale, Top-Down Shooter, Animals, Cute, Multiplayer, PvP, Free to Play, Shooter, Colorful, Funny, Character Customization, Online Co-Op, Massively Multiplayer, Lore-Rich, Survival, Casual, 2D, Family Friendly, Action, Indie","Multi-player, PvP, Online PvP, Co-op, Online Co-op, Cross-Platform Multiplayer, Steam Achievements, Full controller support, Steam Trading Cards, In-App Purchases, Steam Cloud, Stats, Remote Play on TV, Family Sharing",92.95,"26 Aug, 2021",44440,41309,3131,0,Action Adventure,,,
329,3472040,NBA 2K26,Sports,"Sports, Basketball, Simulation, Multiplayer, 3D, eSports, Controller, Singleplayer, Character Customization, Management, PvP, Team-Based, Online Co-Op, Trading, Local Multiplayer, LGBTQ+, Co-op, Local Co-Op, Gambling, Immersive Sim","Single-player, Multi-player, PvP, Online PvP, Shared/Split Screen PvP, Co-op, Online Co-op, Shared/Split Screen Co-op, Shared/Split Screen, Steam Achievements, In-App Purchases, Camera Comfort, Custom Volume Controls, Adjustable Difficulty, Gamepad Recommended, Keyboard Only Option, DualShock Controller Support, DualShock Controller Support, DualSense Controller Support, DualSense Controller Support, Stereo Sound, Surround Sound, Partial Controller Support, Steam Cloud, Remote Play Together, Family Sharing",64.27,"4 Sep, 2025",32508,20894,11614,84800,Strategy,,,
330,1030830,Mafia II: Definitive Edition,"Action, Adventure","Action, Adventure, Crime, Open World, Story Rich, Sexual Content, Singleplayer, Nudity, Violent, Third Person, Noir, Third-Person Shooter, Gore, Shooter, Atmospheric, Great Soundtrack, Action-Adventure, Classic, Remake, Multiplayer","Single-player, Steam Achievements, Full controller support, Steam Trading Cards, Family Sharing",74.08,"19 May, 2020",38266,28346,9920,7000,Action Adventure,,,
333,1203220,NARAKA: BLADEPOINT,"Action, Adventure, Massively Multiplayer, Free To Play","Battle Royale, Multiplayer, Martial Arts, PvP, Action, Character Customization, Female Protagonist, Massively Multiplayer, Fighting, Survival, Third Person, Swordplay, Hack and Slash, Free to Play, Anime, Adventure, Parkour, Violent, Gore, Open World","Multi-player, PvP, Online PvP, Steam Achievements, Steam Trading Cards, In-App Purchases, Partial Controller Support, HDR available",73.34,"11 Aug, 2021",302312,221715,80597,0,Action Adventure,,,
334,880940,Pummel Party,"Action, Casual, Indie","Multiplayer, Funny, 4 Player Local, Online Co-Op, Party Game, Board Game, Minigames, Local Multiplayer, Co-op, Casual, Party, Local Co-Op, Action, Comedy, Indie, Tabletop, Controller, Gore, Colorful, Singleplayer","Single-player, Multi-player, PvP, Online PvP, Shared/Split Screen PvP, Shared/Split Screen, Steam Achievements, Full controller support, Steam Workshop, Includes level editor, Remote Play on Phone, Remote Play on Tablet, Remote Play on TV, Remote Play Together, Family Sharing",88.56,"20 Sep, 2018",57695,51094,6601,16500,Action Adventure,,,
335,1244460,Jurassic World Evolution 2,"Simulation, Strategy","Dinosaurs, Building, Management, Simulation, Sandbox, Singleplayer, Strategy, City Builder, Economy, Resource Management, Open World, Sci-fi, Multiplayer, Violent, Atmospheric, Action, Sequel, Survival, Base Building, Casual","Single-player, Steam Achievements, Full controller support, Steam Cloud, Stats, HDR available, Family Sharing",90.34,"9 Nov, 2021",46910,42377,4533,18300,Simulation,,,
336,367520,Hollow Knight,"Action, Adventure, Indie","Metroidvania, Platformer, Souls-like, Difficult, Great Soundtrack, 2D, Indie, Singleplayer, Exploration, Atmospheric, Adventure, Story Rich, Hand-drawn, Multiple Endings, Action, Dark Fantasy, Open World, Cute, Controller, Side Scroller","Single-player, Steam Achievements, Full controller support, Steam Trading Cards, Steam Cloud, Remote Play on Phone, Remote Play on Tablet, Remote Play on TV, Family Sharing",96.91,"24 Feb, 2017",557653,540441,17212,16500,Action Adventure,,,
337,2231380,Tom Clancy's Ghost Recon® Breakpoint,"Action, Adventure","Realistic, Violent","Single-player, Multi-player, Co-op, Online Co-op, Steam Achievements, Captions available, DualShock Controller Support, DualShock Controller Support, DualSense Controller Support, DualSense Controller Support, Partial Controller Support, HDR available",72.85,"23 Jan, 2023",46508,33879,12629,65000,Action Adventure,,,
338,3787240,MARVEL Tōkon: Fighting Souls,"Action, Casual","Action, 2D Fighter, Casual, Arcade, eSports, Spectacle fighter, 2.5D, 2D, 3D, Anime, Comic Book, Colorful, Combat, Score Attack, Story Rich, Team-Based, Local Multiplayer, Multiplayer, Singleplayer, Fighting","Single-player, Multi-player, PvP, Online PvP, Shared/Split Screen PvP, Shared/Split Screen, Cross-Platform Multiplayer, Steam Achievements, DualShock Controller Support, DualShock Controller Support, DualSense Controller Support, DualSense Controller Support, Partial Controller Support, Steam Cloud, Stats, Family Sharing",46.76,"6 Aug, 2026",6033,2821,3212,69800,Action Adventure,,,
339,1361210,"Warhammer 40,000: Darktide","Action, Adventure, RPG","Co-op, PvE, FPS, Class-Based, Combat, Gore, Action RPG, Violent, Atmospheric, Horror, Realistic, Character Customization, Co-op Campaign, First-Person, Crafting, Zombies, Dark, Shooter, Action, RPG","Multi-player, Co-op, Online Co-op, Cross-Platform Multiplayer, Steam Achievements, Captions available, In-App Purchases, Partial Controller Support, Family Sharing",71.67,"30 Nov, 2022",137782,98751,39031,44000,RPG,,,
340,3511030,Mini Cozy Room: Lo-Fi,"Casual, Indie","Cozy, Idler, Music, Pixel Graphics, Character Customization, Utilities, Relaxing, Indie, Casual, Desktop Companion, Singleplayer, Family Friendly, Multiplayer, Cute","Single-player, Multi-player, Co-op, Online Co-op, Steam Achievements, Steam Cloud, Family Sharing",96.82,"30 Mar, 2025",3617,3502,115,4900,RPG,,,
342,2379780,Balatro,"Casual, Indie, Strategy","Card Game, Roguelike, Roguelike Deckbuilder, Deckbuilding, Singleplayer, Strategy, Pixel Graphics, Replay Value, Roguelite, Indie, Turn-Based, Casual, Card Battler, Difficult, 2D, Choices Matter, Relaxing, Turn-Based Strategy, Arcade, Procedural Generation","Single-player, Steam Achievements, Full controller support, Steam Trading Cards, Color Alternatives, Custom Volume Controls, Mouse Only Option, Playable without Timed Input, DualSense Controller Support, DualSense Controller Support, Touch Only Option, Steam Cloud, Family Sharing",97.85,"20 Feb, 2024",197169,192921,4248,16500,Strategy,,,
343,223750,DCS World Steam Edition,"Simulation, Free To Play","Simulation, Flight, Free to Play, Military, Multiplayer, Realistic, VR, War, Open World, Singleplayer, Shooter, Action, Co-op, Sandbox, TrackIR, First-Person, Tanks, Strategy, FPS, Massively Multiplayer","Single-player, Multi-player, PvP, Online PvP, LAN PvP, Co-op, Online Co-op, LAN Co-op, Tracked Controller Support, VR Supported, Captions available, VR Support, Camera Comfort, Color Alternatives, Custom Volume Controls, Adjustable Difficulty, Keyboard Only Option, Mouse Only Option, Playable without Timed Input, Save Anytime, Stereo Sound, Surround Sound, Touch Only Option, Partial Controller Support, Includes level editor",85.02,"2 Aug, 2013",40936,34803,6133,0,Simulation,,,
344,411950,DCS: F/A-18C,Simulation,"Simulation, Military, VR, Flight, Realistic","Single-player, Multi-player, Downloadable Content, Captions available, VR Support, Partial Controller Support, Includes level editor",93.12,"1 Jun, 2018",1076,1002,74,115000,Simulation,,,
346,1364780,Street Fighter??6,"Action, Adventure","2D Fighter, Fighting, Arcade, Character Customization, Multiplayer, Action, PvP, Competitive, Adventure, Local Multiplayer, eSports, Singleplayer, Controller, Martial Arts, Open World, 3D, Action RPG, Great Soundtrack, Female Protagonist, Anime","Single-player, Multi-player, PvP, Online PvP, Shared/Split Screen PvP, Shared/Split Screen, Cross-Platform Multiplayer, Steam Achievements, Steam Trading Cards, In-App Purchases, Camera Comfort, Custom Volume Controls, Adjustable Difficulty, Keyboard Only Option, Save Anytime, Stereo Sound, Surround Sound, Partial Controller Support, Steam Cloud, Family Sharing",82.24,"1 Jun, 2023",78691,64717,13974,44800,Action Adventure,,,
347,242760,The Forest,"Action, Adventure, Indie, Simulation","Open World Survival Craft, Survival, Horror, Open World, Crafting, Adventure, Building, Survival Horror, First-Person, Action, Exploration, Sandbox, Singleplayer, Atmospheric, Simulation, Gore, Realistic, Indie, Zombies, Early Access","Single-player, Multi-player, Co-op, Online Co-op, LAN Co-op, Tracked Controller Support, VR Supported, Partial Controller Support, Steam Cloud, Family Sharing",95.53,"30 Apr, 2018",680334,649925,30409,20500,Simulation,,,
348,1113000,Persona 4 Golden,RPG,"JRPG, Great Soundtrack, Story Rich, Anime, Turn-Based Combat, RPG, Singleplayer, Party-Based RPG, Mystery, Multiple Endings, Emotional, Turn-Based Strategy, Detective, Dating Sim, Colorful, Adventure, Strategy, Visual Novel, Violent, Turn-Based","Single-player, Steam Achievements, Full controller support, Steam Trading Cards, DualShock Controller Support, DualShock Controller Support, DualSense Controller Support, DualSense Controller Support, Steam Cloud, Family Sharing",97.05,"13 Jun, 2020",86887,84320,2567,9900,RPG,,,
349,632360,Risk of Rain 2,"Action, Indie","Third-Person Shooter, Action Roguelike, Multiplayer, Co-op, Roguelike, Roguelite, Action, Looter Shooter, Loot, Online Co-Op, Shooter, Great Soundtrack, Difficult, Indie, Third Person, Survival, Singleplayer, Soundtrack, Early Access, Bullet Hell","Single-player, Multi-player, PvP, Online PvP, Co-op, Online Co-op, Full controller support, Steam Trading Cards, Adjustable Text Size, Camera Comfort, Custom Volume Controls, Adjustable Difficulty, Stereo Sound, Surround Sound, Steam Cloud, Steam Leaderboards, Remote Play on Phone, Remote Play on Tablet, Remote Play on TV, Family Sharing",93.81,"11 Aug, 2020",351524,329771,21753,26000,Shooting Game,,,
350,2526380,Sword of Convallaria,"RPG, Strategy, Free To Play","Free to Play, JRPG, Tactical RPG, Turn-Based Tactics, Pixel Graphics, Strategy, RPG, Turn-Based Strategy, Turn-Based Combat, Story Rich, Lore-Rich, Anime, Multiple Endings, Gambling, Singleplayer, 1980s, 1990's, Retro, Co-op, Multiplayer","Single-player, Full controller support, In-App Purchases, DualShock Controller Support, DualShock Controller Support, DualSense Controller Support, DualSense Controller Support, Family Sharing",75.2,"31 Jul, 2024",4787,3600,1187,0,Strategy,,,
352,3293260,Waterpark Simulator,"Casual, Indie, Simulation","Simulation, Management, Multiplayer, Singleplayer, Co-op, Economy, Sandbox, Building, Immersive Sim, Capitalism, Life Sim, Funny, First-Person, Crafting, Comedy, Base Building, Inventory Management, Physics, Casual, 3D","Single-player, Multi-player, Co-op, Online Co-op, Steam Achievements, Full controller support, DualShock Controller Support, DualShock Controller Support, DualSense Controller Support, DualSense Controller Support, Steam Cloud, Family Sharing",96.31,"31 Jul, 2026",13025,12544,481,14000,Simulation,,,
353,312520,Rain World,"Action, Adventure, Indie","Difficult, Atmospheric, Survival, Exploration, Indie, Pixel Graphics, Platformer, 2D, Open World, Post-apocalyptic, Adventure, 2D Platformer, Metroidvania, Cute, Survival Horror, Singleplayer, Physics, Simulation, Action, Souls-like","Single-player, Multi-player, PvP, Shared/Split Screen PvP, Steam Achievements, Full controller support, Steam Trading Cards, Steam Workshop, Custom Volume Controls, Adjustable Difficulty, Keyboard Only Option, Stereo Sound, Steam Cloud, Remote Play on TV, Remote Play Together, Family Sharing",93.73,"28 Mar, 2017",56358,52824,3534,26900,Action Adventure,,,
354,251570,7 Days to Die,"Action, Adventure, Indie, RPG, Simulation, Strategy","Survival, Zombies, Multiplayer, Open World, Open World Survival Craft, Base Building, Post-apocalyptic, Online Co-Op, Voxel, Building, Exploration, Sandbox, FPS, Simulation, Horror, Tower Defense, Character Customization, Action, Strategy, Procedural Generation","Single-player, Multi-player, PvP, Online PvP, LAN PvP, Co-op, Online Co-op, LAN Co-op, Cross-Platform Multiplayer, Steam Achievements, Full controller support, Steam Trading Cards, DualShock Controller Support, DualShock Controller Support, DualSense Controller Support, DualSense Controller Support, Includes level editor, Remote Play on Tablet, Remote Play on TV, Family Sharing",87.14,"25 Jul, 2024",399261,347918,51343,47000,Simulation,,,
355,3672400,Farever,"Action, Adventure, RPG, Early Access","Early Access, Action, RPG, Online Co-Op, Action RPG, Adventure, Action-Adventure, Open World, Combat, Massively Multiplayer, Exploration, Platformer, Sandbox, Puzzle Platformer, Crafting, Loot, Character Customization, Fantasy, Multiplayer, Singleplayer","Single-player, Multi-player, MMO, Co-op, Online Co-op, Steam Achievements, Full controller support, In-App Purchases, Family Sharing",75.84,"6 May, 2026",9241,7008,2233,20000,Action Adventure,,,
357,1382330,Persona® 5 Strikers,"Action, Adventure","Anime, Hack and Slash, JRPG, Great Soundtrack, Adventure, Singleplayer, Story Rich, RPG, Action, Musou, Action-Adventure, Third Person, 3D, Action RPG, Colorful, Atmospheric, Funny, 3D Platformer, Simulation, 2D","Single-player, Steam Achievements, Full controller support, Steam Trading Cards, DualShock Controller Support, DualShock Controller Support, Family Sharing",86.83,"22 Feb, 2021",18177,15783,2394,20940,Action Adventure,,,
358,3937550,Yakuza Kiwami 3 & Dark Ties,"Action, Adventure, RPG","Violent, Realistic","Single-player, Steam Achievements, Full controller support, Steam Trading Cards, Adjustable Text Size, Camera Comfort, Color Alternatives, Custom Volume Controls, Adjustable Difficulty, DualShock Controller Support, DualShock Controller Support, DualSense Controller Support, DualSense Controller Support, Steam Input API Support, Stereo Sound, Subtitle Options, Surround Sound, Steam Cloud, Family Sharing",62.53,"11 Feb, 2026",3352,2096,1256,41880,RPG,,,
359,3717330,Yakuza Kiwami,"Action, Adventure, RPG","Violent, Realistic","Single-player, Steam Achievements, Full controller support, Steam Trading Cards, Adjustable Difficulty, DualShock Controller Support, DualShock Controller Support, DualSense Controller Support, DualSense Controller Support, Steam Input API Support, Stereo Sound, Surround Sound, Steam Cloud, Family Sharing",82.15,"11 Dec, 2025",1339,1100,239,2100,RPG,,,
360,1295660,Sid Meier's Civilization VII,"Simulation, Strategy","Grand Strategy, Historical, Strategy, Military, 4X, City Builder, Diplomacy, Simulation, Multiplayer, Economy, War, Turn-Based Tactics, Turn-Based Strategy, Tactical, Singleplayer, Hex Grid, Alternate History, Political Sim, Stylized, PvP","Single-player, Multi-player, PvP, Online PvP, LAN PvP, Cross-Platform Multiplayer, Steam Achievements, Full controller support, Steam Trading Cards, Steam Workshop, Adjustable Text Size, Camera Comfort, Chat Text-to-speech, Color Alternatives, Custom Volume Controls, Adjustable Difficulty, Mouse Only Option, Narrated Game Menus, Playable without Timed Input, DualShock Controller Support, DualShock Controller Support, DualSense Controller Support, DualSense Controller Support, Save Anytime, Steam Input API Support, Stereo Sound, Surround Sound, Touch Only Option, HDR available, Family Sharing",48.41,"10 Feb, 2025",58377,28261,30116,83000,Strategy,,,
361,1222670,The Sims??4,"Adventure, Casual, Simulation, Free To Play","Life Sim, Free to Play, Character Customization, Building, Simulation, Romance, Singleplayer, Sandbox, Dating Sim, Casual, Relaxing, Realistic, Funny, Family Friendly, Immersive Sim, Cute, Fantasy, Adventure, Cartoony, Nudity","Single-player, Steam Trading Cards, In-App Purchases, Mouse Only Option, Playable without Timed Input, Save Anytime, Stereo Sound, Surround Sound, Remote Play on Tablet",86.37,"18 Jun, 2020",199166,172011,27155,0,Simulation,,,
363,2670630,Supermarket Simulator,"Casual, Indie, Simulation","Simulation, Management, Multiplayer, Economy, Singleplayer, Trading, First-Person, Immersive Sim, Life Sim, Building, Capitalism, Resource Management, 3D, Sandbox, Realistic, Inventory Management, Casual, Indie, Co-op, Early Access","Single-player, Multi-player, Co-op, Online Co-op, Steam Achievements, Full controller support, Steam Cloud, Family Sharing",92.06,"19 Jun, 2025",83706,77057,6649,21500,Simulation,,,
364,3762660,Trials Survivors,"Action, Casual, Indie, RPG, Early Access","Early Access, Bullet Heaven, Hack and Slash, Action Roguelike, Bullet Hell, Roguelite, Roguelike, RPG, Singleplayer, Survival, 3D, Fantasy, Isometric, Top-Down, Stylized, Traditional Roguelike, Action, Dark Fantasy, Casual, PvE","Single-player, Full controller support, Playable without Timed Input, DualSense Controller Support, DualSense Controller Support, Stereo Sound, Surround Sound, Steam Cloud, Family Sharing",84.83,"8 Jun, 2026",435,369,66,10500,RPG,,,
365,325610,Total War: ATTILA,Strategy,"Strategy, Historical, War, Turn-Based Strategy, Grand Strategy, RTS, Tactical, Rome, Multiplayer, Singleplayer, Real Time Tactics, Medieval, Co-op, Atmospheric, Action, Turn-Based, Simulation, Survival, Open World, Adventure","Single-player, Multi-player, PvP, Online PvP, LAN PvP, Co-op, Online Co-op, LAN Co-op, Steam Achievements, Steam Trading Cards, Camera Comfort, Custom Volume Controls, Adjustable Difficulty, Playable without Timed Input, Save Anytime, Stereo Sound, Surround Sound, Steam Cloud, Family Sharing",82.44,"17 Feb, 2015",37620,31014,6606,9000,Strategy,,,
366,3097560,Liar's Bar,"Casual, Indie, Simulation, Strategy, Early Access","Multiplayer, Casual, PvP, Online Co-Op, Co-op, Indie, Funny, FPS, 3D, First-Person, Tabletop, Dark, Puzzle, Board Game, Strategy, Horror, VR, Gore, Early Access, Simulation","Multi-player, PvP, Online PvP, Co-op, Online Co-op, Family Sharing",89.59,"2 Oct, 2024",56139,50297,5842,7800,Strategy,,,
368,1721470,Poppy Playtime,"Action, Adventure, Indie","Horror, Singleplayer, Free to Play, Puzzle, First-Person, Survival Horror, Dark, Psychological Horror, Mystery, Survival, Indie, Adventure, Atmospheric, Lore-Rich, Thriller, 1980s, Action, Cartoony, Action-Adventure, Physics","Single-player, Family Sharing",87.96,"12 Oct, 2021",141530,124494,17036,0,Action Adventure,,,
369,4026250,Project P.I.T.T.,"Action, Casual, Indie, Simulation","Physics, Incremental, Sandbox, Capitalism, Automation, First-Person, 3D, Dark Comedy, Satire, Casual, Simulation, Pixel Graphics, Stylized, Singleplayer, Action, Indie, Psychological Horror, Conspiracy, Relaxing, Underground","Single-player, Steam Achievements, Full controller support, Adjustable Text Size, Camera Comfort, Custom Volume Controls, Playable without Timed Input, DualShock Controller Support, DualShock Controller Support, DualSense Controller Support, DualSense Controller Support, Save Anytime, Stereo Sound, Steam Cloud, Family Sharing",85,"19 Aug, 2026",100,85,15,8920,Simulation,,,
370,735730,Darkest Dungeon®: The Color Of Madness,"Indie, RPG, Strategy","Strategy, RPG, Indie, Lovecraftian, Difficult, Roguelike, Horror, Singleplayer, Turn-Based Combat","Single-player, Downloadable Content, Steam Achievements, Steam Workshop, Partial Controller Support, Steam Cloud, Family Sharing",67.62,"19 Jun, 2018",1019,689,330,2850,RPG,,,
372,1617400,The Bazaar,Strategy,"Strategy, Auto Battler, Deckbuilding, Card Battler, Card Game, Asynchronous Multiplayer, PvP, PvE, Multiplayer, Fantasy, Sci-fi, Capitalism, Economy, Adventure, Family Friendly, Tactical, Futuristic, Combat, Choose Your Own Adventure, Colorful","Single-player, Multi-player, PvP, Online PvP, In-App Purchases, Custom Volume Controls, Playable without Timed Input, Save Anytime, Stereo Sound",70.47,"13 Aug, 2025",15441,10882,4559,21500,Strategy,,,
373,3282420,Zoominoes,"Indie, Strategy","Roguelike Deckbuilder, Deckbuilding, Card Game, Roguelite, Roguelike, Strategy, Singleplayer, Turn-Based Tactics, Solitaire, PvE, Zoo, Animals, 2.5D, Cartoony, Colorful, Indie, Card Battler, Nature, Family Friendly, Cute","Single-player, Steam Achievements, Steam Cloud, Family Sharing",93.16,"30 Jul, 2026",424,395,29,16000,Strategy,,,
374,625960,Stoneshard,"Adventure, Indie, RPG, Strategy, Early Access","RPG, Roguelike, Pixel Graphics, Strategy, Survival, Open World Survival Craft, Turn-Based, Procedural Generation, 2D, Singleplayer, Dungeon Crawler, Turn-Based Combat, Dark Fantasy, Medieval, Difficult, Indie, Sandbox, Replay Value, Open World, Early Access","Single-player, Steam Achievements, Captions available, Steam Cloud, Remote Play on Phone, Remote Play on Tablet, Family Sharing",74.63,"6 Feb, 2020",35414,26429,8985,24000,RPG,,,
376,1436990,Feign,"Casual, Indie, RPG, Strategy","Multiplayer, Social Deduction, Online Co-Op, RPG, Survival, Party Game, Mystery, Party-Based RPG, Casual, Strategy, Investigation, Cute, PvP, Co-op, Cartoony, Colorful, Funny, Minigames, Psychological, Cartoon","Multi-player, PvP, Online PvP, Co-op, Online Co-op, Steam Achievements, In-App Purchases, Color Alternatives, Custom Volume Controls, Family Sharing",91.18,"22 Nov, 2025",6317,5760,557,3020,RPG,,,
377,2325832,Total War: WARHAMMER III - Elspeth ??Thrones of Decay,"Action, Strategy","Strategy, Turn-Based Strategy, Grand Strategy, Action, RTS, Fantasy, Real Time Tactics, Dark Fantasy, War, Tactical, Atmospheric, Multiplayer, Colorful, PvP, Co-op, Story Rich, Singleplayer, Online Co-Op","Single-player, Multi-player, PvP, Online PvP, LAN PvP, Co-op, Online Co-op, LAN Co-op, Downloadable Content, Family Sharing",85.76,"30 Apr, 2024",1334,1144,190,4500,Strategy,,,
378,214950,Total War: ROME II - Emperor Edition,Strategy,"Strategy, Historical, Turn-Based Strategy, Grand Strategy, Rome, Tactical, War, Multiplayer, RTS, Real Time Tactics, Turn-Based, Singleplayer, Online Co-Op, Simulation, Turn-Based Tactics, Co-op, Moddable, Action, Atmospheric, Education","Single-player, Multi-player, PvP, Online PvP, LAN PvP, Co-op, Online Co-op, LAN Co-op, Steam Trading Cards, Camera Comfort, Custom Volume Controls, Adjustable Difficulty, Playable without Timed Input, Save Anytime, Stereo Sound, Surround Sound, Steam Cloud, Family Sharing",87.55,"2 Sep, 2013",88007,77046,10961,11960,Strategy,,,
380,1129580,Medieval Dynasty,"Action, Adventure, Indie, RPG, Simulation","Building, Crafting, Multiplayer, Medieval, Survival, Co-op, Open World, Base Building, Sandbox, Immersive Sim, RPG, Singleplayer, Simulation, Management, Atmospheric, Realistic, First-Person, Adventure, Historical, Agriculture","Single-player, Multi-player, Co-op, Online Co-op, Steam Achievements, Full controller support, Steam Trading Cards, Camera Comfort, Custom Volume Controls, Adjustable Difficulty, Playable without Timed Input, Save Anytime, Stereo Sound, Surround Sound, Steam Cloud, Family Sharing",90.38,"23 Sep, 2021",51969,46970,4999,27900,Simulation,,,
382,3451980,Soul's Remnant,"Adventure, Casual, Indie, Massively Multiplayer, RPG, Free To Play, Early Access","Early Access, Massively Multiplayer, MMORPG, Party-Based RPG, Character Customization, Team-Based, 2D Platformer, Platformer, Side Scroller, Hack and Slash, Crafting, Magic, Pixel Graphics, RPG, Fishing, PvE, Fantasy, Casual, Surreal, Base Building","Multi-player, MMO, Co-op, Online Co-op, Cross-Platform Multiplayer, Steam Achievements, Full controller support, In-App Purchases, DualShock Controller Support, DualShock Controller Support, DualSense Controller Support, DualSense Controller Support, Family Sharing",76.22,"13 Aug, 2026",761,580,181,0,RPG,,,
383,1392840,RimWorld - Ideology,"Indie, Simulation, Strategy","Colony Sim, Base Building, Survival, Strategy, Simulation, Management, Moddable, Sci-fi, Singleplayer, Sandbox, Story Rich, Replay Value, Indie, Procedural Generation, Tactical RPG, Open World, 2D, City Builder, Building, Atmospheric","Single-player, Downloadable Content, Steam Workshop, Steam Cloud, Family Sharing",82.92,"20 Jul, 2021",3496,2899,597,21500,Simulation,,,
384,1733690,Mandate Order,"Indie, Simulation, Strategy, Early Access","Early Access, Strategy, City Builder, Simulation, Indie, Building, Wargame, Historical, Military, Base Building, Resource Management, Singleplayer, RTS, Management, Medieval, Sandbox, War, Grand Strategy, 4X, Strategy RPG","Single-player, Steam Achievements, Camera Comfort, Custom Volume Controls, Adjustable Difficulty, Mouse Only Option, #category_playable_at_your_own_pace, Playable without Timed Input, Save Anytime, Steam Cloud, Family Sharing",77.19,"11 Aug, 2026",741,572,169,18270,Strategy,,,
386,3679080,The Seven Deadly Sins: Origin,"Action, Adventure, Massively Multiplayer, RPG, Simulation, Free To Play","Open World, Free to Play, Anime, Multiplayer, RPG, Adventure, Online Co-Op, Action, Combat, Story Rich, Singleplayer, 3D, Action RPG, PvE, Hack and Slash, Action-Adventure, Animation & Modeling, Emotional, Third Person, Fantasy","Single-player, Multi-player, Co-op, Online Co-op, Cross-Platform Multiplayer, Full controller support, In-App Purchases, Custom Volume Controls, Adjustable Difficulty, DualSense Controller Support, Save Anytime, Subtitle Options, Family Sharing",60.14,"16 Mar, 2026",15533,9342,6191,0,Action Adventure,,,
387,1149640,RimWorld - Royalty,"Indie, Simulation, Strategy","Colony Sim, Base Building, Survival, Strategy, Simulation, Management, Singleplayer, Sci-fi, Sandbox, Moddable, Story Rich, Replay Value, Indie, Procedural Generation, Tactical RPG, Open World, City Builder, 2D, Building, Atmospheric","Single-player, Downloadable Content, Steam Workshop, Steam Cloud, Family Sharing",83.93,"24 Feb, 2020",2608,2189,419,21500,Simulation,,,
389,2008980,XENOTILT: HOSTILE PINBALL ACTION,"Action, Indie","Pinball, Arcade, Action, Bullet Hell, Indie, Fast-Paced, Difficult, Pixel Graphics, Horror, Sci-fi, Shoot 'Em Up, Hack and Slash","Single-player, Steam Achievements, Full controller support, Steam Trading Cards, DualShock Controller Support, DualShock Controller Support, DualSense Controller Support, DualSense Controller Support, Steam Cloud, Stats, Steam Leaderboards, Family Sharing",97.01,"12 Nov, 2024",770,747,23,15050,Action Adventure,,,
390,3315530,Crusader Kings III: All Under Heaven,"RPG, Simulation, Strategy","Strategy, Medieval, Grand Strategy, Simulation, RPG, Historical, Management, Character Customization, Life Sim, RTS, Sandbox, Choices Matter, War, Singleplayer, 4X, Economy, Moddable, Multiplayer, Real-Time with Pause","Single-player, Multi-player, PvP, Online PvP, Downloadable Content, Steam Achievements, Steam Trading Cards, Steam Workshop, Steam Cloud, Remote Play on Tablet, Family Sharing",68.11,"28 Oct, 2025",2176,1482,694,24750,Strategy,,,
391,431730,Aseprite,"Animation & Modeling, Design & Illustration, Game Development","Pixel Graphics, Design & Illustration, Animation & Modeling, Software, Game Development, Utilities, 2D, Indie, Retro, Cute, Singleplayer, Difficult, Souls-like, Survival Horror, Funny, Colorful",Family Sharing,98.95,"22 Feb, 2016",26619,26340,279,21000,RPG,,,
392,2958130,Jurassic World Evolution 3,"Simulation, Strategy","Simulation, Dinosaurs, Strategy, Sandbox, City Builder, Sequel, Management, Action, Resource Management, Economy, Atmospheric, Sci-fi, Survival, Base Building, Singleplayer, Building, Open World, Multiplayer, Violent, Artificial Intelligence","Single-player, Steam Achievements, Full controller support, Steam Trading Cards, Camera Comfort, Color Alternatives, #category_contrast_controls, Custom Volume Controls, #category_playable_at_your_own_pace, Playable without Timed Input, Save Anytime, Stereo Sound, Subtitle Options, Surround Sound, Steam Cloud, HDR available, Family Sharing",93.38,"21 Oct, 2025",13132,12263,869,63000,Simulation,,,
393,1096900,RPG Maker MZ,"RPG, Design & Illustration, Education, Web Publishing, Game Development","RPG, Game Development, Anime, JRPG, 2D, Singleplayer, Party-Based RPG, Top-Down, Design & Illustration, Software, Pixel Graphics, Education, Fantasy, Magic, Story Rich, Hentai, MMORPG","Steam Workshop, Partial Controller Support",85.39,"27 Aug, 2020",2334,1993,341,84000,RPG,,,
394,220200,Kerbal Space Program,"Indie, Simulation","Space, Simulation, Sandbox, Physics, Science, Space Sim, Building, Moddable, Education, Indie, Singleplayer, Open World, Exploration, Funny, Sci-fi, Difficult, Adventure, Strategy, Replay Value, Comedy","Single-player, Steam Trading Cards, Steam Workshop, Partial Controller Support, Steam Cloud, Family Sharing",95.58,"27 Apr, 2015",146078,139623,6455,49500,Simulation,,,
395,1159830,Scene Investigators,"Adventure, Indie","Investigation, Mystery, Detective, Puzzle, Logic, Crime, Realistic, Exploration, Immersive Sim, Atmospheric, Singleplayer, Modern, First-Person, 3D, Adventure, Indie, Difficult, Thriller, Futuristic, Walking Simulator","Single-player, Steam Achievements, Partial Controller Support, Steam Cloud, Family Sharing",75.22,"24 Oct, 2023",1025,771,254,27000,Action Adventure,,,
396,2695940,PANICORE,"Action, Adventure, Indie","Horror, Online Co-Op, Multiplayer, Psychological Horror, First-Person, PvE, Co-op, Stealth, Action Roguelike, Singleplayer, Action-Adventure, Action, Atmospheric, Roguelite, Survival, Psychological, Casual, Dark, Adventure, Indie","Single-player, Multi-player, Co-op, Online Co-op, Steam Achievements, Steam Cloud, Family Sharing",78.87,"31 May, 2024",12882,10160,2722,8500,Action Adventure,,,
398,3091140,Lootbound,"Adventure, Casual, Indie, RPG, Strategy","Strategy, Roguelike, Turn-Based Combat, Inventory Management, Pixel Graphics, Dungeon Crawler, Roguelite, RPG, Loot, Turn-Based Strategy, Character Customization, Turn-Based, Strategy RPG, Adventure, Fantasy, Choices Matter, Procedural Generation, Singleplayer, Tactical, Casual","Single-player, Steam Achievements, Full controller support, Custom Volume Controls, Mouse Only Option, #category_playable_at_your_own_pace, Playable without Timed Input, DualShock Controller Support, DualSense Controller Support, DualSense Controller Support, Stereo Sound, Steam Cloud, Stats, Family Sharing",83.35,"14 Aug, 2026",967,806,161,13000,RPG,,,
399,1605850,ZeroSpace,"Action, Indie, Massively Multiplayer, RPG, Simulation, Strategy, Early Access","Early Access, Action RTS, Wargame, Real Time Tactics, RTS, PvE, City Builder, PvP, Strategy RPG, Story Rich, Action RPG, Base Building, Grand Strategy, Strategy, RPG, Isometric, Economy, Military, Robots, Survival","Single-player, Multi-player, MMO, PvP, Online PvP, Co-op, Online Co-op, Camera Comfort, Custom Volume Controls, Adjustable Difficulty, Mouse Only Option, Playable without Timed Input, Stereo Sound, Subtitle Options, Touch Only Option, Family Sharing",81.6,"20 Jul, 2026",1272,1038,234,41000,Strategy,,,
401,648100,Raging Loop,"Adventure, Indie","Visual Novel, Mystery, Adventure, Indie, Psychological Horror, Story Rich, Detective, Psychological, Atmospheric, Gore, Violent, Singleplayer, Anime, Horror, Multiple Endings, Sexual Content, Time Travel, Dating Sim, Werewolves, Choices Matter","Single-player, Partial Controller Support, Family Sharing",95.6,"23 Aug, 2017",10721,10249,472,9600,Action Adventure,,,
402,3008130,Dying Light: The Beast,"Action, Adventure, RPG","Zombies, Open World, Multiplayer, First-Person, Horror, Parkour, Action, Co-op Campaign, Gore, Singleplayer, Post-apocalyptic, Exploration, Story Rich, RPG, Combat, Action-Adventure, Violent, Realistic, Adventure, Action RPG","Single-player, Multi-player, Co-op, Online Co-op, Steam Achievements, Full controller support, DualShock Controller Support, DualShock Controller Support, DualSense Controller Support, DualSense Controller Support, Steam Cloud, Remote Play on TV, Family Sharing",86.57,"18 Sep, 2025",70686,61193,9493,65800,Action Adventure,,,
403,813780,Age of Empires II: Definitive Edition,Strategy,"Strategy, RTS, City Builder, Multiplayer, Base Building, Historical, Singleplayer, Medieval, Resource Management, Classic, Tactical, Real-Time, Co-op, Remake, 2D, Isometric, Replay Value, Action, Great Soundtrack, Adventure","Single-player, Multi-player, PvP, Online PvP, LAN PvP, Co-op, Online Co-op, LAN Co-op, Cross-Platform Multiplayer, Steam Achievements, Steam Trading Cards, Adjustable Text Size, Color Alternatives, Custom Volume Controls, Adjustable Difficulty, Mouse Only Option, Narrated Game Menus, #category_playable_at_your_own_pace, Playable without Timed Input, Save Anytime, Steam Cloud, Includes level editor, Family Sharing",94.92,"14 Nov, 2019",181610,172389,9221,36500,Strategy,,,
404,8500,EVE Online,"Action, Massively Multiplayer, RPG, Strategy, Free To Play","Space Sim, Exploration, Open World, Adventure, Difficult, Space, Simulation, Trading, Sandbox, Massively Multiplayer, Co-op, PvE, Third Person, Mining, Lore-Rich, Character Customization, Sci-fi, Economy, Strategy, PvP","Multi-player, MMO, PvP, Online PvP, Co-op, Online Co-op, Steam Trading Cards, Adjustable Text Size, Color Alternatives, Custom Volume Controls, Stereo Sound, Surround Sound, Family Sharing",73.38,"15 Dec, 2010",39300,28838,10462,0,Strategy,,,
405,392110,ENDLESS Space??2,Strategy,"Strategy, Space, Sci-fi, 4X, Turn-Based Strategy, Multiplayer, Turn-Based, Grand Strategy, Great Soundtrack, Singleplayer, Action, Open World, War, Atmospheric, Moddable, Co-op, Sandbox, RPG, Indie, RTS","Single-player, Multi-player, PvP, Online PvP, Cross-Platform Multiplayer, Steam Achievements, Steam Trading Cards, Steam Workshop, Steam Cloud, Remote Play on Tablet, Family Sharing",83.35,"18 May, 2017",23013,19181,3832,8600,Strategy,,,
406,1067360,Pax Autocratica,"Action, Indie, Simulation, Early Access","Early Access, Colony Sim, Action Roguelike, Base Building, Survival, Vehicular Combat, Management, Roguelite, Crafting, Bullet Hell, Automation, Mechs, Dark Humor, Military, PvE, Building, Action-Adventure, Action RPG, Strategy, 3D","Single-player, Full controller support, Custom Volume Controls, Adjustable Difficulty, DualShock Controller Support, DualShock Controller Support, DualSense Controller Support, DualSense Controller Support, Save Anytime, Stereo Sound, Surround Sound, Steam Cloud, Family Sharing",92.11,"10 Aug, 2026",2369,2182,187,25730,Simulation,,,
407,2853730,Skull and Bones,"Action, RPG",Realistic,"Single-player, Multi-player, PvP, Online PvP, Co-op, Online Co-op, Steam Achievements, Full controller support, Captions available, In-App Purchases, DualShock Controller Support, DualShock Controller Support, DualSense Controller Support, DualSense Controller Support, HDR available",66.4,"22 Aug, 2024",4747,3152,1595,3100,RPG,,,
408,2780810,Euro Truck Simulator 2 - Nordic Horizons,"Indie, Simulation","Simulation, Indie, Driving, Open World, Transportation, Multiplayer, Realistic, Singleplayer, Relaxing, Automobile Sim, Moddable, Online Co-Op","Single-player, Multi-player, Co-op, Online Co-op, Downloadable Content, Steam Achievements, Steam Trading Cards, Steam Workshop, Steam Input API Support, Partial Controller Support, Steam Cloud, Includes level editor, Remote Play on Phone, Remote Play on Tablet, Remote Play Together, Family Sharing",91.99,"27 Nov, 2025",1273,1171,102,20520,Simulation,,,
409,291550,Brawlhalla,"Action, Indie, Free To Play","Free to Play, Multiplayer, Fighting, 2D Fighter, 2D Platformer, Casual, Local Multiplayer, Platformer, Co-op, Controller, Action, Local Co-Op, Online Co-Op, Fantasy, 4 Player Local, eSports, Family Friendly, Cartoony, Singleplayer, Indie","Single-player, Multi-player, PvP, Online PvP, Shared/Split Screen PvP, Co-op, Online Co-op, Shared/Split Screen Co-op, Shared/Split Screen, Cross-Platform Multiplayer, Steam Achievements, Steam Trading Cards, DualShock Controller Support, DualShock Controller Support, DualSense Controller Support, DualSense Controller Support, Partial Controller Support, Remote Play on Phone, Remote Play on Tablet, Remote Play on TV, Remote Play Together",79.8,"17 Oct, 2017",411060,328015,83045,0,Action Adventure,,,
411,3205310,Darkest Dungeon® II: Inhuman Bondage,"Indie, RPG, Strategy","Turn-Based Tactics, Dungeon Crawler, Roguelite, Dark Fantasy, Lovecraftian, RPG, Singleplayer, Perma Death, Roguelike, CRPG, Turn-Based, Story Rich, Party-Based RPG, Hand-drawn, 2D, Gothic, Turn-Based Combat, Procedural Generation, Turn-Based Strategy, Stylized","Single-player, Downloadable Content, Steam Achievements, Steam Trading Cards, Steam Workshop, Partial Controller Support, Steam Cloud, Family Sharing",75.08,"27 Jan, 2025",325,244,81,7870,RPG,,,
412,1937780,Total War: PHARAOH,"Action, Strategy","Strategy, RTS, Grand Strategy, Tactical, Action, War, Multiplayer, Singleplayer, Atmospheric, Turn-Based Strategy, PvP, Historical, 4X, Capitalism, Management, Rome, Psychological Horror, Sexual Content","Single-player, Multi-player, PvP, Online PvP, Cross-Platform Multiplayer, Steam Achievements, Steam Trading Cards, Camera Comfort, Color Alternatives, Custom Volume Controls, Adjustable Difficulty, Playable without Timed Input, Save Anytime, Stereo Sound, Surround Sound, Family Sharing",63.03,"11 Oct, 2023",5407,3408,1999,7960,Strategy,,,
413,704850,Thief Simulator,"Action, Adventure, Indie, Simulation","Simulation, Singleplayer, Stealth, Crime, First-Person, Co-op, Open World, Adventure, Heist, Action, Indie, Sandbox, Funny, FPS, Realistic, Silent Protagonist, Exploration, RPG, Atmospheric, Immersive Sim","Single-player, Steam Achievements, Partial Controller Support, Steam Cloud, Family Sharing",88.09,"9 Nov, 2018",39620,34903,4717,1930,Action Adventure,,,
414,1798010,Mega Man Battle Network Legacy Collection Vol. 1,"Action, RPG","RPG, Action, Action RPG, Pixel Graphics, Singleplayer, Deckbuilding, PvP, Retro, Trading, 2D, Science, PvE, JRPG, Anime, Classic, Sci-fi, Strategy, Story Rich","Single-player, Multi-player, PvP, Online PvP, Steam Achievements, Full controller support, Steam Trading Cards, Steam Cloud, Family Sharing",87.65,"13 Apr, 2023",1530,1341,189,49800,RPG,,,
415,838350,The Scroll of Taiwu : Beyond The Dome,"Adventure, Casual, Indie, RPG, Strategy","RPG, Martial Arts, Sandbox, Open World, Wuxia, Strategy, Indie, Singleplayer, Adventure, Simulation, Casual, Xianxia, Roguelite, Mythology, Early Access, Dating Sim, Building, Roguelike, 2D, Strategy RPG","Single-player, Steam Achievements, Steam Workshop, Remote Play on Tablet, Family Sharing",65.45,"16 Jun, 2026",70088,45870,24218,24800,RPG,,,
416,673750,Super Bunny Man,"Action, Indie","Platformer, Sandbox, Multiplayer, Co-op, Singleplayer, Funny, Online Co-Op, Local Co-Op, Physics, Comedy, Party, 2D Platformer, Casual, Puzzle Platformer, Memes, Action, Adventure, PvP, Local Multiplayer, Party Game","Single-player, Multi-player, PvP, Online PvP, Shared/Split Screen PvP, Co-op, Online Co-op, Shared/Split Screen Co-op, Shared/Split Screen, Full controller support, Gamepad Recommended, DualShock Controller Support, DualShock Controller Support, DualSense Controller Support, DualSense Controller Support, Steam Cloud, Remote Play on Phone, Remote Play on Tablet, Remote Play on TV, Remote Play Together, Family Sharing",85.16,"16 May, 2023",12314,10486,1828,15250,Action Adventure,,,
417,3314790,CloverPit,"Action, Adventure, Indie, Simulation, Sports, Strategy","Gambling, Roguelite, Roguelike, Psychological Horror, Strategy, First-Person, Horror, 3D, Dark Humor, Singleplayer, Psychological, Dark, Indie, Resource Management, Multiple Endings, Surreal, Simulation, Retro, Adventure, Action","Single-player, Steam Achievements, Full controller support, DualShock Controller Support, Steam Cloud, Family Sharing",90.18,"26 Sep, 2025",25624,23108,2516,11000,Strategy,,,
419,1805320,Romestead,"Action, Adventure, Indie, RPG, Early Access","Early Access, 2D, Crafting, Adventure, RPG, Survival, Procedural Generation, Top-Down, Cute, Action RPG, Base Building, Pixel Graphics, Open World Survival Craft, Online Co-Op, Sandbox, Building, Dungeon Crawler, Exploration, Indie, Open World","Single-player, Multi-player, Co-op, Online Co-op, LAN Co-op, Steam Cloud, Family Sharing",76.54,"25 May, 2026",4791,3667,1124,15000,RPG,,,
420,1794680,Vampire Survivors,"Action, Casual, Indie, RPG","Action Roguelike, Bullet Hell, Roguelite, Vampires, Pixel Graphics, 2D, Indie, Singleplayer, Casual, Arcade, Roguelike, Action, Local Co-Op, RPG, Controller, Score Attack, Retro, Dark Fantasy, Action RPG, Co-op","Single-player, Multi-player, Co-op, Online Co-op, Steam Achievements, Full controller support, Steam Trading Cards, Steam Cloud, Remote Play Together, Family Sharing",98.32,"20 Oct, 2022",264742,260299,4443,5000,RPG,,,
422,1913120,Tears of Metal,"Action, Indie, Early Access","Early Access, Action Roguelike, Hack and Slash, Musou, Medieval, Co-op, Difficult, Third Person, Dark Fantasy, Multiplayer, Fighting, Replay Value, Singleplayer, Roguelike, Action, Beat 'em up, Stylized, War, Online Co-Op, Roguelite","Single-player, Multi-player, Co-op, Online Co-op, Steam Achievements, Full controller support, DualShock Controller Support, DualSense Controller Support, Steam Cloud, Family Sharing",85.9,"22 Jul, 2026",2341,2011,330,26500,Action Adventure,,,
424,1801110,BOKURA,"Action, Adventure, Casual, Indie","Online Co-Op, Pixel Graphics, Adventure, Co-op, Psychological Horror, Action, 2D, Puzzle Platformer, Multiplayer, Story Rich, Cute, Action-Adventure, Emotional, Casual, Indie, Atmospheric, Local Co-Op, Local Multiplayer, Early Access, Puzzle","Multi-player, Co-op, Online Co-op, LAN Co-op, Full controller support, Gamepad Recommended, Family Sharing",91.53,"9 Aug, 2023",12949,11852,1097,6250,Action Adventure,,,
425,2408820,Luma Island,"Adventure, Casual, Indie, RPG, Simulation","Cozy, Farming Sim, Online Co-Op, Casual, Simulation, Crafting, Relaxing, Building, Exploration, Adventure, RPG, Co-op, Character Customization, Mining, Cute, Family Friendly, Open World, Multiplayer, Life Sim, Singleplayer","Single-player, Multi-player, Co-op, Online Co-op, Steam Achievements, Full controller support, Custom Volume Controls, Adjustable Difficulty, Playable without Timed Input, DualShock Controller Support, DualShock Controller Support, DualSense Controller Support, DualSense Controller Support, Save Anytime, Stereo Sound, Surround Sound, Steam Cloud, Stats, Family Sharing",84.16,"20 Nov, 2024",12642,10640,2002,20500,Simulation,,,
426,4148240,"Road to Empress ??""Adventure", Casual, Indie, RPG," Simulation""","FMV, Adventure, Choices Matter, Story Rich, Female Protagonist, Interactive Fiction, Casual, Sexual Content, RPG, Cinematic, Visual Novel, Artificial Intelligence, Indie, Simulation, Immersive Sim, Multiple Endings, Singleplayer, LGBTQ+, Strategy RPG","Single-player, Steam Achievements, In-App Purchases, Family Sharing",83.02,"8 Jun, 2026",9306,7726,1580,22000,RPG
427,457140,Oxygen Not Included,"Indie, Simulation","Colony Sim, Base Building, Survival, Resource Management, Building, Singleplayer, Management, 2D, Sandbox, Simulation, Strategy, Space, Indie, Sci-fi, Difficult, Exploration, Open World, Multiplayer, Adventure, Space Sim","Single-player, Steam Trading Cards, Family Sharing",96.72,"30 Jul, 2019",143385,138685,4700,26000,Simulation,,,
428,2288630,Taiko no Tatsujin: Rhythm Festival,Casual,"Casual, Rhythm, Multiplayer, Singleplayer, PvP, Music, Cute, Anime, Difficult, Arcade","Single-player, Multi-player, PvP, Online PvP, Shared/Split Screen PvP, Co-op, Shared/Split Screen Co-op, Shared/Split Screen, Steam Achievements, Full controller support, Steam Trading Cards, In-App Purchases, Gamepad Recommended, DualShock Controller Support, DualShock Controller Support, DualSense Controller Support, DualSense Controller Support, Steam Cloud, Steam Leaderboards, Family Sharing",84.23,"6 Nov, 2024",1598,1346,252,39900,MOBA,,,
429,305620,The Long Dark,"Adventure, Indie, Simulation, Strategy","Survival, Open World Survival Craft, Open World, Exploration, Atmospheric, Singleplayer, First-Person, Adventure, Crafting, Sandbox, Simulation, Post-apocalyptic, Indie, Walking Simulator, Survival Horror, Co-op, Strategy, Difficult, Action, Horror","Single-player, Steam Achievements, Full controller support, Steam Trading Cards, Steam Cloud, Remote Play on TV, Family Sharing",88.93,"1 Aug, 2017",123348,109697,13651,21500,Simulation,,,
430,1604270,Broken Arrow,Strategy,"Strategy, Wargame, Modern, RTS, Real Time Tactics, Action RTS, War, Tactical, Realistic, Deckbuilding, 3D, PvP, Multiplayer, Military, Artificial Intelligence, Resource Management, Singleplayer, Naval Combat, Tanks, Difficult","Single-player, Multi-player, PvP, Online PvP, Co-op, Online Co-op, Steam Achievements, Steam Trading Cards, Steam Workshop, Adjustable Text Size, Custom Volume Controls, Adjustable Difficulty, Mouse Only Option, Playable without Timed Input, Subtitle Options, Steam Cloud, Includes level editor",54.6,"19 Jun, 2025",34649,18919,15730,53000,Strategy,,,
431,2725260,ENDER MAGNOLIA: Bloom in the Mist,"Action, RPG","Metroidvania, 2D, Female Protagonist, Dark Fantasy, Singleplayer, Souls-like, Action RPG, RPG, Great Soundtrack, Action, Fantasy, Anime, Story Rich, Atmospheric, Medieval, Cute, Side Scroller, Platformer, Difficult, Indie","Single-player, Steam Achievements, Full controller support, Steam Trading Cards, Gamepad Recommended, Steam Cloud, Family Sharing",95.36,"22 Jan, 2025",18597,17734,863,14850,RPG,,,
432,2692990,DON'T SCREAM TOGETHER,"Casual, Simulation","Horror, Online Co-Op, Multiplayer, Survival Horror, Co-op, Realistic, Simulation, Jump Scare, Atmospheric, Casual, First-Person, Adventure, Exploration, 1990's, Immersive Sim, Walking Simulator, Dark, Violent, Gore, Demons","Multi-player, Co-op, Online Co-op, Steam Achievements, Full controller support, Camera Comfort, Custom Volume Controls, Adjustable Difficulty, Playable without Timed Input, Stereo Sound, Steam Cloud, Family Sharing",50.07,"3 Dec, 2025",2688,1346,1342,8900,Simulation,,,
433,702540,Darkest Dungeon®: The Shieldbreaker,"Indie, RPG, Strategy","RPG, Indie, Strategy, Linear, Conspiracy, Investigation, Dark Comedy, Crime, Dark Humor, Mod, Walking Simulator","Single-player, Downloadable Content, Steam Achievements, Steam Trading Cards, Steam Workshop, Partial Controller Support, Steam Cloud, Family Sharing",80.83,"26 Oct, 2017",626,506,120,2250,RPG,,,
434,1515210,The Past Within,"Adventure, Indie","Co-op, Puzzle, Online Co-Op, Multiplayer, Escape Room, Horror, Mystery, Point & Click, Adventure, Indie, Psychological Horror, Local Co-Op, Story Rich, Atmospheric, Asynchronous Multiplayer, Local Multiplayer, Thriller, 2D, 3D, Surreal","Multi-player, Co-op, Online Co-op, Cross-Platform Multiplayer, Steam Achievements, Steam Cloud, Family Sharing",94.63,"2 Nov, 2022",16772,15871,901,6700,Action Adventure,,,
435,2523720,Gears of War: Reloaded,Action,"Action, Shooter, Third-Person Shooter, Third Person, Realistic, Dark, Horror, Post-apocalyptic, Combat, Multiplayer, PvP, Singleplayer, Co-op Campaign, Local Co-Op, Online Co-Op, Gore, Local Multiplayer, War, Violent, Split Screen","Single-player, Multi-player, PvP, Online PvP, Co-op, Online Co-op, Cross-Platform Multiplayer, Steam Achievements, Full controller support, Captions available, Chat Speech-to-text, Chat Text-to-speech, Color Alternatives, Custom Volume Controls, Adjustable Difficulty, Narrated Game Menus, DualSense Controller Support, DualSense Controller Support, Stereo Sound, Surround Sound, Steam Cloud, Family Sharing",60.9,"26 Aug, 2025",3780,2302,1478,11200,Shooting Game,,,
436,4268470,Rosalie,"Action, Adventure, Casual, Indie, Early Access","Early Access, Indie, Online Co-Op, Multiplayer, Driving, Co-op, Parkour, Physics, Adventure, Score Attack, Casual, Action-Adventure, First-Person, 3D, Team-Based, Controller, Stylized, Funny, Difficult, Singleplayer","Single-player, Multi-player, Co-op, Online Co-op, Shared/Split Screen Co-op, Shared/Split Screen, Steam Achievements, Camera Comfort, Color Alternatives, Custom Volume Controls, Stereo Sound, Partial Controller Support, Steam Cloud, Remote Play Together, Family Sharing",93.24,"21 Mar, 2026",296,276,20,7800,Action Adventure,,,
437,1299591,Total War: THREE KINGDOMS - The Furious Wild,"Action, Strategy","Strategy, Action, Violent","Single-player, Multi-player, Downloadable Content, Steam Achievements, Steam Trading Cards, Steam Cloud, Family Sharing",53.33,"3 Sep, 2020",810,432,378,6800,Strategy,,,
438,2325290,Sky: Children of the Light,"Adventure, Casual, Indie, Massively Multiplayer, RPG, Free To Play, Early Access","Early Access, Multiplayer, Cozy, Open World, Exploration, Adventure, Cute, Online Co-Op, Atmospheric, Massively Multiplayer, Wholesome, Emotional, Puzzle, Character Customization, Fantasy, Casual, Family Friendly, Stylized, Sandbox, Puzzle Platformer","Single-player, Multi-player, MMO, Co-op, Online Co-op, Cross-Platform Multiplayer, Full controller support, In-App Purchases, DualShock Controller Support, DualShock Controller Support, DualSense Controller Support, DualSense Controller Support, HDR available, Family Sharing",87.11,"10 Apr, 2024",24918,21707,3211,0,Action Adventure,,,
439,3214610,Cinderia,"Action, Adventure, Indie, RPG, Early Access","Early Access, Action Roguelike, Hack and Slash, Roguelite, Roguelike, Action, Dungeon Crawler, Replay Value, Top-Down, 2.5D, Isometric, Female Protagonist, Procedural Generation, Dark Fantasy, Action RPG, Action-Adventure, Adventure, Base Building, RPG, Atmospheric","Single-player, Steam Achievements, Partial Controller Support, Steam Cloud, Family Sharing",87.76,"30 Mar, 2026",4680,4107,573,19500,RPG,,,
440,2129530,REANIMAL,Adventure,"Horror, Co-op, Adventure, Multiplayer, Atmospheric, Dark, Local Co-Op, Puzzle, 3D, Third Person, Online Co-Op, Cinematic, Local Multiplayer, Exploration, Surreal, Controller, Stealth, Stylized, Mystery, Singleplayer","Single-player, Multi-player, Co-op, Online Co-op, Shared/Split Screen Co-op, Shared/Split Screen, Cross-Platform Multiplayer, Steam Achievements, Full controller support, Steam Trading Cards, Custom Volume Controls, Gamepad Recommended, Playable without Timed Input, DualShock Controller Support, DualSense Controller Support, Stereo Sound, Surround Sound, Steam Cloud, Remote Play Together, Family Sharing",74.94,"13 Feb, 2026",24902,18661,6241,42000,Action Adventure,,,
441,2399420,Le Mans Ultimate,"Racing, Simulation, Sports","Racing, Automobile Sim, Multiplayer, Driving, Realistic, VR, Simulation, Singleplayer, Sports, PvP, Immersive Sim, Action, eSports, Controller, Online Co-Op, Horror, Dystopian, Cute, Romance, Capitalism","Single-player, Multi-player, PvP, Online PvP, Co-op, Online Co-op, VR Supported, Partial Controller Support, Family Sharing",78.85,"22 Jul, 2025",19628,15477,4151,55000,Simulation,,,
442,2176130,Tower! Simulator 3,"Casual, Indie, Simulation, Strategy","Simulation, Flight, Multiplayer, PvP, 3D, Transportation, Casual, Software, Realistic, Management, Strategy, Cinematic, Logic, Controller, Space Sim, Tactical, Automobile Sim, Colony Sim, Life Sim, Farming Sim","Single-player, Multi-player, Co-op, Online Co-op, HDR available, Family Sharing",67.96,"13 Dec, 2022",1105,751,354,61000,Simulation,,,
444,1509960,PICO PARK,"Action, Casual, Indie","Multiplayer, Online Co-Op, Co-op, Puzzle Platformer, Local Co-Op, Cute, Casual, Local Multiplayer, Platformer, 2D, Action, Pixel Graphics, Puzzle, Funny, Party Game, Indie, Difficult, Retro, Horror, Souls-like","Multi-player, Co-op, Online Co-op, Shared/Split Screen Co-op, Shared/Split Screen, Family Sharing",90.78,"7 May, 2021",29923,27164,2759,5500,Action Adventure,,,
445,2004210,Euro Truck Simulator 2 - West Balkans,"Indie, Simulation","Simulation, Indie, Driving, Open World, Multiplayer, Transportation, Automobile Sim, Singleplayer, First-Person, Realistic, Adventure, Moddable, Exploration, Action, Atmospheric, Relaxing, Free to Play","Single-player, Multi-player, Co-op, Online Co-op, Downloadable Content, Steam Achievements, Steam Trading Cards, Steam Workshop, Partial Controller Support, Steam Cloud, Includes level editor, Remote Play on Phone, Remote Play on Tablet, Remote Play Together, Family Sharing",85.48,"19 Oct, 2023",1859,1589,270,11400,Simulation,,,
446,1259420,Days Gone,"Action, Adventure","Open World, Zombies, Singleplayer, Survival, Post-apocalyptic, Multiplayer, Story Rich, Action, Action-Adventure, Third Person, Open World Survival Craft, Adventure, Horror, Motorbike, Third-Person Shooter, Survival Horror, Crafting, Violent, Gore, Cinematic","Single-player, Steam Achievements, Full controller support, Adjustable Text Size, Camera Comfort, Color Alternatives, Custom Volume Controls, Adjustable Difficulty, Gamepad Recommended, Narrated Game Menus, Playable without Timed Input, DualShock Controller Support, DualSense Controller Support, Save Anytime, Steam Input API Support, Stereo Sound, Subtitle Options, Surround Sound, Steam Cloud, Family Sharing",92.73,"17 May, 2021",116504,108037,8467,44800,Action Adventure,,,
447,2604420,Euro Truck Simulator 2 - Greece,"Indie, Simulation","Simulation, Indie, Driving, Multiplayer, Open World, Automobile Sim","Single-player, Multi-player, Co-op, Online Co-op, Downloadable Content, Steam Achievements, Steam Trading Cards, Steam Workshop, Partial Controller Support, Steam Cloud, Includes level editor, Remote Play on Phone, Remote Play on Tablet, Remote Play Together, Family Sharing",89.47,"4 Dec, 2024",1348,1206,142,10430,Simulation,,,
448,1486920,Tempest Rising,"Action, Strategy","RTS, Strategy, Base Building, Singleplayer, Multiplayer, Isometric, 3D, Real-Time, War, Action, PvP, Action RTS, Great Soundtrack, Military, Wargame, Futuristic, FMV, Cinematic, Top-Down, Modern","Single-player, Multi-player, PvP, Online PvP, Steam Achievements, Steam Trading Cards, Steam Workshop, Steam Cloud, Family Sharing",87.33,"24 Apr, 2025",11840,10340,1500,37500,Strategy,,,
449,3948120,Scritchy Scratchy,"Casual, Indie, Simulation","Incremental, Gambling, Idler, Resource Management, Roguelite, Arcade, Relaxing, Simulation, Management, Economy, Capitalism, Minimalist, Retro, Casual, Old School, Pixel Graphics, Roguelike, Indie, Short, Experimental","Single-player, Steam Achievements, Custom Volume Controls, Mouse Only Option, Playable without Timed Input, Save Anytime, Touch Only Option, Steam Cloud, Family Sharing",94.45,"18 Mar, 2026",14950,14121,829,5750,Simulation,,,
450,1997040,MARVEL SNAP,"Casual, Strategy, Free To Play","Deckbuilding, Card Battler, Trading Card Game, Turn-Based Tactics, Card Game, Superhero, PvP, Turn-Based, Turn-Based Strategy, Board Game, Strategy, Comic Book, Anime, 2D, Casual, Controller, Tactical, Multiplayer, Stylized, Cartoon","Multi-player, PvP, Online PvP, Cross-Platform Multiplayer, In-App Purchases, Family Sharing",72.96,"22 Aug, 2023",35118,25621,9497,0,Strategy,,,
451,1182900,A Plague Tale: Requiem,"Action, Adventure","Adventure, Action, Action-Adventure, Cinematic, Exploration, Female Protagonist, Third Person, Atmospheric, Interactive Fiction, Realistic, 3D, Dark, Alternate History, Emotional, Medieval, Singleplayer, Historical, Mystery, Story Rich, Thriller","Single-player, Steam Achievements, Full controller support, Steam Trading Cards, Adjustable Text Size, Camera Comfort, Custom Volume Controls, Adjustable Difficulty, Playable without Timed Input, DualShock Controller Support, Stereo Sound, Subtitle Options, Surround Sound, Steam Cloud, Family Sharing",90.78,"17 Oct, 2022",26549,24101,2448,58000,Action Adventure,,,
453,2157560,Granblue Fantasy Versus: Rising,Action,"2D Fighter, Action, Anime, Fighting, Multiplayer, Singleplayer, eSports, Action RPG, Competitive, Fantasy, Great Soundtrack, Local Multiplayer, PvP, Sexual Content, Free to Play, Female Protagonist, Character Customization, Story Rich, JRPG, Nudity","Single-player, Multi-player, PvP, Online PvP, Shared/Split Screen PvP, Shared/Split Screen, DualShock Controller Support, DualSense Controller Support, Partial Controller Support, Steam Cloud, Remote Play Together, Family Sharing",83.19,"13 Dec, 2023",7050,5865,1185,54800,RPG,,,
455,2051620,Enlisted,"Action, Massively Multiplayer, Free To Play","Action, Free to Play, World War II, FPS, Multiplayer, Shooter, PvP, First-Person, War, Vehicular Combat, Team-Based, Realistic, 3D, Co-op, Massively Multiplayer, Online Co-Op, Simulation, Singleplayer, Gore, PvE","Multi-player, MMO, PvP, Online PvP, Co-op, Online Co-op, Cross-Platform Multiplayer, Steam Achievements, Full controller support, In-App Purchases, Adjustable Text Size, Camera Comfort, Custom Volume Controls, Playable without Timed Input, Family Sharing",80.16,"16 Jul, 2024",46783,37503,9280,0,Shooting Game,,,
456,8930,Sid Meier's Civilization® V,Strategy,"Turn-Based Strategy, Strategy, Turn-Based, Multiplayer, Historical, 4X, Addictive, Singleplayer, Hex Grid, Grand Strategy, Replay Value, Co-op, Economy, Tactical, Diplomacy, Moddable, Simulation, Classic, Great Soundtrack, Touch-Friendly","Single-player, Multi-player, Steam Achievements, Steam Trading Cards, Steam Cloud, Remote Play on Tablet, Family Sharing",95.6,"23 Sep, 2010",210529,201273,9256,32000,Strategy,,,
457,2486820,Sonic Racing: CrossWorlds,"Action, Adventure, Racing","Racing, Multiplayer, Family Friendly, Combat Racing, Singleplayer, Local Multiplayer, Action-Adventure, Co-op, PvP, Local Co-Op, Online Co-Op, 4 Player Local, Split Screen, 3D, Co-op Campaign, Cartoon, Arcade, 1990's, Character Customization, Vehicular Combat","Single-player, Multi-player, PvP, Shared/Split Screen PvP, Shared/Split Screen, Cross-Platform Multiplayer, Steam Achievements, Full controller support, Steam Trading Cards, Camera Comfort, Custom Volume Controls, Adjustable Difficulty, Keyboard Only Option, DualShock Controller Support, Steam Input API Support, Stereo Sound, Steam Cloud, Stats, Family Sharing",92.81,"25 Sep, 2025",16657,15459,1198,31920,Action Adventure,,,
458,2904000,The Spell Brigade,"Action, Casual, Indie","Bullet Heaven, Online Co-Op, Roguelite, Co-op, Bullet Hell, Action Roguelike, Roguelike, Magic, Multiplayer, Action, Top-Down Shooter, 3D, Dark Fantasy, Arcade, Top-Down, Casual, Score Attack, Colorful, Controller, Singleplayer","Single-player, Multi-player, Co-op, Online Co-op, Cross-Platform Multiplayer, Steam Achievements, Camera Comfort, Custom Volume Controls, Gamepad Recommended, Mouse Only Option, DualShock Controller Support, DualShock Controller Support, DualSense Controller Support, DualSense Controller Support, Stereo Sound, Surround Sound, Partial Controller Support, Steam Cloud, Family Sharing",81.38,"29 Apr, 2026",16512,13438,3074,14500,Shooting Game,,,
459,2891710,Total War: WARHAMMER III - Malakai ??Thrones of Decay,"Action, Strategy","Strategy, Action, Dwarves, Short","Single-player, Multi-player, PvP, Online PvP, LAN PvP, Co-op, Online Co-op, LAN Co-op, Downloadable Content, Steam Achievements, Steam Trading Cards, Steam Cloud, Family Sharing",85.07,"30 Apr, 2024",1179,1003,176,4500,Strategy,,,
460,1649080,Two Point Campus,"Casual, Indie, Simulation, Strategy","Management, Simulation, Building, Strategy, City Builder, Casual, Sandbox, Funny, Cartoony, Comedy, Isometric, Singleplayer, Family Friendly, Indie, Economy, Replay Value, Education, Cute, Tactical, Retro","Single-player, Steam Achievements, Full controller support, Steam Trading Cards, Steam Cloud, Family Sharing",87.75,"9 Aug, 2022",8139,7142,997,5700,Simulation,,,
462,805550,Assetto Corsa Competizione,"Racing, Simulation, Sports","Racing, Automobile Sim, Simulation, VR, Multiplayer, Driving, Realistic, Sports, Controller, Open World, Singleplayer, eSports, Online Co-Op, Competitive, First-Person, Difficult, Moddable, Atmospheric, Early Access, PvP","Single-player, Multi-player, PvP, Online PvP, LAN PvP, VR Supported, Partial Controller Support, Family Sharing",92.67,"29 May, 2019",47883,44372,3511,48000,Simulation,,,
463,2057760,Esoteric Ebb,"Indie, RPG","Story Rich, Choices Matter, RPG, CRPG, Isometric, Singleplayer, Interactive Fiction, Hand-drawn, Nonlinear, Narrative, Point & Click, Adventure, Atmospheric, Funny, Exploration, Tabletop, Turn-Based, Character Customization, Visual Novel, Colorful","Single-player, Steam Achievements, Full controller support, Steam Trading Cards, Adjustable Text Size, Camera Comfort, Color Alternatives, Custom Volume Controls, Keyboard Only Option, Mouse Only Option, Playable without Timed Input, DualShock Controller Support, DualShock Controller Support, DualSense Controller Support, DualSense Controller Support, Subtitle Options, Touch Only Option, Steam Cloud, Family Sharing",95.29,"3 Mar, 2026",9112,8683,429,21600,RPG,,,
464,1217060,Gunfire Reborn,"Action, Adventure, Indie, RPG","Roguelite, FPS, Roguelike, Online Co-Op, Co-op, Multiplayer, Looter Shooter, Indie, Action, Action Roguelike, RPG, Shooter, Adventure, First-Person, Dungeon Crawler, Replay Value, Singleplayer, Fast-Paced, Loot, Early Access","Single-player, Multi-player, Co-op, Online Co-op, Steam Achievements, Full controller support, Steam Trading Cards, DualShock Controller Support, DualShock Controller Support, DualSense Controller Support, DualSense Controller Support, Steam Cloud, Remote Play on Phone, Remote Play on Tablet, Family Sharing",93.1,"17 Nov, 2021",103580,96436,7144,20500,RPG,,,
466,1466860,Age of Empires IV: Anniversary Edition,Strategy,"Strategy, RTS, Base Building, Multiplayer, War, Medieval, Singleplayer, Resource Management, City Builder, Historical, Action RTS, PvP, PvE, Co-op, 3D, Management, Isometric, Open World, Online Co-Op, 4X","Single-player, Multi-player, PvP, Online PvP, Co-op, Online Co-op, Cross-Platform Multiplayer, Steam Achievements, Full controller support, DualSense Controller Support, DualSense Controller Support, Steam Input API Support, Family Sharing",85.7,"28 Oct, 2021",95210,81599,13611,39900,Strategy,,,
467,3035120,Is This Seat Taken?,"Casual, Indie","Puzzle, Casual, Relaxing, Cute, Logic, Cozy, Wholesome, Colorful, Singleplayer, Family Friendly, 2D, Point & Click, Funny, Indie, Atmospheric","Single-player, Steam Achievements, Full controller support, Steam Trading Cards, Camera Comfort, Color Alternatives, Custom Volume Controls, Keyboard Only Option, Mouse Only Option, Playable without Timed Input, DualShock Controller Support, DualSense Controller Support, Touch Only Option, Steam Cloud, Family Sharing",97.35,"7 Aug, 2025",9397,9148,249,6990,Other/Unclassified,,,
468,2688860,EZ2ON REBOOT : R - EVOLVE,"Action, Casual, Sports","Action, Casual, Sports, Rhythm, Music, Soundtrack, Singleplayer, Early Access, Difficult, Anime, Competitive, Arcade, Cute, Electronic Music, Modern, Colorful, Music-Based Procedural Generation, Cartoon, Sci-fi, PvP","Single-player, Multi-player, PvP, Online PvP, Co-op, Online Co-op, Downloadable Content, DualShock Controller Support, DualSense Controller Support, Partial Controller Support",97.47,"11 Jul, 2024",158,154,4,25400,Strategy,,,
469,933110,Age of Empires III: Definitive Edition,Strategy,"Strategy, Base Building, RTS, Multiplayer, Military, City Builder, Historical, War, Singleplayer, Free to Play, Resource Management, PvP, Combat, 3D, Online Co-Op, Co-op, Medieval, Moddable, Story Rich, Level Editor","Single-player, Multi-player, PvP, Online PvP, LAN PvP, Cross-Platform Multiplayer, Steam Achievements, Steam Trading Cards, Steam Cloud, Family Sharing",85.88,"15 Oct, 2020",54640,46925,7715,34800,Strategy,,,
470,1290000,PowerWash Simulator,"Casual, Indie, Simulation","Casual, Cleaning, Relaxing, Simulation, Multiplayer, First-Person, 3D, Sandbox, Co-op, Funny, Online Co-Op, Immersive Sim, Colorful, Family Friendly, Wholesome, Singleplayer, Story Rich, Realistic, Indie, Cozy","Single-player, Multi-player, Co-op, Online Co-op, Cross-Platform Multiplayer, Steam Achievements, Full controller support, Steam Trading Cards, DualShock Controller Support, DualShock Controller Support, DualSense Controller Support, DualSense Controller Support, Steam Cloud, Family Sharing",96.4,"14 Jul, 2022",58572,56463,2109,29800,Simulation,,,
471,1274570,DEVOUR,Indie,"Horror, Online Co-Op, Multiplayer, Survival Horror, Sexual Content, Co-op, Psychological Horror, Dark, Survival, First-Person, VR, Atmospheric, Indie, Gore, Puzzle, Difficult, Singleplayer, Violent, Action, Stealth","Single-player, Multi-player, Co-op, Online Co-op, Steam Achievements, Full controller support, Tracked Controller Support, VR Supported, Steam Trading Cards, DualShock Controller Support, DualShock Controller Support, DualSense Controller Support, DualSense Controller Support, Steam Cloud, Family Sharing",90.48,"28 Jan, 2021",88044,79666,8378,11000,Action Adventure,,,
472,570940,DARK SOULS?? REMASTERED,Action,"Souls-like, Dark Fantasy, RPG, Difficult, Action, Dark, Fantasy, Atmospheric, Great Soundtrack, Action RPG, Lore-Rich, Adventure, Exploration, Multiplayer, Third Person, Story Rich, Replay Value, Character Customization, Soundtrack, Co-op","Single-player, Multi-player, Steam Achievements, Full controller support, Remote Play on Phone, Remote Play on Tablet, Remote Play on TV, Family Sharing",92.44,"23 May, 2018",154244,142590,11654,43800,RPG,,,
473,284160,BeamNG.drive,"Racing, Simulation, Early Access","Simulation, Driving, Physics, Realistic, Destruction, Automobile Sim, Sandbox, Open World, Racing, Multiplayer, Moddable, Singleplayer, Early Access, First-Person, VR, Third Person, Funny, Action, Adventure, Exploration","Single-player, Steam Achievements, Steam Trading Cards, Camera Comfort, Custom Volume Controls, Keyboard Only Option, Playable without Timed Input, DualShock Controller Support, DualSense Controller Support, DualSense Controller Support, Stereo Sound, Surround Sound, Partial Controller Support, Steam Cloud, Includes level editor, Remote Play on Phone, Remote Play on Tablet, Remote Play Together, Family Sharing",97.25,"29 May, 2015",414528,403115,11413,27000,Simulation,,,
474,492720,Tropico 6,"Simulation, Strategy","City Builder, Strategy, Simulation, Economy, Management, Political Sim, Multiplayer, Sandbox, Building, Singleplayer, Funny, Co-op, Choices Matter, Diplomacy, Destruction, Atmospheric, Story Rich, Top-Down, Capitalism, Dark Humor","Single-player, Multi-player, PvP, Online PvP, Co-op, Online Co-op, Steam Achievements, Full controller support, Steam Trading Cards, Steam Workshop, Steam Cloud, Remote Play on TV, Family Sharing",87.71,"29 Mar, 2019",29377,25766,3611,14700,Simulation,,,
475,1755910,Capcom Arcade 2nd Stadium,"Action, Free To Play","Action, Arcade, 2D Platformer, 2D Fighter, Side Scroller, Free to Play, 2D, 1990's, 1980s, 3D, Singleplayer, Local Multiplayer, Local Co-Op, Retro, 4 Player Local, Multiplayer, Fighting, Shoot 'Em Up","Single-player, Multi-player, Co-op, Shared/Split Screen Co-op, Shared/Split Screen, Steam Achievements, Full controller support, Steam Trading Cards, In-App Purchases, Steam Cloud, Steam Leaderboards, Remote Play Together, Family Sharing",68.49,"21 Jul, 2022",1263,865,398,0,Action Adventure,,,
476,962130,Grounded,"Action, Adventure","Survival, Multiplayer, Co-op, Open World Survival Craft, Base Building, Crafting, Open World, Adventure, Online Co-Op, Horror, Exploration, Action, Sandbox, Singleplayer, First-Person, RPG, Third Person, Cute, Funny, Souls-like","Single-player, Multi-player, Co-op, Online Co-op, Full controller support, Steam Trading Cards, Steam Cloud, Remote Play on Tablet, Family Sharing",89.73,"27 Sep, 2022",95429,85628,9801,39900,Action Adventure,,,
477,1670540,Total War: WARHAMMER III - Ogre Kingdoms,"Action, Strategy","Strategy, Action","Single-player, Multi-player, PvP, Online PvP, LAN PvP, Co-op, Online Co-op, LAN Co-op, Downloadable Content, Steam Achievements, Family Sharing",54.67,"24 Feb, 2022",706,386,320,6000,Strategy,,,
482,4791830,Dead by Daylight: Jason,Action,"Horror, Multiplayer, Survival Horror, Gore, Online Co-Op, Co-op, Survival, Team-Based, Third Person, Stealth, Violent, First-Person, Psychological Horror, Action, Atmospheric, Strategy, Comedy, Difficult, Sexual Content, LGBTQ+","Multi-player, PvP, Online PvP, Co-op, Online Co-op, Cross-Platform Multiplayer, Downloadable Content, Steam Achievements, Steam Trading Cards, Color Alternatives, Stereo Sound, Subtitle Options, Steam Cloud, Remote Play on Phone, Remote Play on Tablet, Family Sharing",80.63,"16 Jun, 2026",1296,1045,251,5500,Action Adventure,,,
483,714010,Aimlabs,"Action, Adventure, Casual, Indie, Simulation, Free To Play","FPS, Free to Play, Shooter, Simulation, Action, First-Person, Third-Person Shooter, Software, eSports, Score Attack, Controller, Level Editor, Competitive, Co-op, PvP, PvE, Education, Sniper, 3D, Casual","Single-player, Steam Achievements, Full controller support, Steam Workshop, In-App Purchases, Steam Cloud, Stats, Steam Leaderboards, Includes level editor, Family Sharing",91.05,"16 Jun, 2023",136879,124635,12244,0,Shooting Game,,,
484,412020,Metro Exodus,Action,"Post-apocalyptic, FPS, Singleplayer, Open World, Story Rich, Atmospheric, Action, First-Person, Horror, Survival, Shooter, Stealth, Adventure, Exploration, Survival Horror, Great Soundtrack, Violent, Gore, Psychological Horror, Sci-fi","Single-player, Steam Achievements, Full controller support, Steam Trading Cards, Steam Cloud, Remote Play on Phone, Remote Play on Tablet, Remote Play on TV, Family Sharing",89.96,"14 Feb, 2020",134989,121439,13550,4560,Action Adventure,,,
485,534380,Dying Light 2 Stay Human: Reloaded Edition,"Action, Adventure, RPG","Open World, Co-op, Zombies, Parkour, Multiplayer, Horror, Gore, Post-apocalyptic, Survival, First-Person, Combat, Exploration, Singleplayer, Action RPG, Action, Adventure, Action-Adventure, Violent, Multiple Endings, Choices Matter","Single-player, Multi-player, Co-op, Online Co-op, Steam Achievements, Full controller support, Steam Trading Cards, In-App Purchases, DualShock Controller Support, DualShock Controller Support, DualSense Controller Support, DualSense Controller Support, Steam Cloud, Remote Play on TV, Family Sharing",78.77,"3 Feb, 2022",218632,172219,46413,66000,Action Adventure,,,
486,2820820,Jotunnslayer: Hordes of Hel,"Action, Indie, RPG","Action Roguelike, Bullet Heaven, Roguelite, Action RPG, Hack and Slash, Roguelike, Casual, Singleplayer, Isometric, Indie, Mythology, Dark, Dark Fantasy, Atmospheric, Class-Based, Third Person, Action, RPG, Controller, 3D","Single-player, Multi-player, Co-op, Shared/Split Screen Co-op, Shared/Split Screen, Steam Achievements, Full controller support, Steam Trading Cards, Steam Cloud, Remote Play Together, Family Sharing",82.43,"3 Sep, 2025",7700,6347,1353,16500,RPG,,,
488,1782120,ZERO Sievert,"Action, Adventure, Indie","Extraction Shooter, Survival, Post-apocalyptic, Looter Shooter, Pixel Graphics, Top-Down, Shooter, Open World, Singleplayer, Action, Indie, Adventure, Loot, Exploration, Simulation, Early Access, Base Building, Atmospheric, Strategy, Survival Horror","Single-player, Steam Achievements, Full controller support, Steam Workshop, DualShock Controller Support, DualShock Controller Support, DualSense Controller Support, DualSense Controller Support, Steam Cloud, Family Sharing",84.59,"23 Oct, 2024",15254,12904,2350,12900,Action Adventure,,,
489,2380740,RimWorld - Anomaly,"Indie, Simulation, Strategy","Colony Sim, Base Building, Survival, Strategy, Simulation, Management, Singleplayer, Sci-fi, Moddable, Sandbox, Story Rich, Replay Value, Indie, Procedural Generation, Tactical RPG, 2D, Open World, Building, City Builder, Atmospheric","Single-player, Downloadable Content, Steam Workshop, Steam Cloud, Remote Play on Tablet, Family Sharing",80.23,"11 Apr, 2024",3040,2439,601,27000,Simulation,,,
490,2877540,Heretical,"Action, Adventure, Indie, RPG, Early Access","Early Access, Action Roguelike, Roguelite, Replay Value, Action RPG, Hack and Slash, Souls-like, Singleplayer, Dark Fantasy, Isometric, Controller, Stylized, Atmospheric, Medieval, Story Rich, Dungeon Crawler, Loot, RPG, Class-Based, Roguelike","Single-player, Steam Achievements, Steam Trading Cards, Partial Controller Support, Steam Cloud, Family Sharing",84.83,"30 Oct, 2024",1015,861,154,7420,RPG,,,
491,2102730,Dead by Daylight - Resident Evil: PROJECT W Chapter,Action,"Action, Gore, Violent, Horror, Sexual Content, Multiplayer, Survival Horror, Cute, Psychological Horror, Souls-like","Multi-player, PvP, Online PvP, Co-op, Online Co-op, Cross-Platform Multiplayer, Downloadable Content, Steam Achievements, Full controller support, Steam Trading Cards, Steam Cloud, Remote Play on Phone, Remote Play on Tablet, Remote Play on TV, Family Sharing",84.46,"30 Aug, 2022",965,815,150,12500,Action Adventure,,,
493,3601420,Casino Roulette: Roulettist,"Casual, Massively Multiplayer, Simulation, Sports, Strategy, Free To Play","Free to Play, Gambling, Multiplayer, Immersive, Touch-Friendly, PvE, Simulation, PvP, 3D, Character Customization, Sports, Tactical, Dialogue Heavy, Massively Multiplayer, Online Co-Op, Strategy, First-Person, Singleplayer, Casual","Single-player, Multi-player, PvP, Online PvP, Cross-Platform Multiplayer, In-App Purchases, Steam Cloud, Family Sharing",78.71,"22 May, 2025",202,159,43,0,Strategy,,,
494,3070070,TCG Card Shop Simulator,"Simulation, Early Access","Simulation, Management, Economy, Singleplayer, Collectathon, Trading Card Game, Capitalism, Card Game, Early Access, Trading, Shop Keeper, Life Sim, 3D, Relaxing, First-Person, Immersive Sim, Casual, Job Simulator, Indie, Sandbox","Single-player, Steam Achievements, Full controller support, Steam Trading Cards, Camera Comfort, Custom Volume Controls, Playable without Timed Input, DualShock Controller Support, DualSense Controller Support, Save Anytime, Steam Cloud, Family Sharing",96.53,"15 Sep, 2024",49081,47377,1704,21000,Simulation,,,
495,2452280,Mecha BREAK,"Action, Massively Multiplayer, Free To Play","Free to Play, Mechs, Robots, PvP, Multiplayer, Action, Combat, Character Customization, Sci-fi, Third-Person Shooter, Battle Royale, 3D, Third Person, Team-Based, Hero Shooter, Controller, Shooter, Military, MOBA, War","Multi-player, PvP, Online PvP, Co-op, Online Co-op, Steam Achievements, Full controller support, In-App Purchases, DualShock Controller Support, DualSense Controller Support, Stats, Family Sharing",60.59,"1 Jul, 2025",29078,17617,11461,0,Shooting Game,,,
496,1805480,Like a Dragon: Ishin!,"Action, Adventure","Action, Adventure, Action-Adventure, Beat 'em up, JRPG, Hack and Slash, Singleplayer, Violent, Historical, Samurai, Story Rich, Gore, Open World, Sexual Content, Action RPG, Funny, Minigames, Martial Arts, Great Soundtrack, Comedy","Single-player, Steam Achievements, Full controller support, Steam Trading Cards, DualShock Controller Support, DualShock Controller Support, DualSense Controller Support, DualSense Controller Support, Steam Cloud, Family Sharing",80.7,"21 Feb, 2023",6383,5151,1232,11200,Action Adventure,,,
497,2114740,Blasphemous 2,"Action, Adventure, Indie","Difficult, Combat, Fantasy, Metroidvania, Souls-like, Adventure, Pixel Graphics, 2D Platformer, Side Scroller, Hack and Slash, 2D, Platformer, Action RPG, Horror, Lore-Rich, Story Rich, Action-Adventure, Dark Fantasy, Multiple Endings, Nonlinear","Single-player, Steam Achievements, Full controller support, Gamepad Recommended, DualShock Controller Support, DualShock Controller Support, DualSense Controller Support, DualSense Controller Support, Steam Cloud, Family Sharing",90.68,"24 Aug, 2023",21012,19053,1959,8700,Action Adventure,,,
498,3533100,Wrap House Simulator?��,"Casual, Indie, Simulation","Cooking, Simulation, Co-op, Multiplayer, Online Co-Op, Realistic, Immersive Sim, Management, Sandbox, Casual, Economy, Capitalism, Life Sim, Inventory Management, Resource Management, Singleplayer, First-Person, Building, Atmospheric, Base Building","Single-player, Multi-player, Co-op, Online Co-op, Steam Achievements, Custom Volume Controls, Adjustable Difficulty, Family Sharing",88.02,"29 May, 2025",3322,2924,398,7350,Simulation,,,
499,761890,Albion Online,"Massively Multiplayer, RPG, Free To Play","MMORPG, Free to Play, Open World, Massively Multiplayer, Sandbox, RPG, Multiplayer, Crafting, PvP, Survival, Loot, PvE, Economy, Medieval, Co-op, Fantasy, Strategy, Action, Singleplayer, Difficult","Multi-player, MMO, PvP, Online PvP, Cross-Platform Multiplayer, Steam Achievements, In-App Purchases, DualShock Controller Support, DualShock Controller Support, DualSense Controller Support, DualSense Controller Support, Partial Controller Support, Family Sharing",78.47,"16 May, 2018",93230,73153,20077,0,RPG,,,
500,645390,Factorio: Space Age,"Casual, Indie, Simulation, Strategy","Automation, Base Building, Resource Management, Sandbox, Crafting, Strategy, Multiplayer, Survival, Management, Open World, Building, Co-op, Simulation, 2D, Moddable, Indie, Singleplayer, Trains, Pixel Graphics, City Builder","Single-player, Multi-player, Co-op, Online Co-op, LAN Co-op, Cross-Platform Multiplayer, Downloadable Content, Steam Achievements, Steam Cloud, Includes level editor, Family Sharing",91.7,"21 Oct, 2024",6795,6231,564,40000,Simulation,,,
501,2598510,Darkest Dungeon® II: The Binding Blade,"Indie, RPG, Strategy","Strategy, Indie, RPG","Single-player, Downloadable Content, Steam Achievements, Steam Trading Cards, Steam Workshop, Partial Controller Support, Steam Cloud, Family Sharing",76.22,"11 Dec, 2023",534,407,127,7870,RPG,,,
503,2891700,Total War: WARHAMMER III - Tamurkhan ??Thrones of Decay,"Action, Strategy","Strategy, Action","Single-player, Multi-player, PvP, Online PvP, LAN PvP, Co-op, Online Co-op, LAN Co-op, Downloadable Content, Steam Achievements, Steam Trading Cards, Steam Cloud, Family Sharing",89.22,"30 Apr, 2024",965,861,104,4500,Strategy,,,
504,4321500,Raising a Happy NEET,"Casual, Indie, RPG, Simulation","Simulation, Sexual Content, Cute, Hentai, Anime, Singleplayer, Funny, Casual, Story Rich, Indie, 2D, RPG, Nudity, Visual Novel, Immersive Sim, Atmospheric","Single-player, Custom Volume Controls, Playable without Timed Input, Steam Cloud, Family Sharing",91.5,"14 May, 2026",353,323,30,7200,RPG,,,
505,2073850,THE FINALS,"Action, Free To Play","Destruction, Free to Play, FPS, Multiplayer, Shooter, PvP, Team-Based, Competitive, Action, First-Person, Arena Shooter, Tactical, Character Customization, Online Co-Op, Combat, Co-op, Class-Based, Atmospheric, Realistic, Battle Royale","Multi-player, PvP, Online PvP, Co-op, Online Co-op, Cross-Platform Multiplayer, Steam Achievements, Full controller support, In-App Purchases, DualShock Controller Support, DualShock Controller Support, DualSense Controller Support, DualSense Controller Support, Family Sharing",78.26,"7 Dec, 2023",274605,214913,59692,0,Shooting Game,,,
506,4492700,Mafia: The Old Country - Man of Honor,"Action, Adventure","Story Rich, Action, Stealth, Atmospheric, Third-Person Shooter, Crime, Immersive, Cinematic, Shooter, Third Person, Emotional, Linear, Singleplayer, Historical, Realistic, Action-Adventure, Controller, Combat, Open World, Adventure","Single-player, Downloadable Content, Steam Achievements, Full controller support, Steam Trading Cards, Adjustable Text Size, Camera Comfort, Color Alternatives, Custom Volume Controls, Adjustable Difficulty, Stereo Sound, Subtitle Options, Surround Sound, HDR available, Family Sharing",65.71,"14 Aug, 2026",417,274,143,12000,Action Adventure,,,
507,1689620,BLEACH Rebirth of Souls,Action,"Action, Anime, 3D Fighter, 3D, PvP, Swordplay, Multiplayer, Comic Book, Combat, Singleplayer, Story Rich, Fighting, PvE, Dark Fantasy, Great Soundtrack, Local Multiplayer, Nudity","Single-player, Multi-player, PvP, Online PvP, Shared/Split Screen PvP, Shared/Split Screen, Steam Achievements, Full controller support, Gamepad Recommended, Steam Cloud, Family Sharing",67.08,"20 Mar, 2025",6981,4683,2298,69800,Action Adventure,,,
508,3130750,Total War: WARHAMMER III - Skulltaker ??Omens of Destruction,"Action, Strategy","Strategy, Action","Single-player, Multi-player, PvP, Online PvP, LAN PvP, Co-op, Online Co-op, LAN Co-op, Downloadable Content, Steam Achievements, Steam Trading Cards, Steam Cloud, Family Sharing",53.65,"12 Dec, 2024",863,463,400,4500,Strategy,,,
512,268500,XCOM® 2,Strategy,"Strategy, Turn-Based Combat, Tactical, Character Customization, RPG, Singleplayer, Turn-Based Tactics, War, Sci-fi, Military, PvE, Isometric, Post-apocalyptic, Perma Death, Turn-Based Strategy, Turn-Based, Alternate History, Grid-Based Movement, Top-Down, Logic","Single-player, Steam Achievements, Steam Trading Cards, Steam Workshop, Steam Cloud, Remote Play on Tablet, Family Sharing",84.65,"4 Feb, 2016",109001,92264,16737,3670,Strategy,,,
513,2479810,Gray Zone Warfare,"Action, Massively Multiplayer, Simulation, Early Access","FPS, Tactical, Realistic, Extraction Shooter, Simulation, Open World, Military, Shooter, PvE, Action, Competitive, Gun Customization, Multiplayer, PvP, Modern, Online Co-Op, Survival, War, Massively Multiplayer, Early Access","Multi-player, MMO, PvP, Online PvP, Co-op, Online Co-op, Color Alternatives, Custom Volume Controls, Playable without Timed Input, Stereo Sound, Surround Sound",72.33,"30 Apr, 2024",78413,56716,21697,48000,Shooting Game,,,
514,2665680,Tower of Babel: Survivors of Chaos,"Action, Adventure, Indie, RPG, Strategy","Bullet Heaven, Action Roguelike, Bullet Hell, Roguelite, Roguelike, Loot, Action, Hack and Slash, Singleplayer, 2D, Hand-drawn, Early Access, Isometric, Fantasy, Survival, Top-Down Shooter, Indie, Action RPG, Character Customization, Controller","Single-player, Steam Achievements, Full controller support, DualShock Controller Support, DualShock Controller Support, DualSense Controller Support, DualSense Controller Support, Steam Cloud, Steam Leaderboards, Family Sharing",68.52,"26 May, 2026",6341,4345,1996,14000,RPG,,,
515,1145360,Hades,"Action, Indie, RPG","Action Roguelike, Roguelite, Hack and Slash, Indie, Mythology, Action, Roguelike, Singleplayer, Great Soundtrack, Story Rich, Dungeon Crawler, RPG, Replay Value, Isometric, Difficult, Hand-drawn, Action RPG, Atmospheric, Perma Death, LGBTQ+","Single-player, Steam Achievements, Full controller support, Steam Trading Cards, Captions available, Steam Cloud, Remote Play on Phone, Remote Play on Tablet, Remote Play on TV, Family Sharing",98.01,"17 Sep, 2020",307739,301616,6123,27000,RPG,,,
516,391540,Undertale,"Indie, RPG","Great Soundtrack, Story Rich, Choices Matter, Multiple Endings, Pixel Graphics, Funny, RPG, Singleplayer, Indie, 2D, Comedy, Replay Value, Bullet Hell, Cute, Memes, Retro, Dark, Psychological Horror, Dating Sim, Horror","Single-player, Steam Trading Cards, Remote Play on Phone, Remote Play on Tablet, Family Sharing",96.49,"15 Sep, 2015",337410,325573,11837,10500,RPG,,,
517,1522820,Orcs Must Die! 3,"Action, Adventure, Indie, Strategy","Tower Defense, Co-op, Strategy, Third-Person Shooter, PvE, Action, Multiplayer, Third Person, Online Co-Op, 3D, Funny, Fantasy, Co-op Campaign, Adventure, Combat, Physics, Singleplayer, Stylized, Comedy, Cartoony","Single-player, Multi-player, Co-op, Online Co-op, Steam Achievements, Full controller support, Steam Trading Cards, Steam Cloud, Steam Leaderboards, Remote Play on TV, Family Sharing",85.85,"23 Jul, 2021",14872,12767,2105,7750,Strategy,,,
518,753640,Outer Wilds,"Action, Adventure","Exploration, Space, Mystery, Story Rich, Adventure, Great Soundtrack, Atmospheric, Puzzle, Open World, Singleplayer, Indie, Sci-fi, Horror, First-Person, Beautiful, Psychological Horror, Epic, 3D, Simulation, Action","Single-player, Steam Achievements, Full controller support, Steam Trading Cards, Adjustable Text Size, Camera Comfort, Color Alternatives, Custom Volume Controls, Gamepad Recommended, Keyboard Only Option, Playable without Timed Input, DualShock Controller Support, DualShock Controller Support, DualSense Controller Support, DualSense Controller Support, Stereo Sound, Surround Sound, Steam Cloud, Remote Play on Phone, Remote Play on Tablet, Remote Play on TV, Family Sharing",95.61,"18 Jun, 2020",106713,102023,4690,29500,Action Adventure,,,
519,1169040,Necesse,"Action, Adventure, Indie, RPG","Open World Survival Craft, Pixel Graphics, Multiplayer, Open World, Sandbox, Survival, Crafting, Adventure, Indie, Co-op, RPG, Building, Base Building, Action, Exploration, Online Co-Op, 2D, Automation, Atmospheric, Early Access","Single-player, Multi-player, PvP, Online PvP, LAN PvP, Co-op, Online Co-op, LAN Co-op, Steam Achievements, Full controller support, Steam Trading Cards, Steam Workshop, DualShock Controller Support, DualShock Controller Support, DualSense Controller Support, DualSense Controller Support, Steam Input API Support, Steam Cloud, Stats, Family Sharing",92.76,"16 Oct, 2025",28716,26636,2080,16500,Action Adventure,,,
520,3130740,Total War: WARHAMMER III - Golgfag ??Omens of Destruction,"Action, Strategy","Strategy, Action","Single-player, Multi-player, PvP, Online PvP, LAN PvP, Co-op, Online Co-op, LAN Co-op, Downloadable Content, Steam Achievements, Steam Trading Cards, Steam Cloud, Family Sharing",59.4,"12 Dec, 2024",830,493,337,4500,Strategy,,,
521,2754380,The Roottrees are Dead,Adventure,"Detective, Puzzle, Mystery, Point & Click, Investigation, Atmospheric, Story Rich, Singleplayer, 1990's, Logic, Adventure, Interactive Fiction, Indie, Retro, LGBTQ+, Casual, 2D, Stylized, Noir, Immersive","Single-player, Steam Achievements, Steam Cloud, Family Sharing",96.51,"15 Jan, 2025",9715,9376,339,15750,Action Adventure,,,
522,965220,Total War: WARHAMMER II - The Prophet & The Warlock,"Action, Strategy","Strategy, Action, Violent, Fantasy, Dinosaurs","Single-player, Multi-player, Downloadable Content, Steam Achievements, Family Sharing",82.59,"17 Apr, 2019",1327,1096,231,5250,Strategy,,,
523,2574900,Total War: WARHAMMER III - Gorbad ??Omens of Destruction,"Action, Strategy","Strategy, Action","Single-player, Multi-player, PvP, Online PvP, LAN PvP, Co-op, Online Co-op, LAN Co-op, Downloadable Content, Steam Achievements, Steam Trading Cards, Steam Cloud, Family Sharing",42.11,"12 Dec, 2024",938,395,543,4500,Strategy,,,
525,976730,Halo: The Master Chief Collection,Action,"Great Soundtrack, FPS, Classic, Multiplayer, Story Rich, Sci-fi, Co-op, First-Person, Shooter, Epic, Action, Singleplayer, Aliens, Lore-Rich, Beautiful, Space, Atmospheric, Adventure, Horror, Online Co-Op","Single-player, Multi-player, PvP, Online PvP, LAN PvP, Co-op, Online Co-op, LAN Co-op, Cross-Platform Multiplayer, Steam Achievements, Full controller support, Steam Trading Cards, Steam Workshop, Remote Play on Phone, Remote Play on Tablet, Remote Play on TV, Family Sharing",91.99,"3 Dec, 2019",261841,240863,20978,49900,Shooting Game,,,
526,3174070,Texas Hold'em Poker: Pokerist,"Casual, Massively Multiplayer, Simulation, Sports, Strategy, Free To Play","Free to Play, Gambling, Card Game, Multiplayer, Strategy, Board Game, PvP, Competitive, Turn-Based Tactics, 3D, Simulation, 2D, Character Customization, Tactical, Top-Down, Sports, Massively Multiplayer, Dialogue Heavy, Online Co-Op, Singleplayer","Single-player, Multi-player, PvP, Online PvP, Cross-Platform Multiplayer, Steam Trading Cards, In-App Purchases, Steam Cloud, Family Sharing",66.05,"18 Feb, 2025",3231,2134,1097,0,Strategy,,,
527,2350790,Moonlighter 2: The Endless Vault,"Action, Adventure, RPG, Early Access","Early Access, Shop Keeper, RPG, Action-Adventure, Roguelike, Roguelite, Inventory Management, Action, Procedural Generation, Exploration, Hack and Slash, Action Roguelike, Action RPG, Singleplayer, Adventure, Management, Fantasy, Replay Value, Capitalism, Dungeon Crawler","Single-player, Steam Achievements, Full controller support, Gamepad Recommended, DualShock Controller Support, DualShock Controller Support, DualSense Controller Support, DualSense Controller Support, Steam Cloud, Family Sharing",85.09,"19 Nov, 2025",3065,2608,457,32000,RPG,,,
528,1888930,The Last of Us??Part I,"Action, Adventure","Story Rich, Post-apocalyptic, Zombies, Horror, Action-Adventure, Shooter, Singleplayer, Third-Person Shooter, Survival, Third Person, Survival Horror, Cinematic, Emotional, Action, Adventure, Atmospheric, Thriller, Remake, Soundtrack, Violent","Single-player, Steam Achievements, Full controller support, Steam Trading Cards, Adjustable Text Size, Camera Comfort, Color Alternatives, Custom Volume Controls, Adjustable Difficulty, Gamepad Recommended, Narrated Game Menus, DualShock Controller Support, DualShock Controller Support, DualSense Controller Support, DualSense Controller Support, Save Anytime, Stereo Sound, Subtitle Options, Surround Sound, Steam Cloud, Remote Play on TV, Family Sharing",84.32,"28 Mar, 2023",107951,91021,16930,62800,Action Adventure,,,
529,2325460,EZ2ON REBOOT : R - ENDLESS CIRCULATION,"Action, Casual, Sports","Casual, Sports, Action, Rhythm, Music","Single-player, Multi-player, PvP, Online PvP, Co-op, Online Co-op, Downloadable Content",100,"29 Apr, 2023",176,176,0,21980,Strategy,,,
530,3330210,Kinny and the Cosmic Cauldron,"Casual, Indie, Strategy","Roguelike Deckbuilder, Deckbuilding, Strategy, Physics, Turn-Based Strategy, Roguelike, Cooking, Job Simulator, Replay Value, Perma Death, Score Attack, Roguelite, Pixel Graphics, Casual, 2D, Cute, Difficult, Cozy, Singleplayer, Relaxing","Single-player, Steam Achievements, Steam Cloud, Remote Play Together, Family Sharing",84.6,"27 Jul, 2026",526,445,81,14000,Strategy,,,
531,4508020,Hole Is Mine,"Adventure, Casual, Indie, Simulation","Economy, Incremental, Indie, Idler, Cult, Arcade, Roguelite, Mining, Character Customization, Cute, Simulation, Relaxing, Resource Management, Management, 2D, Singleplayer, Loot, Casual, Capitalism, Colony Sim","Single-player, Steam Achievements, Full controller support, Camera Comfort, Custom Volume Controls, #category_playable_at_your_own_pace, Playable without Timed Input, Save Anytime, Steam Cloud, Stats, Family Sharing",91.18,"10 Aug, 2026",601,548,53,6840,Simulation,,,
532,824270,KovaaK's,"Action, Indie, Simulation","Action, Shooter, Simulation, FPS, Indie, First-Person, Software Training, Singleplayer, Controller, Multiplayer, eSports, Software, Competitive","Single-player, Steam Achievements, Steam Workshop, Stats, Steam Leaderboards, Includes level editor, Family Sharing",92.96,"3 Apr, 2018",41434,38518,2916,10500,Simulation,,,
533,2933200,Tukoni: Forest Keepers,"Adventure, Casual, Indie","Adventure, Casual, Point & Click, Puzzle, Cute, 2D, Wholesome, Colorful, Hand-drawn, Cozy, Stylized, Atmospheric, Comedy, Family Friendly, Story Rich, Fantasy, Funny, Nature, Relaxing, Singleplayer","Single-player, Steam Achievements, Full controller support, Camera Comfort, Playable without Timed Input, DualSense Controller Support, DualSense Controller Support, Steam Cloud, Family Sharing",100,"17 Aug, 2026",256,256,0,6670,Action Adventure,,,
535,1209460,Euro Truck Simulator 2 - Iberia,"Indie, Simulation","Simulation, Indie, Open World, Driving, Realistic, Singleplayer, Relaxing, Exploration, Moddable, Economy, Online Co-Op, First-Person","Single-player, Downloadable Content, Steam Achievements, Steam Trading Cards, Steam Workshop, Partial Controller Support, Steam Cloud, Includes level editor, Family Sharing",77.67,"8 Apr, 2021",2477,1924,553,11400,Simulation,,,
537,1332010,Stray,"Adventure, Indie","Cats, Adventure, Atmospheric, Singleplayer, Cyberpunk, Cute, Exploration, Robots, Puzzle, Beautiful, Third Person, Horror, Indie, Sci-fi, Dystopian, Open World, Mystery, Action, Colorful, Stealth","Single-player, Steam Achievements, Full controller support, Steam Trading Cards, Steam Cloud, Remote Play on TV, Family Sharing",97.21,"19 Jul, 2022",176895,171966,4929,32000,Action Adventure,,,
538,1594320,Captain of Industry,"Indie, Simulation, Strategy, Early Access","Automation, Resource Management, Base Building, Simulation, Strategy, Economy, Management, Building, City Builder, Early Access, Colony Sim, Singleplayer, Mining, Indie, Realistic, Transportation, Agriculture, Crafting, 3D, Trains","Single-player, Adjustable Text Size, Camera Comfort, Custom Volume Controls, Adjustable Difficulty, Mouse Only Option, #category_playable_at_your_own_pace, Playable without Timed Input, Save Anytime, Stereo Sound, Steam Cloud, Includes level editor, Family Sharing",90.26,"31 May, 2022",11438,10324,1114,37500,Simulation,,,
539,1135280,Dead by Daylight - Stranger Things Chapter,Action,"Action, Gore, Violent, Horror, Multiplayer, Survival Horror, Survival","Multi-player, PvP, Online PvP, Co-op, Online Co-op, Downloadable Content, Steam Achievements, Full controller support, Steam Trading Cards, Steam Cloud, Family Sharing",90.39,"17 Sep, 2019",4129,3732,397,12500,Action Adventure,,,
540,2706020,ALL WILL FALL,"Indie, Simulation, Strategy","Colony Sim, Base Building, Post-apocalyptic, Simulation, Open World Survival Craft, City Builder, Replay Value, Sandbox, Strategy, Physics, Automation, Resource Management, Management, Building, Singleplayer, 3D, Economy, Survival, Atmospheric, Crafting","Single-player, Steam Achievements, Steam Trading Cards, Steam Workshop, Adjustable Text Size, Custom Volume Controls, Playable without Timed Input, Save Anytime, Stereo Sound, Steam Cloud, Includes level editor, Family Sharing",77.78,"3 Apr, 2026",1368,1064,304,32000,Simulation,,,
541,2513280,SONIC X SHADOW GENERATIONS,Action,"Action, 3D Platformer, Fast-Paced, Great Soundtrack, Platformer, Singleplayer, 3D, 2D Platformer, Adventure, Soundtrack, Replay Value, Family Friendly, Colorful, Cartoony, 2D, Score Attack, Quick-Time Events, Romance, Linear, Psychological Horror","Single-player, Steam Achievements, Full controller support, Steam Trading Cards, DualShock Controller Support, DualShock Controller Support, DualSense Controller Support, DualSense Controller Support, Steam Cloud, Stats, Steam Leaderboards, Family Sharing",96.63,"24 Oct, 2024",15383,14864,519,14940,Action Adventure,,,
543,4318580,Dead by Daylight: Stranger Things Chapter 2,Action,"Horror, Multiplayer, Survival Horror, Online Co-Op, Co-op, Survival, Team-Based, Gore, Violent, Third Person, Stealth, First-Person, Psychological Horror, Action, Atmospheric, Strategy, Comedy, Difficult","Multi-player, PvP, Online PvP, Co-op, Online Co-op, Cross-Platform Multiplayer, Downloadable Content, Steam Achievements, Full controller support, Steam Trading Cards, Steam Input API Support, Stereo Sound, Subtitle Options, Steam Cloud, Remote Play on Phone, Remote Play on Tablet, Remote Play on TV, Family Sharing",68.91,"27 Jan, 2026",862,594,268,12500,Action Adventure,,,
544,1413480,Shin Megami Tensei III Nocturne HD Remaster,RPG,"JRPG, RPG, Creature Collector, Party-Based RPG, Demons, Atmospheric, Dark, Post-apocalyptic, Turn-Based Strategy, Mythology, Anime, Strategy RPG, Dystopian, Choices Matter, Fantasy, Multiple Endings, Turn-Based Combat, Story Rich, Controller, Dialogue Heavy","Single-player, Steam Achievements, Full controller support, Steam Trading Cards, Steam Cloud, Family Sharing",87.12,"20 May, 2021",5225,4552,673,14940,RPG,,,
545,1977570,A Dance of Fire and Ice - Neo Cosmos,Indie,"Indie, Rhythm, Music, 2D, Difficult","Single-player, Downloadable Content, Steam Achievements, Steam Workshop, Partial Controller Support, Steam Cloud, Includes level editor, Remote Play on Phone, Remote Play on Tablet, Family Sharing",79.2,"30 May, 2022",1245,986,259,5500,Other/Unclassified,,,
546,780290,Gloomhaven,"Adventure, RPG, Strategy","Difficult, Online Co-Op, Turn-Based Combat, Dark Fantasy, Tactical RPG, Turn-Based Strategy, Co-op Campaign, Party-Based RPG, Strategy, Card Game, Deckbuilding, Board Game, RPG, 3D, Tactical, Turn-Based Tactics, Turn-Based, Isometric, Class-Based, Adventure","Single-player, Multi-player, Co-op, Online Co-op, Full controller support, Steam Trading Cards, Steam Workshop, Steam Cloud, Includes level editor, Family Sharing",81.97,"20 Oct, 2021",16077,13179,2898,36900,Strategy,,,
547,4104440,Dragon Traveler,"Massively Multiplayer, RPG, Strategy, Free To Play","Card Game, RPG, Funny, Comedy, Story Rich, Anime, PvP, Strategy, Free to Play, Cartoony, Turn-Based Combat, Singleplayer, Multiplayer, Cute, Cartoon, 3D, Hentai, Sexual Content, Romance, Co-op","Single-player, Multi-player, MMO, PvP, Online PvP, Co-op, Online Co-op, In-App Purchases, Family Sharing",65.21,"10 Feb, 2026",526,343,183,0,RPG,,,
548,4796830,WE ARE SO DEAD,"Adventure, Casual, Indie, RPG, Simulation, Strategy, Early Access","Early Access, Psychological Horror, Funny, Online Co-Op, Physics, Survival Horror, Survival, Comedy, Psychological, Horror, Mystery, Investigation, Casual, Multiplayer, Exploration, Party Game, Supernatural, Co-op, Indie, Atmospheric","Multi-player, Co-op, Online Co-op, Steam Achievements, Steam Cloud, Family Sharing",69.92,"17 Aug, 2026",256,179,77,5390,RPG,,,
549,3100310,Arms of God,"Action, Casual, Indie, RPG, Early Access","Early Access, Bullet Heaven, Action Roguelike, Top-Down Shooter, Bullet Hell, Arena Shooter, Action, Roguelite, Survival, Casual, Roguelike, Combat, Action RPG, Top-Down, Gore, Dark Fantasy, Dark, Singleplayer, RPG, 3D","Single-player, Steam Achievements, Full controller support, Camera Comfort, #category_contrast_controls, Custom Volume Controls, Adjustable Difficulty, Keyboard Only Option, Mouse Only Option, #category_playable_at_your_own_pace, Playable without Timed Input, Save Anytime, Stereo Sound, Surround Sound, Steam Cloud, Stats, Family Sharing",88.35,"8 Jun, 2026",1829,1616,213,13000,RPG,,,
550,3003460,Bang Bang Barrage,"Adventure, Casual, Indie","Local Multiplayer, Local Co-Op, Multiplayer, 4 Player Local, Co-op, Casual, Cute, Bullet Hell, Relaxing, Funny, Colorful, Shooter, Online Co-Op, Physics, 2D, Adventure, Cartoony, Singleplayer, Indie, Roguelite","Single-player, Multi-player, Co-op, Online Co-op, Shared/Split Screen Co-op, Shared/Split Screen, Steam Achievements, Full controller support, Steam Trading Cards, Custom Volume Controls, Adjustable Difficulty, Mouse Only Option, Playable without Timed Input, Steam Cloud, Steam Leaderboards, Remote Play Together, Family Sharing",95.88,"7 Aug, 2025",1043,1000,43,6670,Shooting Game,,,
551,4938200,Snowed Under | ?�葬,Indie,"Snow, Psychological Horror, Horror, Incremental, Immersive Sim, Thriller, Crime, Simulation, Lore-Rich, Demons, Multiple Endings, Open World, Adventure, Casual, Exploration, 3D, First-Person, 1990's, Atmospheric, Detective","Single-player, Steam Achievements, Family Sharing",58.65,"13 Aug, 2026",133,78,55,7830,Action Adventure,,,
552,1527950,Wartales,"Adventure, Indie, RPG, Strategy","RPG, Open World, Turn-Based Strategy, Party-Based RPG, Medieval, Turn-Based Combat, Co-op, Adventure, Tactical RPG, Strategy, Multiplayer, Singleplayer, Sandbox, Exploration, Survival, Turn-Based, Story Rich, Online Co-Op, Indie, Violent","Single-player, Multi-player, Co-op, Online Co-op, Steam Achievements, Full controller support, Steam Cloud, Family Sharing",85.89,"12 Apr, 2023",35506,30496,5010,36000,RPG,,,
553,4558480,ARK Tides of Fortune,"Action, Adventure, Indie, Massively Multiplayer, RPG","Survival, Open World, Multiplayer, Dinosaurs, Base Building, Crafting, Building, Adventure, Action, Sandbox, Character Customization, PvE, Singleplayer, PvP, Massively Multiplayer, Inventory Management, RPG, Fantasy, Sci-fi, Moddable","Single-player, Multi-player, MMO, PvP, Online PvP, LAN PvP, Co-op, Online Co-op, LAN Co-op, Shared/Split Screen Co-op, Shared/Split Screen, Cross-Platform Multiplayer, Downloadable Content, Steam Achievements, Full controller support, Includes level editor, Remote Play Together, Family Sharing",21.66,"3 Jul, 2026",517,112,405,31150,RPG,,,
555,4689420,"Hachishakusama | ?�尺様が?�た夏休??""Adventure", Casual," Indie""","Action, Survival Horror, Sexual Content, Casual, Cute, Dating Sim, Dark Comedy, Adventure, Horror, FPS, Action-Adventure, Hidden Object, Exploration, 3D, Immersive Sim, Modern, Indie, Gore, Story Rich, Nature","Single-player, Steam Achievements, Full controller support, Color Alternatives, Keyboard Only Option, Mouse Only Option, #category_playable_at_your_own_pace, Playable without Timed Input, Family Sharing",93.83,"29 Jul, 2026",324,304,20,11390,Action Adventure,,
556,1363080,Manor Lords,"Simulation, Strategy, Early Access","City Builder, Strategy, Medieval, Simulation, Base Building, Grand Strategy, Historical, Management, Sandbox, Building, Resource Management, Economy, Open World, Survival, Singleplayer, Colony Sim, Moddable, Early Access, Diplomacy, 4X","Single-player, Steam Achievements, Adjustable Text Size, Camera Comfort, Custom Volume Controls, Adjustable Difficulty, Mouse Only Option, Save Anytime, Stereo Sound, Steam Cloud, Family Sharing",84.19,"26 Apr, 2024",90273,75997,14276,39900,Simulation,,,
558,3570070,Paddle Paddle Paddle,"Casual, Racing, Sports","Casual, Co-op, Parkour, Racing, Singleplayer, Physics, Sports, Platformer, Action-Adventure, Multiplayer, Precision Platformer, Local Multiplayer, Local Co-Op, 3D, 3D Platformer, Online Co-Op","Single-player, Multi-player, Co-op, Online Co-op, Shared/Split Screen Co-op, Shared/Split Screen, Steam Achievements, Camera Comfort, Color Alternatives, Custom Volume Controls, Keyboard Only Option, Partial Controller Support, Steam Cloud, Stats, Steam Leaderboards, Remote Play Together, Family Sharing",86.35,"25 Jul, 2025",1766,1525,241,5000,Action Adventure,,,
559,3368610,Kingdom Come: Deliverance II Legacy of the Forge,"Action, Adventure, RPG","RPG, Medieval, Open World, Singleplayer, Realistic, First-Person, Story Rich, Adventure, Action, Combat, Historical, Swordplay, Immersive, Choices Matter, Atmospheric, Alternate History, LGBTQ+, Action-Adventure, 3D, Violent","Single-player, Downloadable Content, Steam Achievements, Full controller support, Custom Volume Controls, Playable without Timed Input, DualShock Controller Support, DualSense Controller Support, DualSense Controller Support, Stereo Sound, Surround Sound, Family Sharing",71.12,"9 Sep, 2025",2192,1559,633,9940,Action Adventure,,,
560,3936730,STARDUST: Wish of Witch,"Indie, RPG, Strategy","Turn-Based Tactics, Tactical RPG, JRPG, Turn-Based Strategy, Card Battler, Female Protagonist, Party-Based RPG, Anime, Strategy RPG, 2D, Strategy, RPG, Cute, Story Rich, 2.5D, Isometric, Indie, Pixel Graphics, Turn-Based Combat, Fantasy","Single-player, Steam Achievements, Full controller support, Color Alternatives, Custom Volume Controls, Playable without Timed Input, DualShock Controller Support, DualShock Controller Support, Steam Cloud, Family Sharing",81.51,"28 May, 2026",768,626,142,27000,RPG,,,
561,4121170,Fears to Fathom® - Scratch Creek,"Adventure, Casual, Indie","Horror, Co-op, Multiplayer, Adventure, Psychological Horror, Casual, First-Person, Walking Simulator, Exploration, Indie, Online Co-Op, Realistic, Atmospheric, Crime, Driving, Psychological, Thriller, Nature, Narrative, Episodic","Multi-player, Co-op, Online Co-op, Steam Achievements, Family Sharing",75.56,"10 Jun, 2026",7689,5810,1879,8700,Action Adventure,,,
562,2936290,The Life and Suffering of Prince Jerian,"Indie, RPG","Choices Matter, Life Sim, Replay Value, RPG, Visual Novel, Multiple Endings, Political Sim, Dark Fantasy, Story Rich, Atmospheric, Interactive Fiction, Psychological Horror, Diplomacy, Choose Your Own Adventure, Singleplayer, Medieval, Hand-drawn, Fantasy, Point & Click, 2D","Single-player, Steam Achievements, Camera Comfort, Custom Volume Controls, Playable without Timed Input, Subtitle Options, Steam Cloud, Family Sharing",76.06,"20 Jul, 2026",1550,1179,371,26500,RPG,,,
563,1551360,Forza Horizon 5,"Action, Adventure, Racing, Simulation, Sports","Racing, Open World, Driving, Multiplayer, Automobile Sim, Realistic, Simulation, Adventure, Arcade, Exploration, First-Person, Co-op, Online Co-Op, Sports, VR, Singleplayer, Atmospheric, Beautiful, PvP, Action","Single-player, Multi-player, PvP, Online PvP, Co-op, Online Co-op, Cross-Platform Multiplayer, Steam Achievements, Full controller support, Steam Trading Cards, Steam Cloud, HDR available, Family Sharing",89.18,"8 Nov, 2021",279181,248961,30220,59900,Action Adventure,,,
